step,price,fundamental,log_return,volume,strategy_entropy,n_families,wealth_gini,acf1,mean_fitness
0,100.0657961187444,100.0657961187444,0.0,0.0,6.214608098422218,500,0.0,0.0,20000.0
1,99.50772475169312,99.50772475169312,-0.005592653967512378,0.0,6.214608098422218,500,0.0,0.0,20000.0
2,98.82814969706058,98.82814969706058,-0.0068527967113317075,0.0,6.214608098422218,500,0.0,0.0,20000.0
3,98.16221683307724,98.16221683307724,-0.006761096113429784,0.0,6.214608098422218,500,5.988003592802156e-07,0.0,19999.988
4,98.09728747743378,98.09728747743378,-0.0006616684194778842,0.0,6.214608098422218,500,6.294176789374632e-06,0.0,19999.87357641277
5,96.83349222240062,96.83349222240062,-0.012966787128758137,0.0,6.214608098422218,500,8.624089319032787e-05,0.0,19998.264303795593
6,96.57603571862757,96.57603571862757,-0.0026622954782102395,0.0,6.214608098422218,500,0.00011014761180886438,0.0,19997.78227575824
7,96.67426519054771,96.67426519054771,0.001016603647372177,0.0,6.214608098422218,500,0.0001124652383656916,0.0,19997.73556031814
8,96.1117716559116,96.1117716559116,-0.005835434350114691,0.0,6.214608098422218,500,0.00015483877706117498,0.0,19996.88200668343
9,96.85436698367714,96.85436698367714,0.007696676721321133,0.0,6.214608098422218,500,0.0001435309165656142,0.0,19997.111258092675
10,96.36278921634252,96.36278921634252,-0.005088355895894253,0.0,6.214608098422218,500,0.0001658569312669856,0.0,19996.661968469638
11,95.89815662691235,95.89815662691235,-0.0048333632390179,0.0,6.214608098422218,500,0.00018063653518089642,0.0,19996.36517017331
12,95.86524171917667,95.86524171917667,-0.0003432866578587292,0.0,6.214608098422218,500,0.0001896251212604453,0.0,19996.18325760123
13,96.26493332883422,96.26493332883422,0.004160639380496039,0.0,6.214608098422218,500,0.00019124459079131344,0.0,19996.715295137987
14,96.36506362263253,96.36506362263253,0.001039612774763225,0.0,6.214608098422218,500,0.00019700094849192597,0.0,19996.76667453727
15,96.72972322262602,96.72972322262602,0.0037770054744991357,0.0,6.214608098422218,500,0.00020601609466360028,0.0,19997.19351381476
16,97.14220670544518,97.14220670544518,0.004255222562362904,0.0,6.214608098422218,500,0.00021130085432784188,0.0,19997.988184144106
17,97.42831253284399,97.42831253284399,0.0029408980839110946,0.0,6.214608098422218,500,0.0002111340622571876,0.0,19998.445260092554
18,96.43644974207386,96.43644974207386,-0.010232611988309775,0.0,6.214608098422218,500,0.00022355527963556265,0.0,19996.34706393622
19,96.53924809337482,96.53924809337482,0.001065402143147821,0.0,6.214608098422218,500,0.0002303634564938209,0.0,19996.381523011358
20,96.64141013632273,96.64141013632273,0.0010576840705290554,0.0,6.214608098422218,500,0.0002970105064735211,0.0,19994.298041661463
21,97.27795073040708,97.27795073040708,0.006565026591019101,0.0,6.214608098422218,500,0.0013207455125921676,0.0,20029.69188865863
22,97.34841820513816,97.34841820513816,0.0007241308379302249,0.0,6.214608098422218,500,0.001303727529105922,0.0,20026.61410766331
23,97.88286644062454,97.88286644062454,0.0054750402478789045,0.0,6.214608098422218,500,0.002239117206297061,0.0,20055.468758131476
24,97.77389358934843,97.77389358934843,-0.0011139187066916574,0.0,6.214608098422218,500,0.002295306699764018,0.0,20050.449443115827
25,97.3476089307292,97.3476089307292,-0.004369434750458959,0.0,6.214608098422218,500,0.0012283192960716605,0.0,20007.48508202633
26,96.5807885497929,96.5807885497929,-0.007908324798318213,0.0,6.214608098422218,500,0.0017193746445451966,0.0,19993.206044676524
27,96.3220219032772,96.3220219032772,-0.002682872282892463,0.0,6.214608098422218,500,0.0016489001298518398,0.0,19965.02425104071
28,97.115397657805,97.115397657805,0.008202965125232213,0.0,6.214608098422218,500,0.00117715195642784,0.0,19977.38469215177
29,97.21857200985652,97.21857200985652,0.0010618252889271799,0.0,6.214608098422218,500,0.0011112028143708318,0.0,19980.098574290736
30,97.8937196714491,97.8937196714491,0.006920633758799615,0.0,6.214608098422218,500,0.0012990991834499332,0.0,20002.56502141672
31,99.14690675929272,99.14690675929272,0.012720259858705446,0.0,6.214608098422218,500,0.003152909439135531,0.0,20050.644007016697
32,99.2939870362555,99.2939870362555,0.0014823588130682104,0.0,6.214608098422218,500,0.00332266435339704,0.0,20057.27177835379
33,99.84729066701276,99.84729066701276,0.005556909757111166,0.0,6.214608098422218,500,0.0038682777599667113,0.0,20088.259786640636
34,100.81176697231982,100.81176697231982,0.00961315919790593,0.0,6.214608098422218,500,0.005171156257984886,0.0,20131.773492455042
35,101.16705252639026,101.16705252639026,0.00351805126290226,0.0,6.214608098422218,500,0.005516062574825625,0.0,20140.112698264154
36,101.30185498432633,101.30185498432633,0.001331586953393186,0.0,6.214608098422218,500,0.005646195056501857,0.0,20144.599336318992
37,100.92262673255371,100.92262673255371,-0.0037505715736933314,0.0,6.214608098422218,500,0.00549866301879743,0.0,20118.337261544064
38,101.0805071392561,101.0805071392561,0.0015631484108567485,0.0,6.214608098422218,500,0.005717506266123063,0.0,20124.31849920999
39,101.21692016451455,101.21692016451455,0.00134863846518004,0.0,6.214608098422218,500,0.005802173102014386,0.0,20125.20142721034
40,101.76477981652087,101.76477981652087,0.005398131776754355,0.0,6.214608098422218,500,0.006462981504278436,0.0,20154.901064163165
41,101.83545634649407,101.83545634649407,0.000694267689900925,0.0,6.214608098422218,500,0.006539612444967695,0.0,20152.65613272147
42,101.35404589690478,101.35404589690478,-0.004738545496351271,0.0,6.214608098422218,500,0.00579056875760985,0.0,20115.472133339124
43,101.89567236434252,101.89567236434252,0.005329677739940727,0.0,6.214608098422218,500,0.0060079983839688355,0.0,20143.45704510532
44,101.8349691089831,101.8349691089831,-0.0005959168116963129,0.0,6.214608098422218,500,0.005912157220746067,0.0,20134.917920873064
45,102.057903807561,102.057903807561,0.0021867835224337103,0.0,6.214608098422218,500,0.006039944326394323,0.0,20146.784745230223
46,102.4418888271344,102.4418888271344,0.003755362936036251,0.0,6.214608098422218,500,0.0064093715192211995,0.0,20158.536205837056
47,102.7933190335811,102.7933190335811,0.0034246614270835945,0.0,6.214608098422218,500,0.006847337296740057,0.0,20175.271752547957
48,102.86560523682132,102.86560523682132,0.0007029717428842407,0.0,6.214608098422218,500,0.006900497336333649,0.0,20173.72451474842
49,102.73000786531517,102.73000786531517,-0.0013190689151500123,0.0,6.214608098422218,500,0.006857920980340849,0.0,20169.575972330433
50,103.09164040323226,103.09164040323226,0.003514041531527789,0.0,6.214608098422218,500,0.007005293282759031,0.0,20187.234062016258
51,103.03066059568457,103.03066059568457,-0.0005916857034024798,0.0,6.214608098422218,500,0.006889799577498978,0.0,20181.850175540665
52,103.15283900052252,103.15283900052252,0.0011851425490189858,0.0,6.214608098422218,500,0.00696837961873291,0.0,20182.220141833204
53,102.53385445122957,102.53385445122957,-0.006018730793616741,0.0,6.214608098422218,500,0.0071383689366572465,0.0,20132.706344293245
54,103.1207037212959,103.1207037212959,0.005707151527923574,0.0,6.214608098422218,500,0.007561219952107237,0.0,20155.457202239213
55,102.51366156739685,102.51366156739685,-0.005904109621248226,0.0,6.214608098422218,500,0.007002984184315135,0.0,20107.268292799134
56,103.00101859013972,103.00101859013972,0.004742804124040635,0.0,6.214608098422218,500,0.007331460047470029,0.0,20123.84342204407
57,103.30440508454974,103.30440508454974,0.002941141417468452,0.0,6.214608098422218,500,0.00765307619568361,0.0,20136.711428990442
58,103.06312263769772,103.06312263769772,-0.002338377160977409,0.0,6.214608098422218,500,0.00783697651540196,0.0,20112.982783290205
59,102.63643682147443,102.63643682147443,-0.00414863725839652,0.0,6.214608098422218,500,0.007682575029477981,0.0,20100.32801616612
60,102.62961831408921,102.62961831408921,-6.643580092401889e-05,0.0,6.214608098422218,500,0.0076403127922614455,0.14665646098038052,20093.642074922085
61,102.6163543704764,102.6163543704764,-0.00012924924623650865,0.0,6.214608098422218,500,0.007603199176383863,0.11946336095107976,20080.498315659162
62,102.27299521989976,102.27299521989976,-0.003351657591702396,0.0,6.214608098422218,500,0.00792302890569607,0.08592254882761668,20043.025350893764
63,103.28915370510234,103.28915370510234,0.009886710833790523,0.0,6.214608098422218,500,0.008564580904952775,0.050786515709853285,20062.466957961828
64,103.00303907267721,103.00303907267721,-0.002773879244088986,0.0,6.214608098422218,500,0.008711639582367077,0.01374427761403174,20045.147247254823
65,103.77979817364634,103.77979817364634,0.007512835831460123,0.0,6.214608098422218,500,0.00910813571030263,-0.044807741768587955,20079.648091365892
66,102.47980550746394,102.47980550746394,-0.012605569457581026,0.0,6.214608098422218,500,0.009198646987269474,-0.09903599239164848,19979.68173527957
67,101.77082679269404,101.77082679269404,-0.006942270427525509,0.0,6.214608098422218,500,0.009879969214290749,-0.02387525446506988,19920.17673373647
68,101.56024233763509,101.56024233763509,-0.0020713463146771445,0.0,6.214608098422218,500,0.009907064264388102,0.021470760927302754,19909.063680878015
69,101.47157316006222,101.47157316006222,-0.0008734511189073989,0.0,6.214608098422218,500,0.009894493246755974,0.0538101760756283,19900.102621371774
70,101.50440235621843,101.50440235621843,0.00032347864183409784,0.0,6.214608098422218,500,0.009986883230632885,0.03167413068566223,19894.047288346246
71,101.30626292135003,101.30626292135003,-0.0019539356831787527,0.0,6.214608098422218,500,0.009869350536151978,0.028138832769547952,19876.475662686822
72,100.91598473793053,100.91598473793053,-0.0038598984285235496,0.0,6.214608098422218,500,0.01046013195687826,0.040228642305007806,19844.478077824442
73,100.69975025841816,100.69975025841816,-0.0021450167312182084,0.0,6.214608098422218,500,0.010510105348657636,0.049646054082570765,19831.42445563054
74,100.64059982590841,100.64059982590841,-0.0005875666172896985,0.0,6.214608098422218,500,0.010503263427131981,0.051650332551806774,19824.160912748277
75,101.66242401041661,101.66242401041661,0.010102002974733976,0.0,6.214608098422218,500,0.010013587629627046,0.033899677210824784,19893.022597958414
76,102.41878926728697,102.41878926728697,0.00741242868826522,0.0,6.214608098422218,500,0.010190946925127885,0.0687904679394053,19923.135645256843
77,102.16738541778847,102.16738541778847,-0.0024576829439205096,0.0,6.214608098422218,500,0.010468691314967749,0.06973661230196955,19905.694536278686
78,102.40420769884123,102.40420769884123,0.0023153008023997566,0.0,6.214608098422218,500,0.010446036307576886,0.07277795156519379,19912.296880612943
79,102.34526318498379,102.34526318498379,-0.0005757720909500751,0.0,6.214608098422218,500,0.010447394354531675,0.07117356725314394,19900.83790476708
80,102.19400835436896,102.19400835436896,-0.0014789810978355924,0.0,6.214608098422218,500,0.010791524606512974,0.073060336568532,19887.17139436635
81,102.1895220153516,102.1895220153516,-4.390117941461674e-05,0.0,6.214608098422218,500,0.010884997672998371,0.07683076700668584,19880.752454358404
82,102.81695768052573,102.81695768052573,0.006121149196761338,0.0,6.214608098422218,500,0.011302546892823775,0.07267779484882621,19921.51498721085
83,102.7560254535874,102.7560254535874,-0.0005928038577225128,0.0,6.214608098422218,500,0.01140646502752192,0.07450106028003847,19916.637500646735
84,103.18423041120897,103.18423041120897,0.004158541737447407,0.0,6.214608098422218,500,0.0111501054398695,0.0631781647595917,19935.439785243845
85,102.91892057105194,102.91892057105194,-0.002574535958691058,0.0,6.214608098422218,500,0.01097178174236228,0.021813868864215626,19906.80369650919
86,103.18670249464813,103.18670249464813,0.0025984936295167667,0.0,6.214608098422218,500,0.010744784915359585,-0.0075413400504744516,19921.86020923796
87,103.03700048881004,103.03700048881004,-0.0014518411799229166,0.0,6.214608098422218,500,0.01078547036422511,0.010253261425154453,19914.413697870794
88,103.31134424986166,103.31134424986166,0.0026590368150919176,0.0,6.214608098422218,500,0.010689813163006068,0.007302453239618339,19933.76800773242
89,103.30443959923397,103.30443959923397,-6.683565506592387e-05,0.0,6.214608098422218,500,0.010781768963302954,0.005628993569377995,19925.239629970176
90,103.58100810327417,103.58100810327417,0.002673640624435497,0.0,6.214608098422218,500,0.011010346488281407,-0.0535828819779205,19935.136202587673
91,104.20856108859418,104.20856108859418,0.006040292549708728,0.0,6.214608098422218,500,0.01062240991706585,-0.05812027251586998,19976.050999399802
92,103.72525123123445,103.72525123123445,-0.004648697798050072,0.0,6.214608098422218,500,0.010576792761909606,-0.0850660719911266,19949.274334649792
93,103.92868701486783,103.92868701486783,0.0019593738547567983,0.0,6.214608098422218,500,0.01074495685311991,-0.13211539303430653,19959.932592758327
94,103.5927442222005,103.5927442222005,-0.003237671252796702,0.0,6.214608098422218,500,0.010967322654200598,-0.17243206045821005,19929.119421634005
95,103.07476103684574,103.07476103684574,-0.005012730659702811,0.0,6.214608098422218,500,0.010874915448320532,-0.15338177286379306,19897.801467149002
96,103.24209062998493,103.24209062998493,0.0016220645911921234,0.0,6.214608098422218,500,0.010902482744724924,-0.15596545071055434,19900.23774113516
97,103.4591385435182,103.4591385435182,0.002100113232754719,0.0,6.214608098422218,500,0.011056204979029175,-0.1512507354479729,19903.57831359551
98,103.27502779084311,103.27502779084311,-0.0017811356933689572,0.0,6.214608098422218,500,0.011484803419847032,-0.15542842463749057,19880.740598002238
99,103.12227030923087,103.12227030923087,-0.0014802278024985582,0.0,6.214608098422218,500,0.011450490676136071,-0.15637287852729548,19876.686909394535
100,102.93856094656229,102.93856094656229,-0.0017830599849695571,0.0,6.214608098422218,500,0.011783598572250245,-0.1586652354228246,19860.12215247653
101,103.19493490075234,103.19493490075234,0.002487456833037106,0.0,6.214608098422218,500,0.011878227443794385,-0.16001388578548972,19865.400888864544
102,103.13197238609492,103.13197238609492,-0.0006103180379115237,0.0,6.214608098422218,500,0.011836087802961779,-0.1406709974034744,19858.136981168573
103,103.7397374675717,103.7397374675717,0.0058757848570861575,0.0,6.214608098422218,500,0.012362041881592319,-0.14038706964903278,19888.497389842407
104,103.28032466283017,103.28032466283017,-0.0044383481888224585,0.0,6.214608098422218,500,0.012993343271162415,-0.1613461947926504,19852.72537127447
105,103.14682563686611,103.14682563686611,-0.0012934252532348966,0.0,6.214608098422218,500,0.013112476716763355,-0.1616550304553196,19840.305046774483
106,102.63808731427173,102.63808731427173,-0.004944379563308557,0.0,6.214608098422218,500,0.012699445990786692,-0.1646419972428462,19790.508303409522
107,102.8223433993481,102.8223433993481,0.0017935924093216166,0.0,6.214608098422218,500,0.012593308884683716,-0.17668414447393976,19800.66881749335
108,102.04427062673261,102.04427062673261,-0.007595932772423579,0.0,6.214608098422218,500,0.01291958828814003,-0.1791312560974355,19760.298890786864
109,102.48563242794538,102.48563242794538,0.004315872444230327,0.0,6.214608098422218,500,0.012969668026949358,-0.20194510223373172,19795.15019553017
110,102.53062724474859,102.53062724474859,0.00043893901486127113,0.0,6.214608098422218,500,0.013049597170407257,-0.20071792732272212,19788.29332841194
111,102.4403707274501,102.4403707274501,-0.0008806760373409723,0.0,6.214608098422218,500,0.01301457875896686,-0.20045395442790634,19778.762157786052
112,103.18865865040648,103.18865865040648,0.007278069913609859,0.0,6.214608098422218,500,0.012150058783940043,-0.19027588332374318,19826.827097493595
113,102.37861581011309,102.37861581011309,-0.007881089391953242,0.0,6.214608098422218,500,0.011966157824248118,-0.2055765999815506,19806.950274968283
114,101.95929706632309,101.95929706632309,-0.0041041755441255,0.0,6.214608098422218,500,0.012241750602954748,-0.15223824512959724,19786.896328108505
115,102.41753935459278,102.41753935459278,0.004484295423984099,0.0,6.214608098422218,500,0.012562988153370602,-0.14546188942500954,19812.757282694274
116,103.16717778391148,103.16717778391148,0.007292777033085869,0.0,6.214608098422218,500,0.011688132959351212,-0.12548980560462772,19867.785288920677
117,103.94898066047077,103.94898066047077,0.00754945046889377,0.0,6.214608098422218,500,0.011763085196606609,-0.07052920653111493,19902.47955966874
118,104.15315959669128,104.15315959669128,0.001962296029112614,0.0,6.214608098422218,500,0.011958275579549503,-0.06827050471147535,19913.714390177953
119,105.3500546266838,105.3500546266838,0.011426154546798524,0.0,6.214608098422218,500,0.011985276540293948,-0.04956041657880894,20005.220156349147
120,104.96629679511486,104.96629679511486,-0.003649343047959108,0.0,6.214608098422218,500,0.011813212263026479,-0.08246016627352787,19971.73572321613
121,104.84766763683481,104.84766763683481,-0.0011308033880614485,0.0,6.214608098422218,500,0.011744478381060774,-0.07918620461826635,19957.07142839633
122,104.9525718088293,104.9525718088293,0.0010000387131526994,0.0,6.214608098422218,500,0.011831431509443742,-0.05392311454168702,19956.257771781944
123,105.43858062367347,105.43858062367347,0.004620058150833368,0.0,6.214608098422218,500,0.011627901573331578,-0.03156706102492751,19985.121955726783
124,104.69937801191757,104.69937801191757,-0.007035432014260209,0.0,6.214608098422218,500,0.011499150997747476,-0.037762486324009595,19964.69147707797
125,104.94967101090603,104.94967101090603,0.0023877343500563544,0.0,6.214608098422218,500,0.011550857977749646,0.02295130148880699,19966.63387956336
126,104.69152413880292,104.69152413880292,-0.0024627507240980906,0.0,6.214608098422218,500,0.011734209315332887,-0.0649990769028137,19937.167171512243
127,104.28504760988066,104.28504760988066,-0.0038901685307161362,0.0,6.214608098422218,500,0.012006166782805444,-0.07302035599976163,19897.374836161278
128,104.41750410873276,104.41750410873276,0.0012693329865486702,0.0,6.214608098422218,500,0.012126052509837433,-0.08009777846565032,19900.358169037587
129,104.25010430856295,104.25010430856295,-0.0016044640311067308,0.0,6.214608098422218,500,0.01218752783250331,-0.08163921341946367,19888.5065438383
130,103.81064311066758,103.81064311066758,-0.004224360979857205,0.0,6.214608098422218,500,0.012228104595937839,-0.07126497024618676,19841.704394921984
131,104.19662189087434,104.19662189087434,0.003711209060061171,0.0,6.214608098422218,500,0.012146553195806896,-0.09465410429289518,19871.242835821926
132,105.2152562815412,105.2152562815412,0.009728602156265857,0.0,6.214608098422218,500,0.012456991925534894,-0.0745818674852635,19939.93869727491
133,104.92901868387459,104.92901868387459,-0.0027242024531428186,0.0,6.214608098422218,500,0.012864678166287799,-0.10418078900795727,19911.575875955517
134,105.54027565369013,105.54027565369013,0.0058085307915332245,0.0,6.214608098422218,500,0.012922233362893045,-0.10598402721899304,19951.376535337804
135,106.18936310039682,106.18936310039682,0.0061313048465788215,0.0,6.214608098422218,500,0.013234486125907908,-0.14351508347157602,19983.638639640238
136,105.75059673702789,105.75059673702789,-0.004140483847801088,0.0,6.214608098422218,500,0.013975595114202984,-0.15176708355604637,19942.52475336632
137,105.94502844327471,105.94502844327471,0.0018368991872377873,0.0,6.214608098422218,500,0.014094829283840146,-0.1536010036575955,19952.309350893633
138,106.05684103364311,106.05684103364311,0.0010548265542349117,0.0,6.214608098422218,500,0.014161823833403775,-0.15163477761233554,19950.760358468964
139,105.68105871337232,105.68105871337232,-0.003549508286047017,0.0,6.214608098422218,500,0.014855658987137437,-0.15328072086682784,19919.269317914765
140,105.16760223184563,105.16760223184563,-0.0048703889717513354,0.0,6.214608098422218,500,0.015092550180466185,-0.13123925740757772,19882.12635624127
141,105.00139795554284,105.00139795554284,-0.0015816253662700114,0.0,6.214608098422218,500,0.015409311444292752,-0.11857464692172645,19869.235922333217
142,103.84020276672857,103.84020276672857,-0.011120458293122217,0.0,6.214608098422218,500,0.016759223404166895,-0.08641925309545283,19809.676099806504
143,104.87984622433335,104.87984622433335,0.009962167610461835,0.0,6.214608098422218,500,0.016445477710812145,-0.16118025115738832,19840.945039284765
144,104.74099774139181,104.74099774139181,-0.0013247585556965048,0.0,6.214608098422218,500,0.016410017699181545,-0.16649723541740358,19829.969392531682
145,105.4982462648478,105.4982462648478,0.007203715003094214,0.0,6.214608098422218,500,0.01702957824707843,-0.1649856374774049,19852.32036663521
146,105.89001256525967,105.89001256525967,0.003706608409737945,0.0,6.214608098422218,500,0.01669182685996957,-0.14473682877721772,19870.018210243703
147,105.73193756262744,105.73193756262744,-0.001493937958105845,0.0,6.214608098422218,500,0.016656548201430404,-0.14627641209513115,19859.893220118644
148,105.94710226796097,105.94710226796097,0.002032934197064037,0.0,6.214608098422218,500,0.01677129550254642,-0.14800972858335432,19863.738124072755
149,105.4970560164103,105.4970560164103,-0.0042568868755954595,0.0,6.214608098422218,500,0.017549911288585386,-0.15049478778905162,19824.89831710183
150,106.24548427126429,106.24548427126429,0.007069258455952464,0.0,6.214608098422218,500,0.017956187854009025,-0.17712647790747474,19872.921605525175
151,107.16695551576586,107.16695551576586,0.008635644406898436,0.0,6.214608098422218,500,0.01845051603607502,-0.11544994621299147,19902.13266571709
152,107.73979518341429,107.73979518341429,0.0053310658922715096,0.0,6.214608098422218,500,0.018827552882208373,-0.08345066034713698,19917.961947198382
153,107.69820037808127,107.69820037808127,-0.00038614178284987065,0.0,6.214608098422218,500,0.019121873331086277,-0.08318993630270172,19905.226872984418
154,108.28368260528048,108.28368260528048,0.005421599749362491,0.0,6.214608098422218,500,0.019698030758942178,-0.10176773568074608,19940.508500863143
155,106.62034236443827,106.62034236443827,-0.015480151729768675,0.0,6.214608098422218,500,0.018725981225671057,-0.1296402687857981,19895.203703700663
156,106.82064490125924,106.82064490125924,0.0018768897032166631,0.0,6.214608098422218,500,0.018858462778283187,-0.14308764145661246,19896.62453254119
157,106.78759910923405,106.78759910923405,-0.0003094055891137893,0.0,6.214608098422218,500,0.01913393507260367,-0.14175241772830377,19883.928155812097
158,107.03109010306295,107.03109010306295,0.002277547392881308,0.0,6.214608098422218,500,0.01933172466728227,-0.14578268931242633,19896.370817327766
159,107.74577973188183,107.74577973188183,0.006655207027390985,0.0,6.214608098422218,500,0.0198276840883767,-0.1403974751796977,19920.20883247393
160,107.74387001882671,107.74387001882671,-1.7724406321760538e-05,0.0,6.214608098422218,500,0.0198352891340946,-0.1409019492849084,19914.009584056323
161,106.80278360052701,106.80278360052701,-0.008772846727176011,0.0,6.214608098422218,500,0.021545618609433034,-0.12872683598178994,19842.90698778245
162,106.62021272202051,106.62021272202051,-0.0017108833273477581,0.0,6.214608098422218,500,0.021388497085279626,-0.11308562092943789,19827.4154900401
163,107.288410098736,107.288410098736,0.006247523277003231,0.0,6.214608098422218,500,0.022104870943793403,-0.10521463191467997,19852.003050312996
164,106.72959606814015,106.72959606814015,-0.005222133506804259,0.0,6.214608098422218,500,0.022935758099007785,-0.12803381086494323,19807.549927632328
165,106.31264888782175,106.31264888782175,-0.003914225676202509,0.0,6.214608098422218,500,0.023425305709965327,-0.11812043450574762,19769.64634390614
166,106.96206536549413,106.96206536549413,0.006089971678652813,0.0,6.214608098422218,500,0.02320327622450385,-0.12828957873172647,19792.68411849074
167,106.65124535535661,106.65124535535661,-0.0029101204269029166,0.0,6.214608098422218,500,0.023314692823142837,-0.13280063973466125,19776.242373464036
168,105.78471056481874,105.78471056481874,-0.008158125518804338,0.0,6.214608098422218,500,0.024685048674268722,-0.09881388559765003,19715.24734524055
169,106.51187224502587,106.51187224502587,0.006850459054171398,0.0,6.214608098422218,500,0.025009899763747876,-0.12641223197560617,19758.506916582286
170,107.0508142094907,107.0508142094907,0.0050471654715550296,0.0,6.214608098422218,500,0.025308490333608036,-0.11087109441736899,19783.02343829093
171,106.49824426304473,106.49824426304473,-0.005175121666529687,0.0,6.214608098422218,500,0.026180318476947018,-0.11704865441881239,19745.566671286473
172,107.16284376614666,107.16284376614666,0.006221082675070011,0.0,6.214608098422218,500,0.026901822803206188,-0.10517200481263818,19786.27957283187
173,106.80317582493988,106.80317582493988,-0.0033619196230918543,0.0,6.214608098422218,500,0.0264315910937807,-0.14283904839210193,19765.721064242734
174,106.22551427386486,106.22551427386486,-0.005423334919647689,0.0,6.214608098422218,500,0.027484365143846674,-0.11857441269423695,19719.386017017525
175,105.86243584566236,105.86243584566236,-0.0034238511210826638,0.0,6.214608098422218,500,0.027555989186079297,-0.11925627102694135,19690.18981298821
176,106.41714361370977,106.41714361370977,0.005226211885609461,0.0,6.214608098422218,500,0.02709882406506143,-0.15679426078487402,19721.99430130044
177,106.81762216936833,106.81762216936833,0.0037562263832382346,0.0,6.214608098422218,500,0.02708255479957708,-0.1576810385760305,19735.9934012523
178,106.56368102997702,106.56368102997702,-0.002380164104999218,0.0,6.214608098422218,500,0.02722119291157096,-0.17205756542333614,19720.16135181786
179,106.24437359397461,106.24437359397461,-0.0030008984029353323,0.0,6.214608098422218,500,0.027734502071940427,-0.15285029303218806,19696.839751944935
180,106.78340827762918,106.78340827762918,0.005060709259074733,0.0,6.214608098422218,500,0.02834184811632684,-0.16444861624352658,19728.94663880626
181,107.22486139651818,107.22486139651818,0.0041255765088208645,0.0,6.214608098422218,500,0.028526267145025166,-0.1520162313632951,19733.031568545674
182,107.97849804204951,107.97849804204951,0.007003977338853937,0.0,6.214608098422218,500,0.029397259403754913,-0.13536979150702064,19771.53339813813
183,107.66128391102775,107.66128391102775,-0.0029420764291345327,0.0,6.214608098422218,500,0.029243942855934957,-0.1305901993625712,19765.588479733186
184,107.51236700000851,107.51236700000851,-0.0013841558589019142,0.0,6.214608098422218,500,0.029213729232082698,-0.12266477410713296,19755.391251744953
185,107.34390393496389,107.34390393496389,-0.0015681469182501125,0.0,6.214608098422218,500,0.029421589555157595,-0.11713767223683794,19744.23825528414
186,107.84883845846426,107.84883845846426,0.004692866911449534,0.0,6.214608098422218,500,0.02933985093905058,-0.12898685581855932,19758.626588254385
187,108.08292591583643,108.08292591583643,0.0021681622410006643,0.0,6.214608098422218,500,0.029308010292535356,-0.12434500536730253,19763.0000734147
188,106.93067303625492,106.93067303625492,-0.010718056120755003,0.0,6.214608098422218,500,0.02787065916955457,-0.12460707270124133,19671.92155977088
189,106.61527751822463,106.61527751822463,-0.0029538911559088203,0.0,6.214608098422218,500,0.027738353515400865,-0.10867271864972802,19664.826815455715
190,106.25315306473325,106.25315306473325,-0.003402334501413536,0.0,6.214608098422218,500,0.02777155704656846,-0.09371896236541792,19645.328220522628
191,106.82306602218166,106.82306602218166,0.0053493939299576075,0.0,6.214608098422218,500,0.027160263274456368,-0.12009533160710446,19678.057173518693
192,107.45796067521884,107.45796067521884,0.005925830398580236,0.0,6.214608098422218,500,0.02783843671808837,-0.09231328312029509,19720.211983936864
193,106.68254691368662,106.68254691368662,-0.0072421342357681185,0.0,6.214608098422218,500,0.02684712254965184,-0.10402251332580584,19675.08499136686
194,106.03707599269313,106.03707599269313,-0.00606876688880275,0.0,6.214608098422218,500,0.028090521040754792,-0.09648276962710724,19620.073498077425
195,106.16278350615075,106.16278350615075,0.0011848031234304426,0.0,6.214608098422218,500,0.028214208762154726,-0.08804312420456124,19628.350362729983
196,105.89670291916852,105.89670291916852,-0.0025094913800409865,0.0,6.214608098422218,500,0.027918635097472087,-0.08601258988653056,19600.246333903742
197,105.83726691594444,105.83726691594444,-0.0005614215312878315,0.0,6.214608098422218,500,0.028256041657275622,-0.0864450374133209,19586.97519647255
198,106.43600997237277,106.43600997237277,0.0056412625561084425,0.0,6.214608098422218,500,0.028852001819328944,-0.0847032069441806,19626.081236879523
199,105.83394833019896,105.83394833019896,-0.005672618597995259,0.0,6.214608098422218,500,0.028129542943337985,-0.11086034864538503,19589.441719741728
200,106.7644415168732,106.7644415168732,0.00875358584741167,0.0,5.924791270747873,400,0.05343842275491632,-0.13945124373300738,19285.52632331606
201,106.82527110482226,106.82527110482226,0.0005695928782993464,0.0,5.924791270747873,400,0.053468951672331,-0.14963099467834115,19290.20268120379
202,107.1742238633475,107.1742238633475,0.003261251320790127,0.0,5.924791270747873,400,0.053610191269784474,-0.09698751385143775,19307.06407649444
203,106.19674104647538,106.19674104647538,-0.009162349295951699,0.0,5.924791270747873,400,0.05433062319940989,-0.10366207384114569,19275.427583004635
204,105.79386119337758,105.79386119337758,-0.00380092639839772,0.0,5.924791270747873,400,0.054431531719730086,-0.07557488373178957,19243.5369995139
205,106.21825098296141,106.21825098296141,0.004003453878723298,0.0,5.924791270747873,400,0.054504309377258704,-0.10068093348584968,19262.130236183755
206,105.60505647473198,105.60505647473198,-0.005789695463393842,0.0,5.924791270747873,400,0.05471447845315431,-0.10953715549984884,19248.01561318758
207,104.99792490042988,104.99792490042988,-0.005765666300053172,0.0,5.924791270747873,400,0.05548942862575453,-0.087509203646284,19210.168346628077
208,104.96715686588105,104.96715686588105,-0.0002930776347211953,0.0,5.924791270747873,400,0.055547691588305755,-0.08211284005446734,19208.29763783459
209,104.84744798219387,104.84744798219387,-0.0011410921252424768,0.0,5.924791270747873,400,0.0556529091667031,-0.065822046949043,19204.04836404798
210,104.23908630936218,104.23908630936218,-0.0058192498304289455,0.0,5.924791270747873,400,0.05612771273971338,-0.10134043023513405,19183.387311911738
211,103.21778686321362,103.21778686321362,-0.009845975996746388,0.0,5.924791270747873,400,0.05635142397984178,-0.10263344922589303,19085.194662044643
212,103.1592274858467,103.1592274858467,-0.0005674990417245751,0.0,5.924791270747873,400,0.05637587609670357,-0.10632208565767869,19083.51255560023
213,102.52925012328829,102.52925012328829,-0.006125567554823047,0.0,5.924791270747873,400,0.05681075672207759,-0.10662258245015996,19061.74551831358
214,102.36904653429004,102.36904653429004,-0.001563737954456058,0.0,5.924791270747873,400,0.0569296386047297,-0.05214625825114809,19056.179161455195
215,102.48320224302577,102.48320224302577,0.0011145176216870412,0.0,5.924791270747873,400,0.05695820849835345,-0.03509591557011941,19056.857114948245
216,102.87209886217964,102.87209886217964,0.0037875533962105877,0.0,5.924791270747873,400,0.05675292297695576,-0.030038226306275083,19067.094562156948
217,102.16850465358768,102.16850465358768,-0.006863001358549432,0.0,5.924791270747873,400,0.05761512058421495,-0.04809736545737761,19017.35892808237
218,101.98568436240632,101.98568436240632,-0.001791002584191611,0.0,5.924791270747873,400,0.05781128699904581,-0.05920692502041265,19007.190531165095
219,102.2554675152703,102.2554675152703,0.002641811479115593,0.0,5.924791270747873,400,0.05773951343654942,-0.0676070679698022,19010.99300368294
220,101.93636384881138,101.93636384881138,-0.003125530772730505,0.0,5.924791270747873,400,0.05788892284119225,-0.06796149286024354,18978.165749578267
221,100.76608503253776,100.76608503253776,-0.011546893740551433,0.0,5.924791270747873,400,0.05800008811278239,-0.0542309314359331,18946.83741029547
222,100.67043970036595,100.67043970036595,-0.0009496325404382569,0.0,5.924791270747873,400,0.058093900473335514,-0.05085063390346672,18942.31264001603
223,100.85907346317944,100.85907346317944,0.001872021769325566,0.0,5.924791270747873,400,0.05806778160460678,-0.031879952729096946,18946.95189809653
224,100.8676541060725,100.8676541060725,8.507194858724471e-05,0.0,5.924791270747873,400,0.05813104293789003,-0.038681444273045706,18944.317311381485
225,100.6712293902834,100.6712293902834,-0.0019492494408585408,0.0,5.924791270747873,400,0.05836865737304918,-0.02524762969229608,18933.616539392642
226,100.83085081169509,100.83085081169509,0.0015843157017526616,0.0,5.924791270747873,400,0.05836350824097141,-0.018259539227762214,18936.61507352887
227,100.56306757943989,100.56306757943989,-0.0026592996670922312,0.0,5.924791270747873,400,0.05831137715712576,-0.031041788761915164,18929.125589668354
228,100.68894224989486,100.68894224989486,0.0012509160725965476,0.0,5.924791270747873,400,0.058357338791937934,0.006110348233993998,18930.744407245904
229,100.22639994690601,100.22639994690601,-0.004604358383921127,0.0,5.924791270747873,400,0.058243062967634415,-0.03549423978033457,18920.744308567006
230,99.3735875934443,99.3735875934443,-0.008545266494652608,0.0,5.924791270747873,400,0.05843741818954258,0.0034760792460864875,18891.17852056727
231,100.69544662947757,100.69544662947757,0.013214221539925276,0.0,5.924791270747873,400,0.05747022431563921,-0.046065032240748385,18939.379719501492
232,100.07248875997921,100.07248875997921,-0.0062057705334938465,0.0,5.924791270747873,400,0.05738344358257501,-0.08552889570739061,18859.55883267831
233,99.88791187417445,99.88791187417445,-0.0018461349111376047,0.0,5.924791270747873,400,0.057355755365338816,-0.08984912117214512,18856.55970491361
234,99.3147705447976,99.3147705447976,-0.005754369408491665,0.0,5.924791270747873,400,0.057722228335211886,-0.0940046982271254,18813.844735748975
235,99.70677283191463,99.70677283191463,0.00393930011186776,0.0,5.924791270747873,400,0.05789255090094638,-0.09828641693013808,18823.6730578667
236,100.28533703282746,100.28533703282746,0.0057858864064957265,0.0,5.924791270747873,400,0.05771051180816504,-0.09520349301423221,18839.939092351044
237,99.40918795011758,99.40918795011758,-0.008774949685929206,0.0,5.924791270747873,400,0.05865189037164941,-0.12297842473029719,18760.543032372483
238,98.73234074658481,98.73234074658481,-0.006831983589636923,0.0,5.924791270747873,400,0.05882348565830898,-0.09513038089419266,18712.522316361297
239,100.05000319077135,100.05000319077135,0.013257533014576084,0.0,5.924791270747873,400,0.058678843453520396,-0.12250244827897606,18747.423475790216
240,99.81901880152185,99.81901880152185,-0.002311358606560163,0.0,5.924791270747873,400,0.059059837096251386,-0.15398586347253818,18728.019387364016
241,99.64101088808556,99.64101088808556,-0.0017848985681228166,0.0,5.924791270747873,400,0.05912610174740825,-0.18132313900117739,18713.98295220113
242,100.54566959373601,100.54566959373601,0.00903821235133828,0.0,5.924791270747873,400,0.0592639809012995,-0.17264265684449898,18733.002571908186
243,100.69831892825269,100.69831892825269,0.001517057626557709,0.0,5.924791270747873,400,0.059134027761790046,-0.15697866468669042,18744.10113036003
244,100.98440058242878,100.98440058242878,0.0028369495090338572,0.0,5.924791270747873,400,0.059042367126289165,-0.14994642873692612,18755.607543817307
245,101.33249122704484,101.33249122704484,0.0034410472103991946,0.0,5.924791270747873,400,0.05911874797961411,-0.13684363177473044,18762.86298439526
246,101.44255885556788,101.44255885556788,0.0010856132378048733,0.0,5.924791270747873,400,0.05901734447571657,-0.14415132771831884,18771.321307804854
247,101.22510630380926,101.22510630380926,-0.002145903590819537,0.0,5.924791270747873,400,0.0593870020242104,-0.1285584853957058,18744.831459032346
248,101.30421299918636,101.30421299918636,0.0007811876292507159,0.0,5.924791270747873,400,0.059449982766800864,-0.14866826115758686,18744.19442400505
249,101.38233462537835,101.38233462537835,0.0007708615196820096,0.0,5.924791270747873,400,0.05941677662607577,-0.15036534108471292,18749.401743073675
250,101.11201754994225,101.11201754994225,-0.002669874325932142,0.0,5.924791270747873,400,0.05977574238774007,-0.14293733040358178,18718.88650419636
251,101.00732048827273,101.00732048827273,-0.0010359926175282277,0.0,5.924791270747873,400,0.05981440491929914,-0.17234413884250377,18714.67443422465
252,101.92444380427823,101.92444380427823,0.009038797482146626,0.0,5.924791270747873,400,0.058957955170476535,-0.14205652582564018,18761.2055501462
253,101.7452645360901,101.7452645360901,-0.00175950872493032,0.0,5.924791270747873,400,0.059000158065043676,-0.17139320422373905,18753.569243165155
254,101.17427004085405,101.17427004085405,-0.0056278071352828035,0.0,5.924791270747873,400,0.05891274985257946,-0.16270160747078433,18743.292956653306
255,100.4698588858425,100.4698588858425,-0.006986704985546222,0.0,5.924791270747873,400,0.05980016156219038,-0.1395943673247825,18705.046425499597
256,100.4164118907678,100.4164118907678,-0.0005321119868387578,0.0,5.924791270747873,400,0.05982925384903919,-0.1408807872877041,18702.108151673958
257,100.80211827784524,100.80211827784524,0.0038337111314646136,0.0,5.924791270747873,400,0.05989413276919926,-0.1390430137943231,18709.682895515725
258,100.81931634013847,100.81931634013847,0.00017059755940658733,0.0,5.924791270747873,400,0.06003325625226928,-0.12093817942249288,18706.515842394223
259,100.25092553825911,100.25092553825911,-0.005653669191135348,0.0,5.924791270747873,400,0.060220602441587924,-0.09627683075112005,18682.722796523096
260,99.87573044715873,99.87573044715873,-0.003749580772598926,0.0,5.924791270747873,400,0.060209165219240315,-0.1036007950937779,18675.730511864913
261,100.20861564394883,100.20861564394883,0.0033274517515602333,0.0,5.924791270747873,400,0.05988066218573614,-0.11433235696704612,18694.56047605266
262,100.23689865271716,100.23689865271716,0.00028220146562291424,0.0,5.924791270747873,400,0.060016472502404404,-0.08939812674988157,18689.40078635286
263,100.33054125401836,100.33054125401836,0.0009337767700377148,0.0,5.924791270747873,400,0.06009808179437868,-0.10672008978400335,18686.997693644968
264,100.10859788725459,100.10859788725459,-0.0022145720483690064,0.0,5.924791270747873,400,0.06056317946767301,-0.09933660252687226,18655.03146415352
265,99.48262719407042,99.48262719407042,-0.006272547756762711,0.0,5.924791270747873,400,0.06041741682049648,-0.07866357424433598,18646.081523249413
266,100.21349666628966,100.21349666628966,0.007319848992873978,0.0,5.924791270747873,400,0.05990821141206925,-0.11993419410240376,18691.05899664894
267,100.26350304936864,100.26350304936864,0.0004988740273149928,0.0,5.924791270747873,400,0.05992939765293881,-0.11280500890894515,18691.050618023823
268,100.55761888822153,100.55761888822153,0.002929134607991206,0.0,5.924791270747873,400,0.06000030173112249,-0.10867635313130838,18698.035278187213
269,100.81663768632099,100.81663768632099,0.002572512945303943,0.0,5.924791270747873,400,0.06003348729422936,-0.10185262722159315,18702.913637005484
270,100.9910576359511,100.9910576359511,0.0017285762347346207,0.0,5.924791270747873,400,0.06009692342207298,-0.13051414142584847,18702.964483249718
271,101.24595563181906,101.24595563181906,0.002520786148148314,0.0,5.924791270747873,400,0.059996300562288156,-0.13459497733334935,18715.93623329084
272,101.05859484376396,101.05859484376396,-0.0018522652227292097,0.0,5.924791270747873,400,0.05997331746938314,-0.13827558805952522,18712.123845914844
273,101.01722258352525,101.01722258352525,-0.00040947265579318183,0.0,5.924791270747873,400,0.06016404934027756,-0.1469704272489688,18702.4769603653
274,100.13344557107719,100.13344557107719,-0.008787270829062615,0.0,5.924791270747873,400,0.0599768856513421,-0.1379096559462098,18681.512618723966
275,99.9830032271689,99.9830032271689,-0.0015035482905407752,0.0,5.924791270747873,400,0.06004216074494096,-0.1358861489838095,18675.34200269742
276,98.83154376263252,98.83154376263252,-0.011583381162705698,0.0,5.924791270747873,400,0.061217425418459655,-0.10205487340533309,18621.69442612161
277,99.27940434426993,99.27940434426993,0.004521318471889388,0.0,5.924791270747873,400,0.061232501380385,-0.1441564929538115,18631.952756288098
278,98.42328377056003,98.42328377056003,-0.00866074137102028,0.0,5.924791270747873,400,0.06258637639154827,-0.1610525055618509,18552.730046109442
279,97.74633381111863,97.74633381111863,-0.006901707358283512,0.0,5.924791270747873,400,0.06281635954273711,-0.12305880068828533,18516.608780357532
280,97.92434892059993,97.92434892059993,0.0018195383806019717,0.0,5.924791270747873,400,0.06283517413209931,-0.14848021166239833,18519.342089078393
281,97.27065594790152,97.27065594790152,-0.006697870336785577,0.0,5.924791270747873,400,0.06389327621160269,-0.16812366266734305,18470.64305400657
282,97.56120774151663,97.56120774151663,0.0029825923081094182,0.0,5.924791270747873,400,0.0638518766636256,-0.17981898904482765,18479.214492973802
283,96.97605591609218,96.97605591609218,-0.006015850939449843,0.0,5.924791270747873,400,0.06387748454752779,-0.1902368481533617,18460.67824950318
284,97.2153547038114,97.2153547038114,0.0024645673882507987,0.0,5.924791270747873,400,0.06372122418808876,-0.19884757697904729,18473.15332903832
285,97.29076334500073,97.29076334500073,0.0007753858410615371,0.0,5.924791270747873,400,0.06374297300688639,-0.19440270363221393,18474.120850304313
286,97.63225807031445,97.63225807031445,0.003503896791871764,0.0,5.924791270747873,400,0.06375703582497537,-0.18692983810622216,18478.54743216061
287,98.57354585052684,98.57354585052684,0.009594976121164535,0.0,5.924791270747873,400,0.06368990163007895,-0.15101119710163577,18510.2760482775
288,98.90100814334866,98.90100814334866,0.0033165041910550148,0.0,5.924791270747873,400,0.06351445922914911,-0.12558381207589492,18532.9560322651
289,99.0936417833561,99.0936417833561,0.001945847535373718,0.0,5.924791270747873,400,0.0636250898210602,-0.14317941217979938,18536.85484424619
290,98.55723995354265,98.55723995354265,-0.005427783999778323,0.0,5.924791270747873,400,0.06338932458100047,-0.08712165894558416,18518.52140375676
291,97.97207608545503,97.97207608545503,-0.005954995510449504,0.0,5.924791270747873,400,0.06343267959821079,-0.02477365022044618,18492.522719790526
292,98.00878704801907,98.00878704801907,0.00037463824178000254,0.0,5.924791270747873,400,0.06355415322607982,-0.034154950359183686,18488.50299173197
293,98.31124677222199,98.31124677222199,0.0030812949409475075,0.0,5.924791270747873,400,0.06356204796322439,-0.03803173725734846,18499.040679240272
294,98.29030696586779,98.29030696586779,-0.0002130177105445321,0.0,5.924791270747873,400,0.06357866381435921,-0.02328467179844691,18497.067494745483
295,99.08240119061024,99.08240119061024,0.008026423557659477,0.0,5.924791270747873,400,0.06366379068199224,-0.03821807494837951,18524.097299094043
296,100.39469409276914,100.39469409276914,0.013157518985181799,0.0,5.924791270747873,400,0.06384069941159111,0.05937815299593702,18584.179949265734
297,99.8955511973828,99.8955511973828,-0.004984206075385368,0.0,5.924791270747873,400,0.0646246034848906,-0.01673528400038263,18539.19718453902
298,100.13406016693936,100.13406016693936,0.002384737749202673,0.0,5.924791270747873,400,0.06469374605429647,0.03356370313173735,18548.595477386953
299,100.51641522746567,100.51641522746567,0.0038111599046216377,0.0,5.924791270747873,400,0.06485094476709624,0.0647866496585619,18561.057287146796
300,100.88454214864028,100.88454214864028,0.003655666149138622,0.0,5.924791270747873,400,0.06500984059601389,0.0704154604194304,18575.355666896496
301,100.5347512299972,100.5347512299972,-0.0034732647942453503,0.0,5.924791270747873,400,0.06549385816012053,0.07307226579466128,18547.800316108805
302,100.95871993322652,100.95871993322652,0.004208268649817043,0.0,5.924791270747873,400,0.06569628697765426,0.056306197969883856,18562.689952611254
303,100.51276564247559,100.51276564247559,-0.004426979011936993,0.0,5.924791270747873,400,0.06599076920125312,0.039080341406852535,18536.348874248026
304,100.41942272633452,100.41942272633452,-0.0009290987533006972,0.0,5.924791270747873,400,0.06604874746608153,0.03467768534343431,18528.977728078793
305,100.68212671141902,100.68212671141902,0.0026126515211106014,0.0,5.924791270747873,400,0.06589235550709353,0.03011014826507747,18546.878261361027
306,100.13137411415876,100.13137411415876,-0.005485228591737136,0.0,5.924791270747873,400,0.06596460684419791,0.020941070257990708,18511.541390095965
307,99.05255183162639,99.05255183162639,-0.01083252904876074,0.0,5.924791270747873,400,0.06592272278486003,0.057666427256867436,18463.516116510422
308,99.00099518089813,99.00099518089813,-0.0005206334617129577,0.0,5.924791270747873,400,0.06618413570976028,0.057928128437224134,18451.858538211403
309,98.49966297728868,98.49966297728868,-0.005076775794548957,0.0,5.924791270747873,400,0.06613861671182666,0.05937273480584586,18434.989174587856
310,98.30722328260259,98.30722328260259,-0.001955620147999275,0.0,5.924791270747873,400,0.06616880931223895,0.06308146417088327,18425.833896474647
311,98.62227292813252,98.62227292813252,0.003199621391114443,0.0,5.924791270747873,400,0.06620499692850236,0.06292256447977146,18435.3201931737
312,98.30574023492333,98.30574023492333,-0.0032147073513965675,0.0,5.924791270747873,400,0.06630183601758928,0.06721971286730406,18419.985263718718
313,98.69751136900088,98.69751136900088,0.003977311514812862,0.0,5.924791270747873,400,0.06612367222020137,0.05394822825902094,18435.4246089583
314,98.57083059487407,98.57083059487407,-0.0012843499395753589,0.0,5.924791270747873,400,0.06619926943249277,0.029135811941280492,18425.358104855735
315,99.1563229857293,99.1563229857293,0.0059222427622866195,0.0,5.924791270747873,400,0.06573280527070734,0.024057565177827867,18471.37348386512
316,97.88336129678711,97.88336129678711,-0.012921045869223699,0.0,5.924791270747873,400,0.06544960700692945,-0.02651935435948026,18453.757951617947
317,97.91933058968637,97.91933058968637,0.00036740346067072935,0.0,5.924791270747873,400,0.06561120338588294,-0.03481857056513635,18447.608855799244
318,98.06091313734288,98.06091313734288,0.0014448657639674714,0.0,5.924791270747873,400,0.06568285819246124,-0.031657233900652844,18449.789962842948
319,97.00218027930555,97.00218027930555,-0.010855392849459062,0.0,5.924791270747873,400,0.06672243683760362,-0.05172051703148938,18399.760200983255
320,96.07418696117809,96.07418696117809,-0.009612781484952345,0.0,5.924791270747873,400,0.06721729956160608,0.010942573573193464,18356.64939143768
321,96.84991470499493,96.84991470499493,0.008041835288706327,0.0,5.924791270747873,400,0.06616062077023363,-0.03439331834662389,18422.620572541626
322,96.92874419643246,96.92874419643246,0.0008136034817546177,0.0,5.924791270747873,400,0.06620672472267627,-0.028481867034399994,18421.139458033125
323,96.45939561552348,96.45939561552348,-0.004853963670061649,0.0,5.924791270747873,400,0.0664762421357039,-0.030112847932825804,18400.76863438322
324,96.42478301443766,96.42478301443766,-0.0003588951846977855,0.0,5.924791270747873,400,0.06656682766762483,-0.03576992443176692,18397.153670882115
325,96.51943299978055,96.51943299978055,0.0009811125193643173,0.0,5.924791270747873,400,0.06661292830804373,-0.01092067339799235,18395.215871179735
326,96.81133553313697,96.81133553313697,0.0030197237344738266,0.0,5.924791270747873,400,0.06665364653025987,-0.01309608823592977,18402.320184431606
327,96.18523837117061,96.18523837117061,-0.006488191429313742,0.0,5.924791270747873,400,0.06750729199422147,-0.027267777227818243,18327.2311461557
328,96.79796307735833,96.79796307735833,0.006350052859566675,0.0,5.924791270747873,400,0.06780281853721197,-0.05558612673677319,18341.592222375606
329,97.0554013769798,97.0554013769798,0.002656012204745715,0.0,5.924791270747873,400,0.06786808820719649,-0.04705619783562824,18346.302472600848
330,97.47945706208101,97.47945706208101,0.004359695328338221,0.0,5.924791270747873,400,0.06783295808634479,-0.041525729888276235,18358.307962724277
331,97.01187293416609,97.01187293416609,-0.0048082866088430785,0.0,5.924791270747873,400,0.06860978845147953,-0.05072104105545873,18301.52535506026
332,96.9074031769421,96.9074031769421,-0.0010774562428834148,0.0,5.924791270747873,400,0.06856726852981072,-0.04975623915838478,18298.562742175352
333,96.419192128854,96.419192128854,-0.005050645878607927,0.0,5.924791270747873,400,0.06847628113422564,-0.04678700222103731,18279.58520720302
334,96.36432093849498,96.36432093849498,-0.0005692519133789739,0.0,5.924791270747873,400,0.06855953172246987,-0.052923289696165,18273.971429839126
335,96.48887876148119,96.48887876148119,0.001291737347366692,0.0,5.924791270747873,400,0.06849780620774823,-0.05834845614900581,18283.317333329727
336,96.50719106274589,96.50719106274589,0.00018976864488822734,0.0,5.924791270747873,400,0.06858901407193932,-0.028793531903717754,18276.36980200733
337,95.93816086791064,95.93816086791064,-0.0059136980702416235,0.0,5.924791270747873,400,0.06878500663277425,-0.006041701498852491,18251.20330100774
338,96.64367383547068,96.64367383547068,0.00732692286229259,0.0,5.924791270747873,400,0.06803519433202548,-0.06446698633967061,18302.833316611912
339,95.91527025531597,95.91527025531597,-0.007565548906864845,0.0,5.924791270747873,400,0.06832268811623812,-0.08878844139518885,18255.626897335897
340,95.10754876835531,95.10754876835531,-0.008456856672907388,0.0,5.924791270747873,400,0.068266147519611,-0.0434623081589986,18230.407628132252
341,94.6621552550717,94.6621552550717,-0.004694050964523898,0.0,5.924791270747873,400,0.06899872771587394,-0.011926045962261099,18194.18672782615
342,94.42976989991682,94.42976989991682,-0.0024579100557284793,0.0,5.924791270747873,400,0.06919482084281278,0.004305212247923211,18176.199608868566
343,94.69182587698607,94.69182587698607,0.0027712979441671596,0.0,5.924791270747873,400,0.06923609975144851,0.010129019640020775,18181.93372971951
344,94.72775427581571,94.72775427581571,0.000379352538227754,0.0,5.924791270747873,400,0.06923216481093517,0.00955774087430897,18184.007235582845
345,93.88107602020335,93.88107602020335,-0.008978200455427354,0.0,5.924791270747873,400,0.07028502394028759,0.0019989797990420323,18113.17209554295
346,94.22456311706519,94.22456311706519,0.0036520699774022125,0.0,5.924791270747873,400,0.07026306085985744,-0.04219200311591836,18122.501814800242
347,94.14957324195024,94.14957324195024,-0.0007961802031399276,0.0,5.924791270747873,400,0.07056413283796192,-0.07114329988773128,18111.417422595456
348,94.68801403631582,94.68801403631582,0.005702702108583079,0.0,5.924791270747873,400,0.0705585304837685,-0.07666198854567906,18136.363007790744
349,94.61449316369455,94.61449316369455,-0.0007767554419145123,0.0,5.924791270747873,400,0.07065180195633985,-0.06958351755276344,18131.632913512167
350,95.56662179059659,95.56662179059659,0.01001294562900503,0.0,5.924791270747873,400,0.06956013189113605,-0.08127701041549212,18182.94418107847
351,95.9581400039165,95.9581400039165,0.004088440105757625,0.0,5.924791270747873,400,0.06959223974011575,-0.05163168732818877,18193.176738853235
352,96.86340698338378,96.86340698338378,0.009389755915389365,0.0,5.924791270747873,400,0.06908970875885827,-0.0265166313690753,18227.875363683303
353,96.30157956275642,96.30157956275642,-0.005817089473166777,0.0,5.924791270747873,400,0.06933423749562374,-0.055523921214853014,18202.787355986366
354,96.61472118740026,96.61472118740026,0.0032464016617154605,0.0,5.924791270747873,400,0.06909775003524679,-0.06599503285252152,18223.918895600727
355,96.75642410059494,96.75642410059494,0.0014656058260239192,0.0,5.924791270747873,400,0.06915344058330591,-0.1283823212558754,18226.45944442426
356,96.55748236471767,96.55748236471767,-0.0020582255022014075,0.0,5.924791270747873,400,0.06929345953243399,-0.10794649887254823,18216.15454255568
357,97.02646767221125,97.02646767221125,0.004845300707336978,0.0,5.924791270747873,400,0.06878714458714917,-0.10411578458043622,18245.760427148496
358,96.5783742406448,96.5783742406448,-0.004628956871698897,0.0,5.924791270747873,400,0.06908662802864936,-0.1251831971847463,18219.63888555231
359,96.6961422151027,96.6961422151027,0.0012186602889258677,0.0,5.924791270747873,400,0.06917052601292002,-0.14282400634998446,18219.575335497928
360,96.58359052396308,96.58359052396308,-0.0011646508639761724,0.0,5.924791270747873,400,0.06952269648905379,-0.1375652155145011,18200.86891896557
361,96.71499455912011,96.71499455912011,0.001359596660702782,0.0,5.924791270747873,400,0.06959905669909694,-0.12984639856891794,18202.953915590824
362,96.81454913126068,96.81454913126068,0.001028830834028371,0.0,5.924791270747873,400,0.06967736687815772,-0.11782265144052341,18203.955271513216
363,96.76547334270099,96.76547334270099,-0.0005070336182823465,0.0,5.924791270747873,400,0.06974515560456464,-0.11939582198101356,18200.707792363086
364,96.59943578044894,96.59943578044894,-0.0017173498936567944,0.0,5.924791270747873,400,0.06999583758981381,-0.11881109801486245,18188.509841791616
365,96.60235706006159,96.60235706006159,3.0240709156183664e-05,0.0,5.924791270747873,400,0.07008609257896062,-0.10985800177346154,18183.74112831104
366,96.06579759910791,96.06579759910791,-0.005569792776852232,0.0,5.924791270747873,400,0.07090303370085685,-0.14338574097732812,18118.728660352783
367,95.96549309104739,95.96549309104739,-0.0010446684685829028,0.0,5.924791270747873,400,0.0709130488225993,-0.15247393712178095,18115.262145423298
368,95.56975637891863,95.56975637891863,-0.004132265745804377,0.0,5.924791270747873,400,0.07160288737526056,-0.14965809165949212,18078.958447768135
369,95.25936383673046,95.25936383673046,-0.0032530969651634136,0.0,5.924791270747873,400,0.0715927143737427,-0.14885187808816983,18065.07766374039
370,94.11413162795492,94.11413162795492,-0.012095105150971367,0.0,5.924791270747873,400,0.07213198750858257,-0.11385433892263032,18009.581140715673
371,94.42116202923823,94.42116202923823,0.0032570100456556865,0.0,5.924791270747873,400,0.07186194417602851,-0.1363350255986177,18032.04379300413
372,94.7329947704814,94.7329947704814,0.0032971310703963828,0.0,5.924791270747873,400,0.07192496035199734,-0.11792104264394689,18042.039819773305
373,94.4587932867904,94.4587932867904,-0.00289866361007634,0.0,5.924791270747873,400,0.07216528618566752,-0.12320455927526762,18026.660496934677
374,93.94666371074327,93.94666371074327,-0.0054364756260439125,0.0,5.924791270747873,400,0.07301020769358425,-0.1130890435781678,17980.854667249056
375,93.44104296961335,93.44104296961335,-0.005396532965452267,0.0,5.924791270747873,400,0.07348153779863167,-0.048695407664773135,17938.47024822815
376,93.36066340922811,93.36066340922811,-0.0008605870567697761,0.0,5.924791270747873,400,0.07362231527701167,-0.04418652519594955,17930.186142672297
377,93.57425254957728,93.57425254957728,0.002285172164875995,0.0,5.924791270747873,400,0.07354393091860667,-0.04582437710410616,17943.38690942485
378,93.30909377712086,93.30909377712086,-0.0028376948037488413,0.0,5.924791270747873,400,0.073456510344473,-0.03432401993930403,17934.47887663973
379,93.25335717875441,93.25335717875441,-0.0005975114471228149,0.0,5.924791270747873,400,0.07350714160097122,-0.10621801875916417,17930.742273367
380,93.39954393113729,93.39954393113729,0.0015664024657975214,0.0,5.924791270747873,400,0.0735533934496652,-0.05035325365184275,17936.071166052287
381,93.41494383889157,93.41494383889157,0.00016486845290210886,0.0,5.924791270747873,400,0.07374519231764672,-0.06279378916083361,17931.710977625116
382,93.31554934494204,93.31554934494204,-0.0010645770987052104,0.0,5.924791270747873,400,0.07378895168972777,-0.057990965990464695,17926.482835111852
383,92.9076219201249,92.9076219201249,-0.0043810668083575696,0.0,5.924791270747873,400,0.07367670488472267,-0.05583249901829884,17909.289117794182
384,92.74403291755392,92.74403291755392,-0.0017623225072063214,0.0,5.924791270747873,400,0.07388562283589552,-0.052531701599806975,17896.834816156173
385,92.98545334742408,92.98545334742408,0.002599701002721964,0.0,5.924791270747873,400,0.07376838225036121,-0.06020264626210515,17911.392678933436
386,92.37819345335267,92.37819345335267,-0.006552116092172133,0.0,5.924791270747873,400,0.07361064396021218,-0.05702116823233714,17899.09930881448
387,92.17879492158382,92.17879492158382,-0.0021608351015119315,0.0,5.924791270747873,400,0.0737806730324666,-0.016792128101719855,17889.030994301116
388,92.08866111494673,92.08866111494673,-0.0009782933542840813,0.0,5.924791270747873,400,0.07396349521031238,-0.03961488884297757,17878.89400201223
389,91.9695369273216,91.9695369273216,-0.0012944188906020622,0.0,5.924791270747873,400,0.07432172331208037,-0.056890402438075686,17858.22611573617
390,91.72855451942432,91.72855451942432,-0.0026236804556530385,0.0,5.924791270747873,400,0.07426845164076853,-0.03871262820374956,17850.070881712094
391,91.18938092290253,91.18938092290253,-0.005895268353670823,0.0,5.924791270747873,400,0.07441475883302795,-0.031319947727777075,17824.585184543503
392,91.20516357665647,91.20516357665647,0.00017306059056365096,0.0,5.924791270747873,400,0.07448483980067486,-0.036898556834046,17822.46884682009
393,90.63436935656033,90.63436935656033,-0.00627801980833224,0.0,5.924791270747873,400,0.07545776296446904,-0.040490314354065825,17765.761539560302
394,90.61559595805313,90.61559595805313,-0.00020715478253190337,0.0,5.924791270747873,400,0.07554835282414703,-0.045353240326664254,17757.29245754598
395,90.16401639044219,90.16401639044219,-0.004995922947297447,0.0,5.924791270747873,400,0.07588828854526981,-0.05075010361652381,17737.479034064818
396,89.95631752008005,89.95631752008005,-0.002306224487926385,0.0,5.924791270747873,400,0.07635636385039676,-0.04087397148813581,17718.099144364372
397,91.18423440612509,91.18423440612509,0.013557822166395067,0.0,5.924791270747873,400,0.07559578766027837,-0.015954596197035847,17786.35180787278
398,91.6642193397393,91.6642193397393,0.005250096747187744,0.0,5.924791270747873,400,0.07559191639650122,0.09601471116316293,17798.098498971834
399,92.2717545959752,92.2717545959752,0.006605966767424484,0.0,5.924791270747873,400,0.07483923580581896,0.08903948122279785,17847.695765899876
400,92.69235041223037,92.69235041223037,0.004547872044396058,0.0,5.668503999613739,325,0.14385650136589573,0.0944358099613215,16799.43328974094
401,92.1788385295634,92.1788385295634,-0.005555362155398171,0.0,5.668503999613739,325,0.14444982160778003,0.06654997863600737,16777.167148532946
402,92.16621709705075,92.16621709705075,-0.0001369326938492503,0.0,5.668503999613739,325,0.14457444419309848,0.07074653405969657,16772.776546052322
403,92.19916869788749,92.19916869788749,0.0003574597373094707,0.0,5.668503999613739,325,0.14460090071897097,0.06931684637123543,16772.56617434246
404,92.75265352241645,92.75265352241645,0.0059851962544022405,0.0,5.668503999613739,325,0.1444043146919653,0.07611760947968756,16796.789823734616
405,92.98057649140144,92.98057649140144,0.0024543059244496795,0.0,5.668503999613739,325,0.14430093714036052,0.1230267469688454,16804.70909048362
406,92.37530726973922,92.37530726973922,-0.006530910815967266,0.0,5.668503999613739,325,0.14437969335096354,0.10857731385267416,16788.072134432186
407,92.86355105390365,92.86355105390365,0.00527151721003457,0.0,5.668503999613739,325,0.14418476256331594,0.08109098996180619,16803.48110138419
408,92.83031682581075,92.83031682581075,-0.0003579464290039639,0.0,5.668503999613739,325,0.14421008888258297,0.0850766957602011,16802.13474374334
409,92.51601764405673,92.51601764405673,-0.0033914831271179813,0.0,5.668503999613739,325,0.1445866425983891,0.08790956208713033,16785.96968672218
410,93.02984510000701,93.02984510000701,0.005538563478067408,0.0,5.668503999613739,325,0.14437118666823417,0.03725543048674704,16802.619389311352
411,92.70086868519168,92.70086868519168,-0.0035425132671786847,0.0,5.668503999613739,325,0.14457517656759727,-0.018877397934959444,16784.835634732797
412,92.564893770811,92.564893770811,-0.0014678906344439916,0.0,5.668503999613739,325,0.14478581530552434,0.0307578215897709,16775.17656766079
413,92.32709541533781,92.32709541533781,-0.0025722962648636358,0.0,5.668503999613739,325,0.14487367081341243,0.05235284504507647,16767.16047265557
414,92.77078039209427,92.77078039209427,0.004794067188413753,0.0,5.668503999613739,325,0.14475181276697352,0.03368581439201665,16780.2013442909
415,92.72199956917146,92.72199956917146,-0.0005259592751537319,0.0,5.668503999613739,325,0.14488977646920057,0.03745980841235821,16774.960398421827
416,91.9529673874111,91.9529673874111,-0.008328542192053444,0.0,5.668503999613739,325,0.14558295080200342,0.04071546927999039,16725.41603769313
417,92.37389175123151,92.37389175123151,0.004567159636496339,0.0,5.668503999613739,325,0.14545730911555055,0.023523122644713394,16739.267051139916
418,93.0132408033209,93.0132408033209,0.0068974753321746594,0.0,5.668503999613739,325,0.1450893176436923,0.06586030277675811,16764.425585215817
419,93.39900585900139,93.39900585900139,0.004138844021977981,0.0,5.668503999613739,325,0.14488194892627973,0.09681983611724099,16778.11833965869
420,93.25826501863897,93.25826501863897,-0.0015080137663247791,0.0,5.668503999613739,325,0.14511263141239406,0.09394884915267654,16768.74232309859
421,92.9439401316575,92.9439401316575,-0.003376170387431668,0.0,5.668503999613739,325,0.145323953645658,0.09292466467268459,16756.528721341063
422,93.52551691048815,93.52551691048815,0.006237790079067988,0.0,5.668503999613739,325,0.14525237675988473,0.07379841301391435,16771.42687947209
423,93.85532961905959,93.85532961905959,0.00352024291990788,0.0,5.668503999613739,325,0.14506113942722546,0.09574318306230763,16780.774436614833
424,93.98757867421564,93.98757867421564,0.001408081659386966,0.0,5.668503999613739,325,0.14505496359991518,0.10242447107573839,16782.68339376976
425,93.16083088202618,93.16083088202618,-0.00883526792744012,0.0,5.668503999613739,325,0.14508349436191445,0.0872717892556895,16770.525883318194
426,93.47726409715541,93.47726409715541,0.0033908781415891757,0.0,5.668503999613739,325,0.14490076992265505,0.05984800780001444,16782.545509691787
427,93.94333496046373,93.94333496046373,0.004973538942702023,0.0,5.668503999613739,325,0.1448642716821219,0.07253676999415958,16789.955747883203
428,94.35363249147487,94.35363249147487,0.0043579903163613425,0.0,5.668503999613739,325,0.14484272083835562,0.08222251176671566,16795.785488677393
429,94.38176660236219,94.38176660236219,0.00029813284874797777,0.0,5.668503999613739,325,0.14496661894906734,0.05620391369874499,16792.08478771749
430,94.94375921746074,94.94375921746074,0.005936803960408341,0.0,5.668503999613739,325,0.1445110604803159,0.09567933219851903,16822.15902085037
431,95.43269781130763,95.43269781130763,0.005136556026925007,0.0,5.668503999613739,325,0.14436247909261285,0.11045254916231183,16839.17473742102
432,95.60730427469284,95.60730427469284,0.001827957601530964,0.0,5.668503999613739,325,0.1442067472240721,0.1259105764986163,16847.396751161912
433,95.10198964794438,95.10198964794438,-0.005299330713389231,0.0,5.668503999613739,325,0.14472222455958234,0.10264324923611302,16819.966877854426
434,95.61136399248178,95.61136399248178,0.0053417922348122215,0.0,5.668503999613739,325,0.14450379865907845,0.05299576117497243,16833.732814806564
435,95.30186023920224,95.30186023920224,-0.003242352913710822,0.0,5.668503999613739,325,0.1447065695624127,0.03325396282967163,16819.693454771244
436,95.69065796508956,95.69065796508956,0.004071345480934754,0.0,5.668503999613739,325,0.14446554310931745,0.023824450916998727,16834.564155014377
437,95.83813946390137,95.83813946390137,0.0015400454651262115,0.0,5.668503999613739,325,0.1444148651538643,0.03236339282572265,16837.959535993894
438,95.7526665767047,95.7526665767047,-0.0008922442014151077,0.0,5.668503999613739,325,0.14457792645215747,0.02856266276787307,16831.638412681456
439,96.3196220606529,96.3196220606529,0.005903580725879197,0.0,5.668503999613739,325,0.144233708995272,0.022946255462052995,16849.22783553458
440,96.05342268572599,96.05342268572599,-0.0027675347675149425,0.0,5.668503999613739,325,0.14438132374318022,0.008665812366617497,16840.29125740731
441,96.07726915634387,96.07726915634387,0.00024823176882053,0.0,5.668503999613739,325,0.14449595506623464,0.008862413694534646,16837.058348408995
442,96.46255067917818,96.46255067917818,0.00400210239536057,0.0,5.668503999613739,325,0.14423432975491599,0.0017528563357461814,16857.66861888339
443,96.25052243144907,96.25052243144907,-0.0022004561482023505,0.0,5.668503999613739,325,0.14443833384213356,-0.015486688153444717,16843.03481886472
444,95.89996570537878,95.89996570537878,-0.003648776731191643,0.0,5.668503999613739,325,0.1449025154386245,-0.001971864003099442,16825.281177614237
445,95.00981602020434,95.00981602020434,-0.009325411489992781,0.0,5.668503999613739,325,0.1460143479576538,0.04104530473905053,16779.493640241595
446,95.02828060049576,95.02828060049576,0.00019432503985111855,0.0,5.668503999613739,325,0.14606976584370676,0.02942172549312813,16778.2508495852
447,94.61161559715019,94.61161559715019,-0.004394282871626081,0.0,5.668503999613739,325,0.1463234699367554,0.027260086639897155,16761.922499989178
448,93.78942695919596,93.78942695919596,-0.008728124285615497,0.0,5.668503999613739,325,0.14715415180435093,0.056237187037609264,16723.236435101735
449,93.568979824475,93.568979824475,-0.0023532142510671273,0.0,5.668503999613739,325,0.14744594734818134,0.07007534072736604,16712.32864950728
450,93.27397158234409,93.27397158234409,-0.0031578230279246484,0.0,5.668503999613739,325,0.14775056418011057,0.06354803051558608,16695.52999415505
451,93.5730010430376,93.5730010430376,0.0032007980840247307,0.0,5.668503999613739,325,0.14764269801900443,0.056397682989017296,16705.509528884726
452,94.37477974221196,94.37477974221196,0.00853198223027652,0.0,5.668503999613739,325,0.14683991830727436,0.06772866961823411,16737.244103989215
453,94.26656833327334,94.26656833327334,-0.0011472714960092919,0.0,5.668503999613739,325,0.1470666370731676,0.055641855262787004,16729.218284678795
454,94.31139953698658,94.31139953698658,0.00047546598432603014,0.0,5.668503999613739,325,0.14706281189696774,0.05231173914295076,16730.14735617196
455,94.35320481350134,94.35320481350134,0.000443170326971428,0.0,5.668503999613739,325,0.14712715531856305,0.04049236965403993,16728.510016582695
456,94.64625243136494,94.64625243136494,0.0031010443836814775,0.0,5.668503999613739,325,0.1470217418443171,0.07000664801816496,16733.8033922407
457,94.81108326288042,94.81108326288042,0.0017400315749167411,0.0,5.668503999613739,325,0.14699858510819916,0.030937050628003844,16737.442125562633
458,94.8320341938557,94.8320341938557,0.0002209511353904912,0.0,5.668503999613739,325,0.14702685114375053,0.006603944044391973,16736.3000301021
459,95.23454499798547,95.23454499798547,0.004235477984297273,0.0,5.668503999613739,325,0.14684695925334573,-0.015985601585278,16753.378919206836
460,95.01301861014583,95.01301861014583,-0.0023288233894559153,0.0,5.668503999613739,325,0.14683093838565886,-0.003561110456699199,16749.25591644727
461,93.7775899847555,93.7775899847555,-0.013088005487722197,0.0,5.668503999613739,325,0.14701395856639374,0.024070989386600065,16720.746475158663
462,93.96238449830632,93.96238449830632,0.0019686225455201266,0.0,5.668503999613739,325,0.14696574441168855,0.0063346101381428835,16723.97371583793
463,92.77627747357349,92.77627747357349,-0.012703560830658983,0.0,5.668503999613739,325,0.14813110442920235,-0.010357366907152745,16646.454202201097
464,92.84691800914487,92.84691800914487,0.0007611175833694009,0.0,5.668503999613739,325,0.14812475092405736,-0.026978126833593977,16648.732103108436
465,93.3236132758469,93.3236132758469,0.0051210715810277715,0.0,5.668503999613739,325,0.14790148872989486,-0.012845584489186188,16666.764553348083
466,93.02083271508084,93.02083271508084,-0.00324968984844181,0.0,5.668503999613739,325,0.14818630598832855,-0.0005508758546718049,16653.68022776458
467,93.38235573827507,93.38235573827507,0.0038789409074909513,0.0,5.668503999613739,325,0.14788377077873305,-0.008052382971113851,16670.469328879248
468,93.40283810025618,93.40283810025618,0.00021931462170291953,0.0,5.668503999613739,325,0.147997752283291,-0.008873565482270421,16667.34140926913
469,93.32670362971663,93.32670362971663,-0.0008154518460556763,0.0,5.668503999613739,325,0.14804216705826367,0.0049339394990681315,16664.879898163006
470,93.29476347362088,93.29476347362088,-0.00034229884593002996,0.0,5.668503999613739,325,0.14817631120621946,0.020137888641030305,16660.979893390704
471,93.4365638855581,93.4365638855581,0.001518764325188979,0.0,5.668503999613739,325,0.1481283664954519,0.01544151776649491,16664.801297086706
472,92.84113999920577,92.84113999920577,-0.0063928844064210615,0.0,5.668503999613739,325,0.14857389782102667,0.005451417998906533,16643.232844421793
473,93.73244208642811,93.73244208642811,0.009554502386874116,0.0,5.668503999613739,325,0.14800919507957963,-0.02832152674734849,16673.216893214183
474,92.63556190210055,92.63556190210055,-0.01177125715102624,0.0,5.668503999613739,325,0.1490299961924657,-0.09605247735750297,16611.993825090933
475,92.78787784822957,92.78787784822957,0.0016428988761505953,0.0,5.668503999613739,325,0.14903112629283352,-0.11125128285985844,16614.34231060858
476,93.29742629480822,93.29742629480822,0.005476517583872719,0.0,5.668503999613739,325,0.14861931044588275,-0.0842323906869994,16633.919707172397
477,93.98492966496516,93.98492966496516,0.007341924495639002,0.0,5.668503999613739,325,0.14804177109992603,-0.07681762905952326,16666.64619537346
478,93.46695453838821,93.46695453838821,-0.005526500276265597,0.0,5.668503999613739,325,0.14873874516897562,-0.12190178043635155,16633.924343739578
479,93.71004119936352,93.71004119936352,0.0025974003555543274,0.0,5.668503999613739,325,0.14867671930406365,-0.12774581404298854,16639.713324772758
480,93.46856701122353,93.46856701122353,-0.002580148708333951,0.0,5.668503999613739,325,0.14891646645684745,-0.13515631273683756,16628.86241776785
481,92.99229193262296,92.99229193262296,-0.005108590801360126,0.0,5.668503999613739,325,0.1495356774400703,-0.11162745732002194,16603.272857169242
482,92.37541230425876,92.37541230425876,-0.006655764640071213,0.0,5.668503999613739,325,0.14992189477079046,-0.10494050666791198,16581.637536511793
483,93.2207651650404,93.2207651650404,0.009109656441495072,0.0,5.668503999613739,325,0.14924229570361427,-0.14055929241156465,16623.2454956735
484,93.71521058692103,93.71521058692103,0.005290009833005919,0.0,5.668503999613739,325,0.14916722625546663,-0.10046505560801156,16638.93506009536
485,93.4780040540504,93.4780040540504,-0.0025343510478099338,0.0,5.668503999613739,325,0.14939245925725048,-0.09467220760361962,16626.76738024442
486,93.03231727097392,93.03231727097392,-0.00477922753269735,0.0,5.668503999613739,325,0.1496524041902119,-0.09714906836633684,16610.011718053633
487,92.88287751428585,92.88287751428585,-0.0016076124282928402,0.0,5.668503999613739,325,0.14990192909286856,-0.1090007887622038,16599.320667836346
488,94.023023660746,94.023023660746,0.01220036694101738,0.0,5.668503999613739,325,0.14956600761063996,-0.11180936145913731,16626.951595323662
489,92.9098276135156,92.9098276135156,-0.011910257602222531,0.0,5.668503999613739,325,0.15072272155673735,-0.18425789688464833,16549.82421342783
490,93.0072506941436,93.0072506941436,0.0010480273295163977,0.0,5.668503999613739,325,0.15076599963963253,-0.21559310246848468,16549.982501809223
491,92.8079830605452,92.8079830605452,-0.0021447941157477523,0.0,5.668503999613739,325,0.15108956551862665,-0.2275957746075278,16531.217234038202
492,92.59004416199417,92.59004416199417,-0.002351039028861168,0.0,5.668503999613739,325,0.1510862891373897,-0.21971869141742112,16526.55760383322
493,92.92231862877206,92.92231862877206,0.0035822391252366137,0.0,5.668503999613739,325,0.15092173135259704,-0.20890213993067488,16538.913168619136
494,93.01715567554538,93.01715567554538,0.0010200852223756925,0.0,5.668503999613739,325,0.1509751119289242,-0.20013117958529508,16539.22145612198
495,92.56738373717664,92.56738373717664,-0.004847093625169953,0.0,5.668503999613739,325,0.15130485103239866,-0.19534075840603046,16520.038872542784
496,92.89704147067987,92.89704147067987,0.0035549467808559648,0.0,5.668503999613739,325,0.15101891487306218,-0.21127970306872343,16536.66122157426
497,93.33034089822627,93.33034089822627,0.0046534532563984946,0.0,5.668503999613739,325,0.15069150871914042,-0.1963081259875578,16556.76895985852
498,92.90563391127267,92.90563391127267,-0.004560963300790911,0.0,5.668503999613739,325,0.15079603442399145,-0.2048678316668596,16545.84719459893
499,93.40850070043791,93.40850070043791,0.005398066134959354,0.0,5.668503999613739,325,0.15066580914707414,-0.21092315495864777,16558.634953505534
500,93.25317290167841,93.25317290167841,-0.00166427131627275,0.0,5.668503999613739,325,0.1508882486259683,-0.21426737492803274,16548.428209141493
501,93.07462100531428,93.07462100531428,-0.00191653587769775,0.0,5.668503999613739,325,0.1510425666175264,-0.21514510253104613,16538.464366931923
502,92.52268781358643,92.52268781358643,-0.0059476597185220146,0.0,5.668503999613739,325,0.15171609175350412,-0.20608143608049473,16501.20194281473
503,92.61767269339214,92.61767269339214,0.0010260851591662554,0.0,5.668503999613739,325,0.15177444424448663,-0.21373234307125086,16501.420758832006
504,93.3598273652116,93.3598273652116,0.00798116558319379,0.0,5.668503999613739,325,0.1511507391295554,-0.2140417320006631,16541.44335967523
505,94.37986462140627,94.37986462140627,0.010866613051575363,0.0,5.668503999613739,325,0.15053584092459169,-0.1571736248464952,16591.306313956164
506,93.51011699978986,93.51011699978986,-0.009258118250636735,0.0,5.668503999613739,325,0.15148686093836744,-0.20067105854261524,16547.54210326231
507,93.97343409387929,93.97343409387929,0.004942492656603789,0.0,5.668503999613739,325,0.15118191001569883,-0.24214982995785322,16568.730120907727
508,93.63827153941678,93.63827153941678,-0.0035729424226048764,0.0,5.668503999613739,325,0.15150573958158245,-0.269796802101652,16553.017505496176
509,94.61713422374383,94.61713422374383,0.010399398648217551,0.0,5.668503999613739,325,0.15121929038040244,-0.27889231887642524,16585.249558425196
510,94.30771880341635,94.30771880341635,-0.003275542545275821,0.0,5.668503999613739,325,0.15147192588337885,-0.2913203102269004,16572.350755633153
511,94.32965664723015,94.32965664723015,0.00023259276015997817,0.0,5.668503999613739,325,0.1515150855464665,-0.3055844491826834,16571.65649641303
512,94.62999118175932,94.62999118175932,0.003178824589107922,0.0,5.668503999613739,325,0.15151541677205374,-0.30992799691714723,16581.1655867155
513,94.75477983102788,94.75477983102788,0.0013178321219921582,0.0,5.668503999613739,325,0.15143445313770515,-0.3076141699811936,16586.597084560224
514,95.808884726167,95.808884726167,0.011063133665226052,0.0,5.668503999613739,325,0.15091828649413982,-0.28341233963368195,16628.617814402198
515,95.07649390475464,95.07649390475464,-0.007673656521675999,0.0,5.668503999613739,325,0.15119659461284962,-0.31594491822109116,16601.45751697207
516,94.56780959421134,94.56780959421134,-0.005364627580362342,0.0,5.668503999613739,325,0.15175951186705133,-0.29555407837839975,16563.851797989206
517,94.8083580194745,94.8083580194745,0.0025404311182873752,0.0,5.668503999613739,325,0.15181857780043598,-0.3016223000149538,16567.105132918085
518,95.04144620950544,95.04144620950544,0.0024555022123355632,0.0,5.668503999613739,325,0.15170143478412954,-0.2982584892831524,16576.656199077133
519,94.45416199318011,94.45416199318011,-0.00619841380176573,0.0,5.668503999613739,325,0.15220961859465143,-0.29812119513139895,16546.575956692755
520,95.30506461555541,95.30506461555541,0.008968294620201406,0.0,5.668503999613739,325,0.1516918078852613,-0.3264856177131164,16580.890157428355
521,95.12718367963248,95.12718367963248,-0.0018681813532170687,0.0,5.668503999613739,325,0.15189811309950502,-0.35049205850769216,16568.851982097094
522,95.34583557945554,95.34583557945554,0.0022958841805306445,0.0,5.668503999613739,325,0.151921353749909,-0.3416290805962346,16575.106886155732
523,94.69845440133511,94.69845440133511,-0.006812976935951596,0.0,5.668503999613739,325,0.15253262629250658,-0.36684753693758376,16544.0738955479
524,94.57793323819736,94.57793323819736,-0.0012734940784645697,0.0,5.668503999613739,325,0.15271654800467507,-0.3616318508918698,16535.809043523186
525,93.52940997286352,93.52940997286352,-0.011148252980751783,0.0,5.668503999613739,325,0.15316819747643656,-0.3266549765936224,16499.062958700033
526,93.7553470756739,93.7553470756739,0.0024127666979163686,0.0,5.668503999613739,325,0.1530593625546191,-0.3343006913011021,16509.008099211984
527,92.45651858138208,92.45651858138208,-0.013950234087249864,0.0,5.668503999613739,325,0.15329701754900796,-0.3226385891312156,16468.646794901975
528,92.37331675484297,92.37331675484297,-0.00090030737740703,0.0,5.668503999613739,325,0.15346834443540053,-0.31795559887211045,16461.81610316743
529,92.14165723753057,92.14165723753057,-0.0025110118059385057,0.0,5.668503999613739,325,0.1537076439795439,-0.31654616845476435,16450.360766911275
530,92.28504543193493,92.28504543193493,0.0015549616321335726,0.0,5.668503999613739,325,0.15359691010061122,-0.31780180088626225,16457.927603223106
531,92.00939936687473,92.00939936687473,-0.002991368197860659,0.0,5.668503999613739,325,0.15410627354698248,-0.31447501141004325,16435.103121838005
532,91.45193044338872,91.45193044338872,-0.006077254970437346,0.0,5.668503999613739,325,0.15449847009233944,-0.28116186051081593,16415.07745331159
533,91.81842636545619,91.81842636545619,0.003999516528389946,0.0,5.668503999613739,325,0.1542456554168462,-0.25065225411742337,16430.568442725704
534,91.67755728348739,91.67755728348739,-0.0015353917490899193,0.0,5.668503999613739,325,0.1545383445773209,-0.2589467645223411,16419.478581095198
535,91.64788616795784,91.64788616795784,-0.0003236988301244355,0.0,5.668503999613739,325,0.15460148957178232,-0.26442828944064245,16417.16687932717
536,92.1649495862622,92.1649495862622,0.005625992113268976,0.0,5.668503999613739,325,0.15423909807942693,-0.28556249436024905,16442.634533078697
537,92.02741322436003,92.02741322436003,-0.0014933994587515867,0.0,5.668503999613739,325,0.154535163238461,-0.27741977802387874,16429.690043440656
538,92.17336924884756,92.17336924884756,0.0015847495659286636,0.0,5.668503999613739,325,0.15454581520602584,-0.27428285792297713,16431.956670545882
539,92.25517954129917,92.25517954129917,0.0008871760728394215,0.0,5.668503999613739,325,0.1544991323180403,-0.2707998913182956,16435.937587270353
540,91.43914987617036,91.43914987617036,-0.00888470575753153,0.0,5.668503999613739,325,0.15515342822415837,-0.27173947102350676,16391.0073618669
541,92.45722245078287,92.45722245078287,0.011072355183157048,0.0,5.668503999613739,325,0.15418684140127167,-0.31979477190311634,16437.486524972202
542,92.23224982753308,92.23224982753308,-0.0024362269461926794,0.0,5.668503999613739,325,0.15438590629813814,-0.3090910315395253,16424.67960477039
543,92.56119808046333,92.56119808046333,0.003560176013832659,0.0,5.668503999613739,325,0.15424215369314434,-0.3490579916920333,16438.09123661438
544,93.37929486760332,93.37929486760332,0.008799611673042168,0.0,5.668503999613739,325,0.1536575338255822,-0.31829725013159066,16469.819170738043
545,92.66302157995025,92.66302157995025,-0.007700149519218317,0.0,5.668503999613739,325,0.1542322177333841,-0.3477115401700207,16435.958518636497
546,93.27768395949052,93.27768395949052,0.006611404605543247,0.0,5.668503999613739,325,0.15373221364167186,-0.37172003445648166,16463.784750225914
547,92.79957087957688,92.79957087957688,-0.0051388777472750995,0.0,5.668503999613739,325,0.1539846782770276,-0.37435059742258986,16445.101565500692
548,92.87339643676451,92.87339643676451,0.0007952214277085889,0.0,5.668503999613739,325,0.15395618896883892,-0.3322882316589184,16448.42958280976
549,92.90112574050764,92.90112574050764,0.00029852644618937247,0.0,5.668503999613739,325,0.15404993150557172,-0.35005056667272455,16445.51469655404
550,93.46542386388894,93.46542386388894,0.006055806142359991,0.0,5.668503999613739,325,0.15369351093525713,-0.3415175383449576,16466.86171424477
551,93.0049566531166,93.0049566531166,-0.004938780576888376,0.0,5.668503999613739,325,0.154057837743839,-0.356207864304514,16443.588340557784
552,93.22868869964218,93.22868869964218,0.0024027039124460024,0.0,5.668503999613739,325,0.15402705916002915,-0.3579675167668519,16449.957693559547
553,93.41700105162343,93.41700105162343,0.0020178597869478397,0.0,5.668503999613739,325,0.1540190617885656,-0.3589690105179021,16454.036403645514
554,93.2814188329054,93.2814188329054,-0.001452419818404162,0.0,5.668503999613739,325,0.15424834421892764,-0.357775381007421,16443.303756794092
555,93.8206238049259,93.8206238049259,0.005763768873532403,0.0,5.668503999613739,325,0.15420854204153975,-0.35218881114988415,16460.456221860928
556,93.94299372060584,93.94299372060584,0.0013034466913013482,0.0,5.668503999613739,325,0.15425497380473704,-0.3587567271119012,16461.73586320045
557,93.30614953756,93.30614953756,-0.006802131400701964,0.0,5.668503999613739,325,0.15470396966018357,-0.34692727431160547,16431.49204831361
558,92.64797716188802,92.64797716188802,-0.007078897745518995,0.0,5.668503999613739,325,0.15548392451625478,-0.3049703814216241,16382.636632506184
559,92.2824920653024,92.2824920653024,-0.003952680961281152,0.0,5.668503999613739,325,0.15547973476511537,-0.2892205304588403,16375.54731286449
560,92.86780841545541,92.86780841545541,0.0063226286805678576,0.0,5.668503999613739,325,0.15501209067015614,-0.2972489505556336,16404.54261422379
561,92.69122525366618,92.69122525366618,-0.001903256463476345,0.0,5.668503999613739,325,0.15502748504857716,-0.3085674560669523,16400.405372153033
562,92.59045899239455,92.59045899239455,-0.0010877089294224315,0.0,5.668503999613739,325,0.15522494549064564,-0.30986848092595554,16392.030988821974
563,92.20443905564305,92.20443905564305,-0.004177826361033881,0.0,5.668503999613739,325,0.15528997673172568,-0.3095025176670591,16380.132814758772
564,91.79298574176211,91.79298574176211,-0.004472388677904427,0.0,5.668503999613739,325,0.15566637962505073,-0.35558490929405434,16359.910355195065
565,91.40038854228366,91.40038854228366,-0.004286157204657691,0.0,5.668503999613739,325,0.15589920932285822,-0.31358893689704476,16344.7569685471
566,91.88485387710901,91.88485387710901,0.00528647540524271,0.0,5.668503999613739,325,0.15562209259947796,-0.30752442056563,16361.25745344222
567,91.54192578479275,91.54192578479275,-0.0037391322302141685,0.0,5.668503999613739,325,0.15587030137042113,-0.3118055828932326,16347.593596655259
568,91.75634760427332,91.75634760427332,0.0023395956036343754,0.0,5.668503999613739,325,0.15576210849428831,-0.297708854171231,16357.894433280253
569,92.11194857151936,92.11194857151936,0.003868001368374377,0.0,5.668503999613739,325,0.15574863935299196,-0.2900528320958497,16370.416207371332
570,91.72649421658124,91.72649421658124,-0.004193409321066275,0.0,5.668503999613739,325,0.15609819537407435,-0.2975557103201897,16348.43655867087
571,92.36593902688423,92.36593902688423,0.006947025151770874,0.0,5.668503999613739,325,0.15586860267394084,-0.3055641838910283,16374.226230195836
572,92.43520096447263,92.43520096447263,0.0007495834802174928,0.0,5.668503999613739,325,0.1559220404726584,-0.3064672919958673,16372.918271041972
573,92.7119605589919,92.7119605589919,0.0029896196990298234,0.0,5.668503999613739,325,0.15589535736409094,-0.31391984626207037,16377.930804709858
574,93.98775222215686,93.98775222215686,0.013666989654110777,0.0,5.668503999613739,325,0.15479702173127652,-0.2287078755812681,16451.460329471927
575,94.28536945594077,94.28536945594077,0.0031615504011563164,0.0,5.668503999613739,325,0.15479969340768432,-0.2291229804448939,16461.882298529366
576,94.05951515477965,94.05951515477965,-0.002398306807058465,0.0,5.668503999613739,325,0.1550613140227637,-0.22836535328411287,16448.417496964856
577,93.66764112582547,93.66764112582547,-0.004174937775850864,0.0,5.668503999613739,325,0.15515924904363523,-0.2259229433560756,16431.936960296596
578,94.2639040235164,94.2639040235164,0.006345554153548618,0.0,5.668503999613739,325,0.1546375661905087,-0.2272137518731108,16462.583027173532
579,94.20103041184679,94.20103041184679,-0.0006672181665039163,0.0,5.668503999613739,325,0.1547583544372222,-0.20184310088514956,16454.71188578331
580,93.57061707328037,93.57061707328037,-0.0067147060340901135,0.0,5.668503999613739,325,0.15510198608130302,-0.19565073639730046,16432.287178726016
581,93.23274531289273,93.23274531289273,-0.00361740949960451,0.0,5.668503999613739,325,0.1555844417235666,-0.17969959283246464,16403.91030473064
582,94.41253900706216,94.41253900706216,0.012574888251743101,0.0,5.668503999613739,325,0.15566671089178194,-0.17841357936941685,16415.362227476195
583,94.70446337869463,94.70446337869463,0.00308723805698701,0.0,5.668503999613739,325,0.1554933170098778,-0.1638057215047748,16424.541434010767
584,94.04316037541574,94.04316037541574,-0.007007301030656762,0.0,5.668503999613739,325,0.15629969996258775,-0.17833142409288705,16394.384623629936
585,94.11441763916092,94.11441763916092,0.0007574211775437969,0.0,5.668503999613739,325,0.15636403084524003,-0.17948031713818896,16393.81454827934
586,94.19836824560767,94.19836824560767,0.0008916081997704251,0.0,5.668503999613739,325,0.15628602270222422,-0.1607280575258719,16398.965438626718
587,93.53262959364199,93.53262959364199,-0.007092504172257129,0.0,5.668503999613739,325,0.157082066100801,-0.18903540654702214,16351.385259813402
588,93.5126656718003,93.5126656718003,-0.00021346617555017283,0.0,5.668503999613739,325,0.15717009022409406,-0.1891842370519065,16349.021100413856
589,93.47274504242614,93.47274504242614,-0.0004269919222918145,0.0,5.668503999613739,325,0.15732424759851638,-0.1875645047332521,16344.211954071068
590,93.31391467595061,93.31391467595061,-0.0017006611178378413,0.0,5.668503999613739,325,0.1574658256935077,-0.18376235914495273,16337.848411991294
591,92.86164084696483,92.86164084696483,-0.004858583259297968,0.0,5.668503999613739,325,0.15766891914005632,-0.1883363414898812,16323.568821137127
592,93.0575218936975,93.0575218936975,0.0021071643861067814,0.0,5.668503999613739,325,0.1576264571011076,-0.1838191670364151,16327.783728138522
593,93.00618840585763,93.00618840585763,-0.000551783999788713,0.0,5.668503999613739,325,0.157708893843567,-0.18211281601591048,16324.890383485064
594,93.37546173700497,93.37546173700497,0.0039625554774686995,0.0,5.668503999613739,325,0.15750277741145596,-0.18347929515489497,16336.92923862579
595,92.64934830668493,92.64934830668493,-0.007806669635510712,0.0,5.668503999613739,325,0.15796689611849443,-0.19281071458849014,16311.06618919002
596,92.39773762052339,92.39773762052339,-0.002719425058347604,0.0,5.668503999613739,325,0.15832376479134655,-0.17560750656743532,16297.955906924115
597,91.48893559987822,91.48893559987822,-0.009884451157445323,0.0,5.668503999613739,325,0.15879083851142456,-0.1481130857338157,16272.826490102843
598,91.43296257941002,91.43296257941002,-0.0006119882066859569,0.0,5.668503999613739,325,0.15886742717674987,-0.14640323184086593,16269.54022085264
599,91.38815007486453,91.38815007486453,-0.0004902333739507917,0.0,5.668503999613739,325,0.15900835373439315,-0.14097654658730804,16264.510573518428
600,91.56817700776546,91.56817700776546,0.0019679777559412056,0.0,5.43471590972397,264,0.23820516906508368,-0.08679454036716189,15070.130921771213
601,91.77451427194089,91.77451427194089,0.0022508380328509483,0.0,5.43471590972397,264,0.23810389093059145,-0.07343986660115102,15076.113156461077
602,92.30710655002169,92.30710655002169,0.005786495814097269,0.0,5.43471590972397,264,0.23772093711641826,-0.057138849938701906,15093.697387974344
603,93.64700840424294,93.64700840424294,0.01441135136474158,0.0,5.43471590972397,264,0.2370729413748245,-0.01913472931680327,15135.175360886227
604,94.4328676986154,94.4328676986154,0.008356703375088361,0.0,5.43471590972397,264,0.236604766517432,0.08853537397733341,15161.304937679422
605,94.14740265459717,94.14740265459717,-0.0030275199152944425,0.0,5.43471590972397,264,0.23674992773146566,0.10600461234500841,15151.606448278782
606,93.2091714175081,93.2091714175081,-0.010015544793587936,0.0,5.43471590972397,264,0.23751294644073256,0.14176342899213573,15115.06786166847
607,93.29173263557155,93.29173263557155,0.0008853707586653387,0.0,5.43471590972397,264,0.23748499175818277,0.14082494297923978,15117.160577470524
608,92.9559650759374,92.9559650759374,-0.003605606163394558,0.0,5.43471590972397,264,0.2377469932576158,0.13790498514936933,15104.811885642446
609,92.57955657386971,92.57955657386971,-0.004057541274486744,0.0,5.43471590972397,264,0.23803315124597085,0.14391655882808793,15092.32368858857
610,92.29841696939529,92.29841696939529,-0.003041355503788066,0.0,5.43471590972397,264,0.2383120184872711,0.17106924857279504,15081.215173365437
611,92.2628777718243,92.2628777718243,-0.0003851208137663191,0.0,5.43471590972397,264,0.2383534887595571,0.1810103831797079,15079.795960520303
612,92.08151840079647,92.08151840079647,-0.0019676153254934545,0.0,5.43471590972397,264,0.23847010907100125,0.17816683452524804,15073.82050714671
613,91.33171593648014,91.33171593648014,-0.008176145456517072,0.0,5.43471590972397,264,0.2392164417457421,0.1819386596518871,15046.801169255734
614,91.20842771160561,91.20842771160561,-0.0013508069091805153,0.0,5.43471590972397,264,0.2393459300392544,0.19022898764261217,15041.948654803757
615,90.96430498082508,90.96430498082508,-0.0026801253217399283,0.0,5.43471590972397,264,0.23962330199975457,0.18857616466755764,15032.26599132923
616,91.10417679757593,91.10417679757593,0.0015364750988370226,0.0,5.43471590972397,264,0.23953422719348785,0.19261026256210795,15036.227639335548
617,91.24232519564916,91.24232519564916,0.0015152297740249694,0.0,5.43471590972397,264,0.23947549296712525,0.173272649110487,15039.334421828775
618,91.85492036565778,91.85492036565778,0.006691498323017822,0.0,5.43471590972397,264,0.23910648346180463,0.16516751133812657,15057.083717334743
619,92.16447415170228,92.16447415170228,0.00336436361875288,0.0,5.43471590972397,264,0.23896010163127676,0.19514198347573886,15064.767804402281
620,92.7397627378152,92.7397627378152,0.006222577179151935,0.0,5.43471590972397,264,0.23863804230362134,0.21536253055803675,15079.402065630698
621,93.82467088073695,93.82467088073695,0.011630516614345639,0.0,5.43471590972397,264,0.2382096335455583,0.23913275303211617,15119.466758427721
622,93.78579094232391,93.78579094232391,-0.00041447516936762277,0.0,5.43471590972397,264,0.2382071251207994,0.23211640104871398,15114.780382622004
623,93.54619570319473,93.54619570319473,-0.002557976072998963,0.0,5.43471590972397,264,0.23834458816738388,0.22283008229196913,15100.333395390135
624,93.73178099814803,93.73178099814803,0.0019819239717423433,0.0,5.43471590972397,264,0.23838514108765296,0.20976555120458357,15102.02435273784
625,93.70343987689715,93.70343987689715,-0.0003024097747962964,0.0,5.43471590972397,264,0.2384585702942514,0.2250378212733071,15098.464871515003
626,93.714404478018,93.714404478018,0.00011700701361809649,0.0,5.43471590972397,264,0.23846067504114996,0.24022732400767216,15098.732131257108
627,92.93728836232866,92.93728836232866,-0.008326960170380024,0.0,5.43471590972397,264,0.23849317634050804,0.23807823826023175,15071.224350583234
628,92.99888996838163,92.99888996838163,0.0006626102446535793,0.0,5.43471590972397,264,0.23847310407235014,0.2322457371051706,15073.787051252253
629,92.93909006277146,92.93909006277146,-0.0006432242370488365,0.0,5.43471590972397,264,0.23856773134282933,0.24302797885011654,15069.208312942897
630,92.33065165530466,92.33065165530466,-0.0065681593680152126,0.0,5.43471590972397,264,0.2386156707077739,0.2591017135727356,15049.537093718616
631,91.28486355838263,91.28486355838263,-0.011391187766049903,0.0,5.43471590972397,264,0.23882498827508658,0.2858324025744596,15015.768540212128
632,90.94808363918648,90.94808363918648,-0.003696151632140071,0.0,5.43471590972397,264,0.23902978356775617,0.30344714451331767,15001.137038893445
633,90.75197430298917,90.75197430298917,-0.0021586059417618023,0.0,5.43471590972397,264,0.23921157372318114,0.2828047565671151,14991.199199469635
634,91.03153165614702,91.03153165614702,0.0030757199017415826,0.0,5.43471590972397,264,0.23916583177672857,0.27929721424617404,15000.191977924971
635,91.00212488912304,91.00212488912304,-0.00032309154073909425,0.0,5.43471590972397,264,0.23920197373756658,0.2862086334824095,14998.51269767715
636,91.11509171821953,91.11509171821953,0.0012405948837749675,0.0,5.43471590972397,264,0.23915389927828096,0.28239860426427715,15003.120190101377
637,91.94255755005575,91.94255755005575,0.009040556032288403,0.0,5.43471590972397,264,0.23875719757009062,0.2947988677776166,15037.617495989887
638,92.0425222511922,92.0425222511922,0.0010866610605732702,0.0,5.43471590972397,264,0.2387567856793409,0.3111542597845725,15040.556854677418
639,91.27431266338361,91.27431266338361,-0.008381271530394807,0.0,5.43471590972397,264,0.23894145918386234,0.2926745089062785,15014.429582121153
640,91.28560089268467,91.28560089268467,0.00012366602388836186,0.0,5.43471590972397,264,0.23894090127661766,0.2844688183847864,15014.745855038846
641,90.69394808626245,90.69394808626245,-0.006502432766878816,0.0,5.43471590972397,264,0.23931476749219696,0.30196654300651604,14987.262526610246
642,90.0676917363111,90.0676917363111,-0.006929112352011324,0.0,5.43471590972397,264,0.2395169144500779,0.3194553831335813,14965.678144373347
643,90.23454097290949,90.23454097290949,0.0018507733566899252,0.0,5.43471590972397,264,0.23949422022723252,0.3260785442561361,14970.555045274303
644,89.90918110816574,89.90918110816574,-0.00361222933294684,0.0,5.43471590972397,264,0.2397050418172929,0.3337831881409418,14956.298361417046
645,89.2865769035004,89.2865769035004,-0.006948900095517314,0.0,5.43471590972397,264,0.24011545707113266,0.3357380444096704,14930.21033496152
646,89.58142273596195,89.58142273596195,0.0032968009941396997,0.0,5.43471590972397,264,0.24000027537695637,0.32373788684658095,14940.291223032176
647,89.13506379616481,89.13506379616481,-0.004995172819003334,0.0,5.43471590972397,264,0.24016960242138052,0.3197091728562499,14925.053431357483
648,89.27026786420383,89.27026786420383,0.001515695665199884,0.0,5.43471590972397,264,0.2401644712435624,0.31247763053797795,14925.97730876633
649,89.52808806037771,89.52808806037771,0.0028839233283978155,0.0,5.43471590972397,264,0.2400976537044255,0.3153296177991793,14929.86715255759
650,90.62530678216804,90.62530678216804,0.012181089229296518,0.0,5.43471590972397,264,0.24006813941652236,0.3096753685433053,14962.873314331204
651,90.65466873967799,90.65466873967799,0.0003239404427564383,0.0,5.43471590972397,264,0.24011361954503974,0.3253036470616236,14959.823985011668
652,91.46469628143423,91.46469628143423,0.008895626044576803,0.0,5.43471590972397,264,0.24003464611073289,0.3152052040844814,14982.348854626418
653,91.00643782888025,91.00643782888025,-0.005022815452161586,0.0,5.43471590972397,264,0.24028287939309884,0.2883744899777665,14964.537777038864
654,91.72647753555154,91.72647753555154,0.007880829043688298,0.0,5.43471590972397,264,0.24014881800951499,0.27754252226415166,14982.843692757226
655,91.38554852565535,91.38554852565535,-0.003723724882266554,0.0,5.43471590972397,264,0.24024703838914993,0.25896268759083646,14973.269914434879
656,90.9567359462462,90.9567359462462,-0.00470338924580386,0.0,5.43471590972397,264,0.2406132797903806,0.25276388813040046,14956.04084428971
657,91.1365622299549,91.1365622299549,0.001975101159336308,0.0,5.43471590972397,264,0.2405531647180604,0.25693881957457043,14960.829162904463
658,91.13430719412388,91.13430719412388,-2.4743787509910923e-05,0.0,5.43471590972397,264,0.24056045165260861,0.25689150906605585,14960.558836005688
659,90.90495160299976,90.90495160299976,-0.0025198488941348646,0.0,5.43471590972397,264,0.24064872699166906,0.2564751856049473,14954.472409129667
660,90.66220747010422,90.66220747010422,-0.0026738786767631774,0.0,5.43471590972397,264,0.24081347884828466,0.2568072901110043,14946.216830415506
661,90.05191951450294,90.05191951450294,-0.00675420661194494,0.0,5.43471590972397,264,0.24139112972899507,0.2521721873178042,14922.147611450233
662,90.28563356599655,90.28563356599655,0.0025919635522119212,0.0,5.43471590972397,264,0.24134739492017393,0.19501404498277275,14927.538519228723
663,90.7073479018457,90.7073479018457,0.004660016046836294,0.0,5.43471590972397,264,0.24123633142523354,0.1449475298507208,14937.689728689476
664,90.73792856575626,90.73792856575626,0.0003370786475732667,0.0,5.43471590972397,264,0.2412233260471392,0.16954042657227392,14938.513603547839
665,90.68126410597401,90.68126410597401,-0.0006246799006259487,0.0,5.43471590972397,264,0.2413416228736506,0.15528191096708172,14934.979108376025
666,91.3876253758481,91.3876253758481,0.0077593136957003015,0.0,5.43471590972397,264,0.24121195928809414,0.16560040461034523,14951.498325007036
667,91.17354533281764,91.17354533281764,-0.0023452976372464285,0.0,5.43471590972397,264,0.24132076209447223,0.15713528549538344,14944.981267075047
668,90.87047796011501,90.87047796011501,-0.003329608379463453,0.0,5.43471590972397,264,0.24150792468478094,0.1532249763593465,14934.895885298632
669,90.84659830980888,90.84659830980888,-0.00026282230524243816,0.0,5.43471590972397,264,0.24158702968846235,0.1475084434381157,14932.83788069566
670,91.15500857151042,91.15500857151042,0.0033890970765118123,0.0,5.43471590972397,264,0.24152087670543654,0.14674204059079218,14940.411406474488
671,90.98912686228942,90.98912686228942,-0.0018214339395225517,0.0,5.43471590972397,264,0.24160972184042537,0.14239968217590493,14935.39684508941
672,90.5671792269651,90.5671792269651,-0.004648127119321181,0.0,5.43471590972397,264,0.24184406442891582,0.13661958410646538,14922.077405946704
673,90.46461649741113,90.46461649741113,-0.0011330909039142592,0.0,5.43471590972397,264,0.24197280173156102,0.1385178549982224,14917.492260819436
674,90.80348554588585,90.80348554588585,0.003738875614787247,0.0,5.43471590972397,264,0.2418697395357757,0.13233447326795322,14926.50244151631
675,91.1534665970415,91.1534665970415,0.0038468602450027574,0.0,5.43471590972397,264,0.24178119009029397,0.14466371117012694,14935.372736322175
676,91.05068999084939,91.05068999084939,-0.0011281478866043036,0.0,5.43471590972397,264,0.2418634785822802,0.140106856346369,14931.540355462508
677,90.74735414140922,90.74735414140922,-0.0033370670447425924,0.0,5.43471590972397,264,0.24209650442916208,0.13441813458791205,14920.419540231696
678,90.86238815239014,90.86238815239014,0.0012668266020573642,0.0,5.43471590972397,264,0.2421076628790595,0.11839854931168561,14920.00756973431
679,91.30217283810012,91.30217283810012,0.004828442346210965,0.0,5.43471590972397,264,0.24190220045509048,0.10676188676903448,14933.519035517835
680,91.17520006629461,91.17520006629461,-0.001391655198416647,0.0,5.43471590972397,264,0.2418897190336146,0.04980778421458069,14927.341616710102
681,91.04352437897016,91.04352437897016,-0.001445248951720492,0.0,5.43471590972397,264,0.2420299131480868,0.05570669626500649,14916.787080410206
682,90.38684985926899,90.38684985926899,-0.00723889139312304,0.0,5.43471590972397,264,0.2420970275958353,0.05899884134270118,14901.646205633868
683,91.49886836530011,91.49886836530011,0.012227813954273673,0.0,5.43471590972397,264,0.24179947554764475,-0.002420907764155959,14946.826281250176
684,91.33311037256414,91.33311037256414,-0.001813228071972065,0.0,5.43471590972397,264,0.2418210040433445,-0.015200919196714752,14941.210013542326
685,91.82112721536478,91.82112721536478,0.0053290385649328725,0.0,5.43471590972397,264,0.24180788904639286,-0.02024781575041303,14956.103450899089
686,92.11532525973857,92.11532525973857,0.003198912355797754,0.0,5.43471590972397,264,0.24167150438091253,-0.00448883956792284,14967.913259548674
687,92.01219410921544,92.01219410921544,-0.0011202145302489628,0.0,5.43471590972397,264,0.24175065212737157,-0.0019891129478591366,14962.994961349894
688,92.11537622760713,92.11537622760713,0.0011207678350798277,0.0,5.43471590972397,264,0.2417519837255096,-0.002568120158014492,14966.057833221348
689,92.58885109678641,92.58885109678641,0.005126855114587484,0.0,5.43471590972397,264,0.24178149363496343,-0.0004678394839899446,14980.124019506666
690,92.9070139546462,92.9070139546462,0.003430407138995659,0.0,5.43471590972397,264,0.24166295725456416,-0.04156959494625685,14992.701305218794
691,92.60693303937178,92.60693303937178,-0.0032351333348194836,0.0,5.43471590972397,264,0.2417882831996973,-0.08911741538054375,14980.575181975279
692,93.07583137272314,93.07583137272314,0.005050542322075493,0.0,5.43471590972397,264,0.24176286087145063,-0.10937897186840284,14996.28137358477
693,93.91329217455372,93.91329217455372,0.008957380893448294,0.0,5.43471590972397,264,0.2418641604207932,-0.07014071909246687,15022.051690475404
694,93.6476247215425,93.6476247215425,-0.002832867689877608,0.0,5.43471590972397,264,0.2419729453118816,-0.08909620916273561,15010.791389282293
695,93.78742565380692,93.78742565380692,0.0014917269519098616,0.0,5.43471590972397,264,0.24199636221185683,-0.09107434047552872,15014.986307616435
696,93.12760500926355,93.12760500926355,-0.007060142600240796,0.0,5.43471590972397,264,0.24208688710615975,-0.09806490243816154,14991.047380863685
697,93.13761587755144,93.13761587755144,0.00010749047245508297,0.0,5.43471590972397,264,0.24210994408835468,-0.1078492957284554,14990.849978563207
698,93.17575711275703,93.17575711275703,0.00040943100461592996,0.0,5.43471590972397,264,0.2421170261300541,-0.10234104356481584,14991.91926869385
699,93.82617100072781,93.82617100072781,0.006956254593692387,0.0,5.43471590972397,264,0.24204210779255478,-0.10600744027318847,15014.861342045895
700,94.3882523038813,94.3882523038813,0.00597279384087704,0.0,5.43471590972397,264,0.24203326343772075,-0.07951513354566424,15033.988153738646
701,93.84586676647183,93.84586676647183,-0.005762898258661884,0.0,5.43471590972397,264,0.24199523392976488,-0.14494993148348617,15016.002656565213
702,93.93580502127423,93.93580502127423,0.000957902449405972,0.0,5.43471590972397,264,0.24198219640760765,-0.14647493499228356,15019.253218409764
703,94.37276554569075,94.37276554569075,0.004640907287147777,0.0,5.43471590972397,264,0.2419640746962284,-0.14042134314123775,15034.475076527853
704,94.43382717874537,94.43382717874537,0.0006468167695034741,0.0,5.43471590972397,264,0.241997546132516,-0.1696571387215186,15031.70534260939
705,94.25547379249512,94.25547379249512,-0.0018904457057034646,0.0,5.43471590972397,264,0.24215146003010976,-0.1613630602546551,15021.143684810073
706,94.80994922550722,94.80994922550722,0.005865451374652168,0.0,5.43471590972397,264,0.24230066269915088,-0.15884921798365265,15032.889022261836
707,94.30637867788776,94.30637867788776,-0.005325523643116034,0.0,5.43471590972397,264,0.24264732898909042,-0.18024170938886003,15012.924116448936
708,93.96719259829759,93.96719259829759,-0.003603123308787747,0.0,5.43471590972397,264,0.2425874049611915,-0.1561112809319222,15000.293564828358
709,94.33239487055883,94.33239487055883,0.003878954118611539,0.0,5.43471590972397,264,0.2425434234279946,-0.1838720161915126,15010.491186983245
710,94.59388299697147,94.59388299697147,0.0027681516445329287,0.0,5.43471590972397,264,0.24255929319270234,-0.1951146409422957,15016.602804886244
711,95.02133738631565,95.02133738631565,0.004508658245762961,0.0,5.43471590972397,264,0.2425582960420225,-0.1828912887518181,15026.960401583538
712,94.8654452012036,94.8654452012036,-0.0016419491447640156,0.0,5.43471590972397,264,0.2425866202773477,-0.15903332923170463,15022.713004334311
713,94.25716150207585,94.25716150207585,-0.006432713754160542,0.0,5.43471590972397,264,0.2428575676773292,-0.10590314944803814,15003.073190939958
714,94.6827085419783,94.6827085419783,0.004504584017946038,0.0,5.43471590972397,264,0.2429083239219706,-0.10615480026207623,15011.83745345772
715,93.85268964704976,93.85268964704976,-0.008804969945537209,0.0,5.43471590972397,264,0.24314629693690043,-0.15065980973299947,14988.19988937036
716,93.36773337410256,93.36773337410256,-0.005180603160188969,0.0,5.43471590972397,264,0.24321806677559415,-0.09820839468516084,14976.25705268364
717,93.373995208769,93.373995208769,6.70641180877466e-05,0.0,5.43471590972397,264,0.24325763286879254,-0.09602584862706999,14975.583347617949
718,92.6376608471118,92.6376608471118,-0.007917118996018596,0.0,5.43471590972397,264,0.24336409469691606,-0.08907052159437058,14957.977258622721
719,92.65421349397059,92.65421349397059,0.00017866565343659948,0.0,5.43471590972397,264,0.24339981941637123,-0.09600209219051231,14957.593956802702
720,92.92986053732226,92.92986053732226,0.0029705916037508213,0.0,5.43471590972397,264,0.24338529722375518,-0.11473207790820826,14963.624732599405
721,93.04246042694096,93.04246042694096,0.0012109318504406037,0.0,5.43471590972397,264,0.24337984529715703,-0.10521481433692631,14966.17004183542
722,93.15697396107277,93.15697396107277,0.0012300096286081102,0.0,5.43471590972397,264,0.24339095425640808,-0.1125642114844212,14968.431806838544
723,93.66762707238507,93.66762707238507,0.005466671735998547,0.0,5.43471590972397,264,0.2432237195735445,-0.10814790797449743,14983.166887041973
724,94.65177963735319,94.65177963735319,0.010452045720056133,0.0,5.43471590972397,264,0.24313906620411949,-0.06147255307918485,15007.607142542682
725,95.30483829508387,95.30483829508387,0.006875898694956498,0.0,5.43471590972397,264,0.2430502511254426,-0.005618632919576182,15025.498765782071
726,95.71921323438436,95.71921323438436,0.00433846508792212,0.0,5.43471590972397,264,0.2430949734918985,0.028334680673983623,15034.993670956801
727,95.7663695487502,95.7663695487502,0.0004925312353415548,0.0,5.43471590972397,264,0.24310775563968914,0.017264170654687615,15035.912130575673
728,96.79822248071207,96.79822248071207,0.010717056518192011,0.0,5.43471590972397,264,0.24317926818256538,0.009481404597837355,15061.831447131559
729,96.78268979824797,96.78268979824797,-0.0001604774180943368,0.0,5.43471590972397,264,0.2431932564211046,0.0029675815049036544,15061.08837513929
730,96.7854586132637,96.7854586132637,2.8608167600216723e-05,0.0,5.43471590972397,264,0.2432462635012949,0.00901392107199748,15058.549597701565
731,97.13925801886019,97.13925801886019,0.0036488365617493765,0.0,5.43471590972397,264,0.24319868658730248,-0.005558525967362577,15065.937152928476
732,96.8137858513893,96.8137858513893,-0.0033561986601285745,0.0,5.43471590972397,264,0.243426747333294,-0.024184930599751995,15043.270871889627
733,96.93247673056315,96.93247673056315,0.0012252199597555813,0.0,5.43471590972397,264,0.24345582082314157,-0.02013532514085731,15042.25754191621
734,97.07152480351147,97.07152480351147,0.001433455966458656,0.0,5.43471590972397,264,0.24345334087464074,-0.025760079869275476,15043.115348710078
735,96.71851282261338,96.71851282261338,-0.0036432458106726465,0.0,5.43471590972397,264,0.24333913404231092,-0.022031448722932948,15038.5913758684
736,97.14319845694715,97.14319845694715,0.004381332558023588,0.0,5.43471590972397,264,0.24320962655704892,-0.04124727987786022,15054.076831348382
737,97.22539805101178,97.22539805101178,0.0008458115193696594,0.0,5.43471590972397,264,0.24320356640632174,-0.0420625792114526,15056.56281608503
738,97.69125602975386,97.69125602975386,0.004780082727959557,0.0,5.43471590972397,264,0.24310310777681965,-0.04265004496265966,15071.99529068701
739,98.12533638933688,98.12533638933688,0.004433547384889364,0.0,5.43471590972397,264,0.24296959333272009,-0.026741401895170422,15087.272669155878
740,98.24699656329437,98.24699656329437,0.001239076683499609,0.0,5.43471590972397,264,0.2429637264800601,-0.03223817747516063,15090.969807033563
741,98.43119877219591,98.43119877219591,0.0018731335463540383,0.0,5.43471590972397,264,0.2429618697700064,-0.05052857292723188,15096.491469864573
742,98.16439941982078,98.16439941982078,-0.002714196234485402,0.0,5.43471590972397,264,0.24310480387398853,0.020837699151996802,15085.837419357147
743,98.25609526316174,98.25609526316174,0.0009336688633247961,0.0,5.43471590972397,264,0.24311104908046166,0.05433100389810847,15088.423226803436
744,98.38538373727442,98.38538373727442,0.0013149666428433297,0.0,5.43471590972397,264,0.24310725109768952,0.06601355295471581,15092.327856128431
745,98.22400100013165,98.22400100013165,-0.0016416589025267747,0.0,5.43471590972397,264,0.24316584100443653,0.058429769845074156,15086.26492870356
746,98.31950442578895,98.31950442578895,0.0009718299565980176,0.0,5.43471590972397,264,0.24316757028433392,0.06330357373900723,15089.065466757742
747,98.1284823839846,98.1284823839846,-0.0019447600875091156,0.0,5.43471590972397,264,0.24323437312083593,0.06346739270099955,15081.985762316015
748,98.73662359383921,98.73662359383921,0.006178272592107213,0.0,5.43471590972397,264,0.2430727336361911,0.048451520518454645,15103.178605047284
749,98.49926306816575,98.49926306816575,-0.0024068707198962053,0.0,5.43471590972397,264,0.2431450475898047,0.02389128584498458,15094.523306922529
750,97.67375090089064,97.67375090089064,-0.008416214068751251,0.0,5.43471590972397,264,0.2434692298905739,0.05809366901981824,15064.069751390049
751,97.5091087096025,97.5091087096025,-0.0016870562370743954,0.0,5.43471590972397,264,0.24352155678132614,0.09256143807976167,15058.197885297313
752,97.35150202389202,97.35150202389202,-0.00161763549324051,0.0,5.43471590972397,264,0.24361140340348758,0.06892571897297782,15051.964946883068
753,97.92989817153119,97.92989817153119,0.005923737113908237,0.0,5.43471590972397,264,0.24345314811296884,0.08624833738014205,15071.914715618026
754,98.1515706233962,98.1515706233962,0.0022610249470704923,0.0,5.43471590972397,264,0.2434065780107721,0.09655824827480712,15079.286385762605
755,98.4997519090579,98.4997519090579,0.0035411066145995328,0.0,5.43471590972397,264,0.24336501736715352,0.1042318647475232,15090.512025578515
756,98.20170149136061,98.20170149136061,-0.0030304874788579547,0.0,5.43471590972397,264,0.2434931619976664,0.0934777104962851,15079.185441107116
757,97.52135818594465,97.52135818594465,-0.006952129674833228,0.0,5.43471590972397,264,0.24367367536413534,0.11511499905240248,15055.609111305965
758,97.61271378099087,97.61271378099087,0.0009363367534932595,0.0,5.43471590972397,264,0.24375176804352022,0.1159540966722537,15055.389504599205
759,96.69846666293674,96.69846666293674,-0.009410203391119278,0.0,5.43471590972397,264,0.24394187521110344,0.07953277408433991,15019.194890426777
760,96.24956256272341,96.24956256272341,-0.004653117339094272,0.0,5.43471590972397,264,0.24422716808710826,0.1509094653797602,14992.523865802268
761,95.760259557133,95.760259557133,-0.005096656612271697,0.0,5.43471590972397,264,0.2440342508098089,0.17762017418247325,14982.982273272557
762,95.11523898141023,95.11523898141023,-0.006758573373191289,0.0,5.43471590972397,264,0.24446154873254272,0.19893081386430977,14948.404184882473
763,94.84525365898725,94.84525365898725,-0.0028425437359272205,0.0,5.43471590972397,264,0.24439611531961952,0.21589515501762307,14943.27327155111
764,94.28008508920738,94.28008508920738,-0.005976674049790741,0.0,5.43471590972397,264,0.2447017314514992,0.2247855520884372,14918.12829509634
765,94.39571783582821,94.39571783582821,0.0012257296304616038,0.0,5.43471590972397,264,0.24471578757506784,0.22809694056200688,14921.051366772926
766,94.46566743368726,94.46566743368726,0.000740750693507275,0.0,5.43471590972397,264,0.24475263441819747,0.2603920809730788,14922.074926129226
767,94.61475105087753,94.61475105087753,0.0015769337647889416,0.0,5.43471590972397,264,0.2447371949323384,0.2507518506507122,14926.602658855658
768,95.13923771137146,95.13923771137146,0.005528084016516268,0.0,5.43471590972397,264,0.24472633111978984,0.26589676953941066,14941.744823483543
769,95.0830490960651,95.0830490960651,-0.0005907679681869923,0.0,5.43471590972397,264,0.2447540869917882,0.2571193322748405,14939.584026417753
770,94.90451300470829,94.90451300470829,-0.0018794508644331372,0.0,5.43471590972397,264,0.24478197345557784,0.2489993299700611,14933.908760317936
771,94.36426814962189,94.36426814962189,-0.0057087737239081,0.0,5.43471590972397,264,0.244864943919635,0.2615699069367214,14916.912210222974
772,94.13713972799869,94.13713972799869,-0.0024098337948492603,0.0,5.43471590972397,264,0.24491175355915137,0.263638829359539,14909.708833433438
773,94.11401436888599,94.11401436888599,-0.00024568624123403644,0.0,5.43471590972397,264,0.2449426393031698,0.2974750743915706,14908.362250322263
774,94.16361809253954,94.16361809253954,0.0005269210596368162,0.0,5.43471590972397,264,0.24497182610636264,0.337154407080104,14909.07446845467
775,94.63679576121727,94.63679576121727,0.005012474811159978,0.0,5.43471590972397,264,0.24496162008295655,0.3131828425097493,14922.562130567205
776,95.27987625823187,95.27987625823187,0.00677226436210074,0.0,5.43471590972397,264,0.2449921055207182,0.33698740881343,14940.116094046209
777,95.90157134680734,95.90157134680734,0.00650374068997717,0.0,5.43471590972397,264,0.24498547497228718,0.35768888116598063,14958.082180657206
778,96.98189517036121,96.98189517036121,0.011201946335244264,0.0,5.43471590972397,264,0.24508063958053009,0.3960313022432574,14987.668798161529
779,96.74420060385664,96.74420060385664,-0.0024539253200010365,0.0,5.43471590972397,264,0.24510679039364006,0.36596359137880535,14980.033112110663
780,97.02984074283721,97.02984074283721,0.0029481796827731796,0.0,5.43471590972397,264,0.24515160924354606,0.35921711101781106,14987.654313434134
781,97.07785244129114,97.07785244129114,0.0004946913607128399,0.0,5.43471590972397,264,0.24517576593675264,0.3586432326605883,14988.60419115018
782,96.47412473587664,96.47412473587664,-0.00623842414016717,0.0,5.43471590972397,264,0.24511052767527566,0.34384426000842916,14972.137391561055
783,95.4164104939724,95.4164104939724,-0.011024253520203515,0.0,5.43471590972397,264,0.24529070055013844,0.3367025795630577,14938.129755041597
784,94.95593695082503,94.95593695082503,-0.004837618985625927,0.0,5.43471590972397,264,0.2453532949252771,0.34796642424394036,14923.328455792689
785,94.69556491255608,94.69556491255608,-0.002745796361200022,0.0,5.43471590972397,264,0.24542810531998038,0.3452691992631463,14910.350201855528
786,95.12940851425688,95.12940851425688,0.0045709934711109625,0.0,5.43471590972397,264,0.24526445431363753,0.3326059902143646,14922.370018839918
787,95.16783807419446,95.16783807419446,0.00040388982130786687,0.0,5.43471590972397,264,0.24526849521907992,0.32933646350945517,14919.863377003749
788,94.28313024367895,94.28313024367895,-0.009339770279842554,0.0,5.43471590972397,264,0.24585163185219505,0.3333986331411659,14881.06466197822
789,95.03898437832811,95.03898437832811,0.007984890219113788,0.0,5.43471590972397,264,0.24604354058026986,0.2561689916033084,14894.962345924161
790,95.45470296324888,95.45470296324888,0.004364651140744571,0.0,5.43471590972397,264,0.24597374019579296,0.28105693891567807,14908.319105702541
791,95.23209777077491,95.23209777077491,-0.0023347740141280863,0.0,5.43471590972397,264,0.24593270251274196,0.28536397874816394,14903.030782053547
792,95.94195198039748,95.94195198039748,0.007426295283349884,0.0,5.43471590972397,264,0.24612137531518205,0.2664884233848055,14918.097351741582
793,95.44624198663551,95.44624198663551,-0.005180163854213966,0.0,5.43471590972397,264,0.24622316007088796,0.23203648893239676,14902.650529168626
794,94.75141898925101,94.75141898925101,-0.0073063578677768255,0.0,5.43471590972397,264,0.24628762652427152,0.25351923604284804,14882.538835741281
795,94.48479122315277,94.48479122315277,-0.002817937880227529,0.0,5.43471590972397,264,0.24628935796961188,0.27743806499765106,14876.242333718112
796,94.67005431487306,94.67005431487306,0.0019588517590733664,0.0,5.43471590972397,264,0.24634734237495032,0.27233831706054434,14879.390829812692
797,94.74417278130777,94.74417278130777,0.0007826072133435661,0.0,5.43471590972397,264,0.24636015904845057,0.26964326084910933,14881.057400371945
798,95.01368622728812,95.01368622728812,0.00284060569206114,0.0,5.43471590972397,264,0.24641270898522752,0.25697167329615683,14886.979497926975
799,95.04093206825955,95.04093206825955,0.00028671590727367583,0.0,5.43471590972397,264,0.24644552942174802,0.2568011977620744,14887.02553634301
800,94.44450490421266,94.44450490421266,-0.006295250371581388,0.0,5.176731742050492,213,0.30344724131559825,0.24436351257690933,13964.523369075194
801,95.6833212042223,95.6833212042223,0.013031588872289885,0.0,5.176731742050492,213,0.30370138782072054,0.16955829207720616,13987.135419277878
802,95.5652969311924,95.5652969311924,-0.001234249838388153,0.0,5.176731742050492,213,0.30367035218942123,0.16540360620647496,13985.102758363306
803,95.49044460261914,95.49044460261914,-0.0007835653804710854,0.0,5.176731742050492,213,0.30365300645479526,0.16413392921967618,13983.72473197012
804,95.43301507829976,95.43301507829976,-0.0006015973746487739,0.0,5.176731742050492,213,0.303644742676011,0.16585194058145028,13982.472858218624
805,95.54686808935237,95.54686808935237,0.0011923038453252838,0.0,5.176731742050492,213,0.30367619747648367,0.16668979124560057,13984.356146072001
806,96.39770792276384,96.39770792276384,0.008865532164717199,0.0,5.176731742050492,213,0.3038955272968109,0.16886893183986432,13999.699236954979
807,96.05588019457696,96.05588019457696,-0.0035523171169716786,0.0,5.176731742050492,213,0.3038053631184072,0.15624981663265183,13993.438288364045
808,96.28606293266665,96.28606293266665,0.0023934753308090984,0.0,5.176731742050492,213,0.3038717920816142,0.16243202270812984,13997.410690216526
809,96.57848178349903,96.57848178349903,0.0030323777274490777,0.0,5.176731742050492,213,0.30395798919894135,0.15723747863525317,14002.382574712032
810,95.80076616632651,95.80076616632651,-0.008085278034646386,0.0,5.176731742050492,213,0.3037557596546089,0.13450458775026453,13988.686051010633
811,95.47395065924817,95.47395065924817,-0.0034172401929050437,0.0,5.176731742050492,213,0.30368641405794644,0.14778494462242783,13982.4377224231
812,94.35760744362834,94.35760744362834,-0.011761543715459417,0.0,5.176731742050492,213,0.3034086798570015,0.16124741068410053,13959.094282121365
813,94.31007999250873,94.31007999250873,-0.000503821854932546,0.0,5.176731742050492,213,0.30358877343471335,0.15395887740061462,13951.80295327229
814,93.22455836290995,93.22455836290995,-0.01157688801333896,0.0,5.176731742050492,213,0.3034640787540083,0.13628273206238023,13926.53932391505
815,93.36562792531191,93.36562792531191,0.0015120794087457841,0.0,5.176731742050492,213,0.30344523798907597,0.1284049099239614,13927.26838630878
816,92.79565636292465,92.79565636292465,-0.006123435875065941,0.0,5.176731742050492,213,0.3034068288128797,0.1128862698979322,13915.437872291583
817,92.6437087879556,92.6437087879556,-0.0016387848270671371,0.0,5.176731742050492,213,0.30361135755200014,0.12339536034881966,13906.938956678428
818,92.48979365969983,92.48979365969983,-0.001662747819081954,0.0,5.176731742050492,213,0.3036626077053115,0.13277879095786754,13902.695977946509
819,92.42320291101339,92.42320291101339,-0.0007202387371360263,0.0,5.176731742050492,213,0.3036996194460659,0.11854020197122547,13900.284143982239
820,92.19832168618848,92.19832168618848,-0.002436133452296875,0.0,5.176731742050492,213,0.30372895184085386,0.10912746364904354,13895.204114882614
821,92.34135825975304,92.34135825975304,0.0015501988759374103,0.0,5.176731742050492,213,0.30371675523181074,0.09117162979868387,13898.123559420765
822,92.50983912540443,92.50983912540443,0.0018228814818445442,0.0,5.176731742050492,213,0.30370815795413586,0.08705653206790193,13901.706785029155
823,92.12483627777925,92.12483627777925,-0.004170434451692683,0.0,5.176731742050492,213,0.3037758417659371,0.07357453420001601,13891.787519914491
824,91.92337390735183,91.92337390735183,-0.0021892356430746854,0.0,5.176731742050492,213,0.3038076337521648,0.08439381841177687,13886.973196933657
825,91.50482394337247,91.50482394337247,-0.004563646105746339,0.0,5.176731742050492,213,0.30389284401561856,0.08682257052951399,13876.399921369639
826,92.81074399630019,92.81074399630019,0.014170717328467874,0.0,5.176731742050492,213,0.3037593073095792,0.04347413269370104,13905.40684437242
827,92.82138549189477,92.82138549189477,0.00011465144138123206,0.0,5.176731742050492,213,0.3037669260040095,0.040738984025802394,13905.308989783009
828,92.49128192319233,92.49128192319233,-0.0035626697566166305,0.0,5.176731742050492,213,0.30379261487551806,0.04092434482568909,13897.465625680352
829,92.42231994171276,92.42231994171276,-0.0007458833096244047,0.0,5.176731742050492,213,0.3038135945989482,0.04130201639453623,13895.402134990301
830,91.66321174146394,91.66321174146394,-0.008247389092940602,0.0,5.176731742050492,213,0.30391004021728496,0.0375890183766544,13878.097504400885
831,91.93626888373987,91.93626888373987,0.002974489281459698,0.0,5.176731742050492,213,0.30387617456469385,0.017562752674305154,13883.942684572914
832,91.84935073817192,91.84935073817192,-0.0009458645592287511,0.0,5.176731742050492,213,0.3038975134984873,0.016832660803251746,13881.403239180507
833,91.74351206654968,91.74351206654968,-0.0011529716540177107,0.0,5.176731742050492,213,0.3039259433967805,0.016950826893257158,13878.32180123942
834,92.53890053501517,92.53890053501517,0.008632331174782211,0.0,5.176731742050492,213,0.30385041660777246,0.010587016815432254,13897.81892401115
835,92.26922165456762,92.26922165456762,-0.0029184764031833063,0.0,5.176731742050492,213,0.3038908648888195,-0.02208119285407889,13890.456444521771
836,91.53133099603177,91.53133099603177,-0.008029297106935365,0.0,5.176731742050492,213,0.3039855604224805,-0.040055264310483896,13872.087118778556
837,91.26477473967695,91.26477473967695,-0.0029164346167752696,0.0,5.176731742050492,213,0.30406089837722683,-0.07954566208744485,13864.583013069725
838,91.36805472805914,91.36805472805914,0.0011310124219476704,0.0,5.176731742050492,213,0.3040906488077939,-0.07816248671299607,13865.646659163001
839,92.02631004150327,92.02631004150327,0.007178608143814059,0.0,5.176731742050492,213,0.3037849481284551,-0.06221701369308133,13885.538966835149
840,93.15952718614825,93.15952718614825,0.012238854838113338,0.0,5.176731742050492,213,0.30354617372338066,-0.005385972639204182,13910.900255627432
841,92.1243613546462,92.1243613546462,-0.011173951607888418,0.0,5.176731742050492,213,0.30421384030998155,-0.06783186765946624,13871.083916800137
842,92.77509139498056,92.77509139498056,0.007038773964129792,0.0,5.176731742050492,213,0.3041970320363053,-0.1340195345898347,13884.520874236076
843,92.96598744967625,92.96598744967625,0.0020555078402279075,0.0,5.176731742050492,213,0.30417922775675743,-0.15412067038105925,13888.775627216195
844,92.31878124450459,92.31878124450459,-0.006986098663191372,0.0,5.176731742050492,213,0.3041839814677989,-0.16546447359306926,13875.88340283298
845,92.69027475817809,92.69027475817809,0.004015954904953101,0.0,5.176731742050492,213,0.304190396222575,-0.17298363581718237,13882.732324473394
846,92.60468411652023,92.60468411652023,-0.0009238313688082781,0.0,5.176731742050492,213,0.30420062916115775,-0.1785188843383779,13880.536981239939
847,92.96247923687623,92.96247923687623,0.0038562378954869222,0.0,5.176731742050492,213,0.3042310734485829,-0.17442123275984714,13887.165526054192
848,93.49209207532886,93.49209207532886,0.00568089330343881,0.0,5.176731742050492,213,0.30427066429692795,-0.12721077041188222,13897.494481684302
849,92.61082288546618,92.61082288546618,-0.009470843348112884,0.0,5.176731742050492,213,0.30419137441838956,-0.17419639360415948,13881.315615677715
850,91.9156799240918,91.9156799240918,-0.007534378414055606,0.0,5.176731742050492,213,0.3042290660901952,-0.13559058514629546,13867.106350290154
851,92.3411473446183,92.3411473446183,0.004618207998314184,0.0,5.176731742050492,213,0.3042091298173145,-0.1447679525051801,13875.202031094903
852,92.67990021509627,92.67990021509627,0.0036617806834805724,0.0,5.176731742050492,213,0.30422781564771045,-0.11862339871214612,13881.290383770754
853,92.30075483747935,92.30075483747935,-0.004099303340103522,0.0,5.176731742050492,213,0.3042359305816071,-0.14260996496343964,13873.480376619138
854,91.76877597466522,91.76877597466522,-0.005780210789053861,0.0,5.176731742050492,213,0.30426845227341076,-0.14240342659205601,13863.38102760647
855,92.04052471784627,92.04052471784627,0.002956857353234318,0.0,5.176731742050492,213,0.3042503052377462,-0.14838832659767298,13868.437489360032
856,92.1830726963819,92.1830726963819,0.0015475542654224438,0.0,5.176731742050492,213,0.30425112930353426,-0.14658523038069393,13870.879247410223
857,92.32577298025514,92.32577298025514,0.0015468126940183812,0.0,5.176731742050492,213,0.3042467234966362,-0.14640503224417145,13873.574872496069
858,92.06705722898114,92.06705722898114,-0.002806138619923293,0.0,5.176731742050492,213,0.30427463244275205,-0.1506366099516397,13867.998530721843
859,91.8130024148305,91.8130024148305,-0.0027632683641599237,0.0,5.176731742050492,213,0.30429216002545556,-0.1451740182413686,13863.268684980856
860,90.92331580289353,90.92331580289353,-0.009737458327595414,0.0,5.176731742050492,213,0.3044384004378915,-0.09288322175754377,13846.88960495361
861,90.62643305000523,90.62643305000523,-0.0032705417594519224,0.0,5.176731742050492,213,0.30453765205056704,-0.0865711015392272,13840.789829133557
862,90.00533242602923,90.00533242602923,-0.006877008262185824,0.0,5.176731742050492,213,0.3047768140816074,-0.07729502798623927,13827.877901598971
863,90.33896504459067,90.33896504459067,0.0036999561821564877,0.0,5.176731742050492,213,0.30466824367998724,-0.09114064690505722,13833.936834722226
864,90.4126008954157,90.4126008954157,0.000814774184840138,0.0,5.176731742050492,213,0.30466285403496884,-0.08705591722973778,13834.578120932918
865,90.09245313954308,90.09245313954308,-0.0035472479514206743,0.0,5.176731742050492,213,0.3048084570503865,-0.10072514592150592,13825.183699053274
866,89.72543310937861,89.72543310937861,-0.00408213607093225,0.0,5.176731742050492,213,0.3052365246467833,-0.08811237546436222,13802.275792082568
867,89.34920720870474,89.34920720870474,-0.004201895405812812,0.0,5.176731742050492,213,0.30536594316184434,-0.07840502719752751,13794.48470671879
868,89.26416563515754,89.26416563515754,-0.0009522420255464663,0.0,5.176731742050492,213,0.3055531937366605,-0.0882144770906733,13786.021753620003
869,89.18108954956851,89.18108954956851,-0.0009311101211969507,0.0,5.176731742050492,213,0.3056152343376243,-0.07238185310757611,13783.68079689348
870,87.9430021424698,87.9430021424698,-0.013980114843724108,0.0,5.176731742050492,213,0.30687238681786005,-0.07772901781632736,13741.849642378538
871,88.08724482356018,88.08724482356018,0.0016388400954991385,0.0,5.176731742050492,213,0.30674102926923597,-0.10944518713515555,13746.172291411456
872,87.92369516790009,87.92369516790009,-0.0018584038326083694,0.0,5.176731742050492,213,0.3069236164518549,-0.11308071182265043,13740.066446134044
873,87.43986381324567,87.43986381324567,-0.005518051585429629,0.0,5.176731742050492,213,0.30739137203708555,-0.10593436842548076,13725.158118690983
874,87.11791333151767,87.11791333151767,-0.003688759699598412,0.0,5.176731742050492,213,0.3077529577184542,-0.0898478896057305,13713.800839480791
875,86.34185986574326,86.34185986574326,-0.008947995601071871,0.0,5.176731742050492,213,0.3085180334117877,-0.06786353187310083,13690.310299719615
876,86.33005447306134,86.33005447306134,-0.00013673784466361008,0.0,5.176731742050492,213,0.3085467017963791,-0.07518407824154355,13689.382185046015
877,86.65755188736662,86.65755188736662,0.0037863730525297596,0.0,5.176731742050492,213,0.30822888298147844,-0.07125096336891859,13698.95473556429
878,86.45693764744675,86.45693764744675,-0.00231770697257447,0.0,5.176731742050492,213,0.30846902762363987,-0.07446256505063693,13691.395540538437
879,86.69579806770567,86.69579806770567,0.0027589581046639534,0.0,5.176731742050492,213,0.30823680866527825,-0.07620489441217335,13698.72717414303
880,86.25953623054751,86.25953623054751,-0.005044802626848293,0.0,5.176731742050492,213,0.3087425694265664,-0.08220385313055294,13682.879869685064
881,85.9725788459362,85.9725788459362,-0.0033322200102769393,0.0,5.176731742050492,213,0.3090424819745346,-0.08204812093252974,13673.435210924386
882,85.5769353429315,85.5769353429315,-0.004612594869208694,0.0,5.176731742050492,213,0.3095153940913541,-0.07276729889257136,13659.158222873857
883,85.70401498408631,85.70401498408631,0.0014838738835817394,0.0,5.176731742050492,213,0.30939114447792937,-0.07966552574343781,13662.714400618954
884,85.74678793803132,85.74678793803132,0.0004989531002873985,0.0,5.176731742050492,213,0.3093589178108302,-0.07898003416004863,13663.587351703502
885,85.92881666390164,85.92881666390164,0.002120613403490636,0.0,5.176731742050492,213,0.30918010340757124,-0.04577806748682881,13668.759036856414
886,85.82856285550862,85.82856285550862,-0.0011673887906184773,0.0,5.176731742050492,213,0.3093139621843912,-0.06733002716098783,13664.637334170846
887,86.30107178767724,86.30107178767724,0.005490165827727228,0.0,5.176731742050492,213,0.30884312756120214,-0.06290836809109732,13679.008109801302
888,85.68426962095603,85.68426962095603,-0.0071727602611793674,0.0,5.176731742050492,213,0.3095717272142668,-0.08581425347258159,13657.248799089997
889,85.76751711854962,85.76751711854962,0.0009710893740878624,0.0,5.176731742050492,213,0.3094903088655422,-0.09160107370212023,13659.58922307663
890,85.50829786714007,85.50829786714007,-0.003026924138132368,0.0,5.176731742050492,213,0.309863385519212,-0.07813861790775364,13648.715717961815
891,85.09534278776897,85.09534278776897,-0.004841114577628497,0.0,5.176731742050492,213,0.3102501865020441,-0.07489899378809473,13635.769179113575
892,84.62636267651283,84.62636267651283,-0.005526474101846625,0.0,5.176731742050492,213,0.3107714507032794,-0.06460365972536074,13610.796321517617
893,85.58864660850465,85.58864660850465,0.011306807641185327,0.0,5.176731742050492,213,0.310173299662958,-0.08908762595512539,13630.730264972715
894,85.77539673403507,85.77539673403507,0.0021795727483788067,0.0,5.176731742050492,213,0.3101037927835197,-0.05863487712695963,13634.379670276803
895,86.16680953642751,86.16680953642751,0.004552849320673991,0.0,5.176731742050492,213,0.3098953837728626,-0.052956185680673076,13642.510024039842
896,86.73811718598215,86.73811718598215,0.006608368419478033,0.0,5.176731742050492,213,0.3094636726694122,-0.035122349174802,13660.888266804252
897,86.15897943164802,86.15897943164802,-0.006699244020068815,0.0,5.176731742050492,213,0.30981442665805436,-0.05743836702775365,13644.45433296753
898,86.49921007457645,86.49921007457645,0.003941094068917328,0.0,5.176731742050492,213,0.3096505513707252,-0.0824423495204704,13652.63457705965
899,86.92059568909868,86.92059568909868,0.004859726857452662,0.0,5.176731742050492,213,0.30943800170842156,-0.13034438295469844,13663.817171227736
900,86.64495444299126,86.64495444299126,-0.0031762233649371124,0.0,5.176731742050492,213,0.3095817502696307,-0.06620522203219577,13656.222990937136
901,86.53169487891424,86.53169487891424,-0.0013080236933643906,0.0,5.176731742050492,213,0.3096593560195681,-0.013678170761469287,13652.34635613697
902,87.14957547279379,87.14957547279379,0.0071151391203025435,0.0,5.176731742050492,213,0.3093788140856833,-0.03259513945999667,13668.209600593202
903,87.32499821218263,87.32499821218263,0.0020108694899824858,0.0,5.176731742050492,213,0.30929958425591836,-0.002436885629227017,13672.821951182099
904,87.60156080274461,87.60156080274461,0.003162044946796809,0.0,5.176731742050492,213,0.3091852593504715,0.027688085838987703,13679.78025638791
905,88.80529671176805,88.80529671176805,0.013647480707771855,0.0,5.176731742050492,213,0.3086369410126006,0.06168368089365571,13714.68252162959
906,89.35566431101714,89.35566431101714,0.006178338361014143,0.0,5.176731742050492,213,0.308506564526616,0.12085066933103657,13729.259679034509
907,89.31011372414821,89.31011372414821,-0.0005098971762446394,0.0,5.176731742050492,213,0.30853270607873223,0.10506400674231144,13727.471963112446
908,89.57639606514967,89.57639606514967,0.0029771114433507257,0.0,5.176731742050492,213,0.30847573552343194,0.14216571252515428,13734.451597537724
909,89.80933032153057,89.80933032153057,0.0025970225389955652,0.0,5.176731742050492,213,0.3084174718965993,0.11542517253352703,13741.041270668753
910,89.9140826978336,89.9140826978336,0.0011657066422819844,0.0,5.176731742050492,213,0.30840103728948237,0.1466951766805862,13743.638428766699
911,89.96327948323092,89.96327948323092,0.0005470036476794848,0.0,5.176731742050492,213,0.30839895505737414,0.13592806268763574,13744.7002443814
912,90.19048926738031,90.19048926738031,0.002522399683266526,0.0,5.176731742050492,213,0.3083590252820884,0.14900234767585605,13750.557205268175
913,89.90185367933037,89.90185367933037,-0.0032054204022743346,0.0,5.176731742050492,213,0.30844601809042393,0.13042990033354687,13742.07279925582
914,89.73005212002377,89.73005212002377,-0.001912818448654239,0.0,5.176731742050492,213,0.30848779218770794,0.14841374570876847,13737.31660684311
915,89.51828314521502,89.51828314521502,-0.0023628567933144163,0.0,5.176731742050492,213,0.3085595295821175,0.14651258310678292,13730.886400957717
916,89.17805532793733,89.17805532793733,-0.0038078925544253817,0.0,5.176731742050492,213,0.3086881945951086,0.1471952231869753,13718.647824340374
917,88.70119752597553,88.70119752597553,-0.005361602735051984,0.0,5.176731742050492,213,0.3086831289616267,0.15954086191297948,13701.663911196101
918,89.28471923284624,89.28471923284624,0.00655696594592177,0.0,5.176731742050492,213,0.3081162769180506,0.12824873628598593,13723.874081600406
919,89.45621331172056,89.45621331172056,0.001918912798050832,0.0,5.176731742050492,213,0.3081529192702676,0.12517824312076942,13724.014203555722
920,88.37768197103588,88.37768197103588,-0.012129797447318848,0.0,5.176731742050492,213,0.30961664827054314,0.08627773521090773,13670.02035628967
921,88.98290746258661,88.98290746258661,0.006824828928218869,0.0,5.176731742050492,213,0.30958457888979873,0.017649306347990504,13678.36333820121
922,89.0317572116074,89.0317572116074,0.0005488283826096621,0.0,5.176731742050492,213,0.3095469940358091,0.03904181212980004,13679.850092734208
923,90.28564185438681,90.28564185438681,0.013985314157081435,0.0,5.176731742050492,213,0.3086166240507699,0.039103082579620245,13720.420898995213
924,91.06357834954507,91.06357834954507,0.008579482901656492,0.0,5.176731742050492,213,0.3080727488227393,0.10606596000787206,13747.641168523964
925,90.70800278851291,90.70800278851291,-0.0039123389074810725,0.0,5.176731742050492,213,0.30832558936553284,0.07832442637429247,13734.811239905122
926,90.84258186219051,90.84258186219051,0.0014825520786560737,0.0,5.176731742050492,213,0.3082491386924669,0.06530591101335048,13738.948237582825
927,92.11647547792464,92.11647547792464,0.013925675184152844,0.0,5.176731742050492,213,0.3076050410523389,0.06528798269622747,13778.93304355588
928,91.77358215503237,91.77358215503237,-0.0037293339805027173,0.0,5.176731742050492,213,0.3077843271691912,0.034698957658283215,13767.366530011326
929,91.68718858552108,91.68718858552108,-0.000941820701490197,0.0,5.176731742050492,213,0.3078339631519855,0.027424314144117966,13764.392462290729
930,91.5672662499178,91.5672662499178,-0.0013088069572949428,0.0,5.176731742050492,213,0.3079040163164356,0.04020257945707179,13760.241992135247
931,91.51007723792344,91.51007723792344,-0.0006247524982063287,0.0,5.176731742050492,213,0.30794345993905625,0.04308822886734889,13758.108290781971
932,92.1812019297895,92.1812019297895,0.007307126185616734,0.0,5.176731742050492,213,0.3076227148697943,0.028147842338377735,13779.624445457279
933,92.44770663615057,92.44770663615057,0.002886924843200547,0.0,5.176731742050492,213,0.30751198327354945,0.019545291052117483,13787.915092031237
934,92.23147603160352,92.23147603160352,-0.002341690061999583,0.0,5.176731742050492,213,0.30760771432924155,-0.010426455105798345,13780.994320915876
935,92.02216986661423,92.02216986661423,-0.0022719361019981803,0.0,5.176731742050492,213,0.30769988892067535,-0.011825706068930504,13774.39921819652
936,92.03814781101764,92.03814781101764,0.00017361639537669978,0.0,5.176731742050492,213,0.30769887335622464,-0.008051555324791357,13774.755943093312
937,92.21252422873846,92.21252422873846,0.0018928177341528058,0.0,5.176731742050492,213,0.30762679338451693,-0.002920215852898331,13780.144771665822
938,92.17561715330054,92.17561715330054,-0.000400319409417322,0.0,5.176731742050492,213,0.3076465606997588,-0.00018576893802658758,13778.880899430405
939,92.2757168291817,92.2757168291817,0.0010853777367367452,0.0,5.176731742050492,213,0.3076073357966722,0.006211556045323241,13781.935317973444
940,91.89828170987695,91.89828170987695,-0.004098685489627127,0.0,5.176731742050492,213,0.3077763285790893,-0.010409979015885884,13769.932023929008
941,91.56030461319229,91.56030461319229,-0.003684509793869735,0.0,5.176731742050492,213,0.3079332367404022,-0.01062347477095908,13759.276684615967
942,91.61123763929014,91.61123763929014,0.0005561238037766697,0.0,5.176731742050492,213,0.3079901262162044,-0.00811332726355672,13758.739224312063
943,91.35239757028786,91.35239757028786,-0.0028294173471865728,0.0,5.176731742050492,213,0.30808593093952125,-0.006458278535666617,13749.801072038377
944,91.66363126248334,91.66363126248334,0.0034011664902570253,0.0,5.176731742050492,213,0.3079360235697102,-0.011700780947711006,13757.564871334673
945,90.86250096101968,90.86250096101968,-0.00877830956262498,0.0,5.176731742050492,213,0.3080763431315499,-0.0228541953626069,13740.107676633485
946,90.84600823840852,90.84600823840852,-0.0001815294476755017,0.0,5.176731742050492,213,0.3082142237817045,-0.010919191940903161,13735.243261043663
947,90.06534087798599,90.06534087798599,-0.008630439271644691,0.0,5.176731742050492,213,0.30843433007117116,0.016873483472102966,13717.405831410939
948,89.99648530150124,89.99648530150124,-0.0007647993059045062,0.0,5.176731742050492,213,0.3084827640972007,0.026249114231182435,13715.053569121344
949,89.08656706270392,89.08656706270392,-0.010162056734890134,0.0,5.176731742050492,213,0.30917459497297867,0.034730554126651395,13683.46463603936
950,89.09186177364795,89.09186177364795,5.943155947845172e-05,0.0,5.176731742050492,213,0.3091767015935327,0.02709881463290339,13683.486750431239
951,89.32839449973551,89.32839449973551,0.002651412676973904,0.0,5.176731742050492,213,0.30899150993909585,0.0068095633722984215,13691.746299887236
952,89.41803933719193,89.41803933719193,0.0010030392556428583,0.0,5.176731742050492,213,0.3089297715905503,0.045490087215811416,13694.754097563822
953,89.4381381369326,89.4381381369326,0.00022474817598268113,0.0,5.176731742050492,213,0.30892024889703634,0.03915776569549932,13695.322379085
954,89.2932917708937,89.2932917708937,-0.001620827381326891,0.0,5.176731742050492,213,0.3090441402840143,0.03623842332371993,13689.852667057341
955,88.63643542411987,88.63643542411987,-0.007383356801730866,0.0,5.176731742050492,213,0.3096317952873395,0.03130938122862361,13665.62060565407
956,88.55850657088646,88.55850657088646,-0.0008795833264794938,0.0,5.176731742050492,213,0.30970839276941353,0.06514238754060674,13662.68664401171
957,89.1090351980734,89.1090351980734,0.006197309690909057,0.0,5.176731742050492,213,0.3092264835312448,0.07649988148610598,13682.447262336536
958,88.29609255137628,88.29609255137628,-0.009164879812251904,0.0,5.176731742050492,213,0.3099421270819234,0.03144332711945863,13653.634219818423
959,88.60373072563985,88.60373072563985,0.0034781095729303243,0.0,5.176731742050492,213,0.30967286725969634,0.02345494307371286,13664.550028808755
960,88.29242363197967,88.29242363197967,-0.0035196628910784417,0.0,5.176731742050492,213,0.30995588651815986,0.012991992832271539,13653.402518000583
961,87.69686685450817,87.69686685450817,-0.006768128324631676,0.0,5.176731742050492,213,0.31052125708727013,0.034153993688985015,13631.392948952473
962,88.26223129009196,88.26223129009196,0.006426111375881691,0.0,5.176731742050492,213,0.3100216229378447,0.0023351214315281785,13651.06495354139
963,88.21096290817397,88.21096290817397,-0.0005810330978963445,0.0,5.176731742050492,213,0.31007251575050937,-0.003658835905470791,13649.10916433201
964,89.1016562340189,89.1016562340189,0.010046671489381305,0.0,5.176731742050492,213,0.30928130745918353,-0.028570485661270486,13680.860828414747
965,89.71486582434689,89.71486582434689,0.006858560797868463,0.0,5.176731742050492,213,0.3088189904624034,-0.040781224765145514,13702.199645628696
966,89.12006538803826,89.12006538803826,-0.006651973700434108,0.0,5.176731742050492,213,0.3092934813599986,-0.06572755357429744,13680.92053271698
967,89.11585414268,89.11585414268,-4.7254732605194085e-05,0.0,5.176731742050492,213,0.3092978772918875,-0.06488397738236736,13680.756109214002
968,87.91614088187721,87.91614088187721,-0.013553839540102459,0.0,5.176731742050492,213,0.31037523001426637,-0.06405342239820275,13638.109012425979
969,87.92286670394768,87.92286670394768,7.649977290119219e-05,0.0,5.176731742050492,213,0.3104590683720553,-0.06951619399591977,13635.33084510583
970,87.30922109934424,87.30922109934424,-0.007003832697062226,0.0,5.176731742050492,213,0.31105367967235203,-0.07043236129806596,13612.579751229188
971,86.87761441053756,86.87761441053756,-0.004955685323238023,0.0,5.176731742050492,213,0.31143186753134317,-0.056432488542187076,13594.275933825485
972,87.6832585913648,87.6832585913648,0.00923058973402669,0.0,5.176731742050492,213,0.3109362507834942,-0.07133213840151946,13615.036489453507
973,87.0730900806398,87.0730900806398,-0.0069831052762197735,0.0,5.176731742050492,213,0.3115234215093375,-0.10288974330594138,13592.093808064119
974,87.4344309117054,87.4344309117054,0.004141269618987001,0.0,5.176731742050492,213,0.31129808942581694,-0.11794884572342833,13602.152758738388
975,87.46698648471113,87.46698648471113,0.0003722734082584803,0.0,5.176731742050492,213,0.3112649151509423,-0.11963264631338129,13603.315838933655
976,87.44614845761865,87.44614845761865,-0.00023826715126833118,0.0,5.176731742050492,213,0.3113120517834562,-0.12884501531433876,13601.896984397714
977,86.92564740273886,86.92564740273886,-0.005970032002646267,0.0,5.176731742050492,213,0.3119344501716242,-0.11179403371691392,13580.860256917407
978,86.85388630359417,86.85388630359417,-0.0008258867047591508,0.0,5.176731742050492,213,0.31202975883910194,-0.12144302673860052,13577.74162095408
979,87.17825196814408,87.17825196814408,0.0037276567807637637,0.0,5.176731742050492,213,0.31167619025886467,-0.10785172720711143,13589.943945079343
980,87.3155099772618,87.3155099772618,0.0015732142616096036,0.0,5.176731742050492,213,0.3115303512557281,-0.06661835800834219,13595.058173163161
981,87.1943908905131,87.1943908905131,-0.0013881058392042787,0.0,5.176731742050492,213,0.3116723601136703,-0.07302969774335473,13590.245779338245
982,87.36433345419672,87.36433345419672,0.0019471111285063879,0.0,5.176731742050492,213,0.31148925455141735,-0.08089806081733114,13596.646795126848
983,87.90324038173289,87.90324038173289,0.006149553098281483,0.0,5.176731742050492,213,0.31091039976842505,-0.1580411133415054,13617.039376684737
984,87.43838468845698,87.43838468845698,-0.0053022980958784905,0.0,5.176731742050492,213,0.31144857936931936,-0.165333389806644,13598.456989520588
985,87.11627303903289,87.11627303903289,-0.0036906722426404545,0.0,5.176731742050492,213,0.31181216143294177,-0.15246482209503034,13585.968721757623
986,87.49178954668633,87.49178954668633,0.0043012571245457645,0.0,5.176731742050492,213,0.3113935217367914,-0.1786665445334249,13600.459850926294
987,87.68109045613433,87.68109045613433,0.0021613046852238015,0.0,5.176731742050492,213,0.31119506370004163,-0.16477486199829963,13607.491203587348
988,87.923838835323,87.923838835323,0.0027647120703432537,0.0,5.176731742050492,213,0.31093266944311443,-0.15731772288042886,13616.854453798807
989,88.45713807433653,88.45713807433653,0.006047147186691839,0.0,5.176731742050492,213,0.3103808427629159,-0.1366858074693804,13637.249251399024
990,87.99956816483959,87.99956816483959,-0.005186211902575449,0.0,5.176731742050492,213,0.3108857619690384,-0.15526399150841327,13618.959364558072
991,88.55665780759587,88.55665780759587,0.006310641139845722,0.0,5.176731742050492,213,0.31029246230558155,-0.17054522345723883,13640.820894321485
992,88.43282022574321,88.43282022574321,-0.0013993781261750196,0.0,5.176731742050492,213,0.3104234376455327,-0.20108813554768484,13635.993831787959
993,88.30079767721729,88.30079767721729,-0.0014940289759241868,0.0,5.176731742050492,213,0.31056998790757756,-0.19848145538582807,13630.716985667961
994,87.32352283614054,87.32352283614054,-0.011129266440444818,0.0,5.176731742050492,213,0.31166890287933063,-0.18177554290196868,13591.814137767864
995,87.8873007781225,87.8873007781225,0.006435445894127344,0.0,5.176731742050492,213,0.31114640393118254,-0.22157960659901507,13609.744611348558
996,88.37128848572362,88.37128848572362,0.005491805262272234,0.0,5.176731742050492,213,0.31119917343506687,-0.19062575778675442,13619.49637889481
997,88.87321507936386,88.87321507936386,0.005663678424390898,0.0,5.176731742050492,213,0.3107047973226728,-0.1640203549915224,13640.30136941672
998,89.06130612374844,89.06130612374844,0.002114161020263376,0.0,5.176731742050492,213,0.31072722328917085,-0.15338514311769508,13640.040690248856
999,88.92537578947857,88.92537578947857,-0.001527421706343861,0.0,5.176731742050492,213,0.31104326563188495,-0.1515784935786176,13628.41582550861
1000,88.58312334048834,88.58312334048834,-0.0038561857576426277,0.0,4.952983017172493,178,0.36847039027705497,-0.15630745275668873,12657.39972232582
1001,89.17428229806218,89.17428229806218,0.006651324988241903,0.0,4.952983017172493,178,0.36830943275016587,-0.16428444758723257,12662.545560703848
1002,89.29097576242572,89.29097576242572,0.0013077445129931987,0.0,4.952983017172493,178,0.36827873474588135,-0.15559256936652133,12663.537921631021
1003,89.58493264347341,89.58493264347341,0.003286715894720387,0.0,4.952983017172493,178,0.3681932195534702,-0.14588605974189628,12666.353679283573
1004,89.49539198425684,89.49539198425684,-0.0010000056328299282,0.0,4.952983017172493,178,0.3682191692317412,-0.1300506218791576,12665.495986156931
1005,89.1137151395994,89.1137151395994,-0.004273885377764277,0.0,4.952983017172493,178,0.36833068161375404,-0.1322539195447231,12661.839975478375
1006,89.3395501482147,89.3395501482147,0.0025310282645851644,0.0,4.952983017172493,178,0.3682645683614282,-0.13784383481386409,12664.003206532727
1007,88.6863858347143,88.6863858347143,-0.0073378886135089276,0.0,4.952983017172493,178,0.36845730334767984,-0.15398212131936495,12657.746668473275
1008,89.22721954685295,89.22721954685295,0.006079752887909427,0.0,4.952983017172493,178,0.36829736518991346,-0.18046734446620843,12662.927212838438
1009,89.61117360741376,89.61117360741376,0.004293872738543584,0.0,4.952983017172493,178,0.3681856339830928,-0.1730341103231002,12666.605036539651
1010,90.46003264827851,90.46003264827851,0.00942810731791718,0.0,4.952983017172493,178,0.3679537302250312,-0.1410812235520389,12674.736097570552
1011,90.9536817362668,90.9536817362668,0.005442260063729405,0.0,4.952983017172493,178,0.36785554508289153,-0.11271457789176778,12679.464669299246
1012,91.11995140492753,91.11995140492753,0.0018264008029230175,0.0,4.952983017172493,178,0.3678274014309766,-0.10801470108030521,12681.057335170004
1013,91.69023243836587,91.69023243836587,0.006239071274312679,0.0,4.952983017172493,178,0.3677566913351051,-0.10102941629017294,12686.519949885078
1014,91.16596220164664,91.16596220164664,-0.00573425116193105,0.0,4.952983017172493,178,0.3678197063580951,-0.12758518349023343,12681.498063934372
1015,91.92028750359673,91.92028750359673,0.00824015535184916,0.0,4.952983017172493,178,0.36773990926529115,-0.16109026553412317,12688.723604067702
1016,91.41096033784179,91.41096033784179,-0.005556373854811388,0.0,4.952983017172493,178,0.3677857976523649,-0.17933979468602917,12683.844854982071
1017,91.68372401239601,91.68372401239601,0.002979484383247354,0.0,4.952983017172493,178,0.36775719305340376,-0.15961814389656284,12686.457606897342
1018,92.10871446936935,92.10871446936935,0.004624686607878969,0.0,4.952983017172493,178,0.3677280028170888,-0.14500307657537959,12690.52851051837
1019,91.8683160405739,91.8683160405739,-0.00261335412304735,0.0,4.952983017172493,178,0.3677434970672339,-0.1454449339387527,12688.225779202372
1020,92.71569998372709,92.71569998372709,0.009181617286444505,0.0,4.952983017172493,178,0.36769568713937,-0.1750157070463282,12696.237348802013
1021,92.93974216668218,92.93974216668218,0.0024135278677105214,0.0,4.952983017172493,178,0.36768903306800216,-0.14846979911828473,12698.187560075272
1022,92.92685599849857,92.92685599849857,-0.00013866039763425674,0.0,4.952983017172493,178,0.36768939705411,-0.1472499680902459,12698.07539034844
1023,93.42965063644354,93.42965063644354,0.0053960644254834435,0.0,4.952983017172493,178,0.3677066602748982,-0.14017945626548245,12702.452047271348
1024,92.98157453930473,92.98157453930473,-0.004807403198792736,0.0,4.952983017172493,178,0.3676869476642808,-0.1946956896920175,12698.52742108555
1025,92.61862864513031,92.61862864513031,-0.003911055597923272,0.0,4.952983017172493,178,0.3677047281373228,-0.1536214585169398,12694.625483007187
1026,92.36614667801983,92.36614667801983,-0.002729761121716041,0.0,4.952983017172493,178,0.3677107071630971,-0.15144062406443856,12692.524163574783
1027,92.1630391569504,92.1630391569504,-0.0022013602040430727,0.0,4.952983017172493,178,0.36772768138677675,-0.15029534927980576,12690.61203490898
1028,91.9862304509599,91.9862304509599,-0.0019202765310798514,0.0,4.952983017172493,178,0.3677165882800537,-0.17311547053252868,12689.467736890378
1029,91.81129053037708,91.81129053037708,-0.0019036162454971902,0.0,4.952983017172493,178,0.36771608774010056,-0.17081593722044192,12688.151071628396
1030,91.30328544317337,91.30328544317337,-0.005548508498430046,0.0,4.952983017172493,178,0.36775132047518494,-0.19315181818431781,12682.495541191922
1031,90.77189559774462,90.77189559774462,-0.005837054244818247,0.0,4.952983017172493,178,0.36819199711999256,-0.1279167767387352,12665.465638209753
1032,90.62176911515284,90.62176911515284,-0.0016552564512844765,0.0,4.952983017172493,178,0.36821362235715227,-0.0739442976555004,12663.911715423006
1033,91.23712212299691,91.23712212299691,0.0067673936877969045,0.0,4.952983017172493,178,0.36787039695850055,-0.06573504136282354,12677.6150871512
1034,91.60202735883885,91.60202735883885,0.003991549089596879,0.0,4.952983017172493,178,0.36783754906896254,-0.050145486245303655,12680.690886856371
1035,90.95786355527214,90.95786355527214,-0.007057042746007958,0.0,4.952983017172493,178,0.36796984782905234,-0.06641613096187797,12673.644902076832
1036,91.55417500746508,91.55417500746508,0.006534512230040187,0.0,4.952983017172493,178,0.3678464896124106,-0.10179884676272656,12680.167468841297
1037,91.42655710099957,91.42655710099957,-0.0013948783097215297,0.0,4.952983017172493,178,0.36787043753995724,-0.12224081661111418,12678.771560189534
1038,91.53706316897897,91.53706316897897,0.0012079568741972155,0.0,4.952983017172493,178,0.3678496904166543,-0.11953328995015136,12679.980296335088
1039,91.62496857063998,91.62496857063998,0.0009598649630094102,0.0,4.952983017172493,178,0.36783327615720546,-0.1218264399095436,12680.94182214376
1040,92.37366769779194,92.37366769779194,0.008138139221937981,0.0,4.952983017172493,178,0.36770510171958687,-0.11559911626512234,12689.131233944234
1041,92.61312202787202,92.61312202787202,0.002588881770169497,0.0,4.952983017172493,178,0.3676721982177786,-0.10580014705371762,12691.750430421584
1042,92.4544636950954,92.4544636950954,-0.0017145992479032533,0.0,4.952983017172493,178,0.36769382554260904,-0.11206974119996092,12690.014995751548
1043,92.97912860393103,92.97912860393103,0.00565880542356727,0.0,4.952983017172493,178,0.36764355522265135,-0.09827221695699799,12695.753879155964
1044,93.67550442693991,93.67550442693991,0.007461685174304495,0.0,4.952983017172493,178,0.3676592647298681,-0.09848278994484438,12703.370968819478
1045,93.466046275355,93.466046275355,-0.002238500624399987,0.0,4.952983017172493,178,0.3676468470679438,-0.10373723754831517,12701.07987618148
1046,93.19787980893896,93.19787980893896,-0.002873256301108129,0.0,4.952983017172493,178,0.36764287428710457,-0.09604858932102378,12698.146620959302
1047,93.46009663019625,93.46009663019625,0.002809598590439259,0.0,4.952983017172493,178,0.3676465341664371,-0.10215622130596101,12701.01479784426
1048,93.44590690691751,93.44590690691751,-0.0001518380687346241,0.0,4.952983017172493,178,0.36764578789288854,-0.1100502249844932,12700.859587983517
1049,93.04163692630361,93.04163692630361,-0.004335631276843079,0.0,4.952983017172493,178,0.36764318467672574,-0.08316803121878241,12696.437606936992
1050,92.68692576575604,92.68692576575604,-0.0038196773471327163,0.0,4.952983017172493,178,0.3676637454068639,-0.043002739418010444,12692.557709580899
1051,92.64106847347385,92.64106847347385,-0.0004948771329050125,0.0,4.952983017172493,178,0.36766874157877655,-0.03045361054592525,12692.056113897219
1052,91.92184406504532,91.92184406504532,-0.007793852397044207,0.0,4.952983017172493,178,0.36777944944923596,-0.024622163012841015,12684.189102111086
1053,92.80334365504072,92.80334365504072,0.009543974939147992,0.0,4.952983017172493,178,0.367652824456002,-0.09188821510814077,12693.83111033925
1054,93.42960874086712,93.42960874086712,0.006725635162656734,0.0,4.952983017172493,178,0.3676449307084787,-0.015572268948869475,12700.681315579372
1055,93.63326234460003,93.63326234460003,0.0021773822139175827,0.0,4.952983017172493,178,0.3676756910956655,-0.02908976342516636,12701.338173437292
1056,94.06424099132802,94.06424099132802,0.0045922763646518054,0.0,4.952983017172493,178,0.3675665444618476,-0.04150601949203112,12707.78003871104
1057,93.73556180701708,93.73556180701708,-0.0035003180514673075,0.0,4.952983017172493,178,0.3675953406935531,-0.05782671660992519,12702.955329701257
1058,93.7712605399761,93.7712605399761,0.00038077263476083036,0.0,4.952983017172493,178,0.3676416231059705,-0.05401892131727574,12701.792934987638
1059,92.80313445530882,92.80313445530882,-0.010378002553294621,0.0,4.952983017172493,178,0.36765856618926795,-0.05293807658239115,12692.739992930265
1060,92.45547485023334,92.45547485023334,-0.0037532400194143635,0.0,4.952983017172493,178,0.36767233471845484,-0.0008184566847556974,12689.976565733383
1061,92.53635882225457,92.53635882225457,0.0008744599755535777,0.0,4.952983017172493,178,0.3676723198367859,-0.004249510398933001,12690.53105975174
1062,92.34562766848687,92.34562766848687,-0.0020632753363540725,0.0,4.952983017172493,178,0.3676758549507325,-0.0061237713440963895,12689.154534004301
1063,92.8191701092632,92.8191701092632,0.005114832612260015,0.0,4.952983017172493,178,0.36767310245108037,-0.011338299284985408,12692.56785128866
1064,93.13203467952977,93.13203467952977,0.0033650211177199928,0.0,4.952983017172493,178,0.3676852154451577,-0.008329723277176404,12694.82299455228
1065,92.96041196448034,92.96041196448034,-0.0018444893041229676,0.0,4.952983017172493,178,0.3676778645119029,-0.006825291867396663,12693.585929551928
1066,92.28587716199554,92.28587716199554,-0.007282605086459241,0.0,4.952983017172493,178,0.3676769993116841,0.017482855073962456,12688.723849404581
1067,92.84724352807545,92.84724352807545,0.006064480353132778,0.0,4.952983017172493,178,0.36767348536035815,0.017795117958485766,12692.770205876997
1068,93.21952328890734,93.21952328890734,0.004001577110891997,0.0,4.952983017172493,178,0.3676891923689924,0.01669385695156589,12695.453616766594
1069,93.20755640043255,93.20755640043255,-0.00012838144019808748,0.0,4.952983017172493,178,0.36768864300564674,-0.00736966070952335,12695.367358843854
1070,93.12958595324743,93.12958595324743,-0.0008368750400576655,0.0,4.952983017172493,178,0.36768510447936187,-0.03957417709824133,12694.805344012384
1071,92.44544327859789,92.44544327859789,-0.007373252499774196,0.0,4.952983017172493,178,0.3676740207686599,-0.03691288748908875,12689.874009848287
1072,92.25444295114673,92.25444295114673,-0.0020682242900578844,0.0,4.952983017172493,178,0.36767761907879853,-0.031026568118422627,12688.497270061376
1073,92.22691341602766,92.22691341602766,-0.0002984533056948222,0.0,4.952983017172493,178,0.3676781887343737,-0.004654423273435789,12688.298835813543
1074,92.4883310590539,92.4883310590539,0.0028304953205406697,0.0,4.952983017172493,178,0.3676732534812424,0.03035779998862833,12690.1831470865
1075,92.6727585643421,92.6727585643421,0.001992076916948668,0.0,4.952983017172493,178,0.3676712505037247,0.07176266228575551,12691.512509646866
1076,92.40216745496706,92.40216745496706,-0.0029241270873685546,0.0,4.952983017172493,178,0.3676748046779111,0.08142830029672757,12689.562075575719
1077,92.30009471542382,92.30009471542382,-0.0011052679998063198,0.0,4.952983017172493,178,0.36767672417693303,0.07462815825176712,12688.826330231384
1078,92.2856441528312,92.2856441528312,-0.00015657290439396063,0.0,4.952983017172493,178,0.36767700382086005,0.08613180656201935,12688.722169863024
1079,92.25188275926057,92.25188275926057,-0.00036590274631121794,0.0,4.952983017172493,178,0.36767767109460076,0.10686076824718628,12688.478816071905
1080,92.72391785706981,92.72391785706981,0.005103760825811604,0.0,4.952983017172493,178,0.3676998145594973,0.091137629717455,12690.681005055947
1081,92.94265681944616,92.94265681944616,0.0023562567894591002,0.0,4.952983017172493,178,0.3676612423393539,0.10186653343730223,12693.19745980801
1082,92.86407095074475,92.86407095074475,-0.0008458883521641744,0.0,4.952983017172493,178,0.3676823401547436,0.10067501513360867,12691.836263770225
1083,92.41743276280042,92.41743276280042,-0.004821194173482796,0.0,4.952983017172493,178,0.36801913196276387,0.12737388474392777,12678.13708746917
1084,92.32076845417416,92.32076845417416,-0.001046500580945474,0.0,4.952983017172493,178,0.36802902850782315,0.11750531772034857,12677.232985949584
1085,92.07513591546527,92.07513591546527,-0.002664188066845964,0.0,4.952983017172493,178,0.36807667448862613,0.11147241351185098,12674.572710263923
1086,91.95331979447164,91.95331979447164,-0.0013238837256512965,0.0,4.952983017172493,178,0.36810553497819204,0.10977023407504406,12673.166695941716
1087,92.11103084922829,92.11103084922829,0.0017136516962644203,0.0,4.952983017172493,178,0.368080049025019,0.1041428068189058,12674.758970212306
1088,92.64011907624871,92.64011907624871,0.005727592749945487,0.0,4.952983017172493,178,0.36800126797247473,0.10661785554297967,12680.09924688622
1089,92.83754981764342,92.83754981764342,0.0021288904172450554,0.0,4.952983017172493,178,0.3679782266345633,0.10603479973716427,12682.091985959098
1090,92.70499449454115,92.70499449454115,-0.0014288404435280776,0.0,4.952983017172493,178,0.3679936209516683,0.0742264638727814,12680.754057682085
1091,93.54441584046187,93.54441584046187,0.00901401006479965,0.0,4.952983017172493,178,0.36791908964868214,0.04705429558587943,12689.226637498214
1092,94.15294947615918,94.15294947615918,0.006484222800105873,0.0,4.952983017172493,178,0.3679428290614243,0.10120622253561823,12695.368785091076
1093,93.67121206369073,93.67121206369073,-0.005129675169275364,0.0,4.952983017172493,178,0.36791910541809936,0.05363406938679221,12690.506437120786
1094,94.36855095952326,94.36855095952326,0.0074169641719886974,0.0,4.952983017172493,178,0.3679674735816662,0.04168175445661154,12697.544927960393
1095,94.97826114861931,94.97826114861931,0.006440164369851067,0.0,4.952983017172493,178,0.3680613627473566,0.11584612804479741,12703.698950927437
1096,94.62641804361705,94.62641804361705,-0.00371133782519703,0.0,4.952983017172493,178,0.36800373909901446,0.10563717522684049,12700.147672651785
1097,95.6383375240576,95.6383375240576,0.010637062221173174,0.0,4.952983017172493,178,0.3682086840006432,0.06422348969800878,12710.361337823862
1098,95.81512056176207,95.81512056176207,0.001846747399757948,0.0,4.952983017172493,178,0.3682502606136057,0.07271039041508974,12712.145672239907
1099,95.75381381587631,95.75381381587631,-0.0006400489534261287,0.0,4.952983017172493,178,0.36823578090545167,0.07007280414897225,12711.52688133078
1100,97.17598533016027,97.17598533016027,0.014743158193674201,0.0,4.952983017172493,178,0.3685914869883251,0.04022191340211452,12725.881366983964
1101,96.64016591175724,96.64016591175724,-0.0055291654492519255,0.0,4.952983017172493,178,0.3684530079249413,-0.01923336789660624,12720.473149988395
1102,96.35403525217014,96.35403525217014,-0.002965175818819714,0.0,4.952983017172493,178,0.3683812221631089,0.004987519684416699,12717.585130922671
1103,96.8729202740121,96.8729202740121,0.00537074413550214,0.0,4.952983017172493,178,0.3685127672385503,-0.030230424743655976,12722.822422998117
1104,98.09334640947709,98.09334640947709,0.012519520395190737,0.0,4.952983017172493,178,0.3688347546138181,0.020813257786574103,12735.140620400014
1105,98.71144927021496,98.71144927021496,0.00628140072424316,0.0,4.952983017172493,178,0.3690154194167817,0.05451162765022068,12741.013776144075
1106,98.37663320458948,98.37663320458948,-0.003397631997952743,0.0,4.952983017172493,178,0.3689323180327844,0.04415506231650657,12735.937943346096
1107,98.0506552167656,98.0506552167656,-0.00331907332935427,0.0,4.952983017172493,178,0.369159177027891,0.056512672394310154,12725.549483282504
1108,98.6327710461009,98.6327710461009,0.005919334842814663,0.0,4.952983017172493,178,0.3693522474184955,0.03900948770703695,12728.898977461371
1109,99.58388338913234,99.58388338913234,0.00959676819645383,0.0,4.952983017172493,178,0.3690582283611007,0.04801886898146738,12747.80216201891
1110,99.74066255741364,99.74066255741364,0.0015731048062147912,0.0,4.952983017172493,178,0.3691015547117351,0.045710325997821113,12748.564110545716
1111,99.72897365864556,99.72897365864556,-0.00011719978040974787,0.0,4.952983017172493,178,0.3691011857827538,0.035842416233513995,12748.43711307451
1112,100.04286177633927,100.04286177633927,0.003142468760091673,0.0,4.952983017172493,178,0.3691121737673995,0.08468668406512572,12751.84744265127
1113,100.09422259965385,100.09422259965385,0.0005132564472219844,0.0,4.952983017172493,178,0.36911410581553455,0.05670909658614419,12752.405467389905
1114,99.85024264513675,99.85024264513675,-0.002440478412967814,0.0,4.952983017172493,178,0.36910965254795275,0.05516366267993519,12749.667275723386
1115,99.47185912511807,99.47185912511807,-0.003796708655900017,0.0,4.952983017172493,178,0.369085132626898,0.06327758773252562,12745.810988160292
1116,99.21632491832807,99.21632491832807,-0.002572214839155105,0.0,4.952983017172493,178,0.3690693710998532,0.0859893414053054,12743.206716749262
1117,99.87463857317731,99.87463857317731,0.006613218827845822,0.0,4.952983017172493,178,0.3691113558238978,0.06991439167124246,12749.915906302986
1118,98.96322471776296,98.96322471776296,-0.009167471662069892,0.0,4.952983017172493,178,0.3690541541111883,0.026006558225422024,12740.62725146069
1119,99.89101358497403,99.89101358497403,0.009331413877926301,0.0,4.952983017172493,178,0.3691125463996285,-0.06633485048118101,12750.081867679564
1120,99.89823207146043,99.89823207146043,7.226101150553877e-05,0.0,4.952983017172493,178,0.36911305298565106,-0.07499760322740308,12750.15538335619
1121,100.42638496479286,100.42638496479286,0.005272982670739605,0.0,4.952983017172493,178,0.36915169899936606,-0.07853624966191383,12755.534283405192
1122,101.51354428628495,101.51354428628495,0.010767259637262012,0.0,4.952983017172493,178,0.369250484997911,-0.04373178100504235,12766.606307058706
1123,101.7473025033845,101.7473025033845,0.0023000821244949163,0.0,4.952983017172493,178,0.36927532039684574,-0.04402598375332179,12768.986985270043
1124,101.6528092552047,101.6528092552047,-0.0009291367065708756,0.0,4.952983017172493,178,0.36926516126208836,-0.041178532044869424,12768.024631861246
1125,101.28178313008193,101.28178313008193,-0.0036566120558518514,0.0,4.952983017172493,178,0.3692263389697594,-0.05098280468971061,12764.245967637687
1126,101.32401067685763,101.32401067685763,0.00041684442082023904,0.0,4.952983017172493,178,0.3692307072747798,-0.02397596983784813,12764.67602824379
1127,101.62258297789255,101.62258297789255,0.0029423752433321146,0.0,4.952983017172493,178,0.369261950594571,-0.03288909489962064,12767.716796523095
1128,100.84659586695331,100.84659586695331,-0.007665274437149563,0.0,4.952983017172493,178,0.3691841916486546,-0.03720700190058126,12759.813863183617
1129,101.02865098995183,101.02865098995183,0.0018036403688607293,0.0,4.952983017172493,178,0.36920037817453616,-0.042088323103775506,12761.667978388477
1130,101.22527506422439,101.22527506422439,0.001944329487708549,0.0,4.952983017172493,178,0.36922049342539914,-0.05443158132533783,12763.670469061333
1131,100.78821797436521,100.78821797436521,-0.004327015638466754,0.0,4.952983017172493,178,0.3691900214446306,-0.0783035168093952,12758.993633792183
1132,100.62479332101879,100.62479332101879,-0.0016227818467058025,0.0,4.952983017172493,178,0.3691701179823792,-0.07090180030345804,12756.223223685496
1133,100.66369643857946,100.66369643857946,0.00038654091042697263,0.0,4.952983017172493,178,0.369209248484158,-0.06727310575290439,12754.344773230176
1134,100.95060821117673,100.95060821117673,0.002846146921710814,0.0,4.952983017172493,178,0.3692715534472826,-0.06872665315709263,12755.699918036928
1135,101.05435120782607,101.05435120782607,0.0010271332552279347,0.0,4.952983017172493,178,0.36929143096439215,-0.067551764159486,12756.244919535984
1136,101.3805117356323,101.3805117356323,0.003222377858177632,0.0,4.952983017172493,178,0.369324219046134,-0.07664252677267097,12760.273093743579
1137,100.91462169712187,100.91462169712187,-0.00460605111241791,0.0,4.952983017172493,178,0.3692785237788223,-0.0845937432841121,12754.694724774265
1138,100.9360470003904,100.9360470003904,0.00021228865365912882,0.0,4.952983017172493,178,0.36928055906182417,-0.08159506330662776,12754.951262233819
1139,99.90880028668631,99.90880028668631,-0.01022934553824601,0.0,4.952983017172493,178,0.3691902029224346,-0.06229953634593498,12742.565849785264
1140,99.649620698842,99.649620698842,-0.0025975324147366895,0.0,4.952983017172493,178,0.36915879495827086,-0.037813299877926365,12739.63335462371
1141,100.0667438848756,100.0667438848756,0.004177161880786913,0.0,4.952983017172493,178,0.3692095644532535,-0.042992361169253465,12744.351755801928
1142,99.79878317798564,99.79878317798564,-0.002681411560864902,0.0,4.952983017172493,178,0.36917674560702846,-0.05684135404855167,12741.322278392488
1143,98.84135783171406,98.84135783171406,-0.00963987193752428,0.0,4.952983017172493,178,0.36906551588423603,-0.037731588142662406,12730.497935930418
1144,99.08219551927097,99.08219551927097,0.0024336447314663575,0.0,4.952983017172493,178,0.36909269444218484,-0.05064469315639383,12733.220769222895
1145,98.89447972930354,98.89447972930354,-0.0018963430513794554,0.0,4.952983017172493,178,0.36907149650188253,-0.058497281885421734,12731.098514987556
1146,97.96343041161482,97.96343041161482,-0.009459170416048449,0.0,4.952983017172493,178,0.36897371996917144,-0.036720237510200336,12720.572371405724
1147,98.1615402501736,98.1615402501736,0.002020241535489842,0.0,4.952983017172493,178,0.36899365602171547,-0.043778751210128385,12722.812137405253
1148,98.69293043175881,98.69293043175881,0.005398825543156582,0.0,4.952983017172493,178,0.3690491077475824,-0.04430657607424638,12728.819863573
1149,98.67586372517917,98.67586372517917,-0.00017294230017540194,0.0,4.952983017172493,178,0.3690472307519806,-0.04570209215121803,12728.626912887668
1150,98.23519903980065,98.23519903980065,-0.004475781246919116,0.0,4.952983017172493,178,0.3690011149266277,-0.031454503699630834,12723.644899946343
1151,97.75751609437384,97.75751609437384,-0.004874506595248391,0.0,4.952983017172493,178,0.36895349734939015,-0.04056545634813228,12718.244370484985
1152,98.03651841416847,98.03651841416847,0.002849959237412085,0.0,4.952983017172493,178,0.3689810400813931,-0.02923437508542018,12721.398680812083
1153,98.07012573026472,98.07012573026472,0.00034274531158164974,0.0,4.952983017172493,178,0.3689844165956846,-0.008304888476510161,12721.778634298873
1154,98.19284792247284,98.19284792247284,0.001250589511802545,0.0,4.952983017172493,178,0.3689968263096196,-0.03097781113188321,12723.166091860268
1155,98.30891214598681,98.30891214598681,0.0011813048083706694,0.0,4.952983017172493,178,0.36900861827747794,-0.016733296588422875,12724.478276572949
1156,97.5752073167441,97.5752073167441,-0.007491248014093901,0.0,4.952983017172493,178,0.3689363261804885,0.005225286603564082,12716.18324618888
1157,97.05788630395682,97.05788630395682,-0.005315871226098987,0.0,4.952983017172493,178,0.3689014457589017,0.023232278004486424,12709.985149610344
1158,97.15458155455603,97.15458155455603,0.0009957677759341993,0.0,4.952983017172493,178,0.3689238382176736,0.021619252156534725,12709.44595629179
1159,97.687810799869,97.687810799869,0.005473455443730102,0.0,4.952983017172493,178,0.3689601799340067,0.03182871243181297,12714.868195087016
1160,98.05704731397238,98.05704731397238,0.0037726350066051764,0.0,4.952983017172493,178,0.3689326685616555,0.10244647177870045,12719.075685890757
1161,97.36996950562657,97.36996950562657,-0.007031582945557188,0.0,4.952983017172493,178,0.3689052045016851,0.07277743638875787,12708.788166544451
1162,97.36759298522452,97.36759298522452,-2.44074165432451e-05,0.0,4.952983017172493,178,0.3689178571793295,0.08465733461113321,12708.42458735191
1163,96.72756580025319,96.72756580025319,-0.006595007405229582,0.0,4.952983017172493,178,0.3689202670226062,0.04065224567859688,12701.46957646646
1164,97.20408002105339,97.20408002105339,0.004914259122221696,0.0,4.952983017172493,178,0.3689177517566173,-0.036573085613039645,12706.647734005011
1165,97.37895576014198,97.37895576014198,0.0017974412360134246,0.0,4.952983017172493,178,0.3689178896000872,-0.01527265382102785,12708.548063705877
1166,97.31956561344552,97.31956561344552,-0.0006100729283354848,0.0,4.952983017172493,178,0.36891775979677627,-0.02339871614248605,12707.902686249323
1167,97.13279057716012,97.13279057716012,-0.0019210370846996535,0.0,4.952983017172493,178,0.36891785807270566,-0.008735020265078892,12705.873049944807
1168,97.80215844350256,97.80215844350256,0.006867629438032654,0.0,4.952983017172493,178,0.36892088843364107,-0.061049503509033445,12713.146898472025
1169,96.82650333797353,96.82650333797353,-0.010025895150349507,0.0,4.952983017172493,178,0.36891937336950803,-0.12728588202449664,12702.54470525471
1170,97.24449721720855,97.24449721720855,0.004307645391534663,0.0,4.952983017172493,178,0.3689177201300337,-0.15914495393331837,12707.086937285465
1171,96.55406749487314,96.55406749487314,-0.007125260647969769,0.0,4.952983017172493,178,0.3689222509250968,-0.17760902752741617,12699.584214983603
1172,96.52441853621234,96.52441853621234,-0.00030711820362081796,0.0,4.952983017172493,178,0.3689226277269765,-0.18336974497603178,12699.262027371778
1173,96.33674096164113,96.33674096164113,-0.0019462460383566668,0.0,4.952983017172493,178,0.36892551477718505,-0.1821106364225838,12697.22258341573
1174,96.81004838137966,96.81004838137966,0.0049010223649336845,0.0,4.952983017172493,178,0.36891950782778427,-0.1881958579518004,12702.365893471526
1175,97.18575558835428,97.18575558835428,0.0038733587944839,0.0,4.952983017172493,178,0.3689177774054337,-0.1759018639835237,12706.448607105585
1176,97.12490135437454,97.12490135437454,-0.0006263602514322426,0.0,4.952983017172493,178,0.36891787119269576,-0.16644984833007254,12705.7873197889
1177,96.87417838822992,96.87417838822992,-0.00258478654713014,0.0,4.952983017172493,178,0.3689189972932646,-0.12712135611866174,12703.062777769883
1178,96.57798490369294,96.57798490369294,-0.0030621907860582773,0.0,4.952983017172493,178,0.3689219479065138,-0.065305762545698,12699.844119316731
1179,96.44892459580291,96.44892459580291,-0.0013372262702286977,0.0,4.952983017172493,178,0.3689236830960305,-0.07369397624507693,12698.441654128796
1180,96.74864363433151,96.74864363433151,0.0031027231007215777,0.0,4.952983017172493,178,0.36892006908554104,-0.07799446594938435,12701.69862387085
1181,96.90296086650824,96.90296086650824,0.0015937617995914562,0.0,4.952983017172493,178,0.368918816326277,-0.12853541427757872,12703.375549562137
1182,96.94284939152381,96.94284939152381,0.00041154900924069516,0.0,4.952983017172493,178,0.36891859989784853,-0.17464704171737122,12703.809007909224
1183,96.77147193262994,96.77147193262994,-0.0017693839302498095,0.0,4.952983017172493,178,0.36891985471832367,-0.1768883243766798,12701.94669311992
1184,96.9164510974412,96.9164510974412,0.0014970390473455922,0.0,4.952983017172493,178,0.3689187410384367,-0.17838838484629024,12703.522144433715
1185,97.34214883401461,97.34214883401461,0.004382801257263985,0.0,4.952983017172493,178,0.36891780396599544,-0.1617546307782282,12708.148092301713
1186,97.16893653276108,97.16893653276108,-0.001781002318836974,0.0,4.952983017172493,178,0.36891780094787263,-0.1706095081158401,12706.265838752177
1187,96.85866484880123,96.85866484880123,-0.003198224852773934,0.0,4.952983017172493,178,0.3689191125540456,-0.1457080363883011,12702.894196125022
1188,96.43873565859808,96.43873565859808,-0.004344909447592946,0.0,4.952983017172493,178,0.3689406937305807,-0.12570502563090616,12697.976940260503
1189,96.8413496451915,96.8413496451915,0.004166125737110775,0.0,4.952983017172493,178,0.3690012322802844,-0.1463619697254436,12699.917543724378
1190,97.38505563921731,97.38505563921731,0.005598697184894758,0.0,4.952983017172493,178,0.368885169918544,-0.10558342410684333,12709.53004626219
1191,97.51664319820958,97.51664319820958,0.001350296890902736,0.0,4.952983017172493,178,0.3689207641818573,-0.09887585334543302,12709.707086931467
1192,98.81920489391743,98.81920489391743,0.013268904476444604,0.0,4.952983017172493,178,0.36865515525857806,-0.06326124778017493,12738.059805198245
1193,99.45751138510386,99.45751138510386,0.006438564328203885,0.0,4.952983017172493,178,0.36878939771402247,0.006597399999215647,12743.479991664872
1194,100.04525878271092,100.04525878271092,0.005892139718451939,0.0,4.952983017172493,178,0.36881931955425734,0.03378343665539812,12751.865462991456
1195,99.86805633598021,99.86805633598021,-0.0017727933032850873,0.0,4.952983017172493,178,0.368807769443253,0.02341381894510867,12749.337291804122
1196,99.54193151673526,99.54193151673526,-0.0032709004550716615,0.0,4.952983017172493,178,0.36879702224021593,0.03829421020362484,12744.597008897013
1197,99.37963397245159,99.37963397245159,-0.0016317746132438835,0.0,4.952983017172493,178,0.36878560862191956,0.04325831045822016,12742.39112423588
1198,100.01943809816721,100.01943809816721,0.006417345023607363,0.0,4.952983017172493,178,0.36883862833925696,0.037881597210591644,12751.086457028134
1199,100.51310831915029,100.51310831915029,0.004923601949835421,0.0,4.952983017172493,178,0.3688916173043892,0.04442746656871746,12757.793821006766
1200,101.20050904993064,101.20050904993064,0.006815636948304973,0.0,4.853767321505447,167,0.36947161187070326,0.07590199965019696,12791.345631621569
1201,100.95544830598952,100.95544830598952,-0.0024244733342190755,0.0,4.853767321505447,167,0.3694480001865127,0.07173887490854225,12788.016057471414
1202,100.44830311045665,100.44830311045665,-0.005036115403377161,0.0,4.853767321505447,167,0.3694023924970541,0.06041612392888442,12781.125612652444
1203,99.72884306807494,99.72884306807494,-0.007188264535265031,0.0,4.853767321505447,167,0.3693467290500799,0.1083921347566953,12771.350503344196
1204,99.91866275170628,99.91866275170628,0.001901548832770405,0.0,4.853767321505447,167,0.3693597550386408,0.10226869712417994,12773.929532125574
1205,99.88161098742874,99.88161098742874,-0.000370888027417277,0.0,4.853767321505447,167,0.369356969156695,0.08656146983466709,12773.42611981003
1206,100.17922011945738,100.17922011945738,0.0029751885955094765,0.0,4.853767321505447,167,0.36937993696463733,0.10498159511852355,12777.469654718629
1207,100.6077395580828,100.6077395580828,0.004268405576968455,0.0,4.853767321505447,167,0.3694162725525619,0.10564296127337353,12783.291832611101
1208,101.79243845801885,101.79243845801885,0.011706634265847091,0.0,4.853767321505447,167,0.3695307293325173,0.13299137783678944,12799.388016640858
1209,101.40294150989618,101.40294150989618,-0.0038337232395198213,0.0,4.853767321505447,167,0.3694915166446534,0.09256864635597534,12794.096026788964
1210,101.3655309326722,101.3655309326722,-0.00036899797288816963,0.0,4.853767321505447,167,0.3694878037673367,0.07644003108558563,12793.587739378814
1211,101.43202082106558,101.43202082106558,0.0006557267600207227,0.0,4.853767321505447,167,0.369494407900194,0.08764043225773661,12794.49111953706
1212,102.42419589698655,102.42419589698655,0.009734144253492078,0.0,4.853767321505447,167,0.3695985327268919,0.08354396579874636,12807.971534360291
1213,102.9577766849931,102.9577766849931,0.005195996335829221,0.0,4.853767321505447,167,0.36966074116587994,0.11158412232597971,12815.221152435366
1214,102.40344454822184,102.40344454822184,-0.00539861888023385,0.0,4.853767321505447,167,0.36959621642580803,0.08928666023107297,12807.689591388453
1215,103.01032028489308,103.01032028489308,0.005908829945081176,0.0,4.853767321505447,167,0.3696680824662868,0.06801120143838943,12815.935048137997
1216,102.58285614860776,102.58285614860776,-0.004158355444217522,0.0,4.853767321505447,167,0.36961658775912476,0.01563416869553704,12810.127208353439
1217,102.02920005406676,102.02920005406676,-0.005411777351488708,0.0,4.853767321505447,167,0.3695552505519594,0.03853082773283714,12802.604832509745
1218,102.0487035558373,102.0487035558373,0.00019113781046281074,0.0,4.853767321505447,167,0.36955735274214524,0.04078546894747386,12802.869821321452
1219,102.04335162153752,102.04335162153752,-5.24462776991607e-05,0.0,4.853767321505447,167,0.3695668195417356,0.0313660470388234,12802.564869552854
1220,102.64757020118033,102.64757020118033,0.00590373358249362,0.0,4.853767321505447,167,0.36967816749618,0.044838253584773086,12808.076265569567
1221,102.09887825199134,102.09887825199134,-0.005359734118418318,0.0,4.853767321505447,167,0.3697979164609429,0.018130067808650598,12798.087004902149
1222,101.92742214275364,101.92742214275364,-0.0016807259580485267,0.0,4.853767321505447,167,0.36977179663321086,0.024858309947723853,12794.62183271154
1223,101.98653892433656,101.98653892433656,0.0005798208512038241,0.0,4.853767321505447,167,0.36980537742115427,0.04891765638280457,12794.013470510554
1224,101.94168456222353,101.94168456222353,-0.0004399034333696515,0.0,4.853767321505447,167,0.3698032055424714,0.0466292210731837,12793.56039686602
1225,102.06928155779805,102.06928155779805,0.0012508838582446506,0.0,4.853767321505447,167,0.36980945642648483,0.0473040971457096,12794.849253358303
1226,101.5296914141052,101.5296914141052,-0.00530053171840671,0.0,4.853767321505447,167,0.36978419410825797,0.041411518580550165,12789.398856530865
1227,102.11488122482945,102.11488122482945,0.005747184065660787,0.0,4.853767321505447,167,0.36981170603004804,0.03087255480707109,12795.309855323378
1228,102.82050493694719,102.82050493694719,0.006886331480499206,0.0,4.853767321505447,167,0.3698510628828002,0.10065238581140626,12802.437356236518
1229,102.86406032896983,102.86406032896983,0.0004235163938272606,0.0,4.853767321505447,167,0.36985463740409324,0.1375519903821552,12802.877308991905
1230,102.74048617428961,102.74048617428961,-0.001202056779985005,0.0,4.853767321505447,167,0.36984588393927825,0.16132797948241914,12801.629087191535
1231,102.3756462426372,102.3756462426372,-0.003557402454023093,0.0,4.853767321505447,167,0.3698250609313986,0.16662224968641126,12797.94384121504
1232,101.6695008959691,101.6695008959691,-0.006921489441705636,0.0,4.853767321505447,167,0.3697904899155909,0.18456780424784272,12790.811071274413
1233,102.17070087702882,102.17070087702882,0.004917587274042489,0.0,4.853767321505447,167,0.36981446814467855,0.1675249281802654,12795.87368929776
1234,101.76574995387621,101.76574995387621,-0.0039713494446933645,0.0,4.853767321505447,167,0.36979489345863903,0.14139062165713814,12791.783282435035
1235,102.13632723230012,102.13632723230012,0.0036348593555257432,0.0,4.853767321505447,167,0.36981276497650334,0.13442336176148786,12795.526481317098
1236,101.97547264056827,101.97547264056827,-0.001576142340932267,0.0,4.853767321505447,167,0.36980483697783034,0.12489026962000979,12793.901690044126
1237,101.76503565282268,101.76503565282268,-0.0020657361105147123,0.0,4.853767321505447,167,0.3697948605606743,0.12020555951169866,12791.776067284349
1238,102.18266529621843,102.18266529621843,0.004095463936959817,0.0,4.853767321505447,167,0.3698150611918051,0.1060057229345512,12795.99454182473
1239,102.72222595877618,102.72222595877618,0.005266461979897333,0.0,4.853767321505447,167,0.36984479756351973,0.11947724888654782,12801.444640863398
1240,102.31270958340946,102.31270958340946,-0.003994606273647492,0.0,4.853767321505447,167,0.3698217095239315,0.10008639875782892,12797.308118395053
1241,102.44212356134663,102.44212356134663,0.0012640873300256608,0.0,4.853767321505447,167,0.36982878332318875,0.09911470284570228,12798.61532821536
1242,102.977902695967,102.977902695967,0.005216437358276763,0.0,4.853767321505447,167,0.3698640333670493,0.09762095309193299,12804.027230062855
1243,102.15951362052385,102.15951362052385,-0.00797897752605374,0.0,4.853767321505447,167,0.36981391360947946,0.0663859194599147,12795.760686886439
1244,101.92691690942425,101.92691690942425,-0.002279395168047793,0.0,4.853767321505447,167,0.36980249369678664,0.08451297480378764,12793.411228893057
1245,102.46208963808259,102.46208963808259,0.005236817388149444,0.0,4.853767321505447,167,0.3698299048448398,0.08095665608851237,12798.817005437544
1246,102.74283751266837,102.74283751266837,0.002736270065746113,0.0,4.853767321505447,167,0.3698460238278503,0.0790706953028169,12801.652838046493
1247,103.56511840152567,103.56511840152567,0.007971435124206854,0.0,4.853767321505447,167,0.36991547467581454,0.06980561353076925,12809.958692407025
1248,103.46023982164787,103.46023982164787,-0.0010131955790342298,0.0,4.853767321505447,167,0.369914006671604,0.07244259722785806,12807.430987862836
1249,104.77742119647799,104.77742119647799,0.012650919490593118,0.0,4.853767321505447,167,0.3699201164824195,0.04221549138072181,12826.676239131439
1250,104.96137295125568,104.96137295125568,0.0017541037431023148,0.0,4.853767321505447,167,0.36994279140876135,0.045758234490434695,12827.122455142087
1251,104.8243347743404,104.8243347743404,-0.0013064588421469122,0.0,4.853767321505447,167,0.3699753605646335,0.043548519815832486,12823.436661730537
1252,105.06675520022617,105.06675520022617,0.0023099649795535722,0.0,4.853767321505447,167,0.37003721844279047,-0.002339799137155798,12825.658059446434
1253,106.34485845071401,106.34485845071401,0.012091282970147582,0.0,4.853767321505447,167,0.37022677331941356,-0.009836385443217117,12839.272749742819
1254,106.87777293420302,106.87777293420302,0.004998677576376193,0.0,4.853767321505447,167,0.3703087025321189,0.02893618493514912,12844.949494281565
1255,107.03965917927667,107.03965917927667,0.0015135398212136704,0.0,4.853767321505447,167,0.3703339559646445,0.02123711382728797,12846.673948928781
1256,106.07185971157033,106.07185971157033,-0.009082626090597505,0.0,4.853767321505447,167,0.3701854682001645,0.01004342757336083,12836.364695731278
1257,106.22040895746484,106.22040895746484,0.0013994788512160003,0.0,4.853767321505447,167,0.3702079261291759,0.017385518393225302,12837.94708117302
1258,105.94359243971775,105.94359243971775,-0.002609459408767299,0.0,4.853767321505447,167,0.37016613407682697,0.0024781874080978756,12834.998359184705
1259,105.19655190607475,105.19655190607475,-0.0070762824683730866,0.0,4.853767321505447,167,0.37005599657869487,0.0046274170002607445,12827.040687924176
1260,105.06314987188479,105.06314987188479,-0.001268926484361486,0.0,4.853767321505447,167,0.3700366995760339,0.027625599893578275,12825.61965454545
1261,104.96953887203053,104.96953887203053,-0.0008913946358786529,0.0,4.853767321505447,167,0.37002325400396185,0.018087122515889467,12824.622485677546
1262,105.10023737503086,105.10023737503086,0.001244334355940183,0.0,4.853767321505447,167,0.3700420437164167,-0.013235963723441869,12826.014720334544
1263,104.98464498179584,104.98464498179584,-0.001100435248867417,0.0,4.853767321505447,167,0.3700254201054722,-0.00850950694405239,12824.783399911948
1264,104.94821463522305,104.94821463522305,-0.0003470666479266956,0.0,4.853767321505447,167,0.3700201990083419,-0.005941005142209989,12824.395334326644
1265,104.47013233325232,104.47013233325232,-0.004565818987951983,0.0,4.853767321505447,167,0.36995242858177596,0.00023477269155343069,12819.302676534693
1266,103.8459594518083,103.8459594518083,-0.005992573535538947,0.0,4.853767321505447,167,0.36986463402797604,0.01847985459267775,12812.653823659137
1267,103.35448077315378,103.35448077315378,-0.004744001507626148,0.0,4.853767321505447,167,0.3697978310740202,0.013121385095220726,12807.418464156997
1268,104.29882315278884,104.29882315278884,0.009095438136444412,0.0,4.853767321505447,167,0.36992824343104963,0.015671824789572984,12817.47784631378
1269,104.61755905743314,104.61755905743314,0.0030513275079155837,0.0,4.853767321505447,167,0.3699732777013376,0.029124741228095063,12820.873104581384
1270,104.6776733443613,104.6776733443613,0.0005744448919489365,0.0,4.853767321505447,167,0.3699817833429242,0.029312455054601155,12821.513457697301
1271,104.55144837389452,104.55144837389452,-0.0012065718647914772,0.0,4.853767321505447,167,0.369963922641442,0.028236339572442693,12820.168876279547
1272,104.62574580093917,104.62574580093917,0.0007103779210938658,0.0,4.853767321505447,167,0.36997443610333886,-0.003835801661915728,12820.960311915633
1273,104.2068846101315,104.2068846101315,-0.00401145885744938,0.0,4.853767321505447,167,0.36993437179723815,0.015788389229924944,12816.09207346934
1274,104.22879769976699,104.22879769976699,0.00021026236461420356,0.0,4.853767321505447,167,0.36992808906185726,0.040483857723124,12815.04332469007
1275,104.65681286807363,104.65681286807363,0.004098087619933806,0.0,4.853767321505447,167,0.3698801922299415,0.060033641985971734,12820.68326682998
1276,105.83623276706905,105.83623276706905,0.011206377277921122,0.0,4.853767321505447,167,0.370192069497768,0.06607980389287757,12829.151773283766
1277,105.87112419155214,105.87112419155214,0.0003296193887662081,0.0,4.853767321505447,167,0.37023314343203817,0.06442819542576281,12827.838355606907
1278,105.48287521007911,105.48287521007911,-0.0036739254452596874,0.0,4.853767321505447,167,0.37015416096652193,0.06432123431354753,12825.827388937143
1279,106.38055949822056,106.38055949822056,0.00847422927373022,0.0,4.853767321505447,167,0.3703374623650069,0.04096944212428955,12830.477016546143
1280,106.40018597526026,106.40018597526026,0.0001844760629226644,0.0,4.853767321505447,167,0.3703414880959047,0.06139998776586498,12830.57867345461
1281,105.83961926068066,105.83961926068066,-0.0052824023038443545,0.0,4.853767321505447,167,0.3702267143276385,0.05351300553320552,12827.675173296228
1282,106.42496575228849,106.42496575228849,0.005515267422831081,0.0,4.853767321505447,167,0.37034657515604774,0.03231375702807485,12830.707022292769
1283,106.79202498209047,106.79202498209047,0.003443061372844046,0.0,4.853767321505447,167,0.3704224329771179,0.04110795605573346,12832.60823494801
1284,107.29921707586408,107.29921707586408,0.004738101734131352,0.0,4.853767321505447,167,0.3705281512000017,0.048413876063792174,12835.23527698654
1285,107.11862624840118,107.11862624840118,-0.0016844761365441328,0.0,4.853767321505447,167,0.37049043201755233,0.043297316010803895,12834.299892343637
1286,106.99144607866201,106.99144607866201,-0.0011879888070144959,0.0,4.853767321505447,167,0.3704638960560762,0.06902127597116624,12833.641152476683
1287,107.00387731871912,107.00387731871912,0.00011618235271435415,0.0,4.853767321505447,167,0.370466488219676,0.049571404129748746,12833.705541079387
1288,107.02092037224179,107.02092037224179,0.00015926241951929657,0.0,4.853767321505447,167,0.37047004230748837,0.05236623185382342,12833.793816939005
1289,106.94347699893865,106.94347699893865,-0.0007238903073261931,0.0,4.853767321505447,167,0.3704539105530265,0.05250892699592658,12833.392692789455
1290,107.61777671409658,107.61777671409658,0.00628540263827355,0.0,4.853767321505447,167,0.3706004315357673,0.03972796132881183,12836.885282125993
1291,107.51160304254184,107.51160304254184,-0.000987068156802134,0.0,4.853767321505447,167,0.3705758967278105,0.00843302423864733,12836.335347097462
1292,107.37460997573672,107.37460997573672,-0.0012750290811127342,0.0,4.853767321505447,167,0.37054425127231616,0.03552182352086196,12835.625780544864
1293,108.42409086034822,108.42409086034822,0.009726556781450155,0.0,4.853767321505447,167,0.370788309673539,0.03410157022508904,12841.061650773037
1294,109.36865840685954,109.36865840685954,0.008674057993794932,0.0,4.853767321505447,167,0.3710117255148336,0.08994097691479812,12845.95411397067
1295,108.99096937691816,108.99096937691816,-0.003459333672846753,0.0,4.853767321505447,167,0.3709221111872335,0.0692936601731441,12843.99784341494
1296,108.74638747941239,108.74638747941239,-0.0022465782069406824,0.0,4.853767321505447,167,0.37086433454440876,0.07387415635322289,12842.731011903765
1297,108.29946561364744,108.29946561364744,-0.004118231157508582,0.0,4.853767321505447,167,0.37075903402323,0.09149688447236486,12840.416144334422
1298,108.00916268324337,108.00916268324337,-0.002684156494219577,0.0,4.853767321505447,167,0.37069110632777225,0.0950010560146248,12838.912497074454
1299,108.49356466605626,108.49356466605626,0.0044747962027148445,0.0,4.853767321505447,167,0.3708046907384028,0.1013469137535397,12841.42149590945
1300,109.59437436197716,109.59437436197716,0.010095184994554517,0.0,4.853767321505447,167,0.3710557932053327,0.11973864380117077,12846.141747063442
1301,109.2812392286209,109.2812392286209,-0.002861308684490254,0.0,4.853767321505447,167,0.3711271435257732,0.09430207331478324,12837.219638028906
1302,109.70318516862056,109.70318516862056,0.003853666427146541,0.0,4.853767321505447,167,0.3712326815723522,0.1126102095498724,12838.75898296215
1303,109.06948534098942,109.06948534098942,-0.0057932428076045124,0.0,4.853767321505447,167,0.37137161910041766,0.08144602614897753,12823.741579293506
1304,109.65720239550704,109.65720239550704,0.005373998710731319,0.0,4.853767321505447,167,0.371563414866289,0.0706619665627394,12827.958963707637
1305,109.95315629101724,109.95315629101724,0.0026952651636491056,0.0,4.853767321505447,167,0.37166003331299874,0.0712063954116783,12830.082692016405
1306,110.12524682499865,110.12524682499865,0.0015639023786034878,0.0,4.853767321505447,167,0.37171630187753785,0.06434767780474225,12831.317592263478
1307,109.56310893869315,109.56310893869315,-0.005117604992865385,0.0,4.853767321505447,167,0.37153271202048127,0.07249196814629899,12827.283760775905
1308,110.57111889987947,110.57111889987947,0.009158203305767172,0.0,4.853767321505447,167,0.3718623968363508,0.05278709394075747,12834.517114763028
1309,110.80685626326625,110.80685626326625,0.002129728147677802,0.0,4.853767321505447,167,0.37193984342972736,0.056905203502600046,12836.208736734066
1310,111.1911095790303,111.1911095790303,0.003461776760374981,0.0,4.853767321505447,167,0.37206631982553595,0.060160286104053516,12838.966090689553
1311,111.37873517911176,111.37873517911176,0.001685993398883983,0.0,4.853767321505447,167,0.3721281888398835,0.06386659582388483,12840.312468636886
1312,111.73291693308765,111.73291693308765,0.0031749310100211117,0.0,4.853767321505447,167,0.3722449574489828,0.05449752321634596,12842.854032808807
1313,113.05322992361398,113.05322992361398,0.011747415868365713,0.0,4.853767321505447,167,0.37268023257551897,0.03950895718318286,12852.32843445364
1314,113.1816407403807,113.1816407403807,0.0011351992748053854,0.0,4.853767321505447,167,0.3727225535987213,0.039227607258342206,12853.24989448798
1315,113.49429176651729,113.49429176651729,0.0027585745071807568,0.0,4.853767321505447,167,0.3728255702606767,0.043355335625031875,12855.49343932738
1316,112.18021635953981,112.18021635953981,-0.011645890090447693,0.0,4.853767321505447,167,0.37239238122241153,0.02901875238916279,12846.063797805531
1317,112.96637285156388,112.96637285156388,0.006983536280364178,0.0,4.853767321505447,167,0.37265160319612806,-0.023070727320958346,12851.705158918066
1318,112.3041551243649,112.3041551243649,-0.0058793277637642785,0.0,4.853767321505447,167,0.37243323951606083,-0.0695139569290183,12846.953166951895
1319,112.09791353677791,112.09791353677791,-0.0018381438895619915,0.0,4.853767321505447,167,0.3723652539103641,-0.07207925410567036,12845.473202995858
1320,111.8385693177948,111.8385693177948,-0.0023162312064926747,0.0,4.853767321505447,167,0.3722797805654923,-0.06808618132010814,12843.612181168046
1321,111.60124989907975,111.60124989907975,-0.0021242364837784924,0.0,4.853767321505447,167,0.37220155412679595,-0.06013472349203319,12841.909206564933
1322,110.90020527657876,110.90020527657876,-0.006301504336306975,0.0,4.853767321505447,167,0.3719705401079213,-0.04216848576723072,12836.878597631912
1323,110.04060675933256,110.04060675933256,-0.007781295330711384,0.0,4.853767321505447,167,0.3716886065096151,-0.0017907418846582837,12830.710225689703
1324,109.9105535242299,109.9105535242299,-0.001182564802942469,0.0,4.853767321505447,167,0.37164612117585855,0.005144192481646011,12829.776979865863
1325,110.2995321871438,110.2995321871438,0.0035327997463594635,0.0,4.853767321505447,167,0.37177335000206935,-0.02264394389016467,12832.568242324205
1326,110.71649370917635,110.71649370917635,0.003773138305394058,0.0,4.853767321505447,167,0.37189343107449147,-0.04548446100162691,12834.411731641172
1327,110.6787885058526,110.6787885058526,-0.0003406143374968353,0.0,4.853767321505447,167,0.3719460417022889,-0.0173203913616223,12831.307351173036
1328,109.33524381350395,109.33524381350395,-0.012213415473964918,0.0,4.853767321505447,167,0.3715216292037842,-0.01553447765807208,12821.318478337804
1329,108.00182202997561,108.00182202997561,-0.012270695837532427,0.0,4.853767321505447,167,0.3719561096522345,0.08316685447028378,12795.257595592193
1330,106.5296669086094,106.5296669086094,-0.013724588749536191,0.0,4.853767321505447,167,0.3716289710343583,0.16872039791136167,12788.10666974502
1331,106.92004445506353,106.92004445506353,0.0036577981690798338,0.0,4.853767321505447,167,0.37168922969868856,0.14408048225570555,12790.684647904125
1332,107.02842588047515,107.02842588047515,0.0010131545648595446,0.0,4.853767321505447,167,0.37170793778632966,0.14588119197701135,12791.445770046681
1333,106.99525563267153,106.99525563267153,-0.00030996801694746626,0.0,4.853767321505447,167,0.3717021614844165,0.1465614309947705,12791.21282782451
1334,105.98480410383308,105.98480410383308,-0.009488767272901722,0.0,4.853767321505447,167,0.37153074912665196,0.1433589625245324,12784.116805331214
1335,106.13398191752603,106.13398191752603,0.0014065499910240055,0.0,4.853767321505447,167,0.3715557365322366,0.11783027792265795,12785.164425223165
1336,106.42986543120195,106.42986543120195,0.0027839513488990505,0.0,4.853767321505447,167,0.37160562374734074,0.12515069358589642,12787.242304278736
1337,106.06845388965992,106.06845388965992,-0.0034015505739004304,0.0,4.853767321505447,167,0.37154476103840456,0.12003598153355614,12784.70424643536
1338,106.47663061731535,106.47663061731535,0.0038408531572733115,0.0,4.853767321505447,167,0.37161356155207553,0.12985912598775845,12787.570718658933
1339,108.01125085512948,108.01125085512948,0.014309866035272479,0.0,4.853767321505447,167,0.3718801862164073,0.14735146842067143,12798.347781601
1340,107.62738478911692,107.62738478911692,-0.0035602754612328045,0.0,4.853767321505447,167,0.37181252111147733,0.12027064736470462,12795.652034045479
1341,107.31101710764037,107.31101710764037,-0.0029438007089834795,0.0,4.853767321505447,167,0.37175720271156126,0.14152471563606284,12793.430302354409
1342,106.94508745575538,106.94508745575538,-0.0034158187317987966,0.0,4.853767321505447,167,0.3716935224590065,0.13933137034804846,12790.860515514929
1343,106.24530905284037,106.24530905284037,-0.006564844641973426,0.0,4.853767321505447,167,0.3715744000316181,0.14024388252375794,12785.946233982675
1344,106.80046759840725,106.80046759840725,0.005211648039781989,0.0,4.853767321505447,167,0.3716687848468181,0.12700367812471633,12789.844904442622
1345,106.9473251576577,106.9473251576577,0.0013741202233246593,0.0,4.853767321505447,167,0.3716939067981534,0.12983840929391488,12790.876230056972
1346,106.8597240697779,106.8597240697779,-0.0008194406414403034,0.0,4.853767321505447,167,0.37167891513941814,0.1294217773225455,12790.261040438974
1347,107.22040555557885,107.22040555557885,0.0033695964936336278,0.0,4.853767321505447,167,0.3717413844058299,0.12740052615895156,12792.793971374416
1348,106.91910267794164,106.91910267794164,-0.0028140820809661495,0.0,4.853767321505447,167,0.37168906847323696,0.12239758674332829,12790.678034156263
1349,106.70090261763562,106.70090261763562,-0.0020428811046022963,0.0,4.853767321505447,167,0.37165178534966736,0.12699948899746494,12789.145696887446
1350,106.19335026641369,106.19335026641369,-0.004768126015118982,0.0,4.853767321505447,167,0.37156567964006776,0.135229714342436,12785.581346893403
1351,105.96029534193691,105.96029534193691,-0.0021970399570983563,0.0,4.853767321505447,167,0.3715266434973379,0.13899196060843483,12783.944689479304
1352,106.24595226299691,106.24595226299691,0.0026922590340952165,0.0,4.853767321505447,167,0.37157450847929197,0.1409879635648236,12785.950751006609
1353,105.85784073739349,105.85784073739349,-0.0036596418505982966,0.0,4.853767321505447,167,0.3715095053736833,0.09591806859484228,12783.225189179058
1354,105.63091247659926,105.63091247659926,-0.0021460086594297222,0.0,4.853767321505447,167,0.3714749148648813,0.11703246539447712,12780.484681296724
1355,105.23760842799473,105.23760842799473,-0.003730329240208109,0.0,4.853767321505447,167,0.37160114639178815,0.11701369070638075,12770.856203868
1356,104.74069497219126,104.74069497219126,-0.004733006938187831,0.0,4.853767321505447,167,0.371543137412467,0.11999415539035167,12766.750115665034
1357,103.85102992385599,103.85102992385599,-0.00853025635124132,0.0,4.853767321505447,167,0.3718268676779025,0.13000362121974138,12748.811182901221
1358,103.85827916705442,103.85827916705442,6.980181324655107e-05,0.0,4.853767321505447,167,0.37183807304460204,0.13247183048759087,12748.589028454047
1359,103.62002916425996,103.62002916425996,-0.0022966266635901685,0.0,4.853767321505447,167,0.37177333324606326,0.10416605715366477,12746.78830430698
1360,103.06898450508717,103.06898450508717,-0.005332126318455331,0.0,4.853767321505447,167,0.3716243893068669,0.12481854548317547,12742.62343793869
1361,103.00301821182639,103.00301821182639,-0.0006402256943621975,0.0,4.853767321505447,167,0.37160670120757117,0.12909178480019753,12742.124856214561
1362,103.48068460579597,103.48068460579597,0.0046266822953668395,0.0,4.853767321505447,167,0.37173549012676316,0.1422066230574974,12745.735120222005
1363,103.65000141560984,103.65000141560984,0.0016348794162666757,0.0,4.853767321505447,167,0.37178147380878757,0.1684167969132621,12747.014838435478
1364,103.26505218556595,103.26505218556595,-0.0037208474441061956,0.0,4.853767321505447,167,0.3716772032737751,0.15429222376233173,12744.10534267135
1365,103.57368371021643,103.57368371021643,0.0029842742208521654,0.0,4.853767321505447,167,0.37176074509763435,0.14280183363462826,12746.438019407824
1366,104.03974544956222,104.03974544956222,0.004489714601986757,0.0,4.853767321505447,167,0.37188749726037656,0.15872698702048946,12749.960573943898
1367,103.82668471014372,103.82668471014372,-0.002049978092844024,0.0,4.853767321505447,167,0.3718294822056135,0.1803842197784324,12748.350233487394
1368,103.26032486010574,103.26032486010574,-0.00546979033857038,0.0,4.853767321505447,167,0.3716759265624564,0.17265177952024982,12744.069612937845
1369,103.23867593421993,103.23867593421993,-0.0002096758423222439,0.0,4.853767321505447,167,0.3716700797339871,0.16231128036559028,12743.905987573131
1370,102.26530839772066,102.26530839772066,-0.009473050546567448,0.0,4.853767321505447,167,0.37141482853169866,0.14507783963976995,12736.549150610335
1371,102.19521196736454,102.19521196736454,-0.000685672060085291,0.0,4.853767321505447,167,0.3713979906717341,0.13430537731494221,12736.019352779129
1372,102.51723679336853,102.51723679336853,0.0031461212405236084,0.0,4.853767321505447,167,0.3714768864390876,0.10145202352393105,12738.453257808882
1373,102.80725677229994,102.80725677229994,0.002824993421606831,0.0,4.853767321505447,167,0.3715543077483017,0.10094462700389066,12740.645266090383
1374,103.11253204854782,103.11253204854782,0.0029649942984147424,0.0,4.853767321505447,167,0.37163608496188344,0.10539644759845825,12742.952575870002
1375,102.67964185202719,102.67964185202719,-0.004207068002709846,0.0,4.853767321505447,167,0.37152019909813105,0.1264812704351275,12739.68073611865
1376,102.97547393566377,102.97547393566377,0.0028769747502098517,0.0,4.853767321505447,167,0.3715993236981278,0.18282078212483002,12741.916673034633
1377,102.06683627824414,102.06683627824414,-0.008862986419203163,0.0,4.853767321505447,167,0.3713672474738356,0.1881474243581471,12735.049072818652
1378,102.97246282465663,102.97246282465663,0.008833744941432322,0.0,4.853767321505447,167,0.3715985172290032,0.1284364216955585,12741.893914670576
1379,102.55265444803355,102.55265444803355,-0.004085232657172677,0.0,4.853767321505447,167,0.3714863030387007,0.1105573313987624,12738.720948995619
1380,103.18567868587776,103.18567868587776,0.006153702383184059,0.0,4.853767321505447,167,0.3716557658811642,0.0941601430425612,12743.505427557606
1381,102.84572543670774,102.84572543670774,-0.003300016899156176,0.0,4.853767321505447,167,0.37155874665713673,0.08274494287865564,12739.767874675588
1382,103.1586065605208,103.1586065605208,0.003037619271037014,0.0,4.853767321505447,167,0.37150654542053774,0.05737501562831198,12743.117756526864
1383,103.88896192182473,103.88896192182473,0.007054981577152447,0.0,4.853767321505447,167,0.3717084935228011,0.07687313705060435,12747.760589561623
1384,104.21064684711196,104.21064684711196,0.0030916461921254635,0.0,4.853767321505447,167,0.3716808870647092,0.09631778292797409,12751.857291273762
1385,103.87704710307473,103.87704710307473,-0.0032063407835937253,0.0,4.853767321505447,167,0.3715994255827666,0.07857090898122764,12749.361938625478
1386,104.62007987936931,104.62007987936931,0.007127541109705305,0.0,4.853767321505447,167,0.37175013298735854,0.06436572373802392,12755.772613683674
1387,104.44265770795819,104.44265770795819,-0.0016973107312450134,0.0,4.853767321505447,167,0.37171369494744816,0.06492305463586535,12754.241865747214
1388,105.06530293069748,105.06530293069748,0.005943898780819467,0.0,4.853767321505447,167,0.37184317288320756,-0.017718150177349297,12759.613871299141
1389,104.40216181395282,104.40216181395282,-0.006331707246508108,0.0,4.853767321505447,167,0.3717054639109018,-0.14542137961692214,12753.892478713502
1390,104.34808687371051,104.34808687371051,-0.000518082654193384,0.0,4.853767321505447,167,0.3716944954190995,-0.12473148465208807,12753.425935538362
1391,103.92105843626375,103.92105843626375,-0.004100742193216387,0.0,4.853767321505447,167,0.3716082462499476,-0.12912063393559015,12749.741655866701
1392,103.90975103828255,103.90975103828255,-0.00010881349132922797,0.0,4.853767321505447,167,0.37160597855303434,-0.13052488468076343,12749.644098859091
1393,103.62935955751435,103.62935955751435,-0.002702060836255856,0.0,4.853767321505447,167,0.37155011671703303,-0.12920387684583376,12747.224961063775
1394,103.27837577696869,103.27837577696869,-0.0033926630788830205,0.0,4.853767321505447,167,0.3714837889328363,-0.11856038341263568,12744.196773022062
1395,103.19342776765053,103.19342776765053,-0.0008228534129398042,0.0,4.853767321505447,167,0.37146894282802084,-0.12278482750503077,12743.463865804571
1396,102.72448674445093,102.72448674445093,-0.004554648244036581,0.0,4.853767321505447,167,0.37138873888112345,-0.11364660392481406,12739.417976286504
1397,102.50283405975141,102.50283405975141,-0.0021600707938412432,0.0,4.853767321505447,167,0.3713514501770344,-0.09930409412409849,12737.50562008538
1398,102.30181719865647,102.30181719865647,-0.001963011332114689,0.0,4.853767321505447,167,0.37131792129636954,-0.1532653700203155,12735.771303889902
1399,102.25000477394002,102.25000477394002,-0.0005065946157298974,0.0,4.853767321505447,167,0.3713093251597612,-0.148192160053993,12735.32428105399
1400,102.8314529646636,102.8314529646636,0.005670427303495879,0.0,4.732897453988413,150,0.40928511957388203,-0.1465368511290959,11993.384890506684
1401,103.0054158534873,103.0054158534873,0.00169029903381082,0.0,4.732897453988413,150,0.40931462834220844,-0.13730709742892416,11994.01833980197
1402,102.87278879145197,102.87278879145197,-0.0012884033121488658,0.0,4.732897453988413,150,0.4092921315202803,-0.1553244038443668,11993.53540623177
1403,102.99766030153964,102.99766030153964,0.0012131078156340897,0.0,4.732897453988413,150,0.4093133128591234,-0.12724863988931986,11993.990099589653
1404,102.12954404924696,102.12954404924696,-0.008464225288040412,0.0,4.732897453988413,150,0.4091660338590273,-0.14931270749827721,11990.82903672182
1405,102.20139082241592,102.20139082241592,0.0007032393423447824,0.0,4.732897453988413,150,0.4091782180540524,-0.1603205386452421,11991.090651645212
1406,101.75394212382629,101.75394212382629,-0.004387719702993352,0.0,4.732897453988413,150,0.4091037046422949,-0.16337732530124255,11989.425643592944
1407,101.56538609964333,101.56538609964333,-0.0018547777025073647,0.0,4.732897453988413,150,0.409077926252399,-0.1545468235293806,11988.176117947856
1408,101.11908931327558,101.11908931327558,-0.004403864743456177,0.0,4.732897453988413,150,0.4090036189611846,-0.1520902074207726,11986.555240408703
1409,101.93763876085569,101.93763876085569,0.008062317256992664,0.0,4.732897453988413,150,0.4091377280408584,-0.17401435316628,11989.426131173579
1410,102.82211312530194,102.82211312530194,0.008639196496447794,0.0,4.732897453988413,150,0.40925839118108565,-0.09995402288197892,11991.939920714187
1411,103.02156632029748,103.02156632029748,0.0019379099514076617,0.0,4.732897453988413,150,0.4092926610497106,-0.07603503267204237,11992.6733118793
1412,103.17744026732947,103.17744026732947,0.0015118790269908963,0.0,4.732897453988413,150,0.40931944025349776,-0.06389162514623112,11993.246461763547
1413,102.48640402577327,102.48640402577327,-0.006720080960265005,0.0,4.732897453988413,150,0.40920080683544197,-0.07678623363067666,11990.705515380903
1414,102.8332751338377,102.8332751338377,0.00337884258821047,0.0,4.732897453988413,150,0.40926030913808126,-0.10032186890181653,11991.980963518465
1415,102.54954516221167,102.54954516221167,-0.0027629394874669547,0.0,4.732897453988413,150,0.40921163156022344,-0.11965588669277355,11990.937685899005
1416,102.13517345311338,102.13517345311338,-0.004048883355664075,0.0,4.732897453988413,150,0.4091408748183765,-0.14203816614820594,11989.414037453402
1417,102.58084909917818,102.58084909917818,0.004354093486246921,0.0,4.732897453988413,150,0.4092169980567365,-0.16045542174450733,11991.05279075258
1418,102.81628546362887,102.81628546362887,0.0022925000201608633,0.0,4.732897453988413,150,0.40925738981447063,-0.14950658897411986,11991.918492350582
1419,102.64026309629423,102.64026309629423,-0.0017134757848819863,0.0,4.732897453988413,150,0.40922718323373686,-0.16245108582216447,11991.27125654637
1420,102.48581051840539,102.48581051840539,-0.0015059285673082188,0.0,4.732897453988413,150,0.40920070508435163,-0.16668038146484168,11990.703333049056
1421,102.46326375041912,102.46326375041912,-0.00022002312679537885,0.0,4.732897453988413,150,0.4091968406156563,-0.16429749578310732,11990.62042838341
1422,103.24087183625771,103.24087183625771,0.007560487665324699,0.0,4.732897453988413,150,0.40933033708862476,-0.16673481338229654,11993.479700204487
1423,102.7540400009165,102.7540400009165,-0.004726648220254155,0.0,4.732897453988413,150,0.40924669395859925,-0.1885049381180018,11991.689615232708
1424,101.53758264918685,101.53758264918685,-0.011909168993381868,0.0,4.732897453988413,150,0.40904062084980114,-0.12172765193299452,11987.21669077283
1425,100.78426484959698,100.78426484959698,-0.007446761584306761,0.0,4.732897453988413,150,0.4089149280037613,-0.06970687924925889,11984.446734549494
1426,101.86659944036252,101.86659944036252,0.010681867910546114,0.0,4.732897453988413,150,0.4090957289214117,-0.11254752323141362,11988.426488429006
1427,101.8874561223128,101.8874561223128,0.00020472409214661037,0.0,4.732897453988413,150,0.4090992256126717,-0.11467285482517525,11988.503178633324
1428,101.50576367194064,101.50576367194064,-0.003753250957233278,0.0,4.732897453988413,150,0.40903529631611396,-0.11680685414587638,11987.099692111586
1429,100.86674158871824,100.86674158871824,-0.0063153263459335375,0.0,4.732897453988413,150,0.40892862501487204,-0.09880424991975634,11984.750002249972
1430,101.8093655125308,101.8093655125308,0.009301843556602555,0.0,4.732897453988413,150,0.4090861332355238,-0.1408912285428823,11988.216038769287
1431,101.69877212313749,101.69877212313749,-0.0010868695627116753,0.0,4.732897453988413,150,0.4090675932880459,-0.14589456105035822,11987.809385896653
1432,102.31754439186079,102.31754439186079,0.006065928222090383,0.0,4.732897453988413,150,0.4091633224461921,-0.1533420277884449,11989.884624017448
1433,102.30164973532185,102.30164973532185,-0.0001553584123787767,0.0,4.732897453988413,150,0.40915375102715523,-0.16055717945445577,11989.660097263384
1434,102.17985282313336,102.17985282313336,-0.001191275739550616,0.0,4.732897453988413,150,0.40912433521057867,-0.1529681938953595,11988.986267377779
1435,103.2811653305162,103.2811653305162,0.010720506157435255,0.0,4.732897453988413,150,0.40932936942697984,-0.14316883947141784,11993.386935553575
1436,103.7228233834872,103.7228233834872,0.004267151815562196,0.0,4.732897453988413,150,0.4094257259484386,-0.0993454659526196,11995.513050362646
1437,103.12773399017748,103.12773399017748,-0.005753825782655464,0.0,4.732897453988413,150,0.4092960588352949,-0.06776560514132575,11992.648326481069
1438,102.47782215376334,102.47782215376334,-0.006321949787639836,0.0,4.732897453988413,150,0.40915520978999415,-0.020725913677932976,11989.51969071705
1439,102.88765093231015,102.88765093231015,0.003991219326501364,0.0,4.732897453988413,150,0.40924394094926364,-0.02084110254159301,11991.492581349046
1440,103.47259178399973,103.47259178399973,0.00566913869273959,0.0,4.732897453988413,150,0.40937098272528477,0.007105016616429848,11994.308450773011
1441,103.96444101153652,103.96444101153652,0.004742163370137919,0.0,4.732897453988413,150,0.4094789523897033,0.030850721665856045,11996.676182821508
1442,104.54091245634702,104.54091245634702,0.005529574220327728,0.0,4.732897453988413,150,0.40960637533144634,0.033779502339691916,11999.45128103963
1443,103.78788305579126,103.78788305579126,-0.007229271194056171,0.0,4.732897453988413,150,0.409440030972123,-0.005940092467665921,11995.826243639274
1444,104.39218127415211,104.39218127415211,0.005805550282617533,0.0,4.732897453988413,150,0.40957350225024175,-0.026185167663428696,11998.735298240475
1445,105.02506554830421,105.02506554830421,0.006044260542260252,0.0,4.732897453988413,150,0.4097133573608916,0.010594839233141843,12001.781964362945
1446,105.21870552477657,105.21870552477657,0.0018420524920976906,0.0,4.732897453988413,150,0.40975613384318377,0.025256519613508607,12002.714135346441
1447,105.30768628904502,105.30768628904502,0.0008453170056289708,0.0,4.732897453988413,150,0.4097757881146103,0.033003749263569165,12003.142483294272
1448,105.61025433180023,105.61025433180023,0.0028690612985690146,0.0,4.732897453988413,150,0.409842746846102,0.059462320035972994,12004.599027315437
1449,105.03358004958348,105.03358004958348,-0.005475362947270083,0.0,4.732897453988413,150,0.40971523841595386,0.047036605906671546,12001.82295265047
1450,105.75062930158393,105.75062930158393,0.00680365972584207,0.0,4.732897453988413,150,0.4098738172355312,0.019713766395847314,12005.274783819983
1451,106.83316448236359,106.83316448236359,0.010184638431986515,0.0,4.732897453988413,150,0.41011539040716355,0.05723828192578816,12010.48604185935
1452,106.73481643538118,106.73481643538118,-0.0009209999880290723,0.0,4.732897453988413,150,0.41009341364937874,0.04791828104003572,12010.012600386415
1453,106.62734253224703,106.62734253224703,-0.0010074318027521363,0.0,4.732897453988413,150,0.41006939565537676,0.04183420429970756,12009.495227601055
1454,105.3834156091602,105.3834156091602,-0.011734698827057083,0.0,4.732897453988413,150,0.4097925313026334,0.0464935622412287,12003.507039601793
1455,105.46692101933834,105.46692101933834,0.0007920823450348899,0.0,4.732897453988413,150,0.4098110180518954,0.04009519789114986,12003.90902953048
1456,105.30535265285971,105.30535265285971,-0.0015331086514355301,0.0,4.732897453988413,150,0.4097752726737113,0.03276650885300717,12003.131249312644
1457,105.16701895898163,105.16701895898163,-0.001314507103596729,0.0,4.732897453988413,150,0.40974471655411904,0.0312118578377887,12002.465319385254
1458,105.42934867570871,105.42934867570871,0.0024913046255707074,0.0,4.732897453988413,150,0.4097875078493683,0.027742605550348763,12003.379386253428
1459,105.8412524903718,105.8412524903718,0.0038993057651347178,0.0,4.732897453988413,150,0.40983557044041397,0.03460499096662568,12004.396495337189
1460,105.82146182334662,105.82146182334662,-0.00018700192092895322,0.0,4.732897453988413,150,0.40982397932830955,0.02999570711960813,12004.134063461146
1461,106.48048731556509,106.48048731556509,0.006208399043833348,0.0,4.732897453988413,150,0.4099349146066533,0.028485601874532692,12006.500580823269
1462,106.83406606906668,106.83406606906668,0.0033150956810626517,0.0,4.732897453988413,150,0.41000712388311183,0.0379558544206555,12008.061344847654
1463,106.95205538283417,106.95205538283417,0.001103807159659705,0.0,4.732897453988413,150,0.41003128853391824,0.04171377937109244,12008.582172172166
1464,106.5757893855367,106.5757893855367,-0.0035242840310498163,0.0,4.732897453988413,150,0.40995436274271546,0.042131473025879135,12006.921262328558
1465,106.99238390844518,106.99238390844518,0.0039012840243400977,0.0,4.732897453988413,150,0.4100395474854768,0.03375200203046747,12008.760189972463
1466,107.12154177185916,107.12154177185916,0.0012064407176634257,0.0,4.732897453988413,150,0.41006599630968904,0.026624987060577653,12009.330317404292
1467,106.30686200315878,106.30686200315878,-0.007634257774910029,0.0,4.732897453988413,150,0.409899744912676,0.016158326522504242,12005.734165594291
1468,105.50315252125337,105.50315252125337,-0.007589002257896224,0.0,4.732897453988413,150,0.4097373062354882,0.07625936884743989,12002.186438721583
1469,106.15478256097433,106.15478256097433,0.006157407689663678,0.0,4.732897453988413,150,0.40986899817079614,0.018064239910743348,12005.062857943987
1470,105.38926316420573,105.38926316420573,-0.0072374784712416354,0.0,4.732897453988413,150,0.4097142831521534,-0.013837349017913808,12001.683709387651
1471,105.9537961961254,105.9537961961254,0.005342350738263049,0.0,4.732897453988413,150,0.40982838632718627,-0.035812057191834584,12004.175665813404
1472,105.14185912497605,105.14185912497605,-0.0076926365337754475,0.0,4.732897453988413,150,0.4096642683900952,-0.05163431845738974,12000.59162079326
1473,105.7950895714645,105.7950895714645,0.006193628368478692,0.0,4.732897453988413,150,0.40979631339933714,-0.06666125469763579,12003.47510451624
1474,105.76800442303723,105.76800442303723,-0.00025604795301350055,0.0,4.732897453988413,150,0.40979083940374034,-0.0642098660547647,12003.355545507557
1475,105.74712916946335,105.74712916946335,-0.00019738780187587973,0.0,4.732897453988413,150,0.4097866203734518,-0.07259406533852727,12003.263398158611
1476,106.2380196128964,106.2380196128964,0.004631374638308184,0.0,4.732897453988413,150,0.40988582245036004,-0.06473870480413216,12005.430282159527
1477,105.8218240334587,105.8218240334587,-0.00392527040167025,0.0,4.732897453988413,150,0.40980171641314206,-0.07839820961536238,12003.593115528154
1478,104.751386177314,104.751386177314,-0.010166982549845605,0.0,4.732897453988413,150,0.40958596024005334,-0.04699698992662366,11998.867998762322
1479,104.47364658423827,104.47364658423827,-0.0026549381070867036,0.0,4.732897453988413,150,0.409530753608098,-0.03254678666807168,11997.642003250072
1480,104.80877594021486,104.80877594021486,0.0032026544645820413,0.0,4.732897453988413,150,0.4095974072997531,-0.03751278398809606,11999.121328116578
1481,104.48271902639269,104.48271902639269,-0.0031158187069479652,0.0,4.732897453988413,150,0.40953255193151583,-0.04035363943225411,11997.682050739317
1482,104.4085667822068,104.4085667822068,-0.0007099601786977793,0.0,4.732897453988413,150,0.40951785325303575,-0.020305374845767877,11997.354728597058
1483,104.72926518727937,104.72926518727937,0.0030668641193929208,0.0,4.732897453988413,150,0.4095735949390582,-0.05498741511542031,11998.576114090638
1484,105.22575480272467,105.22575480272467,0.004729494354839206,0.0,4.732897453988413,150,0.4096581788509763,-0.11044176606356812,12000.406023668003
1485,104.07645971901623,104.07645971901623,-0.010982269229281545,0.0,4.732897453988413,150,0.4094257419889552,-0.0877603255506897,11995.215966506054
1486,103.32215346674157,103.32215346674157,-0.007274007927266121,0.0,4.732897453988413,150,0.40928323207372425,-0.03853546290405536,11992.155579905839
1487,102.97626352029123,102.97626352029123,-0.0033533002881825243,0.0,4.732897453988413,150,0.4092085596799826,-0.022899209161927926,11990.491970687272
1488,103.04364363071925,103.04364363071925,0.0006541126414651834,0.0,4.732897453988413,150,0.40922306686430215,-0.039116215107364294,11990.8160453648
1489,102.80772475570767,102.80772475570767,-0.0022921293178778676,0.0,4.732897453988413,150,0.40917260454179055,-0.005710625392011667,11989.681358394764
1490,102.34063520532801,102.34063520532801,-0.004553683564422966,0.0,4.732897453988413,150,0.4090746481297532,0.008342584552975516,11987.434821628132
1491,101.73375447522018,101.73375447522018,-0.005947659773215412,0.0,4.732897453988413,150,0.40896190696293194,0.028726320237247888,11984.515938360377
1492,100.87340576553011,100.87340576553011,-0.008492827992258202,0.0,4.732897453988413,150,0.40883044080778336,0.05736973509713017,11980.377963090172
1493,100.57593538981845,100.57593538981845,-0.0029533041926779052,0.0,4.732897453988413,150,0.40878595703480713,0.07020736436848725,11978.947235009278
1494,100.47315328286354,100.47315328286354,-0.0010224579140117988,0.0,4.732897453988413,150,0.40877070067212096,0.07717601594331296,11978.452889156244
1495,101.39605691004596,101.39605691004596,0.009143643612928453,0.0,4.732897453988413,150,0.4089100650641579,0.044686299771398395,11982.89173161983
1496,100.89485830171284,100.89485830171284,-0.0049552362087956735,0.0,4.732897453988413,150,0.40883370023219234,0.03352250018314713,11980.481142258348
1497,101.14274977183752,101.14274977183752,0.002453915356475933,0.0,4.732897453988413,150,0.4088714551629535,0.006585824788753439,11981.673413207925
1498,101.24269670434876,101.24269670434876,0.0009876890100208424,0.0,4.732897453988413,150,0.4088866802266423,0.024656310754958437,11982.154122867167
1499,101.40867773416075,101.40867773416075,0.0016380946577575198,0.0,4.732897453988413,150,0.4089119906668819,0.01078556465583515,11982.95243335331
1500,101.25857867832151,101.25857867832151,-0.0014812366431568387,0.0,4.732897453988413,150,0.40888909943868673,-0.00984965152146545,11982.230509586647
1501,100.94682202652137,100.94682202652137,-0.003083566489703115,0.0,4.732897453988413,150,0.4088416056553826,-0.028138455797125865,11980.731069532932
1502,100.6011243702545,100.6011243702545,-0.003430429349014351,0.0,4.732897453988413,150,0.4087897011406045,0.0027308766818166,11979.068385162642
1503,100.7571928398872,100.7571928398872,0.0015501569843013087,0.0,4.732897453988413,150,0.4088129460013737,0.027055098271926047,11979.819019714105
1504,100.75794125429529,100.75794125429529,7.427872963033496e-06,0.0,4.732897453988413,150,0.40881305753337077,-0.0006148579005570366,11979.82261932468
1505,100.70891800408388,100.70891800408388,-0.0004866631798343989,0.0,4.732897453988413,150,0.4088057517320616,-0.012721204517377264,11979.586834700658
1506,101.68298145438034,101.68298145438034,0.009625592463310064,0.0,4.732897453988413,150,0.40895408898470575,-0.01269134172378544,11984.271737953886
1507,101.54308853227015,101.54308853227015,-0.0013767224275415071,0.0,4.732897453988413,150,0.40893257898854113,-0.021491639842869517,11983.59890210762
1508,100.93056474823402,100.93056474823402,-0.006050423279249939,0.0,4.732897453988413,150,0.40883750218863474,-0.007312757000783668,11980.42549981306
1509,101.13606642367692,101.13606642367692,0.0020339998257053256,0.0,4.732897453988413,150,0.40886819111994743,0.00667199862487611,11981.063968279772
1510,101.0055509199361,101.0055509199361,-0.001291327571159909,0.0,4.732897453988413,150,0.4088497509493519,-0.05122603184287181,11980.276976735611
1511,101.01883336274871,101.01883336274871,0.00013149346183039386,0.0,4.732897453988413,150,0.4088519276814871,-0.0563126710258049,11980.325368311023
1512,100.15232533759051,100.15232533759051,-0.00861468800582999,0.0,4.732897453988413,150,0.40871221734665386,-0.05984185744144872,11977.168442357171
1513,100.70866393447713,100.70866393447713,0.005539552718349956,0.0,4.732897453988413,150,0.40880139449262304,-0.0932059488491889,11979.195336170787
1514,100.05395935559311,100.05395935559311,-0.006522199092945872,0.0,4.732897453988413,150,0.4086966059839706,-0.11256825465484457,11976.810068155746
1515,99.85538555557187,99.85538555557187,-0.0019866391480530057,0.0,4.732897453988413,150,0.4086650880996288,-0.10721058682782948,11976.086609440026
1516,99.90629319045104,99.90629319045104,0.0005096837021072773,0.0,4.732897453988413,150,0.40867316858670283,-0.10843107698396254,11976.27207989054
1517,101.15275376640022,101.15275376640022,0.01239910925466708,0.0,4.732897453988413,150,0.40887387362934235,-0.0826510536655824,11980.813277004034
1518,100.9890372633892,100.9890372633892,-0.0016198188209747715,0.0,4.732897453988413,150,0.40884704466007193,-0.10131237218581184,11980.216812963976
1519,100.67664359454805,100.67664359454805,-0.0030981366525698524,0.0,4.732897453988413,150,0.4087962284021526,-0.103035423271147,11979.078677306426
1520,99.81678059041526,99.81678059041526,-0.008577520979310081,0.0,4.732897453988413,150,0.40865896022868503,-0.09152732498652885,11975.945960983334
1521,98.92359876332578,98.92359876332578,-0.008988488837051447,0.0,4.732897453988413,150,0.40856558903093176,-0.07364011408686556,11972.691855066736
1522,99.21100679111395,99.21100679111395,0.002901141156715691,0.0,4.732897453988413,150,0.40859544947977616,-0.10115366283571955,11973.738961193772
1523,99.35646965364374,99.35646965364374,0.0014651230015602994,0.0,4.732897453988413,150,0.40861058969698094,-0.09046636372511231,11974.268922224379
1524,100.22334810814725,100.22334810814725,0.008687089865484417,0.0,4.732897453988413,150,0.4087235066590048,-0.06190886730402048,11977.427197753746
1525,100.80427134987917,100.80427134987917,0.0057795526839202966,0.0,4.732897453988413,150,0.4088168320801692,-0.0280750880351845,11979.54366015891
1526,100.14084333459544,100.14084333459544,-0.00660310082014991,0.0,4.732897453988413,150,0.40871039512140817,-0.04107507216661512,11977.126610276908
1527,99.82684562690719,99.82684562690719,-0.0031404870195772764,0.0,4.732897453988413,150,0.4086605578931284,-0.06129921883181874,11975.982630666713
1528,100.6367117925465,100.6367117925465,0.008079978048277993,0.0,4.732897453988413,150,0.4087897857529925,-0.043416384378816696,11978.933194819869
1529,100.98131025795034,100.98131025795034,0.0034183333161584817,0.0,4.732897453988413,150,0.4088457783344657,0.0049905546802429725,11980.188661367789
1530,101.57185468393848,101.57185468393848,0.005831023172673967,0.0,4.732897453988413,150,0.40894276231848814,0.04561884147896942,11982.340176381125
1531,102.00992269757926,102.00992269757926,0.00430361396191644,0.0,4.732897453988413,150,0.4090151287573348,0.09052357561221405,11983.936178081818
1532,102.5450452226636,102.5450452226636,0.0052320777271420435,0.0,4.732897453988413,150,0.4091038302716048,0.13854590561293323,11985.885775937673
1533,103.08261430699605,103.08261430699605,0.005228579756590469,0.0,4.732897453988413,150,0.40919429606691143,0.158436740506532,11987.844287278649
1534,102.80422035736117,102.80422035736117,-0.002704341146992861,0.0,4.732897453988413,150,0.40914712308810364,0.15003127186099838,11986.830021906047
1535,101.87248238251111,101.87248238251111,-0.009104547792350134,0.0,4.732897453988413,150,0.40899242074393016,0.15358249312361177,11983.435445387895
1536,102.03615012611583,102.03615012611583,0.001605305050000765,0.0,4.732897453988413,150,0.4090194630586102,0.15468714821437332,11984.031731784087
1537,101.37183829770203,101.37183829770203,-0.006531839732168821,0.0,4.732897453988413,150,0.40891043548697575,0.1269385403213338,11980.607816494345
1538,100.81969952215759,100.81969952215759,-0.005461555453380863,0.0,4.732897453988413,150,0.40889903309141934,0.13725297163824934,11957.007185582224
1539,100.6267909513608,100.6267909513608,-0.0019152344556714058,0.0,4.732897453988413,150,0.40887533112445523,0.14597352218993062,11955.333260463482
1540,99.96401085149388,99.96401085149388,-0.0066083041281855565,0.0,4.732897453988413,150,0.408817428232896,0.15452195810518024,11951.70264102244
1541,100.1858259814424,100.1858259814424,0.002216491647159629,0.0,4.732897453988413,150,0.40883953177607285,0.14367169011910705,11953.13641895533
1542,100.47547546546832,100.47547546546832,0.002886951127204144,0.0,4.732897453988413,150,0.40887369284461755,0.1489978600076685,11954.914687059756
1543,100.62687908281318,100.62687908281318,0.001505737178370543,0.0,4.732897453988413,150,0.40889499082729724,0.1422571128352488,11955.844211324316
1544,101.17405311430431,101.17405311430431,0.005422922148853366,0.0,4.732897453988413,150,0.4089731116552401,0.18278644525938237,11959.203520356208
1545,100.39852184370255,100.39852184370255,-0.007694847351171372,0.0,4.732897453988413,150,0.40886374180910606,0.11978958030266092,11954.442239571834
1546,99.81988703551548,99.81988703551548,-0.0057800521180136144,0.0,4.732897453988413,150,0.40879874763319696,0.1324944893690703,11950.88978089244
1547,100.57716065551318,100.57716065551318,0.007557768273867121,0.0,4.732897453988413,150,0.4088879972895651,0.10421475776181621,11955.538971030977
1548,99.79222205082033,99.79222205082033,-0.00783495571503906,0.0,4.732897453988413,150,0.40879691255869405,0.06748727386629604,11950.719935052533
1549,99.12788965507403,99.12788965507403,-0.00667941376018604,0.0,4.732897453988413,150,0.408761048886277,0.08812746229460078,11946.641346360875
1550,99.55904518933141,99.55904518933141,0.004340055991788007,0.0,4.732897453988413,150,0.40878390677877074,0.05768110251145387,11949.288373809224
1551,99.47541102439907,99.47541102439907,-0.0008403989082664084,0.0,4.732897453988413,150,0.40877936727844505,0.031273066976129325,11948.774911931536
1552,100.71509498047381,100.71509498047381,0.01238520075067463,0.0,4.732897453988413,150,0.4089074023983745,0.012703886741172166,11956.38580219799
1553,100.79340771091262,100.79340771091262,0.0007772648134991964,0.0,4.732897453988413,150,0.4089185462227509,0.01654826263150715,11956.866593769839
1554,100.54179170033453,100.54179170033453,-0.002499474928465771,0.0,4.732897453988413,150,0.4088830219726842,0.020693770691352618,11955.321827592616
1555,100.81099944139825,100.81099944139825,0.0026739922495776186,0.0,4.732897453988413,150,0.4089210507831935,0.043754353996434514,11956.974596079353
1556,101.11900517652256,101.11900517652256,0.003050621175124006,0.0,4.732897453988413,150,0.40896518787507136,0.05627769249385592,11958.86556017547
1557,101.06280998277123,101.06280998277123,-0.0005558877305966864,0.0,4.732897453988413,150,0.4089571020886642,0.053968604389917456,11958.520556554953
1558,101.20939133743062,101.20939133743062,0.0014493477537876403,0.0,4.732897453988413,150,0.40897825092448165,0.05251131167361768,11959.420475118837
1559,101.37685341826432,101.37685341826432,0.0016532427379566976,0.0,4.732897453988413,150,0.40900272811091143,0.055344703488571366,11960.448588384941
1560,100.80838900388407,100.80838900388407,-0.005623218643466784,0.0,4.732897453988413,150,0.40892067913423885,0.04661062184363504,11956.958569612792
1561,100.37870470185412,100.37870470185412,-0.00427149622213582,0.0,4.732897453988413,150,0.40886147938142686,0.054015926100902056,11954.320574617419
1562,100.51485144773538,100.51485144773538,0.0013554119836804292,0.0,4.732897453988413,150,0.4088792321920214,0.053899331947725594,11955.15643115808
1563,100.45769034073447,100.45769034073447,-0.000568844957958953,0.0,4.732897453988413,150,0.4088711907895361,0.053477221364331924,11954.805497429561
1564,101.4304525624449,101.4304525624449,0.009636719975577138,0.0,4.732897453988413,150,0.4090105984819174,0.047983884360360836,11960.777653871944
1565,100.6472260177972,100.6472260177972,-0.007751776169992872,0.0,4.732897453988413,150,0.40889785278302715,0.009157554669139647,11955.969128879846
1566,100.35587778593236,100.35587778593236,-0.002898944647016515,0.0,4.732897453988413,150,0.4088588732852563,0.02837211093070834,11954.180431517761
1567,99.77485377067983,99.77485377067983,-0.0058064610384153436,0.0,4.732897453988413,150,0.408795901288922,0.032690772352576336,11950.613304589488
1568,100.44912981160525,100.44912981160525,0.0067352429795840855,0.0,4.732897453988413,150,0.4088699864569539,0.01826240800962387,11954.752941092516
1569,100.43695471383266,100.43695471383266,-0.00012121394885316587,0.0,4.732897453988413,150,0.4088682735928463,0.019529252606953935,11954.678193546839
1570,100.39912966699588,100.39912966699588,-0.0003766758090372838,0.0,4.732897453988413,150,0.4088638115547008,0.019694597240108563,11954.445971229701
1571,100.32952677892499,100.32952677892499,-0.0006935022840571496,0.0,4.732897453988413,150,0.40885587070777424,0.020917901904298302,11954.018652685534
1572,100.5743983365034,100.5743983365034,0.0024376993002766753,0.0,4.732897453988413,150,0.4088876087233155,0.04774656759549396,11955.522012106276
1573,99.62774772874643,99.62774772874643,-0.009457018135671456,0.0,4.732897453988413,150,0.4087876797820612,0.05376808038023727,11949.71016477131
1574,100.05137066874288,100.05137066874288,0.004243043328226252,0.0,4.732897453988413,150,0.4088202767511011,0.024496320690681177,11952.07962566737
1575,99.82666520819947,99.82666520819947,-0.0022484266890317284,0.0,4.732897453988413,150,0.40880674060693173,0.0197583275819331,11950.581095557438
1576,100.18073632629032,100.18073632629032,0.00354058385092471,0.0,4.732897453988413,150,0.40884829135721806,0.012089926384275442,11952.498167275291
1577,100.27380397944447,100.27380397944447,0.0009285662444899925,0.0,4.732897453988413,150,0.4088546142613327,0.02619488449556925,11953.044264478458
1578,99.671346513356,99.671346513356,-0.006026245576062477,0.0,4.732897453988413,150,0.40882281476470234,0.019589531906575374,11949.509198039068
1579,100.14928799196633,100.14928799196633,0.004783714066611804,0.0,4.732897453988413,150,0.4088461700187934,-0.012530696302565748,11952.313636486811
1580,100.50995467846397,100.50995467846397,0.0035948214505136505,0.0,4.732897453988413,150,0.4088729757355812,-0.0501120745741493,11954.42993642666
1581,100.64162943556377,100.64162943556377,0.0013092094351394331,0.0,4.732897453988413,150,0.4088856632774729,-0.034634754958995144,11955.202570248863
1582,101.74152542393912,101.74152542393912,0.010869549081237667,0.0,4.732897453988413,150,0.4089957863479796,-0.027549944932575635,11961.65647880538
1583,102.52439064937965,102.52439064937965,0.00766519518874421,0.0,4.732897453988413,150,0.40908720750280003,0.012800267316482577,11966.25013186937
1584,101.90584390783229,101.90584390783229,-0.006051439802732685,0.0,4.732897453988413,150,0.4090128261264692,-0.042047665628743035,11962.620657673564
1585,101.6027497847678,101.6027497847678,-0.0029786884344024152,0.0,4.732897453988413,150,0.40898149850106374,-0.007509150856455117,11960.842178821973
1586,102.31531381399053,102.31531381399053,0.00698875731695946,0.0,4.732897453988413,150,0.4090561965259063,-0.03485213496677241,11965.023322433617
1587,103.0004723687876,103.0004723687876,0.006674217418051356,0.0,4.732897453988413,150,0.409165893545106,0.006670564943002548,11969.043657725419
1588,102.76601078420727,102.76601078420727,-0.0022789103692625336,0.0,4.732897453988413,150,0.4091267459083964,-0.018006533290531902,11967.667897069055
1589,102.94461382572209,102.94461382572209,0.0017364497991422493,0.0,4.732897453988413,150,0.4091565001895203,-0.030731077246595826,11968.715894070621
1590,102.5809127547268,102.5809127547268,-0.0035392338527982536,0.0,4.732897453988413,150,0.4090963943482251,-0.04888401430534278,11966.581789138047
1591,103.61412425787505,103.61412425787505,0.010021775167212858,0.0,4.732897453988413,150,0.4093138181651546,-0.07988219320352752,11972.64441017798
1592,103.81429550134841,103.81429550134841,0.0019300277738443226,0.0,4.732897453988413,150,0.4093639783612036,-0.08626626190493393,11973.818963876398
1593,103.03718014319215,103.03718014319215,-0.007513787483168701,0.0,4.732897453988413,150,0.40917212426118676,-0.08419936738633202,11969.259049564123
1594,103.06496281436851,103.06496281436851,0.00026960099439988415,0.0,4.732897453988413,150,0.40917752227720083,-0.10053274342571783,11969.422071178096
1595,103.29860037699392,103.29860037699392,0.0022643305711303762,0.0,4.732897453988413,150,0.40923507948871074,-0.09732841549366819,11970.792996684226
1596,104.05846147661717,104.05846147661717,0.007329043864226384,0.0,4.732897453988413,150,0.4094253791379575,-0.08064904607614828,11975.251667417144
1597,104.70186899718003,104.70186899718003,0.006164097904515663,0.0,4.732897453988413,150,0.4095878861499225,-0.08235191171471712,11979.02701831048
1598,104.07555122093183,104.07555122093183,-0.005999879244321029,0.0,4.732897453988413,150,0.4094296906281124,-0.11297425888062751,11975.35194566911
1599,104.55472543196969,104.55472543196969,0.0045935332234124365,0.0,4.732897453988413,150,0.40955060978861474,-0.13925951359241887,11978.163617475686
1600,103.62625595878413,103.62625595878413,-0.008919889060656496,0.0,4.59202078861181,129,0.5004744097284751,-0.15139681825586232,10079.244977077731
1601,103.88271129224793,103.88271129224793,0.0024717530758342735,0.0,4.59202078861181,129,0.500535309756033,-0.1638866669182629,10080.549320257782
1602,104.56458902371574,104.56458902371574,0.006542470568684456,0.0,4.59202078861181,129,0.500697157509928,-0.1557791421295828,10084.01738058881
1603,105.13793694319179,105.13793694319179,0.005468215945323605,0.0,4.59202078861181,129,0.5008331589331255,-0.13987246080549068,10086.933453491105
1604,104.91057166409782,104.91057166409782,-0.0021648843821968455,0.0,4.59202078861181,129,0.500779235991266,-0.1260117797444348,10085.777063615486
1605,105.71690813437759,105.71690813437759,0.007656554692590108,0.0,4.59202078861181,129,0.5009704144569501,-0.17194838579009789,10089.878126602278
1606,106.17049478152373,106.17049478152373,0.004281399779052306,0.0,4.59202078861181,129,0.5010778942954023,-0.13537551928447442,10092.18508837131
1607,106.31708219925368,106.31708219925368,0.0013797271639784036,0.0,4.59202078861181,129,0.5011128201595731,-0.10296707613443863,10092.930638467751
1608,107.25805013843951,107.25805013843951,0.008811644102370642,0.0,4.59202078861181,129,0.5013373244379462,-0.14571071593848287,10097.71644306594
1609,107.20797153233332,107.20797153233332,-0.00046700737605174,0.0,4.59202078861181,129,0.5013253816120835,-0.14393528149374005,10097.461741058152
1610,107.01501047037556,107.01501047037556,-0.0018014977883328961,0.0,4.59202078861181,129,0.5012793583163068,-0.13635198547165908,10096.480332554067
1611,106.6750729032078,106.6750729032078,-0.003181596904771497,0.0,4.59202078861181,129,0.501198257768927,-0.11253467395958598,10094.75139503739
1612,107.49210655334771,107.49210655334771,0.007629904973062594,0.0,4.59202078861181,129,0.5013931345976997,-0.13529883645454607,10098.906864354545
1613,108.92222570555379,108.92222570555379,0.013216684450376237,0.0,4.59202078861181,129,0.5017340430306755,-0.07628684286382995,10106.180513678353
1614,109.58007667210896,109.58007667210896,0.006021473889293187,0.0,4.59202078861181,129,0.5018905894241588,-0.038852899329312365,10109.52114005106
1615,109.10156270075264,109.10156270075264,-0.004376359501030874,0.0,4.59202078861181,129,0.5017674267244537,-0.05537504638014219,10106.864975613473
1616,110.09083270699819,110.09083270699819,0.009026560628987868,0.0,4.59202078861181,129,0.501981148939733,-0.07700236682014286,10111.476010367604
1617,109.80904611811724,109.80904611811724,-0.0025628640145146137,0.0,4.59202078861181,129,0.5019182525748783,-0.09371715297117171,10110.125608062574
1618,110.67936263704458,110.67936263704458,0.007894483377952684,0.0,4.59202078861181,129,0.5021124579881824,-0.1058768574886458,10114.296414905912
1619,111.01120246504298,111.01120246504298,0.0029937230362965285,0.0,4.59202078861181,129,0.5021864686817222,-0.09982236153021623,10115.886686715545
1620,110.20044383090016,110.20044383090016,-0.007330195114100272,0.0,4.59202078861181,129,0.50200561022607,-0.12799458927742635,10112.001298369996
1621,110.99271701653566,110.99271701653566,0.007163662481764679,0.0,4.59202078861181,129,0.5021823431457425,-0.1567996016602839,10115.798099134521
1622,111.73866533970318,111.73866533970318,0.006698212925848965,0.0,4.59202078861181,129,0.5023487646659844,-0.14025400850567205,10119.372897846695
1623,112.12721898526964,112.12721898526964,0.003471310842298146,0.0,4.59202078861181,129,0.5024354046526462,-0.125702609524353,10121.234958566778
1624,112.68463933440114,112.68463933440114,0.004959004348122119,0.0,4.59202078861181,129,0.5025599410586739,-0.08454400921477968,10123.906277054035
1625,112.77375350330776,112.77375350330776,0.0007905154687365495,0.0,4.59202078861181,129,0.5025799304652493,-0.1181352059578599,10124.333337758306
1626,112.86802922516165,112.86802922516165,0.0008356229613123965,0.0,4.59202078861181,129,0.5026010758361451,-0.14150882691749334,10124.785134107473
1627,112.3214907803548,112.3214907803548,-0.004854040435878237,0.0,4.59202078861181,129,0.5024787115716736,-0.1157895401289569,10122.165964832644
1628,111.88763003043634,111.88763003043634,-0.0038701484567771035,0.0,4.59202078861181,129,0.5023819846943014,-0.08556929070603617,10120.086779449553
1629,111.46480961370266,111.46480961370266,-0.0037861321102583474,0.0,4.59202078861181,129,0.502287680949953,-0.06787099667111579,10118.060502515513
1630,111.4341415502407,111.4341415502407,-0.0002751745891609653,0.0,4.59202078861181,129,0.5022808394297602,-0.06437326204157427,10117.913532342965
1631,111.37050217291623,111.37050217291623,-0.0005712572053407057,0.0,4.59202078861181,129,0.5022666419394536,-0.06065550569715378,10117.608554160111
1632,110.76389978679352,110.76389978679352,-0.005461593419411131,0.0,4.59202078861181,129,0.5021313133636369,-0.04413131518271286,10114.701541219181
1633,111.37672469336162,111.37672469336162,0.005517464107765308,0.0,4.59202078861181,129,0.5022680301770515,-0.047519003425154575,10117.63837426612
1634,111.68843439588332,111.68843439588332,0.002794787914770923,0.0,4.59202078861181,129,0.502337561804524,-0.03953154424880915,10119.132176730096
1635,111.07955915179122,111.07955915179122,-0.005466465362531829,0.0,4.59202078861181,129,0.5022017237278176,-0.03862165616282449,10116.214271600673
1636,111.02785352140295,111.02785352140295,-0.00046559122633512486,0.0,4.59202078861181,129,0.5021901847608123,-0.027977908458070327,10115.966483362286
1637,111.39655229270608,111.39655229270608,0.003315275656486882,0.0,4.59202078861181,129,0.5022724536384925,-0.03387241321146236,10117.73339381962
1638,111.1225581186905,111.1225581186905,-0.002462658708127065,0.0,4.59202078861181,129,0.5022113192282938,-0.024509527448674687,10116.420335005767
1639,111.11673126114198,111.11673126114198,-5.24376906182202e-05,0.0,4.59202078861181,129,0.5022041863037675,-0.023186070868858842,10116.262779384251
1640,111.12444989661363,111.12444989661363,6.946179312535918e-05,0.0,4.59202078861181,129,0.5022042710190753,-0.020938954562224027,10116.263359460383
1641,110.9753539647868,110.9753539647868,-0.0013426032047857553,0.0,4.59202078861181,129,0.5021705050333046,-0.016047666881464993,10115.537636092136
1642,111.80129422125336,111.80129422125336,0.007414996567377457,0.0,4.59202078861181,129,0.502350772535425,-0.06335553839232695,10119.4097221254
1643,112.03993836512169,112.03993836512169,0.0021322634040935066,0.0,4.59202078861181,129,0.5024028405601647,-0.032543265790550606,10120.528508440946
1644,112.09574581280042,112.09574581280042,0.0004979791507693322,0.0,4.59202078861181,129,0.5024150151192689,-0.057708052448758755,10120.790139033492
1645,112.2454863312819,112.2454863312819,0.001334935529126719,0.0,4.59202078861181,129,0.502447678344433,-0.041465856545329395,10121.492136745417
1646,112.7342012372379,112.7342012372379,0.0043445315436566045,0.0,4.59202078861181,129,0.502554520538837,-0.06152047104586239,10123.783278443361
1647,112.00591486649523,112.00591486649523,-0.006481165291745529,0.0,4.59202078861181,129,0.5023954179248523,-0.061798380137792604,10120.369003061707
1648,110.85029868164085,110.85029868164085,-0.010371050683164726,0.0,4.59202078861181,129,0.5021432087573185,0.0018372001239599462,10114.951365097999
1649,109.75942121199515,109.75942121199515,-0.009889739776113186,0.0,4.59202078861181,129,0.5019049646675122,0.0786771086142808,10109.837228353668
1650,109.07939558543744,109.07939558543744,-0.006214873808230969,0.0,4.59202078861181,129,0.5017644024582831,0.1460431918553718,10106.649203904879
1651,108.4154488957788,108.4154488957788,-0.006105420601483068,0.0,4.59202078861181,129,0.5016416594666177,0.17260077603640886,10103.53655903289
1652,108.26460159754247,108.26460159754247,-0.0013923508164483888,0.0,4.59202078861181,129,0.5016137695840499,0.18668840841958956,10102.829372632803
1653,107.7160777408661,107.7160777408661,-0.005079389857385375,0.0,4.59202078861181,129,0.5015123210847483,0.19530925937935126,10100.257840917622
1654,107.51873505749411,107.51873505749411,-0.001833743678406113,0.0,4.59202078861181,129,0.5014758102741427,0.20380300788684058,10099.33267975485
1655,107.88694197684815,107.88694197684815,0.0034187332761962458,0.0,4.59202078861181,129,0.5015439276564349,0.1931962226989023,10101.058868614904
1656,107.13935618676057,107.13935618676057,-0.006953463912634671,0.0,4.59202078861181,129,0.5014056017479136,0.15713087883728702,10097.554115730176
1657,106.21266111106897,106.21266111106897,-0.008687060147599825,0.0,4.59202078861181,129,0.5012342895359875,0.21251077906106403,10093.209681575785
1658,106.05901785137495,106.05901785137495,-0.0014476098486234138,0.0,4.59202078861181,129,0.5012060894948995,0.24136092817571772,10092.489387443966
1659,105.92479623103029,105.92479623103029,-0.001266338553839936,0.0,4.59202078861181,129,0.501181506176033,0.26868431905207213,10091.86014379416
1660,105.35798021112191,105.35798021112191,-0.005365485907227085,0.0,4.59202078861181,129,0.501077657347844,0.2943740381577862,10089.20285668782
1661,106.24641934272238,106.24641934272238,0.008397220039209634,0.0,4.59202078861181,129,0.5012405178961483,0.2498093162435157,10093.367943358364
1662,106.5385835359791,106.5385835359791,0.0027460993294306847,0.0,4.59202078861181,129,0.50129451624124,0.24687285140855572,10094.73763672695
1663,106.1592961969828,106.1592961969828,-0.0035664459044192818,0.0,4.59202078861181,129,0.5012244539433712,0.25051413029909525,10092.959501811712
1664,105.17390090200654,105.17390090200654,-0.009325581118865191,0.0,4.59202078861181,129,0.5010439196085438,0.26827206505007467,10088.339875477908
1665,105.40944166566226,105.40944166566226,0.002237032226864452,0.0,4.59202078861181,129,0.5010870880824999,0.24505486316292335,10089.444112853525
1666,104.64903616976201,104.64903616976201,-0.007239972652002172,0.0,4.59202078861181,129,0.5009477287604189,0.22699835458755846,10085.879259975558
1667,104.03248637518554,104.03248637518554,-0.005909019457372121,0.0,4.59202078861181,129,0.5008348353180526,0.23675978789191585,10082.988816230143
1668,104.22508295968696,104.22508295968696,0.001849600377291908,0.0,4.59202078861181,129,0.5008701076952763,0.24067608909260807,10083.891727232558
1669,105.31094486784436,105.31094486784436,0.010364533870327774,0.0,4.59202078861181,129,0.501069037339957,0.23909594628423153,10088.982350550299
1670,104.93320482822824,104.93320482822824,-0.003593350365426298,0.0,4.59202078861181,129,0.5009996768350633,0.21617952911355506,10087.20887283661
1671,104.72710607219264,104.72710607219264,-0.001966026107047952,0.0,4.59202078861181,129,0.5009580382476894,0.232480092915336,10086.159406031424
1672,103.56902851358628,103.56902851358628,-0.011119644573056841,0.0,4.59202078861181,129,0.5007670458348862,0.17439784583252854,10081.183238306845
1673,103.77704992948657,103.77704992948657,0.00200651478200346,0.0,4.59202078861181,129,0.5008056215808966,0.11978330991523538,10082.168620294335
1674,104.03232805357881,104.03232805357881,0.0024568501669864095,0.0,4.59202078861181,129,0.5008528399212581,0.1429652862146977,10083.373513699122
1675,103.83044889989664,103.83044889989664,-0.0019424277892905772,0.0,4.59202078861181,129,0.5008154996268844,0.16341405717959334,10082.420659388943
1676,104.35836502985902,104.35836502985902,0.005071523791434906,0.0,4.59202078861181,129,0.5009131299932456,0.1764367804743887,10084.912383525252
1677,104.59501797533359,104.59501797533359,0.002265127687869609,0.0,4.59202078861181,129,0.5009568798349889,0.1975268474050966,10086.029367498088
1678,103.78595881337385,103.78595881337385,-0.007765231163288196,0.0,4.59202078861181,129,0.500807269631355,0.1637298736715658,10082.210669551307
1679,104.29218126839864,104.29218126839864,0.004865705292866239,0.0,4.59202078861181,129,0.5009008929197144,0.15245954197615377,10084.600001185516
1680,104.58076663018146,104.58076663018146,0.0027632639680122985,0.0,4.59202078861181,129,0.5009542454743546,0.20409409346350788,10085.962102228708
1681,104.07822573080563,104.07822573080563,-0.004816872403751919,0.0,4.59202078861181,129,0.5008613283361253,0.15787559743577842,10083.590147258234
1682,103.59540582510375,103.59540582510375,-0.004649803366867218,0.0,4.59202078861181,129,0.5007720765037786,0.14629733069335465,10081.311273883755
1683,103.32791623690062,103.32791623690062,-0.002585399601511887,0.0,4.59202078861181,129,0.5007227749743679,0.129863538204048,10080.048743293555
1684,104.18353246691824,104.18353246691824,0.00824649516142297,0.0,4.59202078861181,129,0.5008808026114279,0.10800293682875459,10084.08718707421
1685,104.21239472083641,104.21239472083641,0.00027699441627490395,0.0,4.59202078861181,129,0.5008861397456182,0.11547205665121775,10084.223414725982
1686,103.66645686941075,103.66645686941075,-0.005252473759419989,0.0,4.59202078861181,129,0.5007851960984253,0.11567012924037796,10081.646629429762
1687,102.71108857459467,102.71108857459467,-0.00925851809389069,0.0,4.59202078861181,129,0.5006459306759935,0.12652854456984564,10077.13736346089
1688,102.03260763936042,102.03260763936042,-0.006627636711984376,0.0,4.59202078861181,129,0.5005934055334683,0.14751039892207024,10073.934984851106
1689,101.74800609651463,101.74800609651463,-0.0027932169078117223,0.0,4.59202078861181,129,0.500571362934975,0.15389799153042627,10072.591687131466
1690,100.32792074275262,100.32792074275262,-0.014055199487546322,0.0,4.59202078861181,129,0.500465874003055,0.1483880646166176,10065.888991853255
1691,101.00475172672074,101.00475172672074,0.006723533993707087,0.0,4.59202078861181,129,0.5005138070513067,0.08507466007095123,10069.083582818068
1692,101.85875971996467,101.85875971996467,0.008419582527731147,0.0,4.59202078861181,129,0.5005799415831981,0.14246397803678934,10073.114435843
1693,100.9502233110588,100.9502233110588,-0.008959588209460977,0.0,4.59202078861181,129,0.50050959888574,0.08425454870965089,10068.826212827442
1694,101.0707734416037,101.0707734416037,0.0011934417391357877,0.0,4.59202078861181,129,0.5005161222082967,0.08272202045087389,10069.337546652074
1695,101.31316098278637,101.31316098278637,0.002395325081165553,0.0,4.59202078861181,129,0.5005177764439759,0.09134195648754154,10070.12890542688
1696,100.45698958488605,100.45698958488605,-0.00848665210561181,0.0,4.59202078861181,129,0.5005156616677001,0.07127927222368899,10067.39322524169
1697,100.17258958638924,100.17258958638924,-0.0028350773616149607,0.0,4.59202078861181,129,0.5005141144057562,0.0784302558997602,10066.276566684995
1698,100.01084062347348,100.01084062347348,-0.001616007857858667,0.0,4.59202078861181,129,0.5005077831847611,0.0790135675756822,10065.517026958747
1699,99.94442640587641,99.94442640587641,-0.0006642907788931323,0.0,4.59202078861181,129,0.5005077119142692,0.07746401902551471,10065.257582525739
1700,100.66081803959699,100.66081803959699,0.0071423325061482305,0.0,4.59202078861181,129,0.500516988628083,0.07927144427802531,10068.056137232043
1701,99.58709499096985,99.58709499096985,-0.010724040242459784,0.0,4.59202078861181,129,0.5005073283913488,0.03404545130236683,10063.861681923576
1702,99.07118544664053,99.07118544664053,-0.0051939511708800935,0.0,4.59202078861181,129,0.5005067744791859,0.030780442610547798,10061.846302324835
1703,98.86999881399467,98.86999881399467,-0.002032792747772415,0.0,4.59202078861181,129,0.5005065584127222,0.02538144513415258,10061.060374947778
1704,98.84056758570277,98.84056758570277,-0.00029772033984049696,0.0,4.59202078861181,129,0.5005065268019198,0.020794354444856663,10060.945403054511
1705,98.9121997113022,98.9121997113022,0.0007244614546891647,0.0,4.59202078861181,129,0.5005066037376096,0.011813700192009096,10061.22523103237
1706,99.0791972201198,99.0791972201198,0.0016869172197150454,0.0,4.59202078861181,129,0.5005067830828144,0.032755514655606395,10061.877599991252
1707,98.90683618260634,98.90683618260634,-0.001741143838229519,0.0,4.59202078861181,129,0.5005065979771193,0.014196372189108878,10061.204278626217
1708,99.0105331552205,99.0105331552205,0.0010478815724951989,0.0,4.59202078861181,129,0.5005067093445849,-0.02268298606463745,10061.609366621497
1709,99.58821477818907,99.58821477818907,0.005817592087078628,0.0,4.59202078861181,129,0.50050732959338,-0.03144981747999012,10063.866056326688
1710,99.29928979447192,99.29928979447192,-0.0029054131639171597,0.0,4.59202078861181,129,0.5005070194133826,-0.049194588100017894,10062.737382658695
1711,99.21591446524887,99.21591446524887,-0.0008399894047037974,0.0,4.59202078861181,129,0.5005069298915386,-0.05010559632798276,10062.411680334711
1712,99.58877270041094,99.58877270041094,0.003751004844555892,0.0,4.59202078861181,129,0.5005073301922787,-0.04745899330549173,10063.868235827098
1713,99.93007462747298,99.93007462747298,0.003421253325626323,0.0,4.59202078861181,129,0.5005076965125911,-0.034564365153123715,10065.2015178886
1714,99.96034803606287,99.96034803606287,0.0003029000431132716,0.0,4.59202078861181,129,0.50050772900044,-0.028835938532918843,10065.319779724861
1715,99.28682107873541,99.28682107873541,-0.006760743711066622,0.0,4.59202078861181,129,0.5005070060258284,-0.018455764185504306,10062.688674129084
1716,99.15669311123922,99.15669311123922,-0.0013114864114254286,0.0,4.59202078861181,129,0.5005068663008054,-0.042871302256371015,10062.18033453002
1717,98.85044128082463,98.85044128082463,-0.0030933438389423454,0.0,4.59202078861181,129,0.5005065374069069,-0.0452579658875857,10060.983974241904
1718,99.1556811552298,99.1556811552298,0.0030831381620330914,0.0,4.59202078861181,129,0.5005068652141613,-0.049528968865549215,10062.176381365132
1719,99.04322859362973,99.04322859362973,-0.0011347446240662354,0.0,4.59202078861181,129,0.5005067444566542,-0.04992339570541138,10061.737090018487
1720,99.28274048072012,99.28274048072012,0.002415336777609039,0.0,4.59202078861181,129,0.5005070016444971,-0.026193294024343065,10062.672733439322
1721,99.2707573265711,99.2707573265711,-0.00012070453853401422,0.0,4.59202078861181,129,0.5005401039919762,-0.04852212788561643,10061.617620745266
1722,98.59811670562463,98.59811670562463,-0.006798878452086707,0.0,4.59202078861181,129,0.5010753746155292,-0.0459572480792045,10041.477307818795
1723,99.6444876807334,99.6444876807334,0.010556567249760796,0.0,4.59202078861181,129,0.5011450589773876,-0.09103823135078747,10051.003668329105
1724,99.68765854798889,99.68765854798889,0.00043315510064231204,0.0,4.59202078861181,129,0.5011596699950505,-0.0690497556613035,10051.379071851068
1725,100.4011521774208,100.4011521774208,0.007131799634562328,0.0,4.59202078861181,129,0.5014009971518608,-0.04974441511202342,10057.583441566456
1726,100.75243975890001,100.75243975890001,0.003492733440314749,0.0,4.59202078861181,129,0.5015198757900046,-0.050843642800192095,10060.638154239445
1727,101.53078440957509,101.53078440957509,0.007695630670104787,0.0,4.59202078861181,129,0.501783577894771,-0.02337803718882801,10067.406452903344
1728,100.67098583650221,100.67098583650221,-0.00850441372596987,0.0,4.59202078861181,129,0.5014923103528982,-0.07292862659879065,10059.929850438994
1729,99.91844890152177,99.91844890152177,-0.007503291153628493,0.0,4.59202078861181,129,0.5012377618605147,-0.02746517598139516,10053.385969489667
1730,99.5701259758867,99.5701259758867,-0.0034921626949116127,0.0,4.59202078861181,129,0.5011198890981702,-0.01928559000283021,10050.357036753847
1731,100.03785606866559,100.03785606866559,0.004686495440312788,0.0,4.59202078861181,129,0.5012781536284759,-0.034113454555504345,10054.424305616394
1732,99.98875476020326,99.98875476020326,-0.0004909477718499424,0.0,4.59202078861181,129,0.5012615449876157,-0.019141265558890813,10053.997332398074
1733,99.41709178708639,99.41709178708639,-0.00573367881770967,0.0,4.59202078861181,129,0.5010680866064536,-0.024317094009738645,10049.026288100677
1734,100.0545732888191,100.0545732888191,0.0063917215690758,0.0,4.59202078861181,129,0.5012838079482803,-0.04200777560109016,10054.56967455897
1735,99.61926288433686,99.61926288433686,-0.004360221674354607,0.0,4.59202078861181,129,0.5011365212390423,-0.052551489990182346,10050.784319541135
1736,99.44115316963831,99.44115316963831,-0.0017895045711218086,0.0,4.59202078861181,129,0.5010762307068061,-0.0617301349316924,10049.235520120497
1737,99.19682110647022,99.19682110647022,-0.002460075293082159,0.0,4.59202078861181,129,0.5010368161136017,-0.048328974838387176,10047.110867018235
1738,99.2601844151326,99.2601844151326,0.0006385595776667964,0.0,4.59202078861181,129,0.5010317701861681,-0.027391082570632726,10047.661859174457
1739,100.03441119377052,100.03441119377052,0.007769710675509486,0.0,4.59202078861181,129,0.5012769884369058,-0.03112286697405832,10054.394349809374
1740,100.326485286151,100.326485286151,0.0029154820566137073,0.0,4.59202078861181,129,0.5013757555363857,-0.004770565281614381,10056.934156163157
1741,99.63663911317691,99.63663911317691,-0.006899761261677255,0.0,4.59202078861181,129,0.501142402543308,-0.027018676569076326,10050.935419065414
1742,100.00638551370945,100.00638551370945,0.0037040795587341318,0.0,4.59202078861181,129,0.5012675087965749,-0.047516142426656964,10054.150645207888
1743,99.5371037199659,99.5371037199659,-0.004703562724348374,0.0,4.59202078861181,129,0.5011087108562701,-0.04731304539969634,10050.069883125394
1744,99.64517077057714,99.64517077057714,0.001085107211385672,0.0,4.59202078861181,129,0.5011452901749579,-0.059196593025312334,10051.00960831478
1745,99.99076368226945,99.99076368226945,0.0034622349714742867,0.0,4.59202078861181,129,0.5012622245382249,-0.051413631533379946,10054.014801503212
1746,100.85006015762521,100.85006015762521,0.008557042360949424,0.0,4.59202078861181,129,0.5015529087075322,-0.05177700518276982,10061.487037846067
1747,101.65581499180088,101.65581499180088,0.007957883550859602,0.0,4.59202078861181,129,0.5018268904237732,-0.042156195482270495,10068.493688900779
1748,101.67673231418449,101.67673231418449,0.00020574495066869158,0.0,4.59202078861181,129,0.5018341589079701,-0.05204490121151327,10068.675580926398
1749,100.97329099440947,100.97329099440947,-0.006942453138072678,0.0,4.59202078861181,129,0.501594328443185,-0.07341127730904293,10062.545890435511
1750,100.86688655665611,100.86688655665611,-0.0010543435791756017,0.0,4.59202078861181,129,0.501555123819877,-0.017363943433736855,10061.453295958574
1751,100.87781616064714,100.87781616064714,0.00010835083999246883,0.0,4.59202078861181,129,0.5015584640860046,-0.05622120181811188,10061.508343559886
1752,100.7158466279317,100.7158466279317,-0.0016068914600465532,0.0,4.59202078861181,129,0.5014999899019069,-0.005811550169998434,10060.033292209955
1753,100.35395892517909,100.35395892517909,-0.003599626433363645,0.0,4.59202078861181,129,0.5013760061144231,0.005977279381974117,10056.882203176428
1754,100.43494927618809,100.43494927618809,0.0008067214083374697,0.0,4.59202078861181,129,0.501403733760397,0.0012225412818478566,10057.587415884527
1755,100.3486580810889,100.3486580810889,-0.0008595442780189119,0.0,4.59202078861181,129,0.5013741915339516,0.01655982374543042,10056.83604678163
1756,101.1455472542711,101.1455472542711,0.007909838664281585,0.0,4.59202078861181,129,0.5016471600037631,-0.006579482731694048,10063.774853255158
1757,101.84887964767775,101.84887964767775,0.006929601158056739,0.0,4.59202078861181,129,0.5018912019274374,0.028076819756288715,10069.899026513689
1758,101.65221057297691,101.65221057297691,-0.0019328558457952197,0.0,4.59202078861181,129,0.5018220508940068,0.016044508907687608,10068.18655670659
1759,102.75965567396996,102.75965567396996,0.010835534713545453,0.0,4.59202078861181,129,0.5022114148184096,0.004221920760295949,10077.829487611478
1760,103.2575887861624,103.2575887861624,0.004833906822536535,0.0,4.59202078861181,129,0.5023863665141322,0.08696524682099094,10082.165173950983
1761,103.11366583500816,103.11366583500816,-0.0013947967196442964,0.0,4.59202078861181,129,0.5023358138104727,0.039933557194924724,10080.911983998396
1762,103.05403516617447,103.05403516617447,-0.0005784676281196875,0.0,4.59202078861181,129,0.5023148649518049,0.0305787059533923,10080.392757881578
1763,102.71919880796644,102.71919880796644,-0.0032544237874854117,0.0,4.59202078861181,129,0.5021971934505922,0.032178748339799834,10077.477214832312
1764,102.32716932301095,102.32716932301095,-0.003823817668198902,0.0,4.59202078861181,129,0.5020593360203711,0.04490310145092981,10074.063670239706
1765,102.84120033400076,102.84120033400076,0.005010831712427356,0.0,4.59202078861181,129,0.5022400763160622,0.029701186606950238,10078.53952689165
1766,103.32708431905776,103.32708431905776,0.004713478461957742,0.0,4.59202078861181,129,0.5024107722086453,0.04416218065481177,10082.770297059395
1767,103.00811488729562,103.00811488729562,-0.0030917622109513493,0.0,4.59202078861181,129,0.5022987312212606,0.033433800944527636,10079.992913161543
1768,103.1493499326494,103.1493499326494,0.0013701669020119837,0.0,4.59202078861181,129,0.5023483489637957,0.03014904770427846,10081.222698531918
1769,103.08650004129268,103.08650004129268,-0.0006094953259610607,0.0,4.59202078861181,129,0.5023262704592794,0.04363022120710537,10080.675441463201
1770,102.97694013695967,102.97694013695967,-0.0010633610169940915,0.0,4.59202078861181,129,0.5022877774872957,0.04159090977799179,10079.721463169848
1771,103.11996001652469,103.11996001652469,0.001387889894666446,0.0,4.59202078861181,129,0.502338024894357,0.04411790591229509,10080.9667897467
1772,103.34486070931379,103.34486070931379,0.0021785869471727414,0.0,4.59202078861181,129,0.5024170145156676,0.038596729119189974,10082.92508261294
1773,104.3720913729814,104.3720913729814,0.009890757856835318,0.0,4.59202078861181,129,0.5027774086957978,0.047596138312625165,10091.869556974916
1774,103.86689570492939,103.86689570492939,-0.004852085253402628,0.0,4.59202078861181,129,0.502600245433424,0.009201566428343555,10087.470632896326
1775,103.7599745875036,103.7599745875036,-0.001029935352073883,0.0,4.59202078861181,129,0.5025627302590789,0.005084293676860176,10086.539631488957
1776,104.16956775428231,104.16956775428231,0.0039397354695997885,0.0,4.59202078861181,129,0.5027064057642892,-0.0050359459649658425,10090.106109504724
1777,103.51654234914224,103.51654234914224,-0.006288601167272417,0.0,4.59202078861181,129,0.502477291893467,-0.014215373172835916,10084.419977654707
1778,103.68576823720196,103.68576823720196,0.0016334366659041131,0.0,4.59202078861181,129,0.5025366895708381,-0.015466679161212428,10085.89348956461
1779,103.61729058883712,103.61729058883712,-0.0006606525850923882,0.0,4.59202078861181,129,0.5025126562535098,-0.014149502215126607,10085.29722955035
1780,103.53052583304422,103.53052583304422,-0.0008377086697372644,0.0,4.59202078861181,129,0.5024822007038646,-0.011572666830246292,10084.541736980704
1781,102.86332556908148,102.86332556908148,-0.006465333957766969,0.0,4.59202078861181,129,0.5022478522461686,-0.007267053528346167,10078.732179433024
1782,103.12538626518402,103.12538626518402,0.0025444194019392788,0.0,4.59202078861181,129,0.5023399310626921,0.03509718665891796,10081.014038085103
1783,102.43929358138898,102.43929358138898,-0.006675224867594622,0.0,4.59202078861181,129,0.5020987741288224,0.026731866847647983,10075.039977304798
1784,103.53457072214636,103.53457072214636,0.010635208191359819,0.0,4.59202078861181,129,0.502483620613577,-0.023672488729033457,10084.576957314512
1785,102.96090889234618,102.96090889234618,-0.005556182698732164,0.0,4.59202078861181,129,0.5022821444301682,-0.08021758382009243,10079.581873239847
1786,103.51682306769415,103.51682306769415,0.00538475033915399,0.0,4.59202078861181,129,0.502475620655803,-0.11439265916531997,10084.283023356516
1787,103.89517683337121,103.89517683337121,0.0036483345758751206,0.0,4.59202078861181,129,0.5026248624842375,-0.06149755317427877,10087.621662398626
1788,104.19005959902297,104.19005959902297,0.002834251656739274,0.0,4.59202078861181,129,0.5027398099162129,-0.11292393973267849,10090.433835794029
1789,104.07439992019518,104.07439992019518,-0.001110700222065245,0.0,4.59202078861181,129,0.5026936168312249,-0.14767542476025697,10089.30654054967
1790,103.78285895238679,103.78285895238679,-0.0028052054623637973,0.0,4.59202078861181,129,0.5025771330580101,-0.13050584551477246,10086.464990669228
1791,103.67645167828543,103.67645167828543,-0.0010258135256388415,0.0,4.59202078861181,129,0.5025346021998132,-0.12371724391032432,10085.427875442254
1792,103.41550145094173,103.41550145094173,-0.002520140077978465,0.0,4.59202078861181,129,0.5024303307738235,-0.12412825849407023,10082.884483023394
1793,103.4804489281179,103.4804489281179,0.0006278274581064674,0.0,4.59202078861181,129,0.5024562826002364,-0.09889922808194064,10083.517503821098
1794,103.52323115218036,103.52323115218036,0.00041334747918497474,0.0,4.59202078861181,129,0.5024733758160393,-0.07793949900699468,10083.934487494384
1795,103.54136236383438,103.54136236383438,0.00017512614196845934,0.0,4.59202078861181,129,0.5024806195363879,-0.08974005666810701,10084.111206199457
1796,104.15994737459604,104.15994737459604,0.005956503986288536,0.0,4.59202078861181,129,0.5027277844496678,-0.09706509487424542,10090.140342264238
1797,104.53970252672919,104.53970252672919,0.003639254511842221,0.0,4.59202078861181,129,0.5028793903558679,-0.0856315947950996,10093.84168556173
1798,105.34828651092995,105.34828651092995,0.007704947654400379,0.0,4.59202078861181,129,0.50320182325348,-0.06550966164571739,10101.722676493835
1799,104.61294113040675,104.61294113040675,-0.007004611236075363,0.0,4.59202078861181,129,0.5029086158934015,-0.11917011329557431,10094.555517127455
1800,104.17800052627244,104.17800052627244,-0.0041662845123639405,0.0,4.484054383538811,115,0.5734254093075183,-0.07443154825542983,8662.921105723786
1801,104.2847206538818,104.2847206538818,0.0010238774235345985,0.0,4.484054383538811,115,0.5734683137199236,-0.0611001874830512,8663.89072421854
1802,104.17959308918664,104.17959308918664,-0.001008590599698768,0.0,4.484054383538811,115,0.5734260496319932,-0.04845704525469361,8662.935575144787
1803,104.60514534040837,104.60514534040837,0.004076474590324731,0.0,4.484054383538811,115,0.5735970755308536,-0.05279776207441765,8666.80198106569
1804,104.57419866560333,104.57419866560333,-0.00029588652912046183,0.0,4.484054383538811,115,0.573584643465601,-0.05639642711409736,8666.520811347154
1805,104.37959958061633,104.37959958061633,-0.0018626044884605222,0.0,4.484054383538811,115,0.5735064495821743,-0.0718642842748029,8664.752758065246
1806,104.54179359696676,104.54179359696676,0.0015526801393435648,0.0,4.484054383538811,115,0.5735716246618859,-0.12889155080275022,8666.22639121688
1807,104.66929486463852,104.66929486463852,0.0012188769189494131,0.0,4.484054383538811,115,0.5736228434550753,-0.13287787276205373,8667.38481924736
1808,104.58206862199053,104.58206862199053,-0.0008336982492905229,0.0,4.484054383538811,115,0.5735878051034486,-0.13535915000704188,8666.592314778016
1809,104.50871726200951,104.50871726200951,-0.0007016221463798483,0.0,4.484054383538811,115,0.5735583352632402,-0.15279258499468756,8665.92587221609
1810,103.48289988898524,103.48289988898524,-0.009864106109484619,0.0,4.484054383538811,115,0.5731457246522388,-0.1274627358026252,8656.60568567392
1811,103.16912407180548,103.16912407180548,-0.0030367576595647584,0.0,4.484054383538811,115,0.5730193382957054,-0.0956817885478715,8653.75483792515
1812,103.88858972838021,103.88858972838021,0.006949449396577455,0.0,4.484054383538811,115,0.5733090098912551,-0.11881266085735774,8660.291629274463
1813,104.77835167290114,104.77835167290114,0.008528110213712197,0.0,4.484054383538811,115,0.5736645002285843,-0.07246530405335543,8668.305750198657
1814,105.07863299548345,105.07863299548345,0.0028617730116764378,0.0,4.484054383538811,115,0.5737797787222971,-0.05863080350371839,8670.955453049453
1815,104.65186022611134,104.65186022611134,-0.00406973112835698,0.0,4.484054383538811,115,0.5736079977368721,-0.05682497070338574,8667.066750445938
1816,104.3368398439138,104.3368398439138,-0.003014714390592383,0.0,4.484054383538811,115,0.573484005422947,-0.08303200794089691,8664.084632239537
1817,103.12476017220396,103.12476017220396,-0.011684990985620999,0.0,4.484054383538811,115,0.5730193956318915,-0.033122735028984454,8652.610565604864
1818,103.05799640389718,103.05799640389718,-0.0006476174026277945,0.0,4.484054383538811,115,0.5729937681884755,-0.008103810970274608,8651.97855110597
1819,102.3638179752959,102.3638179752959,-0.0067585915655523805,0.0,4.484054383538811,115,0.5727270840032895,-0.04639398139763147,8645.40716002333
1820,101.99811401941318,101.99811401941318,-0.003578986973514245,0.0,4.484054383538811,115,0.5725864275281075,-0.022990300998590712,8641.945249345095
1821,102.67735766629465,102.67735766629465,0.006637298889672432,0.0,4.484054383538811,115,0.5728475874814586,-0.040750173964059465,8648.37526137104
1822,101.9960678654589,101.9960678654589,-0.0066573597946986895,0.0,4.484054383538811,115,0.5725856402225934,-0.07378473807912947,8641.925879573155
1823,102.29530662279292,102.29530662279292,0.002929531137503782,0.0,4.484054383538811,115,0.5727007418511978,-0.09806837073950872,8644.75860214203
1824,102.45255606502337,102.45255606502337,0.001536030423799135,0.0,4.484054383538811,115,0.5727611973249982,-0.08065483307586618,8646.247192884479
1825,101.76336408429076,101.76336408429076,-0.006749665714047574,0.0,4.484054383538811,115,0.57249607897851,-0.10632340707778254,8639.723005658525
1826,102.14236435045747,102.14236435045747,0.003717411036275641,0.0,4.484054383538811,115,0.5726419223181378,-0.11563967751227172,8643.31078491929
1827,101.5367611082718,101.5367611082718,-0.005946657768386933,0.0,4.484054383538811,115,0.5724088218639575,-0.12684124508644834,8637.577884585098
1828,101.8226979548989,101.8226979548989,0.0028121341036117767,0.0,4.484054383538811,115,0.5725189192805503,-0.13863800992974742,8640.284685555433
1829,102.06600323589329,102.06600323589329,0.0023866491381247953,0.0,4.484054383538811,115,0.5726125474884611,-0.13246867341224672,8642.587917819663
1830,102.5171911974864,102.5171911974864,0.004410808955641113,0.0,4.484054383538811,115,0.5727860406458934,-0.12105133394875284,8646.859056802447
1831,102.67737059256645,102.67737059256645,0.0015612443743042357,0.0,4.484054383538811,115,0.5728475924477391,-0.11806356702916791,8648.375383736678
1832,102.73333557666787,102.73333557666787,0.0005449081650116484,0.0,4.484054383538811,115,0.5728690929077019,-0.13430165408963024,8648.90517230733
1833,103.49647327971046,103.49647327971046,0.00740088147831516,0.0,4.484054383538811,115,0.5731620102402488,-0.09953816939273474,8656.129361492673
1834,103.7886152022095,103.7886152022095,0.0028187470509240115,0.0,4.484054383538811,115,0.5732740145438222,-0.08740772161336909,8658.894902375649
1835,103.06039569567344,103.06039569567344,-0.007041102221935206,0.0,4.484054383538811,115,0.5729946892276256,-0.09621672644774383,8652.001263832171
1836,103.18021707029237,103.18021707029237,0.001161957254619433,0.0,4.484054383538811,115,0.5730406800579453,-0.08519808527574141,8653.135544415145
1837,102.60322661986791,102.60322661986791,-0.005607758837411794,0.0,4.484054383538811,115,0.5728189754126702,-0.08290934622879137,8647.565995656862
1838,102.3843165528185,102.3843165528185,-0.0021358385673587985,0.0,4.484054383538811,115,0.5727350180581569,-0.07416120811937332,8645.645373326426
1839,102.33545343276882,102.33545343276882,-0.0004773659229983727,0.0,4.484054383538811,115,0.5727187697701767,-0.07399835021463101,8645.131853146466
1840,102.1252766226981,102.1252766226981,-0.002055914444252447,0.0,4.484054383538811,115,0.5726339313774721,-0.07629340462300731,8643.222617391133
1841,102.17484242757267,102.17484242757267,0.00048522542304422426,0.0,4.484054383538811,115,0.5726539421151051,-0.06664850888269586,8643.672870712975
1842,102.11365700247862,102.11365700247862,-0.0005990099990382649,0.0,4.484054383538811,115,0.5726292399954905,-0.05363966257343155,8643.117065335324
1843,102.18352052148613,102.18352052148613,0.0006839401559787029,0.0,4.484054383538811,115,0.5726574454261367,0.0006813910830335745,8643.751702089196
1844,102.27752606988486,102.27752606988486,0.0009195448873013186,0.0,4.484054383538811,115,0.5726953909868204,0.052236328515348596,8644.605643844912
1845,102.22370700499849,102.22370700499849,-0.0005263446612975637,0.0,4.484054383538811,115,0.572673667712153,0.08019719665029089,8644.116754119328
1846,102.63367455187046,102.63367455187046,0.00400247324314834,0.0,4.484054383538811,115,0.5728390831813728,0.06056065093660086,8647.840879053709
1847,102.47868915596543,102.47868915596543,-0.0015112246048910852,0.0,4.484054383538811,115,0.572776565759124,0.045111143929586484,8646.432999376992
1848,101.27340928521001,101.27340928521001,-0.011830984208249342,0.0,4.484054383538811,115,0.5722896888473161,0.05464080983800887,8635.484296598353
1849,102.0277764371198,102.0277764371198,0.00742121214314489,0.0,4.484054383538811,115,0.5725945624570467,-0.020240614365348773,8642.336930523992
1850,101.28255154690116,101.28255154690116,-0.007330943146273101,0.0,4.484054383538811,115,0.5722933865418434,-0.06214144308601152,8635.567344451727
1851,101.08843759704216,101.08843759704216,-0.0019183975945607568,0.0,4.484054383538811,115,0.5722148596078763,-0.05503852776599612,8633.804022924702
1852,100.83957382625077,100.83957382625077,-0.002464877408908358,0.0,4.484054383538811,115,0.5721141372252654,-0.05103765040299826,8631.54335673017
1853,100.9914405018654,100.9914405018654,0.0015048896700156115,0.0,4.484054383538811,115,0.5721756083449002,-0.054576115319072305,8632.922906105903
1854,101.6777634584934,101.6777634584934,0.006772865011370972,0.0,4.484054383538811,115,0.5724531666527312,-0.042764335487791606,8639.15742992448
1855,101.27905149239358,101.27905149239358,-0.0039290376045473495,0.0,4.484054383538811,115,0.5722919709123175,-0.06350581887143235,8635.53555012956
1856,101.31729788944304,101.31729788944304,0.0003775625535258209,0.0,4.484054383538811,115,0.5723074394571456,-0.08707014462179874,8635.882978510144
1857,100.77801723657188,100.77801723657188,-0.005336906820850668,0.0,4.484054383538811,115,0.5720892153492857,-0.11607215235696573,8630.984179711775
1858,100.76915108799625,100.76915108799625,-8.798087966259734e-05,0.0,4.484054383538811,115,0.5720856255235033,-0.08282445918155479,8630.903640056296
1859,99.9395578117206,99.9395578117206,-0.008266686634785407,0.0,4.484054383538811,115,0.5717494338065863,-0.10198938911561911,8623.367655734743
1860,99.99543757230965,99.99543757230965,0.000558979301614677,0.0,4.484054383538811,115,0.5717720974706426,-0.10590218472930317,8623.875264718246
1861,100.06081489533192,100.06081489533192,0.0006535894234063645,0.0,4.484054383538811,115,0.571798609761193,-0.10426988045098107,8624.469149089504
1862,100.45282957694276,100.45282957694276,0.003910109779316695,0.0,4.484054383538811,115,0.5719575058690647,-0.09641435770531269,8628.030191083119
1863,100.56908444088974,100.56908444088974,0.001156638841845604,0.0,4.484054383538811,115,0.572004602476325,-0.09295070038958964,8629.086244521668
1864,101.23408923136367,101.23408923136367,0.006590651529455078,0.0,4.484054383538811,115,0.572273784581483,-0.0792488400475789,8635.127115172489
1865,101.10864085282294,101.10864085282294,-0.0012399594940880145,0.0,4.484054383538811,115,0.5722230341364049,-0.0809844358917443,8633.98754830173
1866,101.68377377024325,101.68377377024325,0.00567214962631865,0.0,4.484054383538811,115,0.5724555955348309,-0.08468083588034439,8639.212027299374
1867,100.66004741971571,100.66004741971571,-0.01011876794054386,0.0,4.484054383538811,115,0.57204144491979,-0.12006755244962194,8629.912547725753
1868,101.08874862913684,101.08874862913684,0.004249857873338825,0.0,4.484054383538811,115,0.5722149854585793,-0.14960053688327576,8633.806848324879
1869,100.78686079093823,100.78686079093823,-0.0029908324646054384,0.0,4.484054383538811,115,0.5720880704181212,-0.1575027496342506,8630.956255596828
1870,101.62381559238007,101.62381559238007,0.00826991526771859,0.0,4.484054383538811,115,0.5723967296603445,-0.19103616651502883,8637.867572385725
1871,101.22148097130429,101.22148097130429,-0.003966916221381048,0.0,4.484054383538811,115,0.5722483626883469,-0.1981645075035155,8634.545216128725
1872,101.06425812870468,101.06425812870468,-0.001554463255373048,0.0,4.484054383538811,115,0.5721903537854502,-0.24908268323178126,8633.24691797716
1873,101.21857305233866,101.21857305233866,0.0015257345635154925,0.0,4.484054383538811,115,0.5722472899336889,-0.2883296603846443,8634.52120342322
1874,100.76780021685119,100.76780021685119,-0.004463405887724958,0.0,4.484054383538811,115,0.5720810403121384,-0.28497411779658627,8630.79885920521
1875,100.12585715952335,100.12585715952335,-0.0063908960655727235,0.0,4.484054383538811,115,0.5718455092555256,-0.2705020714637958,8625.497889759808
1876,99.62388614976899,99.62388614976899,-0.005026009627035777,0.0,4.484054383538811,115,0.5716613617606173,-0.2681076099446838,8621.352766676366
1877,99.9206119226099,99.9206119226099,0.0029740333050099436,0.0,4.484054383538811,115,0.5717702366666207,-0.30456783758713474,8623.80303736243
1878,99.19252053888067,99.19252053888067,-0.0073133762692401865,0.0,4.484054383538811,115,0.571556822115436,-0.31216531807903874,8617.790681383889
1879,99.68022133896022,99.68022133896022,0.004904661877135554,0.0,4.484054383538811,115,0.5716820370815796,-0.3576877585477563,8621.817965440017
1880,100.58813834587731,100.58813834587731,0.009067066095244764,0.0,4.484054383538811,115,0.5720149401010302,-0.28438640150544675,8629.315266419739
1881,100.56097993728741,100.56097993728741,-0.0002700325906145705,0.0,4.484054383538811,115,0.5720049904075636,-0.26193822575903897,8629.091000587312
1882,100.28993858376741,100.28993858376741,-0.0026989323229706804,0.0,4.484054383538811,115,0.5719056639635325,-0.25332571311266855,8626.852823981073
1883,100.2968536365873,100.2968536365873,6.894823678157656e-05,0.0,4.484054383538811,115,0.5719081987105308,-0.26069153761408265,8626.909926372466
1884,100.5415681393318,100.5415681393318,0.002436930361096449,0.0,4.484054383538811,115,0.5719978784279965,-0.2498453123047638,8628.930703896402
1885,99.98372523542258,99.98372523542258,-0.005563830213920083,0.0,4.484054383538811,115,0.5717933862853058,-0.24363048852540867,8624.324207798032
1886,100.30955625337029,100.30955625337029,0.003253542035463077,0.0,4.484054383538811,115,0.5719128548304458,-0.2411822949708182,8627.014820697086
1887,100.6584712867692,100.6584712867692,0.0034723472011706307,0.0,4.484054383538811,115,0.5720407116008732,-0.22061444824775026,8629.896054336077
1888,100.23467816473453,100.23467816473453,-0.004219096090088547,0.0,4.484054383538811,115,0.5718854067765426,-0.23741398169494882,8626.396500340696
1889,100.48305703908935,100.48305703908935,0.0024749083670443373,0.0,4.484054383538811,115,0.5719764398789733,-0.25558912365457775,8628.447537124735
1890,100.53694248200419,100.53694248200419,0.0005361202301651086,0.0,4.484054383538811,115,0.5719961836680758,-0.2653868018367917,8628.89250663283
1891,100.77306265155119,100.77306265155119,0.0023458374825452676,0.0,4.484054383538811,115,0.5720829812800177,-0.26407612345169756,8630.842314781581
1892,100.89700656527171,100.89700656527171,0.0012291752544850514,0.0,4.484054383538811,115,0.5721286904304743,-0.2656586820122902,8631.865805715981
1893,100.81605199941134,100.81605199941134,-0.0008026705933950283,0.0,4.484054383538811,115,0.5720988365060055,-0.3010787145408303,8631.197307669008
1894,101.27898057127642,101.27898057127642,0.004581303910854708,0.0,4.484054383538811,115,0.5722695735271499,-0.28125893179867567,8635.020030240501
1895,101.73513832568061,101.73513832568061,0.004493860077805901,0.0,4.484054383538811,115,0.5724377614442556,-0.25797074419559235,8638.786841472083
1896,101.06638739726303,101.06638739726303,-0.006595151096936447,0.0,4.484054383538811,115,0.5721911390948581,-0.26807350173479916,8633.264500825731
1897,100.70029720831016,100.70029720831016,-0.0036288507332953987,0.0,4.484054383538811,115,0.5720561411350308,-0.2628408227945009,8630.241440004762
1898,100.60962386628229,100.60962386628229,-0.0009008333784608923,0.0,4.484054383538811,115,0.572022811121547,-0.2621594385315849,8629.492687276439
1899,101.27859741748466,101.27859741748466,0.006627191971593835,0.0,4.484054383538811,115,0.5722694321945249,-0.25613915954231553,8635.016866273665
1900,101.5616007776445,101.5616007776445,0.0027904088667729293,0.0,4.484054383538811,115,0.5723737944674142,-0.238198140133551,8637.353821472463
1901,102.02306006136241,102.02306006136241,0.004533348162015906,0.0,4.484054383538811,115,0.5725438443147698,-0.22364244646927667,8641.16441111178
1902,101.35015570361215,101.35015570361215,-0.006617457572269798,0.0,4.484054383538811,115,0.5722958258576432,-0.23892403478692703,8635.60777271622
1903,101.24409181706406,101.24409181706406,-0.0010470573329318285,0.0,4.484054383538811,115,0.5722567038073578,-0.2350416681141973,8634.731929578056
1904,101.20651499609065,101.20651499609065,-0.0003712196470679007,0.0,4.484054383538811,115,0.5722428415562382,-0.23480492728395863,8634.421631682375
1905,101.77850100376061,101.77850100376061,0.00563576103185659,0.0,4.484054383538811,115,0.5724537418726235,-0.2285406765070998,8639.144917206293
1906,102.017294043685,102.017294043685,0.002343455115470494,0.0,4.484054383538811,115,0.5725417204362944,-0.21577364682171782,8641.116797101191
1907,102.50600965874492,102.50600965874492,0.004779079316487239,0.0,4.484054383538811,115,0.5727216528977565,-0.21683750137656221,8645.152461189073
1908,102.83048380238202,102.83048380238202,0.003160416429098161,0.0,4.484054383538811,115,0.5728410231298603,-0.15764399720190475,8647.831869435036
1909,101.90700346348656,101.90700346348656,-0.00902117745100565,0.0,4.484054383538811,115,0.5725010910479738,-0.13203821842478541,8640.20605121949
1910,101.5469334703862,101.5469334703862,-0.003539576323346472,0.0,4.484054383538811,115,0.5723683870375328,-0.12236751775178675,8637.232703334746
1911,101.60855586742618,101.60855586742618,0.0006066525608609812,0.0,4.484054383538811,115,0.5723911044884811,-0.12861327913718062,8637.741562243855
1912,101.88389229223272,101.88389229223272,0.0027061111635494467,0.0,4.484054383538811,115,0.572492576155132,-0.12459702180010586,8640.01520623524
1913,101.1601587556744,101.1601587556744,-0.007128862903133001,0.0,4.484054383538811,115,0.5722257391666915,-0.14217692018447525,8634.038836025898
1914,101.77263119021929,101.77263119021929,0.006036227998245024,0.0,4.484054383538811,115,0.5724515787503865,-0.1562839348162347,8639.096446081203
1915,101.65077405903925,101.65077405903925,-0.0011980641618543394,0.0,4.484054383538811,115,0.5724066669225378,-0.16295322022756045,8638.090187158832
1916,102.49082654669844,102.49082654669844,0.008230142478795305,0.0,4.484054383538811,115,0.5727160653966813,-0.16185643944244407,8645.027083693163
1917,102.85167142058116,102.85167142058116,0.0035145695498044025,0.0,4.484054383538811,115,0.5728488152333953,-0.1455718722146116,8648.006830306429
1918,101.85247471286527,101.85247471286527,-0.009762427017514832,0.0,4.484054383538811,115,0.572481000313258,-0.15981785831323225,8639.755769473097
1919,101.62690691543509,101.62690691543509,-0.0022171080728141633,0.0,4.484054383538811,115,0.5723978691906091,-0.1479637922867886,8637.89309958611
1920,101.6656818501994,101.6656818501994,0.00038146924558298445,0.0,4.484054383538811,115,0.572412161919801,-0.14824646305035305,8638.213291139062
1921,101.21304526383064,101.21304526383064,-0.004462146858227358,0.0,4.484054383538811,115,0.5722452506716657,-0.14748374106046439,8634.475556636255
1922,100.9770075116117,100.9770075116117,-0.002334811789262699,0.0,4.484054383538811,115,0.5721581881426658,-0.14262885774168083,8632.526429064596
1923,101.03631308406244,101.03631308406244,0.0005871451840860181,0.0,4.484054383538811,115,0.5721800522040627,-0.14891811407185526,8633.016156344787
1924,102.03558486962312,102.03558486962312,0.00984163600402322,0.0,4.484054383538811,115,0.5725484576731046,-0.13324151160266595,8641.267837148001
1925,101.77171616177394,101.77171616177394,-0.0025893955118367496,0.0,4.484054383538811,115,0.5724512415452613,-0.1463312879845324,8639.088890056139
1926,101.76499221408565,101.76499221408565,-6.607110574190118e-05,0.0,4.484054383538811,115,0.572448763626467,-0.10714475506282992,8639.033365752479
1927,102.47210255694964,102.47210255694964,0.0069244342612617875,0.0,4.484054383538811,115,0.5727091746024207,-0.08077977162992746,8644.872466712075
1928,102.12852260891792,102.12852260891792,-0.00335854566146487,0.0,4.484054383538811,115,0.5725826866911155,-0.08973287593935785,8642.035288576446
1929,102.32108348302664,102.32108348302664,0.0018837006803644261,0.0,4.484054383538811,115,0.5726535876182077,-0.07475177622334658,8643.625397384974
1930,102.2006648274354,102.2006648274354,-0.0011775634669753752,0.0,4.484054383538811,115,0.5726092525171236,-0.053415274909308474,8642.631016954096
1931,101.65339697969492,101.65339697969492,-0.005369224999830995,0.0,4.484054383538811,115,0.5724076337398841,-0.052527936762324576,8638.111846435453
1932,102.00601330601282,102.00601330601282,0.0034628076176405837,0.0,4.484054383538811,115,0.5725375651756681,-0.06510741470852577,8641.02364421942
1933,102.79718668933103,102.79718668933103,0.007726220284213531,0.0,4.484054383538811,115,0.5728287769184707,-0.03849238881688605,8647.55691205854
1934,102.18594812971364,102.18594812971364,-0.005963811333243426,0.0,4.484054383538811,115,0.5726038335019109,-0.09693714063140459,8642.509490965038
1935,102.1808352452192,102.1808352452192,-5.0036355331956004e-05,0.0,4.484054383538811,115,0.5726019507885244,-0.12732772556634675,8642.467270328529
1936,101.73147133000113,101.73147133000113,-0.0044074303330629465,0.0,4.484054383538811,115,0.5724364099872248,-0.1153531574223502,8638.756560543221
1937,101.72144672706035,101.72144672706035,-9.854469569296317e-05,0.0,4.484054383538811,115,0.5724327154103503,-0.09810992899774842,8638.673780437906
1938,101.29030660841688,101.29030660841688,-0.004247446364417094,0.0,4.484054383538811,115,0.5722737512768484,-0.07106387627155354,8635.113557191426
1939,100.74727851416685,100.74727851416685,-0.005375528533915863,0.0,4.484054383538811,115,0.5720734710118676,-0.08322862599952137,8630.629397260487
1940,101.40076808590344,101.40076808590344,0.006465477744444535,0.0,4.484054383538811,115,0.5723144820481826,-0.11225408691228325,8636.001198765782
1941,100.65502500346409,100.65502500346409,-0.007381589581732873,0.0,4.484054383538811,115,0.5720389716563627,-0.14602368751628134,8629.136608568102
1942,100.15295268783235,100.15295268783235,-0.0050005320267678295,0.0,4.484054383538811,115,0.5718553495660862,-0.11446239254969548,8624.979125860344
1943,100.05136654875926,100.05136654875926,-0.0010148247368370635,0.0,4.484054383538811,115,0.5718200568729453,-0.1106911156371266,8624.100953670211
1944,100.77389126332699,100.77389126332699,0.007195587247527077,0.0,4.484054383538811,115,0.572071465693102,-0.10195439677789932,8630.346895457202
1945,100.34225945410972,100.34225945410972,-0.0042923700597079055,0.0,4.484054383538811,115,0.5719211692660621,-0.11297868521793002,8626.61560834767
1946,99.76101458918681,99.76101458918681,-0.0058094651618929745,0.0,4.484054383538811,115,0.5717191441919875,-0.10072284215557964,8621.590975256098
1947,99.64089158044344,99.64089158044344,-0.0012048332494103164,0.0,4.484054383538811,115,0.5716773779007956,-0.08552023961590705,8620.552559123387
1948,99.07063747870254,99.07063747870254,-0.005739532777930486,0.0,4.484054383538811,115,0.5715941161795045,-0.0721185425571944,8615.622936853792
1949,99.2113962723904,99.2113962723904,0.0014197838772374723,0.0,4.484054383538811,115,0.5715723251778198,-0.08066803493346839,8616.839741225538
1950,98.88365318252559,98.88365318252559,-0.0033089508274849622,0.0,4.484054383538811,115,0.5716230729158035,-0.08553944119271154,8614.006531206407
1951,99.15847578952535,99.15847578952535,0.0027753971827664046,0.0,4.484054383538811,115,0.5715805171257257,-0.0952741825565331,8616.382264479553
1952,99.94221017268113,99.94221017268113,0.007872784841503336,0.0,4.484054383538811,115,0.5717821261433286,-0.07254144896836429,8623.157339760657
1953,99.77227911433981,99.77227911433981,-0.0017017403189609525,0.0,4.484054383538811,115,0.5717230603065054,-0.0791702716930214,8621.688352642566
1954,99.56197014757302,99.56197014757302,-0.002110114499443562,0.0,4.484054383538811,115,0.5716499317556719,-0.09503081200839202,8619.87031439803
1955,99.87759807683119,99.87759807683119,0.003165151184086871,0.0,4.484054383538811,115,0.5717596701862728,-0.07830939148583761,8622.598793621988
1956,100.36727208813913,100.36727208813913,0.0048907618654038315,0.0,4.484054383538811,115,0.5719298644495918,-0.08265004499488326,8626.83183272441
1957,100.65639842143466,100.65639842143466,0.0028765421696572355,0.0,4.484054383538811,115,0.5720303437531908,-0.0741867076446291,8629.33121608174
1958,100.33067074540428,100.33067074540428,-0.0032412827606554716,0.0,4.484054383538811,115,0.5719171405162369,-0.07633332333153459,8626.515428521981
1959,99.96497814952279,99.96497814952279,-0.0036515321649260276,0.0,4.484054383538811,115,0.5717900384686914,-0.08510396661300827,8623.354159959457
1960,99.53684217026453,99.53684217026453,-0.004292057444119526,0.0,4.484054383538811,115,0.5716411922022465,-0.08559801722278354,8619.653092924038
1961,99.10466996771703,99.10466996771703,-0.0043512846814336625,0.0,4.484054383538811,115,0.5715888470135931,-0.05087257633750319,8615.917134326854
1962,99.19459826885502,99.19459826885502,0.0009069958563396768,0.0,4.484054383538811,115,0.5715749253691935,-0.05986242168940043,8616.694529096314
1963,99.57539092043459,99.57539092043459,0.0038314950760943876,0.0,4.484054383538811,115,0.5716545993429445,-0.05507881550514157,8619.986331697286
1964,100.2760661758992,100.2760661758992,0.00701198916977759,0.0,4.484054383538811,115,0.5718981562835233,-0.02990946518211971,8626.043393509815
1965,100.47499786103832,100.47499786103832,0.001981874927613221,0.0,4.484054383538811,115,0.57196982833327,-0.030313472664532118,8627.712513884488
1966,100.5072817660874,100.5072817660874,0.00032126121155200897,0.0,4.484054383538811,115,0.5719816612012008,-0.039449082728613694,8627.954776019908
1967,100.49068435792077,100.49068435792077,-0.0001651500114595257,0.0,4.484054383538811,115,0.5719755249053582,-0.05399538618649223,8627.69895964563
1968,100.59869768643453,100.59869768643453,0.001074281872107482,0.0,4.484054383538811,115,0.5720151439266506,-0.030450704631932477,8628.590877327406
1969,100.99200180156122,100.99200180156122,0.0039020115030387113,0.0,4.484054383538811,115,0.572160216485184,-0.05148891575276883,8631.838577397617
1970,101.10177711037534,101.10177711037534,0.0010863799984516089,0.0,4.484054383538811,115,0.5722007299614399,-0.045851290091353095,8632.745044592926
1971,100.86801637824082,100.86801637824082,-0.0023148098780281924,0.0,4.484054383538811,115,0.5721144484161567,-0.04951306658992295,8630.814770494673
1972,101.06258643418256,101.06258643418256,0.001927098849273506,0.0,4.484054383538811,115,0.5721862672981736,-0.03699596077599274,8632.421428447231
1973,100.89935925734505,100.89935925734505,-0.0016164155263863758,0.0,4.484054383538811,115,0.5721260193747385,-0.0041748462798244824,8631.073583628715
1974,100.90947098827453,100.90947098827453,0.00010021098606673261,0.0,4.484054383538811,115,0.5721297522092071,0.0012678574305766716,8631.157081024206
1975,100.7929187537451,100.7929187537451,-0.001155685340673067,0.0,4.484054383538811,115,0.5720867215440688,0.008889735959458744,8630.194653514029
1976,100.27773472389981,100.27773472389981,-0.0051244191861382635,0.0,4.484054383538811,115,0.5718973915078556,-0.01688687768682027,8625.940532731795
1977,100.38430903176368,100.38430903176368,0.001062226975167461,0.0,4.484054383538811,115,0.5719364986923472,0.010910012922227557,8626.820567732242
1978,99.78594407596421,99.78594407596421,-0.005978578023538508,0.0,4.484054383538811,115,0.5717169046412377,-0.014054354946306451,8621.879582285563
1979,99.38245897841342,99.38245897841342,-0.004051703416211019,0.0,4.484054383538811,115,0.5715687928532845,0.007938250937771587,8618.54781297717
1980,99.08787515719932,99.08787515719932,-0.0029685447835427433,0.0,4.484054383538811,115,0.5715670609249555,0.02037802286771758,8616.115293560151
1981,99.85361234305883,99.85361234305883,0.00769815262811282,0.0,4.484054383538811,115,0.5717417331809795,-0.008064295790125176,8622.438351511058
1982,99.99993059806728,99.99993059806728,0.0014642550639622888,0.0,4.484054383538811,115,0.571795414436226,0.005927538220290172,8623.646571279904
1983,99.6547553773292,99.6547553773292,-0.0034577256522423027,0.0,4.484054383538811,115,0.5716687602985282,-0.0066802763111736855,8620.796294495323
1984,99.35917036433293,99.35917036433293,-0.002970497961333092,0.0,4.484054383538811,115,0.5715602405455805,0.024043398796730425,8618.35550775921
1985,99.45249379716705,99.45249379716705,0.0009388125196988893,0.0,4.484054383538811,115,0.5715945095303842,0.0212740287136736,8619.12612395088
1986,100.07691396206307,100.07691396206307,0.0062589490977781465,0.0,4.484054383538811,115,0.5718236791263162,0.027448054253879643,8624.282259712945
1987,100.42128289598213,100.42128289598213,0.0034351358560775224,0.0,4.484054383538811,115,0.5719500642982538,0.07531175120513199,8627.125878601872
1988,100.47315345309163,100.47315345309163,0.0005163961651185828,0.0,4.484054383538811,115,0.5719690938402416,0.08606194328117575,8627.554198585029
1989,100.00308791110488,100.00308791110488,-0.004689497371230702,0.0,4.484054383538811,115,0.5717965737358252,0.0831434138077946,8623.67264272279
1990,100.7946225309367,100.7946225309367,0.00788394168445378,0.0,4.484054383538811,115,0.572087350641594,0.039739983354431185,8630.208722416672
1991,101.09204605631902,101.09204605631902,0.002946442602056771,0.0,4.484054383538811,115,0.5721971389799654,0.08315361553442664,8632.664690628331
1992,101.22314818135469,101.22314818135469,0.0012960187580601018,0.0,4.484054383538811,115,0.5722455130461289,0.06076094560837353,8633.747263538979
1993,102.03002812413705,102.03002812413705,0.00793969566597637,0.0,4.484054383538811,115,0.572542968750386,0.11597754388901675,8640.410056899227
1994,101.85709574454867,101.85709574454867,-0.0016963545100493744,0.0,4.484054383538811,115,0.5724792559846655,0.10705270254241672,8638.9820715827
1995,101.99332666329131,101.99332666329131,0.001336577451389989,0.0,4.484054383538811,115,0.5725294487425455,0.10449219573551509,8640.10699539445
1996,102.74896247589818,102.74896247589818,0.007381369492916846,0.0,4.484054383538811,115,0.5728076171704009,0.10972077742583805,8646.346641478154
1997,103.2076918034422,103.2076918034422,0.004454627481914224,0.0,4.484054383538811,115,0.5729762911398986,0.13570986277505673,8650.134588799254
1998,104.01090995344457,104.01090995344457,0.007752413788792377,0.0,4.484054383538811,115,0.5732712775303679,0.13549730749395156,8656.767144986252
1999,103.1727269220557,103.1727269220557,-0.008091252928057265,0.0,4.484054383538811,115,0.5729634398153168,0.1066017989569727,8649.845867061122
