step,price,fundamental,log_return,volume,strategy_entropy,n_families,wealth_gini,acf1,mean_fitness
0,100.0657961187444,100.0657961187444,0.0,0.0,6.214608098422218,500,0.0,0.0,20000.0
1,99.50772475169312,99.50772475169312,-0.005592653967512378,0.0,6.214608098422218,500,0.0,0.0,20000.0
2,98.82814969706058,98.82814969706058,-0.0068527967113317075,0.0,6.214608098422218,500,0.0,0.0,20000.0
3,98.16221683307724,98.16221683307724,-0.006761096113429784,0.0,6.214608098422218,500,5.988003592802156e-07,0.0,19999.988
4,98.09728747743378,98.09728747743378,-0.0006616684194778842,0.0,6.214608098422218,500,6.294176789374632e-06,0.0,19999.87357641277
5,96.83349222240062,96.83349222240062,-0.012966787128758137,0.0,6.214608098422218,500,8.624089319032787e-05,0.0,19998.264303795593
6,96.57603571862757,96.57603571862757,-0.0026622954782102395,0.0,6.214608098422218,500,0.00011014761180886438,0.0,19997.78227575824
7,96.67426519054771,96.67426519054771,0.001016603647372177,0.0,6.214608098422218,500,0.0001124652383656916,0.0,19997.73556031814
8,96.1117716559116,96.1117716559116,-0.005835434350114691,0.0,6.214608098422218,500,0.00015483877706117498,0.0,19996.88200668343
9,96.85436698367714,96.85436698367714,0.007696676721321133,0.0,6.214608098422218,500,0.0001435309165656142,0.0,19997.111258092675
10,96.36278921634252,96.36278921634252,-0.005088355895894253,0.0,6.214608098422218,500,0.0001658569312669856,0.0,19996.661968469638
11,95.89815662691235,95.89815662691235,-0.0048333632390179,0.0,6.214608098422218,500,0.00018063653518089642,0.0,19996.36517017331
12,95.86524171917667,95.86524171917667,-0.0003432866578587292,0.0,6.214608098422218,500,0.0001896251212604453,0.0,19996.18325760123
13,96.26493332883422,96.26493332883422,0.004160639380496039,0.0,6.214608098422218,500,0.00019124459079131344,0.0,19996.715295137987
14,96.36506362263253,96.36506362263253,0.001039612774763225,0.0,6.214608098422218,500,0.00019700094849192597,0.0,19996.76667453727
15,96.72972322262602,96.72972322262602,0.0037770054744991357,0.0,6.214608098422218,500,0.00020601609466360028,0.0,19997.19351381476
16,97.14220670544518,97.14220670544518,0.004255222562362904,0.0,6.214608098422218,500,0.00021130085432784188,0.0,19997.988184144106
17,97.42831253284399,97.42831253284399,0.0029408980839110946,0.0,6.214608098422218,500,0.0002111340622571876,0.0,19998.445260092554
18,96.43644974207386,96.43644974207386,-0.010232611988309775,0.0,6.214608098422218,500,0.00022355527963556265,0.0,19996.34706393622
19,96.53924809337482,96.53924809337482,0.001065402143147821,0.0,6.214608098422218,500,0.0002303634564938209,0.0,19996.381523011358
20,96.64141013632273,96.64141013632273,0.0010576840705290554,0.0,6.214608098422218,500,0.0002970105064735211,0.0,19994.298041661463
21,97.27795073040708,97.27795073040708,0.006565026591019101,0.0,6.214608098422218,500,0.0013207455125921676,0.0,20029.69188865863
22,97.34841820513816,97.34841820513816,0.0007241308379302249,0.0,6.214608098422218,500,0.001303727529105922,0.0,20026.61410766331
23,97.88286644062454,97.88286644062454,0.0054750402478789045,0.0,6.214608098422218,500,0.002239117206297061,0.0,20055.468758131476
24,97.77389358934843,97.77389358934843,-0.0011139187066916574,0.0,6.214608098422218,500,0.002295306699764018,0.0,20050.449443115827
25,97.3476089307292,97.3476089307292,-0.004369434750458959,0.0,6.214608098422218,500,0.0012283192960716605,0.0,20007.48508202633
26,96.5807885497929,96.5807885497929,-0.007908324798318213,0.0,6.214608098422218,500,0.0017193746445451966,0.0,19993.206044676524
27,96.3220219032772,96.3220219032772,-0.002682872282892463,0.0,6.214608098422218,500,0.0016489001298518398,0.0,19965.02425104071
28,97.115397657805,97.115397657805,0.008202965125232213,0.0,6.214608098422218,500,0.00117715195642784,0.0,19977.38469215177
29,97.21857200985652,97.21857200985652,0.0010618252889271799,0.0,6.214608098422218,500,0.0011112028143708318,0.0,19980.098574290736
30,97.8937196714491,97.8937196714491,0.006920633758799615,0.0,6.214608098422218,500,0.0012990991834499332,0.0,20002.56502141672
31,99.14690675929272,99.14690675929272,0.012720259858705446,0.0,6.214608098422218,500,0.003152909439135531,0.0,20050.644007016697
32,99.2939870362555,99.2939870362555,0.0014823588130682104,0.0,6.214608098422218,500,0.00332266435339704,0.0,20057.27177835379
33,99.84729066701276,99.84729066701276,0.005556909757111166,0.0,6.214608098422218,500,0.0038682777599667113,0.0,20088.259786640636
34,100.81176697231982,100.81176697231982,0.00961315919790593,0.0,6.214608098422218,500,0.005171156257984886,0.0,20131.773492455042
35,101.16705252639026,101.16705252639026,0.00351805126290226,0.0,6.214608098422218,500,0.005516062574825625,0.0,20140.112698264154
36,101.30185498432633,101.30185498432633,0.001331586953393186,0.0,6.214608098422218,500,0.005646195056501857,0.0,20144.599336318992
37,100.92262673255371,100.92262673255371,-0.0037505715736933314,0.0,6.214608098422218,500,0.00549866301879743,0.0,20118.337261544064
38,101.0805071392561,101.0805071392561,0.0015631484108567485,0.0,6.214608098422218,500,0.005717506266123063,0.0,20124.31849920999
39,101.21692016451455,101.21692016451455,0.00134863846518004,0.0,6.214608098422218,500,0.005802173102014386,0.0,20125.20142721034
40,101.76477981652087,101.76477981652087,0.005398131776754355,0.0,6.214608098422218,500,0.006462981504278436,0.0,20154.901064163165
41,101.83545634649407,101.83545634649407,0.000694267689900925,0.0,6.214608098422218,500,0.006539612444967695,0.0,20152.65613272147
42,101.35404589690478,101.35404589690478,-0.004738545496351271,0.0,6.214608098422218,500,0.00579056875760985,0.0,20115.472133339124
43,101.89567236434252,101.89567236434252,0.005329677739940727,0.0,6.214608098422218,500,0.0060079983839688355,0.0,20143.45704510532
44,101.8349691089831,101.8349691089831,-0.0005959168116963129,0.0,6.214608098422218,500,0.005912157220746067,0.0,20134.917920873064
45,102.057903807561,102.057903807561,0.0021867835224337103,0.0,6.214608098422218,500,0.006039944326394323,0.0,20146.784745230223
46,102.4418888271344,102.4418888271344,0.003755362936036251,0.0,6.214608098422218,500,0.0064093715192211995,0.0,20158.536205837056
47,102.7933190335811,102.7933190335811,0.0034246614270835945,0.0,6.214608098422218,500,0.006847337296740057,0.0,20175.271752547957
48,102.86560523682132,102.86560523682132,0.0007029717428842407,0.0,6.214608098422218,500,0.006900497336333649,0.0,20173.72451474842
49,102.73000786531517,102.73000786531517,-0.0013190689151500123,0.0,6.214608098422218,500,0.006857920980340849,0.0,20169.575972330433
50,103.09164040323226,103.09164040323226,0.003514041531527789,0.0,6.214608098422218,500,0.007005293282759031,0.0,20187.234062016258
51,103.03066059568457,103.03066059568457,-0.0005916857034024798,0.0,6.214608098422218,500,0.006889799577498978,0.0,20181.850175540665
52,103.15283900052252,103.15283900052252,0.0011851425490189858,0.0,6.214608098422218,500,0.00696837961873291,0.0,20182.220141833204
53,102.53385445122957,102.53385445122957,-0.006018730793616741,0.0,6.214608098422218,500,0.0071383689366572465,0.0,20132.706344293245
54,103.1207037212959,103.1207037212959,0.005707151527923574,0.0,6.214608098422218,500,0.007561219952107237,0.0,20155.457202239213
55,102.51366156739685,102.51366156739685,-0.005904109621248226,0.0,6.214608098422218,500,0.007002984184315135,0.0,20107.268292799134
56,103.00101859013972,103.00101859013972,0.004742804124040635,0.0,6.214608098422218,500,0.007331460047470029,0.0,20123.84342204407
57,103.30440508454974,103.30440508454974,0.002941141417468452,0.0,6.214608098422218,500,0.00765307619568361,0.0,20136.711428990442
58,103.06312263769772,103.06312263769772,-0.002338377160977409,0.0,6.214608098422218,500,0.00783697651540196,0.0,20112.982783290205
59,102.63643682147443,102.63643682147443,-0.00414863725839652,0.0,6.214608098422218,500,0.007682575029477981,0.0,20100.32801616612
60,102.62961831408921,102.62961831408921,-6.643580092401889e-05,0.0,6.214608098422218,500,0.0076403127922614455,0.14665646098038052,20093.642074922085
61,102.6163543704764,102.6163543704764,-0.00012924924623650865,0.0,6.214608098422218,500,0.007603199176383863,0.11946336095107976,20080.498315659162
62,102.27299521989976,102.27299521989976,-0.003351657591702396,0.0,6.214608098422218,500,0.00792302890569607,0.08592254882761668,20043.025350893764
63,103.28915370510234,103.28915370510234,0.009886710833790523,0.0,6.214608098422218,500,0.008564580904952775,0.050786515709853285,20062.466957961828
64,103.00303907267721,103.00303907267721,-0.002773879244088986,0.0,6.214608098422218,500,0.008711639582367077,0.01374427761403174,20045.147247254823
65,103.77979817364634,103.77979817364634,0.007512835831460123,0.0,6.214608098422218,500,0.00910813571030263,-0.044807741768587955,20079.648091365892
66,102.47980550746394,102.47980550746394,-0.012605569457581026,0.0,6.214608098422218,500,0.009198646987269474,-0.09903599239164848,19979.68173527957
67,101.77082679269404,101.77082679269404,-0.006942270427525509,0.0,6.214608098422218,500,0.009879969214290749,-0.02387525446506988,19920.17673373647
68,101.56024233763509,101.56024233763509,-0.0020713463146771445,0.0,6.214608098422218,500,0.009907064264388102,0.021470760927302754,19909.063680878015
69,101.47157316006222,101.47157316006222,-0.0008734511189073989,0.0,6.214608098422218,500,0.009894493246755974,0.0538101760756283,19900.102621371774
70,101.50440235621843,101.50440235621843,0.00032347864183409784,0.0,6.214608098422218,500,0.009986883230632885,0.03167413068566223,19894.047288346246
71,101.30626292135003,101.30626292135003,-0.0019539356831787527,0.0,6.214608098422218,500,0.009869350536151978,0.028138832769547952,19876.475662686822
72,100.91598473793053,100.91598473793053,-0.0038598984285235496,0.0,6.214608098422218,500,0.01046013195687826,0.040228642305007806,19844.478077824442
73,100.69975025841816,100.69975025841816,-0.0021450167312182084,0.0,6.214608098422218,500,0.010510105348657636,0.049646054082570765,19831.42445563054
74,100.64059982590841,100.64059982590841,-0.0005875666172896985,0.0,6.214608098422218,500,0.010503263427131981,0.051650332551806774,19824.160912748277
75,101.66242401041661,101.66242401041661,0.010102002974733976,0.0,6.214608098422218,500,0.010013587629627046,0.033899677210824784,19893.022597958414
76,102.41878926728697,102.41878926728697,0.00741242868826522,0.0,6.214608098422218,500,0.010190946925127885,0.0687904679394053,19923.135645256843
77,102.16738541778847,102.16738541778847,-0.0024576829439205096,0.0,6.214608098422218,500,0.010468691314967749,0.06973661230196955,19905.694536278686
78,102.40420769884123,102.40420769884123,0.0023153008023997566,0.0,6.214608098422218,500,0.010446036307576886,0.07277795156519379,19912.296880612943
79,102.34526318498379,102.34526318498379,-0.0005757720909500751,0.0,6.214608098422218,500,0.010447394354531675,0.07117356725314394,19900.83790476708
80,102.19400835436896,102.19400835436896,-0.0014789810978355924,0.0,6.214608098422218,500,0.010791524606512974,0.073060336568532,19887.17139436635
81,102.1895220153516,102.1895220153516,-4.390117941461674e-05,0.0,6.214608098422218,500,0.010884997672998371,0.07683076700668584,19880.752454358404
82,102.81695768052573,102.81695768052573,0.006121149196761338,0.0,6.214608098422218,500,0.011302546892823775,0.07267779484882621,19921.51498721085
83,102.7560254535874,102.7560254535874,-0.0005928038577225128,0.0,6.214608098422218,500,0.01140646502752192,0.07450106028003847,19916.637500646735
84,103.18423041120897,103.18423041120897,0.004158541737447407,0.0,6.214608098422218,500,0.0111501054398695,0.0631781647595917,19935.439785243845
85,102.91892057105194,102.91892057105194,-0.002574535958691058,0.0,6.214608098422218,500,0.01097178174236228,0.021813868864215626,19906.80369650919
86,103.18670249464813,103.18670249464813,0.0025984936295167667,0.0,6.214608098422218,500,0.010744784915359585,-0.0075413400504744516,19921.86020923796
87,103.03700048881004,103.03700048881004,-0.0014518411799229166,0.0,6.214608098422218,500,0.01078547036422511,0.010253261425154453,19914.413697870794
88,103.31134424986166,103.31134424986166,0.0026590368150919176,0.0,6.214608098422218,500,0.010689813163006068,0.007302453239618339,19933.76800773242
89,103.30443959923397,103.30443959923397,-6.683565506592387e-05,0.0,6.214608098422218,500,0.010781768963302954,0.005628993569377995,19925.239629970176
90,103.58100810327417,103.58100810327417,0.002673640624435497,0.0,6.214608098422218,500,0.011010346488281407,-0.0535828819779205,19935.136202587673
91,104.20856108859418,104.20856108859418,0.006040292549708728,0.0,6.214608098422218,500,0.01062240991706585,-0.05812027251586998,19976.050999399802
92,103.72525123123445,103.72525123123445,-0.004648697798050072,0.0,6.214608098422218,500,0.010576792761909606,-0.0850660719911266,19949.274334649792
93,103.92868701486783,103.92868701486783,0.0019593738547567983,0.0,6.214608098422218,500,0.01074495685311991,-0.13211539303430653,19959.932592758327
94,103.5927442222005,103.5927442222005,-0.003237671252796702,0.0,6.214608098422218,500,0.010967322654200598,-0.17243206045821005,19929.119421634005
95,103.07476103684574,103.07476103684574,-0.005012730659702811,0.0,6.214608098422218,500,0.010874915448320532,-0.15338177286379306,19897.801467149002
96,103.24209062998493,103.24209062998493,0.0016220645911921234,0.0,6.214608098422218,500,0.010902482744724924,-0.15596545071055434,19900.23774113516
97,103.4591385435182,103.4591385435182,0.002100113232754719,0.0,6.214608098422218,500,0.011056204979029175,-0.1512507354479729,19903.57831359551
98,103.27502779084311,103.27502779084311,-0.0017811356933689572,0.0,6.214608098422218,500,0.011484803419847032,-0.15542842463749057,19880.740598002238
99,103.12227030923087,103.12227030923087,-0.0014802278024985582,0.0,6.214608098422218,500,0.011450490676136071,-0.15637287852729548,19876.686909394535
100,102.93856094656229,102.93856094656229,-0.0017830599849695571,0.0,6.214608098422218,500,0.011783598572250245,-0.1586652354228246,19860.12215247653
101,103.19493490075234,103.19493490075234,0.002487456833037106,0.0,6.214608098422218,500,0.011878227443794385,-0.16001388578548972,19865.400888864544
102,103.13197238609492,103.13197238609492,-0.0006103180379115237,0.0,6.214608098422218,500,0.011836087802961779,-0.1406709974034744,19858.136981168573
103,103.7397374675717,103.7397374675717,0.0058757848570861575,0.0,6.214608098422218,500,0.012362041881592319,-0.14038706964903278,19888.497389842407
104,103.28032466283017,103.28032466283017,-0.0044383481888224585,0.0,6.214608098422218,500,0.012993343271162415,-0.1613461947926504,19852.72537127447
105,103.14682563686611,103.14682563686611,-0.0012934252532348966,0.0,6.214608098422218,500,0.013112476716763355,-0.1616550304553196,19840.305046774483
106,102.63808731427173,102.63808731427173,-0.004944379563308557,0.0,6.214608098422218,500,0.012699445990786692,-0.1646419972428462,19790.508303409522
107,102.8223433993481,102.8223433993481,0.0017935924093216166,0.0,6.214608098422218,500,0.012593308884683716,-0.17668414447393976,19800.66881749335
108,102.04427062673261,102.04427062673261,-0.007595932772423579,0.0,6.214608098422218,500,0.01291958828814003,-0.1791312560974355,19760.298890786864
109,102.48563242794538,102.48563242794538,0.004315872444230327,0.0,6.214608098422218,500,0.012969668026949358,-0.20194510223373172,19795.15019553017
110,102.53062724474859,102.53062724474859,0.00043893901486127113,0.0,6.214608098422218,500,0.013049597170407257,-0.20071792732272212,19788.29332841194
111,102.4403707274501,102.4403707274501,-0.0008806760373409723,0.0,6.214608098422218,500,0.01301457875896686,-0.20045395442790634,19778.762157786052
112,103.18865865040648,103.18865865040648,0.007278069913609859,0.0,6.214608098422218,500,0.012150058783940043,-0.19027588332374318,19826.827097493595
113,102.37861581011309,102.37861581011309,-0.007881089391953242,0.0,6.214608098422218,500,0.011966157824248118,-0.2055765999815506,19806.950274968283
114,101.95929706632309,101.95929706632309,-0.0041041755441255,0.0,6.214608098422218,500,0.012241750602954748,-0.15223824512959724,19786.896328108505
115,102.41753935459278,102.41753935459278,0.004484295423984099,0.0,6.214608098422218,500,0.012562988153370602,-0.14546188942500954,19812.757282694274
116,103.16717778391148,103.16717778391148,0.007292777033085869,0.0,6.214608098422218,500,0.011688132959351212,-0.12548980560462772,19867.785288920677
117,103.94898066047077,103.94898066047077,0.00754945046889377,0.0,6.214608098422218,500,0.011763085196606609,-0.07052920653111493,19902.47955966874
118,104.15315959669128,104.15315959669128,0.001962296029112614,0.0,6.214608098422218,500,0.011958275579549503,-0.06827050471147535,19913.714390177953
119,105.3500546266838,105.3500546266838,0.011426154546798524,0.0,6.214608098422218,500,0.011985276540293948,-0.04956041657880894,20005.220156349147
120,104.96629679511486,104.96629679511486,-0.003649343047959108,0.0,6.214608098422218,500,0.011813212263026479,-0.08246016627352787,19971.73572321613
121,104.84766763683481,104.84766763683481,-0.0011308033880614485,0.0,6.214608098422218,500,0.011744478381060774,-0.07918620461826635,19957.07142839633
122,104.9525718088293,104.9525718088293,0.0010000387131526994,0.0,6.214608098422218,500,0.011831431509443742,-0.05392311454168702,19956.257771781944
123,105.43858062367347,105.43858062367347,0.004620058150833368,0.0,6.214608098422218,500,0.011627901573331578,-0.03156706102492751,19985.121955726783
124,104.69937801191757,104.69937801191757,-0.007035432014260209,0.0,6.214608098422218,500,0.011499150997747476,-0.037762486324009595,19964.69147707797
125,104.94967101090603,104.94967101090603,0.0023877343500563544,0.0,6.214608098422218,500,0.011550857977749646,0.02295130148880699,19966.63387956336
126,104.69152413880292,104.69152413880292,-0.0024627507240980906,0.0,6.214608098422218,500,0.011734209315332887,-0.0649990769028137,19937.167171512243
127,104.28504760988066,104.28504760988066,-0.0038901685307161362,0.0,6.214608098422218,500,0.012006166782805444,-0.07302035599976163,19897.374836161278
128,104.41750410873276,104.41750410873276,0.0012693329865486702,0.0,6.214608098422218,500,0.012126052509837433,-0.08009777846565032,19900.358169037587
129,104.25010430856295,104.25010430856295,-0.0016044640311067308,0.0,6.214608098422218,500,0.01218752783250331,-0.08163921341946367,19888.5065438383
130,103.81064311066758,103.81064311066758,-0.004224360979857205,0.0,6.214608098422218,500,0.012228104595937839,-0.07126497024618676,19841.704394921984
131,104.19662189087434,104.19662189087434,0.003711209060061171,0.0,6.214608098422218,500,0.012146553195806896,-0.09465410429289518,19871.242835821926
132,105.2152562815412,105.2152562815412,0.009728602156265857,0.0,6.214608098422218,500,0.012456991925534894,-0.0745818674852635,19939.93869727491
133,104.92901868387459,104.92901868387459,-0.0027242024531428186,0.0,6.214608098422218,500,0.012864678166287799,-0.10418078900795727,19911.575875955517
134,105.54027565369013,105.54027565369013,0.0058085307915332245,0.0,6.214608098422218,500,0.012922233362893045,-0.10598402721899304,19951.376535337804
135,106.18936310039682,106.18936310039682,0.0061313048465788215,0.0,6.214608098422218,500,0.013234486125907908,-0.14351508347157602,19983.638639640238
136,105.75059673702789,105.75059673702789,-0.004140483847801088,0.0,6.214608098422218,500,0.013975595114202984,-0.15176708355604637,19942.52475336632
137,105.94502844327471,105.94502844327471,0.0018368991872377873,0.0,6.214608098422218,500,0.014094829283840146,-0.1536010036575955,19952.309350893633
138,106.05684103364311,106.05684103364311,0.0010548265542349117,0.0,6.214608098422218,500,0.014161823833403775,-0.15163477761233554,19950.760358468964
139,105.68105871337232,105.68105871337232,-0.003549508286047017,0.0,6.214608098422218,500,0.014855658987137437,-0.15328072086682784,19919.269317914765
140,105.16760223184563,105.16760223184563,-0.0048703889717513354,0.0,6.214608098422218,500,0.015092550180466185,-0.13123925740757772,19882.12635624127
141,105.00139795554284,105.00139795554284,-0.0015816253662700114,0.0,6.214608098422218,500,0.015409311444292752,-0.11857464692172645,19869.235922333217
142,103.84020276672857,103.84020276672857,-0.011120458293122217,0.0,6.214608098422218,500,0.016759223404166895,-0.08641925309545283,19809.676099806504
143,104.87984622433335,104.87984622433335,0.009962167610461835,0.0,6.214608098422218,500,0.016445477710812145,-0.16118025115738832,19840.945039284765
144,104.74099774139181,104.74099774139181,-0.0013247585556965048,0.0,6.214608098422218,500,0.016410017699181545,-0.16649723541740358,19829.969392531682
145,105.4982462648478,105.4982462648478,0.007203715003094214,0.0,6.214608098422218,500,0.01702957824707843,-0.1649856374774049,19852.32036663521
146,105.89001256525967,105.89001256525967,0.003706608409737945,0.0,6.214608098422218,500,0.01669182685996957,-0.14473682877721772,19870.018210243703
147,105.73193756262744,105.73193756262744,-0.001493937958105845,0.0,6.214608098422218,500,0.016656548201430404,-0.14627641209513115,19859.893220118644
148,105.94710226796097,105.94710226796097,0.002032934197064037,0.0,6.214608098422218,500,0.01677129550254642,-0.14800972858335432,19863.738124072755
149,105.4970560164103,105.4970560164103,-0.0042568868755954595,0.0,6.214608098422218,500,0.017549911288585386,-0.15049478778905162,19824.89831710183
150,106.24548427126429,106.24548427126429,0.007069258455952464,0.0,6.214608098422218,500,0.017956187854009025,-0.17712647790747474,19872.921605525175
151,107.16695551576586,107.16695551576586,0.008635644406898436,0.0,6.214608098422218,500,0.01845051603607502,-0.11544994621299147,19902.13266571709
152,107.73979518341429,107.73979518341429,0.0053310658922715096,0.0,6.214608098422218,500,0.018827552882208373,-0.08345066034713698,19917.961947198382
153,107.69820037808127,107.69820037808127,-0.00038614178284987065,0.0,6.214608098422218,500,0.019121873331086277,-0.08318993630270172,19905.226872984418
154,108.28368260528048,108.28368260528048,0.005421599749362491,0.0,6.214608098422218,500,0.019698030758942178,-0.10176773568074608,19940.508500863143
155,106.62034236443827,106.62034236443827,-0.015480151729768675,0.0,6.214608098422218,500,0.018725981225671057,-0.1296402687857981,19895.203703700663
156,106.82064490125924,106.82064490125924,0.0018768897032166631,0.0,6.214608098422218,500,0.018858462778283187,-0.14308764145661246,19896.62453254119
157,106.78759910923405,106.78759910923405,-0.0003094055891137893,0.0,6.214608098422218,500,0.01913393507260367,-0.14175241772830377,19883.928155812097
158,107.03109010306295,107.03109010306295,0.002277547392881308,0.0,6.214608098422218,500,0.01933172466728227,-0.14578268931242633,19896.370817327766
159,107.74577973188183,107.74577973188183,0.006655207027390985,0.0,6.214608098422218,500,0.0198276840883767,-0.1403974751796977,19920.20883247393
160,107.74387001882671,107.74387001882671,-1.7724406321760538e-05,0.0,6.214608098422218,500,0.0198352891340946,-0.1409019492849084,19914.009584056323
161,106.80278360052701,106.80278360052701,-0.008772846727176011,0.0,6.214608098422218,500,0.021545618609433034,-0.12872683598178994,19842.90698778245
162,106.62021272202051,106.62021272202051,-0.0017108833273477581,0.0,6.214608098422218,500,0.021388497085279626,-0.11308562092943789,19827.4154900401
163,107.288410098736,107.288410098736,0.006247523277003231,0.0,6.214608098422218,500,0.022104870943793403,-0.10521463191467997,19852.003050312996
164,106.72959606814015,106.72959606814015,-0.005222133506804259,0.0,6.214608098422218,500,0.022935758099007785,-0.12803381086494323,19807.549927632328
165,106.31264888782175,106.31264888782175,-0.003914225676202509,0.0,6.214608098422218,500,0.023425305709965327,-0.11812043450574762,19769.64634390614
166,106.96206536549413,106.96206536549413,0.006089971678652813,0.0,6.214608098422218,500,0.02320327622450385,-0.12828957873172647,19792.68411849074
167,106.65124535535661,106.65124535535661,-0.0029101204269029166,0.0,6.214608098422218,500,0.023314692823142837,-0.13280063973466125,19776.242373464036
168,105.78471056481874,105.78471056481874,-0.008158125518804338,0.0,6.214608098422218,500,0.024685048674268722,-0.09881388559765003,19715.24734524055
169,106.51187224502587,106.51187224502587,0.006850459054171398,0.0,6.214608098422218,500,0.025009899763747876,-0.12641223197560617,19758.506916582286
170,107.0508142094907,107.0508142094907,0.0050471654715550296,0.0,6.214608098422218,500,0.025308490333608036,-0.11087109441736899,19783.02343829093
171,106.49824426304473,106.49824426304473,-0.005175121666529687,0.0,6.214608098422218,500,0.026180318476947018,-0.11704865441881239,19745.566671286473
172,107.16284376614666,107.16284376614666,0.006221082675070011,0.0,6.214608098422218,500,0.026901822803206188,-0.10517200481263818,19786.27957283187
173,106.80317582493988,106.80317582493988,-0.0033619196230918543,0.0,6.214608098422218,500,0.0264315910937807,-0.14283904839210193,19765.721064242734
174,106.22551427386486,106.22551427386486,-0.005423334919647689,0.0,6.214608098422218,500,0.027484365143846674,-0.11857441269423695,19719.386017017525
175,105.86243584566236,105.86243584566236,-0.0034238511210826638,0.0,6.214608098422218,500,0.027555989186079297,-0.11925627102694135,19690.18981298821
176,106.41714361370977,106.41714361370977,0.005226211885609461,0.0,6.214608098422218,500,0.02709882406506143,-0.15679426078487402,19721.99430130044
177,106.81762216936833,106.81762216936833,0.0037562263832382346,0.0,6.214608098422218,500,0.02708255479957708,-0.1576810385760305,19735.9934012523
178,106.56368102997702,106.56368102997702,-0.002380164104999218,0.0,6.214608098422218,500,0.02722119291157096,-0.17205756542333614,19720.16135181786
179,106.24437359397461,106.24437359397461,-0.0030008984029353323,0.0,6.214608098422218,500,0.027734502071940427,-0.15285029303218806,19696.839751944935
180,106.78340827762918,106.78340827762918,0.005060709259074733,0.0,6.214608098422218,500,0.02834184811632684,-0.16444861624352658,19728.94663880626
181,107.22486139651818,107.22486139651818,0.0041255765088208645,0.0,6.214608098422218,500,0.028526267145025166,-0.1520162313632951,19733.031568545674
182,107.97849804204951,107.97849804204951,0.007003977338853937,0.0,6.214608098422218,500,0.029397259403754913,-0.13536979150702064,19771.53339813813
183,107.66128391102775,107.66128391102775,-0.0029420764291345327,0.0,6.214608098422218,500,0.029243942855934957,-0.1305901993625712,19765.588479733186
184,107.51236700000851,107.51236700000851,-0.0013841558589019142,0.0,6.214608098422218,500,0.029213729232082698,-0.12266477410713296,19755.391251744953
185,107.34390393496389,107.34390393496389,-0.0015681469182501125,0.0,6.214608098422218,500,0.029421589555157595,-0.11713767223683794,19744.23825528414
186,107.84883845846426,107.84883845846426,0.004692866911449534,0.0,6.214608098422218,500,0.02933985093905058,-0.12898685581855932,19758.626588254385
187,108.08292591583643,108.08292591583643,0.0021681622410006643,0.0,6.214608098422218,500,0.029308010292535356,-0.12434500536730253,19763.0000734147
188,106.93067303625492,106.93067303625492,-0.010718056120755003,0.0,6.214608098422218,500,0.02787065916955457,-0.12460707270124133,19671.92155977088
189,106.61527751822463,106.61527751822463,-0.0029538911559088203,0.0,6.214608098422218,500,0.027738353515400865,-0.10867271864972802,19664.826815455715
190,106.25315306473325,106.25315306473325,-0.003402334501413536,0.0,6.214608098422218,500,0.02777155704656846,-0.09371896236541792,19645.328220522628
191,106.82306602218166,106.82306602218166,0.0053493939299576075,0.0,6.214608098422218,500,0.027160263274456368,-0.12009533160710446,19678.057173518693
192,107.45796067521884,107.45796067521884,0.005925830398580236,0.0,6.214608098422218,500,0.02783843671808837,-0.09231328312029509,19720.211983936864
193,106.68254691368662,106.68254691368662,-0.0072421342357681185,0.0,6.214608098422218,500,0.02684712254965184,-0.10402251332580584,19675.08499136686
194,106.03707599269313,106.03707599269313,-0.00606876688880275,0.0,6.214608098422218,500,0.028090521040754792,-0.09648276962710724,19620.073498077425
195,106.16278350615075,106.16278350615075,0.0011848031234304426,0.0,6.214608098422218,500,0.028214208762154726,-0.08804312420456124,19628.350362729983
196,105.89670291916852,105.89670291916852,-0.0025094913800409865,0.0,6.214608098422218,500,0.027918635097472087,-0.08601258988653056,19600.246333903742
197,105.83726691594444,105.83726691594444,-0.0005614215312878315,0.0,6.214608098422218,500,0.028256041657275622,-0.0864450374133209,19586.97519647255
198,106.43600997237277,106.43600997237277,0.0056412625561084425,0.0,6.214608098422218,500,0.028852001819328944,-0.0847032069441806,19626.081236879523
199,105.83394833019896,105.83394833019896,-0.005672618597995259,0.0,6.214608098422218,500,0.028129542943337985,-0.11086034864538503,19589.441719741728
200,105.79474968799408,105.79474968799408,-0.00037044732609739826,0.0,5.925837767035403,400,0.0703448053931894,-0.11572829027982308,18916.484535363714
201,105.72474048200793,105.72474048200793,-0.0006619646112646085,0.0,5.925837767035403,400,0.07035485513891028,-0.12625227411215806,18910.150528135247
202,105.12403655850675,105.12403655850675,-0.005697975176165744,0.0,5.925837767035403,400,0.0703773657895126,-0.06580151117406037,18851.29052082085
203,105.48057643037421,105.48057643037421,0.003385872772925871,0.0,5.925837767035403,400,0.07025249693195355,-0.07221821658683973,18858.582886247324
204,105.75096120497966,105.75096120497966,0.0025600809927130174,0.0,5.925837767035403,400,0.07018108413834766,-0.060633143687440175,18869.509634342237
205,105.33609425621759,105.33609425621759,-0.003930771425372562,0.0,5.925837767035403,400,0.0704182255610175,-0.08508537169334913,18854.069892292846
206,105.24748095547086,105.24748095547086,-0.0008415975071935309,0.0,5.925837767035403,400,0.0704291354606879,-0.08043953387261243,18852.2193905465
207,105.28387229692063,105.28387229692063,0.0003457094750973724,0.0,5.925837767035403,400,0.07050545790351852,-0.07884171509419059,18850.29897223286
208,105.7949439200943,105.7949439200943,0.00484248141083983,0.0,5.925837767035403,400,0.07043511488079357,-0.07113595327560397,18857.192685987502
209,105.83843253081727,105.83843253081727,0.00041098065025841,0.0,5.925837767035403,400,0.07047383521640507,-0.051442227744058905,18854.10815879052
210,105.41927874346442,105.41927874346442,-0.00396818023673475,0.0,5.925837767035403,400,0.07039330962068636,-0.09445161945966976,18838.72305971798
211,105.69234330533774,105.69234330533774,0.002586922610002244,0.0,5.925837767035403,400,0.07026138531366578,-0.13951649118396667,18847.305151251607
212,105.52485995644174,105.52485995644174,-0.0015858877156961265,0.0,5.925837767035403,400,0.07054577896312327,-0.1448970898704782,18834.50941360267
213,105.0808460952714,105.0808460952714,-0.004216547854737326,0.0,5.925837767035403,400,0.07074124654531373,-0.14023583747728097,18822.409739784365
214,105.287395520429,105.287395520429,0.0019636946142070405,0.0,5.925837767035403,400,0.07074521364729662,-0.08748696692893412,18830.1051893237
215,104.86574452318798,104.86574452318798,-0.004012802882310861,0.0,5.925837767035403,400,0.07087570648875959,-0.08311156460442824,18810.28116389772
216,104.74299345592546,104.74299345592546,-0.0011712401160230731,0.0,5.925837767035403,400,0.07093931339580069,-0.08065555240734087,18806.06533922704
217,104.63270545880657,104.63270545880657,-0.001053493866678987,0.0,5.925837767035403,400,0.07111461893298551,-0.08018042666871458,18796.13461065578
218,105.18771550820959,105.18771550820959,0.00529034629996466,0.0,5.925837767035403,400,0.07090147412942226,-0.09626537350948976,18819.144475707617
219,105.8045518242498,105.8045518242498,0.00584702066276172,0.0,5.925837767035403,400,0.07096634271778464,-0.07075473120358763,18824.848911089633
220,105.90534961745799,105.90534961745799,0.0009522256648193261,0.0,5.925837767035403,400,0.07100676300982295,-0.06250963695493529,18824.95244868392
221,105.5752321404328,105.5752321404328,-0.0031219674393765306,0.0,5.925837767035403,400,0.07091394219250774,-0.08022159606279365,18818.131319908505
222,105.29109957323898,105.29109957323898,-0.0026949085408263856,0.0,5.925837767035403,400,0.0710003780078388,-0.06534046579347733,18808.966726569874
223,105.08441655193015,105.08441655193015,-0.001964896786591968,0.0,5.925837767035403,400,0.07097557364468256,-0.035207526506578546,18803.24589967789
224,104.86621521977493,104.86621521977493,-0.0020785973243010996,0.0,5.925837767035403,400,0.07118133207565087,-0.04948876672609113,18793.504685773056
225,105.34887319233498,105.34887319233498,0.004592047358277108,0.0,5.925837767035403,400,0.07123590628462487,-0.035815398469269996,18824.041704686784
226,105.87968833783289,105.87968833783289,0.005025989468879038,0.0,5.925837767035403,400,0.0715585730708735,0.00164106330139787,18841.992100074618
227,105.41089555908125,105.41089555908125,-0.00443742962271758,0.0,5.925837767035403,400,0.07194427259269696,-0.03773111040130535,18824.011873931915
228,105.04576554660345,105.04576554660345,-0.0034698866446896655,0.0,5.925837767035403,400,0.07198931311531248,0.02635884708624498,18786.67499403524
229,105.08633607068346,105.08633607068346,0.0003861430430845452,0.0,5.925837767035403,400,0.07200301072578338,-0.010933492301922783,18786.87531533057
230,104.6577322263544,104.6577322263544,-0.0040869278868187805,0.0,5.925837767035403,400,0.07217599510618117,0.012660775364399128,18774.98235904987
231,104.75584737716127,104.75584737716127,0.0009370467585900198,0.0,5.925837767035403,400,0.07221535470868293,0.040606436871512025,18771.320360215825
232,104.46195869732453,104.46195869732453,-0.0028094059358554353,0.0,5.925837767035403,400,0.07200189392183944,0.05975838853633343,18729.372234869734
233,104.87052919146754,104.87052919146754,0.003903560475228495,0.0,5.925837767035403,400,0.07209584107442854,0.031740107123067095,18729.376173585915
234,104.7432611381554,104.7432611381554,-0.0012143100771240254,0.0,5.925837767035403,400,0.07214609890900674,0.010495885879896716,18712.654790321776
235,104.86903872939693,104.86903872939693,0.0012000975745867588,0.0,5.925837767035403,400,0.07216550473354964,0.028324609408115615,18713.762460824342
236,104.69622681353485,104.69622681353485,-0.0016492423454342927,0.0,5.925837767035403,400,0.07226844637341216,0.0018939870199601075,18709.353315409728
237,104.98295844513585,104.98295844513585,0.002734957310869311,0.0,5.925837767035403,400,0.0722865537181218,0.006828753060388602,18712.525161397665
238,105.12322561294351,105.12322561294351,0.0013352028573088788,0.0,5.925837767035403,400,0.07232793265026423,0.005630156264030478,18712.914168034793
239,104.90953109038338,104.90953109038338,-0.0020348692237460294,0.0,5.925837767035403,400,0.07240851093256451,0.019297225361972932,18707.628460341042
240,105.22488382311127,105.22488382311127,0.0030014404789373106,0.0,5.925837767035403,400,0.07226646971496717,-0.014328436647218015,18722.76396423967
241,105.13631944067863,105.13631944067863,-0.0008420220676744069,0.0,5.925837767035403,400,0.07240532420154176,-0.05609860161731073,18713.987296636416
242,105.78624427265635,105.78624427265635,0.006162706137165957,0.0,5.925837767035403,400,0.07242885836618525,-0.0377390130209222,18719.848962904336
243,106.25730603468239,106.25730603468239,0.004443073475001002,0.0,5.925837767035403,400,0.07233584230604947,-0.0037100997543295555,18747.920750813286
244,106.37799363397531,106.37799363397531,0.0011351606477449372,0.0,5.925837767035403,400,0.07236045496003383,0.0018148239740205844,18748.92283942354
245,106.66222907368675,106.66222907368675,0.002668375058480431,0.0,5.925837767035403,400,0.07221403361529725,0.014530456952116137,18756.224837903614
246,107.18496012387449,107.18496012387449,0.004888837616119986,0.0,5.925837767035403,400,0.07185625489283429,0.01800338331647183,18776.01734821333
247,107.40395177304455,107.40395177304455,0.002041034862962869,0.0,5.925837767035403,400,0.07186458044941516,0.05919041054530474,18778.024383793458
248,107.29631056108263,107.29631056108263,-0.001002711592529039,0.0,5.925837767035403,400,0.07205842902794646,0.02143265619506186,18768.755131296854
249,107.0686434911878,107.0686434911878,-0.002124107986784063,0.0,5.925837767035403,400,0.07226753336934737,0.010306572771622596,18761.178519040815
250,108.1570709009185,108.1570709009185,0.010114374034568946,0.0,5.925837767035403,400,0.07154054530805139,0.00509828432761106,18797.901714606625
251,107.51507681729679,107.51507681729679,-0.00595344356350213,0.0,5.925837767035403,400,0.07182668080213443,-0.10627717849621728,18782.397626199887
252,107.22735076875774,107.22735076875774,-0.0026797333340481655,0.0,5.925837767035403,400,0.07199152467354836,-0.03490398926918901,18751.507929744883
253,107.7087029798083,107.7087029798083,0.004479034646686765,0.0,5.925837767035403,400,0.07208976735130734,-0.11240227244140227,18754.30817607986
254,108.31092838394136,108.31092838394136,0.005575668845463714,0.0,5.925837767035403,400,0.07212751137195252,-0.07596433301262553,18760.446233878094
255,108.70350642721152,108.70350642721152,0.003617994091914012,0.0,5.925837767035403,400,0.07197377722170813,-0.04960624755220606,18767.174862113236
256,108.51256953525994,108.51256953525994,-0.0017580369250556967,0.0,5.925837767035403,400,0.07194891900439257,-0.06272558732110477,18737.315636088275
257,109.44959113277005,109.44959113277005,0.008598073786943716,0.0,5.925837767035403,400,0.07242556380338248,-0.07241210529989993,18746.71306628566
258,109.49975921428482,109.49975921428482,0.00045826198902351273,0.0,5.925837767035403,400,0.07253591957221106,-0.03596391480208693,18743.98961786386
259,109.87873994702636,109.87873994702636,0.0034550433264121075,0.0,5.925837767035403,400,0.07249394749265195,-0.045618290878018906,18754.098504552072
260,108.81377849365246,108.81377849365246,-0.00973942665398562,0.0,5.925837767035403,400,0.07257873522009102,-0.07486321699283453,18725.92125578815
261,108.43068233157774,108.43068233157774,-0.0035268706757782833,0.0,5.925837767035403,400,0.07267686993720997,-0.03508500463868842,18710.932777633712
262,108.87139520925936,108.87139520925936,0.0040562288858231816,0.0,5.925837767035403,400,0.0726829172140344,-0.0323595751126528,18741.131335777158
263,108.21975735814895,108.21975735814895,-0.006003375084762084,0.0,5.925837767035403,400,0.07252814046212638,-0.06375381884723778,18722.62265495288
264,107.58944030796302,107.58944030796302,-0.005841445585578776,0.0,5.925837767035403,400,0.07273208827064291,-0.007679501970456738,18698.16830240094
265,107.56972267374532,107.56972267374532,-0.000183284169724788,0.0,5.925837767035403,400,0.0727493507639476,-0.010263794923774269,18696.994375981114
266,107.4588176048845,107.4588176048845,-0.0010315382186136075,0.0,5.925837767035403,400,0.07297309892708159,-0.009451012800681304,18686.114552111165
267,106.8239092042224,106.8239092042224,-0.005925911697053951,0.0,5.925837767035403,400,0.0732827818012902,-0.0004636925924053057,18662.32780655486
268,105.79738049175378,105.79738049175378,-0.009656010364032002,0.0,5.925837767035403,400,0.07394804583506205,0.057320004222080806,18587.035204242307
269,105.71603092230153,105.71603092230153,-0.0007692143294323922,0.0,5.925837767035403,400,0.07404555011342577,0.06622189112394253,18580.115849221656
270,105.11434478365597,105.11434478365597,-0.0057077901621251275,0.0,5.925837767035403,400,0.07415241156589955,0.07919400631513746,18562.232314818088
271,104.94167879011852,104.94167879011852,-0.001643999819562535,0.0,5.925837767035403,400,0.07438400788891804,0.09211256829569309,18546.226515880026
272,105.05037880017187,105.05037880017187,0.0010352774386749113,0.0,5.925837767035403,400,0.07443443329579984,0.08444396251867424,18547.03615818531
273,105.45002530682805,105.45002530682805,0.0037971137255453525,0.0,5.925837767035403,400,0.07440798388829445,0.09677905395185177,18555.86438463301
274,104.73386340783817,104.73386340783817,-0.006814648590623518,0.0,5.925837767035403,400,0.07482693866645494,0.07652355751722419,18502.508272808813
275,104.55399632569886,104.55399632569886,-0.001718849116735423,0.0,5.925837767035403,400,0.07510671851241994,0.0836036640610418,18480.78246129922
276,104.83268884902249,104.83268884902249,0.0026619905431283074,0.0,5.925837767035403,400,0.0751588368206162,0.07771308633475861,18484.095717149914
277,104.49606230519359,104.49606230519359,-0.003216250344515769,0.0,5.925837767035403,400,0.07541036495151442,0.07418990751582066,18446.8963824427
278,103.31047268219483,103.31047268219483,-0.011410637177037008,0.0,5.925837767035403,400,0.07497771409466976,0.06978125658408016,18431.640783586143
279,103.21375224106299,103.21375224106299,-0.0009366499086385316,0.0,5.925837767035403,400,0.07506295613856064,0.07082723710445357,18427.049975462432
280,103.44384270323455,103.44384270323455,0.0022267805575677375,0.0,5.925837767035403,400,0.07506932428286105,0.07251954046377296,18429.722433510837
281,103.45162614700646,103.45162614700646,7.524035029707506e-05,0.0,5.925837767035403,400,0.07517902516071515,0.06828089412234256,18420.687430823713
282,103.22606262186983,103.22606262186983,-0.0021827572781275345,0.0,5.925837767035403,400,0.07510016763711946,0.064313635137872,18416.597193429305
283,103.40111472940235,103.40111472940235,0.0016943768158325615,0.0,5.925837767035403,400,0.07518390681496843,0.05821568328986375,18419.139166897206
284,103.13008755754916,103.13008755754916,-0.0026245654354345683,0.0,5.925837767035403,400,0.07549862894016182,0.06175541411608541,18402.533149400988
285,103.26510300247556,103.26510300247556,0.0013083198675210522,0.0,5.925837767035403,400,0.0755258895390099,0.03585661330805408,18406.602284599765
286,102.77891187858418,102.77891187858418,-0.004719302587216614,0.0,5.925837767035403,400,0.07544903959200862,0.049449752259460474,18391.81148124876
287,101.9030803953101,101.9030803953101,-0.008558025247010126,0.0,5.925837767035403,400,0.07579758563515634,0.0671622214204871,18357.870899485206
288,103.2188109040017,103.2188109040017,0.012828943276092193,0.0,5.925837767035403,400,0.07572736320137613,-0.021021492285271188,18403.110296097984
289,102.60075806492613,102.60075806492613,-0.006005791382328531,0.0,5.925837767035403,400,0.07598050535745185,-0.0739978169143586,18373.10318340283
290,102.42108584421447,102.42108584421447,-0.0017527134014796264,0.0,5.925837767035403,400,0.07621284967397293,-0.06535554646535516,18361.392981019395
291,101.81410761998525,101.81410761998525,-0.005943931611335773,0.0,5.925837767035403,400,0.07665998929487353,-0.05586788960162009,18295.583938495667
292,102.23545924783953,102.23545924783953,0.004129900721729621,0.0,5.925837767035403,400,0.07678867404138519,-0.06594476877499827,18303.31836212284
293,102.77211574434976,102.77211574434976,0.005235491638391071,0.0,5.925837767035403,400,0.07697680874084245,-0.04462274704991611,18312.029361087425
294,101.91818977800777,101.91818977800777,-0.008343638142386865,0.0,5.925837767035403,400,0.0777480636184374,-0.07250070040881093,18272.339575188504
295,101.22048239801106,101.22048239801106,-0.006869298849855089,0.0,5.925837767035403,400,0.07820998611988009,-0.03552556560752405,18197.767596126898
296,102.54131078277557,102.54131078277557,0.01296461779847391,0.0,5.925837767035403,400,0.07891171724452237,-0.08023275750825411,18232.05131337873
297,102.28068570987672,102.28068570987672,-0.0025448947673886156,0.0,5.925837767035403,400,0.07891568664937275,-0.1014036105360249,18221.72900119002
298,102.14522846893539,102.14522846893539,-0.0013252454935616985,0.0,5.925837767035403,400,0.07894057469535141,-0.09872772409725869,18215.109642213105
299,103.03934930277575,103.03934930277575,0.008715338190751102,0.0,5.925837767035403,400,0.07845443052526203,-0.09536610190140098,18276.91019951028
300,103.16756357178541,103.16756357178541,0.0012435498281318862,0.0,5.925837767035403,400,0.07851885260041781,-0.08683676849137757,18280.815636032938
301,103.48678441945876,103.48678441945876,0.0030894206163776684,0.0,5.925837767035403,400,0.07864410835752714,-0.08107629838929489,18292.035268522555
302,103.78931210526423,103.78931210526423,0.0029190814155470595,0.0,5.925837767035403,400,0.07874926487863013,-0.09432021014419568,18300.74340287942
303,103.92547312933819,103.92547312933819,0.0013110385322182626,0.0,5.925837767035403,400,0.07883393546487091,-0.09660569206982655,18301.58443540813
304,103.70782364779947,103.70782364779947,-0.0020964803298443753,0.0,5.925837767035403,400,0.07906929075725004,-0.10112825426290402,18279.554214767864
305,103.74835373786988,103.74835373786988,0.000390733995938987,0.0,5.925837767035403,400,0.07913294402752415,-0.11240192239982603,18276.611017675437
306,103.84190928206635,103.84190928206635,0.0009013481573692818,0.0,5.925837767035403,400,0.07918106275602246,-0.12191683222491939,18278.282088661577
307,103.57604817901534,103.57604817901534,-0.0025635316430823074,0.0,5.925837767035403,400,0.0795692515737154,-0.12324417809831503,18255.734812474213
308,103.4418028538827,103.4418028538827,-0.0012969446188362853,0.0,5.925837767035403,400,0.07963082963615362,-0.12276158082027226,18250.569230404864
309,104.35858837898668,104.35858837898668,0.008823770426849552,0.0,5.925837767035403,400,0.07995029033675687,-0.1102465591447968,18271.112969830767
310,104.23350107629335,104.23350107629335,-0.0011993486235664568,0.0,5.925837767035403,400,0.08008709482362501,-0.08710357801424247,18262.72379517872
311,103.61765356657291,103.61765356657291,-0.005925868566363709,0.0,5.925837767035403,400,0.08060762969206377,-0.0919814082207617,18205.8481305288
312,102.88671135235762,102.88671135235762,-0.007079223406456594,0.0,5.925837767035403,400,0.08045026604644781,-0.063154087367903,18182.097243820786
313,102.84525455790467,102.84525455790467,-0.00040301753624587635,0.0,5.925837767035403,400,0.08050990889581366,-0.08562773819566519,18179.32549477926
314,103.2081184249829,103.2081184249829,0.003522041274344915,0.0,5.925837767035403,400,0.08063104102138217,-0.10325791770098539,18188.81822029563
315,103.2530927703212,103.2530927703212,0.0004356687223647694,0.0,5.925837767035403,400,0.0807500767129648,-0.09855727208842796,18186.079959340954
316,102.67997869162217,102.67997869162217,-0.005566037103762901,0.0,5.925837767035403,400,0.08131903382266992,-0.09611185509675593,18131.573461413936
317,102.27313753203192,102.27313753203192,-0.003970095224317921,0.0,5.925837767035403,400,0.08119958097521,-0.10220227032657139,18122.452089330232
318,102.58343645679572,102.58343645679572,0.0030294284048025736,0.0,5.925837767035403,400,0.08126647801064911,-0.11337826842349738,18129.335771396047
319,102.66374537121077,102.66374537121077,0.000782558062899526,0.0,5.925837767035403,400,0.08136032708092887,-0.08389334098228436,18127.081836980367
320,102.69194382847711,102.69194382847711,0.00027463039912325245,0.0,5.925837767035403,400,0.08147777567623708,-0.10168390691564583,18119.060087089078
321,102.51766997959007,102.51766997959007,-0.0016984963574540564,0.0,5.925837767035403,400,0.08141041949238378,-0.09383631941968917,18115.248489073
322,101.85233638631502,101.85233638631502,-0.006511091873359011,0.0,5.925837767035403,400,0.08191938015838188,-0.07330118413727438,18074.174600893926
323,102.59218483037004,102.59218483037004,0.007237676699107134,0.0,5.925837767035403,400,0.08198290734781423,-0.11810957314387215,18098.400742570804
324,102.68820715579915,102.68820715579915,0.0009355236659801315,0.0,5.925837767035403,400,0.08208066185387111,-0.10779809055593499,18096.73263688735
325,102.95073359703703,102.95073359703703,0.0025532769513316187,0.0,5.925837767035403,400,0.08207729849763448,-0.10309119111652829,18110.637274076707
326,103.25253719534497,103.25253719534497,0.002927245650907765,0.0,5.925837767035403,400,0.08227128815318635,-0.09548130966779117,18114.437211769233
327,103.3813437047255,103.3813437047255,0.00124671254784589,0.0,5.925837767035403,400,0.08237154116993377,-0.1256018241415369,18115.490765702332
328,103.70477636399576,103.70477636399576,0.0031236562078302754,0.0,5.925837767035403,400,0.08239487597255699,-0.13027100002817218,18125.018882096792
329,103.48952737436214,103.48952737436214,-0.002077750818305484,0.0,5.925837767035403,400,0.08268563503155615,-0.13586660184733895,18105.42577442544
330,103.43406861679067,103.43406861679067,-0.0005360312692589722,0.0,5.925837767035403,400,0.0828184343854904,-0.14392650136010707,18094.134967825074
331,102.57039671688283,102.57039671688283,-0.00838503144881642,0.0,5.925837767035403,400,0.08272892920723725,-0.13487411020795614,18071.711781064896
332,102.3839675956936,102.3839675956936,-0.0018192261797538541,0.0,5.925837767035403,400,0.0830782954764629,-0.13118830856933084,18048.65179420701
333,101.2168434253504,101.2168434253504,-0.011464953885642786,0.0,5.925837767035403,400,0.08302866954408736,-0.0949225114701223,18020.300292064287
334,101.62326173613705,101.62326173613705,0.00400728302057543,0.0,5.925837767035403,400,0.08293366686085307,-0.13420692804821438,18032.154741522503
335,100.7621389553769,100.7621389553769,-0.008509783555833334,0.0,5.925837767035403,400,0.08311334240389415,-0.14945094226593794,18005.036141508222
336,100.05974127364114,100.05974127364114,-0.006995259133841523,0.0,5.925837767035403,400,0.08369139928406606,-0.11045450306456474,17973.562445890006
337,100.25072449095893,100.25072449095893,0.0019068726584934304,0.0,5.925837767035403,400,0.08373012882199989,-0.13747117125522568,17974.4692231698
338,99.55576610065417,99.55576610065417,-0.006956342516252476,0.0,5.925837767035403,400,0.08449946931704626,-0.15706135897000334,17903.087675066377
339,99.88352849668259,99.88352849668259,0.0032868416604377613,0.0,5.925837767035403,400,0.08468251598690849,-0.1707812260407056,17909.359307239552
340,99.22971494466111,99.22971494466111,-0.006567276898180258,0.0,5.925837767035403,400,0.08463223099828356,-0.1838423307444419,17889.135447500044
341,99.53355755485282,99.53355755485282,0.0030573339133149013,0.0,5.925837767035403,400,0.08470060247823195,-0.19542025378406258,17895.01659134248
342,99.58868042206723,99.58868042206723,0.0005536585886393917,0.0,5.925837767035403,400,0.08478821645771145,-0.19049359180438696,17892.643035149395
343,99.94919786316429,99.94919786316429,0.00361352778215035,0.0,5.925837767035403,400,0.08483298676595181,-0.18310802848379543,17903.6292103163
344,100.8784236973089,100.8784236973089,0.009254030479111844,0.0,5.925837767035403,400,0.08445044887177329,-0.14699717830938852,17945.291545732587
345,101.21329751639658,101.21329751639658,0.0033140805924494385,0.0,5.925837767035403,400,0.08440993452828417,-0.12111112392457031,17954.597673751945
346,101.44101408331144,101.44101408331144,0.0022473409122984165,0.0,5.925837767035403,400,0.08448056028816113,-0.1386627227523219,17956.29322537537
347,100.89428061716231,100.89428061716231,-0.005404245439333707,0.0,5.925837767035403,400,0.08521820203083766,-0.08396185718961646,17898.807990329922
348,100.26483386341052,100.26483386341052,-0.006258218124970977,0.0,5.925837767035403,400,0.08492005495564184,-0.021951091008221763,17884.625860673397
349,100.2988851016052,100.2988851016052,0.00033955531636098256,0.0,5.925837767035403,400,0.08495135359916998,-0.030824446276809088,17882.89408719942
350,100.65006380589176,100.65006380589176,0.003495206754844369,0.0,5.925837767035403,400,0.08499449509543543,-0.034230793415146205,17891.27930510252
351,100.63447623345606,100.63447623345606,-0.00015488097062808646,0.0,5.925837767035403,400,0.0851467965629269,-0.017647775707209625,17886.842355796234
352,101.44952537350653,101.44952537350653,0.008066482779857416,0.0,5.925837767035403,400,0.08509547644212266,-0.03196094026633143,17926.7760695225
353,102.78688900686943,102.78688900686943,0.013096418210464943,0.0,5.925837767035403,400,0.08487957267827731,0.06257063746003103,17973.229668068692
354,102.26659445160007,102.26659445160007,-0.005074731363589168,0.0,5.925837767035403,400,0.0855475936264511,-0.012982564366934781,17939.4506671945
355,102.53123178640674,102.53123178640674,0.00258437784190169,0.0,5.925837767035403,400,0.08558720166379367,0.03591400538376067,17945.1292503511
356,102.91678895354735,102.91678895354735,0.003753334964052359,0.0,5.925837767035403,400,0.0856545578796108,0.06935396619312925,17951.65992830045
357,103.31020717064501,103.31020717064501,0.0038153947033924772,0.0,5.925837767035403,400,0.08573531636773722,0.07591718895641923,17959.40588405854
358,102.95171741107399,102.95171741107399,-0.003476066862737479,0.0,5.925837767035403,400,0.0863234836289133,0.07478774889994667,17921.54853831733
359,103.37038142995438,103.37038142995438,0.004058359195240017,0.0,5.925837767035403,400,0.08645184858990751,0.06020820610705396,17933.41595090532
360,102.91504287996213,102.91504287996213,-0.004414653056842322,0.0,5.925837767035403,400,0.08650110467665062,0.04373270297619943,17915.54637085964
361,102.8019582585197,102.8019582585197,-0.0010994194180087306,0.0,5.925837767035403,400,0.086521508853123,0.04036350391341105,17910.481100793837
362,103.06113318001319,103.06113318001319,0.002517936135255776,0.0,5.925837767035403,400,0.08646036787273524,0.03542067734834686,17921.545146757744
363,102.51807632487257,102.51807632487257,-0.005283200763420414,0.0,5.925837767035403,400,0.0864910128644622,0.027196265880858394,17902.114623781014
364,101.35766568162117,101.35766568162117,-0.011383631647279745,0.0,5.925837767035403,400,0.08678709860412316,0.06284640041281973,17856.50909113886
365,101.35241855669359,101.35241855669359,-5.176974740522344e-05,0.0,5.925837767035403,400,0.08686254035204613,0.05982909441003478,17851.829252194617
366,100.8295435475178,100.8295435475178,-0.005172332580421605,0.0,5.925837767035403,400,0.08774006346002658,0.059853848315067716,17801.155336387725
367,100.64770312794323,100.64770312794323,-0.0018050720063836011,0.0,5.925837767035403,400,0.08775001313932083,0.06282993760990863,17796.21095957745
368,100.96359495741522,100.96359495741522,0.003133674461446081,0.0,5.925837767035403,400,0.08770946514639522,0.0645559957647887,17804.940421082654
369,100.64631418054738,100.64631418054738,-0.003147474647010017,0.0,5.925837767035403,400,0.0877779400013402,0.06528405834168322,17792.177866542177
370,101.06838094902406,101.06838094902406,0.00418479560112942,0.0,5.925837767035403,400,0.08739405922719083,0.05372776796900174,17817.98199081728
371,100.87815889608737,100.87815889608737,-0.0018838857981043618,0.0,5.925837767035403,400,0.0876020387718385,0.025679098271732655,17803.849504154005
372,101.52638867122454,101.52638867122454,0.006405310544891255,0.0,5.925837767035403,400,0.0877598021691368,0.018146280957354877,17819.942812461533
373,100.19634164511557,100.19634164511557,-0.013187074143268323,0.0,5.925837767035403,400,0.0893034844846541,-0.03623751171699163,17742.146444938342
374,100.23310968517251,100.23310968517251,0.00036689259213501784,0.0,5.925837767035403,400,0.08934793381977314,-0.0451610275696041,17741.57504292588
375,100.38981621759036,100.38981621759036,0.0015621999687472428,0.0,5.925837767035403,400,0.08940114223326107,-0.04115541162619372,17744.285589726922
376,99.31471138642947,99.31471138642947,-0.010767059018729496,0.0,5.925837767035403,400,0.0909112159358994,-0.06153322200726415,17659.314208828782
377,98.32064951109963,98.32064951109963,-0.010059639669278782,0.0,5.925837767035403,400,0.09151242605064779,0.002434961940077508,17596.408220559086
378,99.1520910450858,99.1520910450858,0.008420873127518054,0.0,5.925837767035403,400,0.09149574026260467,-0.04637547752196559,17621.546703383097
379,99.2320896839563,99.2320896839563,0.000806502241385878,0.0,5.925837767035403,400,0.09158155702194384,-0.04031967841086291,17620.865086386188
380,98.7219435542694,98.7219435542694,-0.005154199191699921,0.0,5.925837767035403,400,0.0915427379133029,-0.04273957939774578,17608.060410059505
381,98.6664528275586,98.6664528275586,-0.0005622491411833973,0.0,5.925837767035403,400,0.09159640914861926,-0.046322093370087906,17604.681231295697
382,98.79949459762304,98.79949459762304,0.001347490966719999,0.0,5.925837767035403,400,0.09164978797080822,-0.021747808057940105,17606.53510682777
383,99.05469714159454,99.05469714159454,0.0025797046123370126,0.0,5.925837767035403,400,0.0914330696648186,-0.025815411773317195,17622.261120524778
384,98.42886285760417,98.42886285760417,-0.006338111172980608,0.0,5.925837767035403,400,0.09167556006440038,-0.03834900426018929,17587.036304495574
385,99.08126806258977,99.08126806258977,0.006606320138749503,0.0,5.925837767035403,400,0.09169719987328018,-0.0657248875293164,17604.546185801668
386,99.3456408101902,99.3456408101902,0.0026646880257843258,0.0,5.925837767035403,400,0.09149457900956855,-0.05654286606229101,17616.820377865868
387,99.76551411175126,99.76551411175126,0.004217482682858979,0.0,5.925837767035403,400,0.09178218774117308,-0.05102705332639883,17623.229892945223
388,99.29378292625603,99.29378292625603,-0.00473961352815496,0.0,5.925837767035403,400,0.09261560818469222,-0.058799639708110814,17577.159239127268
389,99.2007906393283,99.2007906393283,-0.0009369756770740101,0.0,5.925837767035403,400,0.09260467987901362,-0.058278338749095736,17573.958610987713
390,98.71863027924198,98.71863027924198,-0.004872299157848458,0.0,5.925837767035403,400,0.09309409847751926,-0.056276808955332665,17545.3636850151
391,98.65815155740937,98.65815155740937,-0.0006128251070120519,0.0,5.925837767035403,400,0.093161822974897,-0.06337835310149195,17539.002415021252
392,98.79388518420747,98.79388518420747,0.0013748518416776619,0.0,5.925837767035403,400,0.09300152875145783,-0.07048513184473991,17550.387991734508
393,98.81409106920746,98.81409106920746,0.0002045047518174016,0.0,5.925837767035403,400,0.09314581918483854,-0.0461249997989615,17540.93236663269
394,98.23652156159231,98.23652156159231,-0.00586216052733093,0.0,5.925837767035403,400,0.0932316278749873,-0.02679016538911872,17517.163886714407
395,98.93128829127342,98.93128829127342,0.007047495286271875,0.0,5.925837767035403,400,0.09245914302647007,-0.08229925205942205,17568.720275311905
396,98.22020040702844,98.22020040702844,-0.007213650502931037,0.0,5.925837767035403,400,0.09218166286510616,-0.10304373791360961,17557.01677664137
397,97.35492258318341,97.35492258318341,-0.008848604632199842,0.0,5.925837767035403,400,0.09251714186920472,-0.057612586894201775,17529.626197848338
398,96.93057757801706,96.93057757801706,-0.0043682691666170285,0.0,5.925837767035403,400,0.09273428806248886,-0.02628843041248718,17506.248260940454
399,96.69371272770125,96.69371272770125,-0.0024466451817519645,0.0,5.925837767035403,400,0.09327526649116769,-0.008791210507241774,17475.937610331282
400,96.29097158309686,96.29097158309686,-0.00417382063985602,0.0,5.664600675799399,322,0.11299184348088621,0.007588204819929257,17349.176465988894
401,95.94116465275974,95.94116465275974,-0.003639425990871159,0.0,5.664600675799399,322,0.11290165037286574,0.011805685075492782,17338.933294429444
402,95.75485634108384,95.75485634108384,-0.0019437896454083648,0.0,5.664600675799399,322,0.11323598236826019,0.011150605379398429,17323.04913713126
403,95.98694999591757,95.98694999591757,0.0024208989434407126,0.0,5.664600675799399,322,0.11299817740760505,-0.01590947077601723,17338.004111366237
404,96.14308640383368,96.14308640383368,0.0016253204882857668,0.0,5.664600675799399,322,0.11300859503230867,-0.03796151124596017,17340.10299018405
405,95.66865250976767,95.66865250976767,-0.00494688035536086,0.0,5.664600675799399,322,0.11357420106725889,-0.05254905525445277,17314.660632955107
406,95.98785725287769,95.98785725287769,0.0033310117006060433,0.0,5.664600675799399,322,0.11346133755182877,-0.05407502104596148,17324.007597894237
407,96.20070149482082,96.20070149482082,0.002214953172531757,0.0,5.664600675799399,322,0.11344875845245495,-0.061780724206947905,17326.746389219206
408,96.61355806703081,96.61355806703081,0.004282434339705156,0.0,5.664600675799399,322,0.11340243661743736,-0.04918031927264659,17334.310552484912
409,95.78073864141531,95.78073864141531,-0.008657477291597295,0.0,5.664600675799399,322,0.11423404307637122,-0.0737022055198292,17297.96980208025
410,95.81410190637564,95.81410190637564,0.0003482689325261965,0.0,5.664600675799399,322,0.1143083514432632,-0.08151216665564624,17295.844392929423
411,95.56312641275585,95.56312641275585,-0.0026228369979179648,0.0,5.664600675799399,322,0.11447934639046618,-0.08645130397897927,17288.75640557446
412,95.42804509605529,95.42804509605529,-0.001414529668120861,0.0,5.664600675799399,322,0.1145880384429507,-0.17150316856796274,17283.87449391559
413,96.08069475056946,96.08069475056946,0.006815899699260228,0.0,5.664600675799399,322,0.11398036253921653,-0.1511431396094378,17312.103800911496
414,96.05714624339875,96.05714624339875,-0.0002451209732221208,0.0,5.664600675799399,322,0.11407699348890274,-0.13759537204591582,17308.18031618675
415,96.71269402813863,96.71269402813863,0.006801378378306711,0.0,5.664600675799399,322,0.11383088209155502,-0.14026644714520067,17323.39229127905
416,96.83045363380585,96.83045363380585,0.0012168823502288417,0.0,5.664600675799399,322,0.11386661301865603,-0.14609689908107878,17324.156168853395
417,96.35975008229762,96.35975008229762,-0.004872964300351945,0.0,5.664600675799399,322,0.11436785142804391,-0.1450674219934624,17302.47603218174
418,96.25160805083713,96.25160805083713,-0.0011229041098281454,0.0,5.664600675799399,322,0.11450946057342426,-0.13724679731755685,17295.77038119534
419,96.19064202460291,96.19064202460291,-0.0006336033615270609,0.0,5.664600675799399,322,0.11460470207916348,-0.1279053418827783,17292.843259909307
420,96.14010504868551,96.14010504868551,-0.0005255215595998435,0.0,5.664600675799399,322,0.11467730187888513,-0.12847384406482898,17289.7842028453
421,96.8588118456263,96.8588118456263,0.007447815052251387,0.0,5.664600675799399,322,0.11426241210532531,-0.11836816061714746,17311.719669935
422,96.90794250462672,96.90794250462672,0.0005071113485699227,0.0,5.664600675799399,322,0.11430740356502986,-0.10025665313737137,17311.03674828913
423,96.9723375657417,96.9723375657417,0.0006642765675759657,0.0,5.664600675799399,322,0.11436519807392663,-0.13098722338746044,17310.302714727877
424,96.99752119544671,96.99752119544671,0.0002596653934518515,0.0,5.664600675799399,322,0.11434476820975917,-0.13493802571018362,17311.532221907077
425,96.3778472972748,96.3778472972748,-0.006409048103065354,0.0,5.664600675799399,322,0.11500776045255139,-0.1334999301344537,17275.94363461633
426,96.52821901869623,96.52821901869623,0.0015590152735998589,0.0,5.664600675799399,322,0.11489148908254437,-0.14823374541149748,17281.66407505479
427,96.69523714667854,96.69523714667854,0.001728756672639251,0.0,5.664600675799399,322,0.11487811612530487,-0.14042908220632472,17284.586043599164
428,96.55663794780398,96.55663794780398,-0.001434389421271765,0.0,5.664600675799399,322,0.11501362839476563,-0.13635625561628417,17278.923338172637
429,96.45099660344208,96.45099660344208,-0.0010946857636695516,0.0,5.664600675799399,322,0.11510014452802282,-0.1278634608482356,17273.987498856957
430,96.75424008412905,96.75424008412905,0.0031390839595812348,0.0,5.664600675799399,322,0.11498373664673157,-0.1255902304457981,17283.344632837016
431,96.36264497121817,96.36264497121817,-0.0040555298882618985,0.0,5.664600675799399,322,0.11539161606233862,-0.12828873367664578,17266.661813739815
432,96.78374437396707,96.78374437396707,0.004360423939413451,0.0,5.664600675799399,322,0.11524649843311359,-0.07578721112490716,17277.868725410062
433,96.45162712391675,96.45162712391675,-0.0034374408215284225,0.0,5.664600675799399,322,0.11555375413487026,-0.08628468482536701,17265.41010066991
434,96.53785188882496,96.53785188882496,0.0008935696503934464,0.0,5.664600675799399,322,0.1155374777748523,-0.09170472249580769,17267.3334289183
435,96.33070121118482,96.33070121118482,-0.0021481029848151724,0.0,5.664600675799399,322,0.11563481053532355,-0.07447057018364323,17260.68224330312
436,96.24455849688336,96.24455849688336,-0.0008946395313460579,0.0,5.664600675799399,322,0.11579730103525589,-0.17320162472763448,17254.21927843925
437,95.99525482659743,95.99525482659743,-0.0025936751158306018,0.0,5.664600675799399,322,0.11608814786033021,-0.10070066712059644,17240.637291450832
438,97.03369407362896,97.03369407362896,0.010759518414540524,0.0,5.664600675799399,322,0.11543072542319345,-0.13005527962814603,17300.464365760825
439,96.13783773024808,96.13783773024808,-0.009275308402328576,0.0,5.664600675799399,322,0.11506488428263911,-0.20555159354068034,17281.6012101026
440,96.05788126452961,96.05788126452961,-0.0008320317512723279,0.0,5.664600675799399,322,0.11519588854505051,-0.2076702381221933,17268.85104341893
441,95.71600394636621,95.71600394636621,-0.003565424770495934,0.0,5.664600675799399,322,0.11498339679446044,-0.20468360477315198,17257.76558000682
442,95.38617435957008,95.38617435957008,-0.003451869750772416,0.0,5.664600675799399,322,0.11525549997428247,-0.2011258733486177,17227.741901973535
443,95.37271326946134,95.37271326946134,-0.00014113198392366402,0.0,5.664600675799399,322,0.11526362888528632,-0.18722313450296343,17226.935549391997
444,95.52974113873977,95.52974113873977,0.0016451114280339274,0.0,5.664600675799399,322,0.1152646168237598,-0.15185397846541224,17232.8078938959
445,95.57084353024443,95.57084353024443,0.0004301650066604311,0.0,5.664600675799399,322,0.11537462930866539,-0.18092411715291362,17230.492215406877
446,94.73152768406221,94.73152768406221,-0.008820923070913771,0.0,5.664600675799399,322,0.11573130439126209,-0.1959486009575722,17191.81147723972
447,94.4221516748724,94.4221516748724,-0.0032711632796325507,0.0,5.664600675799399,322,0.11607760221614612,-0.16164482042138129,17171.99209835617
448,93.77388611829679,93.77388611829679,-0.006889285536374054,0.0,5.664600675799399,322,0.11626471696063564,-0.1451202845657814,17150.366605166553
449,93.8848584394812,93.8848584394812,0.0011827035759136315,0.0,5.664600675799399,322,0.11633305916970112,-0.15649514541029375,17151.442881864048
450,94.1678136247002,94.1678136247002,0.0030093206935075754,0.0,5.664600675799399,322,0.11624877739568894,-0.14824857807626096,17161.898781573414
451,93.68074398477503,93.68074398477503,-0.005185780904141506,0.0,5.664600675799399,322,0.11664284781230375,-0.16160219157506142,17130.34476807062
452,93.41693693372896,93.41693693372896,-0.0028199946100370917,0.0,5.664600675799399,322,0.11704908152986755,-0.1564191811976523,17106.44536119867
453,92.92150714163294,92.92150714163294,-0.005317538868167207,0.0,5.664600675799399,322,0.11757200901968487,-0.14098037051889906,17078.443374574705
454,93.23176877222254,93.23176877222254,0.0033334027172786333,0.0,5.664600675799399,322,0.11746776355738156,-0.1226705972991713,17090.835003336157
455,92.59851940352355,92.59851940352355,-0.006815377902960963,0.0,5.664600675799399,322,0.11780723750508068,-0.10282668858554857,17066.603123531644
456,92.57468712557943,92.57468712557943,-0.0002574052534103379,0.0,5.664600675799399,322,0.1178718034580573,-0.15911740257602197,17063.921647283758
457,92.40055381885541,92.40055381885541,-0.0018827747678500234,0.0,5.664600675799399,322,0.11813688824367125,-0.19902662353843315,17051.576823456206
458,92.29056836887064,92.29056836887064,-0.0011910205718979828,0.0,5.664600675799399,322,0.11824678472072851,-0.20735293597978444,17044.32977625806
459,92.20162484225716,92.20162484225716,-0.0009641983430966712,0.0,5.664600675799399,322,0.11854752286828797,-0.2137832887638969,17032.003022071138
460,92.61493783342881,92.61493783342881,0.004472690912693279,0.0,5.664600675799399,322,0.11834837067107176,-0.22233456152161685,17050.33215548091
461,92.35714930661904,92.35714930661904,-0.002787325349419691,0.0,5.664600675799399,322,0.1185359569789137,-0.23889536812223178,17036.774073112272
462,92.3204102514696,92.3204102514696,-0.0003978724401817933,0.0,5.664600675799399,322,0.11862349852989677,-0.23562198562129286,17033.807126470463
463,92.68673902421192,92.68673902421192,0.003960163192982508,0.0,5.664600675799399,322,0.11849690272618625,-0.2386435380672808,17049.993499508164
464,92.25988556236017,92.25988556236017,-0.004615971994369532,0.0,5.664600675799399,322,0.11897893575272286,-0.2446831420601916,17023.664676276134
465,92.53489106717535,92.53489106717535,0.0029763363753468886,0.0,5.664600675799399,322,0.11888500314297733,-0.24338593992283722,17034.979996880098
466,92.2585831264545,92.2585831264545,-0.002990453508606874,0.0,5.664600675799399,322,0.11903197564977729,-0.26672445932207944,17021.722934691978
467,92.77166962064501,92.77166962064501,0.005545988309455057,0.0,5.664600675799399,322,0.11881071932046446,-0.2870920009951285,17042.321069777907
468,92.85721509592888,92.85721509592888,0.000921682867085893,0.0,5.664600675799399,322,0.11885781137198358,-0.24314772969580078,17043.532169043683
469,92.90864908186086,92.90864908186086,0.0005537506847551562,0.0,5.664600675799399,322,0.11891725934695108,-0.25046276565980824,17043.332061988356
470,93.07460743450743,93.07460743450743,0.0017846595419755825,0.0,5.664600675799399,322,0.11883491049248797,-0.2446109819742705,17051.666584186223
471,93.40891962281351,93.40891962281351,0.0035854378316786373,0.0,5.664600675799399,322,0.11875576008424422,-0.23412288180158453,17065.23968707978
472,93.7506894311017,93.7506894311017,0.0036521789065983097,0.0,5.664600675799399,322,0.11860410590269899,-0.2049049482554274,17079.823635689234
473,94.03480905786697,94.03480905786697,0.0030260040935140386,0.0,5.664600675799399,322,0.11848291241922128,-0.20028782648337148,17093.706241054915
474,94.13246886237167,94.13246886237167,0.00103801058667445,0.0,5.664600675799399,322,0.11852805709626824,-0.19534127189410216,17095.603102492012
475,93.86309264688853,93.86309264688853,-0.0028657740393280185,0.0,5.664600675799399,322,0.11856669309720452,-0.2246305996307471,17085.300253481466
476,93.69582770397409,93.69582770397409,-0.0017835993824644718,0.0,5.664600675799399,322,0.1186418003397692,-0.21248548156994002,17077.84563056396
477,93.12656290440408,93.12656290440408,-0.006094200588650648,0.0,5.664600675799399,322,0.1191134022451596,-0.20436384850555459,17047.70857422626
478,92.86116176549281,92.86116176549281,-0.0028539659757224494,0.0,5.664600675799399,322,0.11942634557174012,-0.18871769549123815,17025.98910506796
479,92.93941694868303,92.93941694868303,0.0008423567715348555,0.0,5.664600675799399,322,0.11943768279391213,-0.1920022016159001,17027.599173507133
480,92.59945644549435,92.59945644549435,-0.0036645785049510588,0.0,5.664600675799399,322,0.11988569331942053,-0.1958386408260744,16997.959234310307
481,93.59272736215202,93.59272736215202,0.010669409626667507,0.0,5.664600675799399,322,0.12024003896562722,-0.22849355297215157,17029.390582533822
482,93.85082530590718,93.85082530590718,0.0027538755342144043,0.0,5.664600675799399,322,0.12014050988532782,-0.18821518612448732,17038.139152532003
483,93.55355775013633,93.55355775013633,-0.003172474413311968,0.0,5.664600675799399,322,0.12001554830754634,-0.19736312672241327,17027.48272049009
484,93.20788751929892,93.20788751929892,-0.003701734317385833,0.0,5.664600675799399,322,0.12032314294899539,-0.1818453754032939,16998.602142748834
485,93.15438619591659,93.15438619591659,-0.0005741647575505558,0.0,5.664600675799399,322,0.12030011402959911,-0.17536889717217422,16994.054764779525
486,94.00000337558065,94.00000337558065,0.009036634791963925,0.0,5.664600675799399,322,0.11985127809236443,-0.16477606104432327,17034.08642981576
487,94.03783146147961,94.03783146147961,0.00040234547948336916,0.0,5.664600675799399,322,0.11986783244111623,-0.1554540824326109,17034.788917929192
488,94.04441152630385,94.04441152630385,6.997008034770243e-05,0.0,5.664600675799399,322,0.11990675341489272,-0.15574616526843613,17033.05703864017
489,94.0026117324854,94.0026117324854,-0.0004445674680993344,0.0,5.664600675799399,322,0.1200447440026876,-0.15347377111501556,17028.18429532056
490,94.7001218468689,94.7001218468689,0.007392720580799694,0.0,5.664600675799399,322,0.11979531868788473,-0.1344750419675722,17061.66689559199
491,93.82371294140147,93.82371294140147,-0.009297659576900772,0.0,5.664600675799399,322,0.12026405672140522,-0.17265277277946992,17021.20054645
492,93.58078446750473,93.58078446750473,-0.0025925590188392955,0.0,5.664600675799399,322,0.12029430190858986,-0.14575731739796494,17013.126733329827
493,92.5810232938428,92.5810232938428,-0.010740879638466833,0.0,5.664600675799399,322,0.1209513535646497,-0.11353319749174237,16970.209306073175
494,92.76339566268449,92.76339566268449,0.001967930070139566,0.0,5.664600675799399,322,0.12094152872783327,-0.1332576854190912,16974.418887332642
495,92.51563799405251,92.51563799405251,-0.0026744290642872386,0.0,5.664600675799399,322,0.12109100708786924,-0.13769699371157032,16964.38367659266
496,91.80566338862371,91.80566338862371,-0.007703701214550607,0.0,5.664600675799399,322,0.12173355825502102,-0.12136053647487113,16934.92010004225
497,91.51635771068433,91.51635771068433,-0.0031562593121738686,0.0,5.664600675799399,322,0.1219555795724666,-0.09167256401641156,16922.8538421048
498,90.85640780850916,90.85640780850916,-0.0072374050037228325,0.0,5.664600675799399,322,0.12247189029645898,-0.0029614256248206216,16900.455945124595
499,91.33584023529589,91.33584023529589,0.005262941080817283,0.0,5.664600675799399,322,0.12230851128814964,-0.03732224673540949,16914.93242850188
500,91.39136083732018,91.39136083732018,0.0006076884383600345,0.0,5.664600675799399,322,0.12231839553883805,-0.029386440433098095,16915.679673908027
501,92.02606900172884,92.02606900172884,0.006920942011643262,0.0,5.664600675799399,322,0.12218065081695947,-0.02559720061539645,16929.279018621084
502,92.02572344350034,92.02572344350034,-3.7550107381435537e-06,0.0,5.664600675799399,322,0.12224846965660276,-0.020470466236796006,16927.782245876555
503,91.60161735277205,91.60161735277205,-0.004619212400389507,0.0,5.664600675799399,322,0.12250398560753459,-0.023232800579560797,16913.04276758153
504,91.76117833774354,91.76117833774354,0.0017403860433706452,0.0,5.664600675799399,322,0.12244378481479753,-0.033325769564988554,16917.0533411439
505,91.37322432198499,91.37322432198499,-0.004236829240840229,0.0,5.664600675799399,322,0.12272505336330794,-0.032257805182661234,16903.187719663634
506,91.69639431648916,91.69639431648916,0.0035305730420914488,0.0,5.664600675799399,322,0.12259162116917864,-0.06606229726956574,16911.519751712432
507,92.04855108244867,92.04855108244867,0.003833108947550489,0.0,5.664600675799399,322,0.12242107534225864,-0.06594495146905101,16925.212049685037
508,91.43825521319793,91.43825521319793,-0.006652228922019263,0.0,5.664600675799399,322,0.12308294497288005,-0.07997708742494855,16892.773623509285
509,90.29460778744725,90.29460778744725,-0.012586193868774824,0.0,5.664600675799399,322,0.12387807211167833,-0.01839301761815343,16855.91632564442
510,89.55816020822427,89.55816020822427,-0.008189495256824143,0.0,5.664600675799399,322,0.1244312122805416,0.061321965235606075,16827.411884159512
511,89.2244937404058,89.2244937404058,-0.003732653564037052,0.0,5.664600675799399,322,0.12497337300712905,0.07116099643030886,16807.99714258151
512,89.54309046661835,89.54309046661835,0.0035643717504293647,0.0,5.664600675799399,322,0.124863777458393,0.053738616857441794,16815.183895333153
513,89.13742312832147,89.13742312832147,-0.004540708185128844,0.0,5.664600675799399,322,0.12516536845541404,0.05566904044960149,16795.125931785744
514,89.85178201209725,89.85178201209725,0.007982187262947053,0.0,5.664600675799399,322,0.12480679711677665,0.04700708288941047,16825.33275813564
515,89.23931284114751,89.23931284114751,-0.0068397768095474565,0.0,5.664600675799399,322,0.12547657613032892,0.010480662110577653,16798.4369155262
516,89.48149082236871,89.48149082236871,0.002710128026349927,0.0,5.664600675799399,322,0.12539524712549144,-0.003936862279458768,16805.319055783777
517,88.70113293870453,88.70113293870453,-0.008759135503043152,0.0,5.664600675799399,322,0.12599105035701408,-0.022316461115670507,16774.952031195913
518,87.99515599474121,87.99515599474121,-0.00799089448754008,0.0,5.664600675799399,322,0.1264614985134847,0.016936392498119398,16746.886710002564
519,88.31635430056362,88.31635430056362,0.003643535928192723,0.0,5.664600675799399,322,0.1263351378757859,-0.0030309958839808944,16755.868610560898
520,88.94950246136862,88.94950246136862,0.007143517255069432,0.0,5.664600675799399,322,0.12576822995571116,0.025502283499457518,16774.878056638092
521,88.76591263334541,88.76591263334541,-0.0020661110712834963,0.0,5.664600675799399,322,0.12606613169638697,0.019021712528254364,16757.43060516528
522,89.1171963062187,89.1171963062187,0.003949606363619918,0.0,5.664600675799399,322,0.12610183982336268,0.014197006997265723,16760.501681908263
523,89.24125987667362,89.24125987667362,0.0013911713873174408,0.0,5.664600675799399,322,0.12608833104335598,0.031527284357900504,16760.60026431106
524,89.14918136016995,89.14918136016995,-0.001032325768607104,0.0,5.664600675799399,322,0.12605828151907117,0.040458851016784855,16754.206685020756
525,88.82952208592825,88.82952208592825,-0.003592110873636259,0.0,5.664600675799399,322,0.12636421634284206,0.04684163475919354,16727.01317221612
526,89.2362447705525,89.2362447705525,0.004568237894593218,0.0,5.664600675799399,322,0.12648399785433345,0.04594866693727381,16735.087816111485
527,89.65474956929894,89.65474956929894,0.004678889105434351,0.0,5.664600675799399,322,0.12628831019846634,0.05744023547751217,16757.24042753133
528,89.68622356106891,89.68622356106891,0.0003509961114153529,0.0,5.664600675799399,322,0.12630348968593486,0.0594751741185992,16757.582133321263
529,89.25268022949582,89.25268022949582,-0.004845722989532073,0.0,5.664600675799399,322,0.12639467141785513,0.05449095448952081,16743.22588457054
530,90.02505198491195,90.02505198491195,0.00861653619307654,0.0,5.664600675799399,322,0.1257737535800411,0.022945084690694197,16775.776542191405
531,90.27027903509666,90.27027903509666,0.0027202834373967416,0.0,5.664600675799399,322,0.12562955314890387,0.030530798401955425,16786.505005152303
532,90.86357241098916,90.86357241098916,0.00655090688890262,0.0,5.664600675799399,322,0.1252842387956414,0.035014061318041044,16811.080567894907
533,90.95817941076078,90.95817941076078,0.0010406566580920746,0.0,5.664600675799399,322,0.12528776193239538,0.03838874946681188,16813.78440353316
534,90.46342636052175,90.46342636052175,-0.005454193558008108,0.0,5.664600675799399,322,0.1256895961951231,0.03554408662870765,16790.094801018153
535,91.32603781497743,91.32603781497743,0.009490296180459075,0.0,5.664600675799399,322,0.1252623235066242,0.004958574099797989,16826.975274138847
536,91.23090438068192,91.23090438068192,-0.0010422330891706596,0.0,5.664600675799399,322,0.1253650008665232,-0.0024569851448379234,16821.89144886712
537,91.35066150723897,91.35066150723897,0.001311820754177009,0.0,5.664600675799399,322,0.12540637732511273,-0.011328165719631769,16823.777372989956
538,92.14001961064085,92.14001961064085,0.0086038480866571,0.0,5.664600675799399,322,0.12497537329625283,-0.0015646086599176096,16855.208281051182
539,92.09756787061846,92.09756787061846,-0.000460836915572391,0.0,5.664600675799399,322,0.12506938717481725,-0.0012391776503010155,16851.08544676022
540,91.41163411441198,91.41163411441198,-0.007475777163898335,0.0,5.664600675799399,322,0.1255966808220791,0.01989198705178084,16821.851463471878
541,91.80042071695745,91.80042071695745,0.004244122325798249,0.0,5.664600675799399,322,0.12551937900862592,-0.016040749559775636,16834.68717746732
542,92.31981597284614,92.31981597284614,0.005641928806748439,0.0,5.664600675799399,322,0.125297091904187,0.004051251758221324,16853.86875652053
543,92.48943994258167,92.48943994258167,0.0018356658223279978,0.0,5.664600675799399,322,0.12534200065850631,0.005173617081458298,16857.07570231893
544,92.51073711661253,92.51073711661253,0.00023023949991282354,0.0,5.664600675799399,322,0.12540646258495333,0.0047900676258473135,16855.257702009934
545,91.90205818232843,91.90205818232843,-0.006601289717060421,0.0,5.664600675799399,322,0.1258973462613006,0.005187492659053246,16824.386452025312
546,91.27537310327152,91.27537310327152,-0.006842409784856043,0.0,5.664600675799399,322,0.12670293045711192,0.024126455001597852,16785.549834226
547,90.75331241538515,90.75331241538515,-0.005736042292557859,0.0,5.664600675799399,322,0.12709487771960387,0.041753694141319,16763.754118308476
548,90.79234038324616,90.79234038324616,0.00042995211243655285,0.0,5.664600675799399,322,0.12707407067392293,0.038795525448458,16765.442633238486
549,90.54046420821291,90.54046420821291,-0.0027780559352242533,0.0,5.664600675799399,322,0.12737396165442463,0.03667773137616527,16749.369022926865
550,90.76490855277895,90.76490855277895,0.0024758721244790022,0.0,5.664600675799399,322,0.12729337053095358,0.07341103247834427,16755.810300392783
551,90.46048088430584,90.46048088430584,-0.0033596612016280696,0.0,5.664600675799399,322,0.12775168965154948,0.061212327385100726,16731.192724298726
552,90.21930214056701,90.21930214056701,-0.0026696831592926337,0.0,5.664600675799399,322,0.12777171305930918,0.05272244959836716,16723.301044071482
553,89.55740487855819,89.55740487855819,-0.007363581898706622,0.0,5.664600675799399,322,0.1280740135326934,0.07865609708235939,16695.97392034927
554,88.88068413126257,88.88068413126257,-0.007584972417735249,0.0,5.664600675799399,322,0.12861452837473955,0.10825905924609512,16664.71509306995
555,88.92181648592941,88.92181648592941,0.0004626746559561946,0.0,5.664600675799399,322,0.12868183680909212,0.0951938223915232,16663.60096110848
556,88.519631339492,88.519631339492,-0.004533166744238462,0.0,5.664600675799399,322,0.1289862402218842,0.08358457615164018,16647.980058841582
557,88.58500188547173,88.58500188547173,0.0007382138768260321,0.0,5.664600675799399,322,0.12901689754245943,0.06996598828057386,16648.57429033353
558,89.01471236571656,89.01471236571656,0.004839099213602202,0.0,5.664600675799399,322,0.1287340946965757,0.09879274735157588,16665.319571658038
559,89.58241629241996,89.58241629241996,0.006357390435264664,0.0,5.664600675799399,322,0.12858384181583934,0.11599723010115073,16682.607130384033
560,90.3162882428075,90.3162882428075,0.00815876938257601,0.0,5.664600675799399,322,0.12820023752021076,0.14105873414567993,16708.13063114619
561,90.37797513579564,90.37797513579564,0.0006827764670684989,0.0,5.664600675799399,322,0.12825112981663586,0.14850171302392912,16705.597163923874
562,90.49556045462143,90.49556045462143,0.0013001939173337836,0.0,5.664600675799399,322,0.12829347066402647,0.14995303806179325,16706.474852094838
563,90.75177250892082,90.75177250892082,0.00282721098039101,0.0,5.664600675799399,322,0.12817738629356298,0.15897683444050606,16717.55323252695
564,90.35038436670324,90.35038436670324,-0.004432733506723393,0.0,5.664600675799399,322,0.12812005628624332,0.1547437736546622,16705.43041814754
565,90.20226889784904,90.20226889784904,-0.001640690395867511,0.0,5.664600675799399,322,0.12820621287545333,0.16869042317434776,16697.899510880667
566,89.58535009250541,89.58535009250541,-0.006862777649486242,0.0,5.664600675799399,322,0.128763075816336,0.16162881913968435,16660.80361600357
567,89.6099699777723,89.6099699777723,0.00027478268307608804,0.0,5.664600675799399,322,0.12886550571084807,0.17675247861681656,16657.983372189236
568,89.80844674260133,89.80844674260133,0.002212446742287603,0.0,5.664600675799399,322,0.12864519208329955,0.1335346537029901,16670.740240546613
569,90.4006022141221,90.4006022141221,0.006571896430338864,0.0,5.664600675799399,322,0.1282127661815006,0.08639394835818257,16702.22585935921
570,89.81237439245524,89.81237439245524,-0.006528163751357482,0.0,5.664600675799399,322,0.12870556982413256,0.038232715211175064,16672.27031871658
571,90.12343002607247,90.12343002607247,0.003457410207795634,0.0,5.664600675799399,322,0.12865100946704863,0.03216425867199224,16683.77215724177
572,90.1632402118129,90.1632402118129,0.00044163205560283274,0.0,5.664600675799399,322,0.12867983911857833,0.043893560485500166,16684.428227066455
573,89.48189367370307,89.48189367370307,-0.007585508056051553,0.0,5.664600675799399,322,0.12886477533351579,0.06520773332242813,16658.936227920094
574,89.72271662440251,89.72271662440251,0.0026876886176936572,0.0,5.664600675799399,322,0.12882769536042377,0.09136476319644207,16665.03990549055
575,89.79472166694349,89.79472166694349,0.00080220670579769,0.0,5.664600675799399,322,0.1288482391360809,0.1087878058285178,16666.681469047326
576,90.4275359154215,90.4275359154215,0.0070226270349581675,0.0,5.664600675799399,322,0.1288093528189787,0.12464655338272973,16692.418397480975
577,90.1648123379954,90.1648123379954,-0.0029095780115899147,0.0,5.664600675799399,322,0.12908832032941484,0.06176659901874504,16676.13757166334
578,89.97869520757865,89.97869520757865,-0.00206632144754301,0.0,5.664600675799399,322,0.1291543446678924,0.09112368726502057,16668.060125691198
579,89.57835451157004,89.57835451157004,-0.004459210707881457,0.0,5.664600675799399,322,0.1293669889585948,0.0814979582185857,16648.47122700903
580,90.14457760726013,90.14457760726013,0.006301087595700192,0.0,5.664600675799399,322,0.12922927983794635,0.0725961568428963,16666.659842574376
581,90.41249860303611,90.41249860303611,0.0029677174446857404,0.0,5.664600675799399,322,0.12900764458308714,0.09166192750805142,16682.25017717124
582,90.51395454229802,90.51395454229802,0.0011215159323846402,0.0,5.664600675799399,322,0.12908144032836047,0.09102011785153348,16682.96174437267
583,90.48605749932887,90.48605749932887,-0.00030825460037698575,0.0,5.664600675799399,322,0.12920906652476305,0.09183685757523091,16678.913966689433
584,90.88414727625657,90.88414727625657,0.00438981051711748,0.0,5.664600675799399,322,0.1289930104643079,0.0850820751604573,16698.50729304456
585,90.40839936812843,90.40839936812843,-0.0052484121273161976,0.0,5.664600675799399,322,0.12958908966814536,0.0795666018696995,16667.80223150614
586,91.13824080084419,91.13824080084419,0.00804030704002394,0.0,5.664600675799399,322,0.1295000995525939,0.03284283453721472,16693.119268503047
587,91.06587439272519,91.06587439272519,-0.000794344429018902,0.0,5.664600675799399,322,0.1295807830762237,0.02651291677932136,16688.5434654682
588,91.28386915106528,91.28386915106528,0.00239095331809819,0.0,5.664600675799399,322,0.1295733515868597,0.024995474762875877,16694.307424239032
589,91.24991115399682,91.24991115399682,-0.00037207356800985893,0.0,5.664600675799399,322,0.12965271034387657,0.05653050157631423,16690.766508676217
590,91.38326031654165,91.38326031654165,0.0014602953578253066,0.0,5.664600675799399,322,0.12963806047690923,0.04265850635783759,16695.780716397603
591,91.26361401458522,91.26361401458522,-0.0013101381505554858,0.0,5.664600675799399,322,0.129794230267615,0.02856364012274338,16688.36856312909
592,91.03746549515628,91.03746549515628,-0.002481045488523646,0.0,5.664600675799399,322,0.1300324437487358,0.027261792467963793,16674.14411970931
593,91.38965373311815,91.38965373311815,0.003861143858429519,0.0,5.664600675799399,322,0.12990990742390776,0.023518563415977845,16687.61121758835
594,92.11538672159627,92.11538672159627,0.00790972030398828,0.0,5.664600675799399,322,0.12972918094203725,0.0877099870196508,16717.005280477744
595,91.96287071704819,91.96287071704819,-0.0016570782619287567,0.0,5.664600675799399,322,0.1298760652444873,0.09039755259316326,16708.863405931323
596,91.47640210359712,91.47640210359712,-0.005303877914247049,0.0,5.664600675799399,322,0.1301770429576868,0.09734641893108086,16684.981325922432
597,90.94298267338249,90.94298267338249,-0.005848292397471687,0.0,5.664600675799399,322,0.13045862748865958,0.1103983545730349,16662.100454903837
598,90.13730819733816,90.13730819733816,-0.00889859176394442,0.0,5.664600675799399,322,0.13124312114024975,0.1520632159252307,16603.606741608884
599,90.7890427873559,90.7890427873559,0.007204449826604522,0.0,5.664600675799399,322,0.13146145390508995,0.09482345239833481,16619.00386976366
600,90.19357990215518,90.19357990215518,-0.006580355893096827,0.0,5.426430149747955,265,0.21990147673253785,0.08427764353375584,15252.974872193185
601,89.8986600540129,89.8986600540129,-0.003275211767570664,0.0,5.426430149747955,265,0.21987598842729753,0.07870992573246689,15245.686265202272
602,89.90220168835926,89.90220168835926,3.939507644739906e-05,0.0,5.426430149747955,265,0.2199356474358817,0.06896741490538522,15244.35018872434
603,89.46174250396442,89.46174250396442,-0.0049113557549459955,0.0,5.426430149747955,265,0.21997184395852487,0.06500296902809098,15231.19013373197
604,88.50085149202167,88.50085149202167,-0.010798902491933288,0.0,5.426430149747955,265,0.2199498639777601,0.09704555575774537,15206.09918166806
605,88.19388049191534,88.19388049191534,-0.0034745949185142682,0.0,5.426430149747955,265,0.22002434823499145,0.09235739282456844,15196.539098264668
606,87.66226157674262,87.66226157674262,-0.006046084354725803,0.0,5.426430149747955,265,0.22011249998625046,0.08071425183452392,15181.282816559828
607,87.68296918352856,87.68296918352856,0.000236192416439501,0.0,5.426430149747955,265,0.22015309246662812,0.08251692761545916,15180.400789165307
608,87.78790556410826,87.78790556410826,0.001196054823802803,0.0,5.426430149747955,265,0.2201640775911803,0.08516872171973011,15182.833004482587
609,87.8882204927002,87.8882204927002,0.0011420440756144518,0.0,5.426430149747955,265,0.22014139498247817,0.09283158286614317,15186.052287564693
610,88.24222616016415,88.24222616016415,0.004019817707698487,0.0,5.426430149747955,265,0.22005367700434522,0.10413800242919113,15197.720408670973
611,88.52408185388039,88.52408185388039,0.0031890232448984345,0.0,5.426430149747955,265,0.21999709095110828,0.11101303560508743,15206.94262443187
612,88.52233735827924,88.52233735827924,-1.9706646527624275e-05,0.0,5.426430149747955,265,0.22003553246207516,0.09974077404074169,15205.888318090365
613,88.78029759984908,88.78029759984908,0.002909831809840614,0.0,5.426430149747955,265,0.21999551878235654,0.061438462021374915,15214.353687856972
614,88.92256692489764,88.92256692489764,0.0016012049757956513,0.0,5.426430149747955,265,0.2200086300719612,0.0713750807376642,15218.107388933726
615,88.74751057655644,88.74751057655644,-0.0019705783601933814,0.0,5.426430149747955,265,0.22002447594675137,0.07040761410576377,15212.651888433731
616,89.14930985489724,89.14930985489724,0.004517224766614468,0.0,5.426430149747955,265,0.22001418445173596,0.06559449541913405,15224.563348715737
617,88.56061162825036,88.56061162825036,-0.0066254081391946,0.0,5.426430149747955,265,0.22010698602270015,0.03697291280438377,15205.135801458677
618,88.87122285000497,88.87122285000497,0.003501192894345982,0.0,5.426430149747955,265,0.22006585674655707,-0.006040139697107454,15215.10863621931
619,88.45232378080577,88.45232378080577,-0.004724695128268762,0.0,5.426430149747955,265,0.22012986145812952,-0.06424863651027996,15201.44725475556
620,88.5603683348406,88.5603683348406,0.001220755033565273,0.0,5.426430149747955,265,0.22014753927985706,-0.08098248398109081,15204.052266977169
621,88.1081408661652,88.1081408661652,-0.005119514037206223,0.0,5.426430149747955,265,0.22023633629645145,-0.08739646140368731,15188.879900456148
622,87.91498629560117,87.91498629560117,-0.0021946507962422902,0.0,5.426430149747955,265,0.22057017528390427,-0.08535896147376029,15174.808545164427
623,88.26895423453284,88.26895423453284,0.0040181688991735515,0.0,5.426430149747955,265,0.2205847854399593,-0.08020861970581414,15183.88319712082
624,88.63368803312343,88.63368803312343,0.004123559837604495,0.0,5.426430149747955,265,0.22059731880734734,-0.06731493836075897,15193.57653169245
625,88.80971309273401,88.80971309273401,0.0019840142404227907,0.0,5.426430149747955,265,0.22058201362989138,-0.06619952091355741,15198.869036529766
626,88.41184632786972,88.41184632786972,-0.00449005679220088,0.0,5.426430149747955,265,0.220813592495244,-0.07293507173130499,15182.356390227162
627,87.79350567908773,87.79350567908773,-0.0070184382023227646,0.0,5.426430149747955,265,0.2209342803572581,-0.04773197683818565,15163.158497811493
628,87.88593414849056,87.88593414849056,0.0010522401257845996,0.0,5.426430149747955,265,0.22091681480884737,-0.07024549199731808,15165.95825944567
629,87.79740277702984,87.79740277702984,-0.0010078517462605873,0.0,5.426430149747955,265,0.2209382832044482,-0.037407069143135525,15163.15026188759
630,87.62151420805715,87.62151420805715,-0.0020053553053410588,0.0,5.426430149747955,265,0.2210030665793427,-0.016948739820558882,15157.151774832106
631,88.15945460082476,88.15945460082476,0.00612059514471746,0.0,5.426430149747955,265,0.22086164744927775,-0.028188832252470906,15174.283592320131
632,88.17836342372739,88.17836342372739,0.00021446134682775778,0.0,5.426430149747955,265,0.22086077291926037,-0.019885757764736216,15174.783938651692
633,88.71656858333486,88.71656858333486,0.006085045107980186,0.0,5.426430149747955,265,0.2208190647393178,0.0015617604089984292,15190.258623588968
634,88.41096882146053,88.41096882146053,-0.003450621733670875,0.0,5.426430149747955,265,0.22087719694418298,-0.019055882120105627,15179.918156147301
635,88.15938032898674,88.15938032898674,-0.0028497271931059395,0.0,5.426430149747955,265,0.22118858305953668,-0.018772711321195054,15164.702013931306
636,88.50501552825736,88.50501552825736,0.003912906600001653,0.0,5.426430149747955,265,0.2211700034736027,-0.012131500316170477,15174.122627291934
637,88.55381851494391,88.55381851494391,0.0005512629537653978,0.0,5.426430149747955,265,0.22120756957043797,-0.012845995822490021,15174.347483043312
638,88.89995372744423,88.89995372744423,0.0039011360210411544,0.0,5.426430149747955,265,0.22113442295260877,-0.01656338704056743,15185.46833394503
639,89.07965410714559,89.07965410714559,0.0020193374168169633,0.0,5.426430149747955,265,0.22113450575861898,0.016529671284477146,15190.11747099605
640,88.83159892036706,88.83159892036706,-0.0027885290367520308,0.0,5.426430149747955,265,0.22129866008779905,-0.007745379797850946,15178.147469664025
641,88.93711506519134,88.93711506519134,0.0011871172924654606,0.0,5.426430149747955,265,0.22131923977479243,-0.015448600695346882,15177.311181070454
642,88.93950567266148,88.93950567266148,2.6879389324667975e-05,0.0,5.426430149747955,265,0.22135070340727958,-0.01504236339089915,15172.98378820424
643,88.98983547954242,88.98983547954242,0.0005657280344809783,0.0,5.426430149747955,265,0.22142812973271112,-0.014642658508955112,15169.19907339292
644,88.59102572895776,88.59102572895776,-0.004491592374869794,0.0,5.426430149747955,265,0.2214549534851092,0.0038031494375275646,15154.189438813597
645,87.6579173921799,87.6579173921799,-0.010588625820972452,0.0,5.426430149747955,265,0.22258020765934594,0.07520328622600249,15103.62843722499
646,87.38378031922267,87.38378031922267,-0.0031322513512071167,0.0,5.426430149747955,265,0.22261426286981734,0.10532502900292567,15095.973731444723
647,87.15042297955537,87.15042297955537,-0.0026740601476434207,0.0,5.426430149747955,265,0.2227245576635726,0.10958387240810356,15087.870013100373
648,86.88887744806004,86.88887744806004,-0.0030055938830372626,0.0,5.426430149747955,265,0.22290262082138648,0.11286992667946262,15077.609559562221
649,87.2576508912186,87.2576508912186,0.004235214998549465,0.0,5.426430149747955,265,0.22282779676661377,0.09947844829381806,15088.341266403342
650,87.94530357497567,87.94530357497567,0.007849824415694432,0.0,5.426430149747955,265,0.2227721125886578,0.1315929614215751,15107.80725751344
651,88.29796927777815,88.29796927777815,0.0040020384074155955,0.0,5.426430149747955,265,0.22279566937137585,0.16129027187783337,15117.03356216296
652,87.89112449975417,87.89112449975417,-0.0046182824647964475,0.0,5.426430149747955,265,0.2227962987930255,0.15115649407224813,15105.375117317482
653,88.45298518738599,88.45298518738599,0.00637234314098417,0.0,5.426430149747955,265,0.22281040374807626,0.09442983251169283,15121.47437413306
654,87.76068248702694,87.76068248702694,-0.007857577354552834,0.0,5.426430149747955,265,0.2228613027272134,0.06033681492571388,15099.784458099484
655,88.5897089680582,88.5897089680582,0.009402106582429593,0.0,5.426430149747955,265,0.22293479055150187,-0.003146178260627591,15120.313562451613
656,87.91880819359054,87.91880819359054,-0.007601944837281103,0.0,5.426430149747955,265,0.22293116631760657,-0.07362345258476047,15102.06356014056
657,87.22396954776612,87.22396954776612,-0.007934581148338563,0.0,5.426430149747955,265,0.22301233309159424,-0.06617126913725391,15082.01233072481
658,86.87791725795813,86.87791725795813,-0.0039752900083620925,0.0,5.426430149747955,265,0.22314191301584302,-0.0010960055512933937,15070.839672895918
659,86.30931866793635,86.30931866793635,-0.006566311079174999,0.0,5.426430149747955,265,0.2232387379175028,0.05085015442941492,15056.85622955841
660,87.39920668538419,87.39920668538419,0.012548633604320377,0.0,5.426430149747955,265,0.2231001845775804,-0.020193125466607037,15083.956455017731
661,87.34155198150616,87.34155198150616,-0.0006598884703264375,0.0,5.426430149747955,265,0.22311651747965075,-0.020527577422813283,15082.098786996796
662,86.66801126388432,86.66801126388432,-0.007741460513352005,0.0,5.426430149747955,265,0.2233552048307466,-0.016993685944771592,15063.078151778276
663,86.61255124873664,86.61255124873664,-0.0006401181556342024,0.0,5.426430149747955,265,0.22335980879221956,-0.048246098663242476,15061.936615773619
664,87.48365937061382,87.48365937061382,0.010007287218764519,0.0,5.426430149747955,265,0.22337940136278567,-0.07324193720215073,15079.069581759033
665,87.571688653215,87.571688653215,0.0010057309418423858,0.0,5.426430149747955,265,0.2233909199664976,-0.079113108397266,15080.348368808018
666,87.8622517936902,87.8622517936902,0.0033125107424952947,0.0,5.426430149747955,265,0.22316862875148516,-0.0769061668760807,15091.64488796249
667,87.76855779225009,87.76855779225009,-0.001066942759635203,0.0,5.426430149747955,265,0.2232802755693513,-0.07960459605167097,15086.927200191254
668,87.33848591951889,87.33848591951889,-0.0049121123671111025,0.0,5.426430149747955,265,0.2234181072163972,-0.07572179318912074,15074.069818562737
669,86.98197703192496,86.98197703192496,-0.00409027578978473,0.0,5.426430149747955,265,0.2235881446028656,-0.06538997761068477,15062.71699494037
670,87.26901004873545,87.26901004873545,0.0032944809235369637,0.0,5.426430149747955,265,0.2234908133998671,-0.08499615627334843,15070.803267923411
671,87.33425887410048,87.33425887410048,0.0007473952670519894,0.0,5.426430149747955,265,0.22348348343190624,-0.08384564411250393,15072.276114099383
672,87.38442632176772,87.38442632176772,0.0005742654140245763,0.0,5.426430149747955,265,0.22346932214088308,-0.08369448853646194,15073.64626092885
673,86.58094792530783,86.58094792530783,-0.009237287743745734,0.0,5.426430149747955,265,0.2238158601582262,-0.08908771762702666,15050.19085554109
674,85.84270503785488,85.84270503785488,-0.008563180119663352,0.0,5.426430149747955,265,0.224185548986319,-0.037463296052753614,15028.057560648549
675,85.78974691221322,85.78974691221322,-0.0006171108869053289,0.0,5.426430149747955,265,0.22422466850032383,-0.03275697253548415,15026.05367788159
676,85.53081329600225,85.53081329600225,-0.003022799050614677,0.0,5.426430149747955,265,0.22451097714015314,-0.01294072782275134,15014.964606659436
677,85.46901955083337,85.46901955083337,-0.0007227345995600294,0.0,5.426430149747955,265,0.22457266481983754,0.003306865673805641,15011.657256137822
678,86.24035261866737,86.24035261866737,0.008984230113357427,0.0,5.426430149747955,265,0.22394142185187563,0.013117414809073483,15041.335986416349
679,86.08599891604307,86.08599891604307,-0.0017914119637354156,0.0,5.426430149747955,265,0.22405980718132312,0.009977534636841333,15033.577764609427
680,86.50418608151148,86.50418608151148,0.004846022777762126,0.0,5.426430149747955,265,0.22374268485213938,0.01015258779229622,15047.875079977262
681,86.80339924592657,86.80339924592657,0.003452975946136516,0.0,5.426430149747955,265,0.22370851047467574,0.0169953352732754,15054.073780979095
682,87.5562532064427,87.5562532064427,0.008635697864872399,0.0,5.426430149747955,265,0.22307968416625154,0.04153321677176549,15083.864298512148
683,87.45139811678699,87.45139811678699,-0.0011982916336481981,0.0,5.426430149747955,265,0.22317657968049712,0.024926006474989694,15076.944512235916
684,86.97183882470785,86.97183882470785,-0.005498814365052731,0.0,5.426430149747955,265,0.2237592309319534,0.021962487157779563,15047.655917957605
685,86.97275353705636,86.97275353705636,1.0517284108768002e-05,0.0,5.426430149747955,265,0.22376254623200806,0.02691911356287387,15047.538346564572
686,86.54080487689164,86.54080487689164,-0.004978856481431023,0.0,5.426430149747955,265,0.22399181323719905,0.008995644560660397,15029.690727598743
687,85.96620895287353,85.96620895287353,-0.006661735499862384,0.0,5.426430149747955,265,0.22431822363886894,0.03262678395349867,15006.913725674684
688,86.06056981064148,86.06056981064148,0.0010970485863878944,0.0,5.426430149747955,265,0.22430068051457305,0.02758850764559912,15009.20498430121
689,86.66312602377353,86.66312602377353,0.006977139466738594,0.0,5.426430149747955,265,0.22414519791430496,0.032190490563391135,15025.798932680775
690,86.40520119389042,86.40520119389042,-0.0029806149395602984,0.0,5.426430149747955,265,0.22421662214946925,0.02699716410002348,15018.447907172727
691,86.2054892208617,86.2054892208617,-0.002314017302925174,0.0,5.426430149747955,265,0.22432773203794157,0.028756816358562004,15011.31481513598
692,86.14092069096672,86.14092069096672,-0.0007492878203718439,0.0,5.426430149747955,265,0.22441154840045985,0.026832345484085356,15007.667076766238
693,86.97073517795316,86.97073517795316,0.009587116923968212,0.0,5.426430149747955,265,0.22424201207548258,0.03554976286740125,15029.490077451577
694,86.72620170596348,86.72620170596348,-0.0028156355308003324,0.0,5.426430149747955,265,0.22431049729043326,0.016518600673341346,15022.068516686933
695,87.31263865490736,87.31263865490736,0.0067391757749999314,0.0,5.426430149747955,265,0.2240606520033174,0.01230741417156968,15041.761213260772
696,87.51000552192467,87.51000552192467,0.002257910601881977,0.0,5.426430149747955,265,0.22402655430109916,0.020253907368401592,15046.85487594923
697,87.10443869487084,87.10443869487084,-0.004645292182721986,0.0,5.426430149747955,265,0.22410688881777036,0.011852786194721692,15035.651290697298
698,86.5497966585542,86.5497966585542,-0.0063879112561753704,0.0,5.426430149747955,265,0.22431367722577442,0.020756217768227985,15017.732447803199
699,86.49662106011178,86.49662106011178,-0.0006145819233614481,0.0,5.426430149747955,265,0.22434027106085985,0.024659976667529532,15015.848540450506
700,86.66187962118343,86.66187962118343,0.0019087553957323003,0.0,5.426430149747955,265,0.22429826000250472,0.026641662595917815,15020.699808464682
701,86.49130615239275,86.49130615239275,-0.0019702037037888525,0.0,5.426430149747955,265,0.22434990769289812,0.02413842397110119,15015.425916429649
702,86.04936390185829,86.04936390185829,-0.005122771539929271,0.0,5.426430149747955,265,0.22455129034341825,0.027418196518250112,15000.396140719015
703,86.33003234416276,86.33003234416276,0.003256406466646237,0.0,5.426430149747955,265,0.22445435732376323,0.01992067574694351,15009.08975384034
704,86.22884030524044,86.22884030524044,-0.0011728408857598809,0.0,5.426430149747955,265,0.22456146644807667,-0.004272000084385496,15004.411814418523
705,86.84288474317985,86.84288474317985,0.0070958674995805285,0.0,5.426430149747955,265,0.2240346480805555,-0.02545908014260673,15030.07086386758
706,86.86582486786796,86.86582486786796,0.0002641217573123926,0.0,5.426430149747955,265,0.22407031202824731,-0.028353949198491647,15029.593707162343
707,86.95232747916168,86.95232747916168,0.0009953231842241969,0.0,5.426430149747955,265,0.22400694970910567,-0.03276758412536367,15033.062035333065
708,87.11423564096846,87.11423564096846,0.0018603022383837035,0.0,5.426430149747955,265,0.22396675221588144,-0.024269686188734842,15037.764214616902
709,86.338994312549,86.338994312549,-0.008938968628821398,0.0,5.426430149747955,265,0.22436322833574568,-0.05261584225472887,15009.882604764322
710,86.28410585886654,86.28410585886654,-0.000635934072296896,0.0,5.426430149747955,265,0.22442503239830516,-0.07293099126851817,15007.268213746536
711,85.99336937318367,85.99336937318367,-0.003375215027953028,0.0,5.426430149747955,265,0.22482355923494787,-0.06186524383736547,14991.760464622575
712,85.71937083502529,85.71937083502529,-0.003191362159588408,0.0,5.426430149747955,265,0.22499886193083135,-0.04054716063788005,14982.103086239693
713,85.86529631857778,85.86529631857778,0.0017009156022483303,0.0,5.426430149747955,265,0.22487885129019133,-0.014431231012498788,14988.045696006713
714,86.06710045971586,86.06710045971586,0.0023474835178556213,0.0,5.426430149747955,265,0.22478890335224666,0.03489336698630325,14994.607596009482
715,86.20637207526738,86.20637207526738,0.001616866994589012,0.0,5.426430149747955,265,0.22475890955656389,0.08724064033110623,14998.26238341626
716,85.75772411320257,85.75772411320257,-0.0052179378131677655,0.0,5.426430149747955,265,0.22518613259697107,0.045670133376666214,14979.033235885068
717,85.98273448136221,85.98273448136221,0.002620355142280672,0.0,5.426430149747955,265,0.2250556992744341,0.016907952756984226,14986.68306111115
718,85.90431702999803,85.90431702999803,-0.0009124300651513245,0.0,5.426430149747955,265,0.2251690589813272,-0.0013652321652886806,14982.263814933936
719,86.3439462075824,86.3439462075824,0.0051046103332539556,0.0,5.426430149747955,265,0.22478224436480873,0.05477086166385176,15001.743511742437
720,86.24573042342485,86.24573042342485,-0.001138142172543343,0.0,5.426430149747955,265,0.22483494929552475,0.0616035161214221,14998.243273367598
721,86.30435410107914,86.30435410107914,0.0006794975507716375,0.0,5.426430149747955,265,0.2248547499394343,0.05810922713768332,14998.778994854309
722,86.06322008353212,86.06322008353212,-0.0027979064623156846,0.0,5.426430149747955,265,0.22509795806861174,0.055306680162630475,14987.107947369026
723,86.05514169011488,86.05514169011488,-9.387021047521269e-05,0.0,5.426430149747955,265,0.2252605782219458,0.05979247807053477,14979.879593917229
724,85.99899415585814,85.99899415585814,-0.0006526729040696809,0.0,5.426430149747955,265,0.22531467616440007,0.053274690182480176,14974.569363172728
725,86.38961014423737,86.38961014423737,0.0045318152958313635,0.0,5.426430149747955,265,0.2249845188704855,0.046715632720435496,14989.934972627649
726,86.4176396788381,86.4176396788381,0.00032440230227893084,0.0,5.426430149747955,265,0.22502722150092513,0.05222572134592577,14987.485103667832
727,86.00067827534542,86.00067827534542,-0.004836634776078893,0.0,5.426430149747955,265,0.225655513555851,0.04585304568932154,14959.867114442173
728,86.11224180133998,86.11224180133998,0.0012963993821010287,0.0,5.426430149747955,265,0.2256543724790111,0.023497227320872477,14962.063071079228
729,85.47504098380756,85.47504098380756,-0.007427167518900013,0.0,5.426430149747955,265,0.2258476766944348,0.025034970116016863,14943.855186273895
730,85.58430356509203,85.58430356509203,0.0012774817585318047,0.0,5.426430149747955,265,0.22580151094582657,0.011842066502219707,14946.974482725562
731,86.15971333857192,86.15971333857192,0.006700808993339832,0.0,5.426430149747955,265,0.22562956812801843,0.02031352151130038,14962.696299928584
732,85.62085729903941,85.62085729903941,-0.006273792257181428,0.0,5.426430149747955,265,0.22579699543862414,-0.008280514260113263,14948.38424474474
733,85.49780345211711,85.49780345211711,-0.001438228508726674,0.0,5.426430149747955,265,0.22587304212654852,-0.07000855589026914,14944.245806767856
734,84.84811679864616,84.84811679864616,-0.007627888037026175,0.0,5.426430149747955,265,0.22620995334298902,-0.06592569083144204,14924.735480022298
735,84.61022872194269,84.61022872194269,-0.0028076307748801854,0.0,5.426430149747955,265,0.22639634294783997,-0.04913321905449885,14916.625022983404
736,84.64814703845447,84.64814703845447,0.00044805247569903236,0.0,5.426430149747955,265,0.22638185406667868,-0.05245158567614056,14917.519667423028
737,84.07972295365224,84.07972295365224,-0.0067377871273976144,0.0,5.426430149747955,265,0.22668181880093743,-0.05045812345129901,14901.70922104395
738,84.71696223611686,84.71696223611686,0.007550412605502801,0.0,5.426430149747955,265,0.22634205385982237,-0.08407934617811295,14919.617941950262
739,85.40986442223993,85.40986442223993,0.008145758444988624,0.0,5.426430149747955,265,0.2260256206892392,-0.01703493312148479,14937.71907176825
740,85.93155109376518,85.93155109376518,0.0060894592475589275,0.0,5.426430149747955,265,0.22583974710243723,0.011119828598428045,14950.892807783317
741,86.43269112352125,86.43269112352125,0.005814911902890107,0.0,5.426430149747955,265,0.2256932819592975,0.01583111230261211,14963.783324981085
742,86.781079355966,86.781079355966,0.004022644403757335,0.0,5.426430149747955,265,0.2255810113360264,0.0450453658144179,14973.328918616273
743,86.5084055711863,86.5084055711863,-0.003147034685193172,0.0,5.426430149747955,265,0.2257229564990201,0.029568855267564934,14964.775504404968
744,86.24667407354967,86.24667407354967,-0.0030300897482254435,0.0,5.426430149747955,265,0.2258083201266732,0.03806254947842384,14957.98969933104
745,86.2974916931557,86.2974916931557,0.0005890389958949337,0.0,5.426430149747955,265,0.22581051269421698,0.03681843785370525,14958.936237324104
746,86.39949053541307,86.39949053541307,0.0011812465139968708,0.0,5.426430149747955,265,0.2257739562992319,0.009515027602009273,14961.71082219744
747,86.97981136248504,86.97981136248504,0.006694259209522172,0.0,5.426430149747955,265,0.22546768219585464,0.022116376843437494,14980.100821984384
748,87.20097508706586,87.20097508706586,0.0025394746222560777,0.0,5.426430149747955,265,0.22541019113162705,0.030177967153630445,14985.87406565372
749,86.4670475281416,86.4670475281416,-0.008452125118783856,0.0,5.426430149747955,265,0.22565506354095097,0.029967078275040793,14965.678920179764
750,86.07604570732155,86.07604570732155,-0.0045322299813779785,0.0,5.426430149747955,265,0.22590732671534175,0.05619835742739255,14952.705823673736
751,86.17770227264171,86.17770227264171,0.0011803119329951409,0.0,5.426430149747955,265,0.2258886735373483,0.0501819276346588,14955.019799998308
752,86.55346750985046,86.55346750985046,0.004350874604216886,0.0,5.426430149747955,265,0.22572839169630826,0.06036410953748767,14966.861440067492
753,86.12165121895404,86.12165121895404,-0.005001498701511206,0.0,5.426430149747955,265,0.2259305282115002,0.067717918360347,14952.381260245722
754,86.53971258752408,86.53971258752408,0.004842567860358505,0.0,5.426430149747955,265,0.22578462835900417,0.061987973156282385,14964.75531221055
755,86.85515477030705,86.85515477030705,0.003638429851810356,0.0,5.426430149747955,265,0.22570609359949195,0.06553309051146308,14973.379386833203
756,86.54678078762629,86.54678078762629,-0.0035567573888894725,0.0,5.426430149747955,265,0.22589771769948347,0.06336037274666796,14962.525187048375
757,86.18744438535589,86.18744438535589,-0.004160575824100587,0.0,5.426430149747955,265,0.22621648762170432,0.050675679597771084,14947.973032231803
758,85.82355754422228,85.82355754422228,-0.004230978017509888,0.0,5.426430149747955,265,0.22666198813447416,0.06382814945259598,14930.823800839482
759,86.00224899574283,86.00224899574283,0.0020799147641181823,0.0,5.426430149747955,265,0.22663499726189748,0.056204066882575295,14934.780792351163
760,86.19586559918271,86.19586559918271,0.002248766608017816,0.0,5.426430149747955,265,0.22648574742229674,0.06422005109553452,14942.027553149563
761,86.68629846123086,86.68629846123086,0.005673623769106622,0.0,5.426430149747955,265,0.22620757386514154,0.06535455772672494,14958.367844654957
762,87.95277680737748,87.95277680737748,0.014504205851426364,0.0,5.426430149747955,265,0.22581300408454286,0.13143951404259052,14993.189100879918
763,88.68218198599591,88.68218198599591,0.008258946356586548,0.0,5.426430149747955,265,0.22504710943472678,0.2120919788562144,15026.123935427593
764,88.41387082687456,88.41387082687456,-0.003030122469184491,0.0,5.426430149747955,265,0.22509183277171538,0.19848163765965526,15014.34030215891
765,87.52468883803098,87.52468883803098,-0.010107955427444908,0.0,5.426430149747955,265,0.22630025158291062,0.2147726722023697,14963.05760948194
766,87.60456717616992,87.60456717616992,0.0009122215841730945,0.0,5.426430149747955,265,0.2263391227487232,0.2089905155918678,14962.134720701923
767,87.28143811509455,87.28143811509455,-0.003695314879433147,0.0,5.426430149747955,265,0.22688483074077148,0.20378834884551625,14939.138546354665
768,86.9315042705314,86.9315042705314,-0.004017317087906271,0.0,5.426430149747955,265,0.22693070054508016,0.22418531360593785,14928.34757370231
769,86.66910091750482,86.66910091750482,-0.00302307186756117,0.0,5.426430149747955,265,0.22709812026885337,0.23976903324372026,14917.73836977113
770,86.63028835819264,86.63028835819264,-0.00044792494795653905,0.0,5.426430149747955,265,0.22713073681209983,0.23920014293967498,14915.939210270364
771,86.45337167896056,86.45337167896056,-0.002044291654188761,0.0,5.426430149747955,265,0.22725611398025658,0.23300467110845552,14908.639170317276
772,85.74507064398543,85.74507064398543,-0.008226613668121241,0.0,5.426430149747955,265,0.22749994033538348,0.2397540746808662,14885.581588156154
773,85.6155185921748,85.6155185921748,-0.0015120405114227493,0.0,5.426430149747955,265,0.22757750961991816,0.24568263322726855,14880.325769792345
774,85.38580183955516,85.38580183955516,-0.0026867265144367137,0.0,5.426430149747955,265,0.2277063599035902,0.24521211028583684,14872.785046003566
775,85.50126058650902,85.50126058650902,0.0013512873693709074,0.0,5.426430149747955,265,0.22768609185890523,0.24894213289048023,14875.189472114584
776,85.63181726993258,85.63181726993258,0.0015257916282148682,0.0,5.426430149747955,265,0.2276605764111763,0.26469139092649696,14878.591134555028
777,86.19333530208033,86.19333530208033,0.0065359468352542225,0.0,5.426430149747955,265,0.2275387528557837,0.2668812035225483,14894.163081516112
778,86.48618235809501,86.48618235809501,0.0033918016535280267,0.0,5.426430149747955,265,0.2274295948573714,0.2835613427667629,14903.616100816982
779,87.00864299122772,87.00864299122772,0.006022798794094333,0.0,5.426430149747955,265,0.2272875897852116,0.29919492645081547,14919.599138317992
780,88.04680318678272,88.04680318678272,0.011861069042065638,0.0,5.426430149747955,265,0.227165789161821,0.31787973384683516,14949.684026250388
781,88.00678220750386,88.00678220750386,-0.00045464544080258686,0.0,5.426430149747955,265,0.22719121395391717,0.3127028733675154,14947.682218720434
782,87.8020945024882,87.8020945024882,-0.0023285263102911036,0.0,5.426430149747955,265,0.2272690701045776,0.3136963227285503,14940.511063971733
783,87.96595990605411,87.96595990605411,0.0018645646570063493,0.0,5.426430149747955,265,0.2272470476454255,0.31043367781797887,14945.01758418861
784,87.94714535817066,87.94714535817066,-0.0002139072916361425,0.0,5.426430149747955,265,0.22725529204285053,0.3127025932838477,14944.292884798244
785,87.94344281947008,87.94344281947008,-4.210047552270129e-05,0.0,5.426430149747955,265,0.22727930065014162,0.31624928887944026,14943.466113420915
786,87.21612354121822,87.21612354121822,-0.008304695809694016,0.0,5.426430149747955,265,0.2275158423875545,0.3045854941278713,14919.438716253033
787,87.27114192375684,87.27114192375684,0.0006306292234608212,0.0,5.426430149747955,265,0.2274995296552343,0.31011156688078995,14920.688358380512
788,87.21745391441506,87.21745391441506,-0.0006153755869044764,0.0,5.426430149747955,265,0.2275772379928041,0.31508900383562743,14917.75618251475
789,86.64249963932875,86.64249963932875,-0.006614017308657936,0.0,5.426430149747955,265,0.22791187228118218,0.32588975204226606,14899.00496603134
790,85.65213815286268,85.65213815286268,-0.011496264847853781,0.0,5.426430149747955,265,0.22860210698681077,0.3420423602811347,14866.352676080025
791,85.33295679172763,85.33295679172763,-0.0037334450933730026,0.0,5.426430149747955,265,0.22881613741212584,0.3981963409963655,14856.151135753098
792,85.14605753417811,85.14605753417811,-0.0021926374124992863,0.0,5.426430149747955,265,0.22896436172535528,0.40551448637626,14849.783886069286
793,85.40578399422814,85.40578399422814,0.003045720978442878,0.0,5.426430149747955,265,0.22878819152439397,0.39334951548952196,14856.921880732985
794,85.36978035186934,85.36978035186934,-0.00042164864780369594,0.0,5.426430149747955,265,0.22883233133645453,0.3929356732905574,14855.37478932309
795,85.47205583131904,85.47205583131904,0.001197312016222718,0.0,5.426430149747955,265,0.22876787190380032,0.3949209618584991,14858.148445462824
796,86.24866688335868,86.24866688335868,0.009045109228052576,0.0,5.426430149747955,265,0.22833373523588918,0.38284397556361593,14880.029203706741
797,86.34177122360586,86.34177122360586,0.0010789050691311578,0.0,5.426430149747955,265,0.22829450176727864,0.4295153026956343,14882.512101408034
798,85.61808741033744,85.61808741033744,-0.008416942087014009,0.0,5.426430149747955,265,0.2288937246500284,0.3849015376434096,14855.482045141833
799,85.62392491120744,85.62392491120744,6.817837273840742e-05,0.0,5.426430149747955,265,0.22890048205909275,0.37045440856720324,14855.33525607613
800,85.7340846911939,85.7340846911939,0.0012857268290806612,0.0,5.232733255459335,224,0.2916775170010538,0.35600358467219195,13930.823096483
801,85.43757786596176,85.43757786596176,-0.0034644416881575595,0.0,5.232733255459335,224,0.2919266142899234,0.3422215148878098,13922.220316024901
802,85.9863632501046,85.9863632501046,0.006402690958236431,0.0,5.232733255459335,224,0.29164412437046733,0.33087877531815263,13934.401807165377
803,86.41966935327913,86.41966935327913,0.005026587631281133,0.0,5.232733255459335,224,0.2913616676078953,0.34281613715260956,13946.01398739125
804,86.9325696350347,86.9325696350347,0.005917452020247312,0.0,5.232733255459335,224,0.29113548076304246,0.3569773215975243,13958.004134765808
805,87.27172442472855,87.27172442472855,0.003893764158103796,0.0,5.232733255459335,224,0.29096858636175,0.3670768876681387,13966.843415309017
806,88.61518518942161,88.61518518942161,0.015276712694333424,0.0,5.232733255459335,224,0.2905197185885957,0.3504312332517692,13998.29821088678
807,88.9285324321889,88.9285324321889,0.0035298074447436822,0.0,5.232733255459335,224,0.2904029451446011,0.37396967680462107,14006.461346002352
808,88.91720959407269,88.91720959407269,-0.0001273332496185931,0.0,5.232733255459335,224,0.29041184096082506,0.38474109340179347,14006.051661346557
809,89.91408563089152,89.91408563089152,0.011148902784093629,0.0,5.232733255459335,224,0.2901168825485816,0.3496050106128037,14031.248232913898
810,89.53912739911327,89.53912739911327,-0.004178902914159972,0.0,5.232733255459335,224,0.2903135267213074,0.32430591735589687,14018.695614105909
811,90.06042322979434,90.06042322979434,0.005805106892476951,0.0,5.232733255459335,224,0.2900477058584653,0.3056836934659919,14031.481796357924
812,90.43465764982989,90.43465764982989,0.004146760725863708,0.0,5.232733255459335,224,0.2901048141586628,0.3262396469914094,14037.042976301482
813,90.7002041848348,90.7002041848348,0.002932033320954451,0.0,5.232733255459335,224,0.2900163488361671,0.3481213112577868,14041.240190739662
814,90.24720210499117,90.24720210499117,-0.005007013203840464,0.0,5.232733255459335,224,0.29006762289392146,0.33186528774030033,14030.852421997335
815,89.2461976633607,89.2461976633607,-0.011153778585123496,0.0,5.232733255459335,224,0.29073984039021666,0.35090340507500745,13997.06802377266
816,89.63186351761709,89.63186351761709,0.004312059838917395,0.0,5.232733255459335,224,0.29049016916970966,0.3188556092905305,14009.500715773316
817,89.54488422668923,89.54488422668923,-0.0009708770680917292,0.0,5.232733255459335,224,0.29056748203832694,0.3073159378988318,14006.189159352389
818,89.69519712573153,89.69519712573153,0.0016772245710335177,0.0,5.232733255459335,224,0.29048943391351556,0.3135605039567036,14010.738338107756
819,90.34854512726814,90.34854512726814,0.007257690394935833,0.0,5.232733255459335,224,0.29009494670021263,0.30938327208788785,14032.733900077097
820,91.4473432634509,91.4473432634509,0.012088408890403097,0.0,5.232733255459335,224,0.2897016536430902,0.32288748220631,14067.827204751273
821,93.08303755709426,93.08303755709426,0.017728648565985383,0.0,5.232733255459335,224,0.2891772451772425,0.34130009766924946,14122.549495795152
822,92.92697242798619,92.92697242798619,-0.0016780297548616594,0.0,5.232733255459335,224,0.2892078560737994,0.3011337745367778,14117.548910844933
823,93.27123942518597,93.27123942518597,0.0036978592444065397,0.0,5.232733255459335,224,0.28913831651369265,0.31770672669701305,14128.863021726684
824,92.87885394753096,92.87885394753096,-0.004215802975984629,0.0,5.232733255459335,224,0.289217367083402,0.28988896333497444,14116.02411569648
825,92.96142235221377,92.96142235221377,0.000888595430009606,0.0,5.232733255459335,224,0.2892040653077285,0.3065480623519424,14118.549872253257
826,92.61876162169423,92.61876162169423,-0.0036928632421209064,0.0,5.232733255459335,224,0.2892701632334482,0.30353819079315963,14107.869037958604
827,92.6000561028758,92.6000561028758,-0.0002019829206538405,0.0,5.232733255459335,224,0.2892810618204651,0.2976159856693098,14107.139135168745
828,92.24921006848605,92.24921006848605,-0.0037960275738060526,0.0,5.232733255459335,224,0.2893535565662083,0.2908375433894151,14096.203924507585
829,91.83202711222232,91.83202711222232,-0.004532603940384227,0.0,5.232733255459335,224,0.2894732868319978,0.29896403187590537,14082.66231215674
830,91.6503420616241,91.6503420616241,-0.0019804094616538335,0.0,5.232733255459335,224,0.2895173551632363,0.30386995404287176,14076.985437515827
831,91.18620792695145,91.18620792695145,-0.005077049765795066,0.0,5.232733255459335,224,0.2896728276602697,0.29549315792153436,14061.97665226049
832,90.98131944797613,90.98131944797613,-0.0022494521205072325,0.0,5.232733255459335,224,0.2897394197561819,0.3042200638617801,14055.535688813332
833,91.1468352517453,91.1468352517453,0.0018175756473050898,0.0,5.232733255459335,224,0.289685477869134,0.29898344843677765,14060.738915697224
834,92.07795583393242,92.07795583393242,0.010163783975374962,0.0,5.232733255459335,224,0.28943589077811965,0.2929537723979397,14089.948212853691
835,92.3191064776305,92.3191064776305,0.0026155599026806632,0.0,5.232733255459335,224,0.28940090194629386,0.2985379765020962,14097.116037789774
836,92.07678723165226,92.07678723165226,-0.002628251427869991,0.0,5.232733255459335,224,0.28943709899647513,0.29308282257913554,14089.905997942273
837,92.37725341374403,92.37725341374403,0.0032579004157416167,0.0,5.232733255459335,224,0.28940297359042966,0.286882898309636,14098.668900560873
838,92.89099126208994,92.89099126208994,0.005545895531047065,0.0,5.232733255459335,224,0.2893851294318402,0.2842412081318643,14112.881384879258
839,92.7312094683597,92.7312094683597,-0.0017215810669787078,0.0,5.232733255459335,224,0.28944571664155344,0.2542152903951926,14104.575521630773
840,93.00167237634581,93.00167237634581,0.00291238790323081,0.0,5.232733255459335,224,0.2893757002088565,0.27426315593453443,14108.256014439896
841,92.85873939763673,92.85873939763673,-0.0015380683333511285,0.0,5.232733255459335,224,0.28935664701983416,0.26893070992370455,14101.04154415128
842,93.21093362725065,93.21093362725065,0.0037856212083799573,0.0,5.232733255459335,224,0.28926063523726575,0.26716433443790727,14107.407065276704
843,92.99954312032845,92.99954312032845,-0.00227044795140527,0.0,5.232733255459335,224,0.2892478817116587,0.261729037579751,14100.901556038685
844,92.83581553920541,92.83581553920541,-0.0017620718109529526,0.0,5.232733255459335,224,0.2893106275419319,0.2647948495557232,14095.97058035253
845,92.79239694871008,92.79239694871008,-0.000467801641843326,0.0,5.232733255459335,224,0.28933040682974237,0.26212735355456634,14094.600600651489
846,92.82833327751362,92.82833327751362,0.0003872016795615686,0.0,5.232733255459335,224,0.2893200676152303,0.27243301116204766,14095.610073832771
847,92.53519000296131,92.53519000296131,-0.0031629040465696867,0.0,5.232733255459335,224,0.2894306670555398,0.27110646890343254,14086.867304829755
848,92.907172078031,92.907172078031,0.004011840334775166,0.0,5.232733255459335,224,0.28927886768471417,0.256841955838724,14098.198262392374
849,93.41678597884847,93.41678597884847,0.0054702055162686196,0.0,5.232733255459335,224,0.28908132513679413,0.21560223165782444,14113.7216272814
850,93.30851991763711,93.30851991763711,-0.0011596293584742988,0.0,5.232733255459335,224,0.2891223393667035,0.19045969446305766,14110.423731422228
851,94.15774945960034,94.15774945960034,0.00906014030087851,0.0,5.232733255459335,224,0.2888417884706932,0.16390768016188315,14136.292138923061
852,93.72604386487458,93.72604386487458,-0.004595461341568279,0.0,5.232733255459335,224,0.28897349586572735,0.1383555676270881,14123.056233094983
853,93.65347827975282,93.65347827975282,-0.0007745306201967519,0.0,5.232733255459335,224,0.288995849902738,0.1481673773020918,14120.896855150235
854,93.76165194175496,93.76165194175496,0.001154375037776496,0.0,5.232733255459335,224,0.2889626130945261,0.14857329354877546,14124.115844145337
855,92.72870553981068,92.72870553981068,-0.011077859245717518,0.0,5.232733255459335,224,0.2893204723625106,0.13968782943482194,14093.377834182029
856,92.55947111487468,92.55947111487468,-0.0018267163620607086,0.0,5.232733255459335,224,0.2893839684263014,0.16526807674182661,14088.341823184724
857,92.26277643463578,92.26277643463578,-0.0032105976313112107,0.0,5.232733255459335,224,0.2894985071715054,0.1704916475433752,14079.512900386719
858,93.0246499192431,93.0246499192431,0.008223739660916144,0.0,5.232733255459335,224,0.2892116462163546,0.1508295896271044,14102.184429825767
859,93.45392417066002,93.45392417066002,0.004604014287292883,0.0,5.232733255459335,224,0.2890621046138063,0.16199962961006661,14114.958602998944
860,92.36926086059995,92.36926086059995,-0.011674276585009611,0.0,5.232733255459335,224,0.2894570595553031,0.12785589433575145,14082.681621764772
861,91.88413784873741,91.88413784873741,-0.005265836464994274,0.0,5.232733255459335,224,0.2896489528441235,0.17998293845689278,14068.245523295389
862,92.23526471962771,92.23526471962771,0.0038141259602410917,0.0,5.232733255459335,224,0.2895092728475564,0.16335910831484982,14078.694217666653
863,92.04040922996398,92.04040922996398,-0.002114826749635528,0.0,5.232733255459335,224,0.2895862698432322,0.14976819156473312,14072.895785171593
864,91.13556131987784,91.13556131987784,-0.009879628504983867,0.0,5.232733255459335,224,0.28996228033451793,0.1521224634875925,14045.969679399643
865,91.50587567025053,91.50587567025053,0.004055102324257303,0.0,5.232733255459335,224,0.28980430559955067,0.11396730709581228,14056.989347186747
866,91.72378303277196,91.72378303277196,0.002378517395003535,0.0,5.232733255459335,224,0.2897732178438588,0.10638010789355806,14060.271754738578
867,91.79951445597047,91.79951445597047,0.0008253058716071901,0.0,5.232733255459335,224,0.2897904239868418,0.10816888831788277,14058.679729968715
868,91.94827984411997,91.94827984411997,0.0016192348998845822,0.0,5.232733255459335,224,0.28978298995609786,0.1121680407454789,14059.29521578892
869,91.88152709415218,91.88152709415218,-0.000726245150484895,0.0,5.232733255459335,224,0.289798797416154,0.14630979819519568,14055.055917274467
870,91.80526644136587,91.80526644136587,-0.0008303335879513912,0.0,5.232733255459335,224,0.28989478536700614,0.16285847140581441,14050.136709126693
871,91.51905756545608,91.51905756545608,-0.003122434625033482,0.0,5.232733255459335,224,0.2899028989619156,0.15466378396051061,14043.259467114469
872,91.42307635289322,91.42307635289322,-0.0010493068962706545,0.0,5.232733255459335,224,0.2899214105073574,0.15214665518774487,14040.689440286327
873,92.3192766153202,92.3192766153202,0.009755044004523226,0.0,5.232733255459335,224,0.28979102223272507,0.14631964567872044,14064.686414864213
874,93.25960698431905,93.25960698431905,0.010134110071371067,0.0,5.232733255459335,224,0.28970806863195636,0.15630456763721018,14089.865032753221
875,92.77042886944938,92.77042886944938,-0.0052591425908382365,0.0,5.232733255459335,224,0.28974692006616987,0.15847599467220067,14076.76662687372
876,93.01470433213046,93.01470433213046,0.0026296571661817204,0.0,5.232733255459335,224,0.28972644742687487,0.1559985553563537,14083.307432889647
877,93.09148685568162,93.09148685568162,0.0008251474861493313,0.0,5.232733255459335,224,0.2897205123607886,0.15741825044493177,14085.363388843836
878,92.5815528395915,92.5815528395915,-0.005492830828170687,0.0,5.232733255459335,224,0.2897639579085576,0.14930594348325343,14071.709215626597
879,91.9456790478502,91.9456790478502,-0.006891950875564136,0.0,5.232733255459335,224,0.28983893712549463,0.12780833439450354,14054.682834520843
880,91.28808298072805,91.28808298072805,-0.007177704404340287,0.0,5.232733255459335,224,0.2899491696844333,0.03949539914446353,14037.07481010171
881,91.00231259993913,91.00231259993913,-0.0031353337511801126,0.0,5.232733255459335,224,0.29001458424916193,0.08142156230959884,14029.42292151117
882,91.36879322311859,91.36879322311859,0.004019069959975007,0.0,5.232733255459335,224,0.2899321336938648,0.07574901076493835,14039.235936041994
883,91.51001564344479,91.51001564344479,0.0015444375351391882,0.0,5.232733255459335,224,0.28990462449288057,0.09333544857431868,14043.017357418972
884,91.41815596194463,91.41815596194463,-0.0010043252323064988,0.0,5.232733255459335,224,0.2899223803775857,0.09672727887669705,14040.557690161431
885,91.9362047779775,91.9362047779775,0.005650808548580838,0.0,5.232733255459335,224,0.2898402115655516,0.09400857362314786,14054.429148126394
886,91.8900904117723,91.8900904117723,-0.0005017167660906326,0.0,5.232733255459335,224,0.2898465132658668,0.09333827484223196,14053.194373578901
887,92.45573663818772,92.45573663818772,0.0061368137340061515,0.0,5.232733255459335,224,0.2897761248750662,0.0887490252391405,14068.34031660575
888,92.59222283801077,92.59222283801077,0.0014751443351169462,0.0,5.232733255459335,224,0.28976296652221567,0.0835693221188205,14071.99491927069
889,92.48249973701449,92.48249973701449,-0.0011857169074722905,0.0,5.232733255459335,224,0.2897734933633422,0.07653611430147783,14069.056934787086
890,92.16510757451859,92.16510757451859,-0.003437818444671052,0.0,5.232733255459335,224,0.2898101493430642,0.07177819155656145,14060.558330207337
891,92.6300675299568,92.6300675299568,0.005032176152313593,0.0,5.232733255459335,224,0.2897595001755443,0.050068119731558766,14073.008262101095
892,92.559372609371,92.559372609371,-0.000763487636948521,0.0,5.232733255459335,224,0.28976605102994185,0.04953785453657519,14071.115309952778
893,92.84010716137949,92.84010716137949,0.003028431006561662,0.0,5.232733255459335,224,0.28974082476821544,0.03672938633039608,14078.63235741429
894,93.85105746573372,93.85105746573372,0.010830294920452278,0.0,5.232733255459335,224,0.2896711507446441,0.04061417751692807,14105.701919620617
895,93.26643286866843,93.26643286866843,-0.006248763793714336,0.0,5.232733255459335,224,0.289707574014089,-0.003072364819200342,14090.047805042039
896,92.52225445913649,92.52225445913649,-0.008011062462057756,0.0,5.232733255459335,224,0.2897696150386659,0.03736156090133666,14070.121421259704
897,92.00032372844046,92.00032372844046,-0.005657108498723715,0.0,5.232733255459335,224,0.28983161638800564,0.05488877067476536,14056.14601977744
898,91.8976856009899,91.8976856009899,-0.0011162506704908153,0.0,5.232733255459335,224,0.2898454606259167,0.0657744217285659,14053.39774504643
899,92.86206746845221,92.86206746845221,0.010439401543986312,0.0,5.232733255459335,224,0.28973894229243213,0.058336848942601306,14079.220374348271
900,93.55534083136357,93.55534083136357,0.007437895048036361,0.0,5.232733255459335,224,0.2897300002397788,0.10598939778970518,14096.660781591378
901,93.9483021138079,93.9483021138079,0.004191511712437627,0.0,5.232733255459335,224,0.28969178948127966,0.12679033776567036,14103.997465107868
902,94.02567138649424,94.02567138649424,0.0008231913771327065,0.0,5.232733255459335,224,0.28971035168787695,0.13456081346465523,14102.347011361906
903,93.6399093930824,93.6399093930824,-0.004111169828221868,0.0,5.232733255459335,224,0.28981169919786076,0.12917987388193716,14087.46129554625
904,93.69348329067827,93.69348329067827,0.0005719631539138879,0.0,5.232733255459335,224,0.28984168699612606,0.1275732242668196,14085.993823607654
905,93.26922302403425,93.26922302403425,-0.004538455858224167,0.0,5.232733255459335,224,0.2899901725303058,0.1249006105346029,14071.911676738802
906,93.22247810029461,93.22247810029461,-0.0005013083631793943,0.0,5.232733255459335,224,0.28999465755423137,0.1270914397139877,14070.6436141338
907,92.82873111811601,92.82873111811601,-0.004232679504560681,0.0,5.232733255459335,224,0.29003534980510565,0.13542693941866157,14059.962329750617
908,92.92305639723423,92.92305639723423,0.0010156057014322733,0.0,5.232733255459335,224,0.2900250586489876,0.12116791153571838,14062.521117948078
909,93.00756721261443,93.00756721261443,0.0009090575781362917,0.0,5.232733255459335,224,0.2900162105016917,0.12751281302374862,14064.813666445938
910,92.58077308600402,92.58077308600402,-0.00459937168787826,0.0,5.232733255459335,224,0.2900733708600721,0.12905093873487827,14053.235902943663
911,93.13964253626048,93.13964253626048,0.0060184135954882804,0.0,5.232733255459335,224,0.2900028351529929,0.14094099556931597,14068.396510647204
912,92.84961615469156,92.84961615469156,-0.0031187458747937553,0.0,5.232733255459335,224,0.29003304854616113,0.1289317925892796,14060.528883972269
913,92.6109265006379,92.6109265006379,-0.002574022295249807,0.0,5.232733255459335,224,0.29006817287367204,0.1334015603556447,14054.05388304613
914,93.19846006831439,93.19846006831439,0.006324067224667431,0.0,5.232733255459335,224,0.28999701329995053,0.1291161891451664,14069.992070270566
915,93.29690184782903,93.29690184782903,0.0010557022721213829,0.0,5.232733255459335,224,0.2899875672970312,0.13013528424829987,14072.66252792427
916,93.0917816219192,93.0917816219192,-0.002200995306132136,0.0,5.232733255459335,224,0.2900076237170249,0.12445779871449443,14067.098174253386
917,92.55998724409922,92.55998724409922,-0.0057289605756940835,0.0,5.232733255459335,224,0.2900769577937531,0.14821891787029515,14052.672039603554
918,92.29336499988715,92.29336499988715,-0.002884691306547741,0.0,5.232733255459335,224,0.29012490260172535,0.13914612030965237,14045.439303500905
919,92.17675186597957,92.17675186597957,-0.001264303957977784,0.0,5.232733255459335,224,0.29014713832916156,0.18057218802910574,14042.27590644021
920,92.19509449995479,92.19509449995479,0.00019897434882041728,0.0,5.232733255459335,224,0.29014362602791893,0.15291925592850544,14042.773492196276
921,92.40315588413024,92.40315588413024,0.0022542084970697996,0.0,5.232733255459335,224,0.29010465962144777,0.17100216412286975,14048.41763148908
922,92.80312325829499,92.80312325829499,0.004319162371865864,0.0,5.232733255459335,224,0.29003818320510244,0.1835254072001005,14059.26765818341
923,93.17333153813196,93.17333153813196,0.003981243423902714,0.0,5.232733255459335,224,0.2899994971602012,0.17698496478341172,14069.31040161237
924,93.41494552547407,93.41494552547407,0.0025898103159415226,0.0,5.232733255459335,224,0.2899769431390829,0.22846843283929016,14075.86473174457
925,93.18959288630592,93.18959288630592,-0.0024152976196480645,0.0,5.232733255459335,224,0.2899978896723048,0.21829759749722372,14069.751527747076
926,92.876044312118,92.876044312118,-0.003370303896060011,0.0,5.232733255459335,224,0.2900301550337158,0.22373096218884847,14061.245807981777
927,93.0512887280723,93.0512887280723,0.0018850855867584134,0.0,5.232733255459335,224,0.2900439879847154,0.21781718118891005,14064.639311198138
928,93.36774035239237,93.36774035239237,0.003395060363142267,0.0,5.232733255459335,224,0.2900088464069928,0.22167611444479393,14070.235547199127
929,93.35380240764896,93.35380240764896,-0.0001492912340299208,0.0,5.232733255459335,224,0.2900446927034301,0.21994043332620763,14066.616515991147
930,93.32446170892202,93.32446170892202,-0.0003143451017974438,0.0,5.232733255459335,224,0.29008762828693374,0.2172940204095463,14061.704701787086
931,94.30701557465835,94.30701557465835,0.010473326345368749,0.0,5.232733255459335,224,0.2899723331917642,0.19418323255720196,14080.968246217748
932,95.16895185028618,95.16895185028618,0.009098169367012254,0.0,5.232733255459335,224,0.28987739799795453,0.2563303514559277,14104.858011305643
933,95.40200432387664,95.40200432387664,0.002445835340787968,0.0,5.232733255459335,224,0.28987375557929734,0.21677244434428874,14110.945412785828
934,95.76807858000548,95.76807858000548,0.0038298325556084234,0.0,5.232733255459335,224,0.28987176572045,0.280105442189051,14120.48763641518
935,95.38659425289248,95.38659425289248,-0.003991373351364845,0.0,5.232733255459335,224,0.2898913750836534,0.2808999957503291,14110.175713826424
936,94.61763100398775,94.61763100398775,-0.008094214180373796,0.0,5.232733255459335,224,0.2899115102741259,0.2948057949099093,14090.090159927448
937,95.17027204507221,95.17027204507221,0.005823791655612571,0.0,5.232733255459335,224,0.28989573233051297,0.2554155600392512,14104.505674868762
938,95.81040727875641,95.81040727875641,0.006703689956768698,0.0,5.232733255459335,224,0.2898682859577251,0.24679051313206693,14121.666479517415
939,96.2448476376771,96.2448476376771,0.004524126143902428,0.0,5.232733255459335,224,0.28988199624378935,0.22664727313038072,14133.226941971958
940,96.35561139126878,96.35561139126878,0.0011501921268650694,0.0,5.232733255459335,224,0.289894192693383,0.21314807796890506,14136.100297774832
941,95.95932938679354,95.95932938679354,-0.004121183343820953,0.0,5.232733255459335,224,0.289872024531136,0.22076348045815217,14125.477481080183
942,96.454622361678,96.454622361678,0.005148213674991945,0.0,5.232733255459335,224,0.28990572646506524,0.2005986553028685,14138.668400335235
943,97.33395230672569,97.33395230672569,0.009075209739655163,0.0,5.232733255459335,224,0.29002003868020076,0.21780894104669546,14161.636765899382
944,97.52103968501119,97.52103968501119,0.0019202734696480558,0.0,5.232733255459335,224,0.29005153861567395,0.23112531007709156,14166.50372936523
945,97.8848591892232,97.8848591892232,0.0037237353294613915,0.0,5.232733255459335,224,0.29012065817955457,0.24083043566856974,14176.253225961973
946,97.72971167092298,97.72971167092298,-0.0015862576100547326,0.0,5.232733255459335,224,0.2900945423795136,0.24058150805301187,14172.009589843112
947,97.91561561764172,97.91561561764172,0.0019004185302649963,0.0,5.232733255459335,224,0.29013651091265535,0.24152185060233752,14176.865457463793
948,98.32695038209141,98.32695038209141,0.004192111581367783,0.0,5.232733255459335,224,0.2902499586300801,0.24281047407833478,14187.609646595907
949,98.75653788382859,98.75653788382859,0.004359453811886235,0.0,5.232733255459335,224,0.2903889305147148,0.2419827472658401,14198.830602776528
950,99.15398741386086,99.15398741386086,0.004016462123354996,0.0,5.232733255459335,224,0.2905341594133881,0.26577705038296484,14209.212105363233
951,98.95188368200904,98.95188368200904,-0.002040361558678256,0.0,5.232733255459335,224,0.29045947390736926,0.26536537624997153,14203.933094428607
952,98.53466027563773,98.53466027563773,-0.00422534131948175,0.0,5.232733255459335,224,0.2903132627385774,0.2759612778260556,14193.035092178798
953,98.81754487358818,98.81754487358818,0.0028668014272076234,0.0,5.232733255459335,224,0.2904418782807865,0.25369234920027206,14199.645673008234
954,98.51341856898432,98.51341856898432,-0.003082400654160217,0.0,5.232733255459335,224,0.2904181455550986,0.32278440188650404,14185.720543365658
955,98.69963363689946,98.69963363689946,0.0018884665205870647,0.0,5.232733255459335,224,0.29038300509952164,0.27772204065215156,14186.968222801248
956,98.2935487936667,98.2935487936667,-0.004122837282327883,0.0,5.232733255459335,224,0.2901735319847198,0.23301179452943416,14174.704539390128
957,98.25268435619748,98.25268435619748,-0.00041582519698444236,0.0,5.232733255459335,224,0.2902522553748438,0.23521752409347751,14169.990429197875
958,98.29448250979733,98.29448250979733,0.0004253244134367231,0.0,5.232733255459335,224,0.2902901897864344,0.25675472167819,14170.201983838926
959,98.60952015440188,98.60952015440188,0.0031999137565466196,0.0,5.232733255459335,224,0.2902585892511744,0.21516079330954183,14181.020824633855
960,98.67801760968898,98.67801760968898,0.0006943921427145162,0.0,5.232733255459335,224,0.29025406540790843,0.20104698115141262,14183.373124672598
961,99.19339952419878,99.19339952419878,0.005209272642276037,0.0,5.232733255459335,224,0.2902417010404541,0.19880192858704435,14201.030101069073
962,99.39321048991782,99.39321048991782,0.002012331376544832,0.0,5.232733255459335,224,0.2902668315442642,0.20303579553347395,14207.82685862325
963,99.15129349824096,99.15129349824096,-0.002436905646203395,0.0,5.232733255459335,224,0.29023660384179856,0.20012108286125244,14199.597825072731
964,99.43581892368928,99.43581892368928,0.002865499343505763,0.0,5.232733255459335,224,0.29027240047578096,0.1899952001928652,14209.276224492964
965,99.63891770817295,99.63891770817295,0.0020404282169010648,0.0,5.232733255459335,224,0.2903001006677306,0.18852558762695223,14216.183608533656
966,99.97524272476912,99.97524272476912,0.003369754271150233,0.0,5.232733255459335,224,0.29035055978677105,0.18048877032397556,14227.620873358452
967,99.88750858896385,99.88750858896385,-0.0008779438976389762,0.0,5.232733255459335,224,0.2903359059884639,0.17925865698104892,14224.637335126492
968,99.50190591848842,99.50190591848842,-0.0038678397461748668,0.0,5.232733255459335,224,0.2902811391321646,0.18595723965321717,14211.524305640876
969,99.29342148814052,99.29342148814052,-0.002097478944820717,0.0,5.232733255459335,224,0.290254017261084,0.2003894087504022,14204.434462411646
970,99.60871313528054,99.60871313528054,0.00317032204625059,0.0,5.232733255459335,224,0.29029585907279587,0.23083300103375487,14215.156454197691
971,99.3858710134672,99.3858710134672,-0.0022396812045694264,0.0,5.232733255459335,224,0.2902658342984277,0.2499632093235519,14207.578354932008
972,99.0039036385786,99.0039036385786,-0.003850680787702446,0.0,5.232733255459335,224,0.2902360787449386,0.249345958293021,14194.588949430015
973,98.41957730952655,98.41957730952655,-0.005919539383297888,0.0,5.232733255459335,224,0.29026510832406655,0.29781798932404685,14174.718007217312
974,98.7588747474606,98.7588747474606,0.003441529936811975,0.0,5.232733255459335,224,0.2902440495779397,0.28598176195200065,14186.256353937102
975,98.53572566260453,98.53572566260453,-0.002262091101812001,0.0,5.232733255459335,224,0.29025541270175553,0.2744602768722641,14178.667815907016
976,98.51431353758964,98.51431353758964,-0.00021732677837650802,0.0,5.232733255459335,224,0.2902566427693587,0.25770311666580764,14177.939662685663
977,98.64439781235826,98.64439781235826,0.0013195896113787822,0.0,5.232733255459335,224,0.29024964599002456,0.2394748624572326,14182.363384462673
978,98.74202351732944,98.74202351732944,0.000989183676100493,0.0,5.232733255459335,224,0.2902448577404478,0.23254097148568822,14185.683301169325
979,98.68225059165465,98.68225059165465,-0.0006055276411266522,0.0,5.232733255459335,224,0.29031131600986315,0.23088799419132813,14182.074002613303
980,99.26231068845806,99.26231068845806,0.005860850669020101,0.0,5.232733255459335,224,0.2905134701308628,0.21688381677381938,14192.339528242574
981,98.26227676962428,98.26227676962428,-0.010125751697200688,0.0,5.232733255459335,224,0.2910283240150199,0.13155380595706104,14161.430963287165
982,97.9427799708299,97.9427799708299,-0.0032567670425848244,0.0,5.232733255459335,224,0.29086204492115486,0.16829938335239367,14150.301580191684
983,97.75495678709129,97.75495678709129,-0.0019195238996720296,0.0,5.232733255459335,224,0.2910260107683968,0.17476126299771166,14141.593028875935
984,98.79478412272744,98.79478412272744,0.010580904680999323,0.0,5.232733255459335,224,0.29152345449666217,0.14041836907438407,14163.554258936823
985,99.00432495196205,99.00432495196205,0.0021187244836487814,0.0,5.232733255459335,224,0.29151698838022616,0.13842216195175588,14170.004924285893
986,98.56799989024348,98.56799989024348,-0.004416871354966152,0.0,5.232733255459335,224,0.2915322109889621,0.13513722617197907,14156.572759457495
987,98.99143195971804,98.99143195971804,0.00428663631899034,0.0,5.232733255459335,224,0.29151732391559376,0.11566770834158362,14169.608016539472
988,99.47036080637527,99.47036080637527,0.004826417918278227,0.0,5.232733255459335,224,0.2915088573349008,0.12857310778919648,14184.351728908494
989,99.65796419075289,99.65796419075289,0.0018842466523602975,0.0,5.232733255459335,224,0.29150730209814313,0.12993732878575814,14190.12705515586
990,99.61814827980106,99.61814827980106,-0.0003996054618693212,0.0,5.232733255459335,224,0.29150755429101766,0.14083094901698046,14188.901331662939
991,99.25364568571494,99.25364568571494,-0.0036657083941598286,0.0,5.232733255459335,224,0.2915117369937772,0.07993228272023889,14177.680204678256
992,99.29898063448964,99.29898063448964,0.0004566542422803878,0.0,5.232733255459335,224,0.2915109948565255,0.07234510968883162,14179.075830457878
993,99.52696482432923,99.52696482432923,0.0022933052246503225,0.0,5.232733255459335,224,0.29150830435965347,0.06629121923396378,14186.094270343343
994,98.74427132301541,98.74427132301541,-0.007895220529743502,0.0,5.232733255459335,224,0.29152521634676,0.06352871978446503,14161.99923422886
995,98.49603892282087,98.49603892282087,-0.002517056791718179,0.0,5.232733255459335,224,0.29153549891344316,0.05073729258338654,14154.357457930178
996,98.4607788279739,98.4607788279739,-0.0003580489939503104,0.0,5.232733255459335,224,0.29153714251594115,0.10609125090846032,14153.271984168978
997,98.11776138048614,98.11776138048614,-0.003489880383338183,0.0,5.232733255459335,224,0.2915613808663181,0.07626207661439167,14142.712272390048
998,98.49566749433036,98.49566749433036,0.0038441583709120136,0.0,5.232733255459335,224,0.29153551620166573,0.035388707003035126,14154.346023591095
999,99.21029661098706,99.21029661098706,0.00722924300452061,0.0,5.232733255459335,224,0.2915124790687986,0.056230219291291066,14176.345713566036
1000,98.85151945579597,98.85151945579597,-0.003622884559346774,0.0,5.101881425949589,201,0.28845035657073403,0.02926648429249877,14266.832629096549
1001,99.17829261878079,99.17829261878079,0.003300245111098848,0.0,5.101881425949589,201,0.28843487039155596,0.040293203482137385,14276.791896970622
1002,99.12626558524231,99.12626558524231,-0.000524718495665333,0.0,5.101881425949589,201,0.28843703602231374,-0.006631240698883672,14275.206236878557
1003,99.97575574990486,99.97575574990486,0.008533266651049715,0.0,5.101881425949589,201,0.2884117606423312,-0.029668083522356562,14301.096674235738
1004,100.72180924412784,100.72180924412784,0.0074346385884597995,0.0,5.101881425949589,201,0.28842849344478255,0.026954045709512688,14323.834608188108
1005,100.62867733151108,100.62867733151108,-0.0009250727012602315,0.0,5.101881425949589,201,0.28845459700057546,0.023550022185845194,14320.179147253144
1006,100.99195255711838,100.99195255711838,0.003603556034128052,0.0,5.101881425949589,201,0.2885319021088856,0.021859184051062384,14325.979593658698
1007,99.53131356731856,99.53131356731856,-0.014568532141263359,0.0,5.101881425949589,201,0.2889498980816777,-0.027502154701365487,14288.938532145365
1008,99.88413182616618,99.88413182616618,0.003538528585819887,0.0,5.101881425949589,201,0.2890700641365099,-0.08333608222701752,14294.134936567942
1009,100.02233654744965,100.02233654744965,0.0013826940611444565,0.0,5.101881425949589,201,0.2890674929875509,-0.09506778091712942,14294.490468373122
1010,99.3536658883161,99.3536658883161,-0.006707659478277128,0.0,5.101881425949589,201,0.2889276715973953,-0.0923816794861714,14276.216942722289
1011,99.17977962176975,99.17977962176975,-0.0017517079861629307,0.0,5.101881425949589,201,0.288917105187706,-0.08976677262063402,14271.432099500034
1012,98.99652418037198,98.99652418037198,-0.0018494188267219299,0.0,5.101881425949589,201,0.28890872578791665,-0.07763369806544627,14266.3472783943
1013,98.84051582235044,98.84051582235044,-0.0015771403611472515,0.0,5.101881425949589,201,0.2888977749566571,-0.06756910391862096,14262.105046785477
1014,98.76821873332345,98.76821873332345,-0.0007317196015174712,0.0,5.101881425949589,201,0.2888928423730805,-0.062048638326339625,14260.139582383801
1015,98.78088878603272,98.78088878603272,0.00012827243702334071,0.0,5.101881425949589,201,0.28889369627855227,-0.055497003386483564,14260.484029690084
1016,99.38595828642633,99.38595828642633,0.006106686256215295,0.0,5.101881425949589,201,0.2889379458007036,-0.056249672849555954,14276.93341346983
1017,99.54499132245452,99.54499132245452,0.0015988771000219784,0.0,5.101881425949589,201,0.2889580931195936,-0.04884218519393378,14281.256876215157
1018,99.40131983288701,99.40131983288701,-0.0014443244884405008,0.0,5.101881425949589,201,0.28893922017253365,-0.051321766237386414,14277.351031566623
1019,98.19192791097024,98.19192791097024,-0.012241380088738473,0.0,5.101881425949589,201,0.2888624104817242,-0.03214379631624952,14244.472574049278
1020,98.96946915656586,98.96946915656586,0.007887398731478045,0.0,5.101881425949589,201,0.2889068421219651,-0.10399200369742748,14265.610764529978
1021,98.44747091744699,98.44747091744699,-0.005288294463910168,0.0,5.101881425949589,201,0.2888722391544674,-0.14294661943132536,14251.419751163694
1022,98.05818997824493,98.05818997824493,-0.003962038006066881,0.0,5.101881425949589,201,0.2888583288476559,-0.12396918771470042,14240.836782491651
1023,97.65615859300789,97.65615859300789,-0.004108354381252122,0.0,5.101881425949589,201,0.2888487319131609,-0.10768511744282216,14229.907180945109
1024,97.88993285908334,97.88993285908334,0.0023909900291045785,0.0,5.101881425949589,201,0.28885383616233457,-0.12046607094088617,14236.262554365852
1025,98.0427580063588,98.0427580063588,0.0015599763121958716,0.0,5.101881425949589,201,0.28885787955129905,-0.12322611340792369,14240.41724981339
1026,97.10229466119902,97.10229466119902,-0.009638682747791137,0.0,5.101881425949589,201,0.28884942769593747,-0.12789655181186912,14214.849868735264
1027,97.62996492470154,97.62996492470154,0.0054194570136408575,0.0,5.101881425949589,201,0.28884825518275054,-0.16246974644340337,14229.195081422178
1028,97.34400344995474,97.34400344995474,-0.002933331892204663,0.0,5.101881425949589,201,0.2888442153941336,-0.17717472687382493,14221.420949621994
1029,97.15925270097141,97.15925270097141,-0.001899719400098304,0.0,5.101881425949589,201,0.288847257767498,-0.17045350272197365,14216.398326647864
1030,97.13351186880222,97.13351186880222,-0.00026496954095842643,0.0,5.101881425949589,201,0.288848123676265,-0.16757573860551578,14215.69853790147
1031,96.48090586824082,96.48090586824082,-0.006741321020229084,0.0,5.101881425949589,201,0.2889068376180892,-0.1680729206817816,14197.830671295922
1032,96.21241796993381,96.21241796993381,-0.0027866878489323193,0.0,5.101881425949589,201,0.2889894143046223,-0.1714475190698024,14186.729097081581
1033,95.82220615814377,95.82220615814377,-0.004063979093569702,0.0,5.101881425949589,201,0.2890979220800419,-0.15344324584447533,14175.044560503178
1034,95.79460224898078,95.79460224898078,-0.0002881157408205346,0.0,5.101881425949589,201,0.28914633760766256,-0.1507110762936679,14170.586213580971
1035,96.03963237160329,96.03963237160329,0.0025546040451299348,0.0,5.101881425949589,201,0.28913738780097087,-0.1493865848552035,14173.16205460302
1036,95.88779098951352,95.88779098951352,-0.001582279500343827,0.0,5.101881425949589,201,0.2892103575164017,-0.15187531661784384,14167.673217617774
1037,96.20848757139237,96.20848757139237,0.0033389181947556692,0.0,5.101881425949589,201,0.28924296609062533,-0.15526625788303536,14175.625657679526
1038,95.72349775999785,95.72349775999785,-0.00505377822048701,0.0,5.101881425949589,201,0.28919500518341346,-0.16480480032286923,14163.599173383747
1039,95.68375962899258,95.68375962899258,-0.00041522074051199157,0.0,5.101881425949589,201,0.2891934016273651,-0.16472610145400535,14162.57194545606
1040,95.90547971347556,95.90547971347556,0.0023145369147552753,0.0,5.101881425949589,201,0.2892176121225181,-0.12643362798826072,14167.995039842855
1041,96.34340557512157,96.34340557512157,0.004555829995467003,0.0,5.101881425949589,201,0.2892754480831272,-0.14250336072591838,14178.705687567444
1042,97.05910188514791,97.05910188514791,0.007401140620042034,0.0,5.101881425949589,201,0.2894535646757075,-0.11544288542802522,14196.209954215843
1043,97.88820701214887,97.88820701214887,0.008505992010138502,0.0,5.101881425949589,201,0.28970866688946434,-0.053696493939662304,14216.487936677488
1044,97.2602519750481,97.2602519750481,-0.006435687043071373,0.0,5.101881425949589,201,0.289510494526087,-0.11214773368886079,14201.109845440895
1045,97.8756062837046,97.8756062837046,0.0063069530523553515,0.0,5.101881425949589,201,0.28968619820242164,-0.13008359297398545,14216.576963804484
1046,97.5963146530592,97.5963146530592,-0.0028576157574359785,0.0,5.101881425949589,201,0.289602237923452,-0.12994966873550692,14209.556883424151
1047,97.97440337443469,97.97440337443469,0.0038665214938505277,0.0,5.101881425949589,201,0.289717548748627,-0.1528097520441822,14219.060258834363
1048,97.93459061295925,97.93459061295925,-0.0004064413911089738,0.0,5.101881425949589,201,0.2897049010119084,-0.16369615116587696,14218.059552923216
1049,96.70463099242698,96.70463099242698,-0.01263852148975365,0.0,5.101881425949589,201,0.28937812070979074,-0.14775959960385754,14187.1331780701
1050,96.1385679470367,96.1385679470367,-0.005870724757750839,0.0,5.101881425949589,201,0.28928948676840394,-0.10453329575410682,14172.643841980896
1051,96.56546055219782,96.56546055219782,0.004430559203203837,0.0,5.101881425949589,201,0.2893573933051501,-0.11803353185586428,14183.353344305915
1052,97.0721396308429,97.0721396308429,0.00523328356212607,0.0,5.101881425949589,201,0.2894607075584218,-0.10044482619698172,14196.401303912106
1053,96.37057716779087,96.37057716779087,-0.007253470697604668,0.0,5.101881425949589,201,0.2893184246566151,-0.10859389366322109,14178.532632349948
1054,96.16361713142169,96.16361713142169,-0.0021498530880117712,0.0,5.101881425949589,201,0.2892948457070054,-0.11483247581755661,14173.250474549273
1055,96.01388800988323,96.01388800988323,-0.001558238064594296,0.0,5.101881425949589,201,0.28928633066223286,-0.11380317094722883,14169.380212401753
1056,96.34657529052726,96.34657529052726,0.0034590019866283465,0.0,5.101881425949589,201,0.28931247463899123,-0.11542731126353331,14177.97965502192
1057,96.30132461574159,96.30132461574159,-0.00046977595540753864,0.0,5.101881425949589,201,0.28930623786106674,-0.10837682607514727,14176.80999629439
1058,95.69387224637012,95.69387224637012,-0.0063278082600268445,0.0,5.101881425949589,201,0.28929629144172053,-0.1266633185429685,14160.045596475904
1059,95.44388209769149,95.44388209769149,-0.002615812789916949,0.0,5.101881425949589,201,0.28940095990851716,-0.1088257325910716,14149.16242710081
1060,95.1924021258243,95.1924021258243,-0.002638323745824347,0.0,5.101881425949589,201,0.28951837353928284,-0.09940010312323308,14140.633201931627
1061,95.10257012544594,95.10257012544594,-0.0009441343193522419,0.0,5.101881425949589,201,0.28957993295221346,-0.10041666001570075,14134.459507099473
1062,95.41393364731103,95.41393364731103,0.0032686281021818203,0.0,5.101881425949589,201,0.2895244987823112,-0.10068974878234949,14138.550970257844
1063,95.57357362580167,95.57357362580167,0.0016717325436478544,0.0,5.101881425949589,201,0.28951512163835935,-0.1497496339801164,14141.03430003525
1064,95.65979352127268,95.65979352127268,0.0009017244490274061,0.0,5.101881425949589,201,0.28950811975060237,-0.15329163773018248,14142.90583022432
1065,95.47972026307195,95.47972026307195,-0.0018842081149077633,0.0,5.101881425949589,201,0.28953795183797887,-0.1542641856351212,14138.641573391777
1066,95.7235932974049,95.7235932974049,0.0025509303373127882,0.0,5.101881425949589,201,0.28949547614934934,-0.11529270974139692,14144.474044307193
1067,96.4802744157719,96.4802744157719,0.007873775243485287,0.0,5.101881425949589,201,0.28941231243178583,-0.060323422185068996,14162.286696687675
1068,95.70155926222897,95.70155926222897,-0.00810398569366508,0.0,5.101881425949589,201,0.2895243347985902,-0.11134515129298742,14143.33879381559
1069,95.58144041393841,95.58144041393841,-0.0012559282767741066,0.0,5.101881425949589,201,0.28954925286971434,-0.09948365145385399,14140.387301768922
1070,95.66099259089513,95.66099259089513,0.0008319511553502801,0.0,5.101881425949589,201,0.2895338558713532,-0.10767803762950394,14142.316506368496
1071,96.06022233991408,96.06022233991408,0.00416469639216582,0.0,5.101881425949589,201,0.2894542856006568,-0.10202099712218814,14152.12500404237
1072,95.62202675378309,95.62202675378309,-0.004572111935736099,0.0,5.101881425949589,201,0.28953839027598455,-0.11568173985779329,14141.370731728008
1073,95.88115108317155,95.88115108317155,0.0027062160582290813,0.0,5.101881425949589,201,0.28949293107460294,-0.12454459788185986,14147.593217722686
1074,96.50999802598587,96.50999802598587,0.006537194514416136,0.0,5.101881425949589,201,0.289420023341225,-0.10438486008582597,14162.739292029602
1075,97.09319534791548,97.09319534791548,0.006024684570360197,0.0,5.101881425949589,201,0.28945110744520713,-0.07319777704520179,14177.057451274492
1076,96.56073928841771,96.56073928841771,-0.005499061015948203,0.0,5.101881425949589,201,0.2894341746784413,-0.10599241086267058,14163.597949952211
1077,96.10454825033105,96.10454825033105,-0.004735589855878228,0.0,5.101881425949589,201,0.2894690978395894,-0.08924053494849159,14152.664366924513
1078,95.948425010475,95.948425010475,-0.0016258355348095711,0.0,5.101881425949589,201,0.2895089943089334,-0.09306329021295563,14148.588335856184
1079,96.19012823825041,96.19012823825041,0.0025159277113822017,0.0,5.101881425949589,201,0.28947601220360825,-0.03140206714520028,14154.283527529606
1080,95.81748547199194,95.81748547199194,-0.003881546433738783,0.0,5.101881425949589,201,0.2895530263662886,-0.009497855353970673,14144.944027413434
1081,96.26160247793197,96.26160247793197,0.004624322221742469,0.0,5.101881425949589,201,0.2894716204813202,-0.03662845267365092,14155.83722411179
1082,97.07570004898754,97.07570004898754,0.008421575887588075,0.0,5.101881425949589,201,0.2894575589964004,-0.013404032998073245,14176.360839247385
1083,97.03226145294141,97.03226145294141,-0.00044757151056719314,0.0,5.101881425949589,201,0.28945307673700843,-0.007859124322976694,14175.268524895753
1084,96.6902076314448,96.6902076314448,-0.0035313836188776253,0.0,5.101881425949589,201,0.289451630682751,-0.010387606122821852,14166.256495180232
1085,96.90125806574007,96.90125806574007,0.002180370060700475,0.0,5.101881425949589,201,0.2894609501873461,-0.00391444533272832,14168.34833803719
1086,97.2783524729485,97.2783524729485,0.003883980199679845,0.0,5.101881425949589,201,0.2893892148809159,0.04477212761290829,14174.333765902295
1087,97.51686295807532,97.51686295807532,0.0024488343185482975,0.0,5.101881425949589,201,0.289422700557675,0.06591480331176996,14176.63658605531
1088,97.32196732952082,97.32196732952082,-0.0020005836954569522,0.0,5.101881425949589,201,0.28956142819927044,0.057704389712683456,14169.143841527184
1089,97.98959358844533,97.98959358844533,0.006836552389449868,0.0,5.101881425949589,201,0.28974866397750637,0.04446603073249786,14182.048534123736
1090,98.16872303928085,98.16872303928085,0.00182637681346202,0.0,5.101881425949589,201,0.2897364259133814,0.050800128418383494,14186.767493469268
1091,98.47157320707127,98.47157320707127,0.0030802476707279557,0.0,5.101881425949589,201,0.28972893477259537,0.03847338666186597,14194.584169494532
1092,99.06044764092567,99.06044764092567,0.005962336393250338,0.0,5.101881425949589,201,0.28971939825151377,0.0382514537764804,14210.066026019054
1093,99.02888537478759,99.02888537478759,-0.0003186669965986929,0.0,5.101881425949589,201,0.2897211542320888,0.03220579370414003,14209.20491853261
1094,98.16457582770101,98.16457582770101,-0.008766163712287951,0.0,5.101881425949589,201,0.2897938665276355,0.037371226247015506,14185.440897285092
1095,99.04828823885185,99.04828823885185,0.008962075878968577,0.0,5.101881425949589,201,0.2897696497270378,-0.0177627049384828,14208.639569798708
1096,99.61214742331359,99.61214742331359,0.005676628028488066,0.0,5.101881425949589,201,0.2897538773144548,0.01760955641182259,14223.731171022418
1097,100.22547905004178,100.22547905004178,0.006138319027892744,0.0,5.101881425949589,201,0.289759670539941,0.047262445427127375,14239.766208922874
1098,100.79961621970328,100.79961621970328,0.005712110022669799,0.0,5.101881425949589,201,0.28978735354326307,0.06152711612959003,14254.944469748227
1099,101.34797315709712,101.34797315709712,0.005425325962276102,0.0,5.101881425949589,201,0.28985932735167125,0.07734326062358084,14269.131773425044
1100,99.94637515974816,99.94637515974816,-0.013926080495106909,0.0,5.101881425949589,201,0.2897946233702581,0.023483745580952328,14231.617955792843
1101,99.77411869107137,99.77411869107137,-0.0017249758206434789,0.0,5.101881425949589,201,0.28979247028911015,0.028575806766717102,14227.123908332152
1102,100.18480713835751,100.18480713835751,0.004107733856450464,0.0,5.101881425949589,201,0.28976643608217934,-0.00977203615108182,14238.539322882916
1103,100.38748931438387,100.38748931438387,0.0020210392820998136,0.0,5.101881425949589,201,0.2897636529960537,0.02894067753499131,14243.976627851951
1104,99.85243675573396,99.85243675573396,-0.005344127343250524,0.0,5.101881425949589,201,0.2897913709356347,0.04939645442767261,14229.18621921221
1105,99.2468324433475,99.2468324433475,-0.0060834595981134965,0.0,5.101881425949589,201,0.2898178645833154,0.08575239734028449,14212.722618881875
1106,99.91388141845098,99.91388141845098,0.00669862500954327,0.0,5.101881425949589,201,0.2897957357112624,0.06534015158404123,14230.762463419414
1107,99.94925221945306,99.94925221945306,0.0003539502331173761,0.0,5.101881425949589,201,0.2897957634574698,0.06737249605478099,14231.699947697482
1108,99.43368904416603,99.43368904416603,-0.005171599145837488,0.0,5.101881425949589,201,0.2898284649764122,0.06072207155770896,14217.428639666818
1109,99.13269639433717,99.13269639433717,-0.003031659962973668,0.0,5.101881425949589,201,0.2898639844403071,0.022677224590450348,14208.795540155292
1110,98.90483503657927,98.90483503657927,-0.00230119469440708,0.0,5.101881425949589,201,0.2898779616034671,0.04773087561080535,14202.570066810329
1111,98.07978385350997,98.07978385350997,-0.008376857160915246,0.0,5.101881425949589,201,0.29000231348840877,0.04837367683711496,14178.048404008643
1112,98.78556830583531,98.78556830583531,0.007170255897552148,0.0,5.101881425949589,201,0.2900374545492577,0.032569002753698305,14193.263198861447
1113,98.05543202237631,98.05543202237631,-0.007418572663616162,0.0,5.101881425949589,201,0.2904095564399528,-0.015424854563490504,14164.44256869577
1114,97.84109318508183,97.84109318508183,-0.0021882871337243525,0.0,5.101881425949589,201,0.2903414078078754,-0.005631790934922579,14158.937230077609
1115,97.81072463223909,97.81072463223909,-0.00031043466322382227,0.0,5.101881425949589,201,0.2904310204948823,-0.0006913072497444763,14154.385780158298
1116,97.87558096686307,97.87558096686307,0.0006628602527924001,0.0,5.101881425949589,201,0.29047035394086174,0.0007401072189133231,14154.818869773573
1117,98.19263772377653,98.19263772377653,0.0032341501890653344,0.0,5.101881425949589,201,0.29039728075520654,-0.0020184370878072056,14164.720088769918
1118,97.96195673674482,97.96195673674482,-0.0023520335479396003,0.0,5.101881425949589,201,0.2904554555117533,-0.021397822457992648,14157.40942155922
1119,97.93840598582247,97.93840598582247,-0.00024043601255769155,0.0,5.101881425949589,201,0.2904695003903308,-0.026819236848781687,14156.503492107884
1120,97.67188541970913,97.67188541970913,-0.002725017473506881,0.0,5.101881425949589,201,0.2905571704075569,-0.028264085911222724,14147.715076121225
1121,97.70251481157783,97.70251481157783,0.00031354560355265553,0.0,5.101881425949589,201,0.29054734288906764,-0.025316603545027756,14148.7123775833
1122,97.794338097452,97.794338097452,0.0009393838443966239,0.0,5.101881425949589,201,0.29052954770760947,-0.028021432169750976,14151.491357575922
1123,97.29975399588571,97.29975399588571,-0.005070221817461887,0.0,5.101881425949589,201,0.2906589458340675,-0.030045405702274725,14136.179138136165
1124,96.25743149006489,96.25743149006489,-0.010770280409653518,0.0,5.101881425949589,201,0.29110697523615464,0.010909779115694903,14102.827560528414
1125,95.66691221919011,95.66691221919011,-0.006153686634387828,0.0,5.101881425949589,201,0.29137345080523,0.05586555639005656,14084.551096393789
1126,94.49401181973539,94.49401181973539,-0.012336028334335827,0.0,5.101881425949589,201,0.2920209836468414,0.08215676235293667,14047.013137665052
1127,93.85403800813779,93.85403800813779,-0.006795677205881819,0.0,5.101881425949589,201,0.29239141984096406,0.16631635856493668,14026.69832233868
1128,93.60394142385812,93.60394142385812,-0.002668296472884867,0.0,5.101881425949589,201,0.29253175767968065,0.17593819297786611,14018.949960207943
1129,92.8027244291718,92.8027244291718,-0.008596494392043883,0.0,5.101881425949589,201,0.29302097010890044,0.18071115807184437,13993.624077154149
1130,92.58523901167453,92.58523901167453,-0.002346274409968954,0.0,5.101881425949589,201,0.29316551360433774,0.18545719636590832,13986.749522213388
1131,92.20993312457713,92.20993312457713,-0.004061863724736537,0.0,5.101881425949589,201,0.29344092922240567,0.2011702351669706,13974.736346324
1132,92.4036066848131,92.4036066848131,0.0020981519717972732,0.0,5.101881425949589,201,0.2932805741793143,0.20427617138886617,13981.17814405534
1133,91.94306284198038,91.94306284198038,-0.004996507961235499,0.0,5.101881425949589,201,0.293663488290836,0.18230206952160452,13965.859944305575
1134,91.200866130253,91.200866130253,-0.00810510923260646,0.0,5.101881425949589,201,0.294326894247873,0.17069269707752407,13941.17365729775
1135,91.13902374404456,91.13902374404456,-0.000678319907095533,0.0,5.101881425949589,201,0.2943853408666041,0.19327169072160577,13939.116710842627
1136,90.98150669575732,90.98150669575732,-0.001729811429654387,0.0,5.101881425949589,201,0.2945348928596657,0.18523854150466584,13933.877518858611
1137,90.80879111015972,90.80879111015972,-0.0019001634262080568,0.0,5.101881425949589,201,0.29469992200881673,0.1855758041226048,13928.132806642272
1138,91.08846336090673,91.08846336090673,0.0030750598401476483,0.0,5.101881425949589,201,0.29452579585607963,0.1831023791973322,13935.03850553861
1139,91.21587453511721,91.21587453511721,0.0013977856635300266,0.0,5.101881425949589,201,0.29454475058010654,0.19533227654586674,13934.601565526282
1140,91.59490364216647,91.59490364216647,0.0041466882198749905,0.0,5.101881425949589,201,0.29440089358095434,0.21047333095212675,13942.747906233415
1141,91.54218509328149,91.54218509328149,-0.0005757277316701235,0.0,5.101881425949589,201,0.2944630606690262,0.183980798738094,13939.504287447498
1142,91.85374291370994,91.85374291370994,0.003397655809858868,0.0,5.101881425949589,201,0.2943890526579186,0.18984067993392065,13946.13002876934
1143,91.6895017127005,91.6895017127005,-0.0017896735473049263,0.0,5.101881425949589,201,0.29442596241008473,0.18821633944125646,13942.731376244787
1144,91.52161248214927,91.52161248214927,-0.0018327411880355302,0.0,5.101881425949589,201,0.2945378445997661,0.1945667335543323,13937.769297226663
1145,91.57304620073681,91.57304620073681,0.0005618265471036955,0.0,5.101881425949589,201,0.29450684920093856,0.18498062151330882,13939.20495878176
1146,92.37027334183998,92.37027334183998,0.008668236877959368,0.0,5.101881425949589,201,0.2940166922689752,0.17641832204331445,13962.242011837388
1147,91.60857567905374,91.60857567905374,-0.008280321557657497,0.0,5.101881425949589,201,0.294466832983235,0.13173058035697963,13940.644517505007
1148,91.61080001050516,91.61080001050516,2.428052647990562e-05,0.0,5.101881425949589,201,0.2944688583035824,0.13176121058257736,13940.626021186446
1149,91.6376500978712,91.6376500978712,0.00029304572608732213,0.0,5.101881425949589,201,0.29445061387744637,0.1230272471662658,13941.092542802982
1150,91.05799751511091,91.05799751511091,-0.006345575665021996,0.0,5.101881425949589,201,0.29489921109249,0.10899674863568729,13924.55255093775
1151,90.30932241631785,90.30932241631785,-0.008255945465649499,0.0,5.101881425949589,201,0.2954847313577652,0.10846039139698122,13903.663351548053
1152,90.9941307197285,90.9941307197285,0.007554313481209366,0.0,5.101881425949589,201,0.2948795380058549,0.06559412451369273,13924.145097554241
1153,91.13921427803494,91.13921427803494,0.0015931579030213172,0.0,5.101881425949589,201,0.2947729801387983,0.08588275661418295,13928.077032770356
1154,90.77990329928679,90.77990329928679,-0.003950232947117853,0.0,5.101881425949589,201,0.2950659230881727,0.13035019275271012,13917.653306715989
1155,90.90081504694659,90.90081504694659,0.0013310357489951477,0.0,5.101881425949589,201,0.2949665674977459,0.08641195731152428,13921.137779045637
1156,89.95017721283216,89.95017721283216,-0.010513037035704624,0.0,5.101881425949589,201,0.2958272160667074,0.03216873385299989,13892.536771436458
1157,90.07227731572577,90.07227731572577,0.0013564987982892037,0.0,5.101881425949589,201,0.2957234207344105,-0.023475763558116747,13896.033505671192
1158,89.74526532163196,89.74526532163196,-0.003637157418554558,0.0,5.101881425949589,201,0.2960378557444023,-0.06672444352988184,13886.007176499066
1159,90.00529375496592,90.00529375496592,0.0028932161997685113,0.0,5.101881425949589,201,0.29580263961310516,-0.012242619438627568,13893.71222743973
1160,90.18138312084992,90.18138312084992,0.0019545221100089076,0.0,5.101881425949589,201,0.295653981020207,0.0011134717168744094,13898.864635715887
1161,90.71880213311944,90.71880213311944,0.005941625682165762,0.0,5.101881425949589,201,0.29521799730860343,0.022280160294570635,13914.487175233717
1162,90.78015329601457,90.78015329601457,0.0006760497886805965,0.0,5.101881425949589,201,0.29516759790351355,0.0197062217152381,13916.322736778186
1163,91.33102290566997,91.33102290566997,0.0060498350658035,0.0,5.101881425949589,201,0.2947189259927308,0.041821787130936164,13932.84816415436
1164,91.39050132335832,91.39050132335832,0.0006510280607616222,0.0,5.101881425949589,201,0.29467490738306895,0.04150699336572135,13934.53984115629
1165,91.15455411448998,91.15455411448998,-0.002585086073121351,0.0,5.101881425949589,201,0.2948680061851956,0.06845300754243884,13927.391400781426
1166,90.81195287490587,90.81195287490587,-0.0037655461993954037,0.0,5.101881425949589,201,0.29516365885539736,0.06135401478643179,13916.580557598765
1167,90.70532684094853,90.70532684094853,-0.0011748308082653305,0.0,5.101881425949589,201,0.29533835119025104,0.06628266946217544,13910.247604964312
1168,90.095614331539,90.095614331539,-0.006744597862732295,0.0,5.101881425949589,201,0.2955916272630919,0.06006043115698034,13893.917884914514
1169,91.12089513610658,91.12089513610658,0.011315654932854977,0.0,5.101881425949589,201,0.29503990523400664,0.007070565297080044,13916.971705768883
1170,91.37362751143584,91.37362751143584,0.0027697547656038773,0.0,5.101881425949589,201,0.29500972628462424,0.03828657820584667,13920.153834219267
1171,91.01592053791042,91.01592053791042,-0.00392245538168923,0.0,5.101881425949589,201,0.2953447893383784,0.07391983911370811,13907.959861081705
1172,90.91603750208567,90.91603750208567,-0.0010980263933423246,0.0,5.101881425949589,201,0.2953892834735666,0.11549110246598292,13905.445953681516
1173,90.51467950069087,90.51467950069087,-0.004424373807732638,0.0,5.101881425949589,201,0.2954975165232269,0.11330573989040271,13896.868365267821
1174,91.47932368590835,91.47932368590835,0.010600934120763957,0.0,5.101881425949589,201,0.2951932150850248,0.07813353241045187,13919.0841274308
1175,91.88292337089844,91.88292337089844,0.004402218485710803,0.0,5.101881425949589,201,0.29511559978660823,0.1188871771768409,13928.560747792662
1176,91.2768096320987,91.2768096320987,-0.006618441088177208,0.0,5.101881425949589,201,0.2952874550648138,0.09164947526662391,13913.198716226429
1177,91.18499271296736,91.18499271296736,-0.0010064235440109418,0.0,5.101881425949589,201,0.29532971394610846,0.09558382898943224,13910.724858164716
1178,90.8358284207399,90.8358284207399,-0.0038365360438652207,0.0,5.101881425949589,201,0.2954653722341737,0.09558157174528047,13901.873505803675
1179,90.34183521300906,90.34183521300906,-0.005453149378043847,0.0,5.101881425949589,201,0.295648636389594,0.10263598081096569,13889.797544362415
1180,89.59042747370948,89.59042747370948,-0.008352166489498415,0.0,5.101881425949589,201,0.2959880354061835,0.1192747969121133,13871.45751721314
1181,88.57632036575144,88.57632036575144,-0.01138392064795667,0.0,5.101881425949589,201,0.2965873836478751,0.15074057331931776,13845.825763750372
1182,88.82690739558608,88.82690739558608,0.002825057916443182,0.0,5.101881425949589,201,0.2964734407138663,0.1289754724581668,13851.2300760914
1183,89.10172129787288,89.10172129787288,0.003089037698217843,0.0,5.101881425949589,201,0.2963271574737935,0.12076953836402718,13857.734815054615
1184,89.3530004406115,89.3530004406115,0.002816168789048315,0.0,5.101881425949589,201,0.296213565375353,0.1092387513097995,13863.22122036536
1185,89.29698096580253,89.29698096580253,-0.000627142261130065,0.0,5.101881425949589,201,0.2962575509674366,0.07740003701108686,13861.539889865524
1186,89.18580014251316,89.18580014251316,-0.00124584385092547,0.0,5.101881425949589,201,0.29632223988690676,0.038947535388952716,13858.706143688136
1187,89.11822763192369,89.11822763192369,-0.0007579471385794164,0.0,5.101881425949589,201,0.2963764048664785,0.03238429533159479,13856.678215913833
1188,88.86797270675251,88.86797270675251,-0.0028120729540586664,0.0,5.101881425949589,201,0.2965216243712034,0.02252354742046525,13850.410239554365
1189,88.88847842894937,88.88847842894937,0.00023071705310055495,0.0,5.101881425949589,201,0.2965138746109027,0.012633128650218733,13850.811710863298
1190,88.19164804700341,88.19164804700341,-0.007870267462311578,0.0,5.101881425949589,201,0.29694823389927927,0.003935394077585624,13833.140831740036
1191,88.950264699544,88.950264699544,0.008565124746992005,0.0,5.101881425949589,201,0.29655611300458434,-0.03418843950493116,13851.020825766023
1192,88.9068588520579,88.9068588520579,-0.0004880979460489154,0.0,5.101881425949589,201,0.2966283815279957,-0.02566997719902406,13847.792625406415
1193,89.5227282247413,89.5227282247413,0.006903247701613933,0.0,5.101881425949589,201,0.29653729214613833,-0.04713915027609402,13864.371120205085
1194,89.81950717902787,89.81950717902787,0.0033096411954637033,0.0,5.101881425949589,201,0.2964061302679528,-0.032242218090567945,13872.116500028342
1195,90.78382373934708,90.78382373934708,0.010678936203380557,0.0,5.101881425949589,201,0.2964322235130099,-0.00612507120591592,13882.15868824264
1196,90.5855031572542,90.5855031572542,-0.002186926141567235,0.0,5.101881425949589,201,0.2967137640465594,-0.022266202408318066,13870.891602533757
1197,90.87033102802398,90.87033102802398,0.0031393656310708022,0.0,5.101881425949589,201,0.2967057242866242,-0.022757419841951853,13875.043475225948
1198,90.81858451877743,90.81858451877743,-0.0005696165942757557,0.0,5.101881425949589,201,0.2967206795640972,-0.026859884973774617,13873.98342850626
1199,90.23160260530219,90.23160260530219,-0.00648421279686575,0.0,5.101881425949589,201,0.29691552775650043,-0.02836226530951882,13861.53634810578
1200,91.44887876055482,91.44887876055482,0.013400386894698938,0.0,4.94496796122927,176,0.3603705456024635,-0.0720801775488486,12775.812282267978
1201,92.03681990136653,92.03681990136653,0.006408599224174433,0.0,4.94496796122927,176,0.3604372474780431,-0.022331523665557157,12780.251870386941
1202,92.57850459977527,92.57850459977527,0.0058682696504492714,0.0,4.94496796122927,176,0.36046446652764524,0.0009177892024076551,12785.735053240714
1203,92.41232732785465,92.41232732785465,-0.0017966005654180175,0.0,4.94496796122927,176,0.36045272101540604,-0.007047620735541835,12784.05293009646
1204,92.10848619378704,92.10848619378704,-0.0032933022880870717,0.0,4.94496796122927,176,0.36044468926606077,-0.0030158264647120593,12780.876801271826
1205,91.95645651176375,91.95645651176375,-0.0016519138773567468,0.0,4.94496796122927,176,0.36043719540750674,-0.002078710263539408,12779.37998971715
1206,92.54636915465461,92.54636915465461,0.006394640851233096,0.0,4.94496796122927,176,0.36045901302253414,0.0310073165858319,12785.463464385164
1207,93.00093955469727,93.00093955469727,0.004899788767031373,0.0,4.94496796122927,176,0.3605007092291533,0.04806389160699628,12789.876273739537
1208,93.56230160696059,93.56230160696059,0.006017945903408178,0.0,4.94496796122927,176,0.36055616044213085,0.0618993180651988,12795.30471714629
1209,93.22786669706025,93.22786669706025,-0.003580865848531788,0.0,4.94496796122927,176,0.36053489747360923,0.049286748314698654,12791.807193345996
1210,92.78537141724847,92.78537141724847,-0.0047576841194156725,0.0,4.94496796122927,176,0.3605089137792818,0.02915142987520261,12787.179573062213
1211,92.08315086205268,92.08315086205268,-0.0075970092030432125,0.0,4.94496796122927,176,0.3604804307735625,0.08580706856385822,12779.835743120582
1212,92.17449742631678,92.17449742631678,0.000991509145982712,0.0,4.94496796122927,176,0.36048657979596527,0.07960347916621324,12780.70113285528
1213,91.02234213181084,91.02234213181084,-0.01257849740506192,0.0,4.94496796122927,176,0.36046514179132066,0.07113917881801841,12769.495699020528
1214,90.90883905583395,90.90883905583395,-0.001247758520139747,0.0,4.94496796122927,176,0.3604761187708002,0.08250272061653192,12768.218085601175
1215,90.69617293402993,90.69617293402993,-0.0023420743368862077,0.0,4.94496796122927,176,0.360484520873548,0.09145343352031364,12766.132940732992
1216,90.59009174963248,90.59009174963248,-0.0011703169756443828,0.0,4.94496796122927,176,0.36049209834464047,0.10584879627498454,12765.022604754562
1217,89.98560310176957,89.98560310176957,-0.006695152483051477,0.0,4.94496796122927,176,0.3605407106153864,0.11080651718911827,12758.695511989838
1218,89.4357136189193,89.4357136189193,-0.006129608394455602,0.0,4.94496796122927,176,0.3606399788856383,0.1369700563249842,12752.166399658025
1219,89.02622088058573,89.02622088058573,-0.004589140627089077,0.0,4.94496796122927,176,0.36073756642692384,0.14735547478462288,12745.382995187487
1220,88.91073986180469,88.91073986180469,-0.0012979994095975325,0.0,4.94496796122927,176,0.3607624814870635,0.1430204243098705,12743.498085324098
1221,89.0506462966452,89.0506462966452,0.0015723238246640868,0.0,4.94496796122927,176,0.3607720427564525,0.14136143287859887,12744.12490044069
1222,88.87862036673883,88.87862036673883,-0.0019336446075727822,0.0,4.94496796122927,176,0.36080130160262747,0.13598859976657401,12742.21183816344
1223,88.70360333957163,88.70360333957163,-0.0019711103981041515,0.0,4.94496796122927,176,0.3608720894816133,0.13625990494316917,12739.556576004217
1224,88.7449600577902,88.7449600577902,0.0004661262754184274,0.0,4.94496796122927,176,0.36086065709215354,0.13683263383448027,12740.0709595935
1225,88.55797366766426,88.55797366766426,-0.0021092314212741653,0.0,4.94496796122927,176,0.3609141999950884,0.1322551655307339,12737.715831875232
1226,87.96002402562665,87.96002402562665,-0.0067749684113460485,0.0,4.94496796122927,176,0.3611264861766687,0.13465336202643974,12729.46727136455
1227,88.78292949112219,88.78292949112219,0.009311957229020638,0.0,4.94496796122927,176,0.36087027094582197,0.09323285685553602,12740.264549027508
1228,88.19108534792348,88.19108534792348,-0.006688511306469005,0.0,4.94496796122927,176,0.3610761537178495,0.10023011503872604,12732.128917905062
1229,88.01836446356732,88.01836446356732,-0.0019604049596373555,0.0,4.94496796122927,176,0.36112905647054744,0.09126647121098337,12729.929478437858
1230,88.4209163635671,88.4209163635671,0.004563072311274316,0.0,4.94496796122927,176,0.36098759688005444,0.09277136155636763,12735.493799431768
1231,88.63812746098465,88.63812746098465,0.002453545457957622,0.0,4.94496796122927,176,0.3609242112140936,0.10021100591497083,12738.017486142879
1232,88.71255200452963,88.71255200452963,0.0008392925038468423,0.0,4.94496796122927,176,0.360897459322732,0.10067090616706001,12738.949179761066
1233,88.19339264100724,88.19339264100724,-0.005869343225822323,0.0,4.94496796122927,176,0.3611119650602991,0.12050882554700731,12731.880262348639
1234,88.33009702871732,88.33009702871732,0.001548852396864561,0.0,4.94496796122927,176,0.3610621348438621,0.08959594887011489,12733.58426480919
1235,87.96230021364408,87.96230021364408,-0.004172583213479512,0.0,4.94496796122927,176,0.36121554943978806,0.103775978511114,12728.627155797793
1236,88.30642877333739,88.30642877333739,0.0039045949770248503,0.0,4.94496796122927,176,0.3610747571303146,0.0934413984189207,12733.066753215606
1237,88.59353652362607,88.59353652362607,0.0032459927496141052,0.0,4.94496796122927,176,0.36097404997168686,0.10172097331533926,12736.87183366066
1238,88.77383056889808,88.77383056889808,0.002033002015254466,0.0,4.94496796122927,176,0.360906132029677,0.09717405309403405,12739.1610547786
1239,88.525648147574,88.525648147574,-0.0027995861603051834,0.0,4.94496796122927,176,0.36099701151613917,0.06993944648807786,12736.067790364405
1240,87.82064020432271,87.82064020432271,-0.007995764536903495,0.0,4.94496796122927,176,0.3613131603673317,0.027690663575097474,12726.251345436345
1241,88.10290514214762,88.10290514214762,0.003208952837832994,0.0,4.94496796122927,176,0.3611985359567092,0.03351706598152267,12729.914682356442
1242,87.85483290871699,87.85483290871699,-0.00281968159558,0.0,4.94496796122927,176,0.36131334601163656,0.021212789382125747,12726.406089573462
1243,87.83194776424868,87.83194776424868,-0.0002605221008670349,0.0,4.94496796122927,176,0.36132370756439824,0.014795045404922361,12726.08774332359
1244,88.44021627657173,88.44021627657173,0.006901497238475367,0.0,4.94496796122927,176,0.36105410649351233,0.015178798151764759,12734.480185640205
1245,88.59558655820638,88.59558655820638,0.0017552418102606833,0.0,4.94496796122927,176,0.3610159351518538,0.023516411664957885,12735.839428590803
1246,88.89322464855273,88.89322464855273,0.0033538831808264656,0.0,4.94496796122927,176,0.36095013999603415,0.02700829086081669,12737.970355144662
1247,89.18075638979015,89.18075638979015,0.003229354332882812,0.0,4.94496796122927,176,0.3609412587111391,0.03253871110691834,12739.925495953854
1248,89.06070851354683,89.06070851354683,-0.0013470254461882068,0.0,4.94496796122927,176,0.36098911276494633,0.030243706994087884,12737.92878508578
1249,88.76900026103223,88.76900026103223,-0.0032807624347188286,0.0,4.94496796122927,176,0.3610596613673365,0.03418169367014968,12734.266965341118
1250,89.05892716751936,89.05892716751936,0.0032607607541549847,0.0,4.94496796122927,176,0.36101906781998605,0.07238793527433073,12736.101459102038
1251,89.48358594796647,89.48358594796647,0.00475695758757332,0.0,4.94496796122927,176,0.3609932399491816,0.08775344023506498,12738.94241293132
1252,89.50933620399556,89.50933620399556,0.00028772373675045425,0.0,4.94496796122927,176,0.360996439836154,0.09111149619474036,12739.01740362369
1253,88.73799623990648,88.73799623990648,-0.008654769395736181,0.0,4.94496796122927,176,0.3611195800474017,0.07235249047220976,12732.750683086855
1254,88.52714719538342,88.52714719538342,-0.0023789126262927143,0.0,4.94496796122927,176,0.36118590993585076,0.059548036115013525,12730.808235014909
1255,88.2806668676155,88.2806668676155,-0.002788117581161103,0.0,4.94496796122927,176,0.36125244006256463,0.0822667479529131,12728.566418524359
1256,88.4686330589251,88.4686330589251,0.002126925110854898,0.0,4.94496796122927,176,0.36122648343452957,0.08228822086129634,12730.763050682255
1257,89.47617868356005,89.47617868356005,0.011324369417266413,0.0,4.94496796122927,176,0.3611295379878563,0.09577235420425433,12742.676743312632
1258,89.39124786626185,89.39124786626185,-0.000949651094324399,0.0,4.94496796122927,176,0.36113190997811473,0.08920306350830792,12741.307810961143
1259,89.08135448936477,89.08135448936477,-0.0034727312119179053,0.0,4.94496796122927,176,0.36114624895284464,0.149831351775495,12737.449790735483
1260,88.98088300078243,88.98088300078243,-0.001128498671713263,0.0,4.94496796122927,176,0.3611521275955577,0.10056283513502397,12735.877024187954
1261,88.9388797051441,88.9388797051441,-0.0004721599869496824,0.0,4.94496796122927,176,0.3611598257320267,0.06848454057718512,12735.25082697289
1262,88.86645208316786,88.86645208316786,-0.0008146845232784837,0.0,4.94496796122927,176,0.36117987477622515,0.07689596267938446,12734.219326221682
1263,89.30436103150733,89.30436103150733,0.004915618023636666,0.0,4.94496796122927,176,0.36116429865340743,0.07177430019078752,12739.174651940777
1264,89.85300427473305,89.85300427473305,0.006124726799351365,0.0,4.94496796122927,176,0.3611806333303007,0.0957872149229332,12744.96171029458
1265,90.07742819394453,90.07742819394453,0.0024945645104284884,0.0,4.94496796122927,176,0.361200342011911,0.11702589238873015,12747.302827661671
1266,89.58479782237241,89.58479782237241,-0.005483975314209614,0.0,4.94496796122927,176,0.3612034564870039,0.07743137996397526,12741.453229095716
1267,89.60583298073111,89.60583298073111,0.0002347796685692081,0.0,4.94496796122927,176,0.3612094273302176,0.046357638121222754,12741.552226068567
1268,89.46299057990967,89.46299057990967,-0.0015953914062636111,0.0,4.94496796122927,176,0.36121105452739083,0.063552283884301,12739.923306248342
1269,89.17317757351732,89.17317757351732,-0.003244732168828587,0.0,4.94496796122927,176,0.36120271988384994,0.05580265769350829,12736.888662955524
1270,89.20889323669489,89.20889323669489,0.00040044006096128106,0.0,4.94496796122927,176,0.36120470800448534,0.029708578116626784,12737.252729425063
1271,88.72506705202123,88.72506705202123,-0.005438280318311885,0.0,4.94496796122927,176,0.36125172934493044,0.035784672174859346,12731.505770355556
1272,88.92568805513362,88.92568805513362,0.0022586010205999235,0.0,4.94496796122927,176,0.36121623576671275,0.04011422832150739,12733.943118696014
1273,89.40710147842131,89.40710147842131,0.005399058624867401,0.0,4.94496796122927,176,0.36119764617767014,0.04977491442584218,12739.641964242992
1274,89.04896080365536,89.04896080365536,-0.0040137740461289075,0.0,4.94496796122927,176,0.36121584640301363,0.027255827188218486,12735.217489296638
1275,88.38211210800414,88.38211210800414,-0.0075167424119104344,0.0,4.94496796122927,176,0.36135962757962764,0.04882115175186063,12726.292444828905
1276,87.84958868790184,87.84958868790184,-0.006043464807936585,0.0,4.94496796122927,176,0.3615027181160564,0.07920389783424468,12716.414638522705
1277,88.209859642042,88.209859642042,0.004092611449368054,0.0,4.94496796122927,176,0.36150370680647137,0.02422774233809617,12718.808038956631
1278,88.30317003871937,88.30317003871937,0.0010572636539981453,0.0,4.94496796122927,176,0.3615171105188277,0.006579516763858879,12719.112574208113
1279,88.58065122223589,88.58065122223589,0.0031374425219327286,0.0,4.94496796122927,176,0.36151343188727136,0.005491333686679085,12721.290077036403
1280,88.78846683948076,88.78846683948076,0.0023433133638015935,0.0,4.94496796122927,176,0.36149362662752027,0.0146793835650254,12723.474272498554
1281,88.74738995419109,88.74738995419109,-0.0004627446732678748,0.0,4.94496796122927,176,0.36150186112167343,0.016602479575020784,12722.895821344593
1282,88.75481030603545,88.75481030603545,8.360856189731802e-05,0.0,4.94496796122927,176,0.3615009236862623,0.013106204886755516,12722.783811128045
1283,88.36433558996728,88.36433558996728,-0.004409182832163665,0.0,4.94496796122927,176,0.3616092614467833,0.013422348967061222,12717.084629848932
1284,87.80684599967513,87.80684599967513,-0.006328974423136767,0.0,4.94496796122927,176,0.3617292510412583,0.03844282120406022,12708.68832530513
1285,87.43903396338318,87.43903396338318,-0.004197674449800807,0.0,4.94496796122927,176,0.3618258075697053,0.04889488017344344,12702.975269559876
1286,86.68879315405638,86.68879315405638,-0.0086171804267974,0.0,4.94496796122927,176,0.36213963126842824,0.13062324536537517,12693.172575893825
1287,86.34993734076288,86.34993734076288,-0.003916536436370401,0.0,4.94496796122927,176,0.3622817183551119,0.22553453050852776,12687.623293951227
1288,86.06241556425894,86.06241556425894,-0.003335283559383367,0.0,4.94496796122927,176,0.36242746296359396,0.23231010279837183,12683.688483969627
1289,86.50670973956244,86.50670973956244,0.005149184782534767,0.0,4.94496796122927,176,0.3622286346784666,0.2187309591729087,12689.847448119066
1290,86.58967266475713,86.58967266475713,0.0009585749903605997,0.0,4.94496796122927,176,0.3621975460406338,0.21670831429038775,12690.524527765892
1291,87.17567233745012,87.17567233745012,0.006744749871633775,0.0,4.94496796122927,176,0.36201610093603787,0.21404543286346328,12698.325430259752
1292,86.81020831825919,86.81020831825919,-0.004201082930667892,0.0,4.94496796122927,176,0.36219555341850423,0.19247561714776826,12693.400401169072
1293,86.72353935750677,86.72353935750677,-0.0009988716214493795,0.0,4.94496796122927,176,0.3622385582355526,0.20966531643925954,12692.120099721691
1294,86.29511624328384,86.29511624328384,-0.004952344454997571,0.0,4.94496796122927,176,0.3624137942743377,0.21602578392592506,12684.848306791635
1295,85.60753402343444,85.60753402343444,-0.007999712460747077,0.0,4.94496796122927,176,0.3628054556337445,0.2525662993115594,12673.190217511166
1296,85.85768814088297,85.85768814088297,0.0029178429511393105,0.0,4.94496796122927,176,0.36269898193507666,0.21739438560038865,12675.996772852397
1297,86.05057218125282,86.05057218125282,0.002244035521626578,0.0,4.94496796122927,176,0.3626192481934728,0.21845629355209728,12678.058376453924
1298,85.28719005253444,85.28719005253444,-0.008910904053748987,0.0,4.94496796122927,176,0.3629767684712514,0.192389253361476,12668.634739744102
1299,86.04391074452235,86.04391074452235,0.00883348801320481,0.0,4.94496796122927,176,0.3626418467539268,0.10429100337903349,12677.138126787258
1300,86.77537957500002,86.77537957500002,0.00846517998267093,0.0,4.94496796122927,176,0.36228556353130587,0.18795108826742202,12687.868278962957
1301,86.99301681931182,86.99301681931182,0.0025049130063515674,0.0,4.94496796122927,176,0.3622761399188297,0.21377338926537293,12689.51395049781
1302,86.80866172426975,86.80866172426975,-0.002121442850587655,0.0,4.94496796122927,176,0.3623452501724747,0.21012710968817486,12685.785201219587
1303,86.40109259050179,86.40109259050179,-0.004706084684327144,0.0,4.94496796122927,176,0.3624807994143766,0.21348423984204778,12681.057255038308
1304,87.07542347392919,87.07542347392919,0.007774358110691999,0.0,4.94496796122927,176,0.3623025279029662,0.1732160105567387,12689.952286384952
1305,86.78292477101583,86.78292477101583,-0.0033647964775349102,0.0,4.94496796122927,176,0.3623732766324771,0.14774863705557212,12685.820410166769
1306,86.31945986577662,86.31945986577662,-0.005354819503660457,0.0,4.94496796122927,176,0.36257878710693525,0.14724989753047069,12679.21782398852
1307,85.49628092249498,85.49628092249498,-0.009582186568815558,0.0,4.94496796122927,176,0.36295047467435937,0.17378092719383764,12667.004098015335
1308,84.91258628816249,84.91258628816249,-0.006850546296288918,0.0,4.94496796122927,176,0.36325890942903427,0.20644716040586553,12659.167845940286
1309,84.63453905016189,84.63453905016189,-0.0032798844180550466,0.0,4.94496796122927,176,0.36340215485273725,0.22398741831183,12654.690895779793
1310,85.16585634892502,85.16585634892502,0.006258160136564268,0.0,4.94496796122927,176,0.3631493848974028,0.19193139874659493,12661.06299189909
1311,86.38851213412401,86.38851213412401,0.014254099122900989,0.0,4.94496796122927,176,0.36261777308292675,0.23007722570404213,12677.899962810225
1312,86.77721108269519,86.77721108269519,0.004489336505802122,0.0,4.94496796122927,176,0.36245936014771146,0.27532838714520463,12682.219261597516
1313,87.10217111258774,87.10217111258774,0.003737768148494946,0.0,4.94496796122927,176,0.36232934171746034,0.28634425848153394,12686.341481227464
1314,87.90063516115545,87.90063516115545,0.009125220403182352,0.0,4.94496796122927,176,0.3619791305863871,0.29131218139691667,12696.592888352568
1315,88.04927579617258,88.04927579617258,0.0016895793759540826,0.0,4.94496796122927,176,0.36192043816415814,0.30527143994527345,12698.696092135033
1316,87.95118979735493,87.95118979735493,-0.0011146107897123054,0.0,4.94496796122927,176,0.3619901249541552,0.28997307894143354,12696.375797910809
1317,87.89229525219186,87.89229525219186,-0.0006698519123259365,0.0,4.94496796122927,176,0.362025744981605,0.3195513040523112,12695.360896436001
1318,88.04498764253738,88.04498764253738,0.0017357597681400855,0.0,4.94496796122927,176,0.36196899707591335,0.31692442335624327,12696.997439409053
1319,87.88090409762813,87.88090409762813,-0.0018653717297111064,0.0,4.94496796122927,176,0.36206726813276585,0.31459396367236153,12693.657804456003
1320,87.83434503137006,87.83434503137006,-0.0005299376983895684,0.0,4.94496796122927,176,0.36210619478562184,0.31490822453026796,12692.569761977124
1321,87.73149963798674,87.73149963798674,-0.001171587848888986,0.0,4.94496796122927,176,0.36217251431618447,0.3148395696754951,12690.308673863572
1322,87.53944350245159,87.53944350245159,-0.0021915351051537157,0.0,4.94496796122927,176,0.362276695907492,0.3171711017700187,12687.428443861529
1323,87.56676419392916,87.56676419392916,0.00031204709483103325,0.0,4.94496796122927,176,0.3622682401622722,0.30008604558449486,12687.711085699253
1324,87.43053710723721,87.43053710723721,-0.0015569053144980035,0.0,4.94496796122927,176,0.3623669425866795,0.29486674093651444,12684.742786771438
1325,87.96656084843453,87.96656084843453,0.006112135447895639,0.0,4.94496796122927,176,0.36213806199471144,0.29316877483339926,12691.78160900196
1326,87.4610337802742,87.4610337802742,-0.005763385954808684,0.0,4.94496796122927,176,0.3624219492207519,0.27207720989913314,12683.452442576046
1327,87.47098562536216,87.47098562536216,0.00011377957143007934,0.0,4.94496796122927,176,0.3624675370024684,0.2708093277651565,12681.168668304255
1328,87.6723547845409,87.6723547845409,0.002299479357165393,0.0,4.94496796122927,176,0.36243590430269834,0.26836430199303185,12682.643677324226
1329,88.33076427491487,88.33076427491487,0.00748182833630112,0.0,4.94496796122927,176,0.3622338649104185,0.2738113327219857,12690.163092459217
1330,88.58366552903215,88.58366552903215,0.002859025424505724,0.0,4.94496796122927,176,0.36218771759247,0.28837301171306373,12692.345622893803
1331,88.08984974474329,88.08984974474329,-0.005590165220852689,0.0,4.94496796122927,176,0.36237263671719483,0.2858195423838821,12685.940835444326
1332,88.91066570396607,88.91066570396607,0.009274796077761995,0.0,4.94496796122927,176,0.3620890285607262,0.23441752096444582,12696.072303008077
1333,88.94853896920102,88.94853896920102,0.0004258791764753713,0.0,4.94496796122927,176,0.3620883238510625,0.25391229394820036,12696.397185718532
1334,89.19184015619074,89.19184015619074,0.0027315686591237944,0.0,4.94496796122927,176,0.36203478896650615,0.23762799112022617,12699.929308616353
1335,89.08308989848518,89.08308989848518,-0.001220028763006557,0.0,4.94496796122927,176,0.36206728599422483,0.21429867325397983,12698.179893384902
1336,88.92421241577756,88.92421241577756,-0.0017850674981330292,0.0,4.94496796122927,176,0.3621095678963367,0.2362566385574615,12695.73846125939
1337,89.25782196875313,89.25782196875313,0.0037445968551289657,0.0,4.94496796122927,176,0.36204293834707074,0.2299915948478403,12700.438390829788
1338,89.10395405254376,89.10395405254376,-0.0017253467397720984,0.0,4.94496796122927,176,0.3620776341980228,0.22348402487325975,12698.178422528063
1339,89.23729119695406,89.23729119695406,0.001495303782007212,0.0,4.94496796122927,176,0.3620476654183549,0.21859246975089436,12700.139240678911
1340,89.63673828330077,89.63673828330077,0.004466246458470875,0.0,4.94496796122927,176,0.3619677360246245,0.22132221629779297,12705.912298490946
1341,89.92531081295674,89.92531081295674,0.003214184506634756,0.0,4.94496796122927,176,0.36191610939752,0.22837481505482918,12710.00748348193
1342,89.60410789014534,89.60410789014534,-0.0035782800151364915,0.0,4.94496796122927,176,0.361982490601977,0.21899040513480325,12705.273840515641
1343,89.94690015313755,89.94690015313755,0.003818331996134813,0.0,4.94496796122927,176,0.3619081849325943,0.19188500878214518,12710.40124624432
1344,89.65129502171256,89.65129502171256,-0.0032918526611676944,0.0,4.94496796122927,176,0.3619711140284695,0.1680790814666197,12706.014202278584
1345,89.15250671614326,89.15250671614326,-0.005579183379189315,0.0,4.94496796122927,176,0.36210846239704325,0.15450495310341292,12698.031772510247
1346,89.23756926917083,89.23756926917083,0.0009536691882063809,0.0,4.94496796122927,176,0.3620915837862377,0.13350512285239424,12699.238472124409
1347,88.83418476470172,88.83418476470172,-0.004530591577034607,0.0,4.94496796122927,176,0.36222786675637064,0.12021288050824343,12692.813733167251
1348,89.0150488332836,89.0150488332836,0.002033903967672531,0.0,4.94496796122927,176,0.36216454174876384,0.12803122705237455,12695.516462016496
1349,89.47809358854037,89.47809358854037,0.005188387494475777,0.0,4.94496796122927,176,0.3620399383657811,0.13137213230629455,12702.799290301058
1350,89.74658851408135,89.74658851408135,0.002996184713515432,0.0,4.94496796122927,176,0.3619711536865051,0.13694440603068653,12707.022213497557
1351,89.92622844951295,89.92622844951295,0.001999634650644875,0.0,4.94496796122927,176,0.3619428111472983,0.16294467723492434,12709.497324120839
1352,89.74058804581786,89.74058804581786,-0.00206649701241073,0.0,4.94496796122927,176,0.3619671850716503,0.156910521262506,12707.045570953069
1353,90.64082794275885,90.64082794275885,0.009981597787207239,0.0,4.94496796122927,176,0.3618602750165542,0.1254273645238759,12718.935040999162
1354,90.66201707784936,90.66201707784936,0.0002337429970784457,0.0,4.94496796122927,176,0.36185691523238617,0.09077405868468114,12718.451397305496
1355,90.08478535664915,90.08478535664915,-0.006387207694297116,0.0,4.94496796122927,176,0.3621845609730464,0.10782110248974916,12705.43796853407
1356,89.78760741989667,89.78760741989667,-0.003304322609613302,0.0,4.94496796122927,176,0.36226365172447206,0.12511803000682473,12701.303811069716
1357,89.88447470491957,89.88447470491957,0.0010782676224670538,0.0,4.94496796122927,176,0.3622677626045257,0.13432977691779477,12701.2149084354
1358,90.05046249278234,90.05046249278234,0.0018449761622971689,0.0,4.94496796122927,176,0.36225128003043316,0.20024631010234187,12701.955095060848
1359,90.87985089897848,90.87985089897848,0.009168106771094765,0.0,4.94496796122927,176,0.3620924281168941,0.16179428802704213,12708.592123016437
1360,91.20912275300081,91.20912275300081,0.0036166079287575925,0.0,4.94496796122927,176,0.36203244383244654,0.1750506797523899,12711.596993595575
1361,91.46878860229923,91.46878860229923,0.0028428836552442504,0.0,4.94496796122927,176,0.3619941872764419,0.18279121532594836,12713.966653381041
1362,91.86483414321967,91.86483414321967,0.004320496710433386,0.0,4.94496796122927,176,0.36195318357289985,0.17469716106644942,12717.580887574983
1363,91.21256343391968,91.21256343391968,-0.007125658086148285,0.0,4.94496796122927,176,0.36203192927455974,0.17872107966186435,12711.628392577111
1364,91.3371518626436,91.3371518626436,0.0013649810175344692,0.0,4.94496796122927,176,0.3620134961184659,0.20432895613389782,12712.76536222514
1365,90.99602088850482,90.99602088850482,-0.0037418465002047392,0.0,4.94496796122927,176,0.3620687545117414,0.1826099853621239,12709.652267633848
1366,91.39638057065429,91.39638057065429,0.0043900987317042495,0.0,4.94496796122927,176,0.3620047772987252,0.12259845340097782,12713.305871837387
1367,91.99103365272155,91.99103365272155,0.006485234210396297,0.0,4.94496796122927,176,0.36194419360859087,0.07500433780351069,12718.732559631282
1368,92.0416400713908,92.0416400713908,0.0005499721209363801,0.0,4.94496796122927,176,0.3619440007395927,0.04322898116853122,12719.194383916345
1369,91.88556834591449,91.88556834591449,-0.0016971035909109223,0.0,4.94496796122927,176,0.3619514703688095,0.06581781747897969,12717.770103855994
1370,92.09194692075124,92.09194692075124,0.002243520476975996,0.0,4.94496796122927,176,0.36194386430816095,0.007134722865662816,12719.653474390447
1371,92.19352561972207,92.19352561972207,0.0011024060427323602,0.0,4.94496796122927,176,0.3619436302976852,-0.03936609487709845,12720.580461742313
1372,92.11050637927424,92.11050637927424,-0.0009008945182839958,0.0,4.94496796122927,176,0.361943815668535,-0.05001327805502827,12719.82284438123
1373,91.63914114534266,91.63914114534266,-0.005130527042994225,0.0,4.94496796122927,176,0.3619722225347678,-0.06133148573862726,12715.52125739113
1374,91.03468218972927,91.03468218972927,-0.006617928619428585,0.0,4.94496796122927,176,0.36206089894178306,-0.025253769566921984,12710.005083111944
1375,91.80042393756835,91.80042393756835,0.008376358800082627,0.0,4.94496796122927,176,0.36195852832360925,-0.07784250246285573,12716.993092628061
1376,91.99587370647612,91.99587370647612,0.002126809354557775,0.0,4.94496796122927,176,0.3619441726018356,-0.06962905519836698,12718.776729015792
1377,91.85321774292159,91.85321774292159,-0.00155188139424756,0.0,4.94496796122927,176,0.3619541458907685,-0.07115520890762617,12717.474878576446
1378,91.20532725180726,91.20532725180726,-0.00707853540930635,0.0,4.94496796122927,176,0.36203301145707184,-0.047818110126471955,12711.562356593564
1379,91.36576741770193,91.36576741770193,0.0017575641695691444,0.0,4.94496796122927,176,0.3620113262727125,-0.05928668146157877,12712.980459400798
1380,90.82287947845518,90.82287947845518,-0.005959641891218489,0.0,4.94496796122927,176,0.3621239372849033,-0.06539631289975639,12707.289425492485
1381,90.25979493020091,90.25979493020091,-0.006219108094959036,0.0,4.94496796122927,176,0.3622280098560838,-0.028216558984802048,12701.5521266439
1382,90.19232903541305,90.19232903541305,-0.0007477429076331944,0.0,4.94496796122927,176,0.3622726703213445,-0.021619105257000632,12700.028595857366
1383,90.22671033361182,90.22671033361182,0.000381127166347694,0.0,4.94496796122927,176,0.36228527240047437,-0.021829087150945507,12699.596929431116
1384,90.26600487917139,90.26600487917139,0.0004354142064299648,0.0,4.94496796122927,176,0.36228361007556614,-0.011633452764464173,12699.740296615742
1385,90.66715146489176,90.66715146489176,0.004434203781218091,0.0,4.94496796122927,176,0.3621632804891751,0.01927890980746027,12703.433856869557
1386,90.91078016661527,90.91078016661527,0.0026834631910547897,0.0,4.94496796122927,176,0.3621009808688118,0.024681767699300187,12705.677070002626
1387,91.33927977700405,91.33927977700405,0.004702334804183919,0.0,4.94496796122927,176,0.36200671186113825,0.03272595486921733,12709.622483440124
1388,91.57738840451584,91.57738840451584,0.0026034670800803216,0.0,4.94496796122927,176,0.36196067598432863,0.029845349455324886,12711.8148704477
1389,91.09131519287295,91.09131519287295,-0.005321922686464655,0.0,4.94496796122927,176,0.36205599540275724,0.004710934797830812,12707.339347636647
1390,90.8099773188145,90.8099773188145,-0.003093305105272806,0.0,4.94496796122927,176,0.3621266818148183,0.03730118082479014,12704.748927011107
1391,90.69915653900223,90.69915653900223,-0.0012211043183032691,0.0,4.94496796122927,176,0.36215503754587614,0.0941992301520445,12703.728543834031
1392,90.37470368843425,90.37470368843425,-0.003583655834088128,0.0,4.94496796122927,176,0.36224950992483995,0.10576347759155538,12700.74114173277
1393,89.94389067313011,89.94389067313011,-0.004778362836619281,0.0,4.94496796122927,176,0.36238638342807367,0.12161281182410554,12696.774427601835
1394,89.85021611169776,89.85021611169776,-0.0010420204708989633,0.0,4.94496796122927,176,0.3624164673994518,0.13166347880816445,12695.911918361531
1395,89.0064926472239,89.0064926472239,-0.009434700312769823,0.0,4.94496796122927,176,0.36269326832414833,0.1292720304081424,12688.143328114167
1396,89.14040780933088,89.14040780933088,0.001503424274996128,0.0,4.94496796122927,176,0.36264832119530727,0.1225720903008164,12689.376352992722
1397,88.80364088414923,88.80364088414923,-0.003785092333502771,0.0,4.94496796122927,176,0.362762491987022,0.12319545081879713,12686.275568955345
1398,89.83711442001044,89.83711442001044,0.011570540708616272,0.0,4.94496796122927,176,0.36242068359010743,0.07734986394662578,12695.791284435189
1399,90.27767870737841,90.27767870737841,0.004892048658026847,0.0,4.94496796122927,176,0.36227992701083944,0.11494426932718783,12699.847783478177
1400,90.08372283960443,90.08372283960443,-0.002150747786120421,0.0,4.733827934128994,145,0.42040083226979524,0.09628175750451941,11585.864337362014
1401,89.5154642322735,89.5154642322735,-0.00632809661236854,0.0,4.733827934128994,145,0.42042084048960554,0.1143407069425029,11585.429190376164
1402,88.81924526268861,88.81924526268861,-0.0078080426257586995,0.0,4.733827934128994,145,0.4204455847589807,0.15719559062512037,11584.896057076998
1403,88.71079797698083,88.71079797698083,-0.0012217346114283968,0.0,4.733827934128994,145,0.4204494904185546,0.17481733066515417,11584.813013003595
1404,89.01257639737683,89.01257639737683,0.0033960497486206598,0.0,4.733827934128994,145,0.4204406867923853,0.1584139679843755,11585.003592022353
1405,89.33495990781454,89.33495990781454,0.003615232015458975,0.0,4.733827934128994,145,0.4204362735539231,0.17470958761752933,11585.104555200267
1406,89.29769802775883,89.29769802775883,-0.00041719001471271906,0.0,4.733827934128994,145,0.4204440543605811,0.17686684767686836,11584.899985098804
1407,88.20406200179197,88.20406200179197,-0.012322693191211011,0.0,4.733827934128994,145,0.42046500027800593,0.17102381524296445,11584.412403333035
1408,87.12753931555261,87.12753931555261,-0.012280002079256228,0.0,4.733827934128994,145,0.4205400510097557,0.24233458465090685,11582.583370361705
1409,85.93364075419967,85.93364075419967,-0.013797635050082118,0.0,4.733827934128994,145,0.4206043140590835,0.3032958957726687,11581.019390011048
1410,86.24528133087954,86.24528133087954,0.00361996594265228,0.0,4.733827934128994,145,0.42058731338822536,0.26373629940179333,11581.427632180168
1411,86.3292173161487,86.3292173161487,0.0009727508124998142,0.0,4.733827934128994,145,0.4205828009233977,0.27071319555000384,11581.537586439199
1412,86.29897810095596,86.29897810095596,-0.0003503392412689061,0.0,4.733827934128994,145,0.42058442659760364,0.28016582360502323,11581.497973745198
1413,85.48013123565121,85.48013123565121,-0.009533791050107885,0.0,4.733827934128994,145,0.4206295388361594,0.2774030409568334,11580.425302708487
1414,85.59655649118965,85.59655649118965,0.0013610887030743306,0.0,4.733827934128994,145,0.42062306286822826,0.26861555555784883,11580.57781718323
1415,85.83128532491816,85.83128532491816,0.0027385164269347322,0.0,4.733827934128994,145,0.42061000697229733,0.2681608934479506,11580.885306693284
1416,85.53594606021146,85.53594606021146,-0.003446861511694687,0.0,4.733827934128994,145,0.4206264342048622,0.2652219218527223,11580.498418877409
1417,85.86120895703051,85.86120895703051,0.0037954339119091835,0.0,4.733827934128994,145,0.42060834263423946,0.252267597083508,11580.924505980525
1418,87.09476319341621,87.09476319341621,0.014264614720917517,0.0,4.733827934128994,145,0.4205417892264509,0.2472502989589577,11582.540434376479
1419,86.78176025309529,86.78176025309529,-0.0036002937281580318,0.0,4.733827934128994,145,0.4205584733340949,0.2099696584996539,11582.130407541532
1420,86.52428003042317,86.52428003042317,-0.002971395707801888,0.0,4.733827934128994,145,0.4205723145288199,0.2058562056102956,11581.793114221999
1421,86.22643795568362,86.22643795568362,-0.0034482330763225067,0.0,4.733827934128994,145,0.4205883264347279,0.198356830482918,11581.40294778109
1422,85.65981615491046,85.65981615491046,-0.006593009501382048,0.0,4.733827934128994,145,0.42061954422250997,0.22443417327691667,11580.660685924555
1423,86.10470960292467,86.10470960292467,0.005180283192425497,0.0,4.733827934128994,145,0.42059127891645365,0.21283282359816252,11581.170172740167
1424,86.21921145201807,86.21921145201807,0.0013289143520343932,0.0,4.733827934128994,145,0.4206010443763947,0.2244118256274343,11581.645141919462
1425,86.14470693450077,86.14470693450077,-0.0008645025345779179,0.0,4.733827934128994,145,0.42059469023920126,0.23401989031757825,11581.336087089177
1426,86.4315706969426,86.4315706969426,0.003324489675938819,0.0,4.733827934128994,145,0.4206191536292675,0.21304376682547616,11582.52603683143
1427,86.18481280104818,86.18481280104818,-0.00285903410764121,0.0,4.733827934128994,145,0.42059811072062364,0.2075530400356781,11581.502451655948
1428,86.00505200442412,86.00505200442412,-0.0020879377788292235,0.0,4.733827934128994,145,0.4205828923521415,0.2093723338060862,11580.756779522982
1429,85.58995706630633,85.58995706630633,-0.004838086492672262,0.0,4.733827934128994,145,0.4205482505656147,0.21084908310619208,11579.034909495136
1430,85.38357183551973,85.38357183551973,-0.0024142372489584117,0.0,4.733827934128994,145,0.4205354397703637,0.20994202003126997,11578.07034376715
1431,85.58769763767353,85.58769763767353,0.002387838609056061,0.0,4.733827934128994,145,0.4205589509523147,0.2060802756330224,11578.744967554903
1432,85.25009994875957,85.25009994875957,-0.00395226505064169,0.0,4.733827934128994,145,0.4205351734697691,0.20038060030207547,11577.237863223712
1433,85.06499509653578,85.06499509653578,-0.002173676092040415,0.0,4.733827934128994,145,0.42051956668228047,0.19116021941530362,11576.506528431777
1434,84.75782031051462,84.75782031051462,-0.003617595436566458,0.0,4.733827934128994,145,0.4204945223047872,0.22598477916561427,11575.224107194581
1435,84.35985609224916,84.35985609224916,-0.004706367321290486,0.0,4.733827934128994,145,0.42051927161987745,0.22128309022284945,11573.431173213925
1436,83.64826079540998,83.64826079540998,-0.008471013963400154,0.0,4.733827934128994,145,0.4206354888411599,0.230636210216528,11570.225248335206
1437,83.64957679549534,83.64957679549534,1.5732421940779877e-05,0.0,4.733827934128994,145,0.42064489190842885,0.2235805550915975,11569.922543347522
1438,83.45364706743912,83.45364706743912,-0.0023450154139850517,0.0,4.733827934128994,145,0.4206620954429244,0.23827642003753519,11569.524799012768
1439,83.00597725341588,83.00597725341588,-0.00537873247203303,0.0,4.733827934128994,145,0.42073750362684403,0.24887084437529333,11567.506994091778
1440,82.94833862502178,82.94833862502178,-0.0006946325005966173,0.0,4.733827934128994,145,0.42075770473261687,0.2365034594561708,11566.940924945828
1441,83.33025079962937,83.33025079962937,0.004593650301092823,0.0,4.733827934128994,145,0.4207306606882371,0.23944413636329542,11567.50704833112
1442,83.46268809257509,83.46268809257509,0.0015880446937140288,0.0,4.733827934128994,145,0.4207080009826997,0.24838812527141593,11568.101665945907
1443,83.14821586011148,83.14821586011148,-0.003774934274313465,0.0,4.733827934128994,145,0.42077211439290485,0.24156306119895649,11566.384633905023
1444,83.39280365506337,83.39280365506337,0.0029372700072746822,0.0,4.733827934128994,145,0.4207533966264428,0.2267898404033379,11566.792387788431
1445,83.76530150454582,83.76530150454582,0.004456840016423368,0.0,4.733827934128994,145,0.42072726730632537,0.22770868098496494,11567.343083344158
1446,83.58986791816858,83.58986791816858,-0.0020965429540315966,0.0,4.733827934128994,145,0.4207574743832934,0.21176356275291272,11566.559855588706
1447,83.13109689873343,83.13109689873343,-0.005503473158096771,0.0,4.733827934128994,145,0.4208392827529289,0.20009395135132155,11564.511660580905
1448,83.11026445317404,83.11026445317404,-0.00025062891086826187,0.0,4.733827934128994,145,0.4208539998924362,0.20870803181174893,11564.116411059089
1449,82.3242780564426,82.3242780564426,-0.009502154734479051,0.0,4.733827934128994,145,0.42091533075019516,0.192778626800364,11562.806088090458
1450,82.26659867595225,82.26659867595225,-0.000700881895723793,0.0,4.733827934128994,145,0.4209223715010999,0.18855322628222249,11562.64029391017
1451,82.52190860999103,82.52190860999103,0.003098640099665285,0.0,4.733827934128994,145,0.42087620727909114,0.1891872589365835,11563.78629991533
1452,82.75185857141535,82.75185857141535,0.002782657087383812,0.0,4.733827934128994,145,0.4208346363870773,0.19559697756992772,11564.818472978513
1453,82.99516551662242,82.99516551662242,0.002935885230030861,0.0,4.733827934128994,145,0.42079130441434237,0.2065435941889575,11565.910601341455
1454,82.64333690728958,82.64333690728958,-0.004248156476907563,0.0,4.733827934128994,145,0.4208652865608574,0.1998132216064969,11564.028213229452
1455,82.87794938995896,82.87794938995896,0.002834833452969566,0.0,4.733827934128994,145,0.4208469637292928,0.21207136660427647,11564.419337205703
1456,82.14426690554237,82.14426690554237,-0.008891982365460396,0.0,4.733827934128994,145,0.42090426719286256,0.19140899354109545,11563.196210425125
1457,82.871876265681,82.871876265681,0.008818701754073224,0.0,4.733827934128994,145,0.42084997974964194,0.15683957275611776,11564.339369080477
1458,82.53054326113556,82.53054326113556,-0.004127309504461124,0.0,4.733827934128994,145,0.4209115414117357,0.1031382942199439,11562.811423935062
1459,83.03726896785307,83.03726896785307,0.006121084551972928,0.0,4.733827934128994,145,0.420820155933904,0.09247455722623864,11565.079733982217
1460,82.77230412013438,82.77230412013438,-0.0031960165908974797,0.0,4.733827934128994,145,0.42086793656316396,0.08183214327492633,11563.893643720256
1461,83.02978122947309,83.02978122947309,0.0031058392995425856,0.0,4.733827934128994,145,0.42082349222770893,0.056783494850740926,11565.007337475678
1462,83.60042359676564,83.60042359676564,0.006849233591438375,0.0,4.733827934128994,145,0.4207389436162501,0.07663775833512845,11567.250407658346
1463,83.84450559844005,83.84450559844005,0.002915372543398886,0.0,4.733827934128994,145,0.4207092386054641,0.09518083700817072,11568.063496901466
1464,83.55783769804698,83.55783769804698,-0.0034249004519824188,0.0,4.733827934128994,145,0.42075737392456614,0.07759118309390614,11566.779319009076
1465,84.14459348081398,84.14459348081398,0.006997610862581791,0.0,4.733827934128994,145,0.4206812012213117,0.06279876828679479,11568.842400812864
1466,83.99669051628501,83.99669051628501,-0.0017592705272616244,0.0,4.733827934128994,145,0.42069813583935844,0.06321729812540403,11568.365416696355
1467,84.4939350387514,84.4939350387514,0.005902357646356161,0.0,4.733827934128994,145,0.42064314150067544,-0.019919113922320545,11569.969020383365
1468,83.95825349131302,83.95825349131302,-0.00636006403743802,0.0,4.733827934128994,145,0.4207025370368085,-0.14792472789230693,11568.241458055933
1469,83.91235993070687,83.91235993070687,-0.0005467730273211456,0.0,4.733827934128994,145,0.4207077921618014,-0.12743450984928348,11568.093452236515
1470,83.56656305006129,83.56656305006129,-0.004129443465208551,0.0,4.733827934128994,145,0.42074764256986225,-0.1319958063793977,11566.978264179721
1471,83.55505996844823,83.55505996844823,-0.00013766120054909905,0.0,4.733827934128994,145,0.420748971202022,-0.1334826987408074,11566.941166970495
1472,83.32718737882442,83.32718737882442,-0.002730940347095011,0.0,4.733827934128994,145,0.42077531872553386,-0.13211341876404903,11566.206282404895
1473,83.04255854356116,83.04255854356116,-0.0034216450999532662,0.0,4.733827934128994,145,0.42080998137522546,-0.12164467153649755,11565.288360076876
1474,82.96974175324198,82.96974175324198,-0.0008772457806890087,0.0,4.733827934128994,145,0.4208299865948647,-0.12592266582720954,11564.750514447449
1475,82.58884092716605,82.58884092716605,-0.004601410473271073,0.0,4.733827934128994,145,0.4208380209948342,-0.11672678792299282,11564.592181435857
1476,82.40675737406396,82.40675737406396,-0.0022071331465101087,0.0,4.733827934128994,145,0.42084186178907096,-0.10235011992668296,11564.516492869832
1477,82.24126974403575,82.24126974403575,-0.002010199437568825,0.0,4.733827934128994,145,0.42084535255946565,-0.15674214468996206,11564.447702903915
1478,82.19572673331373,82.19572673331373,-0.0005539265841894066,0.0,4.733827934128994,145,0.4208463132439557,-0.15260863145239575,11564.42877156654
1479,82.26835395059479,82.26835395059479,0.0008831985890177693,0.0,4.733827934128994,145,0.420844781246572,-0.1580528006021889,11564.458961278004
1480,81.68583118417578,81.68583118417578,-0.007105951179265532,0.0,4.733827934128994,145,0.42085960996463323,-0.16830881905063133,11564.147003771726
1481,81.99783188969039,81.99783188969039,0.003812244637242866,0.0,4.733827934128994,145,0.4208317335680518,-0.20785897393215946,11564.861868562553
1482,81.96900008573097,81.96900008573097,-0.0003516784938662937,0.0,4.733827934128994,145,0.4208323417100059,-0.17853271004433724,11564.84988374646
1483,82.3368813217677,82.3368813217677,0.004478011957122846,0.0,4.733827934128994,145,0.4208245821786353,-0.19007800166222363,11565.002804769523
1484,82.82363401120986,82.82363401120986,0.005894315572083906,0.0,4.733827934128994,145,0.42081431566766936,-0.14963621607656433,11565.205138327088
1485,82.48477883093236,82.48477883093236,-0.0040996782808156084,0.0,4.733827934128994,145,0.42082192340280433,-0.1686316200260033,11565.055265013643
1486,82.79469518471497,82.79469518471497,0.0037502142217357938,0.0,4.733827934128994,145,0.4208125674853776,-0.17409558629759625,11565.235603685935
1487,82.48194663146191,82.48194663146191,-0.003784550836744516,0.0,4.733827934128994,145,0.42083588430672314,-0.18878010372188397,11564.72112201565
1488,82.78045765865258,82.78045765865258,0.003612574234543198,0.0,4.733827934128994,145,0.4208269824201052,-0.20369487317347434,11564.89284149914
1489,82.67447682706643,82.67447682706643,-0.0012810841382278673,0.0,4.733827934128994,145,0.42083376209745715,-0.2168663245737412,11564.745482039365
1490,83.00007667353785,83.00007667353785,0.0039306007928331934,0.0,4.733827934128994,145,0.4208082820921413,-0.21143079643800314,11565.289265026855
1491,82.61333587560651,82.61333587560651,-0.004670412800129177,0.0,4.733827934128994,145,0.420838546985391,-0.21749444536523446,11564.64337078347
1492,82.31866940957397,82.31866940957397,-0.003573191013358261,0.0,4.733827934128994,145,0.4208616087538984,-0.2117423823636399,11564.151249509616
1493,81.68781382000837,81.68781382000837,-0.007693094669236025,0.0,4.733827934128994,145,0.4209141797343591,-0.18817249150232584,11563.02769132821
1494,81.57031363493407,81.57031363493407,-0.0014394408069515292,0.0,4.733827934128994,145,0.4209468914829374,-0.19548266943839,11562.193214318711
1495,81.73112363868627,81.73112363868627,0.0019694873286753324,0.0,4.733827934128994,145,0.4209364829210938,-0.2287227054412913,11562.3920261075
1496,81.253104371952,81.253104371952,-0.005865851477989147,0.0,4.733827934128994,145,0.4210356391847882,-0.24459717972042197,11559.933236386305
1497,81.44736240037344,81.44736240037344,0.0023879233364595296,0.0,4.733827934128994,145,0.4210225883169809,-0.25613471949532507,11560.188428648298
1498,81.83399660595518,81.83399660595518,0.004735812226834335,0.0,4.733827934128994,145,0.4209513250324863,-0.2470058968606177,11561.929719662516
1499,81.81492570674168,81.81492570674168,-0.00023307088162050548,0.0,4.733827934128994,145,0.4209548209241066,-0.25457330875838224,11561.843829731013
1500,82.28198628836729,82.28198628836729,0.005692512274517354,0.0,4.733827934128994,145,0.42088070313009285,-0.24442990443225807,11563.644235626292
1501,82.75314766741344,82.75314766741344,0.005709846719697397,0.0,4.733827934128994,145,0.42084382619233773,-0.21904413878133808,11564.431120340963
1502,83.16273965207576,83.16273965207576,0.004937354985679336,0.0,4.733827934128994,145,0.4208117722556488,-0.18418765809942905,11565.115178258942
1503,82.80304322957939,82.80304322957939,-0.004334592100083966,0.0,4.733827934128994,145,0.42083992125198233,-0.1922494891979854,11564.514450717654
1504,83.43849282580072,83.43849282580072,0.007644932863359266,0.0,4.733827934128994,145,0.42079048170183564,-0.22210197595865178,11565.575712519763
1505,83.76155751480235,83.76155751480235,0.003864413801182154,0.0,4.733827934128994,145,0.4207657007154215,-0.1909788434201234,11566.11526155101
1506,83.75681152724702,83.75681152724702,-5.666229421564362e-05,0.0,4.733827934128994,145,0.4207660647442095,-0.20163817732207126,11566.107335296378
1507,83.64697737797435,83.64697737797435,-0.0013122064410980097,0.0,4.733827934128994,145,0.4207744894299762,-0.2082105376001378,11565.923901727636
1508,83.5127878309737,83.5127878309737,-0.0016055248182246433,0.0,4.733827934128994,145,0.4207847826275833,-0.20836279193309526,11565.699792307594
1509,83.58005138839854,83.58005138839854,0.0008051040532005236,0.0,4.733827934128994,145,0.4207796230321098,-0.23588179105473606,11565.812128902966
1510,83.65882973340385,83.65882973340385,0.0009421056910164167,0.0,4.733827934128994,145,0.4207735802975843,-0.23309044017647665,11565.943696298531
1511,83.92343760951864,83.92343760951864,0.0031579486327933965,0.0,4.733827934128994,145,0.4207532896632864,-0.23775084442140818,11566.385616842863
1512,84.72575386461278,84.72575386461278,0.009514689051673731,0.0,4.733827934128994,145,0.42069256029809626,-0.20419482964717772,11567.725561977464
1513,84.8403158756511,84.8403158756511,0.0013512376461259623,0.0,4.733827934128994,145,0.42068400124179234,-0.18741411555474816,11567.916891529028
1514,85.35480824900107,85.35480824900107,0.006045930436533772,0.0,4.733827934128994,145,0.42064557513900835,-0.1717478439271362,11568.77614316214
1515,85.37548497411595,85.37548497411595,0.0002422150729741341,0.0,4.733827934128994,145,0.4206440379614922,-0.1550505937152589,11568.810675277176
1516,86.28081722700739,86.28081722700739,0.010548294885745137,0.0,4.733827934128994,145,0.42057694038407295,-0.08994416155423822,11570.3226670133
1517,86.47477902655828,86.47477902655828,0.002245506197869183,0.0,4.733827934128994,145,0.4205625674267226,-0.047081821994782676,11570.64660183072
1518,86.02923871918921,86.02923871918921,-0.005165575896647066,0.0,4.733827934128994,145,0.4205955840537159,-0.031290651932488936,11569.902506764296
1519,86.3169323608632,86.3169323608632,0.003338558751724688,0.0,4.733827934128994,145,0.42057426411943455,-0.0268877321513339,11570.382982752373
1520,85.37015322543576,85.37015322543576,-0.011029236470284035,0.0,4.733827934128994,145,0.42064443316938427,-0.04216614882736056,11568.801770745256
1521,84.7151699795656,84.7151699795656,-0.007701857764673958,0.0,4.733827934128994,145,0.4206958908176228,0.02000908653567976,11567.638050787451
1522,84.94528210774932,84.94528210774932,0.002712621196699085,0.0,4.733827934128994,145,0.42067263743513,-0.00891129885964169,11568.214674610717
1523,84.95658528673152,84.95658528673152,0.00013305538275963652,0.0,4.733827934128994,145,0.4206738436680183,-0.001246383685514228,11568.185690300186
1524,84.9248003404526,84.9248003404526,-0.00037420164113295717,0.0,4.733827934128994,145,0.4206821730961036,0.019192693437830817,11567.994423791411
1525,85.32377286469635,85.32377286469635,0.004686949759417051,0.0,4.733827934128994,145,0.4206744118891964,0.02852103742323057,11568.15099780742
1526,85.46597166300769,85.46597166300769,0.001665191684228232,0.0,4.733827934128994,145,0.4206689096142069,0.04359873967416568,11568.261610163314
1527,85.91848085557508,85.91848085557508,0.005280645209566362,0.0,4.733827934128994,145,0.42065145785393726,0.08119387211606226,11568.61360405109
1528,85.47773447268243,85.47773447268243,-0.005143023182301273,0.0,4.733827934128994,145,0.4206684559486863,0.05419275461524718,11568.27076011469
1529,85.30935815441934,85.30935815441934,-0.0019717692973774846,0.0,4.733827934128994,145,0.4206749740598801,0.061436442027354404,11568.139785018828
1530,84.89437447847328,84.89437447847328,-0.004876326644966982,0.0,4.733827934128994,145,0.4206912162755977,0.06938269126019914,11567.816981151285
1531,85.18617477107223,85.18617477107223,0.003431322161063729,0.0,4.733827934128994,145,0.4206797937596346,0.053954580753499175,11568.043964207392
1532,85.40402183880103,85.40402183880103,0.0025540410935489693,0.0,4.733827934128994,145,0.42067129889358174,0.04987161399377566,11568.213421176599
1533,85.77398927816299,85.77398927816299,0.004322611450114224,0.0,4.733827934128994,145,0.42065703029353674,0.052230338995197856,11568.501208208267
1534,85.43854441853178,85.43854441853178,-0.003918466500094678,0.0,4.733827934128994,145,0.4206699674250764,0.031653443911533824,11568.240275298582
1535,85.6917013099252,85.6917013099252,0.002958647958287273,0.0,4.733827934128994,145,0.4206602038468559,0.010542095977101675,11568.437198764188
1536,86.36802494756452,86.36802494756452,0.007861538962397482,0.0,4.733827934128994,145,0.42063412149919127,0.017226333434632937,11568.963291472397
1537,86.56091483110333,86.56091483110333,0.0022308581060218654,0.0,4.733827934128994,145,0.4206266831565184,0.02241872122149561,11569.113334965734
1538,86.57231796580338,86.57231796580338,0.00013172670009467955,0.0,4.733827934128994,145,0.42062624342760785,0.02165076512248545,11569.122205136287
1539,86.67781244270073,86.67781244270073,0.0012178286929643096,0.0,4.733827934128994,145,0.42062217537018254,0.021521153694930087,11569.204266256089
1540,86.32956912596231,86.32956912596231,-0.004025767963271779,0.0,4.733827934128994,145,0.4206356044801705,0.04051183912563023,11568.933377794674
1541,87.29584905909401,87.29584905909401,0.01113074248601469,0.0,4.733827934128994,145,0.4205986292720377,0.0008283345782711625,11569.68501916667
1542,86.15917836951778,86.15917836951778,-0.0131064170078869,0.0,4.733827934128994,145,0.42064217539163884,-0.0935770492117629,11568.800835725282
1543,86.28558734164712,86.28558734164712,0.0014660809709115398,0.0,4.733827934128994,145,0.4206373005695629,-0.1134958516733584,11568.89916562947
1544,86.48524449774739,86.48524449774739,0.0023112378733418145,0.0,4.733827934128994,145,0.4206296011811608,-0.0972390096153866,11569.054473189519
1545,86.25235200660552,86.25235200660552,-0.0026964903642224566,0.0,4.733827934128994,145,0.4206385822454379,-0.09160340697815271,11568.873312818112
1546,86.10143853699861,86.10143853699861,-0.001751206140560077,0.0,4.733827934128994,145,0.4206444020919328,-0.07604655410505118,11568.75592157003
1547,86.32436773362099,86.32436773362099,0.002585799952565162,0.0,4.733827934128994,145,0.4206358050632869,-0.07100562390331726,11568.929331781152
1548,85.91684108513424,85.91684108513424,-0.004732054677712164,0.0,4.733827934128994,145,0.4206515210924607,-0.07302112644329527,11568.612328520821
1549,86.16929527511446,86.16929527511446,0.0029340465934891637,0.0,4.733827934128994,145,0.4206417852413232,-0.07716587485358425,11568.808705375206
1550,86.49774173278554,86.49774173278554,0.003804395552364668,0.0,4.733827934128994,145,0.4206291192565665,-0.06006192437781696,11569.064194429264
1551,86.55179817586381,86.55179817586381,0.0006247510957273135,0.0,4.733827934128994,145,0.42062703471444646,-0.07848497290036632,11569.106243381797
1552,86.44938507299072,86.44938507299072,-0.0011839585477166068,0.0,4.733827934128994,145,0.42063098401463267,-0.10626717655871785,11569.026579174235
1553,86.43591487510268,86.43591487510268,-0.0001558281463992433,0.0,4.733827934128994,145,0.4206315034625162,-0.12644286525692155,11569.01610109467
1554,86.73134210880582,86.73134210880582,0.003412048275916174,0.0,4.733827934128994,145,0.420620111191718,-0.1267300854605964,11569.245905443962
1555,86.30202755212913,86.30202755212913,-0.004962227094811104,0.0,4.733827934128994,145,0.4206366665771344,-0.1288078860607563,11568.91195399642
1556,86.25218044687918,86.25218044687918,-0.0005777559088774198,0.0,4.733827934128994,145,0.42063858886142225,-0.11908265554182354,11568.873179366734
1557,86.25957326652791,86.25957326652791,8.570801112519461e-05,0.0,4.733827934128994,145,0.4206383037668004,-0.12227023678695921,11568.878930028539
1558,86.34808224725788,86.34808224725788,0.0010255511347279367,0.0,4.733827934128994,145,0.4206805486137327,-0.12031560086789121,11567.261990506384
1559,85.59271148091513,85.59271148091513,-0.00878646200974451,0.0,4.733827934128994,145,0.4220641802658328,-0.10967018587587818,11514.814415133342
1560,85.32486257293743,85.32486257293743,-0.0031342491107610223,0.0,4.733827934128994,145,0.4221303643927326,-0.10235442796708828,11511.73617359404
1561,85.2720385342837,85.2720385342837,-0.0006192848756234296,0.0,4.733827934128994,145,0.4221444557693955,-0.11819111697490453,11511.203502963353
1562,85.17017318664726,85.17017318664726,-0.0011953067111289853,0.0,4.733827934128994,145,0.4221724591340828,-0.10199676223614755,11510.176306248499
1563,85.42514116050498,85.42514116050498,0.0029891578755219857,0.0,4.733827934128994,145,0.42210377749967537,-0.07986301369744173,11512.74736962988
1564,85.97332849035604,85.97332849035604,0.006396663869430104,0.0,4.733827934128994,145,0.42204228194940224,-0.08830502248093906,11518.275218279232
1565,85.88326061134885,85.88326061134885,-0.0010481749663975887,0.0,4.733827934128994,145,0.4220509796887194,-0.09483110886502541,11517.36698568025
1566,85.27324211130596,85.27324211130596,-0.0071282256103413775,0.0,4.733827934128994,145,0.4221441249308919,-0.08296757384317818,11511.21563967512
1567,85.22293714218301,85.22293714218301,-0.0005901008550804218,0.0,4.733827934128994,145,0.42215795332433026,-0.08045133264192993,11510.708371008956
1568,85.21120748466537,85.21120748466537,-0.0001376444557145879,0.0,4.733827934128994,145,0.42216117787921725,-0.0796711099990248,11510.590090691378
1569,85.10791364840136,85.10791364840136,-0.0012129448325115422,0.0,4.733827934128994,145,0.4221895779272057,-0.07923498640454131,11509.548489285826
1570,85.44394174187715,85.44394174187715,0.003940485168114351,0.0,4.733827934128994,145,0.42209895788472784,-0.08383611894228789,11512.936952209933
1571,85.12569026440303,85.12569026440303,-0.0037316354973361593,0.0,4.733827934128994,145,0.42218468988605684,-0.11432190941864878,11509.727746334293
1572,85.27092375760948,85.27092375760948,0.0017046527503940428,0.0,4.733827934128994,145,0.42214476219913694,-0.13589689247205106,11511.192261702568
1573,85.24591869222029,85.24591869222029,-0.0002932855805817855,0.0,4.733827934128994,145,0.42215163574719855,-0.14257470376762207,11510.940113924955
1574,84.8893455799625,84.8893455799625,-0.004191648755043076,0.0,4.733827934128994,145,0.42225134246264584,-0.14513263410156252,11507.3444777443
1575,85.11884653870493,85.11884653870493,0.002699882814964089,0.0,4.733827934128994,145,0.4221865716892299,-0.15589046633927292,11509.658735108025
1576,85.36939828256456,85.36939828256456,0.0029392281503037763,0.0,4.733827934128994,145,0.42211853453503234,-0.18560216611754013,11512.185265809243
1577,85.67933045039916,85.67933045039916,0.0036239089213692143,0.0,4.733827934128994,145,0.4220706780323316,-0.1635403986572262,11515.310580864994
1578,85.0782938951915,85.0782938951915,-0.0070396743880750765,0.0,4.733827934128994,145,0.4221977245381176,-0.16764464386218725,11509.24980760557
1579,85.05587095256273,85.05587095256273,-0.00026359129900419047,0.0,4.733827934128994,145,0.4222039644120968,-0.13578460916105486,11509.023697612918
1580,85.05003749199787,85.05003749199787,-6.858621926166748e-05,0.0,4.733827934128994,145,0.4222056238361118,-0.23130536041610897,11508.964873766856
1581,84.81418418399674,84.81418418399674,-0.0027769645336713756,0.0,4.733827934128994,145,0.42227273505205354,-0.22232667875033343,11506.586560151994
1582,85.06905518005787,85.06905518005787,0.0030005454126958153,0.0,4.733827934128994,145,0.42220265271872687,-0.23063047263256356,11509.09163045761
1583,85.30402458065467,85.30402458065467,0.002758294325618387,0.0,4.733827934128994,145,0.42211681472319,-0.22079718003498425,11512.05030383851
1584,85.22873390995795,85.22873390995795,-0.000883005426700655,0.0,4.733827934128994,145,0.4221630120485422,-0.22119165043965086,11510.611519160608
1585,84.65188248595412,84.65188248595412,-0.00679128264714001,0.0,4.733827934128994,145,0.4223016220421885,-0.21831137334747708,11505.475687165319
1586,84.25279197276195,84.25279197276195,-0.004725638969638933,0.0,4.733827934128994,145,0.4224246962690527,-0.19547488616566921,11501.326555052083
1587,84.54182950917385,84.54182950917385,0.0034247278305265276,0.0,4.733827934128994,145,0.4223560601281854,-0.18839595988451818,11503.861765890357
1588,84.51625409614053,84.51625409614053,-0.0003025636240872614,0.0,4.733827934128994,145,0.42236265406932133,-0.20186541562203697,11503.627302957486
1589,84.53378298398088,84.53378298398088,0.0002073810595482265,0.0,4.733827934128994,145,0.4223581346820639,-0.2111356757842556,11503.787999265602
1590,84.92608642077485,84.92608642077485,0.004630053581441686,0.0,4.733827934128994,145,0.4222570220332084,-0.19287056560737087,11507.384446143913
1591,84.74249260915045,84.74249260915045,-0.0021641471193985713,0.0,4.733827934128994,145,0.4223043338021362,-0.21383809374719684,11505.701347479038
1592,84.13196474720714,84.13196474720714,-0.007230584558893699,0.0,4.733827934128994,145,0.422462570009559,-0.20310427564813593,11500.104325334261
1593,84.14561185255548,84.14561185255548,0.00016219755066607884,0.0,4.733827934128994,145,0.42245879859531593,-0.1936654089400947,11500.229435350704
1594,84.48868908853801,84.48868908853801,0.004068895917349712,0.0,4.733827934128994,145,0.4223697612755626,-0.17905983105722206,11503.37460039043
1595,84.82498283914701,84.82498283914701,0.003972439898257193,0.0,4.733827934128994,145,0.42228307451762703,-0.18501190092799027,11506.457577739437
1596,85.6854554075969,85.6854554075969,0.01009298764187779,0.0,4.733827934128994,145,0.42210677514443895,-0.15578731369102244,11514.345971244127
1597,85.01443043742005,85.01443043742005,-0.007862084070198278,0.0,4.733827934128994,145,0.42223426088334476,-0.22012662209497735,11508.194341069835
1598,84.86137600125308,84.86137600125308,-0.0018019573333044163,0.0,4.733827934128994,145,0.42227369620328337,-0.21024199334652457,11506.791212528155
1599,85.63456811058208,85.63456811058208,0.00906998009687471,0.0,4.733827934128994,145,0.42211038172207443,-0.20237785556922813,11513.879461284412
1600,85.54693423548237,85.54693423548237,-0.0010238709387908602,0.0,4.513597146832134,121,0.5096172044762642,-0.17448160974310192,9803.560248568609
1601,84.54753974832761,84.54753974832761,-0.011751187023142155,0.0,4.513597146832134,121,0.5099622246451857,-0.04294262773886539,9794.398286560572
1602,84.61312432685081,84.61312432685081,0.0007754117326021061,0.0,4.513597146832134,121,0.5099388531986374,-0.041870737441301376,9794.999534040388
1603,84.48209463123875,84.48209463123875,-0.0015497744128428635,0.0,4.513597146832134,121,0.5099855492542688,-0.047955588994394456,9793.798317595278
1604,84.3684954948438,84.3684954948438,-0.0013455582648500045,0.0,4.513597146832134,121,0.510026042719364,-0.041002818794484475,9792.756896029347
1605,84.59894167875322,84.59894167875322,0.002727701036928905,0.0,4.513597146832134,121,0.5099439070247433,-0.04699453533922706,9794.8695144288
1606,84.94842601504348,84.94842601504348,0.004122562750649463,0.0,4.513597146832134,121,0.5098194113070296,-0.029117547972845173,9798.07341664424
1607,84.9492027543426,84.9492027543426,9.143615537635658e-06,0.0,4.513597146832134,121,0.5098191347022845,-0.016058083264604676,9798.080537411906
1608,85.48599621182666,85.48599621182666,0.006299112339271238,0.0,4.513597146832134,121,0.509637131893223,-0.0007417796565573977,9803.001598441202
1609,85.76590584073746,85.76590584073746,0.0032689841668487297,0.0,4.513597146832134,121,0.509547669920306,0.008425295833030188,9805.527052693606
1610,85.8544979416113,85.8544979416113,0.0010324193020232267,0.0,4.513597146832134,121,0.509520818805012,0.009278862280237696,9806.2975863083
1611,85.54215948013899,85.54215948013899,-0.0036446312537483324,0.0,4.513597146832134,121,0.5096249521229917,0.006090296261683746,9803.394109639748
1612,85.8664114766254,85.8664114766254,0.0037833858768583422,0.0,4.513597146832134,121,0.5095253919930206,-0.006850497154028684,9806.239250057226
1613,85.96392205595617,85.96392205595617,0.001134963632944005,0.0,4.513597146832134,121,0.509495581719647,-0.0020965675142732496,9807.092506279887
1614,85.3071911504018,85.3071911504018,-0.007668942087565343,0.0,4.513597146832134,121,0.5096982066127463,0.0051481692719843085,9801.311182160636
1615,84.66025211385612,84.66025211385612,-0.00761254212380262,0.0,4.513597146832134,121,0.5099127210996612,0.051241656323338027,9795.616057682659
1616,85.18052572320767,85.18052572320767,0.006126623339471708,0.0,4.513597146832134,121,0.5097387186123361,0.010002236832544325,9800.19612288275
1617,84.56465909385304,84.56465909385304,-0.007256398258408907,0.0,4.513597146832134,121,0.5099450192721158,-0.026952721929437356,9794.77453457555
1618,85.01501397416342,85.01501397416342,0.005311437755750002,0.0,4.513597146832134,121,0.5097929056174549,-0.04852592797391284,9798.739092219694
1619,84.3615374387167,84.3615374387167,-0.00771629570199132,0.0,4.513597146832134,121,0.5100136667516033,-0.10223144547797514,9792.98641692485
1620,84.88303971565267,84.88303971565267,0.006162725402758621,0.0,4.513597146832134,121,0.509837469015878,-0.13839392579891183,9797.577298313856
1621,84.85829822138051,84.85829822138051,-0.0002915199650018236,0.0,4.513597146832134,121,0.5098458245871463,-0.13988938562476094,9797.35949434518
1622,84.83854146790685,84.83854146790685,-0.00023284763109428992,0.0,4.513597146832134,121,0.5098524970039501,-0.13730023511762207,9797.18557197544
1623,85.2303525830123,85.2303525830123,0.004607683380259075,0.0,4.513597146832134,121,0.5097226173448527,-0.15166600420187118,9800.634757982665
1624,84.89505259051599,84.89505259051599,-0.00394180312230904,0.0,4.513597146832134,121,0.5098334122230175,-0.16499353523624474,9797.68304988212
1625,84.0337012158695,84.0337012158695,-0.010197894912017716,0.0,4.513597146832134,121,0.5101245159619875,-0.12918227598321075,9790.10041377458
1626,83.80828988661287,83.80828988661287,-0.002685996076387804,0.0,4.513597146832134,121,0.510200770807876,-0.11742122212534618,9788.116075983315
1627,84.07451295656136,84.07451295656136,0.0031715373891018986,0.0,4.513597146832134,121,0.5101107129821482,-0.12259753734020111,9790.459687106799
1628,83.81036359278933,83.81036359278933,-0.003146794245859486,0.0,4.513597146832134,121,0.5102000691487882,-0.12913809655030986,9788.134331203879
1629,83.7482725932255,83.7482725932255,-0.000741125659878815,0.0,4.513597146832134,121,0.5102210793894615,-0.12523898508675194,9787.587732604163
1630,84.0240489078742,84.0240489078742,0.0032875096506660437,0.0,4.513597146832134,121,0.5101277806269116,-0.11605994600873819,9790.015442714823
1631,84.44076777600512,84.44076777600512,0.004947261111013077,0.0,4.513597146832134,121,0.5099868868957547,-0.09611741310453686,9793.683896297403
1632,83.53220166589493,83.53220166589493,-0.010818109294791867,0.0,4.513597146832134,121,0.5102942113764682,-0.12631727360703984,9785.685620105603
1633,82.93493432914104,82.93493432914104,-0.007175829584405501,0.0,4.513597146832134,121,0.5104965121859093,-0.0744297909380071,9780.427764825135
1634,82.65624129565026,82.65624129565026,-0.0033660404375676746,0.0,4.513597146832134,121,0.5105909829292922,-0.05378810929640742,9777.974378296862
1635,82.70693357359532,82.70693357359532,0.0006131023980768787,0.0,4.513597146832134,121,0.5105737958467684,-0.06348328362240432,9778.420631833378
1636,82.51201552689686,82.51201552689686,-0.002359513096897057,0.0,4.513597146832134,121,0.5106403635947661,-0.07517180534603893,9776.69542628596
1637,82.12523949715188,82.12523949715188,-0.004698532434033443,0.0,4.513597146832134,121,0.5107840346457386,-0.05169604958298891,9773.105025770887
1638,81.62656217270964,81.62656217270964,-0.006090667228614093,0.0,4.513597146832134,121,0.5109682128725778,-0.03558908665479239,9768.705829345654
1639,80.92947123070665,80.92947123070665,-0.008576675999453215,0.0,4.513597146832134,121,0.5112407230069251,-0.006579989294151015,9762.266238025028
1640,80.68545613755248,80.68545613755248,-0.003019712133674083,0.0,4.513597146832134,121,0.5113307954409675,0.005520245981141017,9760.118127845377
1641,80.59922768442067,80.59922768442067,-0.0010692703027236964,0.0,4.513597146832134,121,0.5113626341284637,0.010656330111488468,9759.359042759474
1642,81.33670563533629,81.33670563533629,0.009108331107555252,0.0,4.513597146832134,121,0.5110904902482394,0.0005942792173243348,9765.851198114102
1643,80.93182923930242,80.93182923930242,-0.00499021250841721,0.0,4.513597146832134,121,0.5112398527968725,-0.025254732482651737,9762.286996012588
1644,81.12782082853724,81.12782082853724,0.0024187598172053498,0.0,4.513597146832134,121,0.5111675361177905,-0.0336423303938119,9764.012346369074
1645,81.20514195604625,81.20514195604625,0.0009526239406961744,0.0,4.513597146832134,121,0.5111390133152919,-0.04617004301240946,9764.69301861339
1646,81.33542595008366,81.33542595008366,0.0016030954440152175,0.0,4.513597146832134,121,0.511090962163902,-0.03363057948342958,9765.839932807181
1647,81.21221524506024,81.21221524506024,-0.0015159952825502822,0.0,4.513597146832134,121,0.511136404265448,-0.03622401161536468,9764.755286090121
1648,80.95835324908977,80.95835324908977,-0.003130804876487172,0.0,4.513597146832134,121,0.5112300645124412,-0.035009594664615035,9762.520491796366
1649,80.67743786909539,80.67743786909539,-0.0034759091521084687,0.0,4.513597146832134,121,0.5113337558690574,-0.03402243934239362,9760.047541539121
1650,80.79907625331873,80.79907625331873,0.0015065770758312138,0.0,4.513597146832134,121,0.5112888503147174,-0.03383161938548573,9761.118346824192
1651,80.7961545719816,80.7961545719816,-3.616048966941046e-05,0.0,4.513597146832134,121,0.5112899288038296,-0.038336152033675,9761.092626720814
1652,80.75380321081607,80.75380321081607,-0.000524312883977161,0.0,4.513597146832134,121,0.5113055627288287,-0.03560684872598396,9760.719799823652
1653,81.53146010788525,81.53146010788525,0.00958389977680131,0.0,4.513597146832134,121,0.5110186823973715,-0.03428005381603211,9767.565657902665
1654,81.41801878313993,81.41801878313993,-0.0013923498724165327,0.0,4.513597146832134,121,0.5110605062414406,-0.05371599045041297,9766.567012854406
1655,80.94461312105096,80.94461312105096,-0.005831477330637806,0.0,4.513597146832134,121,0.5112351350403156,-0.08336558854814065,9762.39953489764
1656,81.127581501098,81.127581501098,0.0022578636416182014,0.0,4.513597146832134,121,0.51116762440888,-0.048449112655881,9764.010239525182
1657,81.03734982882902,81.03734982882902,-0.001112838402741735,0.0,4.513597146832134,121,0.5112009147938252,-0.05546816810235588,9763.215913357804
1658,81.05619291644747,81.05619291644747,0.0002324964632666946,0.0,4.513597146832134,121,0.5111939623124837,-0.04860613534071642,9763.381792557348
1659,80.36062360938742,80.36062360938742,-0.008618353742427805,0.0,4.513597146832134,121,0.511450761268768,-0.05585884150470249,9757.258566777191
1660,80.80312711977368,80.80312711977368,0.005491366642462411,0.0,4.513597146832134,121,0.511287355015474,-0.08912540196190595,9761.15400735386
1661,80.27333696620224,80.27333696620224,-0.006578143703346433,0.0,4.513597146832134,121,0.5114834763493371,-0.10830937584631181,9756.481012581313
1662,80.10262904164733,80.10262904164733,-0.002128847523414121,0.0,4.513597146832134,121,0.511551888161663,-0.10228214328878674,9754.87377070978
1663,80.12999533540611,80.12999533540611,0.00034158204836575384,0.0,4.513597146832134,121,0.5115422388000583,-0.10355231671466193,9755.105561695942
1664,81.11538261451834,81.11538261451834,0.012222360213227812,0.0,4.513597146832134,121,0.5111613771203849,-0.0800628925285209,9764.113927231163
1665,80.97798481355349,80.97798481355349,-0.0016952924854594235,0.0,4.513597146832134,121,0.5112125393931441,-0.10055730601424498,9762.89517188447
1666,80.72333772205695,80.72333772205695,-0.0031496007331462328,0.0,4.513597146832134,121,0.5113114472899649,-0.1031001242653265,9760.55685235397
1667,80.03071012579913,80.03071012579913,-0.008617286987161797,0.0,4.513597146832134,121,0.511581154408745,-0.09244029544372455,9754.196737945538
1668,79.31108245750245,79.31108245750245,-0.009032565145975033,0.0,4.513597146832134,121,0.5118719636943762,-0.0745878778761481,9747.588692977983
1669,79.53795948344708,79.53795948344708,0.002856513044617892,0.0,4.513597146832134,121,0.5117795064296357,-0.10193158232243686,9749.672011415552
1670,79.65103636078342,79.65103636078342,0.0014206622229768285,0.0,4.513597146832134,121,0.5117334399243189,-0.09123839349281002,9750.710349882997
1671,80.34241873535404,80.34241873535404,0.00864268701212648,0.0,4.513597146832134,121,0.5114594891595327,-0.06264331865536035,9757.059029932709
1672,80.80503815634712,80.80503815634712,0.005741582284937487,0.0,4.513597146832134,121,0.5112797087267186,-0.028619123801285513,9761.307073846894
1673,80.2702099488907,80.2702099488907,-0.006640749329521235,0.0,4.513597146832134,121,0.511487564637877,-0.041817981714238575,9756.395966338821
1674,80.0154802178864,80.0154802178864,-0.0031784489955480055,0.0,4.513597146832134,121,0.5115872440221602,-0.062094954626750555,9754.056887963703
1675,80.66154792816377,80.66154792816377,0.008041861360984523,0.0,4.513597146832134,121,0.511335454310885,-0.04427869029786554,9759.989462084572
1676,80.93469205423263,80.93469205423263,0.003380578486602103,0.0,4.513597146832134,121,0.5112293514623029,0.004024617348154886,9762.49763227758
1677,81.40493336675932,81.40493336675932,0.005793319117430212,0.0,4.513597146832134,121,0.5110468138704265,0.04457903412830543,9766.8156648876
1678,81.75279323642215,81.75279323642215,0.004264099580036298,0.0,4.513597146832134,121,0.5109118859575043,0.0894190935239607,9770.009919030968
1679,82.17825731790653,82.17825731790653,0.005190780335525704,0.0,4.513597146832134,121,0.5107469768167155,0.13739854139688334,9773.916780740696
1680,82.60566594996531,82.60566594996531,0.005187515651496796,0.0,4.513597146832134,121,0.5105922682311044,0.15725783475009392,9777.841498458747
1681,82.37922557534044,82.37922557534044,-0.0027449848857791772,0.0,4.513597146832134,121,0.5106734275744638,0.14878831912703835,9775.762189610698
1682,81.62927350538288,81.62927350538288,-0.009145346749164925,0.0,4.513597146832134,121,0.5109597866969963,0.15254560330532835,9768.875688132066
1683,81.75755921090608,81.75755921090608,0.0015703313388544565,0.0,4.513597146832134,121,0.5109100379436329,0.1536687900326994,9770.053683014889
1684,81.21070691629006,81.21070691629006,-0.006711175864155082,0.0,4.513597146832134,121,0.5111221888439825,0.12559474586636157,9765.032163258727
1685,80.78128385476116,80.78128385476116,-0.005301793815519198,0.0,4.513597146832134,121,0.5112889361722246,0.13572926620029233,9761.088947863182
1686,80.64557526332024,80.64557526332024,-0.0016813636113942976,0.0,4.513597146832134,121,0.5113442621785532,0.14367637301347505,9759.787271599022
1687,80.12471969219646,80.12471969219646,-0.006479522769750325,0.0,4.513597146832134,121,0.5116160397618239,0.15143784191198525,9753.530802670413
1688,80.30215953529056,80.30215953529056,0.0022120970788080934,0.0,4.513597146832134,121,0.5115509074999929,0.14075791418913397,9755.083841902459
1689,80.5251923249198,80.5251923249198,0.0027735696699140644,0.0,4.513597146832134,121,0.5114662112195023,0.14607853133981744,9757.091972292377
1690,80.64002315682185,80.64002315682185,0.0014250078838730963,0.0,4.513597146832134,121,0.5114242566944018,0.13785222764189084,9758.09373349325
1691,81.07392997427007,81.07392997427007,0.005366362646450544,0.0,4.513597146832134,121,0.5112557192617561,0.1795399038945571,9762.076998846152
1692,80.44949048931296,80.44949048931296,-0.007731913973106149,0.0,4.513597146832134,121,0.5114983065887898,0.11735142556220998,9756.344643267963
1693,79.98280503922274,79.98280503922274,-0.0058178655974346705,0.0,4.513597146832134,121,0.5116797945645353,0.13031850842876577,9752.060470009334
1694,80.58652631066694,80.58652631066694,0.0075197936152131455,0.0,4.513597146832134,121,0.511445045387152,0.10196670378262059,9757.60263235077
1695,79.95458977276888,79.95458977276888,-0.007872622505288897,0.0,4.513597146832134,121,0.511690772231077,0.06518619032671241,9751.801453813301
1696,79.41946545699466,79.41946545699466,-0.006715350575668689,0.0,4.513597146832134,121,0.5118991678662459,0.08579775338228003,9746.889011646446
1697,79.76201467544516,79.76201467544516,0.004303889459148883,0.0,4.513597146832134,121,0.5117657126777225,0.05464417996210746,9750.033614078695
1698,79.69198534036556,79.69198534036556,-0.0008783641623928051,0.0,4.513597146832134,121,0.5117929712765247,0.027315300918013517,9749.390744658598
1699,80.6822204315665,80.6822204315665,0.012349213776547616,0.0,4.513597146832134,121,0.511407860452876,0.008485326163522914,9758.481104550165
1700,80.74208750090472,80.74208750090472,0.0007417355273161692,0.0,4.513597146832134,121,0.5113846006406556,0.012190451558315133,9759.030684352752
1701,80.53750848249324,80.53750848249324,-0.0025369499084934373,0.0,4.513597146832134,121,0.5114640953859347,0.016490628255128377,9757.152648601294
1702,80.75012569022464,80.75012569022464,0.00263649884856581,0.0,4.513597146832134,121,0.5113814778081269,0.03951666960466174,9759.104474944948
1703,80.99381116489448,80.99381116489448,0.00301322774488252,0.0,4.513597146832134,121,0.5112868285349872,0.05201718649217885,9761.341508034142
1704,80.94578239859413,80.94578239859413,-0.0005931689298671194,0.0,4.513597146832134,121,0.5113054798367341,0.04968209815932409,9760.900603874416
1705,81.06017561629838,81.06017561629838,0.0014122102435922656,0.0,4.513597146832134,121,0.5112610595979381,0.04822934399485226,9761.950733815605
1706,81.19128833954626,81.19128833954626,0.001616167257786882,0.0,4.513597146832134,121,0.5112101587302456,0.05105677982372839,9763.154348847305
1707,80.73303927822133,80.73303927822133,-0.005660054810129258,0.0,4.513597146832134,121,0.5113881159271402,0.04233533514487751,9758.947621652489
1708,80.38593644422365,80.38593644422365,-0.004308659106414092,0.0,4.513597146832134,121,0.5115230125648943,0.04979386491435665,9755.761217021449
1709,80.4919563453815,80.4919563453815,0.0013180172199840183,0.0,4.513597146832134,121,0.5114818000742636,0.04966050958544651,9756.734479901907
1710,80.44316276098785,80.44316276098785,-0.0006063758632630857,0.0,4.513597146832134,121,0.5115007662951183,0.04924068172498219,9756.286554710727
1711,81.2190824078181,81.2190824078181,0.009599342187251576,0.0,4.513597146832134,121,0.5111993700685649,0.043863330776810726,9763.409498443281
1712,80.5889317971466,80.5889317971466,-0.007788907113746218,0.0,4.513597146832134,121,0.5114441105783433,0.005016275301150892,9757.624714720916
1713,80.35389383045073,80.35389383045073,-0.002920765593237312,0.0,4.513597146832134,121,0.511538052828744,0.024088429740573118,9755.411992565536
1714,79.87836475638258,79.87836475638258,-0.005935514787704822,0.0,4.513597146832134,121,0.5117871476395539,0.028806037848026753,9749.684014695538
1715,80.40660200412708,80.40660200412708,0.006591250206924254,0.0,4.513597146832134,121,0.5115922171464766,0.014804328603004074,9754.325766085762
1716,80.38512743848656,80.38512743848656,-0.0002671103276597457,0.0,4.513597146832134,121,0.5116025575185608,0.015543967069010099,9754.089639446776
1717,80.34849348101541,80.34849348101541,-0.00045583441592258106,0.0,4.513597146832134,121,0.5116165599372179,0.015768915235356003,9753.758145383485
1718,80.28907584641722,80.28907584641722,-0.0007397726142984075,0.0,4.513597146832134,121,0.5116396599543097,0.017678896747895072,9753.212899557662
1719,80.48206837856014,80.48206837856014,0.002400836614981847,0.0,4.513597146832134,121,0.5115646389501818,0.04433451342074868,9754.983895210336
1720,79.72171799524837,79.72171799524837,-0.009492361070728123,0.0,4.513597146832134,121,0.5118603639431277,0.050484127335957585,9748.006541172845
1721,80.07869716066931,80.07869716066931,0.004467820172931726,0.0,4.513597146832134,121,0.5117214704324242,0.019271422243372274,9751.28235989513
1722,79.91694330490422,79.91694330490422,-0.002021978978976127,0.0,4.513597146832134,121,0.5117843940843795,0.014747950569404436,9749.79802590468
1723,80.21427566073413,80.21427566073413,0.0037136131162646573,0.0,4.513597146832134,121,0.5116687439761604,0.008342952105815846,9752.526495777203
1724,80.2970164873114,80.2970164873114,0.0010309658940338088,0.0,4.513597146832134,121,0.5116365726919914,0.022737763209527435,9753.285766835723
1725,79.81428798930926,79.81428798930926,-0.006029929769777299,0.0,4.513597146832134,121,0.5118243378309012,0.015658828509739146,9748.856009570558
1726,80.193142079064,80.193142079064,0.0047354650663967695,0.0,4.513597146832134,121,0.5116769619375119,-0.016488824005032876,9752.332563499887
1727,80.47807710193351,80.47807710193351,0.0035468122172200756,0.0,4.513597146832134,121,0.511566190182969,-0.05461775558038413,9754.947269266959
1728,80.5802950157906,80.5802950157906,0.0012693277131444788,0.0,4.513597146832134,121,0.511526466269033,-0.03952292167468453,9755.885271784757
1729,81.45754544622707,81.45754544622707,0.010827828842847559,0.0,4.513597146832134,121,0.5111858631351514,-0.03220319105587991,9763.935358911742
1730,82.08093897338134,82.08093897338134,0.007623851337841615,0.0,4.513597146832134,121,0.5109441641907058,0.008276431912604992,9769.655928584752
1731,81.58238486764091,81.58238486764091,-0.006092454144883339,0.0,4.513597146832134,121,0.5111374383576996,-0.04658670077417582,9765.080947656295
1732,81.33637761642797,81.33637761642797,-0.00302000131152288,0.0,4.513597146832134,121,0.5112328745830593,-0.011950664483043511,9762.82346252158
1733,81.90393809735623,81.90393809735623,0.006953708285020639,0.0,4.513597146832134,121,0.5110127612845657,-0.03949725715993684,9768.031680338052
1734,82.44936859747514,82.44936859747514,0.00663731705131365,0.0,4.513597146832134,121,0.5108077741073977,0.0020945138087351376,9773.036822422151
1735,82.25868407022317,82.25868407022317,-0.0023154254980852383,0.0,4.513597146832134,121,0.510876128934893,-0.0226912025634021,9771.287006172552
1736,82.39863080187435,82.39863080187435,0.00169985482221632,0.0,4.513597146832134,121,0.5108259597334708,-0.03536415868490815,9772.571227124563
1737,82.10449887089976,82.10449887089976,-0.0035760078851033244,0.0,4.513597146832134,121,0.5109350352186371,-0.05346354036009856,9769.872125945443
1738,82.92841820888424,82.92841820888424,0.009984992060412324,0.0,4.513597146832134,121,0.5106361567704817,-0.08425400495148103,9777.432820390568
1739,83.08558775688948,83.08558775688948,0.001893449821264265,0.0,4.513597146832134,121,0.5105798851130625,-0.09068169851511758,9778.875086488426
1740,82.46063229156942,82.46063229156942,-0.007550259184495785,0.0,4.513597146832134,121,0.5108037371680377,-0.08843037189108405,9773.140183692416
1741,82.4800054517267,82.4800054517267,0.00023491069892080967,0.0,4.513597146832134,121,0.5107967939731691,-0.10488527023537368,9773.317961464623
1742,82.6639459479792,82.6639459479792,0.002227639229395313,0.0,4.513597146832134,121,0.5107308836653575,-0.10199992094847206,9775.005891124887
1743,83.26897044115837,83.26897044115837,0.007292431032817285,0.0,4.513597146832134,121,0.5105142493043575,-0.08518663092346095,9780.557897387944
1744,83.78094876808076,83.78094876808076,0.006129663903847798,0.0,4.513597146832134,121,0.5103311229728141,-0.08696394735818919,9785.256065659918
1745,83.27692800109465,83.27692800109465,-0.006034103940897652,0.0,4.513597146832134,121,0.5105114016684449,-0.11632062565307423,9780.630919923564
1746,83.65730513579709,83.65730513579709,0.004557217364800358,0.0,4.513597146832134,121,0.5103753321840996,-0.14115994141196303,9784.121450072342
1747,84.13134270498126,84.13134270498126,0.005650427922430897,0.0,4.513597146832134,121,0.5102058940770733,-0.12518880238106733,9788.471455043556
1748,84.42949121861982,84.42949121861982,0.0035375812711604246,0.0,4.513597146832134,121,0.5100994021806009,-0.11839747610331423,9791.207414386861
1749,84.30981563348648,84.30981563348648,-0.0014184674268494814,0.0,4.513597146832134,121,0.5101421404384002,-0.12282072828456049,9790.109211577412
1750,84.09445212546323,84.09445212546323,-0.0025576979526106608,0.0,4.513597146832134,121,0.5102190746953397,-0.1197226271847114,9788.132928701498
1751,83.66141070732503,83.66141070732503,-0.005162768951129808,0.0,4.513597146832134,121,0.5103738640581242,-0.08357792653670996,9784.159124842694
1752,83.3668536942022,83.3668536942022,-0.0035270356132254886,0.0,4.513597146832134,121,0.5104792244533256,-0.10502467662514832,9781.456122897944
1753,83.2057375345021,83.2057375345021,-0.0019344864452936266,0.0,4.513597146832134,121,0.510536878894982,-0.07268868026066218,9779.977640724379
1754,83.70140745804171,83.70140745804171,0.005939486661607949,0.0,4.513597146832134,121,0.5103616227329959,-0.04487626356938446,9784.485534127643
1755,83.68177155722829,83.68177155722829,-0.0002346221528235427,0.0,4.513597146832134,121,0.5103687469718611,-0.09341834290538188,9784.303316493972
1756,83.48910450971773,83.48910450971773,-0.002305032280138471,0.0,4.513597146832134,121,0.5104397021696683,-0.07619553319244879,9782.494942064994
1757,82.6763762953687,82.6763762953687,-0.00978223264388891,0.0,4.513597146832134,121,0.510715705337078,-0.0462278819622253,9775.331022009668
1758,82.6048922849015,82.6048922849015,-0.0008649983817089187,0.0,4.513597146832134,121,0.5107433757296895,-0.025119829281396982,9774.634503081586
1759,82.16033895420472,82.16033895420472,-0.005396216253930073,0.0,4.513597146832134,121,0.5108962877066211,-0.024573295404552508,9770.721017556063
1760,82.19999734025912,82.19999734025912,0.0004825785553638087,0.0,4.513597146832134,121,0.5108816774608118,-0.024414586099533727,9771.070137693228
1761,81.78985757941106,81.78985757941106,-0.005002024255688625,0.0,4.513597146832134,121,0.5110328243975913,-0.020178869923259825,9767.459601213826
1762,81.32373315564772,81.32373315564772,-0.005715350762627703,0.0,4.513597146832134,121,0.5112047388274327,-0.003519959622836191,9763.356221350195
1763,81.06179184079129,81.06179184079129,-0.003226168613934648,0.0,4.513597146832134,121,0.5113014105701322,0.010848697359727408,9761.050303311926
1764,81.27513568784495,81.27513568784495,0.0026284096061940233,0.0,4.513597146832134,121,0.5112226706994855,0.00571798686381477,9762.928408816377
1765,81.29191667697415,81.29191667697415,0.00020645006407744713,0.0,4.513597146832134,121,0.5112164785418214,0.00452634281274486,9763.07613497998
1766,81.61566598709396,81.61566598709396,0.0039746429360199,0.0,4.513597146832134,121,0.5110970522439319,0.01075321783454896,9765.926160278557
1767,81.86642791021627,81.86642791021627,0.003067762515243052,0.0,4.513597146832134,121,0.5110045977996984,0.0006672744089069008,9768.133664055333
1768,82.07937764085017,82.07937764085017,0.0025978078509245406,0.0,4.513597146832134,121,0.5109261172928595,0.008358229776826384,9770.008300079751
1769,82.2881050510755,82.2881050510755,0.0025397666132629415,0.0,4.513597146832134,121,0.5108508973592781,0.012336119201714024,9771.845766233511
1770,82.89150608108524,82.89150608108524,0.007306031415193063,0.0,4.513597146832134,121,0.5106461482015215,0.02859351725221135,9777.157617554765
1771,83.07674067263892,83.07674067263892,0.002232169973341435,0.0,4.513597146832134,121,0.5105833380661379,0.09110371300430255,9778.788272063044
1772,82.61531178203622,82.61531178203622,-0.005569731035774352,0.0,4.513597146832134,121,0.510739840261557,0.06570838143953321,9774.726227849807
1773,82.37788518127876,82.37788518127876,-0.0028780188396953653,0.0,4.513597146832134,121,0.5108204186061676,0.06466175233204836,9772.636117392234
1774,83.16146706681026,83.16146706681026,0.009467087158513196,0.0,4.513597146832134,121,0.5105546156605245,0.0694447933800683,9779.53413424498
1775,83.97150778909537,83.97150778909537,0.009693443987163243,0.0,4.513597146832134,121,0.5102802313613792,0.12472999986829815,9786.665073151178
1776,83.64946450447015,83.64946450447015,-0.0038425225252599476,0.0,4.513597146832134,121,0.5103892688694751,0.09514034765975944,9783.83006631185
1777,83.52010973705924,83.52010973705924,-0.0015475877571042445,0.0,4.513597146832134,121,0.5104330836342788,0.10051558811399586,9782.691332272614
1778,83.52987669236019,83.52987669236019,0.00011693452386124979,0.0,4.513597146832134,121,0.5104297750364628,0.10301614533384922,9782.777312593891
1779,82.94494313058362,82.94494313058362,-0.007027320642917849,0.0,4.513597146832134,121,0.5106290580679929,0.1142586757816962,9777.606229366473
1780,82.97869278893187,82.97869278893187,0.0004068095377329155,0.0,4.513597146832134,121,0.5106162143772126,0.14921096225160124,9777.932907430311
1781,83.09416976147484,83.09416976147484,0.0013906786380446243,0.0,4.513597146832134,121,0.5105772225570899,0.1575773423644916,9778.94675587319
1782,82.54384745449224,82.54384745449224,-0.006644903642001983,0.0,4.513597146832134,121,0.5107763674214837,0.1544538542634815,9773.856523328188
1783,82.60499014112253,82.60499014112253,0.0007404555831459675,0.0,4.513597146832134,121,0.5107560871568966,0.15335813057826186,9774.38555045214
1784,81.76050000739674,81.76050000739674,-0.010275850045855893,0.0,4.513597146832134,121,0.5110744191693547,0.14363180340126394,9766.597481399867
1785,81.35782918866488,81.35782918866488,-0.004937172157950266,0.0,4.513597146832134,121,0.5112234147619195,0.19762590699857907,9763.043581030686
1786,81.68329887946942,81.68329887946942,0.00399249106029533,0.0,4.513597146832134,121,0.5110971650863942,0.17698674203416823,9766.030290479737
1787,81.80676403112317,81.80676403112317,0.0015103691677229916,0.0,4.513597146832134,121,0.5110492931611869,0.17876896154461652,9767.163282415671
1788,81.90994305246535,81.90994305246535,0.0012604582249510466,0.0,4.513597146832134,121,0.5110092954238975,0.17282657745196234,9768.110116381145
1789,81.91617870151934,81.91617870151934,7.612521117192125e-05,0.0,4.513597146832134,121,0.5110068783994601,0.1304692927726333,9768.16733852034
1790,81.03544519587608,81.03544519587608,-0.01080985952675687,0.0,4.513597146832134,121,0.5113485436679786,0.15627393515400523,9760.085187838666
1791,81.6526117664104,81.6526117664104,0.007587152279627139,0.0,4.513597146832134,121,0.5111090653186268,0.08778531709781068,9765.74868671408
1792,81.79709054100339,81.79709054100339,0.001767868771645192,0.0,4.513597146832134,121,0.5110530435237741,0.11089348238672113,9767.074512538897
1793,81.9842482674729,81.9842482674729,0.002285459494916454,0.0,4.513597146832134,121,0.5109804955291489,0.08555003416325634,9768.79198659532
1794,81.56281726332449,81.56281726332449,-0.0051536471846841455,0.0,4.513597146832134,121,0.5111438908959005,0.0886199698693939,9764.924677295025
1795,81.77504569658674,81.77504569658674,0.0025986449050712395,0.0,4.513597146832134,121,0.5110615904517782,0.0817384338762957,9766.87221552943
1796,81.3281830877534,81.3281830877534,-0.005479520304486911,0.0,4.513597146832134,121,0.5112349183214102,0.0749537199945347,9762.771530230808
1797,81.40522894564248,81.40522894564248,0.0009468966782305394,0.0,4.513597146832134,121,0.5112050235933623,0.09483865494350113,9763.478550264526
1798,80.20654317846864,80.20654317846864,-0.014834411295826825,0.0,4.513597146832134,121,0.5116706190964369,0.06222601297200317,9752.478674674236
1799,80.55449451177255,80.55449451177255,0.004328808542740431,0.0,4.513597146832134,121,0.5115353591119106,0.028532086349636766,9755.67168945979
1800,79.29786927779381,79.29786927779381,-0.015722646706379437,0.0,4.452072477857202,113,0.5285075188092108,-0.012301121083683886,9429.806266773741
1801,79.87918950902662,79.87918950902662,0.007304102992103508,0.0,4.452072477857202,113,0.5285075188092108,-0.07812650050132013,9429.806266773741
1802,79.4188568723652,79.4188568723652,-0.005779529987851262,0.0,4.452072477857202,113,0.5285075188092108,-0.11181095016524789,9429.806266773741
1803,78.68120733724189,78.68120733724189,-0.009331493841979177,0.0,4.452072477857202,113,0.5285075188092108,-0.11886857332140471,9429.806266773741
1804,78.3427951504607,78.3427951504607,-0.004310330973162831,0.0,4.452072477857202,113,0.5285075188092108,-0.08656471865203341,9429.806266773741
1805,78.1100259956621,78.1100259956621,-0.0029755849059195454,0.0,4.452072477857202,113,0.5285075188092108,-0.06882234071914539,9429.806266773741
1806,77.73849105722702,77.73849105722702,-0.004767907315394593,0.0,4.452072477857202,113,0.5285075188092108,-0.08784680681839852,9429.806266773741
1807,77.5144931958077,77.5144931958077,-0.002885587261663962,0.0,4.452072477857202,113,0.5285075188092108,-0.1065164938261854,9429.806266773741
1808,78.18663726449793,78.18663726449793,0.008633826125710056,0.0,4.452072477857202,113,0.5285075188092108,-0.11008972281969139,9429.806266773741
1809,78.64582515095506,78.64582515095506,0.00585579275521643,0.0,4.452072477857202,113,0.5285075188092108,-0.06944514351456674,9429.806266773741
1810,78.45059541085524,78.45059541085524,-0.0024854778982984385,0.0,4.452072477857202,113,0.5285075188092108,-0.0774388994595689,9429.806266773741
1811,78.48491242960674,78.48491242960674,0.0004373391308403571,0.0,4.452072477857202,113,0.5285075188092108,-0.08461388565437084,9429.806266773741
1812,78.14131280135219,78.14131280135219,-0.004387517849552108,0.0,4.452072477857202,113,0.5285075188092108,-0.08820123971501345,9429.806266773741
1813,77.43946136839446,77.43946136839446,-0.009022402643362914,0.0,4.452072477857202,113,0.5285075188092108,-0.06893969583926013,9429.806266773741
1814,77.62249504654163,77.62249504654163,0.002360782327107141,0.0,4.452072477857202,113,0.5285075188092108,-0.0890611668897464,9429.806266773741
1815,78.1239724914195,78.1239724914195,0.006439686059118822,0.0,4.452072477857202,113,0.5285075188092108,-0.07151462551821575,9429.806266773741
1816,78.54434123292471,78.54434123292471,0.00536636592712929,0.0,4.452072477857202,113,0.5285075188092108,-0.05080537033232921,9429.806266773741
1817,78.36653888956789,78.36653888956789,-0.0022662854139641783,0.0,4.452072477857202,113,0.5285075188092108,-0.056903529433327264,9429.806266773741
1818,78.96083015936814,78.96083015936814,0.007554872366356816,0.0,4.452072477857202,113,0.5285075188092108,-0.061029446513112276,9429.806266773741
1819,79.2916073432773,79.2916073432773,0.004180380041396569,0.0,4.452072477857202,113,0.5285075188092108,-0.03761661650920991,9429.806266773741
1820,79.39311294782753,79.39311294782753,0.0012793370175598433,0.0,4.452072477857202,113,0.5285075188092108,-0.030675340142805107,9429.806266773741
1821,80.08667061361339,80.08667061361339,0.00869780510983808,0.0,4.452072477857202,113,0.5285075188092108,-0.033503773085987905,9429.806266773741
1822,80.0412765755126,80.0412765755126,-0.0005669721009187468,0.0,4.452072477857202,113,0.5285075188092108,-0.04299212006823257,9429.806266773741
1823,79.88820392154352,79.88820392154352,-0.0019142524597233238,0.0,4.452072477857202,113,0.5285075188092108,-0.03859993158318799,9429.806266773741
1824,79.62544901199614,79.62544901199614,-0.0032944533883378802,0.0,4.452072477857202,113,0.5285075188092108,-0.03685914372090093,9429.806266773741
1825,80.22619990623349,80.22619990623349,0.007516390686512834,0.0,4.452072477857202,113,0.5285075188092108,-0.04787919379015677,9429.806266773741
1826,81.28473984499449,81.28473984499449,0.013108153505900071,0.0,4.452072477857202,113,0.5285075188092108,-0.0037978509799234906,9429.806266773741
1827,81.77877124842017,81.77877124842017,0.00605939258505205,0.0,4.452072477857202,113,0.5285075188092108,0.028520747259319846,9429.806266773741
1828,81.42473443167725,81.42473443167725,-0.004338600088484091,0.0,4.452072477857202,113,0.5285075188092108,0.013548653275324332,9429.806266773741
1829,82.16248327429871,82.16248327429871,0.009019700372557494,0.0,4.452072477857202,113,0.5285075188092108,-0.011393975804911685,9429.806266773741
1830,81.9452397043441,81.9452397043441,-0.00264757432388451,0.0,4.452072477857202,113,0.5285075188092108,-0.029927870200279445,9429.806266773741
1831,82.5866344323548,82.5866344323548,0.00779664099061548,0.0,4.452072477857202,113,0.5285075188092108,-0.03212181549482255,9429.806266773741
1832,82.82621289440362,82.82621289440362,0.0028967354525045214,0.0,4.452072477857202,113,0.5285075188092108,-0.02930615719413397,9429.806266773741
1833,82.21472658174143,82.21472658174143,-0.00741015062901298,0.0,4.452072477857202,113,0.5285075188092108,-0.026302673744653827,9429.806266773741
1834,82.80034354177346,82.80034354177346,0.007097768926498947,0.0,4.452072477857202,113,0.5285177647368486,-0.08924747710489118,9429.57971844235
1835,83.34877552447969,83.34877552447969,0.006601707882960843,0.0,4.452072477857202,113,0.5283363278118207,-0.05426273625528978,9433.593447430821
1836,83.63296373128769,83.63296373128769,0.0034038270586855147,0.0,4.452072477857202,113,0.5283363172230331,-0.0465067798836253,9433.593698199622
1837,84.04407947408757,84.04407947408757,0.004903671471630434,0.0,4.452072477857202,113,0.5283470505858441,-0.03880433846333868,9433.354829593221
1838,84.103891285722,84.103891285722,0.0007114188043638069,0.0,4.452072477857202,113,0.5283448609307718,-0.03752276801342224,9433.439230441654
1839,84.16796916943761,84.16796916943761,0.0007615995525283777,0.0,4.452072477857202,113,0.5283330775233666,-0.03768508538021222,9433.764110403987
1840,83.75401150727998,83.75401150727998,-0.004930367055548173,0.0,4.452072477857202,113,0.528422706768063,-0.03856395375063855,9431.665312162047
1841,83.42430174570964,83.42430174570964,-0.003944413394707513,0.0,4.452072477857202,113,0.5284974871515756,-0.025328873865969385,9429.993657470772
1842,83.1028476626181,83.1028476626181,-0.003860685581942205,0.0,4.452072477857202,113,0.5285704206214551,-0.01681702016844578,9428.363859725418
1843,83.07313355613867,83.07313355613867,-0.0003576221614963721,0.0,4.452072477857202,113,0.5285771636129283,-0.01302654290046854,9428.213206844359
1844,83.02005604667926,83.02005604667926,-0.0006391292911301767,0.0,4.452072477857202,113,0.5285892089735642,-0.03894300384326254,9427.944099653641
1845,82.56028332696556,82.56028332696556,-0.00555348422540613,0.0,4.452072477857202,113,0.5286935781508012,-0.027416399153560908,9425.613015429235
1846,83.01047953018139,83.01047953018139,0.005438125728546224,0.0,4.452072477857202,113,0.5285913823325381,-0.043253190518430816,9427.895545954007
1847,83.23575008862876,83.23575008862876,0.00271008487639069,0.0,4.452072477857202,113,0.52854026384843,-0.037910079766170744,9429.037685586272
1848,82.77406700930648,82.77406700930648,-0.005562132139677454,0.0,4.452072477857202,113,0.528645042476357,-0.043719706999684776,9426.696915686845
1849,82.72781209879352,82.72781209879352,-0.0005589653962426954,0.0,4.452072477857202,113,0.5286555428614359,-0.04224125848254364,9426.462399614938
1850,82.99474939280489,82.99474939280489,0.0032214989011302097,0.0,4.452072477857202,113,0.5285949522841494,-0.007128310435253094,9427.815792907524
1851,82.78284030711418,82.78284030711418,-0.002556548222145306,0.0,4.452072477857202,113,0.5286430508979956,-0.016878399986701844,9426.741397003894
1852,82.78178361500775,82.78178361500775,-1.276470880567394e-05,0.0,4.452072477857202,113,0.5286432907708969,-0.018166957454701895,9426.736039490946
1853,82.79034597245168,82.79034597245168,0.00010342752095887753,0.0,4.452072477857202,113,0.5286413470928673,-0.012672199758762647,9426.779451323586
1854,82.67839454392677,82.67839454392677,-0.0013531431406007231,0.0,4.452072477857202,113,0.5286667617796532,-0.00646289592522593,9426.211848684838
1855,83.28618844416431,83.28618844416431,0.007324413516270462,0.0,4.452072477857202,113,0.5285288200536297,-0.005326410959643118,9429.29341205688
1856,83.45599313299415,83.45599313299415,0.002036734147575379,0.0,4.452072477857202,113,0.5284902981808642,0.0020839453843005213,9430.154335322635
1857,83.4896100576244,83.4896100576244,0.00040272908590747937,0.0,4.452072477857202,113,0.5284826726831598,0.006013192230366889,9430.324775801852
1858,83.59311059601447,83.59311059601447,0.0012389138891659016,0.0,4.452072477857202,113,0.5284591968611623,0.03831146034062016,9430.849531756074
1859,83.94902625717035,83.94902625717035,0.004248676819268299,0.0,4.452072477857202,113,0.5283784885907299,0.07275276272455262,9432.654052440676
1860,83.39864121181984,83.39864121181984,-0.006577767567766271,0.0,4.452072477857202,113,0.5285033082446474,0.13439222993469477,9429.863556524859
1861,82.52936587334335,82.52936587334335,-0.010477836822365891,0.0,4.452072477857202,113,0.5287005983170187,0.20435434230546978,9425.45626148254
1862,81.706723072456,81.706723072456,-0.010017891756504525,0.0,4.452072477857202,113,0.5289095780285908,0.22783261763748155,9420.79752440507
1863,81.1842396541946,81.1842396541946,-0.006415152828360887,0.0,4.452072477857202,113,0.5289219161859368,0.24915667956697118,9420.498111144152
1864,80.67374214302164,80.67374214302164,-0.006307989241668136,0.0,4.452072477857202,113,0.5289219510903249,0.26383401179444765,9420.497270012767
1865,80.54537894686086,80.54537894686086,-0.001592406935577576,0.0,4.452072477857202,113,0.5289219510903249,0.26251399022568345,9420.497270012767
1866,80.1245472255632,80.1245472255632,-0.005238474849415691,0.0,4.452072477857202,113,0.5289219510903249,0.25831574321361417,9420.497270012767
1867,79.96810048663775,79.96810048663775,-0.0019544531365042472,0.0,4.452072477857202,113,0.5289224286733033,0.28380537033963665,9420.485270012769
1868,80.23191881108431,80.23191881108431,0.0032936146211785347,0.0,4.452072477857202,113,0.5289253265682313,0.2625552709284929,9420.565060243634
1869,79.6663240835619,79.6663240835619,-0.007074462810717883,0.0,4.452072477857202,113,0.5289247280433188,0.2549682881514136,9420.553039906565
1870,78.96735029614459,78.96735029614459,-0.008812483398144142,0.0,4.452072477857202,113,0.528935777876139,0.2826257497114245,9420.149863321536
1871,78.8436666532304,78.8436666532304,-0.0015674909221119716,0.0,4.452072477857202,113,0.5289367238700822,0.29175026911439333,9420.125967543543
1872,78.73492612083085,78.73492612083085,-0.0013801436825391878,0.0,4.452072477857202,113,0.52894312189552,0.27214257226197097,9419.964634069982
1873,78.30392852379401,78.30392852379401,-0.005489070589199464,0.0,4.452072477857202,113,0.528952204650543,0.29782384914463744,9419.734114373407
1874,78.95399319895422,78.95399319895422,0.008267543800886219,0.0,4.452072477857202,113,0.5289321379787291,0.25344823737232713,9420.340300464806
1875,79.16088168301796,79.16088168301796,0.0026169404022109905,0.0,4.452072477857202,113,0.5289373642716075,0.2504372173709808,9420.445261836008
1876,78.86888693518902,78.86888693518902,-0.0036954439999439255,0.0,4.452072477857202,113,0.5289299880414968,0.25408296000070524,9420.297123242146
1877,78.12669304565189,78.12669304565189,-0.009455035852880446,0.0,4.452072477857202,113,0.5289448184357596,0.2718059871536069,9419.920583732484
1878,78.29164386518312,78.29164386518312,0.0021090990216975684,0.0,4.452072477857202,113,0.5289419576814801,0.2490029081708344,9419.992329021856
1879,77.71673112923588,77.71673112923588,-0.007370313785741866,0.0,4.452072477857202,113,0.5289650768772383,0.2309920685591041,9419.4084035496
1880,77.24861922655873,77.24861922655873,-0.006041522513796331,0.0,4.452072477857202,113,0.5289859140651363,0.24090566576663835,9418.88190369939
1881,77.38188525726085,77.38188525726085,0.001723671071783628,0.0,4.452072477857202,113,0.5289837078438983,0.24505235450674367,9418.937752208596
1882,78.17830355749709,78.17830355749709,0.010239448341528604,0.0,4.452072477857202,113,0.5289537815880722,0.24305406162192972,9419.693818028145
1883,77.89353074592889,77.89353074592889,-0.0036492571368510526,0.0,4.452072477857202,113,0.5289594882305438,0.22049339977197782,9419.549343361425
1884,77.7425085569758,77.7425085569758,-0.001940710352560854,0.0,4.452072477857202,113,0.5289650464805367,0.2366140803321822,9419.409587227103
1885,76.88433885927672,76.88433885927672,-0.011099993607423319,0.0,4.452072477857202,113,0.5289843825099809,0.17832241092662668,9418.922210472467
1886,77.03550168460431,77.03550168460431,0.0019641765920775617,0.0,4.452072477857202,113,0.5289853141671707,0.12315296458896899,9418.89868299033
1887,77.21329250780107,77.21329250780107,0.00230524851570918,0.0,4.452072477857202,113,0.5289801725165733,0.14622515309786202,9419.028802429786
1888,77.04655555465189,77.04655555465189,-0.0021617682135299083,0.0,4.452072477857202,113,0.5289835294590705,0.16568410344955717,9418.943571858728
1889,77.42120887325005,77.42120887325005,0.004850902771299197,0.0,4.452072477857202,113,0.5289759865873069,0.17876659252092034,9419.135082592791
1890,77.57990134894607,77.57990134894607,0.0020476308965216286,0.0,4.452072477857202,113,0.5289727917341218,0.19913162548386343,9419.216201085546
1891,76.96741125958675,76.96741125958675,-0.007926288535366621,0.0,4.452072477857202,113,0.528985122905441,0.16567586746085092,9418.903115839008
1892,77.33297393402242,77.33297393402242,0.00473833371107384,0.0,4.452072477857202,113,0.528980253675187,0.15427630268059703,9419.026868240457
1893,77.53731140374265,77.53731140374265,0.0026388223905949443,0.0,4.452072477857202,113,0.5289786372850421,0.20576850084825854,9419.067343777946
1894,77.15511405094496,77.15511405094496,-0.004941394245543112,0.0,4.452072477857202,113,0.5289887776929129,0.15945828923404534,9418.81001457451
1895,76.78756014282388,76.78756014282388,-0.004775214000665428,0.0,4.452072477857202,113,0.5289986746802549,0.14780505958275952,9418.561307309183
1896,76.58001715217699,76.58001715217699,-0.002706479700542279,0.0,4.452072477857202,113,0.5290053158388629,0.13114180505647974,9418.392836623549
1897,77.20475637510471,77.20475637510471,0.008124896182969103,0.0,4.452072477857202,113,0.5289952199564565,0.10903248680115354,9418.647257005652
1898,77.21648310007245,77.21648310007245,0.00015187968999787378,0.0,4.452072477857202,113,0.5289974671580098,0.1162921107937503,9418.59068984042
1899,76.80235297585915,76.80235297585915,-0.005377668508528839,0.0,4.452072477857202,113,0.5290082428521972,0.11654497745237719,9418.318596347419
1900,76.08497331803565,76.08497331803565,-0.009384491705047944,0.0,4.452072477857202,113,0.5290254728224486,0.12759622368786872,9417.892598180502
1901,75.57278542694657,75.57278542694657,-0.006754548434070021,0.0,4.452072477857202,113,0.529038622735765,0.14877940006570606,9417.56934658308
1902,75.35236412678331,75.35236412678331,-0.0029209373988662132,0.0,4.452072477857202,113,0.5290458886141295,0.15523008489430748,9417.395347190693
1903,74.29116049206023,74.29116049206023,-0.014183325703824742,0.0,4.452072477857202,113,0.5290729433252758,0.14964501308259343,9416.791894100063
1904,74.7832880818289,74.7832880818289,0.006602464503244185,0.0,4.452072477857202,113,0.5290650274293284,0.0863980997914422,9416.984557023186
1905,75.40657572237997,75.40657572237997,0.008300043731149091,0.0,4.452072477857202,113,0.5290528581198839,0.14362369245481668,9417.23933727509
1906,74.72493537274498,74.72493537274498,-0.009080639081673787,0.0,4.452072477857202,113,0.5290703608663079,0.08523546454487309,9416.82947087143
1907,74.80840358077465,74.80840358077465,0.0011163827047901613,0.0,4.452072477857202,113,0.5290712351286773,0.08356736607736656,9416.810979255211
1908,74.98950008891886,74.98950008891886,0.0024178789146447038,0.0,4.452072477857202,113,0.5290697703097994,0.09245335153404889,9416.842189243322
1909,74.35759297710374,74.35759297710374,-0.008462312453252921,0.0,4.452072477857202,113,0.5290879109622552,0.07219257322679411,9416.45999707286
1910,74.14484573646769,74.14484573646769,-0.002865237608570385,0.0,4.452072477857202,113,0.5290959217070104,0.07895901038805997,9416.28985890976
1911,74.01960067355216,74.01960067355216,-0.0016906227611483853,0.0,4.452072477857202,113,0.5291018162549066,0.07957119870867083,9416.165613373445
1912,73.95916706880614,73.95916706880614,-0.0008167875571319193,0.0,4.452072477857202,113,0.5291066059715582,0.0777652054502261,9416.06187404236
1913,74.47239612537983,74.47239612537983,0.006915390377323499,0.0,4.452072477857202,113,0.5291069564811678,0.07928840186313561,9416.600728589985
1914,73.66144074484694,73.66144074484694,-0.010949064700292091,0.0,4.452072477857202,113,0.5291200812761164,0.033460489447737815,9415.74928226378
1915,73.26549477587993,73.26549477587993,-0.005389711914283,0.0,4.452072477857202,113,0.529138003457694,0.030513941364786162,9415.333566740157
1916,73.104593500468,73.104593500468,-0.002198554938626045,0.0,4.452072477857202,113,0.5291481204159099,0.02508643815484861,9415.104868934635
1917,73.07317842988762,73.07317842988762,-0.00042982008343911345,0.0,4.452072477857202,113,0.529152399959546,0.020365722176006792,9415.01113359424
1918,73.11661660725466,73.11661660725466,0.0005942710109742552,0.0,4.452072477857202,113,0.5291532648778213,0.011207532869205217,9414.997023887969
1919,73.23051372837334,73.23051372837334,0.0015565340277365089,0.0,4.452072477857202,113,0.5291509358975004,0.032124626433889594,9415.057169279913
1920,73.09360199291771,73.09360199291771,-0.0018713494318493883,0.0,4.452072477857202,113,0.5291599417334174,0.013686195552812499,9414.85420014851
1921,73.16064861466512,73.16064861466512,0.0009168502955035995,0.0,4.452072477857202,113,0.529159738813218,-0.02320224909021496,9414.8648299991
1922,73.57785501652742,73.57785501652742,0.005686408348773163,0.0,4.452072477857202,113,0.5291437522368454,-0.032371157881913984,9415.241705166607
1923,73.35505562302923,73.35505562302923,-0.003032670669726005,0.0,4.452072477857202,113,0.5291566801781195,-0.05058052289680894,9414.946475466098
1924,73.28409393971091,73.28409393971091,-0.0009678409765627446,0.0,4.452072477857202,113,0.5291627062439652,-0.051733950417174115,9414.812630264241
1925,73.54987278127457,73.54987278127457,0.00362013146902261,0.0,4.452072477857202,113,0.5291535128131543,-0.04923935826559736,9415.032697109455
1926,73.79231676365443,73.79231676365443,0.003290899937550235,0.0,4.452072477857202,113,0.5291454274375053,-0.036370939361096234,9415.226300004664
1927,73.80528428758825,73.80528428758825,0.00017571456276837535,0.0,4.452072477857202,113,0.5291476797501126,-0.03065208582264399,9415.179750089472
1928,73.2986668354456,73.2986668354456,-0.006887910912535943,0.0,4.452072477857202,113,0.5291732712508369,-0.020236777930155245,9414.591804235031
1929,73.19304062151082,73.19304062151082,-0.0014420779725124952,0.0,4.452072477857202,113,0.5291808820237062,-0.0447270505901818,9414.420429967151
1930,72.95742672153895,72.95742672153895,-0.003224267542532355,0.0,4.452072477857202,113,0.5291942740856667,-0.04715888116577504,9414.11560067655
1931,73.17309239276642,73.17309239276642,0.002951687698314429,0.0,4.452072477857202,113,0.5291873247133498,-0.051433452163370114,9414.283319389277
1932,73.08055434902074,73.08055434902074,-0.001265446136299068,0.0,4.452072477857202,113,0.5291937350349855,-0.05182798564987332,9414.139416571665
1933,73.24768767613382,73.24768767613382,0.002284362847246518,0.0,4.452072477857202,113,0.5291912609508302,-0.02807249301257669,9414.207569988375
1934,73.22178920475615,73.22178920475615,-0.0003536364326423958,0.0,4.452072477857202,113,0.5291953007287638,-0.05076487305050654,9414.11990122466
1935,72.72344175227528,72.72344175227528,-0.006829265829037788,0.0,4.452072477857202,113,0.5292183822066865,-0.047766013949209436,9413.583524499698
1936,73.49023719705474,73.49023719705474,0.010488792569596892,0.0,4.452072477857202,113,0.5291699994584252,-0.0923870077970394,9414.679329061068
1937,73.51267211689711,73.51267211689711,0.000305230966125134,0.0,4.452072477857202,113,0.5291700501647356,-0.07041297740587281,9414.680432244668
1938,74.0307462285143,74.0307462285143,0.007022695375155879,0.0,4.452072477857202,113,0.5291514744296434,-0.051035634118306576,9415.171612741857
1939,74.28392237414683,74.28392237414683,0.0034140438559418095,0.0,4.452072477857202,113,0.5291710542754079,-0.05199826855274657,9415.023545143305
1940,74.84505911301157,74.84505911301157,0.007525557829902767,0.0,4.452072477857202,113,0.5289160782596235,-0.024376787580474287,9421.357035228119
1941,74.19930052562746,74.19930052562746,-0.00866537492207464,0.0,4.452072477857202,113,0.5289294662025688,-0.07393484905299001,9420.355717772833
1942,73.63431220900704,73.63431220900704,-0.0076436076605454996,0.0,4.452072477857202,113,0.5289577245977298,-0.028585027217504125,9419.482395469739
1943,73.36815658335539,73.36815658335539,-0.0036211081169842062,0.0,4.452072477857202,113,0.5289782193722345,-0.0200614719854912,9419.023523071293
1944,73.70461010976089,73.70461010976089,0.004575342137184002,0.0,4.452072477857202,113,0.5289636229786777,-0.033971434394847164,9419.365214842019
1945,73.6595231561163,73.6595231561163,-0.0006119121939949772,0.0,4.452072477857202,113,0.5289689540493238,-0.018608000124151598,9419.248299423021
1946,73.2297908975821,73.2297908975821,-0.005851119767477311,0.0,4.452072477857202,113,0.5289887785671267,-0.02394366951986631,9418.786996496372
1947,73.69086964571964,73.69086964571964,0.006276588468037563,0.0,4.452072477857202,113,0.5289594542046083,-0.04149091968215906,9419.45167641314
1948,73.36197115022202,73.36197115022202,-0.004473208979091745,0.0,4.452072477857202,113,0.5289742298592363,-0.05178346165268997,9419.106966676236
1949,73.22267812936651,73.22267812936651,-0.0019005136413222513,0.0,4.452072477857202,113,0.5289810081396555,-0.06047177510753257,9418.950014207534
1950,73.0343677357017,73.0343677357017,-0.0025750622352220627,0.0,4.452072477857202,113,0.5289961776849763,-0.047384319885368,9418.6112844495
1951,73.07283871469987,73.07283871469987,0.0005266130373974137,0.0,4.452072477857202,113,0.5289949672750683,-0.026332317819651258,9418.640687384594
1952,73.63319860045476,73.63319860045476,0.007639257676683382,0.0,4.452072477857202,113,0.5289588111964014,-0.030028074797224524,9419.459382970877
1953,73.8379403824268,73.8379403824268,0.002776704851298478,0.0,4.452072477857202,113,0.5289496138088006,-0.003779713348457466,9419.673967369295
1954,73.32011054649966,73.32011054649966,-0.00703776612976044,0.0,4.452072477857202,113,0.5289728765135907,-0.026019491954693795,9419.131243735872
1955,73.58198798133927,73.58198798133927,0.0035653365727409733,0.0,4.452072477857202,113,0.5289611117396635,-0.04649920314171898,9419.405710487472
1956,73.22657500211773,73.22657500211773,-0.004841865710651256,0.0,4.452072477857202,113,0.5289770787391604,-0.046310068928756415,9419.033211627679
1957,73.2968706982741,73.2968706982741,0.0009595147208505385,0.0,4.452072477857202,113,0.5289739205906976,-0.05814843724473804,9419.106886671072
1958,73.54162784868596,73.54162784868596,0.003333694903039246,0.0,4.452072477857202,113,0.5289629248631701,-0.05039262332380472,9419.363410109396
1959,74.1641183431935,74.1641183431935,0.00842884174752371,0.0,4.452072477857202,113,0.5289437344173908,-0.05084845175407695,9420.015825786342
1960,74.74715944141931,74.74715944141931,0.007830757834788546,0.0,4.452072477857202,113,0.5289455296953122,-0.04129296585376292,9420.626895603706
1961,74.75355738400232,74.75355738400232,8.559079478364342e-05,0.0,4.452072477857202,113,0.5289455493943214,-0.05116816282053054,9420.633601116606
1962,74.23427092657954,74.23427092657954,-0.006970885690829696,0.0,4.452072477857202,113,0.5289439504408774,-0.07266637753669601,9420.089350837061
1963,74.15770281232078,74.15770281232078,-0.0010319711925751067,0.0,4.452072477857202,113,0.5289437146616367,-0.017148349534334004,9420.009101839627
1964,74.16788833969683,74.16788833969683,0.00013734012199713712,0.0,4.452072477857202,113,0.5289437460265681,-0.0561050834112648,9420.019777019083
1965,74.04625449153492,74.04625449153492,-0.0016413261669194043,0.0,4.452072477857202,113,0.5289433714672102,-0.005766828728237845,9419.892295828464
1966,73.77190621160571,73.77190621160571,-0.0037119741395625593,0.0,4.452072477857202,113,0.5289525801427105,0.006090356224426759,9419.604758716894
1967,73.8227906758279,73.8227906758279,0.0006895161860322396,0.0,4.452072477857202,113,0.5289502943478823,0.00112611775388133,9419.65808936606
1968,73.75072613657966,73.75072613657966,-0.0009766595868032687,0.0,4.452072477857202,113,0.5289535315862384,0.017084472076676797,9419.582560445422
1969,74.32768171567263,74.32768171567263,0.007792608079482343,0.0,4.452072477857202,113,0.5289442380789964,-0.005190672587566663,9420.187252192565
1970,74.83583450369477,74.83583450369477,0.006813391996948045,0.0,4.452072477857202,113,0.5289458027197791,0.029699237493474806,9420.719833570298
1971,74.68271484943723,74.68271484943723,-0.0020481700557966097,0.0,4.452072477857202,113,0.5289453312714304,0.01768092994102399,9420.559352946468
1972,75.48762333475132,75.48762333475132,0.010720042364237415,0.0,4.452072477857202,113,0.5289478093678134,0.0058378307439849505,9421.402956051996
1973,75.8447339547398,75.8447339547398,0.00471956281193782,0.0,4.452072477857202,113,0.5289489652743158,0.08823046702742064,9421.777234163776
1974,75.73040707883375,75.73040707883375,-0.0015085177794577334,0.0,4.452072477857202,113,0.5289485567464406,0.04034272820588096,9421.657411215803
1975,75.67799030043375,75.67799030043375,-0.0006923893443341883,0.0,4.452072477857202,113,0.528948395391526,0.03061925301267147,9421.602474589035
1976,75.42349730473461,75.42349730473461,-0.0033685073571885996,0.0,4.452072477857202,113,0.5289476119573119,0.032147216745250506,9421.335747271056
1977,75.12731124525831,75.12731124525831,-0.003934704096984848,0.0,4.452072477857202,113,0.5289467001188252,0.04486129990242172,9421.025322565454
1978,75.49480562693523,75.49480562693523,0.004879696534906773,0.0,4.452072477857202,113,0.5289478314781583,0.029720542096073034,9421.410483620783
1979,75.84078942201111,75.84078942201111,0.0045724126931647735,0.0,4.452072477857202,113,0.5289489437884183,0.044065019128010786,9421.773100004279
1980,75.59388520565328,75.59388520565328,-0.0032608705469637676,0.0,4.452072477857202,113,0.5289481364863263,0.03320502302764495,9421.514326283428
1981,75.6807501339432,75.6807501339432,0.00114844022122041,0.0,4.452072477857202,113,0.5289484038871868,0.03023781045455544,9421.605367096894
1982,75.61786723999835,75.61786723999835,-0.0008312421971478901,0.0,4.452072477857202,113,0.5289482103119958,0.04378147612326555,9421.539461213697
1983,75.52428082434419,75.52428082434419,-0.0012383895400868655,0.0,4.452072477857202,113,0.5289479222157826,0.0418886327048431,9421.441375788681
1984,75.6191113527698,75.6191113527698,0.0012548420344841746,0.0,4.452072477857202,113,0.5289482141418292,0.04440983755370204,9421.540765135096
1985,75.77518431041538,75.77518431041538,0.0020618083693501985,0.0,4.452072477857202,113,0.5289486945829976,0.0389158909731819,9421.704341037403
1986,76.51840931159028,76.51840931159028,0.009760501199221092,0.0,4.452072477857202,113,0.5289528202564561,0.04793277363344211,9422.483295329146
1987,76.139866261158,76.139866261158,-0.004959362011339567,0.0,4.452072477857202,113,0.5289505728085705,0.009575016142051468,9422.086554458914
1988,76.05346813613195,76.05346813613195,-0.0011353734333941292,0.0,4.452072477857202,113,0.5289501022239627,0.005323648043292996,9421.996002889495
1989,76.34563305954276,76.34563305954276,0.003834212656759905,0.0,4.452072477857202,113,0.5289517676563902,-0.004846149020316505,9422.302213149684
1990,75.85904776697079,75.85904776697079,-0.00639385001323067,0.0,4.452072477857202,113,0.5289490432415928,-0.014096763493358009,9421.792236088431
1991,75.9750183554437,75.9750183554437,0.0015275967243259987,0.0,4.452072477857202,113,0.528949674923761,-0.015401475308187874,9421.913781767686
1992,75.91681253850065,75.91681253850065,-0.0007664114580696649,0.0,4.452072477857202,113,0.528949357883545,-0.014090133036419445,9421.852777804093
1993,75.84621884730203,75.84621884730203,-0.0009303147893857252,0.0,4.452072477857202,113,0.5289489733625309,-0.011417026280576219,9421.778790440048
1994,75.34942417650356,75.34942417650356,-0.006571571094564078,0.0,4.452072477857202,113,0.5289473839213931,-0.007791267530999871,9421.2581132019
1995,75.53333921002309,75.53333921002309,0.0024378546691162886,0.0,4.452072477857202,113,0.5289479501013589,0.034222657679036934,9421.450869641001
1996,75.02383397659538,75.02383397659538,-0.00676828832086673,0.0,4.452072477857202,113,0.5289463815395122,0.02590716036544784,9420.916870801326
1997,75.8178843582855,75.8178843582855,0.010528356813187029,0.0,4.452072477857202,113,0.5289488382249269,-0.024351219096396606,9421.749093818178
1998,75.39078873710886,75.39078873710886,-0.005649103959923878,0.0,4.452072477857202,113,0.528947511263658,-0.08107301757219142,9421.301466294111
1999,75.79999650103238,75.79999650103238,0.005413144227012175,0.0,4.452072477857202,113,0.5289487709611105,-0.11576830088001742,9421.730346032307
