step,price,fundamental,log_return,volume,strategy_entropy,n_families,wealth_gini,acf1,mean_fitness
0,100.60299385542697,100.60299385542697,0.0,0.0,6.214608098422218,500,0.0,0.0,20000.0
1,100.15313282202902,100.15313282202902,-0.004481674296202573,0.0,6.214608098422218,500,0.0,0.0,20000.0
2,100.07045709004046,100.07045709004046,-0.0008258341259750709,0.0,6.214608098422218,500,0.0,0.0,20000.0
3,99.51304851806337,99.51304851806337,-0.005585732343553412,0.0,6.214608098422218,500,0.0,0.0,20000.0
4,99.54557754518216,99.54557754518216,0.00032682861377740367,0.0,6.214608098422218,500,5.988003592802156e-07,0.0,19999.988
5,100.12992442696812,100.12992442696812,0.005852981905112349,0.0,6.214608098422218,500,8.507903185161863e-06,0.0,20000.170500515334
6,100.31911060769356,100.31911060769356,0.001887624321735738,0.0,6.214608098422218,500,8.507903185161863e-06,0.0,20000.170500515334
7,99.52675970888089,99.52675970888089,-0.007929661488034962,0.0,6.214608098422218,500,8.507903185161863e-06,0.0,20000.170500515334
8,99.63568010398083,99.63568010398083,0.0010937846118106976,0.0,6.214608098422218,500,8.507903185161863e-06,0.0,20000.170500515334
9,99.3360169130972,99.3360169130972,-0.003012121039758354,0.0,6.214608098422218,500,8.507903185161863e-06,0.0,20000.170500515334
10,98.82057162872535,98.82057162872535,-0.0052024154302781865,0.0,6.214608098422218,500,8.507903185161863e-06,0.0,20000.170500515334
11,99.22706355789475,99.22706355789475,0.004104997260912317,0.0,6.214608098422218,500,8.507903185161863e-06,0.0,20000.170500515334
12,98.15406003655963,98.15406003655963,-0.010872509709986327,0.0,6.214608098422218,500,8.507903185161863e-06,0.0,20000.170500515334
13,98.40308609105091,98.40308609105091,0.0025338807836575534,0.0,6.214608098422218,500,9.703104639764234e-06,0.0,20000.146500515333
14,99.3482286664525,99.3482286664525,0.009558973333102903,0.0,6.214608098422218,500,4.3497851413893605e-05,0.0,20000.850385564674
15,99.34499179361208,99.34499179361208,-3.258161333543371e-05,0.0,6.214608098422218,500,4.3497232518031115e-05,0.0,20000.84776656067
16,99.8974339034679,99.8974339034679,0.005545440672519669,0.0,6.214608098422218,500,6.435427192763514e-05,0.0,20001.2947560376
17,99.34057248157,99.34057248157,-0.0055899261595143785,0.0,6.214608098422218,500,4.3496387537111734e-05,0.0,20000.844190826774
18,99.86945626872233,99.86945626872233,0.005309823336625455,0.0,6.214608098422218,500,6.322932891932586e-05,0.0,20001.27211889952
19,100.47862352717577,100.47862352717577,0.006081107803147534,0.0,6.214608098422218,500,8.774723211944682e-05,0.0,20001.76500557373
20,100.19980325146331,100.19980325146331,-0.0027787785622994917,0.0,6.214608098422218,500,0.00010788407076983769,0.0,20000.55154990864
21,101.20139916595626,101.20139916595626,0.00994635741776004,0.0,6.214608098422218,500,0.0011817892555622694,0.0,20023.500945701526
22,101.83713016936198,101.83713016936198,0.00626219154565157,0.0,6.214608098422218,500,0.001632783322565185,0.0,20066.88773700558
23,101.68579328765443,101.68579328765443,-0.0014871731108162744,0.0,6.214608098422218,500,0.0016056190196979258,0.0,20064.447594529778
24,100.97987469238988,100.97987469238988,-0.006966364428314752,0.0,6.214608098422218,500,0.002140167535617023,0.0,19998.018317676528
25,101.55656910426609,101.55656910426609,0.005694737792205462,0.0,6.214608098422218,500,0.002216312081284258,0.0,19996.707842042917
26,101.27452303389319,101.27452303389319,-0.002781094842904451,0.0,6.214608098422218,500,0.0031297360575869553,0.0,19967.63952522093
27,100.81612588622534,100.81612588622534,-0.004536557592166797,0.0,6.214608098422218,500,0.0032006857904363474,0.0,19965.033524586983
28,101.40045311643492,101.40045311643492,0.0057792378789921295,0.0,6.214608098422218,500,0.0024109867539359093,0.0,19992.47840695233
29,101.18373686320857,101.18373686320857,-0.0021395187444496417,0.0,6.214608098422218,500,0.00247264267967297,0.0,19990.344441921054
30,100.54339937211569,100.54339937211569,-0.006348572172702706,0.0,6.214608098422218,500,0.0036725358491220533,0.0,19956.794873310566
31,101.02775597093398,101.02775597093398,0.0048058218470349735,0.0,6.214608098422218,500,0.00336147701801419,0.0,19965.4338369871
32,101.99385129840486,101.99385129840486,0.009517239398211655,0.0,6.214608098422218,500,0.004190107977090317,0.0,20003.528781584624
33,101.97482457381096,101.97482457381096,-0.00018656516318230418,0.0,6.214608098422218,500,0.004129411663255512,0.0,20001.19010192844
34,101.29703759747693,101.29703759747693,-0.006668797943991619,0.0,6.214608098422218,500,0.0033757460239664545,0.0,19968.499730780895
35,100.94346120936015,100.94346120936015,-0.003496596877912319,0.0,6.214608098422218,500,0.003337609873341704,0.0,19950.346853555187
36,101.25122893532641,101.25122893532641,0.003044273451840172,0.0,6.214608098422218,500,0.0036462734324347506,0.0,19961.47372770967
37,100.8918043198476,100.8918043198476,-0.003556145254867348,0.0,6.214608098422218,500,0.003984677000285464,0.0,19936.757282673814
38,101.36884884533397,101.36884884533397,0.0047171350689816285,0.0,6.214608098422218,500,0.004335591347964487,0.0,19964.10538432683
39,101.60891257912013,101.60891257912013,0.002365420172489792,0.0,6.214608098422218,500,0.004400451138849566,0.0,19969.698453962596
40,101.14159677321065,101.14159677321065,-0.004609770253497112,0.0,6.214608098422218,500,0.003907906951046054,0.0,19942.34576057532
41,100.84362492927418,100.84362492927418,-0.0029504342701925923,0.0,6.214608098422218,500,0.0038105203185677455,0.0,19919.489492921137
42,100.56123808226455,100.56123808226455,-0.00280417292641524,0.0,6.214608098422218,500,0.0035857107294710307,0.0,19904.003138509408
43,100.45819444440721,100.45819444440721,-0.0010252108026328802,0.0,6.214608098422218,500,0.003867676929534746,0.0,19893.846275332024
44,100.75523044081675,100.75523044081675,0.002952449244872749,0.0,6.214608098422218,500,0.003809671093083117,0.0,19900.71777976186
45,100.1320899725839,100.1320899725839,-0.006203900431228557,0.0,6.214608098422218,500,0.0040573941442176,0.0,19847.121993957055
46,100.51935862046571,100.51935862046571,0.0038601179455442763,0.0,6.214608098422218,500,0.0036483826278290383,0.0,19871.784989594875
47,100.49725454218351,100.49725454218351,-0.00021992290113257064,0.0,6.214608098422218,500,0.0037574082844222105,0.0,19860.62727452958
48,100.13890480942091,100.13890480942091,-0.0035721388903284614,0.0,6.214608098422218,500,0.0041176767076233235,0.0,19833.97083983391
49,100.33607009678647,100.33607009678647,0.0019669821734856555,0.0,6.214608098422218,500,0.004074432045015397,0.0,19839.060304032286
50,100.54577517009251,100.54577517009251,0.002087845710542405,0.0,6.214608098422218,500,0.00409632380174391,0.0,19838.216612503027
51,101.2628445058573,101.2628445058573,0.007106459126331723,0.0,6.214608098422218,500,0.004056452064479453,0.0,19879.76157190393
52,101.65108261288961,101.65108261288961,0.0038266331571856047,0.0,6.214608098422218,500,0.004084813389184158,0.0,19880.037743472792
53,102.15837117633261,102.15837117633261,0.004978077332674567,0.0,6.214608098422218,500,0.004285318872707888,0.0,19903.558551666927
54,102.03521125223423,102.03521125223423,-0.0012063056788416103,0.0,6.214608098422218,500,0.00427074037167213,0.0,19901.637769058572
55,101.61875663565321,101.61875663565321,-0.004089831407590982,0.0,6.214608098422218,500,0.004518863835450436,0.0,19880.732170656953
56,101.73410642181304,101.73410642181304,0.0011344792180173126,0.0,6.214608098422218,500,0.004529831758507978,0.0,19882.503853588376
57,102.03695262216263,102.03695262216263,0.002972418406693994,0.0,6.214608098422218,500,0.004589484350389719,0.0,19885.983602075597
58,102.12359276270064,102.12359276270064,0.0008487452418952783,0.0,6.214608098422218,500,0.004626401772091914,0.0,19886.078655919
59,101.64186001702977,101.64186001702977,-0.004728315193823541,0.0,6.214608098422218,500,0.005253804965981246,0.0,19846.262178179943
60,101.6307100354993,101.6307100354993,-0.00010970473329255524,0.0,6.214608098422218,500,0.005321332907714865,-0.07851322513763476,19842.78538214364
61,101.0018562794138,101.0018562794138,-0.006206857924248467,0.0,6.214608098422218,500,0.005943156291785185,-0.07937724920013477,19813.7941511781
62,100.90416656874658,100.90416656874658,-0.000967675128380956,0.0,6.214608098422218,500,0.006096389877034378,-0.0782669486905583,19800.844173290123
63,100.57158673133115,100.57158673133115,-0.0033014408339235163,0.0,6.214608098422218,500,0.006250610779605958,-0.07605132760851181,19776.374045159995
64,100.72793175095693,100.72793175095693,0.0015533574271998191,0.0,6.214608098422218,500,0.006299559686936123,-0.07998791650008803,19776.002294593305
65,100.97648391956166,100.97648391956166,0.0024645201106220124,0.0,6.214608098422218,500,0.006149587812227011,-0.08675232329191447,19784.26238198453
66,100.01720853471349,100.01720853471349,-0.009545400721740647,0.0,6.214608098422218,500,0.006935395468232256,-0.08644285644823133,19721.656384261132
67,100.14535442303368,100.14535442303368,0.0012804183153356532,0.0,6.214608098422218,500,0.006950424809102441,-0.09376590920914385,19719.50108234603
68,100.57813396607709,100.57813396607709,0.004312202992762056,0.0,6.214608098422218,500,0.0069013263545938475,-0.08691889989555303,19744.011663830854
69,99.66628224864377,99.66628224864377,-0.009107450160219749,0.0,6.214608098422218,500,0.008166023518243071,-0.11987591458970279,19678.574621021493
70,99.96409976277793,99.96409976277793,0.002983691480972538,0.0,6.214608098422218,500,0.008007959635927254,-0.12553470663721333,19686.545879490797
71,99.9923108859249,99.9923108859249,0.0002821727319731288,0.0,6.214608098422218,500,0.008073073561525274,-0.09599447282821018,19677.427141132936
72,99.38417225017793,99.38417225017793,-0.006100423803034471,0.0,6.214608098422218,500,0.009263867174487687,-0.08340051443857159,19633.37025211021
73,99.37202467746458,99.37202467746458,-0.0001222359143135859,0.0,6.214608098422218,500,0.009335018266793569,-0.09885966230746461,19628.213382204354
74,99.8125799203681,99.8125799203681,0.004423594506196454,0.0,6.214608098422218,500,0.009267039557745445,-0.10451008590876418,19653.462672775288
75,100.44699594487216,100.44699594487216,0.006335958159443719,0.0,6.214608098422218,500,0.008502540033855241,-0.07966690296519108,19692.935645925372
76,100.59385233018857,100.59385233018857,0.0014609609211001715,0.0,6.214608098422218,500,0.00851271906441518,-0.05093973377797784,19694.23549659913
77,100.08203374579742,100.08203374579742,-0.005100958607261146,0.0,6.214608098422218,500,0.008787488052369905,-0.03335623023380336,19666.966834148618
78,99.43447676182082,99.43447676182082,-0.006491284918305424,0.0,6.214608098422218,500,0.009923514117559132,-0.031858004169094754,19622.964360943395
79,98.59572473090871,98.59572473090871,-0.00847100129345344,0.0,6.214608098422218,500,0.011457696890798149,0.02185174857428561,19554.05654070093
80,98.18702342168568,98.18702342168568,-0.004153838694874928,0.0,6.214608098422218,500,0.011480283533906495,0.06434691030929174,19525.11615531976
81,98.45475081400838,98.45475081400838,0.0027229977840689066,0.0,6.214608098422218,500,0.011217512677646117,0.0028687008357467527,19539.43416431985
82,97.76025948345936,97.76025948345936,-0.00707891032016332,0.0,6.214608098422218,500,0.011719520018103346,-0.009783781471750507,19503.29009668283
83,97.46194829652093,97.46194829652093,-0.003056121765175042,0.0,6.214608098422218,500,0.011941151910833505,-0.0013339212286999484,19474.47464103624
84,97.19149554278711,97.19149554278711,-0.0027788147225296803,0.0,6.214608098422218,500,0.012419111793546449,0.03635806271282637,19456.543158099987
85,96.68914183176265,96.68914183176265,-0.005182104226797035,0.0,6.214608098422218,500,0.013358067351591734,0.0562722611469291,19414.595758452135
86,96.03928458619977,96.03928458619977,-0.006743786793942968,0.0,6.214608098422218,500,0.013730217151322957,0.07058463359254673,19364.866758492582
87,95.80897797826253,95.80897797826253,-0.0024009257680122596,0.0,6.214608098422218,500,0.014313627744522057,0.09925899899104508,19343.51734908292
88,95.85297589153608,95.85297589153608,0.00045911995738393864,0.0,6.214608098422218,500,0.01431235949432491,0.1082225657561143,19344.083112516833
89,95.8059298192798,95.8059298192798,-0.000490935425376786,0.0,6.214608098422218,500,0.014315971470520286,0.10305351695246429,19337.859243435625
90,95.4293831803306,95.4293831803306,-0.003938050140154902,0.0,6.214608098422218,500,0.01454618878017051,0.13144126823466593,19297.838607042788
91,95.93092995832752,95.93092995832752,0.0052419220915565735,0.0,6.214608098422218,500,0.0141528530639863,0.06219271888605228,19328.80537024673
92,95.85242577695064,95.85242577695064,-0.0008186756922733073,0.0,6.214608098422218,500,0.014173835519566583,0.060358107995155307,19326.08780519454
93,95.75135736508689,95.75135736508689,-0.0010549731281939239,0.0,6.214608098422218,500,0.01434537763462352,0.06515140393106789,19318.768675694133
94,94.67917070741628,94.67917070741628,-0.011260778388807619,0.0,6.214608098422218,500,0.015679652647662756,0.04885872086561794,19254.18931838871
95,94.79744657777708,94.79744657777708,0.0012484483565069749,0.0,6.214608098422218,500,0.01571851302232884,0.03601445093772912,19253.533079569104
96,95.03622218440977,95.03622218440977,0.0025156310164777783,0.0,6.214608098422218,500,0.015568177298275103,0.05308858738636781,19267.506222623004
97,94.62531197964995,94.62531197964995,-0.004333096318120103,0.0,6.214608098422218,500,0.015574733110999129,0.05533085271718144,19248.258349144136
98,94.73316700872888,94.73316700872888,0.0011391625167109464,0.0,6.214608098422218,500,0.015531229743624414,0.030851280884024793,19256.292125762062
99,94.30427001402272,94.30427001402272,-0.004537701498738814,0.0,6.214608098422218,500,0.015789035364068452,0.035050442237497294,19214.285982589583
100,94.22320367631332,94.22320367631332,-0.0008599950035811382,0.0,6.214608098422218,500,0.015801701884406983,0.028455112811005653,19204.635948636893
101,94.75577603475197,94.75577603475197,0.0056363281160409584,0.0,6.214608098422218,500,0.015223809726793037,0.02626918591960284,19236.204748081163
102,94.69910016615813,94.69910016615813,-0.000598304687860572,0.0,6.214608098422218,500,0.0152181288423241,0.0289930569462984,19235.016344736734
103,94.73149481695292,94.73149481695292,0.0003420213204045665,0.0,6.214608098422218,500,0.015226800714155988,0.02961055674997926,19231.383369450385
104,94.04436538233476,94.04436538233476,-0.00727987644730766,0.0,6.214608098422218,500,0.015725196672514426,0.040152597776953895,19160.96638387505
105,94.22728932665288,94.22728932665288,0.0019431921619945608,0.0,6.214608098422218,500,0.015677639688468963,0.04655624023885067,19170.68158973084
106,93.44595827218976,93.44595827218976,-0.00832655243824924,0.0,6.214608098422218,500,0.015672780742212317,0.021700231898695275,19134.005158124233
107,94.06469978271785,94.06469978271785,0.006599558261657079,0.0,6.214608098422218,500,0.015355889375699974,-0.02449599959990401,19183.04555100057
108,94.41167457499633,94.41167457499633,0.0036818957860046482,0.0,6.214608098422218,500,0.015240409812657516,0.012915267712617674,19200.19938773743
109,95.06127334693049,95.06127334693049,0.006856929437842623,0.0,6.214608098422218,500,0.015186924161820426,0.034731264951330006,19226.564761792786
110,96.00965970520964,96.00965970520964,0.009927142047129179,0.0,6.214608098422218,500,0.013992072203395555,0.07722500013260855,19291.263704711393
111,96.51615807798179,96.51615807798179,0.005261627215775892,0.0,6.214608098422218,500,0.013738638930205388,0.09965848344864964,19319.3964227399
112,96.64962553235002,96.64962553235002,0.0013818956247135473,0.0,6.214608098422218,500,0.01378790171230363,0.09034430782486765,19320.27908209048
113,96.64282758964202,96.64282758964202,-7.033841829824628e-05,0.0,6.214608098422218,500,0.013812843055465537,0.095345671944321,19319.309387045843
114,96.37919957856744,96.37919957856744,-0.002731586429438348,0.0,6.214608098422218,500,0.014345803025656976,0.09328751559775308,19295.931921517167
115,96.94370976109536,96.94370976109536,0.00584009198825926,0.0,6.214608098422218,500,0.014297173438268949,0.08648844013447887,19331.83556731294
116,97.01169714694669,97.01169714694669,0.0007010620608080911,0.0,6.214608098422218,500,0.01432860493691789,0.08854993419828706,19333.414503317683
117,97.5517012244723,97.5517012244723,0.00555094605296317,0.0,6.214608098422218,500,0.014261561452502404,0.08946186166313236,19353.867241263746
118,97.56997698221623,97.56997698221623,0.00018732677952905898,0.0,6.214608098422218,500,0.014301509283597535,0.09871725658056865,19351.57474033124
119,97.5260318611346,97.5260318611346,-0.00045049739444059846,0.0,6.214608098422218,500,0.014523509959857895,0.10188696671361458,19339.80473081088
120,97.40935495555784,97.40935495555784,-0.001197083006993569,0.0,6.214608098422218,500,0.014572026420258042,0.10427788532624452,19330.0414195462
121,96.96485307839212,96.96485307839212,-0.004573679363352388,0.0,6.214608098422218,500,0.015017755861098265,0.10572860836486568,19303.537060584982
122,97.0222438549324,97.0222438549324,0.0005916968615124363,0.0,6.214608098422218,500,0.015081457250037846,0.10120705707419275,19302.93872095417
123,97.36906516812006,97.36906516812006,0.0035682838181066868,0.0,6.214608098422218,500,0.014856681530673122,0.10877962323962255,19324.134992270658
124,98.30164646644178,98.30164646644178,0.009532222292940548,0.0,6.214608098422218,500,0.014798326331291372,0.12660128254393394,19388.700603736164
125,98.20483038933175,98.20483038933175,-0.000985372965745123,0.0,6.214608098422218,500,0.014827425989032608,0.14209129292284486,19376.124440629075
126,97.6775339536137,97.6775339536137,-0.005383820142763479,0.0,6.214608098422218,500,0.01492843369858035,0.16146464745775577,19345.98739657098
127,98.80821576263286,98.80821576263286,0.011509173480197856,0.0,6.214608098422218,500,0.013956968907830974,0.10217065850830735,19419.91344537148
128,98.52316805139539,98.52316805139539,-0.0028890276243963204,0.0,6.214608098422218,500,0.013930778764320367,0.1096244120211497,19415.53091527497
129,98.4952939629194,98.4952939629194,-0.00028295915394906053,0.0,6.214608098422218,500,0.014106974436580481,0.1359136584501207,19406.475458071094
130,97.9313179177975,97.9313179177975,-0.005742374614865516,0.0,6.214608098422218,500,0.013978976032840675,0.13292687627296848,19396.12609215934
131,97.78145909851173,97.78145909851173,-0.0015314160971833103,0.0,6.214608098422218,500,0.01429114679512297,0.14000841971114045,19381.914316769715
132,97.30714293648018,97.30714293648018,-0.004862581326351518,0.0,6.214608098422218,500,0.0143379675125164,0.14591267520764914,19366.188044009556
133,97.61138247444273,97.61138247444273,0.0031217123604974964,0.0,6.214608098422218,500,0.014132794273516118,0.13305317183015364,19386.123469973325
134,97.52589045486232,97.52589045486232,-0.0008762244523242513,0.0,6.214608098422218,500,0.014331098992605967,0.11059438716795536,19371.08732219992
135,98.24770023389695,98.24770023389695,0.007373957306576518,0.0,6.214608098422218,500,0.014660219657558184,0.0980170980480419,19399.300217004948
136,99.1638692233591,99.1638692233591,0.009281883220498714,0.0,6.214608098422218,500,0.013797966040592042,0.1475880511136943,19458.184012861788
137,99.04952035414921,99.04952035414921,-0.001153795736394503,0.0,6.214608098422218,500,0.013803005262755979,0.12288781995480463,19455.700815858705
138,99.1591693100481,99.1591693100481,0.0011063991923859484,0.0,6.214608098422218,500,0.01384761594816755,0.08756835185877199,19456.159580517953
139,99.42681381381473,99.42681381381473,0.002695504099628929,0.0,6.214608098422218,500,0.013788615335203423,0.06708829163946596,19465.140507597294
140,99.52051453267768,99.52051453267768,0.0009419651580154592,0.0,6.214608098422218,500,0.013796078113995205,0.07759515289566929,19468.076857859167
141,98.87952198781298,98.87952198781298,-0.00646163968891953,0.0,6.214608098422218,500,0.0138320329306018,0.08571767270316677,19440.304834486735
142,99.90204246436306,99.90204246436306,0.01028797110217914,0.0,6.214608098422218,500,0.013840077214217197,0.018738777019462027,19495.154727959536
143,99.87801468610705,99.87801468610705,-0.0002405423115257752,0.0,6.214608098422218,500,0.014057343599865442,0.006961321043717747,19487.272457856976
144,100.47686634321232,100.47686634321232,0.005977927139968064,0.0,6.214608098422218,500,0.014331205598242632,-0.008853177358698106,19501.70094688525
145,100.75461703422043,100.75461703422043,0.0027605110564987096,0.0,6.214608098422218,500,0.014438475878906249,-0.031363689345509586,19506.74571268384
146,100.6522430422548,100.6522430422548,-0.00101658901532278,0.0,6.214608098422218,500,0.014572547411221506,-0.05272895813754219,19491.90364711385
147,100.21114323437604,100.21114323437604,-0.004392045012535735,0.0,6.214608098422218,500,0.015071518700106878,-0.04601663702584258,19459.30506774078
148,100.11583052468835,100.11583052468835,-0.000951571474287482,0.0,6.214608098422218,500,0.015301978183297744,-0.0398398559959239,19443.79824949603
149,99.60246845108288,99.60246845108288,-0.005140872988170778,0.0,6.214608098422218,500,0.015601550715633287,-0.03566441653096481,19396.87939648187
150,99.59225214799024,99.59225214799024,-0.0001025760428878939,0.0,6.214608098422218,500,0.015616803830419673,-0.017983702113492324,19395.898423243667
151,100.21047752843808,100.21047752843808,0.006188377450216299,0.0,6.214608098422218,500,0.015137375742036318,-0.01606822393542465,19425.07058620817
152,100.80305489810885,100.80305489810885,0.0058959123707103605,0.0,6.214608098422218,500,0.01500456070028099,0.001759764650728945,19461.296237038467
153,99.37284893011515,99.37284893011515,-0.014289734952936681,0.0,6.214608098422218,500,0.01691182089821118,-0.0568691795723087,19361.960651405618
154,99.78774406793809,99.78774406793809,0.004166444091839719,0.0,6.214608098422218,500,0.016572186345127964,-0.0936932538906163,19378.60607788042
155,101.78013710237519,101.78013710237519,0.019769597360311263,0.0,6.214608098422218,500,0.016846676009554407,-0.04287970745927843,19513.445473770353
156,101.55397666350771,101.55397666350771,-0.0022245212860906743,0.0,6.214608098422218,500,0.017153666873134996,-0.07230498221567795,19499.000696441355
157,101.10476927080092,101.10476927080092,-0.004433148209988467,0.0,6.214608098422218,500,0.017909495288366592,-0.062349086647486625,19463.611726864696
158,100.91377397498748,100.91377397498748,-0.0018908695177343986,0.0,6.214608098422218,500,0.017930094201931,-0.05302434483545105,19440.735973153332
159,100.57085547008619,100.57085547008619,-0.003403920556647972,0.0,6.214608098422218,500,0.01851352939189196,-0.0521303793250005,19418.580290751368
160,100.77318129579425,100.77318129579425,0.0020097530282918055,0.0,6.214608098422218,500,0.01841822334038787,-0.049681276031797575,19422.244992536413
161,100.98371643939318,100.98371643939318,0.0020870188070926284,0.0,6.214608098422218,500,0.018558867162764937,-0.04565089925447153,19429.949557319844
162,101.54765166431532,101.54765166431532,0.005568882367401049,0.0,6.214608098422218,500,0.017991178267596282,-0.0435399255481269,19466.24719534722
163,101.8185287192325,101.8185287192325,0.0026639357104255436,0.0,6.214608098422218,500,0.017957364103166028,-0.043873555491372326,19475.695898214584
164,101.8001774422633,101.8001774422633,-0.00018025138617989398,0.0,6.214608098422218,500,0.018045805514726492,-0.04374986162012167,19468.15002231433
165,101.08335389397354,101.08335389397354,-0.007066384603776344,0.0,6.214608098422218,500,0.0191750579254023,-0.03149359257077714,19423.38109174182
166,100.7968122729623,100.7968122729623,-0.0028387316978575076,0.0,6.214608098422218,500,0.019815126946344328,0.014079612933055369,19398.146760444968
167,100.64430404810561,100.64430404810561,-0.0015141720496802675,0.0,6.214608098422218,500,0.019800115790546385,0.012788667237385165,19378.20831032741
168,101.11586074010586,101.11586074010586,0.004674436612748904,0.0,6.214608098422218,500,0.019218048429808766,-0.0006647280465879398,19404.21131666665
169,101.69109285996126,101.69109285996126,0.005672721296909292,0.0,6.214608098422218,500,0.018968503363653855,-0.02017023335256283,19423.764824790516
170,101.32458146195812,101.32458146195812,-0.003610674864494934,0.0,6.214608098422218,500,0.019141300385761482,-0.056492284265368044,19391.6734752081
171,101.78250272965855,101.78250272965855,0.004509168603517304,0.0,6.214608098422218,500,0.01862901458517937,-0.06752169763052453,19419.365967842026
172,101.18222980433765,101.18222980433765,-0.005915063844050857,0.0,6.214608098422218,500,0.01925877820416061,-0.07957466529983626,19372.48727979133
173,99.32627395215637,99.32627395215637,-0.018513018899859804,0.0,6.214608098422218,500,0.019734438839992464,-0.005728723360048041,19276.2387550123
174,99.53701127135535,99.53701127135535,0.00211941986020277,0.0,6.214608098422218,500,0.0195475793971287,-0.012496181069416403,19285.776430700964
175,100.1959058003415,100.1959058003415,0.006597779963592717,0.0,6.214608098422218,500,0.019331988501442684,-0.008290099975790579,19306.283308558475
176,100.41308386035219,100.41308386035219,0.0021651885613201134,0.0,6.214608098422218,500,0.019249093997532513,-0.003964916956293254,19317.341403092883
177,99.30479885999459,99.30479885999459,-0.01109861932966431,0.0,6.214608098422218,500,0.020615716107607356,-0.011863489427740754,19244.494368430325
178,99.6650526494064,99.6650526494064,0.0036211936667535165,0.0,6.214608098422218,500,0.02068582606787925,-0.02881277329604409,19255.141190878196
179,99.30017959307831,99.30017959307831,-0.00366771079792612,0.0,6.214608098422218,500,0.02133004843513024,-0.034953825955209544,19223.712774081763
180,98.75172965831823,98.75172965831823,-0.005538460485301617,0.0,6.214608098422218,500,0.021338140191586207,-0.02731722178961079,19214.90116460157
181,99.30365065610876,99.30365065610876,0.005573415128688391,0.0,6.214608098422218,500,0.020788040301833687,-0.040332451736907866,19241.585681822686
182,99.06085639958934,99.06085639958934,-0.0024479618997260174,0.0,6.214608098422218,500,0.02081324721653008,-0.04695775456981854,19235.9964063046
183,99.18776596771855,99.18776596771855,0.0012803073630421847,0.0,6.214608098422218,500,0.020828679035358795,-0.061459808586099514,19236.76852185208
184,99.93691856839247,99.93691856839247,0.00752449287783938,0.0,6.214608098422218,500,0.020950164745620323,-0.05406508905459679,19244.468540969985
185,98.68837205558592,98.68837205558592,-0.012572044112748216,0.0,6.214608098422218,500,0.0228548978238727,-0.09147478923158799,19175.4026075494
186,98.55693622079369,98.55693622079369,-0.0013327146322990413,0.0,6.214608098422218,500,0.02304822404706486,-0.058685721121129325,19164.991983542994
187,98.39560406952211,98.39560406952211,-0.0016382849098375105,0.0,6.214608098422218,500,0.023162227204818465,-0.04638804575091365,19141.33145499522
188,97.90655242278005,97.90655242278005,-0.00498265192069438,0.0,6.214608098422218,500,0.024051638620154355,-0.04288540751559389,19103.269433805803
189,98.92288847971372,98.92288847971372,0.010327165336377935,0.0,6.214608098422218,500,0.02421088978133086,-0.063218832624352,19130.525417617853
190,98.25881963371428,98.25881963371428,-0.006735628400953571,0.0,6.214608098422218,500,0.024535097558743526,-0.09593236622489995,19080.029163390915
191,98.63031069676126,98.63031069676126,0.0037736111004578548,0.0,6.214608098422218,500,0.024285001474164302,-0.1095037309835425,19095.897541338913
192,98.74271943437195,98.74271943437195,0.0011390487311216117,0.0,6.214608098422218,500,0.024358755747052468,-0.10294001905693996,19095.786846393206
193,98.38399588957274,98.38399588957274,-0.0036395263846929903,0.0,6.214608098422218,500,0.024897734227318863,-0.1028732356120814,19072.939469731096
194,98.56508438785463,98.56508438785463,0.0018389377503964068,0.0,6.214608098422218,500,0.02484068152098787,-0.1023190850362026,19074.613267185458
195,98.56339566703947,98.56339566703947,-1.713319977631063e-05,0.0,6.214608098422218,500,0.024922294411727705,-0.13373106461841217,19065.196898980008
196,97.80206115535857,97.80206115535857,-0.007754299955446985,0.0,6.214608098422218,500,0.02613295813546722,-0.13136471880601172,19014.935388948103
197,98.57079734230685,98.57079734230685,0.007829392714930859,0.0,6.214608098422218,500,0.02531682935484737,-0.15296976358455924,19051.951559591416
198,98.6674615664943,98.6674615664943,0.0009801772988809446,0.0,6.214608098422218,500,0.02538619345956105,-0.1508376402366705,19049.758321631816
199,99.14902653098397,99.14902653098397,0.00486881473254924,0.0,6.214608098422218,500,0.024732306065407317,-0.14870763515426702,19078.687963117474
200,99.5856908983677,99.5856908983677,0.004394451817392144,0.0,5.923432078453512,400,0.0819438473766175,-0.13595805663223512,18140.385327464952
201,99.20555008674692,99.20555008674692,-0.003824527409730477,0.0,5.923432078453512,400,0.0824784261861189,-0.11651338955979089,18107.738401893912
202,99.32458653152,99.32458653152,0.0011991777275281142,0.0,5.923432078453512,400,0.0825138675241459,-0.12319146923324195,18108.62838005259
203,99.27364467122051,99.27364467122051,-0.0005130142510155074,0.0,5.923432078453512,400,0.08263153749840729,-0.12304762536753983,18102.815116553327
204,99.22414411123921,99.22414411123921,-0.000498751762536357,0.0,5.923432078453512,400,0.0828034382860152,-0.13327409900448858,18095.16111620917
205,99.1181699165327,99.1181699165327,-0.0010685990562361366,0.0,5.923432078453512,400,0.08292289150756912,-0.13264650901538427,18086.428838681066
206,98.57462925400827,98.57462925400827,-0.005498855136953092,0.0,5.923432078453512,400,0.08337946461656079,-0.13044307419910253,18059.085818208787
207,98.09926899015592,98.09926899015592,-0.004834003838482014,0.0,5.923432078453512,400,0.08393946398869793,-0.12103902665725205,18028.762245726833
208,97.69933743226005,97.69933743226005,-0.004085137492919607,0.0,5.923432078453512,400,0.08453634288271837,-0.11409080918230372,18001.066916182725
209,97.5814274388309,97.5814274388309,-0.001207594694089258,0.0,5.923432078453512,400,0.0846376327447025,-0.11338776879689624,17993.73540976122
210,97.58382367200802,97.58382367200802,2.4555940810209853e-05,0.0,5.923432078453512,400,0.0846891910537324,-0.11421416656324433,17992.10145639954
211,97.97521791080669,97.97521791080669,0.004002829613279356,0.0,5.923432078453512,400,0.08433392951445706,-0.13326305555119541,18011.934571073114
212,98.19235691205388,98.19235691205388,0.0022138122482863285,0.0,5.923432078453512,400,0.08428364432193819,-0.08999273911676674,18017.825775161156
213,98.43866285931767,98.43866285931767,0.0025052616456454407,0.0,5.923432078453512,400,0.08407847673425328,-0.06400119960668549,18030.005134015657
214,98.54805066294038,98.54805066294038,0.0011106110956474785,0.0,5.923432078453512,400,0.08412059704913694,-0.10692473570387119,18030.096518261005
215,98.31855422091876,98.31855422091876,-0.0023314929021730933,0.0,5.923432078453512,400,0.08448073412172617,-0.11473095929943238,18012.309536997007
216,99.10008777140429,99.10008777140429,0.007917566703087494,0.0,5.923432078453512,400,0.08408168534292726,-0.12349782049787268,18041.645814811767
217,99.6398829550157,99.6398829550157,0.005432188693843566,0.0,5.923432078453512,400,0.08393057525627197,-0.09722811389807039,18059.655102961882
218,99.7990552978557,99.7990552978557,0.0015962016046628478,0.0,5.923432078453512,400,0.08390917750069808,-0.09422824704100884,18061.502088031244
219,100.41038302089974,100.41038302089974,0.006106901134066787,0.0,5.923432078453512,400,0.08374855501605756,-0.08200025084159954,18082.76187728339
220,100.2684119326331,100.2684119326331,-0.0014149089542285257,0.0,5.923432078453512,400,0.08374595550908925,-0.08984376691631159,18079.18956607242
221,99.84051453510887,99.84051453510887,-0.004276651294423028,0.0,5.923432078453512,400,0.08393792850576479,-0.09362295694897965,18063.732563016947
222,99.85848272119031,99.85848272119031,0.00017995269257041135,0.0,5.923432078453512,400,0.08399683961938723,-0.10672309772860794,18061.495838760282
223,99.16840209364325,99.16840209364325,-0.006934574628836424,0.0,5.923432078453512,400,0.08487309853999189,-0.10685504623333233,18020.216643457676
224,99.45091083368284,99.45091083368284,0.0028447276993571555,0.0,5.923432078453512,400,0.08474905008658726,-0.11783067925035827,18026.15173880828
225,98.67779994468901,98.67779994468901,-0.007804167400214973,0.0,5.923432078453512,400,0.08536295679644798,-0.14045274414618003,17980.208927093503
226,98.38404419360796,98.38404419360796,-0.002981358161472481,0.0,5.923432078453512,400,0.08546970530272222,-0.1308884503788548,17959.65696636208
227,98.42398226898436,98.42398226898436,0.0004058582024570403,0.0,5.923432078453512,400,0.08548601207147086,-0.12880374796172928,17958.94126278091
228,98.34070123952593,98.34070123952593,-0.0008465038841981579,0.0,5.923432078453512,400,0.08558331090072893,-0.14954016017297617,17950.806827084718
229,98.73557987608034,98.73557987608034,0.004007373822631049,0.0,5.923432078453512,400,0.08563792979082643,-0.14069361213374496,17955.066750018515
230,98.34907164875557,98.34907164875557,-0.003922261016695332,0.0,5.923432078453512,400,0.08589142348482585,-0.1404318515363202,17936.809544076503
231,98.06367884358244,98.06367884358244,-0.002906053759813809,0.0,5.923432078453512,400,0.08587921686619907,-0.12083450224370615,17931.42047938456
232,97.59788178251668,97.59788178251668,-0.004761261634918417,0.0,5.923432078453512,400,0.08598861749062209,-0.17353432695218743,17916.860648971353
233,97.35127987575396,97.35127987575396,-0.002529911246556249,0.0,5.923432078453512,400,0.08650884127671632,-0.17588961646190476,17887.43046394751
234,97.54784035452909,97.54784035452909,0.0020170490783626843,0.0,5.923432078453512,400,0.086440522468003,-0.19264453741786172,17896.161283621936
235,97.83250269385417,97.83250269385417,0.0029139322442166705,0.0,5.923432078453512,400,0.08642393854636347,-0.20623003311029509,17902.7663942818
236,97.7116594254479,97.7116594254479,-0.0012359692304808522,0.0,5.923432078453512,400,0.08679699889004332,-0.18767521292760322,17884.710315028933
237,97.64875557304343,97.64875557304343,-0.0006439774872391152,0.0,5.923432078453512,400,0.08690017570831744,-0.16994583625641088,17879.36818586789
238,96.87384981710672,96.87384981710672,-0.007967298746495053,0.0,5.923432078453512,400,0.08823585214653404,-0.15101675764207492,17823.68669357345
239,97.01693039627662,97.01693039627662,0.0014758886934645309,0.0,5.923432078453512,400,0.08821417717628277,-0.17800475603471383,17827.29286726048
240,96.73535373833646,96.73535373833646,-0.0029065655399176374,0.0,5.923432078453512,400,0.08879689911744491,-0.15908083375646542,17804.213486725217
241,96.97511675280617,96.97511675280617,0.0024754793718764234,0.0,5.923432078453512,400,0.08873835048017416,-0.15848073350867486,17810.652812798162
242,96.5413666757654,96.5413666757654,-0.004482830565481064,0.0,5.923432078453512,400,0.08936007957137931,-0.16387543148077074,17783.132388388112
243,96.27519954123426,96.27519954123426,-0.002760834391134667,0.0,5.923432078453512,400,0.08963804230950057,-0.1676584765248631,17768.38538160196
244,96.12639027729496,96.12639027729496,-0.0015468613721120689,0.0,5.923432078453512,400,0.08982851090905482,-0.08734654507963935,17757.387817053175
245,96.04127573689026,96.04127573689026,-0.0008858362880282744,0.0,5.923432078453512,400,0.09009912621212286,-0.11127369294533997,17748.145084825224
246,95.91267029201519,95.91267029201519,-0.0013399616603689034,0.0,5.923432078453512,400,0.0902988511741775,-0.11195544647014555,17737.770337097063
247,96.3015934275637,96.3015934275637,0.004046772167522719,0.0,5.923432078453512,400,0.09002532829510164,-0.11995761233282747,17754.255815059238
248,95.5466479396763,95.5466479396763,-0.007870276832971332,0.0,5.923432078453512,400,0.09041790312975469,-0.10008050898816609,17717.84204499843
249,95.23895345944514,95.23895345944514,-0.0032255552279737074,0.0,5.923432078453512,400,0.09045734906783108,-0.015273944546754839,17707.32849398272
250,95.17078021692802,95.17078021692802,-0.0007160689121702166,0.0,5.923432078453512,400,0.09066464172113103,0.015056137409314843,17698.22138796301
251,95.5491890750596,95.5491890750596,0.0039682195429862335,0.0,5.923432078453512,400,0.09050856079007844,0.005831220302892372,17713.21483494529
252,95.37711765070951,95.37711765070951,-0.001802490959878104,0.0,5.923432078453512,400,0.09069141827542519,0.005298602429920568,17699.77510485526
253,94.66663177140701,94.66663177140701,-0.007477111892038981,0.0,5.923432078453512,400,0.09164068563423207,0.022587456600003015,17648.072972442813
254,93.99704861763708,93.99704861763708,-0.0070981967887563694,0.0,5.923432078453512,400,0.09199009020837666,0.06648480074039431,17612.5672074832
255,93.10631608693086,93.10631608693086,-0.009521360145629265,0.0,5.923432078453512,400,0.09196141791648087,0.12210653023585415,17599.04249563738
256,93.72389127314072,93.72389127314072,0.006611109030875156,0.0,5.923432078453512,400,0.09171223148123266,0.11667167573909762,17619.541553261843
257,93.494380724268,93.494380724268,-0.0024517976946984306,0.0,5.923432078453512,400,0.09170885372938893,0.0950074691333958,17615.9700018112
258,93.22791966371507,93.22791966371507,-0.0028540912454298162,0.0,5.923432078453512,400,0.091797513660533,0.08648064310198816,17608.63441643364
259,92.60877341232873,92.60877341232873,-0.006663361599879901,0.0,5.923432078453512,400,0.09311377536778935,0.06325301110815762,17553.129699304223
260,92.86008386239844,92.86008386239844,0.002710003259489558,0.0,5.923432078453512,400,0.09296401760224099,0.057381263155322035,17563.631863378276
261,93.66815720745068,93.66815720745068,0.00866440808872445,0.0,5.923432078453512,400,0.0925940340667729,0.09592952771898336,17591.906038657322
262,94.38894128556713,94.38894128556713,0.007665625104683203,0.0,5.923432078453512,400,0.0917301452991647,0.16545483754701276,17638.963030582046
263,93.3248095429084,93.3248095429084,-0.01133793488585358,0.0,5.923432078453512,400,0.09215097269459416,0.07562908970102192,17589.770487314734
264,93.23066001646961,93.23066001646961,-0.0010093462781261386,0.0,5.923432078453512,400,0.09228667026364394,0.07548361324324655,17580.27592791513
265,93.26077211668004,93.26077211668004,0.00032293280316078685,0.0,5.923432078453512,400,0.09243876033611372,0.07520211029945367,17576.576752479985
266,92.5016182676249,92.5016182676249,-0.008173431379208663,0.0,5.923432078453512,400,0.09309694107312713,0.05187218667936008,17531.71845450141
267,92.3119681627811,92.3119681627811,-0.0020523401452846144,0.0,5.923432078453512,400,0.09341913597963214,0.0485968216858594,17518.12898588744
268,93.21090100522395,93.21090100522395,0.009690879422007026,0.0,5.923432078453512,400,0.09235958537996757,0.03533031033676842,17565.200802533396
269,93.89988497402382,93.89988497402382,0.007364482802490989,0.0,5.923432078453512,400,0.09228081446416307,0.09568877471527497,17587.567036332195
270,93.73506634981739,93.73506634981739,-0.001756801336150317,0.0,5.923432078453512,400,0.09248569494625952,0.08682885849802865,17578.6771783263
271,94.10712619130638,94.10712619130638,0.003961413812420721,0.0,5.923432078453512,400,0.09246155402984074,0.0734607137275635,17586.981398406526
272,94.02295676034399,94.02295676034399,-0.0008948003982967355,0.0,5.923432078453512,400,0.09272161994528089,0.06625851969752955,17576.906857990973
273,94.27604697215439,94.27604697215439,0.002688175287198591,0.0,5.923432078453512,400,0.09268710982663178,0.061481284085018614,17583.60591367462
274,93.86841699267488,93.86841699267488,-0.004333166213933818,0.0,5.923432078453512,400,0.09338017697541677,0.054289019158841365,17553.69254250912
275,93.81201668368041,93.81201668368041,-0.0006010249399735218,0.0,5.923432078453512,400,0.09343150809672764,0.06359716687442303,17551.281759129382
276,93.88719330997618,93.88719330997618,0.0008010329965491048,0.0,5.923432078453512,400,0.09347955535159003,0.02472992657224244,17551.16718829273
277,93.96084913130491,93.96084913130491,0.0007842064697212626,0.0,5.923432078453512,400,0.09350825395068767,0.01473175202697262,17551.60943287238
278,94.43547074615783,94.43547074615783,0.005038555097724387,0.0,5.923432078453512,400,0.09292871058133599,0.008949202630850863,17576.848556996407
279,95.17018359436793,95.17018359436793,0.007749943197620569,0.0,5.923432078453512,400,0.09240090138648693,0.05050286998098192,17603.229603532185
280,95.2136307006888,95.2136307006888,0.00045641597460333727,0.0,5.923432078453512,400,0.09247735448325514,0.05781350938377781,17598.46514928167
281,94.85934674266706,94.85934674266706,-0.003727877293021449,0.0,5.923432078453512,400,0.0927826192685254,0.057781292444900566,17581.402933971523
282,94.50804600430718,94.50804600430718,-0.0037102601061901478,0.0,5.923432078453512,400,0.0928141500362312,0.06862083194141455,17574.602023292042
283,95.10610974044297,95.10610974044297,0.006308239140253559,0.0,5.923432078453512,400,0.0924945997735627,0.06937644046065912,17593.56961298948
284,94.89511834839358,94.89511834839358,-0.0022209485791215146,0.0,5.923432078453512,400,0.09273566021172437,0.08102562682148964,17580.602532050765
285,93.49036506277137,93.49036506277137,-0.014913880811202694,0.0,5.923432078453512,400,0.09513381845377414,0.07688047456852486,17460.471517590533
286,93.88957606745886,93.88957606745886,0.0042609855279655195,0.0,5.923432078453512,400,0.09507711539432574,0.02943483792138613,17476.96991076809
287,93.77781663575428,93.77781663575428,-0.0011910374339017895,0.0,5.923432078453512,400,0.09507001330829956,0.028111729140710456,17473.45452528338
288,94.64368001385304,94.64368001385304,0.009190771631301093,0.0,5.923432078453512,400,0.0952805888890214,0.02458529711475784,17493.135020851147
289,94.74233293324366,94.74233293324366,0.0010418185248053363,0.0,5.923432078453512,400,0.09534052618120187,0.044917307233647064,17490.92128225198
290,94.63742191851756,94.63742191851756,-0.0011079434075735675,0.0,5.923432078453512,400,0.09545847999364285,0.040024844974571615,17483.733088111716
291,94.97505480598527,94.97505480598527,0.0035612977599945835,0.0,5.923432078453512,400,0.09553643075924402,0.03215247672578705,17490.9075037712
292,94.85386275693573,94.85386275693573,-0.0012768556769011017,0.0,5.923432078453512,400,0.0955746050306125,0.024945404178243615,17483.02112828003
293,95.46613936434858,95.46613936434858,0.00643420253140344,0.0,5.923432078453512,400,0.09479129645772057,0.024058327884242288,17518.656476559114
294,95.2981446552692,95.2981446552692,-0.0017612809795179865,0.0,5.923432078453512,400,0.09492204652126632,0.013113815150657656,17510.133762979047
295,95.17268594524943,95.17268594524943,-0.0013173537151894513,0.0,5.923432078453512,400,0.09499126552432915,0.015641377707679583,17503.518959539084
296,95.14279326662265,95.14279326662265,-0.00031413817726650637,0.0,5.923432078453512,400,0.09513107375098503,0.015469667684405395,17498.70535907215
297,94.75290569614114,94.75290569614114,-0.00410633964295996,0.0,5.923432078453512,400,0.09539975166813726,0.0143859231532073,17478.066301437015
298,95.1028249998834,95.1028249998834,0.003686164211941164,0.0,5.923432078453512,400,0.09515706164246354,0.013841231276263162,17494.00589856694
299,96.0430313643025,96.0430313643025,0.009837659732937012,0.0,5.923432078453512,400,0.09463805786250987,0.040060993139813046,17528.579923743855
300,96.17726127807401,96.17726127807401,0.0013966260663220093,0.0,5.923432078453512,400,0.09466618221544411,0.05397960075019261,17528.582635749037
301,95.2379390502022,95.2379390502022,-0.00981457863681901,0.0,5.923432078453512,400,0.09587289798081898,0.049679243415818766,17472.01528749405
302,94.85533428549164,94.85533428549164,-0.004025447872488158,0.0,5.923432078453512,400,0.09610915198328106,0.06419372424139849,17456.577845957072
303,95.3884003381509,95.3884003381509,0.005604047342812941,0.0,5.923432078453512,400,0.09574190654427656,0.04869940532978367,17477.72519704051
304,95.04482406281248,95.04482406281248,-0.0036083687519200725,0.0,5.923432078453512,400,0.09632115698880145,0.036713191731819,17454.224076458133
305,94.57643815900394,94.57643815900394,-0.004940235614256107,0.0,5.923432078453512,400,0.09660119031573376,0.044914166073579065,17435.09623803665
306,94.56838011981527,94.56838011981527,-8.520496904825529e-05,0.0,5.923432078453512,400,0.09678612133551587,0.04712731265467022,17428.989489108048
307,94.27730761561834,94.27730761561834,-0.003082651642049352,0.0,5.923432078453512,400,0.09700056640268837,0.06567709287627507,17417.8469162022
308,94.3182722744581,94.3182722744581,0.0004344180230297262,0.0,5.923432078453512,400,0.0970909273038859,0.0532895966319316,17413.938105174322
309,94.50426042795667,94.50426042795667,0.001969979016651828,0.0,5.923432078453512,400,0.09703716669782472,0.05320583572606788,17416.581460864643
310,94.44635655966108,94.44635655966108,-0.0006128995081502267,0.0,5.923432078453512,400,0.09712785233714841,0.05401759781937725,17410.321172339372
311,95.10995312595428,95.10995312595428,0.007001605784802368,0.0,5.923432078453512,400,0.09716135552093737,0.05497656001898343,17417.241003827286
312,95.02621621283402,95.02621621283402,-0.0008808099881809391,0.0,5.923432078453512,400,0.09724863089942958,0.04446824640470324,17413.548270972897
313,95.86876260243044,95.86876260243044,0.008827386303672791,0.0,5.923432078453512,400,0.09716402016448578,0.008273754138276652,17430.14631250506
314,96.25727804891876,96.25727804891876,0.004044386432489315,0.0,5.923432078453512,400,0.0967227397633617,-0.015302682826942776,17449.378907970808
315,96.03453578302441,96.03453578302441,-0.0023167118878325912,0.0,5.923432078453512,400,0.097039359312927,0.015018391525451844,17434.879618715007
316,95.80143168811767,95.80143168811767,-0.0024302450964480823,0.0,5.923432078453512,400,0.09748807587953161,0.03135798420168518,17418.23771628133
317,96.67561400530595,96.67561400530595,0.009083559287176218,0.0,5.923432078453512,400,0.0971302719094343,0.009521698832118787,17443.508519774263
318,96.93081136411935,96.93081136411935,0.00263625038398729,0.0,5.923432078453512,400,0.09711808844513051,0.004846936977083409,17446.40892001122
319,96.06849952958221,96.06849952958221,-0.008935965300696427,0.0,5.923432078453512,400,0.09877415072288871,0.0025303059556066056,17377.753078187303
320,96.81354724556884,96.81354724556884,0.007725461586305895,0.0,5.923432078453512,400,0.09870276354733376,-0.045327224074848994,17407.683926631245
321,96.91672840496105,96.91672840496105,0.0010652043806992566,0.0,5.923432078453512,400,0.09875713495846895,-0.07945512991586337,17409.18110187711
322,97.15143536254588,97.15143536254588,0.002418810663847558,0.0,5.923432078453512,400,0.09872302347751694,-0.029579797388570316,17416.289889283253
323,97.42675170534395,97.42675170534395,0.0028298806837469452,0.0,5.923432078453512,400,0.09863603989986623,-0.043058026087559674,17426.496235227252
324,97.43206951977719,97.43206951977719,5.45812029563715e-05,0.0,5.923432078453512,400,0.098733003459607,-0.04453785933989722,17420.53903658565
325,98.10080865137972,98.10080865137972,0.006840197365127717,0.0,5.923432078453512,400,0.09815936953757294,-0.04922241995009758,17446.118591299044
326,97.96118951040224,97.96118951040224,-0.0014242348429305755,0.0,5.923432078453512,400,0.09825048634245209,-0.07983613428871857,17438.75971386947
327,97.89558168898508,97.89558168898508,-0.0006699571678768214,0.0,5.923432078453512,400,0.0982811659807341,-0.05942902647748127,17435.5733232532
328,98.06230132263205,98.06230132263205,0.0017015868033614875,0.0,5.923432078453512,400,0.09827976264458443,-0.10530094411947609,17438.73493215544
329,97.89425112612132,97.89425112612132,-0.0017151785496196997,0.0,5.923432078453512,400,0.09836392013142081,-0.09769440929645495,17432.450442973688
330,97.24160404674119,97.24160404674119,-0.00668918085162355,0.0,5.923432078453512,400,0.09889561184726295,-0.0758506146941583,17400.652605815725
331,97.62531895195687,97.62531895195687,0.003938230206043512,0.0,5.923432078453512,400,0.09865284298463432,-0.08967350306686209,17414.25228223562
332,97.40720546204905,97.40720546204905,-0.002236689305994332,0.0,5.923432078453512,400,0.09872381650899613,-0.09384877746567126,17401.260776935935
333,97.23777770480962,97.23777770480962,-0.0017408904896827632,0.0,5.923432078453512,400,0.09871587287669302,-0.08156610690769517,17397.550244522172
334,97.324518977654,97.324518977654,0.0008916555783971735,0.0,5.923432078453512,400,0.09872286123098767,-0.08791568867555936,17399.334363793416
335,96.99300535744264,96.99300535744264,-0.0034120848644817884,0.0,5.923432078453512,400,0.09909886291568193,-0.0876268992213436,17377.682144475526
336,97.78203229514374,97.78203229514374,0.008101975112566936,0.0,5.923432078453512,400,0.09830447526795315,-0.10495119258497058,17417.752532418966
337,97.89188802308439,97.89188802308439,0.0011228449790754008,0.0,5.923432078453512,400,0.09827718314286005,-0.10295549065878978,17421.504772430737
338,97.81195237337447,97.81195237337447,-0.0008169042977725025,0.0,5.923432078453512,400,0.09843352228311672,-0.1269928063463103,17411.720965149932
339,97.3678706723396,97.3678706723396,-0.00455049564453145,0.0,5.923432078453512,400,0.09926081485920965,-0.12474171034405315,17377.087577786795
340,96.84515384019147,96.84515384019147,-0.005382935522951843,0.0,5.923432078453512,400,0.0994899103689099,-0.10159814761945697,17353.356883802568
341,98.0795591267392,98.0795591267392,0.012665626327821462,0.0,5.923432078453512,400,0.09974175658409559,-0.1494391506947262,17383.0500150869
342,97.50830719949612,97.50830719949612,-0.005841400720046532,0.0,5.923432078453512,400,0.1000736318000399,-0.18064722114334333,17354.307685181968
343,97.14034835776047,97.14034835776047,-0.003780753368014443,0.0,5.923432078453512,400,0.1006299940748807,-0.15541506089534346,17328.730836244096
344,97.03436015589043,97.03436015589043,-0.001091678861860211,0.0,5.923432078453512,400,0.10070103308427834,-0.17733051175989115,17323.830459109486
345,97.08539561271412,97.08539561271412,0.0005258141583527187,0.0,5.923432078453512,400,0.10079996519507271,-0.16673700514044665,17319.436601267014
346,96.7316925340585,96.7316925340585,-0.0036498687983957945,0.0,5.923432078453512,400,0.10146535851247702,-0.16113685827311558,17292.203939907267
347,97.1741141420747,97.1741141420747,0.004563271036883374,0.0,5.923432078453512,400,0.10140147835227875,-0.1606974462933813,17308.53391594807
348,96.97985594545841,96.97985594545841,-0.002001074315925809,0.0,5.923432078453512,400,0.1014699158110691,-0.18182828153466085,17299.066293385193
349,96.09232168855925,96.09232168855925,-0.009193872669856,0.0,5.923432078453512,400,0.10300073976319478,-0.15218659762722714,17234.77734699359
350,95.60550329658804,95.60550329658804,-0.005079029337214639,0.0,5.923432078453512,400,0.10361064378183439,-0.1102866920113166,17203.671044255956
351,95.90192898782449,95.90192898782449,0.0030957119985556515,0.0,5.923432078453512,400,0.10348423483634414,-0.11804137732858923,17211.775023335886
352,96.44768554429277,96.44768554429277,0.005674646370517222,0.0,5.923432078453512,400,0.10336013762584101,-0.09761256143231793,17230.28082675923
353,96.89848026714185,96.89848026714185,0.004663092622635577,0.0,5.923432078453512,400,0.10343831278284095,-0.07314172985406885,17239.714552882568
354,96.7507214277368,96.7507214277368,-0.0015260467565794643,0.0,5.923432078453512,400,0.10372440334747526,-0.08104289847695939,17228.96390813978
355,97.27707214896402,97.27707214896402,0.00542553211248393,0.0,5.923432078453512,400,0.10334667719737306,-0.08696832515200306,17248.41902838677
356,97.10447062143173,97.10447062143173,-0.0017759049592406908,0.0,5.923432078453512,400,0.10357617964939408,-0.09634795419020678,17234.37469754358
357,96.70998314826693,96.70998314826693,-0.004070780174072935,0.0,5.923432078453512,400,0.10372909382659827,-0.0794014691393777,17215.6572839123
358,96.79527297548795,96.79527297548795,0.0008815247136191554,0.0,5.923432078453512,400,0.10374802054315957,-0.10457017200480567,17217.100419888382
359,96.91819864220018,96.91819864220018,0.0012691495556380143,0.0,5.923432078453512,400,0.10379873142078935,-0.12045835246907431,17215.819357724053
360,97.08244221076103,97.08244221076103,0.0016932274767702527,0.0,5.923432078453512,400,0.10374786707179298,-0.1097500489433564,17218.04856183793
361,97.17882052218596,97.17882052218596,0.0009922546366335128,0.0,5.923432078453512,400,0.10378000213187451,-0.15387403634413263,17220.191469774756
362,97.97227949532162,97.97227949532162,0.00813178450349477,0.0,5.923432078453512,400,0.10397511144275849,-0.12675453941289652,17240.305177068843
363,98.27720641834843,98.27720641834843,0.003107546162407399,0.0,5.923432078453512,400,0.10378389456232026,-0.09619387283455405,17253.472997254208
364,97.91991176416089,97.91991176416089,-0.0036422048649469973,0.0,5.923432078453512,400,0.10386983490959921,-0.1227765815202457,17240.359101617145
365,97.6586337935423,97.6586337935423,-0.0026718485435836808,0.0,5.923432078453512,400,0.10444821701645843,-0.1168079233542773,17217.192514999486
366,97.38703242358284,97.38703242358284,-0.0027850046686788772,0.0,5.923432078453512,400,0.10460054021168579,-0.10886390790919093,17204.594958545542
367,97.61233057071517,97.61233057071517,0.0023107588037526374,0.0,5.923432078453512,400,0.10457251483324093,-0.11504264792367007,17209.780958524818
368,97.99578147848479,97.99578147848479,0.0039206083523482165,0.0,5.923432078453512,400,0.10426069048882913,-0.10912983418724495,17224.878699288343
369,98.29550930177633,98.29550930177633,0.0030539108999471944,0.0,5.923432078453512,400,0.10417032403101405,-0.10103817557721487,17235.560733838578
370,98.8997830502492,98.8997830502492,0.00612870249275369,0.0,5.923432078453512,400,0.1040186047222692,-0.08170877384680854,17254.410505795648
371,99.52893844449785,99.52893844449785,0.006341395518507443,0.0,5.923432078453512,400,0.10331728526501525,-0.05040543358719624,17286.554030808788
372,99.18632463788147,99.18632463788147,-0.003448292202577279,0.0,5.923432078453512,400,0.10343287923829157,-0.05808208193890444,17271.591462961267
373,99.25750737159545,99.25750737159545,0.0007174094155124324,0.0,5.923432078453512,400,0.10348553769032792,-0.08495610257370552,17271.33671582421
374,100.40016103512619,100.40016103512619,0.011446253461568736,0.0,5.923432078453512,400,0.10235207219540486,-0.06933180477411414,17330.341924380147
375,100.76020087414567,100.76020087414567,0.0035796338807312328,0.0,5.923432078453512,400,0.10234177907356216,-0.05352739233437093,17337.59236330788
376,101.06335416600437,101.06335416600437,0.0030041440880566143,0.0,5.923432078453512,400,0.10216436924127727,-0.028261739183059676,17348.071666070642
377,101.15626091707033,101.15626091707033,0.0009188698887071302,0.0,5.923432078453512,400,0.10220493528002875,-0.0424243730621528,17349.97647375864
378,101.42463544323135,101.42463544323135,0.002649555688469556,0.0,5.923432078453512,400,0.10232124735332128,-0.0274512962990083,17355.170462779504
379,101.65338030793697,101.65338030793697,0.0022527791656796444,0.0,5.923432078453512,400,0.1022519939564651,0.03132383354104788,17363.941511991412
380,101.1181860031272,101.1181860031272,-0.005278802717218707,0.0,5.923432078453512,400,0.10228341452052904,0.022315750070711626,17346.09562073841
381,100.77785794402966,100.77785794402966,-0.0033713229321997392,0.0,5.923432078453512,400,0.10294340352468566,0.042735400573873414,17316.54834109909
382,100.91641420523875,100.91641420523875,0.0013739238256822398,0.0,5.923432078453512,400,0.10297643607885248,0.03688583218336614,17319.99023922925
383,101.13778616144653,101.13778616144653,0.0021912144798872245,0.0,5.923432078453512,400,0.10306215611185449,0.039064507614041226,17323.954380524854
384,100.81467914490565,100.81467914490565,-0.0031998350873336666,0.0,5.923432078453512,400,0.10349792599515435,0.03620080411248325,17303.227231954985
385,100.74511819281346,100.74511819281346,-0.0006902264813978097,0.0,5.923432078453512,400,0.10355456047673768,0.05233804559151614,17299.33552441768
386,101.50023088529642,101.50023088529642,0.007467328220312999,0.0,5.923432078453512,400,0.10281845183431498,0.04132678939684475,17337.903963387074
387,101.44753939973756,101.44753939973756,-0.0005192615486122254,0.0,5.923432078453512,400,0.10296596615100169,0.03598684586590251,17329.814852800504
388,101.82860497271216,101.82860497271216,0.003749244856373074,0.0,5.923432078453512,400,0.10272626159326563,0.03487198921820158,17341.901965123285
389,101.44022584711945,101.44022584711945,-0.003821339421684825,0.0,5.923432078453512,400,0.10281963376683516,0.008619952713164966,17322.00100189504
390,101.75764058091943,101.75764058091943,0.0031241961105160482,0.0,5.923432078453512,400,0.10287837621622176,0.0199641676022432,17325.217458698888
391,102.39663125095612,102.39663125095612,0.006259900916545301,0.0,5.923432078453512,400,0.10278232209077358,0.039065484795085974,17343.521387928395
392,102.3350325945491,102.3350325945491,-0.0006017501846930589,0.0,5.923432078453512,400,0.1028623094600856,0.02588685392948507,17337.253846238902
393,102.18178449502511,102.18178449502511,-0.0014986359594933282,0.0,5.923432078453512,400,0.10335568189948545,0.028929452541447603,17318.3680131044
394,102.40784794235319,102.40784794235319,0.0022099217505604264,0.0,5.923432078453512,400,0.10332399892867032,0.026252888242006105,17327.056406612624
395,101.70672099850411,101.70672099850411,-0.0068699623455559,0.0,5.923432078453512,400,0.10361389533285031,0.04227260909661659,17291.347555331566
396,101.414183486513,101.414183486513,-0.0028804294171001937,0.0,5.923432078453512,400,0.10428932832131475,0.06486422155809189,17263.153836391135
397,101.80741746051129,101.80741746051129,0.0038700065637986033,0.0,5.923432078453512,400,0.10425766664745825,0.05510083035391716,17276.40711346593
398,101.14196138812652,101.14196138812652,-0.006557876264786839,0.0,5.923432078453512,400,0.10433584118001503,0.0279323981402206,17251.637780144207
399,100.13552409440189,100.13552409440189,-0.010000578845133062,0.0,5.923432078453512,400,0.10624332471628996,0.0613974048697539,17176.898903532252
400,100.3677882829379,100.3677882829379,0.0023168125221897096,0.0,5.643869172580022,318,0.14642868206076542,0.10466675239906444,16742.374466318117
401,99.8337625089058,99.8337625089058,-0.005334894145416582,0.0,5.643869172580022,318,0.14696842718703548,0.17238704418391837,16723.833872634095
402,99.68344275657837,99.68344275657837,-0.0015068352683651565,0.0,5.643869172580022,318,0.1470806661603463,0.16375295304143006,16719.09661498982
403,100.04210997218978,100.04210997218978,0.0035916045420026138,0.0,5.643869172580022,318,0.1468836482047959,0.15333065622362,16727.460553790406
404,99.21795727680386,99.21795727680386,-0.008272178228346588,0.0,5.643869172580022,318,0.14731723844057437,0.12096425578479353,16707.903801363813
405,99.03356714915071,99.03356714915071,-0.0018601640653821223,0.0,5.643869172580022,318,0.14750353077185113,0.13739163468084026,16700.372051429516
406,99.18639105193142,99.18639105193142,0.0015419631246802036,0.0,5.643869172580022,318,0.14749320693059748,0.1512728586966703,16701.936676470203
407,97.93449596669421,97.93449596669421,-0.012701971220438786,0.0,5.643869172580022,318,0.14856796079726323,0.13007494307296075,16647.426984022044
408,97.48932553540158,97.48932553540158,-0.00455595636084152,0.0,5.643869172580022,318,0.1491118923033655,0.15885153371793828,16622.45779101533
409,98.04089310545564,98.04089310545564,0.00564177789913522,0.0,5.643869172580022,318,0.14867149302527075,0.10566715483095186,16643.503546171443
410,98.04321106325897,98.04321106325897,2.3642485588174063e-05,0.0,5.643869172580022,318,0.14867653526081434,0.11863420514926339,16643.40862411703
411,97.59139563746506,97.59139563746506,-0.004618980626206928,0.0,5.643869172580022,318,0.1492529284131925,0.10667168873143007,16619.91273224098
412,98.11720740511007,98.11720740511007,0.005373427888694487,0.0,5.643869172580022,318,0.14879995836550997,0.06851031660696741,16640.421857250934
413,97.73861923396832,97.73861923396832,-0.003865993155953343,0.0,5.643869172580022,318,0.14925442126080984,0.0579061654811769,16623.239044430145
414,97.88749402366172,97.88749402366172,0.0015220342106113391,0.0,5.643869172580022,318,0.14919892644153088,0.06071405473524655,16626.554391807964
415,97.1304476789821,97.1304476789821,-0.007763902550172711,0.0,5.643869172580022,318,0.14968974043068686,0.05836954304460666,16604.62636892897
416,96.86720662462729,96.86720662462729,-0.0027138597821165285,0.0,5.643869172580022,318,0.15006138862212712,0.06884038149310408,16592.528490187124
417,96.49301786311167,96.49301786311167,-0.0038703847144914588,0.0,5.643869172580022,318,0.15030949338130392,0.07969415174488727,16581.507193204914
418,96.26877367595159,96.26877367595159,-0.002326646650539848,0.0,5.643869172580022,318,0.1505493245411366,0.08517214679081524,16572.13462462434
419,97.28832974668516,97.28832974668516,0.010535035733378724,0.0,5.643869172580022,318,0.14981054204885835,0.06028113916929534,16603.094112027866
420,97.3064882098173,97.3064882098173,0.00018662843518168693,0.0,5.643869172580022,318,0.14984515074297206,0.06019015434956572,16602.72047248755
421,97.70257411376784,97.70257411376784,0.004062236327965984,0.0,5.643869172580022,318,0.14969948868374164,0.05486033329308108,16612.77892170023
422,97.6858245393577,97.6858245393577,-0.00017144901710270042,0.0,5.643869172580022,318,0.14972464066965283,0.03770388751648213,16611.917069288553
423,97.30184701431295,97.30184701431295,-0.003938485118872226,0.0,5.643869172580022,318,0.15027283201470554,0.04630464443264585,16592.672406570917
424,97.77471881870375,97.77471881870375,0.004848073150786121,0.0,5.643869172580022,318,0.15011949051837503,0.025128882913926086,16603.330265058452
425,98.07624250170983,98.07624250170983,0.003079116070719416,0.0,5.643869172580022,318,0.14986342795956348,0.030398787627381994,16613.831258863098
426,97.82562703996037,97.82562703996037,-0.0025585830196900613,0.0,5.643869172580022,318,0.1502329131644111,0.029321701496778242,16600.39731994284
427,97.58182477577297,97.58182477577297,-0.002495323371014506,0.0,5.643869172580022,318,0.15062887136827055,0.027603903972733906,16586.121954921124
428,97.69537928450379,97.69537928450379,0.0011630084737913274,0.0,5.643869172580022,318,0.15053747538138013,0.016678620507870286,16590.234479839117
429,97.7033973006885,97.7033973006885,8.206823327482367e-05,0.0,5.643869172580022,318,0.15065397735639632,0.0023573198893003062,16586.425775368352
430,98.53260555678638,98.53260555678638,0.008451183058776535,0.0,5.643869172580022,318,0.14979472613124672,-0.025219480243733463,16618.745337092558
431,98.33231307639456,98.33231307639456,-0.0020348221602072103,0.0,5.643869172580022,318,0.15000364128402402,-0.022631040126207026,16610.764218067423
432,97.68826465482688,97.68826465482688,-0.006571256411923587,0.0,5.643869172580022,318,0.15086515250155738,-0.011393596475020784,16580.040266738266
433,97.18317107548908,97.18317107548908,-0.005183876318675356,0.0,5.643869172580022,318,0.15139549053944715,0.002045749001138489,16560.07374877153
434,97.4453902324655,97.4453902324655,0.002694561516267356,0.0,5.643869172580022,318,0.1512425427948994,-0.047803004314187214,16567.83311665336
435,97.23954410755458,97.23954410755458,-0.0021146597944730157,0.0,5.643869172580022,318,0.15129145107446715,-0.06446339189091835,16563.57578677231
436,97.97502481673025,97.97502481673025,0.007535136267433953,0.0,5.643869172580022,318,0.15116000968071708,-0.07520882009549577,16576.92786295315
437,97.74771346892089,97.74771346892089,-0.002322790412626663,0.0,5.643869172580022,318,0.15156984343061403,-0.0899553816239827,16561.296556547346
438,98.30292066281207,98.30292066281207,0.005663931469630071,0.0,5.643869172580022,318,0.15120776089402796,-0.10281781645884798,16581.036437564744
439,98.05047659571986,98.05047659571986,-0.0025713250670213153,0.0,5.643869172580022,318,0.151238959686093,-0.10261453067071193,16575.811868971723
440,97.76776616742355,97.76776616742355,-0.002887479948066381,0.0,5.643869172580022,318,0.15133024557296576,-0.11058272981624646,16567.16531866685
441,98.8453151507941,98.8453151507941,0.010961221551870824,0.0,5.643869172580022,318,0.15019066896778155,-0.11629382490247751,16609.80830380053
442,99.2540797102746,99.2540797102746,0.004126869139684012,0.0,5.643869172580022,318,0.14993023562863922,-0.08317902197913152,16624.717489408256
443,99.48604588080632,99.48604588080632,0.002334367810013768,0.0,5.643869172580022,318,0.14991306477964658,-0.07025818738920832,16629.756726696924
444,99.22481703306967,99.22481703306967,-0.002629237218269324,0.0,5.643869172580022,318,0.15011042586240858,-0.075502479958953,16619.34013788671
445,98.81202437005541,98.81202437005541,-0.004168853208604396,0.0,5.643869172580022,318,0.1503805606866957,-0.06648134658110721,16607.17197032122
446,98.02802135766531,98.02802135766531,-0.007965931478011569,0.0,5.643869172580022,318,0.15097921200950973,-0.04694731390296482,16582.57521012832
447,97.91471138823121,97.91471138823121,-0.0011565622309827378,0.0,5.643869172580022,318,0.1511840427131701,-0.04423118652220427,16574.842851477326
448,98.47992943034905,98.47992943034905,0.005755957497447314,0.0,5.643869172580022,318,0.15082000900879544,-0.0365217816118201,16592.88198925019
449,99.14154799298045,99.14154799298045,0.006695841395271079,0.0,5.643869172580022,318,0.15075084141109985,0.0024938969697013012,16605.025791903357
450,98.59906015887917,98.59906015887917,-0.005486876976603168,0.0,5.643869172580022,318,0.15123225576135743,-0.037255042375132434,16586.508226510858
451,98.53011367218001,98.53011367218001,-0.0006995056913248701,0.0,5.643869172580022,318,0.1513770903064167,-0.03803273021306559,16581.34981469092
452,98.04705639839278,98.04705639839278,-0.00491469325695997,0.0,5.643869172580022,318,0.15179289401017895,-0.03735580542699153,16564.754523869222
453,97.74040112373885,97.74040112373885,-0.003132534936573595,0.0,5.643869172580022,318,0.15206284558410757,-0.029010715268825007,16553.589740847787
454,97.5079806996865,97.5079806996865,-0.0023807678369752072,0.0,5.643869172580022,318,0.15239240888599867,-0.014330735061862266,16541.095787282564
455,97.78820658266169,97.78820658266169,0.002869754696096888,0.0,5.643869172580022,318,0.15221505033038754,-0.02782755649468088,16547.836260986092
456,97.8965691003367,97.8965691003367,0.001107521301780292,0.0,5.643869172580022,318,0.15212806965205744,-0.016735902295041783,16551.20257632956
457,97.5350975504022,97.5350975504022,-0.0036992158776851156,0.0,5.643869172580022,318,0.1525811055537188,-0.00217720688317229,16535.036256071686
458,97.95261019485959,97.95261019485959,0.004271504168645273,0.0,5.643869172580022,318,0.15229251809743558,-0.05166094743319134,16545.682928611714
459,98.12088553363071,98.12088553363071,0.00171645208303579,0.0,5.643869172580022,318,0.15223489246820215,-0.02825879705760742,16549.514692596324
460,97.7215181228553,97.7215181228553,-0.004078462650619951,0.0,5.643869172580022,318,0.1523216409211365,-0.023891519301880892,16541.654258518814
461,98.278939607708,98.278939607708,0.005687976387039227,0.0,5.643869172580022,318,0.1521845679943774,-0.0443440602918005,16551.508190101802
462,98.17268684938342,98.17268684938342,-0.0010817194095204818,0.0,5.643869172580022,318,0.15238683308536832,-0.04441764360008707,16545.36868386698
463,98.51386603893556,98.51386603893556,0.0034692715565981997,0.0,5.643869172580022,318,0.15207536791982978,-0.024370318873834656,16557.087514050785
464,98.25172897363885,98.25172897363885,-0.0026644619488855907,0.0,5.643869172580022,318,0.1523630674256398,-0.0426265044462849,16546.319428426174
465,97.55843163882807,97.55843163882807,-0.007081350934872158,0.0,5.643869172580022,318,0.15302104817780193,-0.026485649423182114,16525.63741417884
466,97.45217157913281,97.45217157913281,-0.001089787616245922,0.0,5.643869172580022,318,0.1532235909765162,-0.0056584904826172365,16519.504649055783
467,97.72392647450711,97.72392647450711,0.0027847167117072834,0.0,5.643869172580022,318,0.15311336611972431,-0.05538988641026635,16523.96142929329
468,98.52377242213159,98.52377242213159,0.00815143699510243,0.0,5.643869172580022,318,0.15269882168084078,-0.014646696198368486,16554.16930500493
469,98.38856080619611,98.38856080619611,-0.0013733181154222738,0.0,5.643869172580022,318,0.15272697737903654,-0.024843833705965625,16551.579425509648
470,97.62977349653575,97.62977349653575,-0.00774204211507824,0.0,5.643869172580022,318,0.15320723202954634,-0.014720143174333929,16527.76712657283
471,97.59469887199626,97.59469887199626,-0.000359326107954974,0.0,5.643869172580022,318,0.1533586242560458,0.006294060195232839,16522.15090259745
472,97.70628772115357,97.70628772115357,0.0011427373025304254,0.0,5.643869172580022,318,0.15340197921772902,0.02271398850642299,16521.234092631676
473,98.59967905586149,98.59967905586149,0.009102092181376273,0.0,5.643869172580022,318,0.15291316988602924,0.034249617593787335,16560.84652332448
474,98.02870067728195,98.02870067728195,-0.005807706743582046,0.0,5.643869172580022,318,0.15291729278479796,0.00241484306090675,16542.87328118766
475,97.28891518375036,97.28891518375036,-0.007575241259611276,0.0,5.643869172580022,318,0.15358022392216372,0.01954587740023646,16511.904504610702
476,97.07922488206795,97.07922488206795,-0.0021576620835349254,0.0,5.643869172580022,318,0.15366754515339268,0.02396942367022375,16504.673775543914
477,96.94361282739352,96.94361282739352,-0.0013978980862140507,0.0,5.643869172580022,318,0.15379544470709708,0.019420314226137526,16499.58401517268
478,97.1935327721329,97.1935327721329,0.0025746755678988107,0.0,5.643869172580022,318,0.15370775667679673,0.03610901048562523,16504.081422927746
479,97.3109938282493,97.3109938282493,0.0012077978075732915,0.0,5.643869172580022,318,0.15373169833922956,0.039813865618278134,16503.81125016367
480,97.39107852488752,97.39107852488752,0.0008226384052996858,0.0,5.643869172580022,318,0.15376665981926588,0.04003057598899687,16504.132929121693
481,97.2896995586146,97.2896995586146,-0.001041489318408662,0.0,5.643869172580022,318,0.15377013874904732,0.040190436577205196,16501.862499474297
482,97.1046131395461,97.1046131395461,-0.0019042375512774233,0.0,5.643869172580022,318,0.15383967766775794,0.04132841973165069,16494.783798768978
483,97.06664845171626,97.06664845171626,-0.0003910433295071346,0.0,5.643869172580022,318,0.15405808149326652,0.05829854517169902,16486.70739408397
484,96.16328991323032,96.16328991323032,-0.0093501568907632,0.0,5.643869172580022,318,0.15483113964721554,0.04437404859889939,16442.49335703767
485,96.01086197053955,96.01086197053955,-0.0015863525158007795,0.0,5.643869172580022,318,0.15498521243186741,0.060417595382075764,16432.843837142813
486,95.87632997244222,95.87632997244222,-0.001402199060580838,0.0,5.643869172580022,318,0.15516903737130258,0.057761026180645346,16426.120735527653
487,96.14175781721391,96.14175781721391,0.0027646146973397253,0.0,5.643869172580022,318,0.15499308587790867,0.05744241615080418,16433.433108946556
488,96.39130885088501,96.39130885088501,0.002592294173027646,0.0,5.643869172580022,318,0.1550128284151339,0.06368780911055727,16437.114000470086
489,96.73745351998598,96.73745351998598,0.003584603717199329,0.0,5.643869172580022,318,0.15475729237827499,0.06978594273593042,16449.990940082247
490,96.32429916572359,96.32429916572359,-0.004280029360733355,0.0,5.643869172580022,318,0.15518697848375085,0.07260856833698481,16430.556247533215
491,96.38703519581563,96.38703519581563,0.0006510881419208638,0.0,5.643869172580022,318,0.1551976703422748,0.060512510680235505,16431.467044791745
492,96.62236181551232,96.62236181551232,0.0024385003005089243,0.0,5.643869172580022,318,0.155097632119297,0.03714566286661544,16437.57149460067
493,96.19326591734222,96.19326591734222,-0.004450848840242129,0.0,5.643869172580022,318,0.15543399513387873,0.04010312954147213,16423.896272872193
494,95.78813860053057,95.78813860053057,-0.004220491241756373,0.0,5.643869172580022,318,0.15577323765667783,0.05937759660303039,16410.366402363878
495,96.09542413546649,96.09542413546649,0.0032028360661682464,0.0,5.643869172580022,318,0.1556335752326879,0.05989092090425546,16418.60896379731
496,95.766568571491,95.766568571491,-0.0034280461844596265,0.0,5.643869172580022,318,0.15594594689151273,0.06653685468982766,16405.06327021915
497,96.03617464354056,96.03617464354056,0.0028112866906477357,0.0,5.643869172580022,318,0.15583748956361498,0.06827298802143222,16411.37364949352
498,95.31043729822244,95.31043729822244,-0.007585614586579691,0.0,5.643869172580022,318,0.15666102686268937,0.05870909932986803,16379.376521135639
499,94.88342780419644,94.88342780419644,-0.004490262724923056,0.0,5.643869172580022,318,0.1571354101824786,0.07833974858938399,16360.991405150355
500,95.01270513888122,95.01270513888122,0.0013615585810288558,0.0,5.643869172580022,318,0.15700928915599727,0.09586222297572101,16365.842984949495
501,95.06236666795067,95.06236666795067,0.000522546483633081,0.0,5.643869172580022,318,0.15708854198258873,0.05573583645241096,16364.306727540034
502,95.20743345601093,95.20743345601093,0.0015248538241445094,0.0,5.643869172580022,318,0.15706765726446906,0.04474812573109357,16366.728308115044
503,94.87151137844769,94.87151137844769,-0.0035345569450756175,0.0,5.643869172580022,318,0.15737173351679973,0.04426593221758496,16354.598202546444
504,94.40936384984761,94.40936384984761,-0.004883202768306574,0.0,5.643869172580022,318,0.157961830330186,0.0488186113469909,16334.029531141225
505,94.55745666634212,94.55745666634212,0.0015673952327570012,0.0,5.643869172580022,318,0.15791487860927908,0.014874903943977447,16337.059466593437
506,94.0993098054741,94.0993098054741,-0.004856944917193687,0.0,5.643869172580022,318,0.15838719351700492,0.002126453298901538,16319.107423816366
507,94.80833396356283,94.80833396356283,0.00750660453273405,0.0,5.643869172580022,318,0.15778712892503025,-0.027141213755086577,16343.069632840181
508,95.007505265207,95.007505265207,0.00209857486656065,0.0,5.643869172580022,318,0.15772659746165799,-0.05300204067534685,16346.669191502924
509,94.97794942320527,94.97794942320527,-0.00031113794778269446,0.0,5.643869172580022,318,0.15779209596958513,-0.018078652359604878,16344.72525217735
510,94.97113832522987,94.97113832522987,-7.171498488413011e-05,0.0,5.643869172580022,318,0.15786009241509982,-0.018633784261149453,16342.410658208535
511,95.43054473930015,95.43054473930015,0.004825664334406632,0.0,5.643869172580022,318,0.15740560246459137,-0.015685891785364555,16358.974444303862
512,95.2586599952109,95.2586599952109,-0.001802774214519249,0.0,5.643869172580022,318,0.1576465350265101,-0.03569728532035594,16350.871101351768
513,94.71646360566695,94.71646360566695,-0.00570809326436543,0.0,5.643869172580022,318,0.15813895365479944,-0.032800309874323266,16332.108599976405
514,93.82017738245897,93.82017738245897,-0.00950789162810401,0.0,5.643869172580022,318,0.1588949429117789,0.020361675523859753,16303.513897094264
515,93.49773222057341,93.49773222057341,-0.003442761891305984,0.0,5.643869172580022,318,0.15932067650098644,0.03799853647940082,16289.27260168985
516,93.19690909877887,93.19690909877887,-0.0032226247096725858,0.0,5.643869172580022,318,0.15984616378870903,0.04971402240578998,16268.62914851894
517,93.03570335207233,93.03570335207233,-0.0017312304740648458,0.0,5.643869172580022,318,0.16010528613848124,0.06654098582258522,16255.530020617496
518,93.3308533913049,93.3308533913049,0.0031674168493374087,0.0,5.643869172580022,318,0.16011029583332997,0.050944750109283565,16256.359690483008
519,93.31624964841247,93.31624964841247,-0.00015648507460757762,0.0,5.643869172580022,318,0.1602340879728997,0.06197530487401531,16250.962408285104
520,93.14171751841295,93.14171751841295,-0.0018720807013488587,0.0,5.643869172580022,318,0.16026593192490404,0.08308271618233046,16248.904535316326
521,93.52297810603602,93.52297810603602,0.0040849836818368365,0.0,5.643869172580022,318,0.15997893361749263,0.08099174062452665,16260.26511830551
522,93.29334189372757,93.29334189372757,-0.0024584182791460773,0.0,5.643869172580022,318,0.16018357692907453,0.0736737030201899,16251.679263099893
523,93.0843303155888,93.0843303155888,-0.002242883101618028,0.0,5.643869172580022,318,0.16049026605790456,0.08512804889832308,16242.340176168991
524,93.42065067834982,93.42065067834982,0.003606560270075336,0.0,5.643869172580022,318,0.16029708668916484,0.06612235828503252,16249.052858308276
525,92.41370316750653,92.41370316750653,-0.010837149805348507,0.0,5.643869172580022,318,0.16086209884821595,0.018732916722849064,16213.359665970982
526,93.13956795378989,93.13956795378989,0.007823828537725829,0.0,5.643869172580022,318,0.1602636462023344,-0.05872504358514217,16242.639719607836
527,93.38068083852481,93.38068083852481,0.0025853817009138134,0.0,5.643869172580022,318,0.16023146416724715,-0.061394348184522655,16247.280076046685
528,93.28095656304997,93.28095656304997,-0.0010685032698842815,0.0,5.643869172580022,318,0.16040904420234312,-0.06313151713124089,16242.108194479733
529,92.30408202115217,92.30408202115217,-0.010527611187116181,0.0,5.643869172580022,318,0.16072572451282066,-0.058549554978058686,16221.643772331281
530,92.85946569023199,92.85946569023199,0.005998862534907123,0.0,5.643869172580022,318,0.16012103893385365,-0.11453672619087635,16241.95005546956
531,93.18559306598532,93.18559306598532,0.00350590025855739,0.0,5.643869172580022,318,0.1599264235344369,-0.08762691448477404,16248.76530915906
532,93.26474320310676,93.26474320310676,0.0008490211759311215,0.0,5.643869172580022,318,0.1599589445975386,-0.09815638979617664,16247.278422129368
533,93.70962369483959,93.70962369483959,0.004758741411060746,0.0,5.643869172580022,318,0.159595690344368,-0.05038298202794325,16265.957446179038
534,93.58582043642228,93.58582043642228,-0.0013220105488693699,0.0,5.643869172580022,318,0.15970818251132116,-0.086432144340907,16258.784365927904
535,93.39147866351777,93.39147866351777,-0.0020787747370849233,0.0,5.643869172580022,318,0.15997472118803732,-0.09961328043130281,16250.22629939534
536,94.0859799919477,94.0859799919477,0.007408938763198604,0.0,5.643869172580022,318,0.15923488394009894,-0.10574068074243188,16274.399027365063
537,93.83857324044124,93.83857324044124,-0.002633044912850885,0.0,5.643869172580022,318,0.1593377719685289,-0.11843162463603436,16264.646529569258
538,94.48405090306599,94.48405090306599,0.006855046686301653,0.0,5.643869172580022,318,0.15881800417164416,-0.13203791345043633,16289.9220691354
539,94.46675349299987,94.46675349299987,-0.0001830890338861561,0.0,5.643869172580022,318,0.15884144663584837,-0.1324809608303176,16288.603565753165
540,94.88931941800594,94.88931941800594,0.004463195924727647,0.0,5.643869172580022,318,0.15854357232004715,-0.12784139530356378,16301.765116436804
541,94.99631932270519,94.99631932270519,0.0011269932442920072,0.0,5.643869172580022,318,0.1585415575728067,-0.12179284535592992,16303.349948904415
542,94.63708408949175,94.63708408949175,-0.003788738233567291,0.0,5.643869172580022,318,0.15890151906699831,-0.12525551511102487,16290.134785854223
543,94.13988835131019,94.13988835131019,-0.005267558658246923,0.0,5.643869172580022,318,0.1594980205188469,-0.1081046900674672,16268.905200939374
544,94.03998844046002,94.03998844046002,-0.0010617492362966722,0.0,5.643869172580022,318,0.15962761447430643,-0.12341475468593993,16263.98283339915
545,93.75175835167181,93.75175835167181,-0.0030696803245393884,0.0,5.643869172580022,318,0.15991877291664514,-0.12216854328428033,16253.237891339924
546,93.91454555135097,93.91454555135097,0.0017348584921470934,0.0,5.643869172580022,318,0.1598898096435054,-0.12397228041756858,16255.249863362727
547,94.84144922272009,94.84144922272009,0.00982126287444636,0.0,5.643869172580022,318,0.1589231838624529,-0.10379887953318863,16286.542018707061
548,94.65050990084914,94.65050990084914,-0.002015276926541267,0.0,5.643869172580022,318,0.1591156109618834,-0.12869714574487667,16279.670665423413
549,94.4341502647697,94.4341502647697,-0.0022884958548908293,0.0,5.643869172580022,318,0.15941816419911656,-0.1140421608014321,16269.424313101927
550,94.82929444411711,94.82929444411711,0.004175605638892105,0.0,5.643869172580022,318,0.1590078006098856,-0.11777363352826718,16282.128096012668
551,95.37137311121701,95.37137311121701,0.005700086564249018,0.0,5.643869172580022,318,0.1585614908782604,-0.09461112596235717,16296.676744861226
552,95.68912769410953,95.68912769410953,0.0033262225788837,0.0,5.643869172580022,318,0.15846428883839803,-0.06834732125769317,16302.259689457182
553,95.95775132209204,95.95775132209204,0.0028033204117770025,0.0,5.643869172580022,318,0.15831343921908012,-0.07558087450832286,16308.813678968834
554,96.65636260886032,96.65636260886032,0.007254030724690413,0.0,5.643869172580022,318,0.1582055724025784,-0.046303544873821295,16318.14180344868
555,96.64982611097649,96.64982611097649,-6.762843889905002e-05,0.0,5.643869172580022,318,0.15826408305314302,-0.03908470502103073,16316.651094465913
556,97.53120997938767,97.53120997938767,0.009078022644114303,0.0,5.643869172580022,318,0.15747233079332215,-0.031087169163041394,16342.578768803003
557,97.4816521945212,97.4816521945212,-0.0005082514597327814,0.0,5.643869172580022,318,0.15763741126984535,-0.021278551645336256,16337.63116645295
558,97.25465985315883,97.25465985315883,-0.0023312800964710675,0.0,5.643869172580022,318,0.1578575807495061,-0.05133720806132047,16326.658651123129
559,96.55296103304438,96.55296103304438,-0.0072412207843109,0.0,5.643869172580022,318,0.15859009891221565,-0.030183251001723317,16284.825482058232
560,96.49374590247344,96.49374590247344,-0.0006134798502198832,0.0,5.643869172580022,318,0.15862159121810793,-0.025099547642208446,16283.26113533373
561,96.63924179764462,96.63924179764462,0.0015066915748387945,0.0,5.643869172580022,318,0.1585881001227202,-0.02616234866309916,16285.702956239535
562,97.09735768668718,97.09735768668718,0.0047292741187215884,0.0,5.643869172580022,318,0.1585304825807895,-0.018013402263443595,16292.14170765523
563,97.30193332752896,97.30193332752896,0.0021046961158411428,0.0,5.643869172580022,318,0.15855457481800045,-0.028413237846827588,16292.509681733281
564,96.69882916606493,96.69882916606493,-0.006217564267439866,0.0,5.643869172580022,318,0.1594660120448882,-0.03190678730331949,16258.53093908755
565,96.61774745389269,96.61774745389269,-0.00083884908727908,0.0,5.643869172580022,318,0.15962278458850238,-0.0207814409083588,16252.881475667697
566,97.21558761384901,97.21558761384901,0.006168619608084943,0.0,5.643869172580022,318,0.15953520234307822,0.002724730173750564,16268.022409990843
567,98.49559340597575,98.49559340597575,0.013080745175443187,0.0,5.643869172580022,318,0.15843895659727347,0.04523688090052139,16315.570314555327
568,98.97995269449156,98.97995269449156,0.0049055214115117695,0.0,5.643869172580022,318,0.15820059829708744,0.08282724115766031,16328.482658451738
569,99.57037152915298,99.57037152915298,0.0059473141356515945,0.0,5.643869172580022,318,0.1579344261573795,0.09594876546745726,16343.521132508298
570,99.96261964006743,99.96261964006743,0.0039316667774777015,0.0,5.643869172580022,318,0.15764743538008175,0.10893760410190842,16355.757639991687
571,99.37912157881941,99.37912157881941,-0.0058542653853654964,0.0,5.643869172580022,318,0.15847101365673721,0.10001048640499079,16328.007303428947
572,98.81000307691343,98.81000307691343,-0.005743201774851758,0.0,5.643869172580022,318,0.15881139215194695,0.11517929797489537,16312.04587440924
573,98.89203903921411,98.89203903921411,0.000829894988751266,0.0,5.643869172580022,318,0.15879212559275396,0.07321584667107733,16313.595675816166
574,98.78451764360032,98.78451764360032,-0.0010878518729958446,0.0,5.643869172580022,318,0.15888884310671483,0.04630146604395818,16309.786592757539
575,99.1835084250669,99.1835084250669,0.004030866293101997,0.0,5.643869172580022,318,0.15843800673039848,0.028600975934258012,16326.122162962023
576,98.79060581534387,98.79060581534387,-0.003969237362911996,0.0,5.643869172580022,318,0.15902917950650694,0.009353601106097263,16305.542869903118
577,98.94415031311203,98.94415031311203,0.0015530353048285011,0.0,5.643869172580022,318,0.15903710303409174,0.011604795956242295,16306.936148487575
578,98.87563524096386,98.87563524096386,-0.000692701942790396,0.0,5.643869172580022,318,0.15909759878941737,0.01275663171246805,16304.7877953511
579,98.70876603499588,98.70876603499588,-0.0016890933146952577,0.0,5.643869172580022,318,0.1593704884607633,0.0136581137986905,16296.21770871958
580,99.15514966525082,99.15514966525082,0.004512034303795239,0.0,5.643869172580022,318,0.1590378873710877,0.013240688075747725,16310.62439729934
581,98.9206238507174,98.9206238507174,-0.002368042491667021,0.0,5.643869172580022,318,0.15930219002085602,0.012399200707786339,16300.755532124113
582,97.58769527056698,97.58769527056698,-0.013566336828281613,0.0,5.643869172580022,318,0.16028898005078301,0.03505907775187381,16255.54070779159
583,97.70906233256389,97.70906233256389,0.0012428990538337719,0.0,5.643869172580022,318,0.16018318987052763,0.036199629924958565,16259.579563063198
584,97.95722227765738,97.95722227765738,0.0025365645251170512,0.0,5.643869172580022,318,0.16009220209876066,0.057664789540920976,16263.540356474961
585,97.70065416731,97.70065416731,-0.0026226213027397125,0.0,5.643869172580022,318,0.160317213869993,0.11470064681584159,16251.468669153637
586,97.85531751816781,97.85531751816781,0.0015817812340118565,0.0,5.643869172580022,318,0.16029815786926688,0.10812659171599324,16253.465720312759
587,97.53130432231374,97.53130432231374,-0.0033166394896091468,0.0,5.643869172580022,318,0.1603183968737765,0.10723393036588791,16250.18954152456
588,98.4794499517051,98.4794499517051,0.009674500035547103,0.0,5.643869172580022,318,0.15966359071562447,0.0622719620245942,16282.433712812022
589,98.70973421230782,98.70973421230782,0.0023356693346962675,0.0,5.643869172580022,318,0.15969229215360636,0.11959697659898257,16284.364620638573
590,97.77661303019725,97.77661303019725,-0.009498147940642384,0.0,5.643869172580022,318,0.15999654826192442,0.09409712537872097,16268.723031447918
591,97.84002266419937,97.84002266419937,0.0006483051505097935,0.0,5.643869172580022,318,0.15994379616895663,0.09602641808367732,16270.592024070558
592,96.83517432877855,96.83517432877855,-0.01032342358014157,0.0,5.643869172580022,318,0.16096917830927646,0.08907077214469891,16236.69362296468
593,96.56264705249085,96.56264705249085,-0.002818309479689163,0.0,5.643869172580022,318,0.16115894740329306,0.11882402663269931,16226.651707444591
594,96.69187197736605,96.69187197736605,0.001337354953291826,0.0,5.643869172580022,318,0.16109751007758413,0.1140647925804239,16230.639980245773
595,97.4002731857572,97.4002731857572,0.007299670508569051,0.0,5.643869172580022,318,0.16085402845286037,0.12655319183209734,16249.677270454271
596,97.58876625673955,97.58876625673955,0.001933371539607495,0.0,5.643869172580022,318,0.16064137103607104,0.14980554328982143,16257.868953396799
597,98.31124637560809,98.31124637560809,0.007376042346929077,0.0,5.643869172580022,318,0.16001342191446236,0.1654955219845333,16283.885978181857
598,98.46090033469135,98.46090033469135,0.00152108914233949,0.0,5.643869172580022,318,0.1600251347268071,0.17617706712745593,16285.200723037544
599,98.84285059795354,98.84285059795354,0.003871702778875513,0.0,5.643869172580022,318,0.15971956233577675,0.17911149200620477,16298.420840621984
600,98.91446801585275,98.91446801585275,0.0007242960364967387,0.0,5.391249924974336,258,0.20577160883139875,0.17961582950786567,15669.148458870406
601,98.52296723676041,98.52296723676041,-0.003965826356193197,0.0,5.391249924974336,258,0.20639809675547088,0.17855106380655933,15651.370576955866
602,97.6886345329077,97.6886345329077,-0.008504468899731268,0.0,5.391249924974336,258,0.20707062336957427,0.18185855719507682,15628.433609336147
603,97.90549714317206,97.90549714317206,0.002217476539496616,0.0,5.391249924974336,258,0.20687403585268743,0.16943819478133018,15634.24132892325
604,97.52413078481389,97.52413078481389,-0.0039028559435076104,0.0,5.391249924974336,258,0.20733949369221513,0.15927761981801605,15621.20320552668
605,96.89689376815383,96.89689376815383,-0.006452380284060037,0.0,5.391249924974336,258,0.207774979556768,0.1778399371898991,15605.196693761129
606,97.42778976491911,97.42778976491911,0.005464023488541713,0.0,5.391249924974336,258,0.20746784399504528,0.1484409937623928,15616.75790032225
607,96.51055180863501,96.51055180863501,-0.009459138280856441,0.0,5.391249924974336,258,0.2083925805443953,0.13140151473998593,15589.697054231818
608,97.04459825435467,97.04459825435467,0.005518301122562051,0.0,5.391249924974336,258,0.2080003789037037,0.09570968443691165,15602.096824963042
609,97.97518111799774,97.97518111799774,0.009543544041448396,0.0,5.391249924974336,258,0.2073897657344131,0.12398021792929446,15624.125142130939
610,97.64650074664638,97.64650074664638,-0.0033603706655527484,0.0,5.391249924974336,258,0.20763629618795465,0.09284400129567927,15615.461343438918
611,97.66514465668632,97.66514465668632,0.00019091447474183814,0.0,5.391249924974336,258,0.2076289753859046,0.086033334452168,15615.763751688877
612,97.7969405149291,97.7969405149291,0.0013485569654165103,0.0,5.391249924974336,258,0.20762523028181065,0.08212670665427195,15616.821615156796
613,98.8435149723479,98.8435149723479,0.0106446492606034,0.0,5.391249924974336,258,0.20695873125762096,0.0746968686799345,15643.50667439733
614,98.35803348523216,98.35803348523216,-0.004923718618912946,0.0,5.391249924974336,258,0.20721837988365585,0.04647350326452816,15631.879719625642
615,98.41326916467015,98.41326916467015,0.0005614200866179934,0.0,5.391249924974336,258,0.2072301974266637,0.04748474719221445,15632.32472790783
616,97.41241223079584,97.41241223079584,-0.010222006037606849,0.0,5.391249924974336,258,0.20780361925845625,0.04770061111826896,15609.741214531441
617,97.21633416690239,97.21633416690239,-0.00201489383103996,0.0,5.391249924974336,258,0.20799662802434757,0.058080741276746735,15604.060425410997
618,97.54136405930858,97.54136405930858,0.0033377904660548126,0.0,5.391249924974336,258,0.20779289696240028,0.044899293544971214,15610.89772253869
619,97.3457245209134,97.3457245209134,-0.0020077225796558463,0.0,5.391249924974336,258,0.20794420264117136,0.03929273759481261,15605.60265494937
620,97.95105971260618,97.95105971260618,0.006199151026748314,0.0,5.391249924974336,258,0.2076813144842388,0.032034166103577025,15617.095179096445
621,98.20915599442392,98.20915599442392,0.002631486000608915,0.0,5.391249924974336,258,0.2075262565658426,0.03666954910481385,15623.004844383446
622,97.84369782338872,97.84369782338872,-0.003728163984523634,0.0,5.391249924974336,258,0.2077302918500015,0.026651157742577,15615.01985381696
623,97.66303663310637,97.66303663310637,-0.0018481331827952228,0.0,5.391249924974336,258,0.20797443621841627,0.03781706539069985,15608.325164597025
624,97.66635927167727,97.66635927167727,3.4020875924258056e-05,0.0,5.391249924974336,258,0.2080132883427805,0.03511273170390579,15607.52054704032
625,97.78651005170974,97.78651005170974,0.0012294605403659017,0.0,5.391249924974336,258,0.20790710905404075,0.0384951368030788,15610.792811187248
626,98.18012208650983,98.18012208650983,0.004017138630471623,0.0,5.391249924974336,258,0.20767796533781901,-0.002625336328169738,15619.098095581438
627,97.7456120384699,97.7456120384699,-0.004435463899988205,0.0,5.391249924974336,258,0.2080402656378516,-0.054848526963065886,15605.710713279954
628,98.00363629751332,98.00363629751332,0.0026362748329781687,0.0,5.391249924974336,258,0.20795404190055997,-0.0822358428341707,15611.02414530347
629,97.73437449035443,97.73437449035443,-0.002751248732121477,0.0,5.391249924974336,258,0.20804207795711457,-0.10542793259795384,15605.655632230515
630,96.96354096249227,96.96354096249227,-0.007918292844884635,0.0,5.391249924974336,258,0.20852912281325173,-0.0766497502729331,15573.474221119155
631,96.48285807791143,96.48285807791143,-0.004969685414474379,0.0,5.391249924974336,258,0.208629964675995,-0.07399072541449016,15563.41656823981
632,96.2961906290328,96.2961906290328,-0.001936595376629629,0.0,5.391249924974336,258,0.20878480558074053,-0.06683891923824653,15552.345233501681
633,96.13726740631336,96.13726740631336,-0.0016517216961432178,0.0,5.391249924974336,258,0.20881641271047596,-0.06516605573803763,15549.196993807478
634,96.58698481243054,96.58698481243054,0.00466696035601168,0.0,5.391249924974336,258,0.20864271039303045,-0.06595847070400242,15561.97073213767
635,97.12839244125725,97.12839244125725,0.005589737337314662,0.0,5.391249924974336,258,0.2085139028796167,-0.036854352313580196,15575.071933247991
636,97.12657067749767,97.12657067749767,-1.875641919658941e-05,0.0,5.391249924974336,258,0.20860077394040016,-0.03170840616674581,15573.243210832676
637,97.41090507049181,97.41090507049181,0.0029231858218680476,0.0,5.391249924974336,258,0.20846130478731134,-0.030558211610398307,15581.599775438575
638,98.05608235499972,98.05608235499972,0.006601417825114918,0.0,5.391249924974336,258,0.20797071360051148,-0.01702298390318501,15606.546622622029
639,98.07156232993563,98.07156232993563,0.00015785612469806803,0.0,5.391249924974336,258,0.20808616027942226,-0.011415265993205094,15604.179218422358
640,98.17384352763857,98.17384352763857,0.0010423806510749306,0.0,5.391249924974336,258,0.20806729055616105,-0.00505578663581061,15606.988200811036
641,97.90219877302157,97.90219877302157,-0.0027708120301022316,0.0,5.391249924974336,258,0.2081738682592149,-0.02497744504625204,15598.25768006265
642,98.22112680364874,98.22112680364874,0.003252324126302828,0.0,5.391249924974336,258,0.20802436715085,-0.023392023459147135,15608.483169485591
643,98.39263603732749,98.39263603732749,0.0017446314510536902,0.0,5.391249924974336,258,0.20805185430481274,-0.02171539413117985,15611.577937207388
644,98.81552654364123,98.81552654364123,0.004288779419538476,0.0,5.391249924974336,258,0.20789123157112838,-0.012446674278004057,15625.51788291012
645,98.1625387705441,98.1625387705441,-0.006630079994488093,0.0,5.391249924974336,258,0.20814710764166988,-0.02801448939402543,15603.989272767516
646,98.687407277486,98.687407277486,0.005332688794797116,0.0,5.391249924974336,258,0.20781257365918418,-0.0472459518221784,15623.384884954894
647,98.07400123790347,98.07400123790347,-0.006235044071183723,0.0,5.391249924974336,258,0.20828233404213617,-0.04666273256077472,15598.648303975686
648,97.45345423722722,97.45345423722722,-0.0063474368103559305,0.0,5.391249924974336,258,0.2085286740082273,-0.03774460831744018,15581.281326682873
649,97.32208745546022,97.32208745546022,-0.0013489044932882828,0.0,5.391249924974336,258,0.20862800167921586,-0.017244269766554854,15576.927998216093
650,97.22703030325293,97.22703030325293,-0.0009772047374646215,0.0,5.391249924974336,258,0.20871309354736553,-0.012796081137544154,15573.806335510319
651,97.18646103635679,97.18646103635679,-0.0004173503310440306,0.0,5.391249924974336,258,0.20885988890414653,-0.007130008104316883,15570.054416204752
652,97.15194559035409,97.15194559035409,-0.0003552097288922288,0.0,5.391249924974336,258,0.20889843392980145,-0.030350283099151276,15568.629373829159
653,97.08160733120695,97.08160733120695,-0.0007242647952823956,0.0,5.391249924974336,258,0.20893445630799945,-0.027505780389337865,15566.764552331062
654,97.14493441847455,97.14493441847455,0.0006520951147165747,0.0,5.391249924974336,258,0.20897324496444059,-0.03485681019270552,15566.67809623208
655,97.42858286558169,97.42858286558169,0.0029155935710087873,0.0,5.391249924974336,258,0.20879765980173853,-0.045959345835439445,15574.561599977986
656,98.03118793834611,98.03118793834611,0.006166046133633398,0.0,5.391249924974336,258,0.2087049514266635,-0.041376470759086736,15589.677701779843
657,97.75005944161849,97.75005944161849,-0.002871865346754641,0.0,5.391249924974336,258,0.20879776994089627,-0.06698685947969849,15581.028602119271
658,98.32235000937119,98.32235000937119,0.005837559649736029,0.0,5.391249924974336,258,0.20834819078470468,-0.08287108500569879,15601.982496656474
659,98.37784124661097,98.37784124661097,0.0005642215023540979,0.0,5.391249924974336,258,0.2083626875937301,-0.08363888434296074,15602.570608212267
660,99.21428276790402,99.21428276790402,0.008466395326153715,0.0,5.391249924974336,258,0.20830427693956152,-0.07303389555390362,15626.102364663036
661,99.57449246108618,99.57449246108618,0.0036240485611774096,0.0,5.391249924974336,258,0.20831043562444287,-0.07769340441117684,15635.794498197178
662,99.4806820976312,99.4806820976312,-0.0009425564606209032,0.0,5.391249924974336,258,0.20843160272661793,-0.0719872771294984,15630.831951501317
663,99.63531917162481,99.63531917162481,0.0015532363456169666,0.0,5.391249924974336,258,0.20845932358906427,-0.06691119545996067,15634.109725643906
664,99.75031095300966,99.75031095300966,0.0011534612004126133,0.0,5.391249924974336,258,0.20836610270816192,-0.09058342089633753,15638.981316524967
665,99.36149441375817,99.36149441375817,-0.003905514620339314,0.0,5.391249924974336,258,0.20883406959934653,-0.0667877523601781,15618.733505937953
666,99.56934183739597,99.56934183739597,0.0020896458607145103,0.0,5.391249924974336,258,0.20885941535911878,-0.031919963840300984,15622.327521610308
667,99.82413813933857,99.82413813933857,0.002555714867503338,0.0,5.391249924974336,258,0.20885642455316922,0.014282057700394195,15629.162314144394
668,100.3539751546257,100.3539751546257,0.0052936681624824265,0.0,5.391249924974336,258,0.20897280081600955,-0.017924543719854028,15638.448319189249
669,99.95099446939366,99.95099446939366,-0.004023676793197567,0.0,5.391249924974336,258,0.20900852626626892,-0.00702504010110257,15625.514622743822
670,100.44836588041173,100.44836588041173,0.004963812573007792,0.0,5.391249924974336,258,0.20901370706337932,-0.027538224419340677,15639.834189829578
671,100.09555284120071,100.09555284120071,-0.003518564965262843,0.0,5.391249924974336,258,0.2092748403939698,-0.044015884317046734,15623.624791094051
672,99.90051131010173,99.90051131010173,-0.0019504543127809473,0.0,5.391249924974336,258,0.20937773512440389,-0.0447345270610612,15616.614645230857
673,100.7846508307009,100.7846508307009,0.008811266676883199,0.0,5.391249924974336,258,0.20902971740756104,-0.012236082036495333,15645.95535184193
674,101.19541958865899,101.19541958865899,0.004067424309895903,0.0,5.391249924974336,258,0.208982637623347,0.019681181508085947,15656.614200091313
675,100.85682375715298,100.85682375715298,-0.003351570295421319,0.0,5.391249924974336,258,0.2089583508026571,0.007503561002715423,15648.988387961299
676,101.1911543423802,101.1911543423802,0.0033094207970966005,0.0,5.391249924974336,258,0.20877628014459007,-0.03514433120154311,15661.025865341086
677,100.41370935976695,100.41370935976695,-0.007712600005183432,0.0,5.391249924974336,258,0.2089140700251358,-0.04849920892306885,15637.956314824067
678,99.89590635002568,99.89590635002568,-0.005170038006229776,0.0,5.391249924974336,258,0.20936011347164965,0.007003421633937583,15615.90731364956
679,99.57332049379485,99.57332049379485,-0.003234445157945748,0.0,5.391249924974336,258,0.20938856102392636,0.040913969932747624,15607.840944289208
680,100.41840307872043,100.41840307872043,0.008451225877751958,0.0,5.391249924974336,258,0.20939427917914002,-0.000865591852792916,15627.024044454205
681,100.17776980406005,100.17776980406005,-0.002399182263823823,0.0,5.391249924974336,258,0.20969194557524173,-0.013652136053594133,15613.76884745944
682,100.12858309565097,100.12858309565097,-0.0004911148217284982,0.0,5.391249924974336,258,0.20976970449344018,-0.020655567212302897,15607.86633375294
683,101.11645003938044,101.11645003938044,0.009817632396006188,0.0,5.391249924974336,258,0.21008159390075956,-0.02780998892712332,15623.043282564135
684,101.2075348954457,101.2075348954457,0.0009003862023388966,0.0,5.391249924974336,258,0.21013101004821694,-0.024803661168771522,15623.45746674891
685,101.32365179252486,101.32365179252486,0.0011466570823070528,0.0,5.391249924974336,258,0.21017056309136592,-0.02662995742502786,15625.336371894055
686,101.9686371804514,101.9686371804514,0.006345420727407697,0.0,5.391249924974336,258,0.2104314391271755,-0.008037291331565733,15635.091427283449
687,101.34810174107903,101.34810174107903,-0.006104144395146177,0.0,5.391249924974336,258,0.21084657184500044,-0.03257905560588839,15611.407313603346
688,101.36382749402286,101.36382749402286,0.00015515370047244838,0.0,5.391249924974336,258,0.2109439404699854,-0.024032138226248213,15609.574276073505
689,101.15043822169758,101.15043822169758,-0.0021074006865182686,0.0,5.391249924974336,258,0.21107268598004733,-0.047991088842810566,15601.28164947344
690,100.64744064324412,100.64744064324412,-0.004985172520027918,0.0,5.391249924974336,258,0.21106124735563794,-0.07980108828748515,15588.531680503214
691,101.59334378715941,101.59334378715941,0.009354295613558921,0.0,5.391249924974336,258,0.21082797370687822,-0.1342980434856178,15617.36847968027
692,101.69872282133059,101.69872282133059,0.0010367255876498648,0.0,5.391249924974336,258,0.21080094790303147,-0.14037325601351264,15620.657246251003
693,101.88056660955684,101.88056660955684,0.001786466954442328,0.0,5.391249924974336,258,0.21084459224193305,-0.13239348277676843,15623.634147667335
694,101.0918559506598,101.0918559506598,-0.0077716432477429745,0.0,5.391249924974336,258,0.2113135079844673,-0.14767422435539185,15596.695046153607
695,100.81984353828344,100.81984353828344,-0.0026943716250633653,0.0,5.391249924974336,258,0.2113696884029341,-0.12135909136555983,15587.97353719553
696,99.63799192017709,99.63799192017709,-0.011791659921018533,0.0,5.391249924974336,258,0.2117073282463373,-0.07547756177878112,15548.488025551205
697,100.29786592297904,100.29786592297904,0.006600880961533216,0.0,5.391249924974336,258,0.2111099685277039,-0.14046395340156761,15576.156842339997
698,100.02836678186941,100.02836678186941,-0.0026906042214643565,0.0,5.391249924974336,258,0.2113407637525546,-0.15735221709524824,15564.637004216876
699,100.3890712565155,100.3890712565155,0.003599535725402241,0.0,5.391249924974336,258,0.2112168079066068,-0.1634048500134405,15575.119763590714
700,100.3424526733166,100.3424526733166,-0.0004644869238711051,0.0,5.391249924974336,258,0.2112593271636378,-0.16383268830458314,15573.125442970388
701,100.85777422120302,100.85777422120302,0.005122486019726491,0.0,5.391249924974336,258,0.21084736333844603,-0.15864342313358482,15593.526755785093
702,100.77098783834101,100.77098783834101,-0.0008608532565995827,0.0,5.391249924974336,258,0.21098502083906215,-0.16681337034339502,15588.423548139022
703,100.60577313195445,100.60577313195445,-0.00164085212870763,0.0,5.391249924974336,258,0.21113194157317244,-0.16854576861286844,15581.570138822566
704,100.41172538071088,100.41172538071088,-0.0019306559175625952,0.0,5.391249924974336,258,0.21114885192773195,-0.1456128595683863,15576.963598992494
705,100.31646893306377,100.31646893306377,-0.0009491088695675622,0.0,5.391249924974336,258,0.2112588063864866,-0.1217905667258393,15572.684313747843
706,100.39596987877069,100.39596987877069,0.0007921875727799948,0.0,5.391249924974336,258,0.21127680638647087,-0.0985469980887644,15574.05790601438
707,100.19338353358292,100.19338353358292,-0.002019911930733466,0.0,5.391249924974336,258,0.21139018996435094,-0.13862794832608316,15567.343942112033
708,100.24535023951336,100.24535023951336,0.0005185295887333946,0.0,5.391249924974336,258,0.21145758455415953,-0.15486426066693623,15566.977796210042
709,100.48031775233562,100.48031775233562,0.0023411815987158815,0.0,5.391249924974336,258,0.21142212228025675,-0.1572040664127682,15572.477564807186
710,100.56149786808777,100.56149786808777,0.0008075943794461418,0.0,5.391249924974336,258,0.21140896843301785,-0.15836416690254634,15574.703478887472
711,100.56400058899484,100.56400058899484,2.4887156789141533e-05,0.0,5.391249924974336,258,0.2114309975108612,-0.1593436174626316,15574.233469690571
712,100.73259103265717,100.73259103265717,0.0016750455804849984,0.0,5.391249924974336,258,0.21138039808832773,-0.16089772074358985,15579.242293783762
713,101.17729870798748,101.17729870798748,0.0044050184466007695,0.0,5.391249924974336,258,0.21134984411848903,-0.15585029298798986,15590.22876596666
714,100.91975118362392,100.91975118362392,-0.0025487523338288097,0.0,5.391249924974336,258,0.21161058774255367,-0.1645841868321231,15578.978568084933
715,101.33592368725557,101.33592368725557,0.004115316826086623,0.0,5.391249924974336,258,0.21154826440301372,-0.18317785663624522,15589.940795078683
716,100.0227240820399,100.0227240820399,-0.01304357412136575,0.0,5.391249924974336,258,0.21247892179990993,-0.1839240646507675,15541.541348069126
717,99.54193625496326,99.54193625496326,-0.004818375723020261,0.0,5.391249924974336,258,0.21297693326809305,-0.11869991594281047,15520.540038847872
718,100.08708090634312,100.08708090634312,0.005461590847094632,0.0,5.391249924974336,258,0.21290985128754447,-0.1394428490432021,15532.020018078561
719,99.69554351378964,99.69554351378964,-0.00391963910749641,0.0,5.391249924974336,258,0.21305220678045633,-0.15544965589480586,15512.401665339738
720,100.18895168588628,100.18895168588628,0.00493694294570599,0.0,5.391249924974336,258,0.21309048688788967,-0.19681222974081689,15517.475126729661
721,100.46191828897409,100.46191828897409,0.0027208132365999804,0.0,5.391249924974336,258,0.21305206381787806,-0.18562218332032066,15522.876205164963
722,100.10958071719203,100.10958071719203,-0.0035133399905047523,0.0,5.391249924974336,258,0.21303928031570263,-0.18982341263968955,15516.447081308039
723,100.03036696021749,100.03036696021749,-0.0007915837096003674,0.0,5.391249924974336,258,0.21310580428021395,-0.1888092313718977,15512.057612998466
724,101.10340331058941,101.10340331058941,0.010669978782791025,0.0,5.391249924974336,258,0.21300955425529094,-0.17817726138668538,15542.209408004544
725,100.35749351237875,100.35749351237875,-0.007405042054767603,0.0,5.391249924974336,258,0.21313769507399197,-0.2213489588296308,15518.876430513586
726,99.63326884616517,99.63326884616517,-0.007242612843348218,0.0,5.391249924974336,258,0.21407196584953775,-0.18134846749930178,15489.80570733623
727,99.74670412119961,99.74670412119961,0.0011378804559515072,0.0,5.391249924974336,258,0.21407847365801555,-0.19612494240155068,15490.987555326452
728,99.36943408626767,99.36943408626767,-0.0037894516214797033,0.0,5.391249924974336,258,0.21436674241462841,-0.18712518950150286,15480.77703465618
729,98.3629375552587,98.3629375552587,-0.010180479964868016,0.0,5.391249924974336,258,0.21527362212074078,-0.14250032262297258,15451.375288019115
730,98.28500289437295,98.28500289437295,-0.0007926313877261307,0.0,5.391249924974336,258,0.21532868478739065,-0.13106977618488627,15449.322883095381
731,98.18431567057605,98.18431567057605,-0.0010249664766706235,0.0,5.391249924974336,258,0.21548081511562628,-0.1350037916615322,15444.813173651428
732,98.10876673889462,98.10876673889462,-0.0007697564731724318,0.0,5.391249924974336,258,0.21554084014509303,-0.12544449832035906,15442.841702337944
733,97.7714212388389,97.7714212388389,-0.003444409943236557,0.0,5.391249924974336,258,0.2159051091909894,-0.15933018981884883,15432.046262466687
734,97.63224326674434,97.63224326674434,-0.0014245177641094323,0.0,5.391249924974336,258,0.21601165606162892,-0.151004434982017,15428.190487562757
735,97.1123463246534,97.1123463246534,-0.00533928237267332,0.0,5.391249924974336,258,0.21647895200164335,-0.139661992847232,15412.375920802402
736,98.12439896222354,98.12439896222354,0.010367533029390632,0.0,5.391249924974336,258,0.21555539448770786,-0.14572462418807772,15441.900328001733
737,98.20374304601614,98.20374304601614,0.00080828033414598,0.0,5.391249924974336,258,0.21559148981087453,-0.16410245393868433,15441.785936146181
738,98.47728738118134,98.47728738118134,0.0027816054344054534,0.0,5.391249924974336,258,0.2154152924073755,-0.17286107762468636,15448.437027230806
739,99.06902741817973,99.06902741817973,0.005990917192738881,0.0,5.391249924974336,258,0.2151439751059099,-0.14033597628723332,15460.54565453553
740,98.76265734724261,98.76265734724261,-0.003097282583644447,0.0,5.391249924974336,258,0.21537033598242916,-0.1464060758017066,15452.837028500378
741,99.48497501366883,99.48497501366883,0.007287056638698938,0.0,5.391249924974336,258,0.2149350912518362,-0.15594503945872698,15469.144315755504
742,99.17429767447094,99.17429767447094,-0.0031277431782355913,0.0,5.391249924974336,258,0.21517490782707202,-0.16730990000397564,15460.121323408192
743,99.0477105496505,99.0477105496505,-0.0012772259060742609,0.0,5.391249924974336,258,0.21526554691189032,-0.18533027759948556,15456.733603884719
744,99.2063543224563,99.2063543224563,0.0016004091191719077,0.0,5.391249924974336,258,0.21517078757299427,-0.1875524825461037,15460.593542312752
745,99.3513134226563,99.3513134226563,0.0014601211587549295,0.0,5.391249924974336,258,0.21510422601097234,-0.19180583896240172,15463.769219203901
746,98.8587696435841,98.8587696435841,-0.004969926708859756,0.0,5.391249924974336,258,0.21558808788798206,-0.17413743031738127,15448.040243074463
747,99.30451299587857,99.30451299587857,0.004498755754679412,0.0,5.391249924974336,258,0.21529064612472285,-0.18883502726260817,15459.264553182338
748,99.3897316973097,99.3897316973097,0.0008577873686079694,0.0,5.391249924974336,258,0.21528435831131887,-0.1839967422799827,15460.356290871041
749,98.83492846261954,98.83492846261954,-0.0055977362549704665,0.0,5.391249924974336,258,0.21546217888521124,-0.1906905669120192,15450.404296238094
750,98.74401727649922,98.74401727649922,-0.000920251823351099,0.0,5.391249924974336,258,0.2155655824055799,-0.1598716133944806,15447.296024878098
751,98.83251391555082,98.83251391555082,0.0008958214261162846,0.0,5.391249924974336,258,0.21559303009126546,-0.18265424212617798,15447.534013566625
752,99.22364150227968,99.22364150227968,0.0039496686620580845,0.0,5.391249924974336,258,0.21539611269459752,-0.17827016680918936,15455.14338335367
753,100.34603792065661,100.34603792065661,0.011248284366261728,0.0,5.391249924974336,258,0.21493432285200004,-0.11785258706020713,15486.499080679036
754,100.8792238012609,100.8792238012609,0.00529940549074634,0.0,5.391249924974336,258,0.21491790373272585,-0.09030409737161661,15492.010585175072
755,101.35907762972673,101.35907762972673,0.004745438678661567,0.0,5.391249924974336,258,0.21483268064541433,-0.0945551026968514,15503.012436432991
756,101.25429193131558,101.25429193131558,-0.0010343414946443039,0.0,5.391249924974336,258,0.21486196626779758,-0.050890026882138076,15500.610555060648
757,101.2502120586475,101.2502120586475,-4.0294142483170605e-05,0.0,5.391249924974336,258,0.21487426450115554,-0.03787314704462752,15500.135585634003
758,101.26454757343808,101.26454757343808,0.00014157501251334289,0.0,5.391249924974336,258,0.2148840932525086,-0.030395694665800645,15500.104415596274
759,101.01538116756723,101.01538116756723,-0.002463581369070135,0.0,5.391249924974336,258,0.21506451633215123,-0.028816919591814913,15491.306635580966
760,101.1363725940923,101.1363725940923,0.0011970357785275093,0.0,5.391249924974336,258,0.21498318979895795,-0.028666592655168372,15494.867161485072
761,101.35551979903099,101.35551979903099,0.002164504345422251,0.0,5.391249924974336,258,0.21493974854092335,-0.023603028089769773,15498.819450168718
762,101.89936818329092,101.89936818329092,0.005351405690967289,0.0,5.391249924974336,258,0.21467996065844186,-0.01600566804810017,15512.499190143139
763,103.0393627048661,103.0393627048661,0.011125337558223291,0.0,5.391249924974336,258,0.21457430557411758,0.022600864966682087,15533.228854752577
764,103.29968105168822,103.29968105168822,0.0025232111208290807,0.0,5.391249924974336,258,0.2145182668597599,0.03659461765730474,15538.535610221854
765,104.1605018525385,104.1605018525385,0.008298708013116596,0.0,5.391249924974336,258,0.21428484030513004,0.04642106499960096,15558.523732814248
766,103.03077989910693,103.03077989910693,-0.010905218981809876,0.0,5.391249924974336,258,0.2150920529003842,-0.013037388124719598,15522.725268086637
767,103.29923186040308,103.29923186040308,0.0026021625306612414,0.0,5.391249924974336,258,0.21503163672865222,-0.028673234582680885,15528.301506508718
768,102.73961228539656,102.73961228539656,-0.00543218880363996,0.0,5.391249924974336,258,0.21526916012257205,-0.03591859830988694,15513.974571309705
769,102.96191512741541,102.96191512741541,0.0021614125219122583,0.0,5.391249924974336,258,0.2152156421012599,-0.04278203039995538,15517.885755204938
770,102.44775765485622,102.44775765485622,-0.0050061765778013426,0.0,5.391249924974336,258,0.2154220149898037,-0.04775363563404253,15503.586472029818
771,103.22629884782211,103.22629884782211,0.007570667148869541,0.0,5.391249924974336,258,0.21522026706698325,-0.06885874432489572,15521.404416731022
772,103.55035341375502,103.55035341375502,0.003134346433068701,0.0,5.391249924974336,258,0.21504246643423575,-0.06008652907656408,15529.195661691256
773,103.43107463184298,103.43107463184298,-0.0011525555335309824,0.0,5.391249924974336,258,0.21508403144532257,-0.056127190245738694,15525.865395902005
774,103.96146535692822,103.96146535692822,0.005114859786609298,0.0,5.391249924974336,258,0.21500194495234384,-0.05344744986197752,15537.412708545653
775,104.09631210103569,104.09631210103569,0.0012962434246519736,0.0,5.391249924974336,258,0.21499702205472776,-0.02220208351960046,15539.086222811877
776,104.37698181834953,104.37698181834953,0.0026926219815821824,0.0,5.391249924974336,258,0.21489750665910315,-0.0743273914903515,15545.868461786968
777,104.46826041069495,104.46826041069495,0.0008741266708624238,0.0,5.391249924974336,258,0.21494667749037524,-0.05784525449446736,15545.789470396707
778,104.97597669434467,104.97597669434467,0.004848233450314755,0.0,5.391249924974336,258,0.21460606004679467,-0.042826710951069484,15560.024046944865
779,104.9396886480377,104.9396886480377,-0.00034573929115054206,0.0,5.391249924974336,258,0.21463310983416908,-0.03314332374851453,15558.910888588465
780,105.21803488874599,105.21803488874599,0.002648928612118299,0.0,5.391249924974336,258,0.21452570102028268,-0.04045993097422215,15565.269999976677
781,104.9187248788575,104.9187248788575,-0.002848718259791829,0.0,5.391249924974336,258,0.2146191799576395,-0.038984154411069824,15558.803493531022
782,104.26488293339432,104.26488293339432,-0.006251389213887845,0.0,5.391249924974336,258,0.21511260988867428,-0.025396462861595952,15539.131369965315
783,104.66062003267962,104.66062003267962,0.0037883127425412935,0.0,5.391249924974336,258,0.21492300439618667,-0.029493227891547277,15548.566848052986
784,104.7053316988258,104.7053316988258,0.00042711497696856755,0.0,5.391249924974336,258,0.21494600123893104,0.026227681104142756,15548.569884687533
785,104.90346293311356,104.90346293311356,0.0018904864525817779,0.0,5.391249924974336,258,0.21493781262214479,-0.022201953371002572,15551.510236737433
786,104.12222421229059,104.12222421229059,-0.007475084706139982,0.0,5.391249924974336,258,0.21531247267373618,-0.026885456897335243,15533.518901632711
787,103.73397354512852,103.73397354512852,-0.0037357665817503802,0.0,5.391249924974336,258,0.21547013124846073,0.0026085706574420714,15524.859651493085
788,104.12512669291962,104.12512669291962,0.0037636419003712978,0.0,5.391249924974336,258,0.21539421658245692,-0.04549885179992602,15531.590697760883
789,104.66017558269128,104.66017558269128,0.005125361366157084,0.0,5.391249924974336,258,0.2151834334798836,-0.055590248907049916,15542.630250896636
790,105.11166739758481,105.11166739758481,0.00430460547653568,0.0,5.391249924974336,258,0.21510931036381734,-0.04770531384383382,15551.84558150024
791,104.83376050480899,104.83376050480899,-0.0026474218359461427,0.0,5.391249924974336,258,0.21515649263186593,-0.06024034162561395,15546.102574627204
792,104.96953313494217,104.96953313494217,0.0012942852014504016,0.0,5.391249924974336,258,0.21519859850962034,-0.06806171503943807,15546.823923409942
793,105.91824174038697,105.91824174038697,0.008997344734677561,0.0,5.391249924974336,258,0.21449817111748928,-0.0753370780987921,15577.230217491515
794,105.88132986044143,105.88132986044143,-0.0003485548156709604,0.0,5.391249924974336,258,0.21456781725180343,-0.10049084569806356,15573.150025455374
795,105.94079906832994,105.94079906832994,0.0005615013856364084,0.0,5.391249924974336,258,0.21458901223598315,-0.05347679523259303,15573.307686306493
796,106.12882528633618,106.12882528633618,0.0017732503450016948,0.0,5.391249924974336,258,0.21457728711046625,-0.053548217252425145,15577.42897212576
797,107.33427715343748,107.33427715343748,0.011294361109812742,0.0,5.391249924974336,258,0.21455448127280302,-0.044853449729799585,15605.0638936498
798,107.29285679500094,107.29285679500094,-0.0003859750460136503,0.0,5.391249924974336,258,0.21459888414972336,-0.0645600190564469,15602.454741950976
799,107.57185972065389,107.57185972065389,0.0025970116172438413,0.0,5.391249924974336,258,0.2145079631787141,-0.050413707296548926,15609.60951957917
800,107.85389274213064,107.85389274213064,0.0026183794591431173,0.0,5.168535996338658,214,0.2699809183184446,-0.027816735311672475,14693.741631659976
801,108.4121233551195,108.4121233551195,0.005162455598373192,0.0,5.168535996338658,214,0.27006822028587385,-0.00207794560178196,14702.09437562814
802,107.82577108957335,107.82577108957335,-0.0054232280070189735,0.0,5.168535996338658,214,0.26999146645303973,-0.03323593722716649,14693.136985469124
803,108.18662871342971,108.18662871342971,0.0033410856031299927,0.0,5.168535996338658,214,0.27004826906085483,-0.04407690306095445,14698.444530626586
804,109.19795594576638,109.19795594576638,0.009304565272747011,0.0,5.168535996338658,214,0.2701462447881609,-0.03037416206551533,14715.18891305479
805,109.36404475848141,109.36404475848141,0.0015198327627900178,0.0,5.168535996338658,214,0.2701946388613704,-0.031588638405821594,14717.287577343704
806,110.26796124923878,110.26796124923878,0.008231237430194749,0.0,5.168535996338658,214,0.27051765515079673,-0.017643919226122375,14728.72995043813
807,110.29643710999542,110.29643710999542,0.0002582090412295663,0.0,5.168535996338658,214,0.27052618627069863,-0.023735270035535962,14728.547398608162
808,110.83150756468547,110.83150756468547,0.004839474267070014,0.0,5.168535996338658,214,0.27060792244693654,-0.03283759504777515,14736.550735951478
809,109.64419038228505,109.64419038228505,-0.0107706080209948,0.0,5.168535996338658,214,0.2704783311980122,-0.07238772217603427,14717.246170844479
810,109.61210215480621,109.61210215480621,-0.00029270063209251723,0.0,5.168535996338658,214,0.2704856171172851,-0.05566407530721684,14716.34747950911
811,110.11072375763379,110.11072375763379,0.004538649607261683,0.0,5.168535996338658,214,0.27053234486702754,-0.05811391133815707,14723.916169243783
812,109.8064829385524,109.8064829385524,-0.0027668686570415787,0.0,5.168535996338658,214,0.27051183643810217,-0.08205900929032012,14719.140527086825
813,109.85572488247952,109.85572488247952,0.00044834243669335895,0.0,5.168535996338658,214,0.270518121875386,-0.11210421994831196,14719.712377312197
814,109.3684798775915,109.3684798775915,-0.004445182572214988,0.0,5.168535996338658,214,0.2705021920634703,-0.11585562356668093,14712.244295194892
815,109.24903518136007,109.24903518136007,-0.0010927277083402696,0.0,5.168535996338658,214,0.270516027408928,-0.09950476518033288,14710.013233738082
816,109.02800060465383,109.02800060465383,-0.0020252671240644183,0.0,5.168535996338658,214,0.2705493683986355,-0.0954493506967485,14706.003908092955
817,109.20097913894524,109.20097913894524,0.0015852942237233555,0.0,5.168535996338658,214,0.27057183797430784,-0.09754404649894063,14707.636063770558
818,109.41414261560716,109.41414261560716,0.0019501262539026816,0.0,5.168535996338658,214,0.2706052263789829,-0.10072086893676817,14709.027742668874
819,109.33569985531504,109.33569985531504,-0.0007171914984568171,0.0,5.168535996338658,214,0.2706946071371137,-0.10287607924775645,14702.956579177606
820,109.12724865982959,109.12724865982959,-0.0019083442768060546,0.0,5.168535996338658,214,0.27071308768911395,-0.09701507998260343,14697.093028634521
821,109.46221098165024,109.46221098165024,0.003064764280543271,0.0,5.168535996338658,214,0.2707039484292235,-0.1039107600811982,14704.494900122332
822,110.22224549686825,110.22224549686825,0.0069193566060875905,0.0,5.168535996338658,214,0.2708270768894023,-0.12501931230849572,14718.165194822352
823,110.91018450644367,110.91018450644367,0.006221984074585308,0.0,5.168535996338658,214,0.2708582301867794,-0.12051913685649196,14733.12678864833
824,111.51677472689907,111.51677472689907,0.005454300381149792,0.0,5.168535996338658,214,0.27094325448138934,-0.10929335506444116,14744.471486610404
825,110.97152579110801,110.97152579110801,-0.0049013815655805015,0.0,5.168535996338658,214,0.2709115666343027,-0.06219969837555954,14732.732888289205
826,110.23486046838813,110.23486046838813,-0.0066604591168099615,0.0,5.168535996338658,214,0.2708737599534243,-0.012407280779857673,14717.068976470806
827,109.69815688745048,109.69815688745048,-0.004880619133645658,0.0,5.168535996338658,214,0.2709005379082257,0.03517766137166326,14705.711751628389
828,109.39620793054713,109.39620793054713,-0.0027563387887511756,0.0,5.168535996338658,214,0.2708756470376538,0.06083728356632159,14699.899164045042
829,108.27499137798372,108.27499137798372,-0.01030201949071541,0.0,5.168535996338658,214,0.27089384767763236,0.09399062451456877,14677.00784427946
830,107.98523867607081,107.98523867607081,-0.0026796686124326997,0.0,5.168535996338658,214,0.2708791939801317,0.15680338725321058,14671.19395927479
831,108.36258591622766,108.36258591622766,0.003488342196319138,0.0,5.168535996338658,214,0.2708243730298393,0.14154092254979792,14678.898813674583
832,108.62958858829428,108.62958858829428,0.002460944109427934,0.0,5.168535996338658,214,0.2708135560914339,0.14907433526357625,14683.990914866288
833,108.5480953999375,108.5480953999375,-0.0007504748248999098,0.0,5.168535996338658,214,0.2708250271898299,0.1539654101558304,14682.270193989774
834,107.65032819372281,107.65032819372281,-0.008305077821808097,0.0,5.168535996338658,214,0.2709498448304289,0.15509454122110877,14664.346568376144
835,106.74016025845366,106.74016025845366,-0.0084908002211044,0.0,5.168535996338658,214,0.2711613897417906,0.20294952417802214,14643.56493414869
836,106.7563020864483,106.7563020864483,0.0001512140093387662,0.0,5.168535996338658,214,0.2711672375198322,0.20460398163071492,14643.180444255757
837,106.82880266785205,106.82880266785205,0.0006788917632785359,0.0,5.168535996338658,214,0.2711539057489696,0.20294777721592722,14644.21858487574
838,106.9307727860841,106.9307727860841,0.0009540637021782017,0.0,5.168535996338658,214,0.27115254449335835,0.20824585692132727,14645.48839500142
839,107.2818747503462,107.2818747503462,0.0032780723519798107,0.0,5.168535996338658,214,0.2710959034723618,0.20959694401786325,14652.560471055023
840,107.15118869305725,107.15118869305725,-0.0012188985352402626,0.0,5.168535996338658,214,0.27110762787821635,0.21208477389810318,14649.98757109008
841,107.18907672241961,107.18907672241961,0.00035353161183721693,0.0,5.168535996338658,214,0.2711063102631189,0.19795362498037952,14650.608509547303
842,107.46001516239008,107.46001516239008,0.0025244791998153557,0.0,5.168535996338658,214,0.27109735474137525,0.22092590602207837,14654.779540860469
843,106.86599558012166,106.86599558012166,-0.005543154573023637,0.0,5.168535996338658,214,0.27134466456202,0.2075605669691468,14641.112919524798
844,107.55209859178692,107.55209859178692,0.006399696406122103,0.0,5.168535996338658,214,0.27127945874740345,0.17616549446050017,14654.301246566309
845,106.71578261723131,106.71578261723131,-0.007806305049660094,0.0,5.168535996338658,214,0.27143832991106964,0.14274859747148294,14636.546849805058
846,106.24603107763599,106.24603107763599,-0.004411610638693334,0.0,5.168535996338658,214,0.27163401920452057,0.15108795072110628,14625.96628109059
847,105.37163393343732,105.37163393343732,-0.008263980423764765,0.0,5.168535996338658,214,0.27194981757495995,0.1828297272297862,14609.496663893548
848,105.67160885912689,105.67160885912689,0.002842783533258659,0.0,5.168535996338658,214,0.2718618144219686,0.15652793432614553,14614.367654477832
849,104.94601918786174,104.94601918786174,-0.006890140664360633,0.0,5.168535996338658,214,0.2723289366234095,0.12667605235852875,14597.203309901279
850,105.28513217213434,105.28513217213434,0.0032260992359580483,0.0,5.168535996338658,214,0.2722070526355887,0.12013251645119154,14603.871941899219
851,104.66271302903722,104.66271302903722,-0.005929291305714185,0.0,5.168535996338658,214,0.27246289047153444,0.1074438737505533,14590.782012950105
852,105.2712942125326,105.2712942125326,0.005797849488817159,0.0,5.168535996338658,214,0.27223203235486304,0.0753846505516674,14602.181038501954
853,105.36357928980885,105.36357928980885,0.0008762564493398379,0.0,5.168535996338658,214,0.27222416933172733,0.08451240823874154,14603.111985335647
854,105.60287578271767,105.60287578271767,0.002268574835307107,0.0,5.168535996338658,214,0.2721582443030213,0.08589085658121517,14607.115108790002
855,105.61038926084163,105.61038926084163,7.114589252309473e-05,0.0,5.168535996338658,214,0.2721624597326896,0.08532371964589658,14607.091969026664
856,105.19815842574901,105.19815842574901,-0.003910954893038033,0.0,5.168535996338658,214,0.2723473012308627,0.06933617504798907,14598.247263896981
857,105.74451669642862,105.74451669642862,0.005180170319905637,0.0,5.168535996338658,214,0.27206622007727294,0.06101282433620926,14610.683814016036
858,105.57181597807389,105.57181597807389,-0.0016345235090810006,0.0,5.168535996338658,214,0.27217825164355164,0.05564744272892686,14605.871863745102
859,105.2760514503494,105.2760514503494,-0.002805479849728826,0.0,5.168535996338658,214,0.27237030290563574,0.051809212287514596,14597.989687161311
860,104.80108460516603,104.80108460516603,-0.004521840533499714,0.0,5.168535996338658,214,0.2726348532180819,0.04618727122223158,14586.236681699647
861,104.26676300121093,104.26676300121093,-0.005111477192046867,0.0,5.168535996338658,214,0.27296391121747643,0.08091199302275708,14572.494827059158
862,104.91138847417619,104.91138847417619,0.006163430636326197,0.0,5.168535996338658,214,0.27266377735902786,0.07126919899680291,14586.009819554201
863,104.9004931919809,104.9004931919809,-0.00010385762825788984,0.0,5.168535996338658,214,0.27268475797943387,0.0459403770143171,14585.439752020668
864,105.22439975655234,105.22439975655234,0.0030829933244285244,0.0,5.168535996338658,214,0.27252689201980773,0.03351574824419908,14592.433477166462
865,105.82909201926249,105.82909201926249,0.005730243193279068,0.0,5.168535996338658,214,0.27230394475050007,0.03668105802747425,14603.49414354428
866,105.0238524876718,105.0238524876718,-0.007637962544687581,0.0,5.168535996338658,214,0.27261421823142623,-0.004710398177936849,14587.27521698632
867,104.7260077038537,104.7260077038537,-0.00284000174052812,0.0,5.168535996338658,214,0.2729399763991299,0.0010943919405937402,14571.797292225941
868,104.66506383167604,104.66506383167604,-0.0005821057550508828,0.0,5.168535996338658,214,0.2729614549626795,0.046116865613076374,14570.372793467977
869,105.50868362327645,105.50868362327645,0.008027875341485939,0.0,5.168535996338658,214,0.27261175706596147,0.05250867964891765,14593.276995145708
870,105.16475850109752,105.16475850109752,-0.0032650098108167997,0.0,5.168535996338658,214,0.2727566673827288,0.03215168416661108,14583.606891418798
871,104.60869828789082,104.60869828789082,-0.005301543142017325,0.0,5.168535996338658,214,0.27287159412612855,0.05040570824635208,14572.085447041583
872,104.58492212576644,104.58492212576644,-0.00022731249815112625,0.0,5.168535996338658,214,0.27287951821498063,0.050279490669255494,14571.535331745228
873,104.56953076701916,104.56953076701916,-0.0001471769647949846,0.0,5.168535996338658,214,0.27288962843324754,0.0544030573972439,14571.080458941078
874,104.4524960321625,104.4524960321625,-0.0011198317122764552,0.0,5.168535996338658,214,0.2729140726116563,0.05384026757584219,14568.736443058195
875,104.57529255551798,104.57529255551798,0.001174930264645546,0.0,5.168535996338658,214,0.27289363181585125,0.052728567597132174,14571.081361945415
876,105.01846725223088,105.01846725223088,0.0042288983945112015,0.0,5.168535996338658,214,0.27279867706475946,0.061911585213388194,14580.223646017314
877,105.47604315159701,105.47604315159701,0.004347634712597504,0.0,5.168535996338658,214,0.272705157649143,0.07578834869364591,14589.835457206374
878,104.80847187164296,104.80847187164296,-0.006349240908405049,0.0,5.168535996338658,214,0.27283515847471274,0.05210203920705328,14575.983596323273
879,104.58342476242,104.58342476242,-0.002149531089720039,0.0,5.168535996338658,214,0.27289658665090144,0.05832384183434617,14571.079429753972
880,104.5236475758305,104.5236475758305,-0.0005717376036057951,0.0,5.168535996338658,214,0.2729124515907767,0.06170877481192718,14569.811962600323
881,104.01887694880294,104.01887694880294,-0.004840946602548598,0.0,5.168535996338658,214,0.27307975267174234,0.03748592691515608,14558.884710293005
882,103.9276240939799,103.9276240939799,-0.0008776570918286487,0.0,5.168535996338658,214,0.2731092415911202,-0.007044752304527981,14556.987527265741
883,103.15707576612678,103.15707576612678,-0.007441900677085237,0.0,5.168535996338658,214,0.27339363888038565,-0.04856812958588239,14540.36136484252
884,103.5419719281878,103.5419719281878,0.003724222353463172,0.0,5.168535996338658,214,0.2732194313470007,-0.054620256476779316,14548.368372791354
885,103.48438750273006,103.48438750273006,-0.0005563004353754549,0.0,5.168535996338658,214,0.27330319398512115,-0.06982268699519463,14545.703943994333
886,102.6212645548626,102.6212645548626,-0.00837558781092682,0.0,5.168535996338658,214,0.27367194026351704,-0.08903637183060521,14528.417282345548
887,101.95079959914484,101.95079959914484,-0.00655482809029378,0.0,5.168535996338658,214,0.27399524725938224,-0.060825831196609725,14514.797194097902
888,102.66992949560452,102.66992949560452,0.007028934560165238,0.0,5.168535996338658,214,0.27370802077369355,-0.10450205850505286,14527.636542389198
889,101.91357693027668,101.91357693027668,-0.007394105463640174,0.0,5.168535996338658,214,0.2740001533996429,-0.1625327044378728,14511.948545505033
890,102.03105747561628,102.03105747561628,0.0011520828549974331,0.0,5.168535996338658,214,0.27400147409191883,-0.16726854986112633,14511.141497881374
891,101.65423818557893,101.65423818557893,-0.0037000188816421944,0.0,5.168535996338658,214,0.2740275817811154,-0.18692050278853156,14504.937552884827
892,101.12660903799603,101.12660903799603,-0.005203946482483151,0.0,5.168535996338658,214,0.27453223343670846,-0.17876858156342623,14477.640908971698
893,101.0294275240502,101.0294275240502,-0.0009614506010768058,0.0,5.168535996338658,214,0.2745523545460344,-0.17695906318346014,14476.118353638853
894,101.93577423035346,101.93577423035346,0.008931114526119084,0.0,5.168535996338658,214,0.27454683724670886,-0.21263078294853122,14490.577489234098
895,101.9380766088275,101.9380766088275,2.2586304861197603e-05,0.0,5.168535996338658,214,0.2745476803060672,-0.20936314875275527,14490.603238485783
896,102.07380742956262,102.07380742956262,0.001330617002056554,0.0,5.168535996338658,214,0.2745729994516698,-0.20844749601210738,14492.730130937422
897,102.48881802437145,102.48881802437145,0.004057546321291989,0.0,5.168535996338658,214,0.274665625033332,-0.19869162777268798,14499.207528177505
898,101.6664558136099,101.6664558136099,-0.008056286209634288,0.0,5.168535996338658,214,0.2745316668804209,-0.22383802658962623,14485.80389855656
899,102.1085713378635,102.1085713378635,0.004339258094140811,0.0,5.168535996338658,214,0.27459454631401103,-0.24968075238799453,14492.969356567031
900,101.24494053993338,101.24494053993338,-0.008493937304658309,0.0,5.168535996338658,214,0.274533381261946,-0.26797971849399765,14479.147604588039
901,100.85963101383554,100.85963101383554,-0.0038129765196634677,0.0,5.168535996338658,214,0.27462868163740217,-0.25441179164873323,14472.826319032994
902,101.46920686924645,101.46920686924645,0.006025613611603623,0.0,5.168535996338658,214,0.27453054037919317,-0.2503847855920909,14482.575520338414
903,101.09338745053553,101.09338745053553,-0.003710653995056119,0.0,5.168535996338658,214,0.27457473543429195,-0.24229427497688105,14476.55558999405
904,99.76328627005205,99.76328627005205,-0.013244475269065721,0.0,5.168535996338658,214,0.27496132763531994,-0.17009015313900983,14454.875144636504
905,100.07169696093544,100.07169696093544,0.0030866561075616286,0.0,5.168535996338658,214,0.27486964996594054,-0.22450684003921945,14459.817885302476
906,99.74523332385631,99.74523332385631,-0.0032676302963507288,0.0,5.168535996338658,214,0.27499156711047207,-0.24858126221229657,14454.11333930125
907,99.17524757134828,99.17524757134828,-0.005730805695868294,0.0,5.168535996338658,214,0.27521617780884056,-0.22681027692871203,14444.144362513975
908,99.23854008729054,99.23854008729054,0.0006379850799276629,0.0,5.168535996338658,214,0.27518895613029903,-0.21812635157106638,14445.269859104092
909,98.46757837408255,98.46757837408255,-0.0077991073527240665,0.0,5.168535996338658,214,0.2755347182100194,-0.206732634883221,14431.560263800311
910,98.84749536281589,98.84749536281589,0.003850871107078486,0.0,5.168535996338658,214,0.275359750466944,-0.21451358324806916,14438.316122198119
911,98.58094219263458,98.58094219263458,-0.002700252663122869,0.0,5.168535996338658,214,0.27548170883062045,-0.1995877242075786,14433.576151292278
912,98.43221031495561,98.43221031495561,-0.00150986778335609,0.0,5.168535996338658,214,0.27555539490327124,-0.21606919327392357,14430.85610858009
913,98.96635307388256,98.96635307388256,0.0054118333327067844,0.0,5.168535996338658,214,0.2753273634187043,-0.21652069178811253,14440.04047729432
914,98.60203571773063,98.60203571773063,-0.003688016805903819,0.0,5.168535996338658,214,0.275501169267962,-0.2325476407197207,14433.119867814936
915,98.6698456331291,98.6698456331291,0.00068747677170058,0.0,5.168535996338658,214,0.2755485254873858,-0.23318113580335945,14430.641055851534
916,99.14822041315297,99.14822041315297,0.004836521982995119,0.0,5.168535996338658,214,0.2753815874609461,-0.20834737574507012,14447.886356621191
917,98.7600726674625,98.7600726674625,-0.003922506099368906,0.0,5.168535996338658,214,0.27557398360369895,-0.22308264487841384,14440.644815039852
918,98.68693199215329,98.68693199215329,-0.0007408638969301564,0.0,5.168535996338658,214,0.2757326207037194,-0.22452074107764536,14433.81271578289
919,99.35944986317722,99.35944986317722,0.0067915449877639375,0.0,5.168535996338658,214,0.2756528445894526,-0.2178813299417871,14444.054066247068
920,99.07561520333947,99.07561520333947,-0.0028607328378471176,0.0,5.168535996338658,214,0.2756792815556426,-0.23999086336127406,14439.646458381209
921,98.3657248456549,98.3657248456549,-0.007190929888446352,0.0,5.168535996338658,214,0.27582961799620226,-0.20782339159774982,14428.279002505076
922,99.56505267762886,99.56505267762886,0.01211880764850027,0.0,5.168535996338658,214,0.27561444336465823,-0.24716716223695903,14447.478520593206
923,98.69390177013743,98.69390177013743,-0.008788067267901862,0.0,5.168535996338658,214,0.27575554095386595,-0.3031777183525869,14433.532644278186
924,98.48827813780778,98.48827813780778,-0.002085621600908148,0.0,5.168535996338658,214,0.27580066467785047,-0.3187335872485346,14430.240904903005
925,97.86079568768707,97.86079568768707,-0.0063915207138908955,0.0,5.168535996338658,214,0.2759633995845957,-0.29180631201856444,14420.195811034675
926,97.89255798159924,97.89255798159924,0.0003245134103251253,0.0,5.168535996338658,214,0.27595439475958183,-0.31125355661922816,14420.704279795451
927,98.30695781422473,98.30695781422473,0.004224275958831867,0.0,5.168535996338658,214,0.27584428318877247,-0.3006126148922714,14427.33822663642
928,97.3088767777821,97.3088767777821,-0.010204590028835964,0.0,5.168535996338658,214,0.2761533418867824,-0.31832242388256005,14411.360381045146
929,98.40218203196001,98.40218203196001,0.011172762887992484,0.0,5.168535996338658,214,0.2758205865914389,-0.35894366970406594,14428.862629757981
930,98.77039455999817,98.77039455999817,0.003734930713393822,0.0,5.168535996338658,214,0.27573964920372773,-0.3260309002439093,14434.757184110738
931,98.70370470258352,98.70370470258352,-0.0006754289316829565,0.0,5.168535996338658,214,0.2757534995384961,-0.32660570555985285,14433.6895751638
932,98.15659092406337,98.15659092406337,-0.005558410703491499,0.0,5.168535996338658,214,0.27588258305050156,-0.32407107663153134,14424.931068434516
933,97.15526599435125,97.15526599435125,-0.010253690877949345,0.0,5.168535996338658,214,0.27621443887806857,-0.2871152442402781,14408.90129276554
934,97.04190239883032,97.04190239883032,-0.001167510415686295,0.0,5.168535996338658,214,0.27626075496980285,-0.28754198961443606,14407.086504227567
935,96.25414861175966,96.25414861175966,-0.008150794019621937,0.0,5.168535996338658,214,0.276596906136248,-0.28916299798680795,14394.475696172723
936,96.14626659358211,96.14626659358211,-0.0011214323978307977,0.0,5.168535996338658,214,0.2766444851887479,-0.31308937253951374,14392.748659824394
937,95.89411508608501,95.89411508608501,-0.002626027403144522,0.0,5.168535996338658,214,0.2767570059374716,-0.3034747885788773,14388.712075914578
938,95.9029086601382,95.9029086601382,9.169666856759145e-05,0.0,5.168535996338658,214,0.2767530161808757,-0.3097492066214289,14388.852848420303
939,95.87712105229927,95.87712105229927,-0.0002689290228289572,0.0,5.168535996338658,214,0.2767647196568283,-0.30817859520032115,14388.440025812546
940,96.27394322015189,96.27394322015189,0.004130320417311505,0.0,5.168535996338658,214,0.27662323232299885,-0.29797521555113143,14393.45383856955
941,95.79531442004891,95.79531442004891,-0.004983929200610085,0.0,5.168535996338658,214,0.2770222829882516,-0.30776953263993195,14375.865881571151
942,96.31285938214795,96.31285938214795,0.005388070730558023,0.0,5.168535996338658,214,0.2767664187981085,-0.31216585979304345,14397.350551792844
943,96.465444509446,96.465444509446,0.0015830117402400729,0.0,5.168535996338658,214,0.2767666637772083,-0.2904895997529373,14397.168864406078
944,95.92119089146371,95.92119089146371,-0.0056579301232899835,0.0,5.168535996338658,214,0.27742077913459917,-0.2998204176503171,14370.684846921973
945,96.07514374347811,96.07514374347811,0.0016037065009886283,0.0,5.168535996338658,214,0.2773650291025467,-0.30277862197634214,14373.167699210751
946,94.6583957167609,94.6583957167609,-0.014856056121770187,0.0,5.168535996338658,214,0.27791283542996553,-0.3204079619029993,14350.269751530677
947,94.05560415039368,94.05560415039368,-0.006388435589195945,0.0,5.168535996338658,214,0.278166555248746,-0.26402533084217195,14340.790604626685
948,93.1506235092747,93.1506235092747,-0.009668350267982908,0.0,5.168535996338658,214,0.27857201170661594,-0.2180143602209394,14326.563254641935
949,93.07890096182021,93.07890096182021,-0.0007702597233630413,0.0,5.168535996338658,214,0.2786053176786778,-0.217212123750056,14325.435692638872
950,93.49586547988262,93.49586547988262,0.004469684943936857,0.0,5.168535996338658,214,0.2784134190386899,-0.2088157800008436,14331.99086062828
951,93.67760676185772,93.67760676185772,0.0019419561641245504,0.0,5.168535996338658,214,0.2783316051057515,-0.2025145077213913,14334.84804531031
952,94.31553855722579,94.31553855722579,0.006786781963779111,0.0,5.168535996338658,214,0.27805555218081324,-0.18382272278127282,14344.877076326795
953,93.99704416248103,93.99704416248103,-0.003382617282731573,0.0,5.168535996338658,214,0.2781918133815186,-0.193323791519344,14339.869973394061
954,94.49794007535534,94.49794007535534,0.00531469942211824,0.0,5.168535996338658,214,0.27797918915336167,-0.21320208436074897,14347.74464069035
955,95.02078302790846,95.02078302790846,0.0055176002712547315,0.0,5.168535996338658,214,0.2777680514836485,-0.18779506728929807,14355.964341018785
956,95.20142897174136,95.20142897174136,0.0018993155030538505,0.0,5.168535996338658,214,0.277697754620398,-0.18375056605492734,14358.804305709144
957,94.60887904957664,94.60887904957664,-0.006243621363653546,0.0,5.168535996338658,214,0.2779332668216053,-0.17372686345997268,14349.488730609493
958,94.4495958350807,94.4495958350807,-0.0016850157315673174,0.0,5.168535996338658,214,0.27799931236192243,-0.15750375750941883,14346.984612911983
959,95.03540963208664,95.03540963208664,0.006183240325383128,0.0,5.168535996338658,214,0.2777623228301795,-0.1369529060531715,14356.194288276523
960,94.7521524739899,94.7521524739899,-0.0029849940141104393,0.0,5.168535996338658,214,0.2778748552417559,-0.15771638666370508,14351.741155755428
961,94.69941668604127,94.69941668604127,-0.0005567205333214929,0.0,5.168535996338658,214,0.27789617004814,-0.14869128936079068,14350.912087731454
962,94.42496759196851,94.42496759196851,-0.0029023151908281926,0.0,5.168535996338658,214,0.27801186415057627,-0.14331364775431377,14346.554639880298
963,94.75933013599307,94.75933013599307,0.003534784822914039,0.0,5.168535996338658,214,0.27784752586990547,-0.1633364899710931,14352.316259497706
964,94.70155397159131,94.70155397159131,-0.0006099007345485696,0.0,5.168535996338658,214,0.2779128889893368,-0.14811218802966844,14349.68564150518
965,94.3282604391906,94.3282604391906,-0.003949578206166883,0.0,5.168535996338658,214,0.27821321207667954,-0.1438098542966919,14333.051609133616
966,95.22712512586189,95.22712512586189,0.009483997739636225,0.0,5.168535996338658,214,0.2777389629047795,-0.1594759382457087,14375.968589350769
967,95.53798932362105,95.53798932362105,0.003259133346487832,0.0,5.168535996338658,214,0.27769283018683255,-0.1341710904173119,14376.96492324489
968,95.29491903572432,95.29491903572432,-0.002547468583262814,0.0,5.168535996338658,214,0.2780490443351372,-0.13299692765997584,14363.061566627484
969,95.23576251598436,95.23576251598436,-0.0006209658324745397,0.0,5.168535996338658,214,0.27807157172817365,-0.11896137793681141,14362.028207106454
970,96.01817125421367,96.01817125421367,0.008181929517436102,0.0,5.168535996338658,214,0.2777943834765051,-0.11036186214610907,14375.579365454807
971,96.28248138757247,96.28248138757247,0.002748927745884594,0.0,5.168535996338658,214,0.2776771168272298,-0.09623039969061961,14380.695502229326
972,96.08467687192841,96.08467687192841,-0.0020565317609168815,0.0,5.168535996338658,214,0.27777856548362945,-0.0954923469197104,14376.598083916733
973,96.24814696680833,96.24814696680833,0.0016998672507391112,0.0,5.168535996338658,214,0.27772444007841,-0.0885160912523379,14379.41078374881
974,96.53406484461597,96.53406484461597,0.0029662289353229805,0.0,5.168535996338658,214,0.2776357014567013,-0.08247343303523286,14384.272264554966
975,96.52297756541508,96.52297756541508,-0.00011486013744620216,0.0,5.168535996338658,214,0.27764036437562845,-0.08511200690685995,14384.059258696656
976,96.6872858696669,96.6872858696669,0.001700824179211577,0.0,5.168535996338658,214,0.27758151674012266,-0.07561689818047432,14387.03011837519
977,97.01545779921817,97.01545779921817,0.0033884108951979628,0.0,5.168535996338658,214,0.27748394693209205,-0.07195002271173814,14392.824755980202
978,97.63673512263337,97.63673512263337,0.006383482495446008,0.0,5.168535996338658,214,0.27731383879834276,-0.05466911132546746,14404.267615521268
979,97.08483541865574,97.08483541865574,-0.005668618841796517,0.0,5.168535996338658,214,0.27744357536256625,-0.06538216149560412,14394.480429196507
980,96.86392254279174,96.86392254279174,-0.002278055025690427,0.0,5.168535996338658,214,0.27750528755509285,-0.06930712118179468,14390.537678758341
981,96.28777820381877,96.28777820381877,-0.005965736211417269,0.0,5.168535996338658,214,0.2777312879892117,-0.016451169299611167,14379.713265141545
982,96.33274098424359,96.33274098424359,0.00046685349443543973,0.0,5.168535996338658,214,0.2777155040507787,0.04290019950904797,14380.510618549284
983,95.65149334960304,95.65149334960304,-0.007096942062405699,0.0,5.168535996338658,214,0.27796801296581153,0.03141849482769638,14368.386887726443
984,95.13982421194117,95.13982421194117,-0.0053636650858204255,0.0,5.168535996338658,214,0.2782134220461931,0.045139986362899065,14358.551111115536
985,95.08826497445868,95.08826497445868,-0.0005420780807456727,0.0,5.168535996338658,214,0.27823914221139623,0.04897992532755005,14357.55999184572
986,94.4492831588477,94.4492831588477,-0.006742560961579711,0.0,5.168535996338658,214,0.27858216222706694,0.0453766728287215,14345.276893385842
987,94.64640201025146,94.64640201025146,0.0020848590239149977,0.0,5.168535996338658,214,0.27847250007246194,0.06435071661266721,14349.06609395609
988,94.64171738289524,94.64171738289524,-4.9497320510106456e-05,0.0,5.168535996338658,214,0.2784847891912839,0.14353221103477942,14348.792807922255
989,94.26472747029067,94.26472747029067,-0.003991292233195414,0.0,5.168535996338658,214,0.2786711927871529,0.11769741418102511,14342.018173276067
990,94.49006003153426,94.49006003153426,0.002387570363306464,0.0,5.168535996338658,214,0.27854833829189907,0.11104681547902377,14346.264070996644
991,94.40972165897253,94.40972165897253,-0.0008505925913364395,0.0,5.168535996338658,214,0.2786283488415625,0.11102213695711972,14343.089579784602
992,94.223885955611,94.223885955611,-0.001970335677007508,0.0,5.168535996338658,214,0.278821869537895,0.078778976581594,14331.947149646778
993,93.70986392592147,93.70986392592147,-0.005470260789261555,0.0,5.168535996338658,214,0.279142699838792,0.08351534414167082,14293.92204515994
994,93.52988362214683,93.52988362214683,-0.001922458896288471,0.0,5.168535996338658,214,0.2792235536310773,0.08516293241429491,14290.375325723679
995,93.05163525360412,93.05163525360412,-0.005126439304417912,0.0,5.168535996338658,214,0.2797659718856253,0.08895176377774927,14261.373042118936
996,93.44517613692139,93.44517613692139,0.004220355989029232,0.0,5.168535996338658,214,0.27971992787433597,0.06936884819683731,14267.325285297138
997,93.46310916748577,93.46310916748577,0.0001918912325390197,0.0,5.168535996338658,214,0.2797213886774455,0.07293618145926699,14267.431398294979
998,93.61576151893436,93.61576151893436,0.0016319575243127782,0.0,5.168535996338658,214,0.2797035438563471,0.07365490712737227,14269.901394162081
999,93.26752999970574,93.26752999970574,-0.0037267314743227404,0.0,5.168535996338658,214,0.27976405687279915,0.06714717295812381,14263.994646311838
1000,93.81886293253773,93.81886293253773,0.005893903027484854,0.0,4.911726959642897,172,0.3300291700950111,0.06617294326468634,13404.118180495605
1001,93.6501605845691,93.6501605845691,-0.0017997895368801772,0.0,4.911726959642897,172,0.33001535810570465,0.08094680565139754,13402.561398660724
1002,93.61110950373501,93.61110950373501,-0.00041707590023024624,0.0,4.911726959642897,172,0.3300122495873248,0.0736087830593052,13402.201036081264
1003,92.88493125470288,92.88493125470288,-0.007787638988355829,0.0,4.911726959642897,172,0.32998225328618275,0.07909597550809604,13395.499877972969
1004,92.35784115790729,92.35784115790729,-0.0056908187286630095,0.0,4.911726959642897,172,0.33002893526108285,0.11526939954403212,13390.635901283153
1005,91.51258445655722,91.51258445655722,-0.00919411213375543,0.0,4.911726959642897,172,0.3302318386704491,0.16578923599125775,13382.735367158231
1006,91.15780992454077,91.15780992454077,-0.003884318302219452,0.0,4.911726959642897,172,0.3303140920142786,0.14497257061373808,13379.738127064491
1007,91.04327959070206,91.04327959070206,-0.001257186213630161,0.0,4.911726959642897,172,0.33034701289162716,0.10470672195206895,13378.580788224737
1008,90.74657680162974,90.74657680162974,-0.003264242113554745,0.0,4.911726959642897,172,0.3304193901761849,0.11108330462067627,13375.97478680808
1009,90.73545182924433,90.73545182924433,-0.0001226013670145119,0.0,4.911726959642897,172,0.33042606967184956,0.11183153444942331,13375.732942164868
1010,90.57222749471825,90.57222749471825,-0.0018005236097102457,0.0,4.911726959642897,172,0.33047468296010757,0.10213568547481479,13373.768133742959
1011,90.67025998493976,90.67025998493976,0.001081782766778247,0.0,4.911726959642897,172,0.3304463204790154,0.08320212036414745,13374.917518085644
1012,91.01243363563795,91.01243363563795,0.0037667215126326917,0.0,4.911726959642897,172,0.3303510478966566,0.11323955058949665,13378.96505195508
1013,90.75674118394802,90.75674118394802,-0.0028133771371972546,0.0,4.911726959642897,172,0.3304322705319445,0.12029658205016971,13375.607920630546
1014,91.09735195566029,91.09735195566029,0.003745982992521806,0.0,4.911726959642897,172,0.33033946749818976,0.0761486267857817,13379.636963652469
1015,90.52886716757332,90.52886716757332,-0.006259962325599663,0.0,4.911726959642897,172,0.3305197478716422,0.034583499480534165,13372.298147918149
1016,90.71237037731882,90.71237037731882,0.00202496159191315,0.0,4.911726959642897,172,0.33047776530825435,0.0338167567926427,13373.9189775887
1017,90.79402297483112,90.79402297483112,0.0008997215085644909,0.0,4.911726959642897,172,0.33051926727671377,0.03402737681992847,13372.250138213292
1018,90.58163724386907,90.58163724386907,-0.00234194409303496,0.0,4.911726959642897,172,0.3309198725881597,0.038293030761750835,13356.310560278962
1019,90.64759048936672,90.64759048936672,0.0007278433973832585,0.0,4.911726959642897,172,0.33095705700795797,0.05432667861710536,13355.196242037398
1020,91.02902019486501,91.02902019486501,0.004199002441722521,0.0,4.911726959642897,172,0.3306589972688475,0.061551492586457875,13365.41074875038
1021,90.80282187441038,90.80282187441038,-0.0024879958819468257,0.0,4.911726959642897,172,0.3306820036777176,0.05226179318195384,13363.274091711059
1022,90.8638106737829,90.8638106737829,0.0006714364746934843,0.0,4.911726959642897,172,0.33067452108358547,0.059894345342244665,13363.850188594703
1023,90.83976245903479,90.83976245903479,-0.00026469721507279973,0.0,4.911726959642897,172,0.3306768215356425,0.061138120756300776,13363.623030465405
1024,90.55440484271581,90.55440484271581,-0.0031462737304161705,0.0,4.911726959642897,172,0.33073207252505965,0.06006521175533015,13360.927557933132
1025,90.52532675581273,90.52532675581273,-0.0003211633560125806,0.0,4.911726959642897,172,0.33073814421385217,0.09587216037478086,13360.652887904871
1026,90.77806319703356,90.77806319703356,0.0027879964626693144,0.0,4.911726959642897,172,0.3306866142640969,0.05749307053636186,13363.04022259039
1027,90.86037488454873,90.86037488454873,0.0009063246085898452,0.0,4.911726959642897,172,0.3306748497463713,0.07465430295336722,13363.817734316359
1028,90.24403001921499,90.24403001921499,-0.006806540627353854,0.0,4.911726959642897,172,0.3308001130558859,0.0599880042678422,13357.995774221703
1029,89.473993933981,89.473993933981,-0.008569433166487603,0.0,4.911726959642897,172,0.3309914754365053,0.10207521131802738,13350.722055218223
1030,89.62031366192193,89.62031366192193,0.0016339967747779338,0.0,4.911726959642897,172,0.3309538248789843,0.04304507557529798,13352.1041834147
1031,89.65492603127369,89.65492603127369,0.0003861366448714224,0.0,4.911726959642897,172,0.33094505354029086,0.05324689538727983,13352.431129974137
1032,88.7755869116059,88.7755869116059,-0.009856455873109347,0.0,4.911726959642897,172,0.3311841367912083,0.03586303911008738,13344.12494044889
1033,88.20576998401229,88.20576998401229,-0.006439309840634925,0.0,4.911726959642897,172,0.33135612891352967,0.06838977200241134,13338.74248072496
1034,88.00519671349194,88.00519671349194,-0.002276513895840581,0.0,4.911726959642897,172,0.3314197978207313,0.06723823134419869,13336.847876514392
1035,88.46452200953547,88.46452200953547,0.005205724094306397,0.0,4.911726959642897,172,0.3312761744697003,0.05413874178621772,13341.186638292804
1036,88.72043541284829,88.72043541284829,0.0028886603579501495,0.0,4.911726959642897,172,0.33120017196703927,0.06845352599375484,13343.60398238955
1037,88.63849379510981,88.63849379510981,-0.0009240202783659734,0.0,4.911726959642897,172,0.3312244327879277,0.030080673720312298,13342.829966322579
1038,88.88668490617704,88.88668490617704,0.0027961247478907347,0.0,4.911726959642897,172,0.33115190777485326,0.07229809171781665,13345.174366066542
1039,89.19670754492921,89.19670754492921,0.0034817727546482997,0.0,4.911726959642897,172,0.33106513605382276,0.09275017559440189,13348.102823059979
1040,88.75745406214772,88.75745406214772,-0.004936713712191111,0.0,4.911726959642897,172,0.33118940873878033,0.06777727242055873,13343.953658538572
1041,88.01402347225232,88.01402347225232,-0.008411254839902956,0.0,4.911726959642897,172,0.33141698017038,0.10194327636312818,13336.931253597837
1042,87.496830474642,87.496830474642,-0.005893589860811419,0.0,4.911726959642897,172,0.3316225239072519,0.14548364851100978,13329.794529597479
1043,87.63835803151538,87.63835803151538,0.0016162096137043605,0.0,4.911726959642897,172,0.33167423575432103,0.10921838877671852,13330.004804191278
1044,88.76054261321258,88.76054261321258,0.012723432134329471,0.0,4.911726959642897,172,0.330512020805613,0.13364840384690543,13385.664186107824
1045,88.12181236480355,88.12181236480355,-0.007222122577270728,0.0,4.911726959642897,172,0.33038938547114416,0.05774890622554506,13377.077250078248
1046,88.68905223719112,88.68905223719112,0.006416368357887023,0.0,4.911726959642897,172,0.33023866834493837,0.03206999367994802,13392.633326310168
1047,88.67578175131054,88.67578175131054,-0.00014964055283024622,0.0,4.911726959642897,172,0.3302518853486209,0.03533998187843484,13391.971022835445
1048,88.4463278093261,88.4463278093261,-0.0025909139283717924,0.0,4.911726959642897,172,0.33028544880645727,0.03678248338422289,13386.271811373792
1049,89.24659738931022,89.24659738931022,0.009007392835476283,0.0,4.911726959642897,172,0.33019015431559195,0.03024571769416195,13406.14361332139
1050,88.92626724978574,88.92626724978574,-0.0035957269397788043,0.0,4.911726959642897,172,0.3302202693380204,0.008176983792002818,13398.189372338491
1051,89.08575730582815,89.08575730582815,0.0017919025314869165,0.0,4.911726959642897,172,0.3302041292375236,0.0023451680055522517,13402.149731304466
1052,89.389891585336,89.389891585336,0.0034081352361932105,0.0,4.911726959642897,172,0.33017978881826376,0.007953840151545164,13409.701806653842
1053,89.56208170884308,89.56208170884308,0.001924428923341825,0.0,4.911726959642897,172,0.3301681564778474,0.01330347787069729,13413.925083330207
1054,89.59359839670854,89.59359839670854,0.00035183576844469237,0.0,4.911726959642897,172,0.3301663066071061,0.011402081181819335,13414.693471625467
1055,89.49310530677532,89.49310530677532,-0.0011222843282366747,0.0,4.911726959642897,172,0.33017279407049627,0.029147583470157466,13412.243369387737
1056,89.57608438921302,89.57608438921302,0.0009267824187731963,0.0,4.911726959642897,172,0.33016732844840785,0.025352036956385486,13414.266466057376
1057,88.74187790118938,88.74187790118938,-0.009356461492386371,0.0,4.911726959642897,172,0.330254464891814,0.010689569696433253,13393.927841935101
1058,88.53494343808651,88.53494343808651,-0.0023345923683401374,0.0,4.911726959642897,172,0.33028339092734643,0.026282010181876345,13388.882613537315
1059,89.13398792768642,89.13398792768642,0.0067434047702964964,0.0,4.911726959642897,172,0.330205592866511,0.03213620326786548,13403.487799281384
1060,89.01564824697985,89.01564824697985,-0.001328542686403171,0.0,4.911726959642897,172,0.3302188108090412,0.03481432311881791,13400.602582828149
1061,89.40227636672824,89.40227636672824,0.004333967293518674,0.0,4.911726959642897,172,0.33017982032941634,0.03258363168984098,13410.028886885426
1062,89.61122091842694,89.61122091842694,0.0023344010340354,0.0,4.911726959642897,172,0.3301653263375095,0.046214749513385486,13415.123122857463
1063,89.60575257727642,89.60575257727642,-6.1024813058152255e-05,0.0,4.911726959642897,172,0.33016562680664696,0.02048380975122961,13414.989800308633
1064,89.17747416391568,89.17747416391568,-0.004791044891583678,0.0,4.911726959642897,172,0.33020097954815736,-0.016528080204370115,13404.548028644085
1065,89.00711427128255,89.00711427128255,-0.0019121737299279632,0.0,4.911726959642897,172,0.3302198370730077,-0.03830283900618276,13400.394517647084
1066,89.5356128236355,89.5356128236355,0.0059201526102859265,0.0,4.911726959642897,172,0.3301697732437178,-0.048011413499878454,13413.279736786219
1067,89.46926362410197,89.46926362410197,-0.00074131167696294,0.0,4.911726959642897,172,0.33023415252056576,-0.052735455856419956,13408.6241589255
1068,88.86904300343116,88.86904300343116,-0.006731283910471097,0.0,4.911726959642897,172,0.3307832079824087,-0.04845019905139368,13383.940989202583
1069,88.69465882976654,88.69465882976654,-0.0019641878146180332,0.0,4.911726959642897,172,0.3308628720481144,-0.03968974221114727,13376.86100428588
1070,88.86059074236233,88.86059074236233,0.0018690741197652148,0.0,4.911726959642897,172,0.3308298300709747,-0.04080411006444613,13380.102294868913
1071,88.74537443911024,88.74537443911024,-0.0012974374965026188,0.0,4.911726959642897,172,0.3308799311689402,-0.047384978395492945,13376.846756218332
1072,88.76024170991239,88.76024170991239,0.0001675132444759925,0.0,4.911726959642897,172,0.3308950854767626,-0.04021597398417316,13376.514239861044
1073,88.36815634779614,88.36815634779614,-0.00442713880786015,0.0,4.911726959642897,172,0.3309970273162008,-0.03370441342558782,13367.992843164102
1074,87.64258108646106,87.64258108646106,-0.00824471713499617,0.0,4.911726959642897,172,0.331289909253702,0.011302849973721158,13352.223535679748
1075,87.47887764897611,87.47887764897611,-0.0018695993780679704,0.0,4.911726959642897,172,0.33136896593748555,0.03102720737911375,13348.665683063336
1076,87.60166364434178,87.60166364434178,0.0014026232108825343,0.0,4.911726959642897,172,0.3313119582171709,0.025899124877193185,13351.18041520095
1077,87.68921462941331,87.68921462941331,0.000998922399316231,0.0,4.911726959642897,172,0.3312757455400951,0.03054032278454047,13352.964936449496
1078,88.13390247740004,88.13390247740004,0.005058365515202697,0.0,4.911726959642897,172,0.33109808774164895,0.03868177911900473,13362.028854040533
1079,88.05232266443525,88.05232266443525,-0.0009260635299871885,0.0,4.911726959642897,172,0.3311302248225643,0.03217164394307243,13360.366041114223
1080,88.38024696749328,88.38024696749328,0.003717280560518491,0.0,4.911726959642897,172,0.33102320170633126,0.03824789018950899,13367.050008019261
1081,89.1746903255644,89.1746903255644,0.008948764498321866,0.0,4.911726959642897,172,0.33084669853458265,0.06710416357203645,13383.242870407796
1082,89.48296883443682,89.48296883443682,0.003451056241112808,0.0,4.911726959642897,172,0.3307863218316408,0.09210388618064637,13389.526403929474
1083,88.68399958495957,88.68399958495957,-0.008968829770290173,0.0,4.911726959642897,172,0.3309527560418729,0.06494530973431521,13373.24129187206
1084,88.1678919974723,88.1678919974723,-0.005836624624366474,0.0,4.911726959642897,172,0.3310848048676758,0.096309457180678,13362.72165059499
1085,89.01364594757693,89.01364594757693,0.009546822807092976,0.0,4.911726959642897,172,0.33088075928184046,0.05549848465315387,13379.960358917575
1086,90.08983456199228,90.08983456199228,0.012017651065242448,0.0,4.911726959642897,172,0.3306950770022143,0.12065450968478707,13401.601729434195
1087,89.67372546809173,89.67372546809173,-0.004629523770206704,0.0,4.911726959642897,172,0.3307241959607023,0.09165583207333651,13394.165624143674
1088,89.54551287241394,89.54551287241394,-0.0014307907871683185,0.0,4.911726959642897,172,0.33073560473357544,0.0633611303780923,13391.874392409001
1089,88.97449351555193,88.97449351555193,-0.006397280796004912,0.0,4.911726959642897,172,0.33079727018391497,0.07856022660861983,13381.669809877418
1090,89.1134742818208,89.1134742818208,0.0015608106061561291,0.0,4.911726959642897,172,0.3308007864154295,0.07167850776170864,13383.617514182759
1091,89.18887833185914,89.18887833185914,0.0008457998834924614,0.0,4.911726959642897,172,0.3308307596365267,0.07543110844077813,13383.803322739637
1092,88.85051867138301,88.85051867138301,-0.0038009572435754877,0.0,4.911726959642897,172,0.3312813238301368,0.03614300430305604,13366.28617989436
1093,88.31923636871353,88.31923636871353,-0.005997455886800151,0.0,4.911726959642897,172,0.3312892492600165,0.04150309549408813,13353.25777123601
1094,87.91201041986886,87.91201041986886,-0.004621503633090657,0.0,4.911726959642897,172,0.3318597290810012,0.06651402906328469,13333.138021062985
1095,87.1899255855044,87.1899255855044,-0.008247640706502026,0.0,4.911726959642897,172,0.3319711873908802,0.07798273334696389,13317.714692960699
1096,87.49483433738148,87.49483433738148,0.003490963512414543,0.0,4.911726959642897,172,0.3316139892935713,0.06049509462610438,13331.688077994691
1097,87.18136902934693,87.18136902934693,-0.0035891053101599502,0.0,4.911726959642897,172,0.33204861166327526,0.053586240445731015,13315.319385231815
1098,87.33398138206964,87.33398138206964,0.0017489853043381512,0.0,4.911726959642897,172,0.3319595891687056,0.042345147392401236,13319.613194070283
1099,87.3626725858732,87.3626725858732,0.00032846884482164775,0.0,4.911726959642897,172,0.3319431159083053,0.05453126789264901,13320.419980464998
1100,88.080717842637,88.080717842637,0.008185537959257956,0.0,4.911726959642897,172,0.33161304933428665,0.0321792527835896,13340.615498734795
1101,87.96673811506946,87.96673811506946,-0.0012948752127467044,0.0,4.911726959642897,172,0.3316602378870684,-0.0039654128281299125,13337.410401022305
1102,88.12255098300716,88.12255098300716,0.0017697034203610312,0.0,4.911726959642897,172,0.33159592382655434,0.00030273763898829703,13341.791842154524
1103,88.67747624828576,88.67747624828576,0.006277454774979072,0.0,4.911726959642897,172,0.3314368422582969,-0.0045293443314851425,13357.396281086812
1104,88.81948976401402,88.81948976401402,0.0016001799830364849,0.0,4.911726959642897,172,0.33140275067830693,0.06565276387573514,13361.388752097298
1105,88.49500367948524,88.49500367948524,-0.0036600104193736656,0.0,4.911726959642897,172,0.33148239434689475,0.09675922169083455,13352.266862466882
1106,88.69946586076199,88.69946586076199,0.0023077726133463607,0.0,4.911726959642897,172,0.33143149739874994,0.09383850959491044,13358.014663497886
1107,88.73265120452602,88.73265120452602,0.0003740624268014232,0.0,4.911726959642897,172,0.3314234444884398,0.09415806273692558,13358.94756342055
1108,87.93685947925023,87.93685947925023,-0.009008878831286794,0.0,4.911726959642897,172,0.33167413478258256,0.1029364334136054,13336.526853515743
1109,88.18004045535828,88.18004045535828,0.0027615876812191803,0.0,4.911726959642897,172,0.3315772652545795,0.11300526223042892,13343.257667312844
1110,88.89854070760192,88.89854070760192,0.008115088686276622,0.0,4.911726959642897,172,0.33139943612094236,0.1307274871306647,13363.14446721151
1111,88.97756032404153,88.97756032404153,0.0008884793536562969,0.0,4.911726959642897,172,0.33138280029309186,0.1317025251312302,13365.331588642988
1112,89.17192258146565,89.17192258146565,0.0021820140184569854,0.0,4.911726959642897,172,0.33134437755192075,0.12892636837560253,13370.711187758196
1113,88.66854246519199,88.66854246519199,-0.005661045257361455,0.0,4.911726959642897,172,0.33145070034870955,0.11692108011009926,13356.778527868319
1114,88.54025562957503,88.54025562957503,-0.0014478610476102766,0.0,4.911726959642897,172,0.33148078070028736,0.12212632585672586,13353.22777806471
1115,88.80912129769358,88.80912129769358,0.003032047574763012,0.0,4.911726959642897,172,0.33141886996518155,0.11924054534120063,13360.66949812646
1116,89.10323518209127,89.10323518209127,0.0033062813414700652,0.0,4.911726959642897,172,0.33135707768888156,0.13243590840107441,13368.810043586494
1117,88.90022578120977,88.90022578120977,-0.0022809611431227504,0.0,4.911726959642897,172,0.3313990764377162,0.11860006803612533,13363.191107030423
1118,89.42253929975034,89.42253929975034,0.005858085612298979,0.0,4.911726959642897,172,0.33130188679401273,0.11841796553011417,13377.64780957875
1119,89.74109656503852,89.74109656503852,0.003556051979450337,0.0,4.911726959642897,172,0.331269090227642,0.1425377450667553,13386.464904035252
1120,90.19577473384057,90.19577473384057,0.00505376283633123,0.0,4.911726959642897,172,0.3312796429037866,0.1572998813051633,13399.049581261213
1121,90.14816648957476,90.14816648957476,-0.0005279716640188588,0.0,4.911726959642897,172,0.3312724495888432,0.14979611118797076,13397.731870342834
1122,90.84025645688997,90.84025645688997,0.00764792940293234,0.0,4.911726959642897,172,0.3314204797251181,0.14124258886294686,13416.887680864671
1123,90.51749090789633,90.51749090789633,-0.0035594386725626434,0.0,4.911726959642897,172,0.3313355999959731,0.11930195127269347,13407.9541086537
1124,90.96761793052707,90.96761793052707,0.004960494538817058,0.0,4.911726959642897,172,0.33145543184334475,0.09889729765640588,13420.412818306324
1125,90.63713518719251,90.63713518719251,-0.003639586546882648,0.0,4.911726959642897,172,0.33136631963557134,0.09400572781780993,13411.265647980168
1126,90.87081002254945,90.87081002254945,0.0025748180244800026,0.0,4.911726959642897,172,0.3314287961689808,0.09339782084519732,13417.73334883008
1127,91.28257296538273,91.28257296538273,0.004521065021678586,0.0,4.911726959642897,172,0.3315449675022603,0.0939456413187302,13429.130209477298
1128,90.98138216697868,90.98138216697868,-0.003304998756826304,0.0,4.911726959642897,172,0.331459245905756,0.07331421966089394,13420.793787714776
1129,91.41053341832895,91.41053341832895,0.004705823083523051,0.0,4.911726959642897,172,0.3316373932621237,0.0636592202514965,13430.71750395949
1130,91.29952993713142,91.29952993713142,-0.0012150780621079675,0.0,4.911726959642897,172,0.33165914370709454,0.06022397756475225,13424.018972205953
1131,92.25061958893573,92.25061958893573,0.010363360274417482,0.0,4.911726959642897,172,0.33130761553895355,0.04476010247911137,13448.02867560765
1132,92.26903591723188,92.26903591723188,0.00019961373011214393,0.0,4.911726959642897,172,0.33135297416752885,0.04022250018891745,13445.645949025555
1133,92.8155705442759,92.8155705442759,0.0059057987156867576,0.0,4.911726959642897,172,0.3313929051066184,0.006740210156344104,13457.78137491842
1134,92.80052677138565,92.80052677138565,-0.0001620955632700721,0.0,4.911726959642897,172,0.3314144688209669,-0.014849036937038354,13456.923527074694
1135,92.78550137039785,92.78550137039785,-0.00016192383845994922,0.0,4.911726959642897,172,0.33144524425962524,-0.013176549776897485,13455.363008081837
1136,93.32495171313786,93.32495171313786,0.005797115041701732,0.0,4.911726959642897,172,0.3314450341202018,-0.016820241617202074,13465.272475608366
1137,93.42131968485809,93.42131968485809,0.001032073942391355,0.0,4.911726959642897,172,0.3314456646848865,-0.016737312254649,13467.04169671773
1138,94.25142337098964,94.25142337098964,0.008846346956079623,0.0,4.911726959642897,172,0.33147595799046825,-0.010868060537032022,13482.283197415754
1139,94.10785517202912,94.10785517202912,-0.0015244083314956832,0.0,4.911726959642897,172,0.3314683721754798,-0.02112293151338901,13479.64714743642
1140,94.08228487724224,94.08228487724224,-0.000271749571338166,0.0,4.911726959642897,172,0.3314670873040966,-0.033147935527173995,13479.177652272921
1141,94.41312570979905,94.41312570979905,0.003510336631088695,0.0,4.911726959642897,172,0.3314854860564738,-0.05097647159203831,13485.252207614134
1142,94.62769830322299,94.62769830322299,0.002270120083248873,0.0,4.911726959642897,172,0.33150941286116087,-0.03097843897506778,13489.191572658181
1143,94.81606148818652,94.81606148818652,0.0019885927860011136,0.0,4.911726959642897,172,0.3315400284993419,-0.08592560850908179,13492.64949861218
1144,94.03276503204681,94.03276503204681,-0.008295534184718473,0.0,4.911726959642897,172,0.3314646300316841,-0.04596627207552259,13478.269304798241
1145,93.53970174751173,93.53970174751173,-0.005257321915799673,0.0,4.911726959642897,172,0.33144738249430367,-0.07641949671839961,13469.220293803817
1146,93.35344478002392,93.35344478002392,-0.0019931927158613346,0.0,4.911726959642897,172,0.3314449602324009,-0.019593937220510928,13465.801987473878
1147,93.47761183012271,93.47761183012271,0.0013291908811379838,0.0,4.911726959642897,172,0.33144622288748243,-0.03141287669308382,13468.08078014965
1148,93.72059808192321,93.72059808192321,0.0025960332460395323,0.0,4.911726959642897,172,0.3314519776733621,-0.04389886079585253,13472.540063422504
1149,94.06489691531365,94.06489691531365,0.003666941572835213,0.0,4.911726959642897,172,0.331466226529992,-0.0367101039957943,13478.858416680865
1150,94.35301817907929,94.35301817907929,0.003058323707658366,0.0,4.911726959642897,172,0.3314819555815417,-0.03130932954333309,13484.145834903546
1151,94.47605502284225,94.47605502284225,0.0013031559080238658,0.0,4.911726959642897,172,0.3314902758265296,-0.03113125652912239,13486.403728823874
1152,94.91166068322835,94.91166068322835,0.004600155051573177,0.0,4.911726959642897,172,0.33156217242135505,-0.061625868080337105,13494.397686911265
1153,95.3990365490982,95.3990365490982,0.005121907895244244,0.0,4.911726959642897,172,0.3317172424255463,-0.09064513819967249,13502.949978272514
1154,95.27049436592377,95.27049436592377,-0.0013483245281138865,0.0,4.911726959642897,172,0.33167687409228847,-0.15737853435091603,13499.627107636596
1155,95.20723238574934,95.20723238574934,-0.0006642454588190151,0.0,4.911726959642897,172,0.33175834707340607,-0.14581245614056795,13494.150078045339
1156,94.74934586346377,94.74934586346377,-0.004820969227236968,0.0,4.911726959642897,172,0.33169269937784124,-0.11653433949412312,13480.565233506735
1157,94.76745056973024,94.76745056973024,0.000191061759825965,0.0,4.911726959642897,172,0.3317684612833904,-0.11025727958000214,13478.00976191596
1158,94.40962845012312,94.40962845012312,-0.0037829376389805105,0.0,4.911726959642897,172,0.33161852489420074,-0.10068085529236524,13470.247331598712
1159,95.98131346381072,95.98131346381072,0.01651045685828788,0.0,4.911726959642897,172,0.33200604449412,-0.13863852336199628,13519.06652960174
1160,96.89496892297045,96.89496892297045,0.00947407614708084,0.0,4.911726959642897,172,0.33252921359892346,-0.025869477327703266,13545.28801816584
1161,97.00205471279249,97.00205471279249,0.0011045636359101238,0.0,4.911726959642897,172,0.332602640701191,-0.028814680541820813,13548.215216349532
1162,96.72695231491319,96.72695231491319,-0.0028400763212021473,0.0,4.911726959642897,172,0.3324145228593502,-0.0273065094908764,13540.694935178586
1163,96.53498787747263,96.53498787747263,-0.001986573252667788,0.0,4.911726959642897,172,0.3322867464602704,-0.015732898318606057,13535.448086078517
1164,95.27074756607854,95.27074756607854,-0.013182698808229277,0.0,4.911726959642897,172,0.33160512879287257,0.022243131639267773,13500.893362148665
1165,95.29426014878297,95.29426014878297,0.0002467670545152765,0.0,4.911726959642897,172,0.3316158327671814,0.03555673712974793,13501.536017502167
1166,95.37414142797499,95.37414142797499,0.0008379079407504085,0.0,4.911726959642897,172,0.33165331414171645,0.036500215857874434,13503.719364706623
1167,95.48172409085322,95.48172409085322,0.0011273708982457548,0.0,4.911726959642897,172,0.331704138078543,0.030452139365955762,13506.659857255305
1168,94.852018592771,94.852018592771,-0.006616880293955421,0.0,4.911726959642897,172,0.33144928890353187,0.04309464898599518,13489.448493682072
1169,94.89639895754534,94.89639895754534,0.000467781140486637,0.0,4.911726959642897,172,0.33146263751158145,0.03999796006355608,13490.661515635937
1170,95.86289174010227,95.86289174010227,0.010133200318637015,0.0,4.911726959642897,172,0.33189476681639074,0.03611725816069573,13517.078084527511
1171,95.3034733900816,95.3034733900816,-0.005852702660370733,0.0,4.911726959642897,172,0.3316201144889426,-0.008117874080468285,13501.787837513522
1172,95.50153157375298,95.50153157375298,0.0020760278782312666,0.0,4.911726959642897,172,0.3317136275404727,-0.0077405117863036145,13507.201243332916
1173,95.07912538065746,95.07912538065746,-0.004432841102959446,0.0,4.911726959642897,172,0.33152451861902554,-0.02374702903474002,13495.655867618249
1174,94.94215913227539,94.94215913227539,-0.0014415887404736446,0.0,4.911726959642897,172,0.3314765036526048,-0.01028854933958679,13491.912251109665
1175,94.84088899313913,94.84088899313913,-0.001067220173228654,0.0,4.911726959642897,172,0.3314459518004647,-0.009223455185369574,13489.14429499511
1176,95.06714560841283,95.06714560841283,0.00238280305307544,0.0,4.911726959642897,172,0.3315197654119159,-0.005989720094288716,13495.328431671993
1177,95.63702831820038,95.63702831820038,0.005976632754386484,0.0,4.911726959642897,172,0.33177931799244353,0.00959890677187893,13510.90469476978
1178,95.26196084922847,95.26196084922847,-0.003929491226984033,0.0,4.911726959642897,172,0.3316012034183661,-0.015456887448760179,13500.653200074834
1179,95.55198090500615,95.55198090500615,0.0030398227345384042,0.0,4.911726959642897,172,0.3317084715296227,-0.02918609268670705,13505.174345391666
1180,95.10093438036725,95.10093438036725,-0.004731607334406338,0.0,4.911726959642897,172,0.33177032065890466,-0.03270402654532619,13486.065591184813
1181,95.52979176724155,95.52979176724155,0.004499359773019037,0.0,4.911726959642897,172,0.3315905067195621,-0.039429682831638155,13500.011481875441
1182,95.9134610418139,95.9134610418139,0.0040081829220597635,0.0,4.911726959642897,172,0.33174295707909734,-0.012168408865548487,13506.450824818632
1183,96.47237301102145,96.47237301102145,0.005810339876283639,0.0,4.911726959642897,172,0.33190843138491033,0.010778451121375973,13518.223659836898
1184,97.37234165957693,97.37234165957693,0.009285526473346475,0.0,4.911726959642897,172,0.3322103989562173,0.048569361149403585,13536.89626496561
1185,97.40796279962987,97.40796279962987,0.00036575710823484803,0.0,4.911726959642897,172,0.3322227612887707,0.04956975148812932,13537.635230752581
1186,97.4523043696863,97.4523043696863,0.0004551114649069137,0.0,4.911726959642897,172,0.33223826436965376,0.04683807005395592,13538.555103141945
1187,97.05056871689693,97.05056871689693,-0.0041309027233797,0.0,4.911726959642897,172,0.33209932808516024,0.059007841486366716,13530.221037966676
1188,97.00725825265748,97.00725825265748,-0.0004463665870623414,0.0,4.911726959642897,172,0.3320845283466331,0.07556706983253855,13529.322556019066
1189,97.36891031422503,97.36891031422503,0.0037211606911623078,0.0,4.911726959642897,172,0.33220920987916147,0.0787865989223554,13536.825081201849
1190,97.36119063556868,97.36119063556868,-7.928593086278644e-05,0.0,4.911726959642897,172,0.3322065347040648,0.09142153214253555,13536.664935333272
1191,97.44424261562868,97.44424261562868,0.000852666003260346,0.0,4.911726959642897,172,0.33223544525995063,0.10231383189416758,13538.387860868883
1192,97.63536250503181,97.63536250503181,0.0019594047305109366,0.0,4.911726959642897,172,0.3323026066833697,0.10490054419509581,13542.352671070605
1193,97.58129986178406,97.58129986178406,-0.0005538732603495508,0.0,4.911726959642897,172,0.33228349678344876,0.10929111368742697,13541.231133588819
1194,97.74257446168679,97.74257446168679,0.0016513561090334284,0.0,4.911726959642897,172,0.33234081531826254,0.10770791842124804,13544.576798872376
1195,98.24012697435208,98.24012697435208,0.005077525495670522,0.0,4.911726959642897,172,0.3325232138041711,0.11278197290085662,13554.898598891568
1196,97.41976274431559,97.41976274431559,-0.008385663903838535,0.0,4.911726959642897,172,0.33222688448228566,0.0800159357430863,13537.880022339767
1197,98.02967850075693,98.02967850075693,0.006241181682167626,0.0,4.911726959642897,172,0.3324449392520054,0.04272739094073959,13550.532814369331
1198,98.3194707907045,98.3194707907045,0.002951808056319612,0.0,4.911726959642897,172,0.33255298308762127,0.06585930386818968,13556.235364242619
1199,98.64104203068761,98.64104203068761,0.0032653400532386702,0.0,4.911726959642897,172,0.3326824156104067,0.06816784075498569,13562.126785077666
1200,98.64692489927491,98.64692489927491,5.9637378605360894e-05,0.0,4.752825204487695,149,0.4368922818696144,0.06897389957847012,11516.465190413868
1201,98.16370218265789,98.16370218265789,-0.004910544667177211,0.0,4.752825204487695,149,0.4366994589078558,0.06748387666273663,11505.516371276133
1202,98.19732536876978,98.19732536876978,0.0003424629302441002,0.0,4.752825204487695,149,0.43671463161435914,0.06721273919280739,11503.876672428027
1203,98.49207633114727,98.49207633114727,0.002997123184772329,0.0,4.752825204487695,149,0.43673142574767077,0.07505092038747371,11511.485939528297
1204,99.12852756205312,99.12852756205312,0.006441164724952662,0.0,4.752825204487695,149,0.4369641558196079,0.04685006016960656,11520.534906846315
1205,99.18910398639862,99.18910398639862,0.0006109030826604553,0.0,4.752825204487695,149,0.43698522490567854,0.03324540648460026,11521.14593877515
1206,98.2859483125947,98.2859483125947,-0.009147099448669515,0.0,4.752825204487695,149,0.4366672523890796,0.03461868025883215,11511.67339771305
1207,97.71595963023944,97.71595963023944,-0.005816170823308898,0.0,4.752825204487695,149,0.4365082014315293,0.07809772198480536,11505.839402424517
1208,97.28244204678002,97.28244204678002,-0.004446377959625121,0.0,4.752825204487695,149,0.4363871000223769,0.09558871842572338,11500.99592103353
1209,96.99812891599902,96.99812891599902,-0.00292683238815349,0.0,4.752825204487695,149,0.4363159416906495,0.10205087151738858,11497.427052844174
1210,96.56420580341623,96.56420580341623,-0.004483556577421973,0.0,4.752825204487695,149,0.4362517060281554,0.11056983077266014,11490.1677542366
1211,96.57411576898802,96.57411576898802,0.00010262039661324456,0.0,4.752825204487695,149,0.4362544580687037,0.10892253925998502,11490.302711090048
1212,96.24205687958558,96.24205687958558,-0.003444308774687231,0.0,4.752825204487695,149,0.4361539060185596,0.09579584693145936,11485.336587248037
1213,95.67171653534596,95.67171653534596,-0.005943732053927514,0.0,4.752825204487695,149,0.4360241791232188,0.11455428299883369,11478.04879350077
1214,95.75202751324892,95.75202751324892,0.0008390911275316299,0.0,4.752825204487695,149,0.4360329035837062,0.11084537565370617,11478.85957094162
1215,96.1595208535658,96.1595208535658,0.004246685060804492,0.0,4.752825204487695,149,0.4361454252480953,0.10902102529714469,11484.416658271091
1216,95.4105868092754,95.4105868092754,-0.00781894282969894,0.0,4.752825204487695,149,0.43593452878752753,0.08595088779367929,11473.898368553198
1217,95.23513472948233,95.23513472948233,-0.0018406091457034784,0.0,4.752825204487695,149,0.4359146553196043,0.09581945416754176,11471.749570422384
1218,95.15946612461568,95.15946612461568,-0.0007948608680201733,0.0,4.752825204487695,149,0.43590011389672595,0.13863905898369827,11470.650961305213
1219,95.21900072634497,95.21900072634497,0.0006254342169545529,0.0,4.752825204487695,149,0.4359103162643295,0.04407759923697112,11471.462988317442
1220,95.62508807204588,95.62508807204588,0.004255703817135797,0.0,4.752825204487695,149,0.43599573637144856,0.0389498864639043,11476.977114637808
1221,96.06293148102448,96.06293148102448,0.0045682997973332685,0.0,4.752825204487695,149,0.43612831851632067,0.05824513944433558,11483.326630940675
1222,96.09060186906815,96.09060186906815,0.0002880029084297464,0.0,4.752825204487695,149,0.43611987424398907,0.056160712489859356,11483.337856326621
1223,95.52859318537229,95.52859318537229,-0.005865908110537833,0.0,4.752825204487695,149,0.4360264981577359,0.034437107059405794,11476.942543890067
1224,95.69949019303404,95.69949019303404,0.0017873635518291988,0.0,4.752825204487695,149,0.4360499441145762,0.03164472363763442,11478.797379921656
1225,95.56792777229464,95.56792777229464,-0.0013756910914332343,0.0,4.752825204487695,149,0.4360100742343779,0.029183483038561366,11476.875941845074
1226,95.95865579885624,95.95865579885624,0.004080149724740403,0.0,4.752825204487695,149,0.43613103569197376,0.022952249907423714,11482.608120426234
1227,95.67017522472989,95.67017522472989,-0.0030108286995290403,0.0,4.752825204487695,149,0.4360477405377844,0.01823602971762702,11478.545704847666
1228,95.47432532821642,95.47432532821642,-0.0020492346312236207,0.0,4.752825204487695,149,0.4359792023975934,0.02699460462162318,11475.481657184115
1229,94.87901082363857,94.87901082363857,-0.006254856967544656,0.0,4.752825204487695,149,0.43593913533726913,0.03402622581351044,11467.853735564828
1230,95.19269516781966,95.19269516781966,0.0033006977796483823,0.0,4.752825204487695,149,0.43592150022060466,0.07411867524206522,11471.844436993986
1231,94.52423626381204,94.52423626381204,-0.007046937405420671,0.0,4.752825204487695,149,0.43605017187994904,0.062486423001730886,11463.691341662816
1232,94.62726855613371,94.62726855613371,0.0010894156259540916,0.0,4.752825204487695,149,0.4360143142113492,0.06371535382325788,11464.858487313888
1233,93.9362177301956,93.9362177301956,-0.007329668467444834,0.0,4.752825204487695,149,0.4361545040416101,0.04857415596341483,11454.012464819096
1234,94.93651232811887,94.93651232811887,0.010592359735487276,0.0,4.752825204487695,149,0.4358850092476912,-0.022136468521880046,11472.928022655653
1235,95.24285495115082,95.24285495115082,0.0032216206455119726,0.0,4.752825204487695,149,0.4359037024555027,0.00877015197055521,11477.742629951219
1236,95.83286789879456,95.83286789879456,0.0061757172923360484,0.0,4.752825204487695,149,0.4360282423842394,0.013509754721268273,11486.990012418739
1237,96.17829730918795,96.17829730918795,0.0035980176743594374,0.0,4.752825204487695,149,0.43612914861727725,0.050755001944147365,11492.714514628999
1238,96.44162911138311,96.44162911138311,0.0027342131330083896,0.0,4.752825204487695,149,0.4362019882158465,0.06871850528584308,11496.633444845671
1239,97.79752493757802,97.79752493757802,0.013961323677167745,0.0,4.752825204487695,149,0.4365475221566951,0.09494363507841946,11514.010931451017
1240,98.03690766919894,98.03690766919894,0.0024447473068223567,0.0,4.752825204487695,149,0.43658488408242746,0.13267550914068363,11517.267907902618
1241,98.39464161298615,98.39464161298615,0.0036423307822633405,0.0,4.752825204487695,149,0.4366774238121815,0.12732703906842183,11522.47505936731
1242,98.27932119420265,98.27932119420265,-0.0011727066496612687,0.0,4.752825204487695,149,0.43664773289812486,0.10978432394261761,11520.490822052196
1243,98.49904894460356,98.49904894460356,0.0022332519734632357,0.0,4.752825204487695,149,0.4367239031745382,0.07247667230450393,11523.163521428796
1244,98.79332667889042,98.79332667889042,0.0029831659900201994,0.0,4.752825204487695,149,0.43682239999822026,0.07990808865535497,11526.652076933116
1245,99.00396548035626,99.00396548035626,0.002129845952815084,0.0,4.752825204487695,149,0.43692807235546827,0.08384507172483723,11529.137803412134
1246,99.15586243739835,99.15586243739835,0.001533075481430907,0.0,4.752825204487695,149,0.4369621084659971,0.08622369261547767,11533.129202796268
1247,98.79962564894502,98.79962564894502,-0.0035991644026056244,0.0,4.752825204487695,149,0.4368879799751213,0.07995597780125747,11522.526833968
1248,98.48814373257697,98.48814373257697,-0.003157643032332479,0.0,4.752825204487695,149,0.4368330389573784,0.09196611864808887,11517.352877430676
1249,98.39069891586601,98.39069891586601,-0.0009898963581587872,0.0,4.752825204487695,149,0.43681257091702436,0.09692415061379318,11515.637611535372
1250,98.42895836735067,98.42895836735067,0.00038877673596915174,0.0,4.752825204487695,149,0.43682496229960316,0.09686535281304277,11516.010129612192
1251,98.53637868837782,98.53637868837782,0.0010907536654226062,0.0,4.752825204487695,149,0.43685344214481286,0.09603216439030367,11518.33467018876
1252,98.07175994389223,98.07175994389223,-0.004726351743328312,0.0,4.752825204487695,149,0.43673587660783375,0.09189395264152266,11507.692937038972
1253,98.25577119452913,98.25577119452913,0.0018745338817499422,0.0,4.752825204487695,149,0.4367661968866112,0.08565243341895494,11510.631173093356
1254,98.14508794357637,98.14508794357637,-0.0011271158706338115,0.0,4.752825204487695,149,0.43675056086132,0.07768680447571472,11508.459704315022
1255,97.78076470109322,97.78076470109322,-0.0037189952982309474,0.0,4.752825204487695,149,0.43671479869486174,0.11639977830289588,11501.087335691529
1256,98.03363888501461,98.03363888501461,0.0025827959523281358,0.0,4.752825204487695,149,0.43674141463534377,0.15852349551180941,11505.836787541832
1257,97.87698967895142,97.87698967895142,-0.0015991908207956455,0.0,4.752825204487695,149,0.4367014214673741,0.14352656937223238,11502.610421482701
1258,98.20840997274277,98.20840997274277,0.003380370083364282,0.0,4.752825204487695,149,0.43676856133455655,0.130047898038856,11508.726643414662
1259,99.15809318652747,99.15809318652747,0.00962362435448633,0.0,4.752825204487695,149,0.43709799636918684,0.1481181363058758,11523.710653792423
1260,99.33864420404765,99.33864420404765,0.0018191842313090734,0.0,4.752825204487695,149,0.43715591880583177,0.16090826639422837,11526.335483079198
1261,98.38088060647794,98.38088060647794,-0.009688179150222914,0.0,4.752825204487695,149,0.4368324911438429,0.14059090365601626,11513.463435325897
1262,97.9809046017079,97.9809046017079,-0.0040738737176130345,0.0,4.752825204487695,149,0.4367228181726331,0.16820905613436854,11507.629579822353
1263,98.37005802362431,98.37005802362431,0.003963860693635553,0.0,4.752825204487695,149,0.43689237639533995,0.14051864802207042,11511.95172776917
1264,97.29501175943744,97.29501175943744,-0.010988748101453566,0.0,4.752825204487695,149,0.437100580333857,0.09754744015261459,11472.04086653329
1265,97.03702497760372,97.03702497760372,-0.0026551147996474772,0.0,4.752825204487695,149,0.4370918520002617,0.12112614121583347,11465.7287059932
1266,97.01387849602355,97.01387849602355,-0.00023856092680433433,0.0,4.752825204487695,149,0.43708867621634695,0.09041525888892174,11465.271889939493
1267,97.06308226644957,97.06308226644957,0.0005070542251580762,0.0,4.752825204487695,149,0.43709491795472155,0.07353073801842838,11465.85448102945
1268,96.09541393388803,96.09541393388803,-0.010019506746810854,0.0,4.752825204487695,149,0.4369448517057674,0.05646465066961897,11448.694310444826
1269,96.91015920143009,96.91015920143009,0.008442762495445351,0.0,4.752825204487695,149,0.43705335975383064,-0.01402730063174229,11462.535667843413
1270,97.0545396577025,97.0545396577025,0.0014887294831244168,0.0,4.752825204487695,149,0.4370782794975926,-0.005207822184810397,11464.694420369566
1271,96.6707295799275,96.6707295799275,-0.003962421437965973,0.0,4.752825204487695,149,0.4370690617429476,-0.008893084322862494,11457.292080350557
1272,96.42133951792171,96.42133951792171,-0.0025831221535160694,0.0,4.752825204487695,149,0.43703558647688123,-0.016194642342272674,11452.637369219992
1273,96.79145267497293,96.79145267497293,0.0038311501588651074,0.0,4.752825204487695,149,0.437078307794015,-0.02069246294609737,11458.213827747073
1274,96.60030868916097,96.60030868916097,-0.0019767548183633756,0.0,4.752825204487695,149,0.4370759522378019,-0.028218046490970816,11455.796586218
1275,96.31155413723943,96.31155413723943,-0.002993644489666743,0.0,4.752825204487695,149,0.4371384768719067,-9.972887213430602e-05,11450.219198116389
1276,96.13294438917717,96.13294438917717,-0.001856221411514353,0.0,4.752825204487695,149,0.43714610317441605,-0.007473748771387485,11447.549680099337
1277,96.53828161313231,96.53828161313231,0.004207559482106174,0.0,4.752825204487695,149,0.4371344247012059,-0.014905116338814627,11453.604722452219
1278,97.03878533841376,97.03878533841376,0.005171117100500486,0.0,4.752825204487695,149,0.4371341454595477,-0.00018623934025561507,11461.078398015208
1279,97.06041850687402,97.06041850687402,0.00022290836975372245,0.0,4.752825204487695,149,0.43713801701683935,-0.0014185840524180765,11461.27977981418
1280,97.17764428955388,97.17764428955388,0.001207032187457186,0.0,4.752825204487695,149,0.4371491318258116,-0.014026117492606242,11462.77593018969
1281,97.45073447238637,97.45073447238637,0.0028062748483969734,0.0,4.752825204487695,149,0.4371522263709605,-0.012551134048456127,11466.64018630486
1282,97.22028822844901,97.22028822844901,-0.0023675465242139547,0.0,4.752825204487695,149,0.43714366432214075,-0.016985056258632072,11463.669721478576
1283,97.36019979555827,97.36019979555827,0.0014380844928752524,0.0,4.752825204487695,149,0.437147539899557,-0.012994479349711999,11465.448448846648
1284,97.25557204410065,97.25557204410065,-0.0010752238685350873,0.0,4.752825204487695,149,0.4371456379769451,-0.012292154413476275,11463.77461255938
1285,95.59217173467944,95.59217173467944,-0.017251345856457757,0.0,4.752825204487695,149,0.43737453649177493,0.00791076575665987,11434.402751610727
1286,95.05342075920652,95.05342075920652,-0.005651873747147124,0.0,4.752825204487695,149,0.43746829066936327,0.07471499507536322,11425.302910224893
1287,94.96705188321496,94.96705188321496,-0.0009090481750542323,0.0,4.752825204487695,149,0.43750421522296257,0.07418510956480376,11423.608333573988
1288,95.77847919425382,95.77847919425382,0.008508007512701823,0.0,4.752825204487695,149,0.43743257263122975,0.05939981081331349,11435.756570732172
1289,96.16450889714113,96.16450889714113,0.004022342542417993,0.0,4.752825204487695,149,0.43741584195418215,0.092234846978653,11441.430158106115
1290,96.50815096504505,96.50815096504505,0.0035671115199522973,0.0,4.752825204487695,149,0.43740325553470005,0.1130328786798009,11446.230749127408
1291,96.104191113487,96.104191113487,-0.004194543708650387,0.0,4.752825204487695,149,0.43742200759559585,0.10997661322908125,11440.672228289868
1292,96.08680706451277,96.08680706451277,-0.00018090388401588868,0.0,4.752825204487695,149,0.4374365651595745,0.11510258570231126,11440.045809853613
1293,96.49749169843533,96.49749169843533,0.0042649921005526,0.0,4.752825204487695,149,0.4374038251565709,0.16647056150497722,11446.791585393416
1294,97.27961568215912,97.27961568215912,0.00807245232955887,0.0,4.752825204487695,149,0.4373946251672447,0.17154674326562686,11459.038380231994
1295,97.62904829623128,97.62904829623128,0.0035856075488421096,0.0,4.752825204487695,149,0.4374007228479123,0.17656123941375867,11464.5087662558
1296,97.58192534283155,97.58192534283155,-0.0004827900136613713,0.0,4.752825204487695,149,0.43739952078635735,0.16583146477967126,11463.771191461896
1297,97.36748571019166,97.36748571019166,-0.0021999524693970427,0.0,4.752825204487695,149,0.4374029482419016,0.16203664739008236,11460.069135659356
1298,97.50681923314424,97.50681923314424,0.0014299837706787982,0.0,4.752825204487695,149,0.4374191298913238,0.13739925820730348,11461.545183240132
1299,97.2148738635778,97.2148738635778,-0.002998593363453809,0.0,4.752825204487695,149,0.43748093108987335,0.1265737215108317,11456.364773113926
1300,96.49764204525682,96.49764204525682,-0.007405149765133138,0.0,4.752825204487695,149,0.4376109553835091,0.13011482980644012,11444.312496788663
1301,96.73449424936439,96.73449424936439,0.0024514796272294163,0.0,4.752825204487695,149,0.4375720736194179,0.11923433777026889,11448.184950722127
1302,96.65717410059358,96.65717410059358,-0.0007996223782581784,0.0,4.752825204487695,149,0.4375846655525916,0.11989254012773726,11446.920792276265
1303,96.72324364072091,96.72324364072091,0.0006833116141722875,0.0,4.752825204487695,149,0.43757390561133597,0.11387577941842347,11448.001007052024
1304,96.35478460254669,96.35478460254669,-0.0038166899549253223,0.0,4.752825204487695,149,0.43763493472487114,0.10490735513871556,11441.976825613337
1305,96.63579285430417,96.63579285430417,0.00291214684212731,0.0,4.752825204487695,149,0.4375881481972494,0.09267958799632851,11446.57121608546
1306,96.90023400235083,96.90023400235083,0.0027327347461720774,0.0,4.752825204487695,149,0.4375452273030695,0.10433944517480565,11450.894739979953
1307,98.31833002666306,98.31833002666306,0.014528546252025322,0.0,4.752825204487695,149,0.4373757697110951,0.11326823422014602,11474.080133369323
1308,98.93407675463429,98.93407675463429,0.0062432569323610755,0.0,4.752825204487695,149,0.4373965143310722,0.1665486783942951,11484.147385425229
1309,98.45734612419757,98.45734612419757,-0.004830316843611812,0.0,4.752825204487695,149,0.43737934730056155,0.14590648280218513,11476.352043333924
1310,98.82313023302869,98.82313023302869,0.0037082689047715223,0.0,4.752825204487695,149,0.43739167409171936,0.13363310707978826,11482.3297570583
1311,98.73824167820769,98.73824167820769,-0.0008593639457350317,0.0,4.752825204487695,149,0.43738828097713645,0.1346625953172365,11480.942492092587
1312,99.40819039012973,99.40819039012973,0.006762183480461953,0.0,4.752825204487695,149,0.43742292495544205,0.1343058222743945,11491.890921817108
1313,99.90355341252865,99.90355341252865,0.00497074615788344,0.0,4.752825204487695,149,0.43747651038965835,0.15249410038029282,11499.986238879965
1314,99.67694885473131,99.67694885473131,-0.0022708095490128538,0.0,4.752825204487695,149,0.43744641293322734,0.1417401279803985,11496.28302394403
1315,99.38912744380862,99.38912744380862,-0.0028917193410246517,0.0,4.752825204487695,149,0.43742169397609926,0.15245527388353233,11491.579391509751
1316,99.47918849160584,99.47918849160584,0.0009057355721090782,0.0,4.752825204487695,149,0.43742814077464676,0.1542830609639004,11493.051186342964
1317,99.21038918936505,99.21038918936505,-0.002705722860420152,0.0,4.752825204487695,149,0.4374112005055577,0.15605987982719743,11488.65841683955
1318,100.06517797884597,100.06517797884597,0.00857901492180121,0.0,4.752825204487695,149,0.43749835266582704,0.12028227826367588,11502.62753839229
1319,100.19949017118535,100.19949017118535,0.0013413470655419943,0.0,4.752825204487695,149,0.43750157169490683,0.12233775740406357,11502.49893974163
1320,99.7639689102886,99.7639689102886,-0.004356015359609764,0.0,4.752825204487695,149,0.4374382082171541,0.1281199572660195,11492.571306666221
1321,99.57178733761289,99.57178733761289,-0.0019282203638518163,0.0,4.752825204487695,149,0.4375196558181532,0.11445138390017844,11480.398345232488
1322,100.04093679112114,100.04093679112114,0.004700605328684344,0.0,4.752825204487695,149,0.43771373306195593,0.11845611905682643,11488.11672133631
1323,99.84816322487171,99.84816322487171,-0.0019288057827915117,0.0,4.752825204487695,149,0.43763152926630694,0.13934761553563432,11484.637654179523
1324,98.97515371007226,98.97515371007226,-0.008781818338170985,0.0,4.752825204487695,149,0.4372627190541178,0.13460492902626814,11472.95056349841
1325,99.41873557501894,99.41873557501894,0.004471736561200913,0.0,4.752825204487695,149,0.43744733911772804,0.10789965296574583,11478.887372916644
1326,100.11889941982263,100.11889941982263,0.0070178913211549265,0.0,4.752825204487695,149,0.43775367529169845,0.12203687654154133,11488.258223342726
1327,100.18589377712999,100.18589377712999,0.0006689241803574053,0.0,4.752825204487695,149,0.43778389585942185,0.12248875244962215,11489.154862188587
1328,99.96154113489447,99.96154113489447,-0.0022418747090166805,0.0,4.752825204487695,149,0.4376827313292726,0.1873341394731694,11486.152172077283
1329,100.16381039354651,100.16381039354651,0.0020214263308738125,0.0,4.752825204487695,149,0.4377739341294422,0.18717454181469279,11488.859302676341
1330,100.28723743891253,100.28723743891253,0.001231493297735769,0.0,4.752825204487695,149,0.43782972577409285,0.19094525140898763,11490.511225135979
1331,100.18791535703026,100.18791535703026,-0.0009908668343522843,0.0,4.752825204487695,149,0.43778480918782603,0.1822855945232367,11489.181918602611
1332,99.39619216959885,99.39619216959885,-0.007933771382288133,0.0,4.752825204487695,149,0.4374378294337919,0.19084155095966765,11478.585656565747
1333,99.58206792038031,99.58206792038031,0.0018683026453730756,0.0,4.752825204487695,149,0.43751636318672477,0.18980635282566674,11481.073379791294
1334,98.54856562899464,98.54856562899464,-0.010432628682374934,0.0,4.752825204487695,149,0.437092966906052,0.16153635451855144,11467.241195425502
1335,97.97256234552617,97.97256234552617,-0.005862015334924615,0.0,4.752825204487695,149,0.43688317164607315,0.19636372984910072,11459.532084687535
1336,97.4054016001171,97.4054016001171,-0.005805796386393635,0.0,4.752825204487695,149,0.43679022794225075,0.2206823214371498,11451.941320679629
1337,97.38265564981135,97.38265564981135,-0.00023354563652691677,0.0,4.752825204487695,149,0.4367897226905382,0.21185632540732635,11451.636893509194
1338,97.08190966889435,97.08190966889435,-0.00309306963143449,0.0,4.752825204487695,149,0.43678591455300414,0.21405130644553078,11447.611770497868
1339,96.99874017347706,96.99874017347706,-0.0008570612328007697,0.0,4.752825204487695,149,0.43678674278929197,0.2154680108705469,11446.49864689494
1340,96.86915460258597,96.86915460258597,-0.0013368442499453737,0.0,4.752825204487695,149,0.43679084660276046,0.21388377865286864,11444.76429998284
1341,96.71014277620041,96.71014277620041,-0.0016428602056414625,0.0,4.752825204487695,149,0.43679676932633515,0.22013470972035298,11442.636118055003
1342,95.95465238953338,95.95465238953338,-0.007842577137978668,0.0,4.752825204487695,149,0.43685807663391396,0.22219111159663116,11431.007550588145
1343,96.59496368826329,96.59496368826329,0.006650895203918199,0.0,4.752825204487695,149,0.43691287675171486,0.18608996141089176,11436.102160896471
1344,95.87193124792721,95.87193124792721,-0.007513352796240926,0.0,4.752825204487695,149,0.4373841391319837,0.14331603886726113,11403.475446337428
1345,95.82506081125005,95.82506081125005,-0.0004890054570775811,0.0,4.752825204487695,149,0.4373824831852787,0.1054703599909365,11402.908668932409
1346,96.66432063441385,96.66432063441385,0.008720118844963577,0.0,4.752825204487695,149,0.43743893997725125,0.09477571282500542,11413.196056643881
1347,96.88469025036781,96.88469025036781,0.0022771463431598415,0.0,4.752825204487695,149,0.43749347445275305,0.11285731427574654,11415.897279336277
1348,97.66616697269703,97.66616697269703,0.008033692953462313,0.0,4.752825204487695,149,0.43769428666556676,0.10306379726213057,11425.476379643722
1349,97.89994219493879,97.89994219493879,0.002390755070866001,0.0,4.752825204487695,149,0.43775631955925265,0.1062876536337541,11428.341924117743
1350,97.42566825600001,97.42566825600001,-0.004856248700990283,0.0,4.752825204487695,149,0.4376316859462075,0.10797135860162718,11422.52842065118
1351,98.19749473207605,98.19749473207605,0.00789099275643044,0.0,4.752825204487695,149,0.4378389271688428,0.07806209505600778,11431.989231220477
1352,98.69527937295655,98.69527937295655,0.005056414119083849,0.0,4.752825204487695,149,0.4380064989881033,0.10153116841549868,11438.09092161029
1353,99.03340769235102,99.03340769235102,0.0034201273877972776,0.0,4.752825204487695,149,0.43812270530174496,0.09175281856889957,11442.23559412032
1354,98.15360769954836,98.15360769954836,-0.008923567601616788,0.0,4.752825204487695,149,0.43782644346891414,0.054882503287836414,11431.451277530026
1355,98.48857609486728,98.48857609486728,0.0034068856727467807,0.0,4.752825204487695,149,0.43793610933157673,0.037319997588608184,11435.557216666664
1356,99.63413509057594,99.63413509057594,0.011564264948106938,0.0,4.752825204487695,149,0.4383378715140952,0.05535186650725811,11449.599125036346
1357,99.83149572798489,99.83149572798489,0.0019788943188332278,0.0,4.752825204487695,149,0.438411012609387,0.06796655284265153,11452.018310775937
1358,99.3432115222534,99.3432115222534,-0.004903084238735321,0.0,4.752825204487695,149,0.4382315414498863,0.06420602828857702,11446.033073786022
1359,98.8223719761229,98.8223719761229,-0.005256621621757552,0.0,4.752825204487695,149,0.43805002461061104,0.0657266625776775,11439.648783488039
1360,98.36154800811728,98.36154800811728,-0.004674060714530504,0.0,4.752825204487695,149,0.4378935429012438,0.09298474076669314,11434.00014561122
1361,98.61612931852339,98.61612931852339,0.0025848761708615283,0.0,4.752825204487695,149,0.437979515796999,0.0876769386182413,11437.120724688117
1362,99.32910881981817,99.32910881981817,0.0072038366909207355,0.0,4.752825204487695,149,0.43822648760236094,0.09453806090692819,11445.860207215115
1363,98.90293241525087,98.90293241525087,-0.004299779778398902,0.0,4.752825204487695,149,0.43807775965555207,0.07585108195525493,11440.636268470213
1364,99.05554823349657,99.05554823349657,0.0015418975532837898,0.0,4.752825204487695,149,0.43813034392015826,0.07945552460089957,11442.506986035696
1365,99.10267904445112,99.10267904445112,0.00047568867052064274,0.0,4.752825204487695,149,0.43814660312376186,0.07642548021836058,11443.08470096028
1366,99.6179952661568,99.6179952661568,0.005186348914962354,0.0,4.752825204487695,149,0.4383318318351072,0.05760150238099916,11448.727190831136
1367,99.17338679380626,99.17338679380626,-0.00447312362421875,0.0,4.752825204487695,149,0.4382144569238866,-0.006368921304932497,11439.324401377542
1368,98.64902720865399,98.64902720865399,-0.005301328626988132,0.0,4.752825204487695,149,0.4384278800985676,0.02889639797064236,11411.48776943175
1369,99.05974949692563,99.05974949692563,0.004154826972878499,0.0,4.752825204487695,149,0.4385824376534956,0.026263347148384072,11416.426590569292
1370,99.72300056751722,99.72300056751722,0.006673149774215436,0.0,4.752825204487695,149,0.4383426572377709,0.04480426851451987,11440.434584833327
1371,99.74055490459617,99.74055490459617,0.00017601548395872768,0.0,4.752825204487695,149,0.4383642761087674,0.04920647397101861,11440.430815865282
1372,99.39580625899796,99.39580625899796,-0.0034624413944491987,0.0,4.752825204487695,149,0.4383799621831068,0.028568086336982518,11430.543640934831
1373,98.92921285500105,98.92921285500105,-0.004705349501117888,0.0,4.752825204487695,149,0.4384147206413604,0.046118235060714524,11417.16437131951
1374,98.66418036674914,98.66418036674914,-0.0026826063652232992,0.0,4.752825204487695,149,0.4384407448538027,0.049749654387100016,11409.565774063496
1375,98.783152730623,98.783152730623,0.0012051049401979896,0.0,4.752825204487695,149,0.4384285182524218,0.04951957828263346,11412.976021644808
1376,98.53540007583528,98.53540007583528,-0.0025111960478132016,0.0,4.752825204487695,149,0.438455067350848,0.04909084662944482,11405.874276437462
1377,98.26045862635702,98.26045862635702,-0.002794181037893487,0.0,4.752825204487695,149,0.4384921347182738,0.06740597934903128,11397.99317371908
1378,98.44166090085973,98.44166090085973,0.001842403388383185,0.0,4.752825204487695,149,0.43846708587467564,0.05751042565310907,11403.18727501181
1379,98.41991323278795,98.41991323278795,-0.00022094375965405041,0.0,4.752825204487695,149,0.4384700455963783,0.06219553691791178,11402.5638855364
1380,98.94133130560341,98.94133130560341,0.005283907559324011,0.0,4.752825204487695,149,0.43841368918704426,0.05686687138780627,11417.510156456541
1381,98.19158578808553,98.19158578808553,-0.007606534145093166,0.0,4.752825204487695,149,0.43850196701114136,0.03410056276745784,11396.018957339722
1382,98.11700836698363,98.11700836698363,-0.0007597978581696745,0.0,4.752825204487695,149,0.43851667572534336,0.042533027636439624,11393.881221042444
1383,97.69672941882337,97.69672941882337,-0.0042926466577812164,0.0,4.752825204487695,149,0.43860817252688883,0.034683954504372574,11381.834068577402
1384,97.69437055450908,97.69437055450908,-2.414505384048583e-05,0.0,4.752825204487695,149,0.43860872442115234,0.06303327740092086,11381.766452537715
1385,97.73536419639979,97.73536419639979,0.0004195230837743199,0.0,4.752825204487695,149,0.4385991354162946,0.03988835286967847,11382.941521277455
1386,97.60137130159657,97.60137130159657,-0.0013719172226147366,0.0,4.752825204487695,149,0.43863067553931223,0.03498717564266574,11379.100660725213
1387,97.57456308335874,97.57456308335874,-0.0002747082368622567,0.0,4.752825204487695,149,0.4386370790737851,0.03636114737901434,11378.332212308178
1388,97.74026828139289,97.74026828139289,0.0016968013809661804,0.0,4.752825204487695,149,0.4385979896885733,0.0398253996162341,11383.082095198353
1389,98.33907081043117,98.33907081043117,0.006107776508577151,0.0,4.752825204487695,149,0.4384811590571036,0.045756770615426816,11400.246565118521
1390,98.80624032943854,98.80624032943854,0.004739350794069903,0.0,4.752825204487695,149,0.43842626716756317,0.06824762148791863,11413.637819777217
1391,99.47887676734632,99.47887676734632,0.00678456384314444,0.0,4.752825204487695,149,0.4383832241872148,0.08502539908770511,11432.664758144127
1392,99.051372964879,99.051372964879,-0.004306693451583998,0.0,4.752825204487695,149,0.4384316291480714,0.07809292737569783,11419.990682796184
1393,98.88293909140688,98.88293909140688,-0.0017019172914320604,0.0,4.752825204487695,149,0.4385286172021783,0.09717809225032027,11412.75240720102
1394,99.22027042537482,99.22027042537482,0.003405615293437132,0.0,4.752825204487695,149,0.4386000304392865,0.05326583955443457,11418.424162854808
1395,99.31321427809421,99.31321427809421,0.0009363041166406909,0.0,4.752825204487695,149,0.4386546529681068,0.028776819142648825,11418.827220851394
1396,99.43269337245003,99.43269337245003,0.0012023302533517941,0.0,4.752825204487695,149,0.43871915958990304,0.027356189182698307,11420.11922683592
1397,99.65891699690877,99.65891699690877,0.0022725590636440206,0.0,4.752825204487695,149,0.4387610959790723,0.026899065068027864,11425.19717951586
1398,98.67265932617035,98.67265932617035,-0.00994562559011483,0.0,4.752825204487695,149,0.43870277952053993,0.008083340224930657,11400.478184658721
1399,97.64788472112937,97.64788472112937,-0.010439904979384329,0.0,4.752825204487695,149,0.43872564855822394,0.08026456366317011,11374.793823519336
1400,97.18552405654745,97.18552405654745,-0.004746224330161848,0.0,4.536456093505969,124,0.5564569011239476,0.11160589485998368,9007.050045727474
1401,96.63756793167664,96.63756793167664,-0.005654203315985182,0.0,4.536456093505969,124,0.55635065389989,0.11900300587334106,9001.73519519838
1402,96.40943983324154,96.40943983324154,-0.002363447196283926,0.0,4.536456093505969,124,0.5563614297889516,0.16771521679529747,8999.522487483953
1403,96.46867040056547,96.46867040056547,0.0006141761666371597,0.0,4.536456093505969,124,0.5563579114507499,0.2067253383932904,9000.096988977397
1404,97.02278007856276,97.02278007856276,0.005727500531807697,0.0,4.536456093505969,124,0.5564249585595918,0.2093685648567566,9005.471525334618
1405,97.69017623034681,97.69017623034681,0.0068552065364338366,0.0,4.536456093505969,124,0.5565567719355536,0.2332103125910581,9011.94487352698
1406,97.85027106408702,97.85027106408702,0.001637460399900823,0.0,4.536456093505969,124,0.5565894297516173,0.2384033793977196,9013.497698786503
1407,98.38067997376203,98.38067997376203,0.005405979012163965,0.0,4.536456093505969,124,0.5567375649419781,0.2286852547364689,9018.642351699886
1408,98.03191874782044,98.03191874782044,-0.0035513159008645355,0.0,4.536456093505969,124,0.556633173818814,0.2086843190810536,9015.259573951647
1409,98.54736867442917,98.54736867442917,0.0052442056808675785,0.0,4.536456093505969,124,0.5567939341793331,0.20009025629486527,9020.25913357114
1410,98.64898966309381,98.64898966309381,0.0010306579545078171,0.0,4.536456093505969,124,0.5568284006175169,0.23593440362317314,9021.24479709575
1411,98.44856403196732,98.44856403196732,-0.0020337715659363145,0.0,4.536456093505969,124,0.5567604728900962,0.21430986486924125,9019.300786940034
1412,98.8440282572015,98.8440282572015,0.004008916404660607,0.0,4.536456093505969,124,0.5568948423793753,0.19622882808086353,9023.13655617652
1413,98.87373445487017,98.87373445487017,0.0003004909370277778,0.0,4.536456093505969,124,0.5569049603645423,0.22289007373464573,9023.42468873537
1414,99.12224745190649,99.12224745190649,0.002510284553696575,0.0,4.536456093505969,124,0.5569896454889206,0.2619884883441563,9025.835117917262
1415,98.7595552133653,98.7595552133653,-0.0036657503600891817,0.0,4.536456093505969,124,0.5568660671747397,0.22169216330421532,9022.317217581056
1416,98.33144579227032,98.33144579227032,-0.0043442885998234496,0.0,4.536456093505969,124,0.5567209584348677,0.23683123151882202,9018.164809240418
1417,98.42189243389068,98.42189243389068,0.0009193912419158436,0.0,4.536456093505969,124,0.5567514727725261,0.24281224937462548,9019.042088203554
1418,97.67182513135823,97.67182513135823,-0.007650127397738871,0.0,4.536456093505969,124,0.5565531353011509,0.20738378238741279,9011.766878713632
1419,97.44473172799287,97.44473172799287,-0.0023277727893864135,0.0,4.536456093505969,124,0.556508206853371,0.2047005760989686,9009.564206929801
1420,97.17708541723081,97.17708541723081,-0.0027504262719688327,0.0,4.536456093505969,124,0.5564552303580741,0.22361405442246898,9006.968195913958
1421,96.42559929392145,96.42559929392145,-0.007763217732361144,0.0,4.536456093505969,124,0.5563603368181865,0.21140430174365038,8999.679224701125
1422,96.13893042600934,96.13893042600934,-0.0029773819726919256,0.0,4.536456093505969,124,0.5563808127575491,0.2664980304173801,8996.898706124648
1423,96.12755950199988,96.12755950199988,-0.00011828295223961187,0.0,4.536456093505969,124,0.5563816457637459,0.27633345611371835,8996.788414882805
1424,96.25045274355378,96.25045274355378,0.00127762270579852,0.0,4.536456093505969,124,0.5563727105120123,0.2753652136344353,8997.980406686982
1425,96.66027567638271,96.66027567638271,0.004248841448249993,0.0,4.536456093505969,124,0.5563549588038007,0.2730321901337434,9001.95544690009
1426,97.27487152381853,97.27487152381853,0.006338179683218923,0.0,4.536456093505969,124,0.556474589162936,0.3189007600496513,9007.916663349117
1427,97.6408533216443,97.6408533216443,0.0037552868370257352,0.0,4.536456093505969,124,0.5565470067469186,0.3251677805978826,9011.466470466012
1428,97.30007474042613,97.30007474042613,-0.003496227618637672,0.0,4.536456093505969,124,0.5564795780060092,0.33820480612295617,9008.161119653265
1429,96.65541484941488,96.65541484941488,-0.006647527907694639,0.0,4.536456093505969,124,0.5563540373124369,0.3217640645562399,9001.908299751607
1430,96.69016927391704,96.69016927391704,0.0003595057527075079,0.0,4.536456093505969,124,0.5563607229943667,0.3278455124967798,9002.24539712687
1431,95.97229817970174,95.97229817970174,-0.007452145982730302,0.0,4.536456093505969,124,0.5563932465184404,0.31050731099097867,8995.282471827311
1432,96.11840419320383,96.11840419320383,0.0015212192976824907,0.0,4.536456093505969,124,0.5563845741563483,0.28712097053217905,8996.64857605268
1433,96.42291610651246,96.42291610651246,0.0031630838172699736,0.0,4.536456093505969,124,0.5563541575319949,0.2865267096657605,8998.758332398109
1434,95.90854400693534,95.90854400693534,-0.005348821514871197,0.0,4.536456093505969,124,0.5562578698703612,0.2690450063424256,8985.060106886423
1435,95.51828764738077,95.51828764738077,-0.004077347954222202,0.0,4.536456093505969,124,0.5562837843043672,0.28548172584386067,8981.288901352385
1436,95.74750884062102,95.74750884062102,0.0023968875480106463,0.0,4.536456093505969,124,0.556250606987622,0.2708964108632311,8984.067011399247
1437,95.23692581403915,95.23692581403915,-0.0053468676012865,0.0,4.536456093505969,124,0.556324564616051,0.25902769828657657,8977.878858306365
1438,95.03105849806653,95.03105849806653,-0.002163973062024514,0.0,4.536456093505969,124,0.5563545064211136,0.26591975381289357,8975.383792074752
1439,94.99350033743717,94.99350033743717,-0.00039529796936344056,0.0,4.536456093505969,124,0.5563601061221373,0.26377113911546446,8974.928595494055
1440,95.07949981450072,95.07949981450072,0.0009049100383882728,0.0,4.536456093505969,124,0.5563474496876907,0.30910189787708364,8975.970890091156
1441,94.85084164692351,94.85084164692351,-0.002407812004015487,0.0,4.536456093505969,124,0.5563813954227282,0.3185964792938976,8973.199603790514
1442,94.19960631173086,94.19960631173086,-0.00688956750107278,0.0,4.536456093505969,124,0.5564798333754688,0.31748832329556015,8965.306775897969
1443,94.30337359944798,94.30337359944798,0.001100961886624041,0.0,4.536456093505969,124,0.5564639384426926,0.3122888128122905,8966.564412421307
1444,94.40096668307982,94.40096668307982,0.0010343492066666455,0.0,4.536456093505969,124,0.5564489933343494,0.31364703471622757,8967.74721895987
1445,94.97129395154226,94.97129395154226,0.006023363621290551,0.0,4.536456093505969,124,0.5563634194956287,0.3120814812091113,8974.659459019862
1446,95.65854283057614,95.65854283057614,0.007210328331297046,0.0,4.536456093505969,124,0.5562634712586453,0.3391323840935636,8982.988763080053
1447,95.80737667849957,95.80737667849957,0.001554677493341145,0.0,4.536456093505969,124,0.5562419519802642,0.35001709777595763,8984.792596322452
1448,95.13653627028191,95.13653627028191,-0.007026599151318666,0.0,4.536456093505969,124,0.5563391571546984,0.3171868266538322,8976.662159291018
1449,94.91030762644819,94.91030762644819,-0.0023807682995573842,0.0,4.536456093505969,124,0.5563725201740459,0.3086681832477277,8973.920318279557
1450,95.2576439963433,95.2576439963433,0.0036529473359711425,0.0,4.536456093505969,124,0.5563215571163383,0.2715702564631144,8978.12995808295
1451,95.32428212696273,95.32428212696273,0.0006993122033201242,0.0,4.536456093505969,124,0.5563118973040984,0.31321488527692276,8978.937597453296
1452,95.26035534906946,95.26035534906946,-0.0006708492472146573,0.0,4.536456093505969,124,0.5563211640468118,0.31351029795434965,8978.162819076924
1453,94.93162680675617,94.93162680675617,-0.003456811017303465,0.0,4.536456093505969,124,0.556369338651014,0.3154025469595294,8974.178702018718
1454,94.7405644241229,94.7405644241229,-0.0020146595662535877,0.0,4.536456093505969,124,0.5563978579818062,0.31670029954313467,8971.863068297127
1455,94.75169034043002,94.75169034043002,0.00011742871848489342,0.0,4.536456093505969,124,0.5563961968447003,0.3132264060940671,8971.997911936305
1456,94.13267335226458,94.13267335226458,-0.006554478011877778,0.0,4.536456093505969,124,0.5564995045006277,0.29488194094983233,8964.200971176295
1457,94.34836468307999,94.34836468307999,0.0022887334155028607,0.0,4.536456093505969,124,0.5564711458590678,0.30429057272323623,8965.546557170574
1458,93.46247191521739,93.46247191521739,-0.00943395337810442,0.0,4.536456093505969,124,0.5564897281477925,0.2059265516166468,8943.669626028443
1459,93.48504992182085,93.48504992182085,0.000241543792518495,0.0,4.536456093505969,124,0.5564934569369343,0.17695058195481456,8943.672817292652
1460,93.66660714891051,93.66660714891051,0.0019402156185676241,0.0,4.536456093505969,124,0.556481562342753,0.16084162154384177,8946.04530412329
1461,93.12377080229246,93.12377080229246,-0.005812268070410083,0.0,4.536456093505969,124,0.5565178766552862,0.1390804988124451,8938.951826743256
1462,92.3397381156773,92.3397381156773,-0.008454896186850726,0.0,4.536456093505969,124,0.5565779718901611,0.1712495816528708,8928.706532443488
1463,92.73182808334809,92.73182808334809,0.00423717767504339,0.0,4.536456093505969,124,0.5565457659261039,0.12577005284042767,8933.830141674778
1464,92.77986976965548,92.77986976965548,0.0005179370135399773,0.0,4.536456093505969,124,0.5565422376244616,0.08975198697336656,8934.457923173277
1465,92.86586541350061,92.86586541350061,0.0009264489691744754,0.0,4.536456093505969,124,0.5565360158564236,0.07787795313956614,8935.581665454349
1466,92.91396438692234,92.91396438692234,0.0005178062069289874,0.0,4.536456093505969,124,0.5565325578281657,0.06504210982566404,8936.210195548354
1467,93.54672136397897,93.54672136397897,0.006787054369722122,0.0,4.536456093505969,124,0.5564894158680707,0.09062194668765522,8944.478704707284
1468,93.13692690089763,93.13692690089763,-0.004390262619163704,0.0,4.536456093505969,124,0.5565169611971432,0.07985541122200991,8939.123743175245
1469,93.08611037415486,93.08611037415486,-0.0005457598452660767,0.0,4.536456093505969,124,0.5565204974251602,0.06943720390425752,8938.45970163634
1470,93.63537499935055,93.63537499935055,0.005883267352940563,0.0,4.536456093505969,124,0.5564836080457769,0.07139977084668335,8945.637180113516
1471,93.55021070719046,93.55021070719046,-0.0009099450442721185,0.0,4.536456093505969,124,0.5564891872479285,0.0767862340402938,8944.524301464568
1472,93.85682051904803,93.85682051904803,0.0032721300094207197,0.0,4.536456093505969,124,0.5564691115505542,0.07153048115588767,8948.530904519905
1473,93.71665649142852,93.71665649142852,-0.0014944975797402153,0.0,4.536456093505969,124,0.556478284504447,0.06510417453905538,8946.699320534035
1474,94.44434997966752,94.44434997966752,0.007734834436740122,0.0,4.536456093505969,124,0.5564310368009976,0.06531537025457457,8956.208406155478
1475,94.56416986298974,94.56416986298974,0.0012678782890103806,0.0,4.536456093505969,124,0.5564234063586435,0.07207554981005902,8957.774144406647
1476,94.81697174512936,94.81697174512936,0.0026697698635707156,0.0,4.536456093505969,124,0.5564077124160501,0.08374437564690479,8961.077615966278
1477,94.91493982869872,94.91493982869872,0.0010327002080290644,0.0,4.536456093505969,124,0.5564016575233026,0.0985886958665251,8962.357807296676
1478,94.90408881703856,94.90408881703856,-0.00011433007269506711,0.0,4.536456093505969,124,0.5564023261593637,0.09133615445789033,8962.21601243301
1479,94.9487065264021,94.9487065264021,0.0004700242638435681,0.0,4.536456093505969,124,0.5563995769649394,0.08764239071311475,8962.799051343523
1480,94.39227301185826,94.39227301185826,-0.005877598370799246,0.0,4.536456093505969,124,0.5564343732539837,0.06533365323894363,8955.527893887873
1481,94.07655410323054,94.07655410323054,-0.003350359937893505,0.0,4.536456093505969,124,0.5564547749542416,0.06487077305112622,8951.402258324311
1482,93.93012163277662,93.93012163277662,-0.0015577372398195624,0.0,4.536456093505969,124,0.5564643279706027,0.06926526994668827,8949.488761884108
1483,94.17946421716684,94.17946421716684,0.0026510369399322786,0.0,4.536456093505969,124,0.5564480637090627,0.06478067729253774,8952.747029303508
1484,93.41333625322295,93.41333625322295,-0.008168034396675617,0.0,4.536456093505969,124,0.5564981569463251,0.03155381412435337,8942.735703760725
1485,93.75992966446826,93.75992966446826,0.003703454183906394,0.0,4.536456093505969,124,0.5564754508382214,-0.029127402649102775,8947.26478980674
1486,93.71615003398182,93.71615003398182,-0.0004670423165734368,0.0,4.536456093505969,124,0.5564783176710265,-0.060254598018285026,8946.692702435479
1487,93.64553576433372,93.64553576433372,-0.000753774953408148,0.0,4.536456093505969,124,0.5564829424960877,-0.04896262566881109,8945.769955225242
1488,92.67501357352819,92.67501357352819,-0.010417862892248221,0.0,4.536456093505969,124,0.5565503503294045,-0.05902183656605553,8933.08772189619
1489,92.26663619186671,92.26663619186671,-0.0044162907156487016,0.0,4.536456093505969,124,0.5565840573953388,-0.021349124209798186,8927.751277980115
1490,91.74510031812835,91.74510031812835,-0.005668521803385835,0.0,4.536456093505969,124,0.5566513861229341,0.002998182526336974,8920.651103561624
1491,91.41065565913141,91.41065565913141,-0.0036520286127887914,0.0,4.536456093505969,124,0.556674848261153,0.030556579677858343,8916.297686274622
1492,90.71149214948493,90.71149214948493,-0.00767800020804582,0.0,4.536456093505969,124,0.5569454943779504,0.03790862403021682,8898.544289911615
1493,91.102185157383,91.102185157383,0.0042977361774338965,0.0,4.536456093505969,124,0.556869412284386,0.021872023785941247,8902.22162721217
1494,91.38666806559218,91.38666806559218,0.0031178138679056086,0.0,4.536456093505969,124,0.5567572742130674,0.02782972252439507,8907.494699469851
1495,90.90929440549664,90.90929440549664,-0.005237359564283222,0.0,4.536456093505969,124,0.5569345388463703,0.02135216233536116,8899.309163773201
1496,91.31304068698194,91.31304068698194,0.00443136613277974,0.0,4.536456093505969,124,0.5567808956918074,0.013297381286916894,8906.232209336347
1497,91.86486060769639,91.86486060769639,0.0060249799357468764,0.0,4.536456093505969,124,0.5566067793611121,0.03761396274466351,8915.694276552678
1498,92.14884390755753,92.14884390755753,0.003086547559737285,0.0,4.536456093505969,124,0.5565208609786624,0.05856472639657901,8920.563743874776
1499,91.72629498440465,91.72629498440465,-0.004596050009962869,0.0,4.536456093505969,124,0.5566503037806709,0.044975158971615976,8913.318289038923
1500,92.21097735110325,92.21097735110325,0.005270095422612754,0.0,4.536456093505969,124,0.5565034290191706,0.026517151484027293,8921.629147273861
1501,92.25218694389702,92.25218694389702,0.0004468056659099479,0.0,4.536456093505969,124,0.5564918696842903,0.02078316480851248,8922.335768985646
1502,91.72074286845488,91.72074286845488,-0.005777432084459673,0.0,4.536456093505969,124,0.556652048334641,0.025324511557565925,8913.223086795695
1503,91.76527989359252,91.76527989359252,0.00048545415440232764,0.0,4.536456093505969,124,0.5566380552159687,0.019227222203207793,8913.986764056426
1504,91.67904969528203,91.67904969528203,-0.0009401239586400799,0.0,4.536456093505969,124,0.5566651501147344,0.010511846713968823,8912.50817312148
1505,92.03666400232183,92.03666400232183,0.003893131964850766,0.0,4.536456093505969,124,0.5565534004712668,-0.03456828308974264,8918.640192796216
1506,92.01665715671146,92.01665715671146,-0.00021740271311794642,0.0,4.536456093505969,124,0.5565596018178244,-0.05095795648592949,8918.297135014418
1507,92.3163686838429,92.3163686838429,0.003251851260770302,0.0,4.536456093505969,124,0.556473931311346,-0.03644629796677856,8923.436294564068
1508,92.18786613149611,92.18786613149611,-0.0013929498502112227,0.0,4.536456093505969,124,0.5565099125424464,-0.05191767253634106,8921.232858729058
1509,92.03732043048103,92.03732043048103,-0.0016343664765439225,0.0,4.536456093505969,124,0.5565531970120678,-0.04383694736499575,8918.65144858299
1510,91.83546290808832,91.83546290808832,-0.002195622427852238,0.0,4.536456093505969,124,0.5566160092316419,-0.047970829148982576,8915.190193609575
1511,91.92692719987882,91.92692719987882,0.0009954626655625904,0.0,4.536456093505969,124,0.5565874204951868,-0.050265564320490924,8916.7585336501
1512,91.54987487203303,91.54987487203303,-0.004110087535617794,0.0,4.536456093505969,124,0.5567057557223086,-0.05498103543215994,8910.293209843863
1513,91.46579183639331,91.46579183639331,-0.0009188616807288681,0.0,4.536456093505969,124,0.5567321977492967,-0.05829235569459987,8908.851436350173
1514,91.02855200104679,91.02855200104679,-0.004791827108677769,0.0,4.536456093505969,124,0.5568753547810676,-0.05531322630744826,8901.354076149131
1515,91.20692602183817,91.20692602183817,0.001957621860370845,0.0,4.536456093505969,124,0.5568160793807082,-0.06089367226561711,8904.412659050942
1516,91.6840706408415,91.6840706408415,0.005217815094838812,0.0,4.536456093505969,124,0.5566635722073491,-0.031472212891890616,8912.594267375402
1517,91.60367927142858,91.60367927142858,-0.0008772149214177396,0.0,4.536456093505969,124,0.5566888400639424,-0.0107496429968003,8911.215794956332
1518,91.68997908492982,91.68997908492982,0.0009416563633688018,0.0,4.536456093505969,124,0.5566617154292948,-0.007008627694166081,8912.695579584348
1519,91.12800279934545,91.12800279934545,-0.0061479516390053396,0.0,4.536456093505969,124,0.5568422903121322,-0.015514258132194297,8903.059360976475
1520,90.75958850424261,90.75958850424261,-0.004051016303985669,0.0,4.536456093505969,124,0.5570160405115983,0.017409147450859336,8896.742153690433
1521,90.24261598828687,90.24261598828687,-0.005712349450982283,0.0,4.536456093505969,124,0.557302788091468,-0.0055790900268066785,8887.877615620411
1522,89.96772834676699,89.96772834676699,-0.0030507444590195053,0.0,4.536456093505969,124,0.5574560522716128,0.046166114000242765,8883.164111733797
1523,89.84693273438182,89.84693273438182,-0.001343557080718652,0.0,4.536456093505969,124,0.5575234553031483,0.044478632102960144,8881.092826952437
1524,89.81166592273146,89.81166592273146,-0.00039259809847060295,0.0,4.536456093505969,124,0.5575713156770272,0.042773691578765864,8879.098561938536
1525,89.54292650672487,89.54292650672487,-0.002996740852667402,0.0,4.536456093505969,124,0.5576430581724579,0.04041441869429284,8873.734381460525
1526,89.13375109723995,89.13375109723995,-0.004580073127022227,0.0,4.536456093505969,124,0.5579057411283608,0.04028300611765661,8865.381647136897
1527,89.97172051385914,89.97172051385914,0.009357341497663858,0.0,4.536456093505969,124,0.5577210910073671,0.027366573715478973,8878.307903896266
1528,91.03159118908209,91.03159118908209,0.011711197754916898,0.0,4.536456093505969,124,0.5576270925157922,0.13152925115274464,8892.96794686761
1529,91.42350464116012,91.42350464116012,0.00429600557930591,0.0,4.536456093505969,124,0.5576537872124986,0.178863764611386,8898.38886111953
1530,90.95256089180154,90.95256089180154,-0.005164546068628868,0.0,4.536456093505969,124,0.5576289778807957,0.16436992899028788,8891.874806372967
1531,91.44010588227832,91.44010588227832,0.00534611572173023,0.0,4.536456093505969,124,0.5576549594582014,0.1383489878849922,8898.61848810503
1532,91.36489008269294,91.36489008269294,-0.0008229075297736829,0.0,4.536456093505969,124,0.5576497968234855,0.14109510156416505,8897.578109425043
1533,91.06124306860397,91.06124306860397,-0.00332898899149879,0.0,4.536456093505969,124,0.5576291133545923,0.1482378298965468,8893.378089197362
1534,91.10511847930047,91.10511847930047,0.00048170706350061736,0.0,4.536456093505969,124,0.5576321032154347,0.14075067894366158,8893.98497022656
1535,90.89748583151822,90.89748583151822,-0.0022816457890240875,0.0,4.536456093505969,124,0.5576334945230478,0.13343832302420983,8891.11301272278
1536,90.89916936476392,90.89916936476392,1.8521058530223434e-05,0.0,4.536456093505969,124,0.5576333564469577,0.1284114330711416,8891.136299214522
1537,90.99625370078485,90.99625370078485,0.0010674743058809721,0.0,4.536456093505969,124,0.5576254500805087,0.12863118064779144,8892.479161670462
1538,90.62132152511248,90.62132152511248,-0.004128815262860747,0.0,4.536456093505969,124,0.5576582864810516,0.12114479762105627,8887.293131020508
1539,91.03121363068568,91.03121363068568,0.004512932350717916,0.0,4.536456093505969,124,0.5576270667831809,0.10807990377933299,8892.962724511292
1540,90.78139561431549,90.78139561431549,-0.002748084135920834,0.0,4.536456093505969,124,0.5576432968742412,0.08802289264906529,8889.507262500107
1541,90.58523547479649,90.58523547479649,-0.002163134583573838,0.0,4.536456093505969,124,0.5576616914169447,0.08901026078885133,8886.793991775818
1542,90.43873849221411,90.43873849221411,-0.0016185371622669882,0.0,4.536456093505969,124,0.5576756938811821,0.09311190271346471,8884.767657705035
1543,90.31076820578852,90.31076820578852,-0.0014159962054180715,0.0,4.536456093505969,124,0.5576880097655976,0.11749668714344859,8882.997583353595
1544,90.85790820211145,90.85790820211145,0.00604013531062177,0.0,4.536456093505969,124,0.5576367407168097,0.1441407442002328,8890.565578246697
1545,90.58489829681972,90.58489829681972,-0.0030093241676738816,0.0,4.536456093505969,124,0.5576617232335177,0.12983093928754358,8886.789327958108
1546,91.34685583361366,91.34685583361366,0.008376349643278802,0.0,4.536456093505969,124,0.5576485689332409,0.10199930850342355,8897.328661192689
1547,90.90706383629366,90.90706383629366,-0.004826155198683193,0.0,4.536456093505969,124,0.5576327089863136,0.06505151976551098,8891.245494887698
1548,90.43256845655205,90.43256845655205,-0.005233235081033221,0.0,4.536456093505969,124,0.5576762875739751,0.051684157643969636,8884.68231428526
1549,90.39675792146919,90.39675792146919,-0.0003960699989131172,0.0,4.536456093505969,124,0.5576797335583012,0.03226303709804709,8884.186985944347
1550,89.60086339602825,89.60086339602825,-0.008843447003606487,0.0,4.536456093505969,124,0.5577590524502999,0.016092982043722094,8873.178239107223
1551,89.92261859703842,89.92261859703842,0.003584551078862067,0.0,4.536456093505969,124,0.5577338939356824,-0.036066995375671214,8877.455414553866
1552,90.40810591412436,90.40810591412436,0.0053844234402032455,0.0,4.536456093505969,124,0.5576380310485759,0.013112858817530514,8883.87058947567
1553,89.90414205357085,89.90414205357085,-0.005589916142910458,0.0,4.536456093505969,124,0.5579392823325533,-0.027724880874010045,8874.18071450377
1554,89.6746587042211,89.6746587042211,-0.0025557969348125953,0.0,4.536456093505969,124,0.5579702985152484,-0.0012086070096558354,8869.441510234854
1555,89.7104111774095,89.7104111774095,0.0003986114751399216,0.0,4.536456093505969,124,0.5579643955776632,0.018904761181845656,8869.709719172644
1556,88.9256386998203,88.9256386998203,-0.008786328703495317,0.0,4.536456093505969,124,0.5583374823951803,-0.014550537408057179,8858.44733943414
1557,89.52834390223956,89.52834390223956,0.006754766525899051,0.0,4.536456093505969,124,0.5580505586488288,-0.08712658570623091,8867.096846206943
1558,89.21329872145213,89.21329872145213,-0.003525149510880803,0.0,4.536456093505969,124,0.5582002955507344,-0.09403352527367578,8862.575588693284
1559,87.96658932835807,87.96658932835807,-0.014073041615504807,0.0,4.536456093505969,124,0.5588273021975314,-0.033098099371536786,8844.683887583022
1560,87.19572026535903,87.19572026535903,-0.00880182547854917,0.0,4.536456093505969,124,0.5592289716513693,0.042836384144770735,8833.621037694566
1561,86.56181787224982,86.56181787224982,-0.007296434010361844,0.0,4.536456093505969,124,0.5595662554983283,0.08358392011150446,8824.523815668796
1562,86.64311229445813,86.64311229445813,0.0009387080159854925,0.0,4.536456093505969,124,0.5595227608315878,0.08064380652175149,8825.690483307733
1563,86.77834266236964,86.77834266236964,0.0015595578454158426,0.0,4.536456093505969,124,0.5594504344751412,0.083910983173507,8827.631193257548
1564,87.06975860401997,87.06975860401997,0.0033525383651042974,0.0,4.536456093505969,124,0.5592948690821912,0.0908862435327072,8831.813344250917
1565,87.6010180113323,87.6010180113323,0.006082998607812008,0.0,4.536456093505969,124,0.5590172001436894,0.10816352278317672,8839.437522411681
1566,87.22071278965635,87.22071278965635,-0.004350784308602394,0.0,4.536456093505969,124,0.5592158999020599,0.08792279852874474,8833.979708911127
1567,87.72335455192582,87.72335455192582,0.00574632970436947,0.0,4.536456093505969,124,0.5589536216778427,0.07179307029564037,8841.193191239789
1568,88.68896115718483,88.68896115718483,0.010947265725309647,0.0,4.536456093505969,124,0.5584548193999638,0.11471570973331963,8855.05074687151
1569,87.60675275201164,87.60675275201164,-0.012277348948292872,0.0,4.536456093505969,124,0.5590142120413671,0.025820538742423627,8839.51982247836
1570,88.00891714440617,88.00891714440617,0.0045800593494472585,0.0,4.536456093505969,124,0.5588053302141528,-0.00894429380187823,8845.291339999421
1571,88.85507055787762,88.85507055787762,0.009568481185017793,0.0,4.536456093505969,124,0.5583713846414133,0.024312184509059337,8857.434606145582
1572,89.24756896851973,89.24756896851973,0.004407560124816728,0.0,4.536456093505969,124,0.5581839769118208,0.05058331015565792,8863.067405808726
1573,88.5694620945442,88.5694620945442,-0.007627055261836421,0.0,4.536456093505969,124,0.558516069885495,0.029948585410754947,8853.335799086912
1574,88.12884887114747,88.12884887114747,-0.004987191266690324,0.0,4.536456093505969,124,0.5587430911344726,0.0522154192450265,8847.012497007125
1575,88.63356862398193,88.63356862398193,0.005710728916971711,0.0,4.536456093505969,124,0.5584831656875183,0.02968256543433614,8854.25580086942
1576,88.93342393591091,88.93342393591091,0.0033773799131910504,0.0,4.536456093505969,124,0.558333767884494,0.04357352996962561,8858.55906644765
1577,89.59023873826393,89.59023873826393,0.0073583272504457176,0.0,4.536456093505969,124,0.5580212613118586,0.05810136449700586,8867.985107667513
1578,89.45370931341584,89.45370931341584,-0.001525094288823879,0.0,4.536456093505969,124,0.558085908774011,0.057525219570093225,8866.025754769662
1579,89.42963435578771,89.42963435578771,-0.00026916936233042677,0.0,4.536456093505969,124,0.5581113890112781,0.047161289298684135,8865.289758012144
1580,89.22577973281584,89.22577973281584,-0.002282099453681262,0.0,4.536456093505969,124,0.5581833443852053,0.0367336153917783,8861.418514421543
1581,88.89369706425997,88.89369706425997,-0.0037287674463484747,0.0,4.536456093505969,124,0.558338252871941,0.03266241377881115,8853.649953492186
1582,89.39998463981372,89.39998463981372,0.005679269523575013,0.0,4.536456093505969,124,0.5581943447294394,0.019658358034226796,8859.976395862675
1583,88.88048536153177,88.88048536153177,-0.005827904185506754,0.0,4.536456093505969,124,0.5585360377212355,0.0023573226562788254,8848.752960456448
1584,88.33513523108792,88.33513523108792,-0.006154670227219112,0.0,4.536456093505969,124,0.5588875016489064,0.019046840779800744,8838.427875776257
1585,88.0727571169778,88.0727571169778,-0.0029746776529475404,0.0,4.536456093505969,124,0.5590616459387782,0.021126064211893697,8833.460285057594
1586,87.68612342207037,87.68612342207037,-0.004399599239331074,0.0,4.536456093505969,124,0.5593198912233491,0.047496745384258354,8826.140170112569
1587,87.9447095926784,87.9447095926784,0.0029446578715089573,0.0,4.536456093505969,124,0.5591468372830656,-0.018921413382891356,8831.035968168913
1588,87.96443224255673,87.96443224255673,0.00022423678218438814,0.0,4.536456093505969,124,0.5591337125525705,-0.05324003207367565,8831.409376037991
1589,87.91994491859897,87.91994491859897,-0.000505870113360873,0.0,4.536456093505969,124,0.5591633188753985,-0.04112109625734919,8830.567099926891
1590,87.43652378862078,87.43652378862078,-0.005513595913488612,0.0,4.536456093505969,124,0.5594888496571507,-0.025936009339775544,8821.414513680775
1591,87.58634111953799,87.58634111953799,0.0017119748049711165,0.0,4.536456093505969,124,0.5593874139280756,-0.03274148496590319,8824.25099714695
1592,87.21494344784355,87.21494344784355,-0.004249376444575763,0.0,4.536456093505969,124,0.5596392604372569,-0.03755186513569537,8817.219345009727
1593,87.64883986990054,87.64883986990054,0.004962689292597323,0.0,4.536456093505969,124,0.5593451176280732,-0.0466753866063646,8825.434282625169
1594,87.42395445694189,87.42395445694189,-0.0025690517765574157,0.0,4.536456093505969,124,0.5594973628490859,-0.05172138342691611,8821.176539200322
1595,87.3853428578241,87.3853428578241,-0.0004417568211624188,0.0,4.536456093505969,124,0.5595235173077437,-0.05143367315999143,8820.445507871505
1596,88.02710842207783,88.02710842207783,0.007317250548952511,0.0,4.536456093505969,124,0.5590920111241616,-0.04921192907776429,8832.596020772924
1597,88.04771153475963,88.04771153475963,0.00023402679361968012,0.0,4.536456093505969,124,0.5590783053452157,-0.04273640900606668,8832.986098396894
1598,87.94701035172297,87.94701035172297,-0.0011443660690148786,0.0,4.536456093505969,124,0.5591453061515765,-0.03318045120424491,8831.079528316124
1599,88.04067474285748,88.04067474285748,0.0010644426617458591,0.0,4.536456093505969,124,0.5590829862840269,-0.027919574327764842,8832.852871194385
1600,87.96765599659601,87.96765599659601,-0.0008297192541255617,0.0,4.442109806612686,114,0.6426898740134827,-0.03030194558391208,7158.533759669682
1601,88.39443465688696,88.39443465688696,0.0048398098681259,0.0,4.442109806612686,114,0.6426898740134827,-0.031969165197958546,7158.533759669682
1602,88.34235001656623,88.34235001656623,-0.0005894035237179996,0.0,4.442109806612686,114,0.6426898740134827,-0.03322652832154744,7158.533759669682
1603,87.89067344092098,87.89067344092098,-0.0051259129051559015,0.0,4.442109806612686,114,0.6426898740134827,-0.028877726123391217,7158.533759669682
1604,88.77608921160497,88.77608921160497,0.010023653241713847,0.0,4.442109806612686,114,0.6426898740134827,-0.044891503607142336,7158.533759669682
1605,88.90696861916228,88.90696861916228,0.0014731785103800578,0.0,4.442109806612686,114,0.6426898740134827,-0.02221118673892729,7158.533759669682
1606,88.73538735541688,88.73538735541688,-0.0019317613320492819,0.0,4.442109806612686,114,0.6426898740134827,-0.003413424543959011,7158.533759669682
1607,89.51827542165854,89.51827542165854,0.008784033808445366,0.0,4.442109806612686,114,0.6426898740134827,-0.022648380097663144,7158.533759669682
1608,89.65875094457242,89.65875094457242,0.0015680085169896296,0.0,4.442109806612686,114,0.6426898740134827,-0.014684608504736976,7158.533759669682
1609,89.4737999549708,89.4737999549708,-0.002064963116901092,0.0,4.442109806612686,114,0.6426898740134827,-0.017488449090614762,7158.533759669682
1610,88.31211203787568,88.31211203787568,-0.013068577116461083,0.0,4.442109806612686,114,0.6426898740134827,0.012871102399410273,7158.533759669682
1611,87.73789876484764,87.73789876484764,-0.006523320352556602,0.0,4.442109806612686,114,0.6426898740134827,0.04196104912843202,7158.533759669682
1612,87.99822192180488,87.99822192180488,0.0029626618176465088,0.0,4.442109806612686,114,0.6426898740134827,0.04726849320658665,7158.533759669682
1613,87.91694288866944,87.91694288866944,-0.0009240708611647391,0.0,4.442109806612686,114,0.6426898740134827,0.04113200549589772,7158.533759669682
1614,87.71837232564077,87.71837232564077,-0.002261169940591289,0.0,4.442109806612686,114,0.6426898740134827,0.04257802193103748,7158.533759669682
1615,87.57034365601217,87.57034365601217,-0.001688970154053993,0.0,4.442109806612686,114,0.6426898740134827,0.047367014102741564,7158.533759669682
1616,87.0254640124714,87.0254640124714,-0.006241632256425846,0.0,4.442109806612686,114,0.6426898740134827,0.08418985134916368,7158.533759669682
1617,87.4378728720621,87.4378728720621,0.0047277512298293,0.0,4.442109806612686,114,0.6426898740134827,0.08124954973439699,7158.533759669682
1618,86.5026199018478,86.5026199018478,-0.0107538154958335,0.0,4.442109806612686,114,0.6426898740134827,0.029094916068597345,7158.533759669682
1619,87.55161418681999,87.55161418681999,0.012053794513860653,0.0,4.442109806612686,114,0.6426898740134827,-0.10139439062414596,7158.533759669682
1620,87.71025873950542,87.71025873950542,0.0018103720263357547,0.0,4.442109806612686,114,0.6426898740134827,-0.12881847685453165,7158.533759669682
1621,87.75767011015047,87.75767011015047,0.0005403992867491031,0.0,4.442109806612686,114,0.6426898740134827,-0.12940707015932393,7158.533759669682
1622,87.8689500489307,87.8689500489307,0.001267233333663076,0.0,4.442109806612686,114,0.6426898740134827,-0.12970749303372,7158.533759669682
1623,87.83851245024431,87.83851245024431,-0.0003464576695595833,0.0,4.442109806612686,114,0.6426898740134827,-0.1325500455040318,7158.533759669682
1624,87.63380010178058,87.63380010178058,-0.002333273419155583,0.0,4.442109806612686,114,0.6426898740134827,-0.1429699832972326,7158.533759669682
1625,87.2413644174644,87.2413644174644,-0.004488188407520734,0.0,4.442109806612686,114,0.6426898740134827,-0.12298893400538845,7158.533759669682
1626,87.65708474549359,87.65708474549359,0.004753857028798464,0.0,4.442109806612686,114,0.6426898740134827,-0.12059214100272038,7158.533759669682
1627,88.22134258562167,88.22134258562167,0.006416475114293266,0.0,4.442109806612686,114,0.6426898740134827,-0.13795213713405616,7158.533759669682
1628,88.69203309591917,88.69203309591917,0.005321153577047884,0.0,4.442109806612686,114,0.6426898740134827,-0.04590045617342263,7158.533759669682
1629,88.13157438960194,88.13157438960194,-0.006339205393968526,0.0,4.442109806612686,114,0.6426898740134827,-0.0353235791761508,7158.533759669682
1630,88.25436250488077,88.25436250488077,0.0013922667223377828,0.0,4.442109806612686,114,0.6426898740134827,-0.0689038107378044,7158.533759669682
1631,88.71709553579011,88.71709553579011,0.005229477008084469,0.0,4.442109806612686,114,0.6426898740134827,-0.0957558361278973,7158.533759669682
1632,88.5285700615165,88.5285700615165,-0.002127279611979248,0.0,4.442109806612686,114,0.6426898740134827,-0.08118490142851185,7158.533759669682
1633,88.00175022706433,88.00175022706433,-0.005968622246448459,0.0,4.442109806612686,114,0.6426898740134827,-0.09970725636093403,7158.533759669682
1634,87.4472899418432,87.4472899418432,-0.006320492041598444,0.0,4.442109806612686,114,0.6426898740134827,-0.0544939078825791,7158.533759669682
1635,86.96208866381735,86.96208866381735,-0.005563949985075542,0.0,4.442109806612686,114,0.6426898740134827,-0.04694707882739744,7158.533759669682
1636,86.96929093993042,86.96929093993042,8.281744367910622e-05,0.0,4.442109806612686,114,0.6426898740134827,-0.06890151308028988,7158.533759669682
1637,87.14681287626799,87.14681287626799,0.0020391221025321386,0.0,4.442109806612686,114,0.6426898740134827,-0.06482517102689968,7158.533759669682
1638,87.31181563572366,87.31181563572366,0.0018915981406402783,0.0,4.442109806612686,114,0.6426898740134827,-0.060305310903745094,7158.533759669682
1639,88.19040829306181,88.19040829306181,0.0100124087028034,0.0,4.442109806612686,114,0.6426898740134827,-0.04014654182608367,7158.533759669682
1640,87.59478026166143,87.59478026166143,-0.006776797474384785,0.0,4.442109806612686,114,0.6426898740134827,-0.08707267147663032,7158.533759669682
1641,88.24107407937626,88.24107407937626,0.007351137008643683,0.0,4.442109806612686,114,0.6426898740134827,-0.10266660851246875,7158.533759669682
1642,87.81790872231295,87.81790872231295,-0.0048070954995913864,0.0,4.442109806612686,114,0.6426898740134827,-0.10479717523308284,7158.533759669682
1643,87.65847533284354,87.65847533284354,-0.001817149745808486,0.0,4.442109806612686,114,0.6426898740134827,-0.12378653988609355,7158.533759669682
1644,87.15325873744737,87.15325873744737,-0.005780138326405433,0.0,4.442109806612686,114,0.6426898740134827,-0.1290110139177721,7158.533759669682
1645,86.62773643581393,86.62773643581393,-0.006048117092014732,0.0,4.442109806612686,114,0.6426898740134827,-0.11328672873260584,7158.533759669682
1646,86.34765144522414,86.34765144522414,-0.003238440321519921,0.0,4.442109806612686,114,0.6426898740134827,-0.09437782902980157,7158.533759669682
1647,85.9836215129944,85.9836215129944,-0.004224775543482355,0.0,4.442109806612686,114,0.6426898740134827,-0.08779260383571269,7158.533759669682
1648,86.16357628235747,86.16357628235747,0.0020907088493704595,0.0,4.442109806612686,114,0.6426898740134827,-0.09347617675010739,7158.533759669682
1649,86.35348557222699,86.35348557222699,0.0022016299667782973,0.0,4.442109806612686,114,0.6426898740134827,-0.08984087370832919,7158.533759669682
1650,85.91914312319665,85.91914312319665,-0.005042511659011899,0.0,4.442109806612686,114,0.6426898740134827,-0.09100239905952745,7158.533759669682
1651,84.72033192364262,84.72033192364262,-0.014051038574393843,0.0,4.442109806612686,114,0.6426898740134827,-0.03942977638907702,7158.533759669682
1652,84.92817016208886,84.92817016208886,0.0024502231363358437,0.0,4.442109806612686,114,0.6426912646663155,-0.05100492634503869,7158.502138541908
1653,85.15004849096333,85.15004849096333,0.0026091342736638302,0.0,4.442109806612686,114,0.6426969426030875,-0.0398848184108107,7158.678546701665
1654,84.54097578655104,84.54097578655104,-0.007178639207443981,0.0,4.442109806612686,114,0.6427063782250008,-0.05057711748743459,7158.178927617248
1655,84.24622863632946,84.24622863632946,-0.0034925331079993633,0.0,4.442109806612686,114,0.6427223556366747,-0.040132547621183436,7157.827419202982
1656,84.46628300876132,84.46628300876132,0.0026086328165546143,0.0,4.442109806612686,114,0.6427154789052356,-0.051053004064684236,7157.971124696993
1657,84.09828549435568,84.09828549435568,-0.004366256827337133,0.0,4.442109806612686,114,0.6427363721937257,-0.057471250970362334,7157.540601919505
1658,83.53850762150006,83.53850762150006,-0.006678485588496966,0.0,4.442109806612686,114,0.6427624177158363,-0.04398629267271515,7157.0072665682
1659,83.5255576078225,83.5255576078225,-0.00015503051102836514,0.0,4.442109806612686,114,0.6427634941405863,-0.04643715415081544,7156.9851788375145
1660,83.82749800027045,83.82749800027045,0.0036084279307000634,0.0,4.442109806612686,114,0.6427490369216662,-0.04402118337349567,7157.281262472521
1661,83.5540497323053,83.5540497323053,-0.0032673674600350207,0.0,4.442109806612686,114,0.642763036638042,-0.05203339157521917,7156.994472308258
1662,84.27865770179626,84.27865770179626,0.008634937527064828,0.0,4.442109806612686,114,0.6427282767427863,-0.06110946801318073,7157.706743846954
1663,84.96090205800255,84.96090205800255,0.008062512723320748,0.0,4.442109806612686,114,0.6427007724246374,0.009883233583722811,7158.324881064863
1664,84.83361759245985,84.83361759245985,-0.0014992767687385467,0.0,4.442109806612686,114,0.6427050137191486,-0.007431465649560778,7158.209556892963
1665,83.9343863449936,83.9343863449936,-0.010656519438528687,0.0,4.442109806612686,114,0.6427434605977914,-0.0019069627718320504,7157.394821972094
1666,83.22184517912723,83.22184517912723,-0.00852550306067625,0.0,4.442109806612686,114,0.6427748909478219,0.04044678464794171,7156.749234786348
1667,82.85798454152604,82.85798454152604,-0.004381762919499347,0.0,4.442109806612686,114,0.6427909431090917,0.040190379171972136,7156.419564338822
1668,82.72111149985592,82.72111149985592,-0.0016532651296997305,0.0,4.442109806612686,114,0.6427971189407378,0.04212737293295824,7156.292731364563
1669,82.81519287685423,82.81519287685423,0.0011366858464359425,0.0,4.442109806612686,114,0.6427931101246448,0.03662656883017713,7156.375051142742
1670,82.83391476678642,82.83391476678642,0.00022604275118934754,0.0,4.442109806612686,114,0.6427923104786296,0.003360583457258854,7156.3914697049295
1671,82.29713384384948,82.29713384384948,-0.006501294797327683,0.0,4.442109806612686,114,0.6428161973347574,0.012139047327998543,7155.900903454774
1672,81.96438892639878,81.96438892639878,-0.0040514098125511286,0.0,4.442109806612686,114,0.6428310061931195,0.02112506726976117,7155.596806532852
1673,82.90075570135974,82.90075570135974,0.011359306366873212,0.0,4.442109806612686,114,0.6427893469299027,-3.7619207375741274e-05,7156.452335177013
1674,83.29573590028548,83.29573590028548,0.004753180271843898,0.0,4.442109806612686,114,0.6427717924830444,0.036946702900980774,7156.8128895968075
1675,83.17046868959119,83.17046868959119,-0.0015050170050778379,0.0,4.442109806612686,114,0.6427773596505866,0.03265831787532257,7156.698540455777
1676,83.16176715083402,83.16176715083402,-0.00010462841097678432,0.0,4.442109806612686,114,0.6427780709243692,0.049151458584074104,7156.683958784408
1677,83.63084750872453,83.63084750872453,0.005624728595578684,0.0,4.442109806612686,114,0.6427600804689557,0.0805087097777167,7157.038274089096
1678,84.39742603606895,84.39742603606895,0.009124462564246054,0.0,4.442109806612686,114,0.6428161048259349,0.184395499602811,7159.948061223042
1679,84.3401978940404,84.3401978940404,-0.000678309234062623,0.0,4.442109806612686,114,0.6428183845059009,0.18187977203242625,7159.878214010778
1680,84.75392777744071,84.75392777744071,0.004893495943344467,0.0,4.442109806612686,114,0.6428095673186389,0.1775855857255302,7160.4659841098155
1681,84.11955295025962,84.11955295025962,-0.007513054251470094,0.0,4.442109806612686,114,0.6428242390541294,0.15008781020407358,7159.556565317881
1682,83.89548758847124,83.89548758847124,-0.0026672075774079413,0.0,4.442109806612686,114,0.6428302500521188,0.1571887012687396,7159.23445667935
1683,84.14642498959415,84.14642498959415,0.0029866071362729054,0.0,4.442109806612686,114,0.6428238887680566,0.152303167816524,7159.588340820889
1684,84.06088623815874,84.06088623815874,-0.001017063505558989,0.0,4.442109806612686,114,0.6428261831454852,0.14839141305237805,7159.464769574583
1685,84.10592869137052,84.10592869137052,0.0005356877848673552,0.0,4.442109806612686,114,0.6428250549009912,0.16108658842232731,7159.52790254644
1686,84.27400660419963,84.27400660419963,0.001996413270491696,0.0,4.442109806612686,114,0.6428208717495936,0.14286756170979398,7159.767011085074
1687,83.91257891597974,83.91257891597974,-0.004297943780346255,0.0,4.442109806612686,114,0.6428301014369077,0.11421324040080354,7159.252742210392
1688,84.13639524912064,84.13639524912064,0.0026637052274829085,0.0,4.442109806612686,114,0.6428241601792133,0.12893765955631215,7159.573614147284
1689,84.61213658810478,84.61213658810478,0.005638479863727641,0.0,4.442109806612686,114,0.642812698582109,0.14879411330433193,7160.257467742228
1690,85.05633295926135,85.05633295926135,0.005236062860646839,0.0,4.442109806612686,114,0.6428080282134793,0.16108722139433115,7160.894188309812
1691,85.08379622873177,85.08379622873177,0.00032283118438914223,0.0,4.442109806612686,114,0.6428092169899391,0.1726067196611917,7160.933147689036
1692,85.54872728490523,85.54872728490523,0.005449514514528485,0.0,4.442109806612686,114,0.6428300209730661,0.1678704471172018,7161.596435363528
1693,85.801958469764,85.801958469764,0.0029557088505399146,0.0,4.442109806612686,114,0.6428423372341253,0.1628931456548541,7161.956684564628
1694,85.70076419324374,85.70076419324374,-0.0011800895833332379,0.0,4.442109806612686,114,0.6428369068077915,0.1459607204709449,7161.812745242436
1695,85.96103486114878,85.96103486114878,0.0030323679324888585,0.0,4.442109806612686,114,0.6428521542522924,0.14665911348393443,7162.183666418174
1696,85.53716764628584,85.53716764628584,-0.004943119773209264,0.0,4.442109806612686,114,0.6428294436529766,0.1350501324657103,7161.576001594088
1697,85.06421622184017,85.06421622184017,-0.005544534579250374,0.0,4.442109806612686,114,0.6428083556424216,0.14455755502273895,7160.903567029847
1698,84.78503593603794,84.78503593603794,-0.003287392010022411,0.0,4.442109806612686,114,0.6428092954034746,0.13832896866779026,7160.5043407167495
1699,85.07950079578085,85.07950079578085,0.003467058638325846,0.0,4.442109806612686,114,0.6428089754897471,0.1806552337534922,7160.922296685441
1700,85.67599361901263,85.67599361901263,0.006986542384441019,0.0,4.442109806612686,114,0.6428324060827647,0.22856406919862723,7161.713448249789
1701,85.7006682229799,85.7006682229799,0.00028795757686682816,0.0,4.442109806612686,114,0.6428264251874395,0.26226530482804067,7161.594603481297
1702,85.79118445050791,85.79118445050791,0.0010556330755374407,0.0,4.442109806612686,114,0.6428259063908487,0.26181519721227015,7161.608492705075
1703,85.80424130722527,85.80424130722527,0.00015218187413671677,0.0,4.442109806612686,114,0.6428194077858833,0.25747600837533285,7161.468088788236
1704,85.50131736859016,85.50131736859016,-0.0035366541135312215,0.0,4.442109806612686,114,0.6427763770597611,0.23907632735130732,7160.40833440415
1705,86.08822915672609,86.08822915672609,0.006840907140065311,0.0,4.442109806612686,114,0.6428461032685084,0.20944629739920087,7162.084168532603
1706,85.99004923998523,85.99004923998523,-0.0011411077366554586,0.0,4.442109806612686,114,0.6428332574566701,0.197290552636978,7161.8008063485995
1707,86.75609430061326,86.75609430061326,0.008869084616167248,0.0,4.442109806612686,114,0.6429327115840899,0.18915761238077175,7163.9739171018855
1708,86.64699934784758,86.64699934784758,-0.0012582816703462683,0.0,4.442109806612686,114,0.6429179352951869,0.1789726680152092,7163.656534424436
1709,87.3913520187225,87.3913520187225,0.008553944618678063,0.0,4.442109806612686,114,0.6430163107468774,0.17118590512780188,7165.749149262279
1710,87.05974532645824,87.05974532645824,-0.003801719756484724,0.0,4.442109806612686,114,0.6429716134294453,0.10608094463865868,7164.799657724868
1711,86.8304593854058,86.8304593854058,-0.0026371361666157364,0.0,4.442109806612686,114,0.642941245390011,0.14913885891458176,7164.154657219371
1712,86.68529713249116,86.68529713249116,-0.0016731885298904708,0.0,4.442109806612686,114,0.6429213012575956,0.15023764915979532,7163.726086189379
1713,85.98246881336414,85.98246881336414,-0.008140861693028174,0.0,4.442109806612686,114,0.6428305241323811,0.16706378339788544,7161.736704571373
1714,85.52126544009641,85.52126544009641,-0.005378360850682533,0.0,4.442109806612686,114,0.6427770780690253,0.1824142117185782,7160.403678377787
1715,85.89497223904442,85.89497223904442,0.004360233266956576,0.0,4.442109806612686,114,0.6428186368801172,0.1723000672134705,7161.466475935067
1716,86.31034505024707,86.31034505024707,0.004824167143123119,0.0,4.442109806612686,114,0.6428722255064917,0.18980233479423284,7162.656865706111
1717,86.25562715055956,86.25562715055956,-0.0006341679164610109,0.0,4.442109806612686,114,0.6428651352402179,0.16654585152906384,7162.500560259267
1718,86.29078295484366,86.29078295484366,0.00040749389974669396,0.0,4.442109806612686,114,0.6428696932686149,0.16902428787812368,7162.601044357365
1719,85.96000500955688,85.96000500955688,-0.003840659956280873,0.0,4.442109806612686,114,0.642826870087191,0.16863736173029326,7161.652277144359
1720,85.88682577104603,85.88682577104603,-0.0008516798663306202,0.0,4.442109806612686,114,0.6428175377654943,0.18181728579593062,7161.441524308423
1721,85.7664574276573,85.7664574276573,-0.0014024592000223273,0.0,4.442109806612686,114,0.642803034343364,0.2060228482907909,7161.096918097396
1722,85.82481533902397,85.82481533902397,0.0006801967568134726,0.0,4.442109806612686,114,0.6428096867843532,0.1684079238484131,7161.264098467691
1723,86.03524269529568,86.03524269529568,0.00244882334889147,0.0,4.442109806612686,114,0.642836604990876,0.18661098142582142,7161.87127227896
1724,85.93169391366872,85.93169391366872,-0.0012042872447884006,0.0,4.442109806612686,114,0.6428232624916598,0.16997854795282194,7161.570818853749
1725,85.88152573553488,85.88152573553488,-0.0005839850933711085,0.0,4.442109806612686,114,0.6428167890043075,0.10482566182379983,7161.424457055466
1726,86.02631733405035,86.02631733405035,0.0016845261992565173,0.0,4.442109806612686,114,0.6428350224302783,0.07057074327110988,7161.837518947445
1727,86.18205013076145,86.18205013076145,0.0018086558911971696,0.0,4.442109806612686,114,0.6428459261718319,0.06263346084816011,7162.080002667654
1728,85.54397414449456,85.54397414449456,-0.007431359637441211,0.0,4.442109806612686,114,0.6428245966995974,0.05228193904786276,7160.558761113648
1729,85.05033406541502,85.05033406541502,-0.005787314501282669,0.0,4.442109806612686,114,0.6428327691822384,0.09377067748167617,7156.875509897148
1730,84.63072834357476,84.63072834357476,-0.004945826849750841,0.0,4.442109806612686,114,0.6428804949038456,0.11866591556684743,7155.679816173153
1731,85.40022234611457,85.40022234611457,0.009051284520367943,0.0,4.442109806612686,114,0.6429465488079072,0.05178468268114778,7158.671253012559
1732,85.87471415409708,85.87471415409708,0.005540717533668341,0.0,4.442109806612686,114,0.6430223985124712,0.12701235936839556,7160.519843096132
1733,86.51192268503122,86.51192268503122,0.00739281703927897,0.0,4.442109806612686,114,0.6431363439084432,0.12457626731372105,7162.977934668293
1734,86.90650000811722,86.90650000811722,0.00455058923801133,0.0,4.442109806612686,114,0.6432085429998369,0.15457010043305305,7164.523523796879
1735,86.62767800520183,86.62767800520183,-0.0032134562313975894,0.0,4.442109806612686,114,0.643157485700951,0.1388638925232136,7163.431356986211
1736,87.23330635643384,87.23330635643384,0.006966839662868203,0.0,4.442109806612686,114,0.64326811612467,0.11784518329109533,7165.795344209972
1737,86.72186995909588,86.72186995909588,-0.005880110977733835,0.0,4.442109806612686,114,0.6431759092529782,0.04764850065331179,7163.828222093613
1738,86.5695212088999,86.5695212088999,-0.0017582961094526981,0.0,4.442109806612686,114,0.6431481439846792,0.07197549279349172,7163.232866994053
1739,86.95139922869106,86.95139922869106,0.004401528476826569,0.0,4.442109806612686,114,0.6432172434993421,0.06814298892097043,7164.7100454504325
1740,86.58767219814598,86.58767219814598,-0.004191880942636239,0.0,4.442109806612686,114,0.6431511146132385,0.08287143392642167,7163.296052204922
1741,86.91519890830429,86.91519890830429,0.0037754660441133314,0.0,4.442109806612686,114,0.64321063761413,0.049824391952995185,7164.56901362842
1742,86.9058357107017,86.9058357107017,-0.00010773376918591752,0.0,4.442109806612686,114,0.6432089045000896,0.05539614408350563,7164.531980339178
1743,87.2801587166096,87.2801587166096,0.0042979756594652115,0.0,4.442109806612686,114,0.6432770175924953,0.056149785285301096,7165.98598535625
1744,87.33088841685147,87.33088841685147,0.0005810594747811435,0.0,4.442109806612686,114,0.6432861994965633,0.05604278262356008,7166.181953183446
1745,87.28281866202455,87.28281866202455,-0.0005505839930370952,0.0,4.442109806612686,114,0.6432774417377282,0.05613338061477226,7165.994933932416
1746,86.72654077643656,86.72654077643656,-0.006393676551576904,0.0,4.442109806612686,114,0.6431757678490625,0.0671679972214833,7163.822841269383
1747,86.58492838816376,86.58492838816376,-0.0016341955956081387,0.0,4.442109806612686,114,0.6431501040174205,0.0899083198117878,7163.272753066394
1748,87.04678042936771,87.04678042936771,0.0053199168931546605,0.0,4.442109806612686,114,0.6432341470709074,0.07048596690884046,7165.069978338012
1749,87.54869641758926,87.54869641758926,0.005749488817490684,0.0,4.442109806612686,114,0.6433254670438094,0.07124975354551281,7167.019804096376
1750,87.82328937749298,87.82328937749298,0.0031315512915134976,0.0,4.442109806612686,114,0.643375392831265,0.0845945196845908,7168.086254601684
1751,88.01690215359663,88.01690215359663,0.002202145626215246,0.0,4.442109806612686,114,0.6434106333652785,0.0891806715433691,7168.8366940346605
1752,87.97624186113067,87.97624186113067,-0.0004620667858059981,0.0,4.442109806612686,114,0.6433921267009209,0.07856251273978569,7168.258215647491
1753,88.06927341453861,88.06927341453861,0.001056903516369528,0.0,4.442109806612686,114,0.6433824043122401,0.08210857045089245,7168.524895169065
1754,88.46015321852965,88.46015321852965,0.004428501811418671,0.0,4.442109806612686,114,0.6433830204021902,0.0871303321773092,7170.619223639048
1755,88.26285729819094,88.26285729819094,-0.002232827538761199,0.0,4.442109806612686,114,0.6434079085342405,0.08986099892612946,7169.701713089473
1756,88.5996200249443,88.5996200249443,0.0038081919787304134,0.0,4.442109806612686,114,0.6433669471554152,0.05304258999863715,7171.26223087559
1757,88.55558817348319,88.55558817348319,-0.0004970991574631917,0.0,4.442109806612686,114,0.6433718527721658,0.02889453262272899,7171.056369047304
1758,88.46521673720396,88.46521673720396,-0.0010210262480255142,0.0,4.442109806612686,114,0.6433820831713837,0.041397872332942995,7170.635961922574
1759,88.7690253680646,88.7690253680646,0.0034283321870393303,0.0,4.442109806612686,114,0.6433723925701315,0.020799944887895803,7172.051035163481
1760,88.55806850652317,88.55806850652317,-0.0023792975619452697,0.0,4.442109806612686,114,0.6433716229373169,0.014969327168690363,7171.0690032555685
1761,88.89954475721143,88.89954475721143,0.0038485435015503883,0.0,4.442109806612686,114,0.64338612481242,0.005737982757464038,7172.66170533679
1762,88.68273242336231,88.68273242336231,-0.0024418252206267607,0.0,4.442109806612686,114,0.6433635350848746,-0.0034680039387481737,7171.651602531937
1763,89.26273405078503,89.26273405078503,0.00651889247746195,0.0,4.442109806612686,114,0.6434256101537492,-0.021662466044754466,7174.355399696363
1764,89.29367273680019,89.29367273680019,0.00034654243867704595,0.0,4.442109806612686,114,0.6434290296779281,0.0005357654837645963,7174.498509366586
1765,88.845500754073,88.845500754073,-0.005031716713611047,0.0,4.442109806612686,114,0.6433807094025378,0.012428260672523747,7172.415099651451
1766,89.4798987705052,89.4798987705052,0.007115090665292584,0.0,4.442109806612686,114,0.6434510058835324,-0.007718806848614047,7175.374061507958
1767,88.93761709077636,88.93761709077636,-0.00607881291222525,0.0,4.442109806612686,114,0.6433908763490367,-0.035048161917426324,7172.856229445208
1768,89.31255718888652,89.31255718888652,0.004206903612863594,0.0,4.442109806612686,114,0.6434318695056317,-0.04424205632858186,7174.602292054834
1769,88.95377846613765,88.95377846613765,-0.00402520426360428,0.0,4.442109806612686,114,0.6433928639364752,-0.029906974128304984,7172.938113965653
1770,89.62728016902405,89.62728016902405,0.00754284806290026,0.0,4.442109806612686,114,0.6434784923158556,-0.07038387878436075,7176.085471365585
1771,89.73962919167643,89.73962919167643,0.001252728697233341,0.0,4.442109806612686,114,0.6434995199750831,-0.07255274281992263,7176.607246174868
1772,90.520465530126,90.520465530126,0.008663495085022966,0.0,4.442109806612686,114,0.6436491327733234,-0.0824950755735807,7180.23363047228
1773,90.75576510235463,90.75576510235463,0.0025960348309951257,0.0,4.442109806612686,114,0.643694768062954,-0.12833678392462242,7181.326416030406
1774,90.58165990455828,90.58165990455828,-0.0019202351780161497,0.0,4.442109806612686,114,0.6436610024824205,-0.1158804622764613,7180.517831280572
1775,91.53740551748147,91.53740551748147,0.010495928966001997,0.0,4.442109806612686,114,0.6438475650243084,-0.14385134551898918,7184.956534645617
1776,91.9869308998739,91.9869308998739,0.0048988193082117335,0.0,4.442109806612686,114,0.6439374725061261,-0.10504299084042125,7187.044234343652
1777,91.2548398434182,91.2548398434182,-0.007990481086069708,0.0,4.442109806612686,114,0.643791974814338,-0.12827064258623783,7183.641255307752
1778,91.36232130492621,91.36232130492621,0.0011771234778029135,0.0,4.442109806612686,114,0.6438129287348754,-0.13231688654891238,7184.137518299604
1779,90.89384423533411,90.89384423533411,-0.005140875206816099,0.0,4.442109806612686,114,0.6437219570230452,-0.1390331321450812,7181.974382154648
1780,91.0983421620156,91.0983421620156,0.002247327391327827,0.0,4.442109806612686,114,0.6437615558789065,-0.1496115375902078,7182.918626570193
1781,91.38168437705292,91.38168437705292,0.003105462533313491,0.0,4.442109806612686,114,0.6438167035920294,-0.14832068311652669,7184.226924940641
1782,90.82126970738489,90.82126970738489,-0.006151562577430973,0.0,4.442109806612686,114,0.6437079012315094,-0.1538058218685803,7181.639278059272
1783,90.52519545591133,90.52519545591133,-0.0032652912674312525,0.0,4.442109806612686,114,0.6436507997208762,-0.12556355043380726,7180.272191052194
1784,90.29719363686128,90.29719363686128,-0.002521833065342544,0.0,4.442109806612686,114,0.6436069281411058,-0.11613937090879693,7179.219420259521
1785,90.39982671206764,90.39982671206764,0.001135968772975455,0.0,4.442109806612686,114,0.6436266316549211,-0.11619455203143329,7179.693316057325
1786,89.74122956661796,89.74122956661796,-0.0073120486071845325,0.0,4.442109806612686,114,0.6435015212136553,-0.11307434510604299,7176.652323482111
1787,89.38270772595025,89.38270772595025,-0.004003064301158257,0.0,4.442109806612686,114,0.643443105797308,-0.07611966782390411,7174.996892293174
1788,88.88130672470336,88.88130672470336,-0.0056253902396195795,0.0,4.442109806612686,114,0.6433889666999337,-0.09512790557929471,7172.681733880278
1789,88.2757256536948,88.2757256536948,-0.006836685189723017,0.0,4.442109806612686,114,0.6434118247658388,-0.08572900606098978,7169.885536609533
1790,87.65997833934063,87.65997833934063,-0.006999714264624535,0.0,4.442109806612686,114,0.6434905180338399,-0.007845925264604267,7167.0423979410825
1791,87.50666152048319,87.50666152048319,-0.0017505257637112962,0.0,4.442109806612686,114,0.6435102425764277,-0.0288901142064431,7166.334476093832
1792,88.29460999458644,88.29460999458644,0.00896414165449844,0.0,4.442109806612686,114,0.6434094143262877,-0.06794026986696074,7169.972732767057
1793,87.93043510576949,87.93043510576949,-0.004133072084288648,0.0,4.442109806612686,114,0.6434559087632166,-0.12254040374286333,7168.29119931277
1794,87.6468757506035,87.6468757506035,-0.0032300255689719946,0.0,4.442109806612686,114,0.6434922035581374,-0.10001823736876739,7166.981898324069
1795,88.32181695575105,88.32181695575105,0.007671188603231808,0.0,4.442109806612686,114,0.643405941671929,-0.09819372639068898,7170.098357615976
1796,87.19357789272217,87.19357789272217,-0.0128564745492911,0.0,4.442109806612686,114,0.6435505335734762,-0.12800866035275899,7164.888850351266
1797,86.95817604606549,86.95817604606549,-0.0027034122218225773,0.0,4.442109806612686,114,0.6435808383459987,-0.11383088970572412,7163.801910827127
1798,86.74112853540082,86.74112853540082,-0.0024991190857506676,0.0,4.442109806612686,114,0.6436088163682054,-0.10332403703797481,7162.799720227061
1799,86.82759458868219,86.82759458868219,0.000996332275513793,0.0,4.442109806612686,114,0.6435976528909055,-0.09343556629717419,7163.198966758652
1800,86.72373505107439,86.72373505107439,-0.0011968741492408125,0.0,4.423723515676529,112,0.6433771287145171,-0.08414317166960311,7173.48895951608
1801,86.61522605429737,86.61522605429737,-0.0012519864000427395,0.0,4.423723515676529,112,0.6433726096512623,-0.08366065297669484,7173.378788896689
1802,86.61504656207124,86.61504656207124,-2.0722962957074477e-06,0.0,4.423723515676529,112,0.6433726021758526,-0.08354653076906979,7173.378606655859
1803,86.61919507482385,86.61919507482385,4.7894835503727895e-05,0.0,4.423723515676529,112,0.6433727749511063,-0.08698023307085613,7173.382818695717
1804,86.19993086168877,86.19993086168877,-0.004852067540659022,0.0,4.423723515676529,112,0.6433553126118619,-0.08605385832073262,7172.957134195614
1805,86.3292929575939,86.3292929575939,0.0014995966165474895,0.0,4.423723515676529,112,0.6433607007595452,-0.09318375078517967,7173.08847724232
1806,86.07508105999248,86.07508105999248,-0.0029490212563834024,0.0,4.423723515676529,112,0.6433501122216579,-0.10558439499548296,7172.830372540892
1807,86.13448812746584,86.13448812746584,0.0006899392421713396,0.0,4.423723515676529,112,0.643352586737351,-0.10128970665658794,7172.890689322119
1808,85.51418733506057,85.51418733506057,-0.007227594282453268,0.0,4.423723515676529,112,0.6433344870929039,-0.12832991549067088,7172.260889724502
1809,85.63634120690975,85.63634120690975,0.0014274439422594138,0.0,4.423723515676529,112,0.6433371373595514,-0.15615233373256804,7172.3849141659975
1810,85.33053299295996,85.33053299295996,-0.003577401078662015,0.0,4.423723515676529,112,0.6433306871022388,-0.1678860442827106,7172.074423042252
1811,85.4133271707329,85.4133271707329,0.00096980569822796,0.0,4.423723515676529,112,0.6433323993369866,-0.17193335598968268,7172.158485065846
1812,85.55730182040966,85.55730182040966,0.0016842037086585286,0.0,4.423723515676529,112,0.6433354179482643,-0.16896374251442614,7172.304664431638
1813,85.22514644751217,85.22514644751217,-0.003889811805326398,0.0,4.423723515676529,112,0.6433285075853082,-0.1791167377615956,7171.967422688989
1814,85.50867019430764,85.50867019430764,0.0033212401970821644,0.0,4.423723515676529,112,0.6433343716820654,-0.18382490921586364,7172.255288098535
1815,85.27013893659202,85.27013893659202,-0.0027934544577533117,0.0,4.423723515676529,112,0.643329438090523,-0.1845579227618867,7172.013104158149
1816,85.30271337062595,85.30271337062595,0.0003819416042976847,0.0,4.423723515676529,112,0.6433301117662525,-0.1891533480371681,7172.0461774118
1817,85.42665653382792,85.42665653382792,0.0014519257588185318,0.0,4.423723515676529,112,0.6433326749926995,-0.18694141524664173,7172.17201854447
1818,85.59161519638029,85.59161519638029,0.0019291355484082977,0.0,4.423723515676529,112,0.643336164401167,-0.18084972860935591,7172.339503256034
1819,85.6416152040036,85.6416152040036,0.0005839988993662258,0.0,4.423723515676529,112,0.6433372520879458,-0.17534043825335277,7172.390268924993
1820,86.29816973230983,86.29816973230983,0.00763706572812645,0.0,4.423723515676529,112,0.643359404443177,-0.15445143131036493,7173.056877420104
1821,85.48541556241985,85.48541556241985,-0.009462606488851562,0.0,4.423723515676529,112,0.6433338901367771,-0.19262471116277102,7172.23167736325
1822,86.22460392472351,86.22460392472351,0.008609782128499978,0.0,4.423723515676529,112,0.6433563403014371,-0.22670608633229303,7172.982185082799
1823,85.29642668656817,85.29642668656817,-0.0108230028141105,0.0,4.423723515676529,112,0.6433299817510786,-0.2833453519206935,7172.039794458339
1824,85.1562279915318,85.1562279915318,-0.0016450166401559523,0.0,4.423723515676529,112,0.6433270822359192,-0.2747679127684163,7171.897448869228
1825,85.30061913255885,85.30061913255885,0.0016941669167201113,0.0,4.423723515676529,112,0.6433300684552541,-0.2567643080029838,7172.044051104195
1826,84.77866650525945,84.77866650525945,-0.006137775848916305,0.0,4.423723515676529,112,0.6433254933950452,-0.2438751340288599,7171.514105699203
1827,84.73205597606145,84.73205597606145,-0.0005499419705189394,0.0,4.423723515676529,112,0.6433276121849387,-0.23200678804024366,7171.466781412513
1828,85.51114004871006,85.51114004871006,0.00915266547588973,0.0,4.423723515676529,112,0.6433344233479744,-0.20937267259709508,7172.2577957743715
1829,86.57346207542989,86.57346207542989,0.012346665635586377,0.0,4.423723515676529,112,0.6433708702740478,-0.10021655241027717,7173.336385376642
1830,86.73668009700287,86.73668009700287,0.0018835374292730913,0.0,4.423723515676529,112,0.6433776678262734,-0.09461820537700201,7173.502102792401
1831,86.43939019771503,86.43939019771503,-0.003433386504534586,0.0,4.423723515676529,112,0.6433648448853447,-0.10883312081050704,7173.189727217461
1832,86.32942074123162,86.32942074123162,-0.0012730245781869473,0.0,4.423723515676529,112,0.6433606055037384,-0.133635897178421,7173.086206376046
1833,85.96868646384104,85.96868646384104,-0.004187333341355571,0.0,4.423723515676529,112,0.6433454760755332,-0.13044467792675776,7172.717435146725
1834,86.05925638806238,86.05925638806238,0.0010529676875520567,0.0,4.423723515676529,112,0.6433488352204714,-0.12668519611738308,7172.799200058617
1835,86.47011236163907,86.47011236163907,0.004762745649623187,0.0,4.423723515676529,112,0.6433649856739233,-0.17226946942411883,7173.192052399344
1836,86.50603093106783,86.50603093106783,0.0004153008531844788,0.0,4.423723515676529,112,0.6433664180869287,-0.14277892329888564,7173.22700763149
1837,86.99343445088284,86.99343445088284,0.005618516471234802,0.0,4.423723515676529,112,0.643386217096223,-0.12729141999021407,7173.708057224592
1838,87.07370519133127,87.07370519133127,0.0009222963771736124,0.0,4.423723515676529,112,0.6433894464820892,-0.11397531226081173,7173.785679294126
1839,87.15944877136623,87.15944877136623,0.0009842396238222185,0.0,4.423723515676529,112,0.6433929106374149,-0.10409103113560678,7173.8689439477175
1840,88.31862399559182,88.31862399559182,0.013211816921297987,0.0,4.423723515676529,112,0.643441873668916,-0.0841977371256172,7175.029419083962
1841,87.2753074546872,87.2753074546872,-0.011883426835918044,0.0,4.423723515676529,112,0.6433974063652531,-0.15633668937619352,7173.977039985497
1842,87.26991546204333,87.26991546204333,-6.178333105281961e-05,0.0,4.423723515676529,112,0.6433971599640033,-0.17188808885732407,7173.971122958394
1843,87.49099922170959,87.49099922170959,0.002530129554498039,0.0,4.423723515676529,112,0.6434059405220602,-0.17354619508220634,7174.1822132378065
1844,87.33001068365512,87.33001068365512,-0.001841753272658141,0.0,4.423723515676529,112,0.6433996163210458,-0.17413044471837355,7174.030159345519
1845,87.03082180078961,87.03082180078961,-0.0034318392754185477,0.0,4.423723515676529,112,0.6433878624080132,-0.16460003799518996,7173.747575040334
1846,87.2600087083543,87.2600087083543,0.0026299380064251426,0.0,4.423723515676529,112,0.6433968663114371,-0.18787494434579669,7173.964042385014
1847,86.85649651656998,86.85649651656998,-0.004634976031141962,0.0,4.423723515676529,112,0.6433810189563636,-0.20572190178972374,7173.582924573226
1848,87.5480849698576,87.5480849698576,0.007930893470940777,0.0,4.423723515676529,112,0.6434081829884236,-0.24148725832072734,7174.236130804266
1849,86.87732923652354,86.87732923652354,-0.007691070051832875,0.0,4.423723515676529,112,0.6433818141385007,-0.30017061321822963,7173.602176834662
1850,87.35042696727521,87.35042696727521,0.005430809692354833,0.0,4.423723515676529,112,0.6434006889422174,-0.33415851973362365,7174.055889633159
1851,87.74679602004112,87.74679602004112,0.004527424513690681,0.0,4.423723515676529,112,0.643416408171754,-0.3071805643933922,7174.433815948991
1852,87.1224876491618,87.1224876491618,-0.007140316586902917,0.0,4.423723515676529,112,0.6433916485599174,-0.310790955535707,7173.838556150317
1853,86.75753960912317,86.75753960912317,-0.004197705529272717,0.0,4.423723515676529,112,0.643377237709307,-0.3015033490644641,7173.490588852468
1854,86.67435379170406,86.67435379170406,-0.000959290960470393,0.0,4.423723515676529,112,0.6433702058253218,-0.28726843789829154,7173.33160866586
1855,87.10544654531854,87.10544654531854,0.004961377986012603,0.0,4.423723515676529,112,0.6434306955200791,-0.23594322223392003,7174.646070599648
1856,87.12012897606571,87.12012897606571,0.0001685450685181893,0.0,4.423723515676529,112,0.643427565516915,-0.2828795818816695,7174.58244525826
1857,87.31049333446502,87.31049333446502,0.00218269511918101,0.0,4.423723515676529,112,0.6434458120745613,-0.28787030257020163,7174.986685435083
1858,87.70055561025252,87.70055561025252,0.004457580524409059,0.0,4.423723515676529,112,0.6434614448818985,-0.27804623221077107,7175.362432196749
1859,87.60530341670388,87.60530341670388,-0.0010866973123549969,0.0,4.423723515676529,112,0.6434575545306578,-0.28071278681542716,7175.268957068799
1860,87.79636681866242,87.79636681866242,0.002178582191050231,0.0,4.423723515676529,112,0.6434651143740227,-0.2833172047934253,7175.450477464924
1861,88.06633450563918,88.06633450563918,0.003070212125799863,0.0,4.423723515676529,112,0.6434762344226823,-0.27881290804671666,7175.710178159047
1862,87.88579628129855,87.88579628129855,-0.002052129597869488,0.0,4.423723515676529,112,0.6434687037242535,-0.28213582586231317,7175.534837658381
1863,88.07628470812814,88.07628470812814,0.0021651085298730987,0.0,4.423723515676529,112,0.6434764630833657,-0.2851242560938455,7175.7155880492255
1864,88.55800206359488,88.55800206359488,0.0054544172431608764,0.0,4.423723515676529,112,0.6434962818138008,-0.2753541081498913,7176.177182013453
1865,88.46864653617654,88.46864653617654,-0.0010095150726040047,0.0,4.423723515676529,112,0.6434925614053413,-0.2775625132132538,7176.090518696671
1866,89.2092294195014,89.2092294195014,0.00833629024614399,0.0,4.423723515676529,112,0.64352318216233,-0.2757774320941261,7176.79466062551
1867,89.40475806426537,89.40475806426537,0.0021893998966550834,0.0,4.423723515676529,112,0.6435313269164576,-0.26721982545211126,7176.979200372839
1868,88.79082777712301,88.79082777712301,-0.0068905490934814935,0.0,4.423723515676529,112,0.6435060736485896,-0.2715727887011526,7176.404966018761
1869,88.66253777893054,88.66253777893054,-0.0014459012387965304,0.0,4.423723515676529,112,0.6435006291607602,-0.25889885717236516,7176.27845097111
1870,88.76463625986706,88.76463625986706,0.0011508777362758745,0.0,4.423723515676529,112,0.6435046735841242,-0.2616581419902145,7176.3726640179275
1871,88.66119075525769,88.66119075525769,-0.001166070555466123,0.0,4.423723515676529,112,0.6435003382066603,-0.2619412879395856,7176.271756640801
1872,88.5406044698116,88.5406044698116,-0.001361005444744962,0.0,4.423723515676529,112,0.6434954751978258,-0.25608378229739953,7176.158459057047
1873,88.31272738870571,88.31272738870571,-0.002577019101903895,0.0,4.423723515676529,112,0.6434855372234607,-0.2459982988369591,7175.928893851337
1874,87.90952215105742,87.90952215105742,-0.004576107072967678,0.0,4.423723515676529,112,0.6434569323998427,-0.22689149907083006,7175.299864807747
1875,87.5713237869568,87.5713237869568,-0.003854537867349527,0.0,4.423723515676529,112,0.6434428125502586,-0.21217774256556454,7174.965518007068
1876,87.75524912504186,87.75524912504186,0.002098089325535302,0.0,4.423723515676529,112,0.6434517028397266,-0.2162350543693847,7175.17314529245
1877,87.92179387797661,87.92179387797661,0.0018960337672025757,0.0,4.423723515676529,112,0.6434577677829413,-0.2155215408587361,7175.318098395949
1878,87.64517707863264,87.64517707863264,-0.003151128332716961,0.0,4.423723515676529,112,0.6434349873036082,-0.2174789246336304,7174.807508337395
1879,87.05977400182589,87.05977400182589,-0.0067016448492776565,0.0,4.423723515676529,112,0.6433316495422419,-0.19711245213012665,7172.535556072827
1880,86.84775554154157,86.84775554154157,-0.0024382908075701606,0.0,4.423723515676529,112,0.6433196333737601,-0.14632624698674898,7171.664309302724
1881,87.01555811833565,87.01555811833565,0.0019302821896618166,0.0,4.423723515676529,112,0.6433318942421777,-0.10450133766519722,7171.941959209477
1882,87.38914660087258,87.38914660087258,0.004284162569391044,0.0,4.423723515676529,112,0.6433501858172028,-0.040374246753430335,7172.368247439282
1883,87.99437303196083,87.99437303196083,0.00690177543277885,0.0,4.423723515676529,112,0.643430592382753,-0.04092980792613237,7174.115270309544
1884,87.87665909297479,87.87665909297479,-0.0013386395148986742,0.0,4.423723515676529,112,0.6434171180278568,-0.0477431787912744,7173.81880054352
1885,88.40677750439723,88.40677750439723,0.006014405206237479,0.0,4.423723515676529,112,0.6434861969470341,-0.04879330024694315,7175.305289092593
1886,89.07454214167502,89.07454214167502,0.007524936028220392,0.0,4.423723515676529,112,0.643525082946107,-0.02886917158445317,7176.130767738094
1887,88.74590525210601,88.74590525210601,-0.003696282048014186,0.0,4.423723515676529,112,0.6434801869936321,-0.04201311766267086,7174.308505405347
1888,88.34225752110235,88.34225752110235,-0.004558728530840814,0.0,4.423723515676529,112,0.6434755871834709,-0.09991360589615135,7173.065174042263
1889,89.06503540156379,89.06503540156379,0.00814827696859994,0.0,4.423723515676529,112,0.6435290520111674,-0.14912637242046062,7176.179871244526
1890,88.6249864429918,88.6249864429918,-0.004953005842647948,0.0,4.423723515676529,112,0.6435292329850996,-0.17325613821066754,7174.6513148799395
1891,89.01879883858894,89.01879883858894,0.004433738451409864,0.0,4.423723515676529,112,0.6435770934412335,-0.19469497752527476,7175.679757085049
1892,88.91997164909141,88.91997164909141,-0.0011108000734003148,0.0,4.423723515676529,112,0.6435665345194697,-0.20580126261151252,7175.3763579965935
1893,88.54684848344203,88.54684848344203,-0.004204996913423263,0.0,4.423723515676529,112,0.643519021506855,-0.19809464072534164,7173.342995366053
1894,88.16217117534828,88.16217117534828,-0.004353800575485995,0.0,4.423723515676529,112,0.6435213802487758,-0.1799363740498092,7171.985065726773
1895,87.90327851198165,87.90327851198165,-0.00294087057304204,0.0,4.423723515676529,112,0.6434670666432311,-0.1696988906431421,7170.832241668591
1896,87.22628288828378,87.22628288828378,-0.007731407428269959,0.0,4.423723515676529,112,0.6434205630947095,-0.1447530741692095,7169.68172373127
1897,87.32737547047682,87.32737547047682,0.0011582981926151206,0.0,4.423723515676529,112,0.6434159832308394,-0.15719385631646343,7169.875660058122
1898,87.23540413277881,87.23540413277881,-0.0010537337503116202,0.0,4.423723515676529,112,0.6434187117559705,-0.1586553988624642,7169.346862167087
1899,87.235278697575,87.235278697575,-1.437894341634719e-06,0.0,4.423723515676529,112,0.6434050824442862,-0.16808327018151406,7169.063069172647
1900,88.48918638305551,88.48918638305551,0.014271535468709799,0.0,4.423723515676529,112,0.6434801362774081,-0.05244634686405685,7170.739594743881
1901,89.09168762108362,89.09168762108362,0.006785680645798973,0.0,4.423723515676529,112,0.6435226082495089,0.013789363785948071,7173.301843848578
1902,89.27679516345684,89.27679516345684,0.002075564089984495,0.0,4.423723515676529,112,0.6435197693670315,0.02308135370466877,7173.757698007327
1903,89.14226490991042,89.14226490991042,-0.0015080258688300952,0.0,4.423723515676529,112,0.6435322871585869,0.024319557428176538,7173.2110275445975
1904,89.26625000981807,89.26625000981807,0.00138990137240065,0.0,4.423723515676529,112,0.6435409780189627,0.0163943143956238,7173.59000925104
1905,88.14816020051107,88.14816020051107,-0.01260443963595166,0.0,4.423723515676529,112,0.6434555393291116,0.011571741636739337,7166.263284919458
1906,88.40430413574943,88.40430413574943,0.002901620387074903,0.0,4.423723515676529,112,0.6434789011538072,-0.004158926302367965,7167.445787661438
1907,88.02939555647204,88.02939555647204,-0.004249858663160267,0.0,4.423723515676529,112,0.643423601509015,0.013456799920076465,7165.212761695092
1908,87.94372163665915,87.94372163665915,-0.0009737160760525215,0.0,4.423723515676529,112,0.6434327032645489,0.061954843114909494,7164.848399733084
1909,87.74920891580894,87.74920891580894,-0.0022142359366496196,0.0,4.423723515676529,112,0.6434214673146951,0.09746934364964371,7164.4803339757755
1910,86.84524516995155,86.84524516995155,-0.010355103523853715,0.0,4.423723515676529,112,0.6434434429300347,0.09164926848060215,7162.345889728983
1911,86.94982865520106,86.94982865520106,0.0012035266083389672,0.0,4.423723515676529,112,0.6434484314297917,0.1069095375137513,7162.43337156244
1912,87.59896771613329,87.59896771613329,0.007437943625141192,0.0,4.423723515676529,112,0.6434774923225423,0.09163693951854363,7163.0240570969045
1913,87.68863666391093,87.68863666391093,0.001023106635708788,0.0,4.423723515676529,112,0.6434726802717107,0.09419625160064833,7163.156284033797
1914,87.52339361784425,87.52339361784425,-0.0018862071832904755,0.0,4.423723515676529,112,0.6434457358019193,0.09663410502065567,7162.108230539661
1915,87.59879876195771,87.59879876195771,0.0008611718223589007,0.0,4.423723515676529,112,0.6434416425288211,0.096937823449008,7162.203132392034
1916,87.24003971312459,87.24003971312459,-0.004103888535034859,0.0,4.423723515676529,112,0.6433977753731023,0.09314095918402557,7160.253924556987
1917,87.24617591679701,87.24617591679701,7.033453792093351e-05,0.0,4.423723515676529,112,0.6433968124596515,0.0861495635184557,7160.15697026263
1918,87.86916555604132,87.86916555604132,0.007115222028084167,0.0,4.423723515676529,112,0.6434393932263079,0.08821876810834618,7162.778297515404
1919,88.12122305754966,88.12122305754966,0.002864448176285166,0.0,4.423723515676529,112,0.6434309454486954,0.10383898605234976,7163.424105588634
1920,87.8176069608558,87.8176069608558,-0.0034513858942139377,0.0,4.423723515676529,112,0.643446124707297,0.091603685245347,7162.562822667957
1921,87.39854107648146,87.39854107648146,-0.004783425364928426,0.0,4.423723515676529,112,0.6434393568788574,0.1067221329399257,7161.904959618465
1922,86.90775799768855,86.90775799768855,-0.005631286744658005,0.0,4.423723515676529,112,0.6434214847623784,0.12545703217429027,7161.379647405229
1923,86.63883110556988,86.63883110556988,-0.003099192081637606,0.0,4.423723515676529,112,0.6434335431052575,0.12653777030493366,7160.517898108992
1924,86.28777494065754,86.28777494065754,-0.004060180850178399,0.0,4.423723515676529,112,0.6433905843762069,0.13812340828825587,7158.595733190393
1925,86.19103359022044,86.19103359022044,-0.0011217767725312856,0.0,4.423723515676529,112,0.6433946003944022,0.1433658067178171,7158.21168552575
1926,86.4768817712528,86.4768817712528,0.0033109618723011973,0.0,4.423723515676529,112,0.6434075083821466,0.13062451106549555,7159.272387086265
1927,86.64699111615681,86.64699111615681,0.0019651755337091645,0.0,4.423723515676529,112,0.6433990987141911,0.15027975224539936,7159.634441865521
1928,86.93212995440474,86.93212995440474,0.0032854077491507264,0.0,4.423723515676529,112,0.6434118498657213,0.15512052536287588,7160.690032294208
1929,86.7045495020136,86.7045495020136,-0.002621342258105963,0.0,4.423723515676529,112,0.6434245036048252,0.14975201030490368,7159.9943584660405
1930,87.13679380361572,87.13679380361572,0.004972869907073068,0.0,4.423723515676529,112,0.6434211057419755,0.13906600058777724,7160.846253974829
1931,87.15841113486708,87.15841113486708,0.000248054229258278,0.0,4.423723515676529,112,0.6434218510998735,0.14056388297036754,7160.863893246106
1932,86.72724286188847,86.72724286188847,-0.004959226327699239,0.0,4.423723515676529,112,0.643405977231045,0.13507859425582233,7160.407701884224
1933,87.41218298641192,87.41218298641192,0.007866612094254483,0.0,4.423723515676529,112,0.643389809406304,0.09606914069455832,7162.002109634803
1934,87.57696964260889,87.57696964260889,0.0018833933696089935,0.0,4.423723515676529,112,0.6433896610318147,0.09671364468555195,7162.305436289599
1935,86.9961923627145,86.9961923627145,-0.006653708002927314,0.0,4.423723515676529,112,0.6433812027861617,0.09169409660535224,7161.42824140928
1936,86.83519753004533,86.83519753004533,-0.001852310780007249,0.0,4.423723515676529,112,0.6433768715095467,0.09639688564136345,7161.222020723089
1937,86.66793429915056,86.66793429915056,-0.0019280722018973507,0.0,4.423723515676529,112,0.6433874254822132,0.10275405270527527,7160.707397471066
1938,85.77023377295981,85.77023377295981,-0.010411948190924837,0.0,4.423723515676529,112,0.6434233818313043,0.0962076643972705,7158.460109896163
1939,86.10319480064666,86.10319480064666,0.0038744958656663467,0.0,4.423723515676529,112,0.6434321175842049,0.060359155556912396,7158.772721098182
1940,86.04989609809957,86.04989609809957,-0.0006192012466553062,0.0,4.423723515676529,112,0.6434360800279946,0.06251555694024062,7158.61153155729
1941,86.17715469432464,86.17715469432464,0.0014778005986806962,0.0,4.423723515676529,112,0.6434292284969959,0.055992865041822416,7158.832970925961
1942,86.59284137223851,86.59284137223851,0.004812033217601929,0.0,4.423723515676529,112,0.6434463056976072,0.04069088198429697,7160.653061643967
1943,86.30304220633937,86.30304220633937,-0.003352300023525476,0.0,4.423723515676529,112,0.6434543616057286,0.03607802987776419,7159.969018367046
1944,86.03243678782864,86.03243678782864,-0.003140451896411597,0.0,4.423723515676529,112,0.6434785622649649,0.04580716097964011,7159.017402979512
1945,85.65638761245923,85.65638761245923,-0.004380597025304245,0.0,4.423723515676529,112,0.6434701547070476,0.018432621451379617,7158.639432553616
1946,86.09874475200101,86.09874475200101,0.005151032304479915,0.0,4.423723515676529,112,0.6434754678584302,0.02124752812548426,7159.190831881736
1947,85.41060918854876,85.41060918854876,-0.00802450991991726,0.0,4.423723515676529,112,0.6435022198104509,-0.016239697643664713,7157.502101918447
1948,85.4861157744102,85.4861157744102,0.0008836517000664411,0.0,4.423723515676529,112,0.6434955600617054,-0.00030427739664951416,7157.575365943128
1949,85.99917278005847,85.99917278005847,0.005983703217848809,0.0,4.423723515676529,112,0.6434711236130529,0.03275666927360404,7158.698519972652
1950,85.92948796341767,85.92948796341767,-0.0008106248272436087,0.0,4.423723515676529,112,0.6434570934222376,0.047650012917290555,7158.01682367325
1951,85.27134830680286,85.27134830680286,-0.007688547708559233,0.0,4.423723515676529,112,0.6434864334094621,0.049719057558717875,7156.475707205663
1952,84.65743291890585,84.65743291890585,-0.00722559244488605,0.0,4.423723515676529,112,0.6435546910972749,0.0782513170988837,7154.551070719804
1953,84.49485407066742,84.49485407066742,-0.001922278453276716,0.0,4.423723515676529,112,0.643558568312139,0.07529367242354204,7154.318872642508
1954,85.53391297807696,85.53391297807696,0.012222306382359374,0.0,4.423723515676529,112,0.6436416579156312,0.053352194894040514,7158.023142499281
1955,85.95064544240424,85.95064544240424,0.0048603009917807995,0.0,4.423723515676529,112,0.6436487531097549,0.08264431170666094,7158.354873776238
1956,85.75492538410414,85.75492538410414,-0.0022797180327107933,0.0,4.423723515676529,112,0.6436152016272568,0.08576491603844602,7157.293086918859
1957,85.3616232723359,85.3616232723359,-0.004596899685556886,0.0,4.423723515676529,112,0.6436039669123741,0.09090128789915833,7156.833501347809
1958,84.58189896473353,84.58189896473353,-0.009176340100937444,0.0,4.423723515676529,112,0.6435237263932526,0.10896795931766454,7153.543835427979
1959,83.95324355924024,83.95324355924024,-0.0074602639159451044,0.0,4.423723515676529,112,0.6435487144790271,0.135215553518423,7152.827800339559
1960,83.96435900327884,83.96435900327884,0.00013239164787035457,0.0,4.423723515676529,112,0.6435385709146213,0.07501570650330802,7152.568491755674
1961,83.79672152763425,83.79672152763425,-0.0019985270828127514,0.0,4.423723515676529,112,0.6435551928316102,0.06060488253062495,7152.093794138583
1962,83.76993880688678,83.76993880688678,-0.000319666464940721,0.0,4.423723515676529,112,0.6435457433894578,0.06148829225033208,7151.638911455183
1963,83.15774515745946,83.15774515745946,-0.007334869562315445,0.0,4.423723515676529,112,0.6436118743240495,0.05734397560577858,7150.113848476237
1964,83.51663306611323,83.51663306611323,0.004306462302466488,0.0,4.423723515676529,112,0.6435952942631163,0.053117132663213655,7151.681275730435
1965,83.58107469735067,83.58107469735067,0.0007713048287104449,0.0,4.423723515676529,112,0.6435858517577681,0.09800287460343823,7151.7601064024475
1966,82.95487126464431,82.95487126464431,-0.0075203750203619475,0.0,4.423723515676529,112,0.6435902698924697,0.09722347596367727,7148.1429598368095
1967,82.71886862102728,82.71886862102728,-0.0028490067697250006,0.0,4.423723515676529,112,0.6436221589160226,0.10615654105848936,7147.366555376363
1968,81.98933009140993,81.98933009140993,-0.008858615493294251,0.0,4.423723515676529,112,0.6435983052012998,0.111658439294994,7144.199205526288
1969,81.1833712716518,81.1833712716518,-0.009878679060415996,0.0,4.423723515676529,112,0.6436409018490848,0.14469474553823253,7143.27395572106
1970,80.67857427514224,80.67857427514224,-0.006237397325262682,0.0,4.423723515676529,112,0.6437718870881745,0.19439264010947552,7140.288168423937
1971,80.81338292370329,80.81338292370329,0.0016695404800681588,0.0,4.423723515676529,112,0.6437664127899027,0.16993450752306585,7140.395341148648
1972,81.05322151176796,81.05322151176796,0.002963412550961568,0.0,4.423723515676529,112,0.6437387278098473,0.17111652589423318,7141.028867764746
1973,81.49806010489527,81.49806010489527,0.0054732229629230805,0.0,4.423723515676529,112,0.6437193383251532,0.18725091117507736,7141.446021283214
1974,81.6925927420571,81.6925927420571,0.0023841160741974216,0.0,4.423723515676529,112,0.6436950470089235,0.20315985977586035,7141.948477213863
1975,82.34814308987583,82.34814308987583,0.007992573725920608,0.0,4.423723515676529,112,0.6436308583248946,0.2174894828557019,7143.278747469888
1976,82.24113795131105,82.24113795131105,-0.001300268802002168,0.0,4.423723515676529,112,0.6436567606660966,0.2193913957851968,7142.702973756327
1977,82.23304588439233,82.23304588439233,-9.83992349016557e-05,0.0,4.423723515676529,112,0.6436699911394523,0.21367650978269564,7142.382409172764
1978,82.20138301381175,82.20138301381175,-0.0003851124266865455,0.0,4.423723515676529,112,0.6436786002820601,0.20139908492805708,7142.1966137393365
1979,82.06429997513233,82.06429997513233,-0.00166904088556715,0.0,4.423723515676529,112,0.6437039771754308,0.20963362548405431,7141.629053979446
1980,81.73834218760061,81.73834218760061,-0.003979889621793255,0.0,4.423723515676529,112,0.6437836156898736,0.20461246079490303,7139.902932445756
1981,81.81177173750514,81.81177173750514,0.0008979456275041307,0.0,4.423723515676529,112,0.6437711509383777,0.1903208650034155,7140.177402516922
1982,81.58459577700361,81.58459577700361,-0.002780675119491836,0.0,4.423723515676529,112,0.6438189976091887,0.18378929491450932,7139.1399069695735
1983,81.59706250240876,81.59706250240876,0.0001527956703082358,0.0,4.423723515676529,112,0.6438189824649824,0.17819211025401055,7139.143997976245
1984,81.98484317228207,81.98484317228207,0.0047411282398387815,0.0,4.423723515676529,112,0.6437179849135414,0.17942005202236957,7141.316046148911
1985,81.48918266325389,81.48918266325389,-0.006064107437504764,0.0,4.423723515676529,112,0.6438462047789852,0.1569358917233633,7138.554722363857
1986,81.3976440739638,81.3976440739638,-0.001123953370081457,0.0,4.423723515676529,112,0.643862966978105,0.15075211291445972,7138.187121327058
1987,81.60513586600598,81.60513586600598,0.0025458695144861838,0.0,4.423723515676529,112,0.6438254877752129,0.14137936016401983,7139.009574291555
1988,81.54243249343828,81.54243249343828,-0.0007686706738641481,0.0,4.423723515676529,112,0.6438413661874942,0.148464148849311,7138.668385377151
1989,81.56440498970946,81.56440498970946,0.0002694245899576385,0.0,4.423723515676529,112,0.6438450086386188,0.15548751390563179,7138.601139107224
1990,81.38210963724458,81.38210963724458,-0.002237487913566065,0.0,4.423723515676529,112,0.6438778958556255,0.1522418738916513,7137.878444725457
1991,81.92635577293825,81.92635577293825,0.0066652778741368756,0.0,4.423723515676529,112,0.6437715537273052,0.14375224944183973,7140.207665776796
1992,81.6311790591509,81.6311790591509,-0.0036094580975246505,0.0,4.423723515676529,112,0.6438244803756419,0.15508631897845715,7139.041225793301
1993,81.81713648992779,81.81713648992779,0.002275428907129056,0.0,4.423723515676529,112,0.6437898976264079,0.137268021514689,7139.799956606889
1994,82.04430141056434,82.04430141056434,0.002772648270101229,0.0,4.423723515676529,112,0.6437503355925452,0.15795024421365017,7140.678602946797
1995,81.88136002325182,81.88136002325182,-0.0019879918683976673,0.0,4.423723515676529,112,0.6437848832068206,0.15544763637303657,7139.920447310097
1996,82.10437871001521,82.10437871001521,0.0027199782857019765,0.0,4.423723515676529,112,0.643746205474858,0.15067476091472884,7140.783171093001
1997,82.3521333450954,82.3521333450954,0.0030130132205241737,0.0,4.423723515676529,112,0.6437000955199572,0.1521070523108436,7141.814645342551
1998,81.82006360626818,81.82006360626818,-0.006481872224417773,0.0,4.423723515676529,112,0.6437938297709584,0.17636010950367942,7139.719601099646
1999,81.28636060053299,81.28636060053299,-0.006544253705299939,0.0,4.423723515676529,112,0.6439060920019142,0.19837169099711044,7137.267618516214
