step,price,fundamental,log_return,volume,strategy_entropy,n_families,wealth_gini,acf1,mean_fitness
0,100.69230156905762,100.69230156905762,0.0,0.0,6.214608098422218,500,0.0,0.0,20000.0
1,100.93294651806212,100.93294651806212,0.0023870528671805107,0.0,6.214608098422218,500,0.0,0.0,20000.0
2,100.73790965277223,100.73790965277223,-0.0019342103246705268,0.0,6.214608098422218,500,0.0,0.0,20000.0
3,101.01188215956947,101.01188215956947,0.0027159648864910897,0.0,6.214608098422218,500,2.97000891002673e-06,0.0,19999.94
4,100.41092196358677,100.41092196358677,-0.005967169226963619,0.0,6.214608098422218,500,7.872596932664039e-05,0.0,19998.40766663783
5,100.62040785964045,100.62040785964045,0.00208411268097852,0.0,6.214608098422218,500,8.687466875349653e-05,0.0,19998.619972364442
6,101.60571808707145,101.60571808707145,0.009744715425382421,0.0,6.214608098422218,500,3.0574348275564315e-05,0.0,20000.615460968413
7,102.06632708947838,102.06632708947838,0.0045230535910757794,0.0,6.214608098422218,500,8.298890659650231e-05,0.0,20001.677960497167
8,102.42552625510274,102.42552625510274,0.003513093839002189,0.0,6.214608098422218,500,0.00012524543758866315,0.0,20002.542811422278
9,103.1490446399498,103.1490446399498,0.007039016246871238,0.0,6.214608098422218,500,0.00019129580549518394,0.0,20003.883575516244
10,103.45778319644837,103.45778319644837,0.002988660050961061,0.0,6.214608098422218,500,0.00022771137038966833,0.0,20004.629527412028
11,103.57504180836116,103.57504180836116,0.0011327539432285122,0.0,6.214608098422218,500,0.0002332382951685843,0.0,20004.739060946922
12,103.90623124329329,103.90623124329329,0.0031924781581378053,0.0,6.214608098422218,500,0.0002805188185232041,0.0,20005.70489191749
13,103.46667092035835,103.46667092035835,-0.004239329021874064,0.0,6.214608098422218,500,0.00023448097242973566,0.0,20004.77016751561
14,103.07717060583383,103.07717060583383,-0.003771603872246607,0.0,6.214608098422218,500,0.00013768595269162315,0.0,20002.783388284384
15,103.06372031283802,103.06372031283802,-0.00013049611801870323,0.0,6.214608098422218,500,0.00013376440848851244,0.0,20002.632389987004
16,103.3211402182342,103.3211402182342,0.002494563198328994,0.0,6.214608098422218,500,0.00016355168186060325,0.0,20003.311475106773
17,104.08163422677276,104.08163422677276,0.0073335317610363215,0.0,6.214608098422218,500,0.00023372746781729926,0.0,20004.729834941405
18,103.85591905293187,103.85591905293187,-0.0021709908473404606,0.0,6.214608098422218,500,0.00021768521520940624,0.0,20003.66177465608
19,102.90653275688413,102.90653275688413,-0.00918341758814073,0.0,6.214608098422218,500,0.00018527338375705596,0.0,20000.210335086118
20,103.41199024830085,103.41199024830085,0.004899787913393144,0.0,6.214608098422218,500,0.0002613860210404865,0.0,19999.767322009164
21,104.00707429019097,104.00707429019097,0.005738003649370888,0.0,6.214608098422218,500,0.00111077445606466,0.0,20023.871006962203
22,103.74840461984029,103.74840461984029,-0.0024901370146348284,0.0,6.214608098422218,500,0.0020107477173104864,0.0,19988.642799181314
23,104.33203724547207,104.33203724547207,0.005609697393110357,0.0,6.214608098422218,500,0.0020901538756918905,0.0,19986.233742315395
24,104.7233470818656,104.7233470818656,0.0037436040660308407,0.0,6.214608098422218,500,0.0015653394463821153,0.0,20007.420330110308
25,104.47418156085217,104.47418156085217,-0.0023821088179479216,0.0,6.214608098422218,500,0.0016328839729608572,0.0,20004.725165871456
26,104.59867053318987,104.59867053318987,0.001190867066699352,0.0,6.214608098422218,500,0.0016482908492225004,0.0,20003.96905023512
27,104.50173839356461,104.50173839356461,-0.0009271349306889217,0.0,6.214608098422218,500,0.001711767443371908,0.0,20001.700637518377
28,103.89222945888375,103.89222945888375,-0.00584959995691429,0.0,6.214608098422218,500,0.003182320987118313,0.0,19955.857660426118
29,104.85674265400067,104.85674265400067,0.009240956245997524,0.0,6.214608098422218,500,0.00318291681484406,0.0,19959.287387097913
30,104.65278713403389,104.65278713403389,-0.0019469814533171481,0.0,6.214608098422218,500,0.0034635160718190904,0.0,19950.94813482314
31,104.53604882804727,104.53604882804727,-0.0011161046675175858,0.0,6.214608098422218,500,0.0037206202756949157,0.0,19940.611223089494
32,104.04711102149807,104.04711102149807,-0.004688189616427933,0.0,6.214608098422218,500,0.0029407524103808513,0.0,19903.304286200542
33,102.73571238138383,102.73571238138383,-0.012683995705058546,0.0,6.214608098422218,500,0.0055357040624333135,0.0,19809.83774187248
34,102.47935922450574,102.47935922450574,-0.002498386577720627,0.0,6.214608098422218,500,0.006078603130649491,0.0,19785.758125611315
35,103.35032510157251,103.35032510157251,0.00846302687906172,0.0,6.214608098422218,500,0.006638509926901583,0.0,19813.884569324397
36,102.9789027411029,102.9789027411029,-0.003600292266435586,0.0,6.214608098422218,500,0.0063370351871817245,0.0,19794.81775264792
37,103.1980045535968,103.1980045535968,0.0021253776462802623,0.0,6.214608098422218,500,0.006323835752605207,0.0,19800.392721695876
38,102.39049276306746,102.39049276306746,-0.007855652955106856,0.0,6.214608098422218,500,0.008063683052805427,0.0,19743.339307804985
39,103.02563303566313,103.02563303566313,0.006183957507478924,0.0,6.214608098422218,500,0.007538213234073197,0.0,19772.42794511477
40,103.26124524920456,103.26124524920456,0.0022843170438611024,0.0,6.214608098422218,500,0.0077138024506601365,0.0,19779.180733447476
41,102.90712942804898,102.90712942804898,-0.003435213280835408,0.0,6.214608098422218,500,0.007980727089693197,0.0,19753.422071819758
42,102.81683509775903,102.81683509775903,-0.0008778202996061906,0.0,6.214608098422218,500,0.007983361305398432,0.0,19746.640842039546
43,103.37446132731681,103.37446132731681,0.005408837314626809,0.0,6.214608098422218,500,0.0073781576343646205,0.0,19766.10583902284
44,103.0766399034578,103.0766399034578,-0.002885154195595236,0.0,6.214608098422218,500,0.007367601645488372,0.0,19746.12091946257
45,103.08194642235092,103.08194642235092,5.147996975404392e-05,0.0,6.214608098422218,500,0.00752876406793092,0.0,19741.3856124088
46,104.14221641281898,104.14221641281898,0.010233162275645512,0.0,6.214608098422218,500,0.007686864194038772,0.0,19786.18896263174
47,102.91181963561213,102.91181963561213,-0.011884929012811088,0.0,6.214608098422218,500,0.008049317549426335,0.0,19758.570099921613
48,102.91819314690468,102.91819314690468,6.192985375088822e-05,0.0,6.214608098422218,500,0.008090992043506912,0.0,19753.948875869068
49,103.05677144266495,103.05677144266495,0.001345584080526603,0.0,6.214608098422218,500,0.008139944954946582,0.0,19752.04245301563
50,102.97469350306245,102.97469350306245,-0.0007967515443928485,0.0,6.214608098422218,500,0.008485739889792303,0.0,19735.807777502592
51,102.6965784699914,102.6965784699914,-0.0027044632915132144,0.0,6.214608098422218,500,0.008551493554071036,0.0,19732.248094053037
52,104.21518547371842,104.21518547371842,0.014679052008609448,0.0,6.214608098422218,500,0.006721009175341445,0.0,19826.88340258071
53,104.26822144515997,104.26822144515997,0.000508778836353582,0.0,6.214608098422218,500,0.006762518023264604,0.0,19826.053062564166
54,104.31082981673356,104.31082981673356,0.0004085585000842412,0.0,6.214608098422218,500,0.006868638266209307,0.0,19824.831605384126
55,104.08544593804116,104.08544593804116,-0.002163032575813336,0.0,6.214608098422218,500,0.006929413693175207,0.0,19813.434833436026
56,104.34340874988978,104.34340874988978,0.002475309322691484,0.0,6.214608098422218,500,0.0069892313785280165,0.0,19824.225627767864
57,103.42499551344741,103.42499551344741,-0.008840797729566615,0.0,6.214608098422218,500,0.008672715415461678,0.0,19755.256317027575
58,102.80274355355887,102.80274355355887,-0.006034628038574781,0.0,6.214608098422218,500,0.009760057543747511,0.0,19700.894816658307
59,103.33819174380997,103.33819174380997,0.005194983652273228,0.0,6.214608098422218,500,0.01022139069878552,0.0,19723.807902502067
60,102.88429223192308,102.88429223192308,-0.004402044201076249,0.0,6.214608098422218,500,0.010883528639236409,-0.12118421803239277,19688.908634920266
61,102.6436609193743,102.6436609193743,-0.002341593139121735,0.0,6.214608098422218,500,0.011148113932044172,-0.11097086135268297,19669.089066135988
62,102.52804688177955,102.52804688177955,-0.0011269979771657964,0.0,6.214608098422218,500,0.011108524123383519,-0.10595373311328374,19651.468968803856
63,103.09907777059229,103.09907777059229,0.005554056719762346,0.0,6.214608098422218,500,0.010323240526602223,-0.10040673529321165,19689.337753780663
64,102.85526347587565,102.85526347587565,-0.0023676549582657878,0.0,6.214608098422218,500,0.010708917555374958,-0.10425768565869514,19665.404877634515
65,103.05277791422016,103.05277791422016,0.0019184729026708574,0.0,6.214608098422218,500,0.010807021567467035,-0.11579730372922169,19670.04352018059
66,101.89321451250233,101.89321451250233,-0.011315915587942647,0.0,6.214608098422218,500,0.012754605704276082,-0.14747976861847498,19587.749568838866
67,102.16215670940679,102.16215670940679,0.0026359742556109475,0.0,6.214608098422218,500,0.012522680900358588,-0.17421931202082552,19595.146419547124
68,101.58975696642497,101.58975696642497,-0.00561860979349274,0.0,6.214608098422218,500,0.012355541213716426,-0.19543212107333874,19546.1145905743
69,100.8482497058574,100.8482497058574,-0.007325803973122559,0.0,6.214608098422218,500,0.013762118074199315,-0.18765594638542457,19494.32005925072
70,100.47323259352372,100.47323259352372,-0.0037255591585518616,0.0,6.214608098422218,500,0.014742941037508816,-0.1778195954760529,19457.81819331552
71,100.30446311086416,100.30446311086416,-0.0016811580770143483,0.0,6.214608098422218,500,0.014710668049583599,-0.17927719949273488,19436.955624210826
72,101.2621458827504,101.2621458827504,0.009502466534214642,0.0,6.214608098422218,500,0.013624204337555484,-0.1697496844645658,19503.33137673321
73,101.431868845788,101.431868845788,0.0016746720709138578,0.0,6.214608098422218,500,0.01369590530646927,-0.16670287311040657,19508.49090262008
74,101.10933265396599,101.10933265396599,-0.003184897315437544,0.0,6.214608098422218,500,0.013452198627678937,-0.1697776348022552,19485.80153027984
75,101.60014605496828,101.60014605496828,0.004842539808863064,0.0,6.214608098422218,500,0.013709769962311873,-0.17544971003525883,19500.839175642443
76,101.51737413784026,101.51737413784026,-0.0008150150871397736,0.0,6.214608098422218,500,0.013670919400146352,-0.18909689392556878,19490.93444974892
77,101.88330354226318,101.88330354226318,0.0035981177977091063,0.0,6.214608098422218,500,0.013625674134548417,-0.18704177619757187,19512.105505034706
78,101.57615737482914,101.57615737482914,-0.00301923930569055,0.0,6.214608098422218,500,0.013397141488664083,-0.2011026713009575,19494.44909611484
79,102.46691033613428,102.46691033613428,0.008731084372874648,0.0,6.214608098422218,500,0.014191126827140866,-0.18953037301124098,19528.416527152534
80,101.35578309362673,101.35578309362673,-0.010902988581962883,0.0,6.214608098422218,500,0.014806804043891309,-0.2471414152500623,19460.712141278287
81,101.24741094441964,101.24741094441964,-0.001069797147644403,0.0,6.214608098422218,500,0.015099563461371599,-0.2411643874266269,19445.25663121679
82,100.58150440031562,100.58150440031562,-0.006598746857334797,0.0,6.214608098422218,500,0.014808682527211825,-0.22863157645883697,19431.437489327745
83,100.74299625873743,100.74299625873743,0.0016042944850719145,0.0,6.214608098422218,500,0.014845012386670787,-0.2538143638274874,19434.351279475308
84,100.3741772044937,100.3741772044937,-0.003667707350308356,0.0,6.214608098422218,500,0.014671290464372317,-0.2548109787931074,19411.93457200472
85,100.17637811167786,100.17637811167786,-0.00197256154828734,0.0,6.214608098422218,500,0.014615645026246401,-0.25126582930318525,19404.49464084567
86,100.49105312626952,100.49105312626952,0.003136286447547945,0.0,6.214608098422218,500,0.014755042599910333,-0.25212589549985087,19417.134958092378
87,101.29580233629893,101.29580233629893,0.007976272535236303,0.0,6.214608098422218,500,0.014283938004435816,-0.22692036974694385,19458.86696146623
88,101.94739291147243,101.94739291147243,0.006411952014316739,0.0,6.214608098422218,500,0.014666028440324205,-0.16817778127321822,19493.098944939775
89,101.45447107526726,101.45447107526726,-0.004846787453106327,0.0,6.214608098422218,500,0.014363424086644412,-0.183622311265953,19459.366475045932
90,101.59205238746098,101.59205238746098,0.0013551705382880256,0.0,6.214608098422218,500,0.014390620662061928,-0.18826995321302184,19457.577713252573
91,101.30106577273604,101.30106577273604,-0.002868375397579914,0.0,6.214608098422218,500,0.014815828431380556,-0.19136146123218337,19424.4150835832
92,100.66307708928498,100.66307708928498,-0.006317862136702965,0.0,6.214608098422218,500,0.014846491860041737,-0.20883773738060488,19420.275956763773
93,100.37858671626033,100.37858671626033,-0.0028301652257834427,0.0,6.214608098422218,500,0.015361053811045052,-0.2329733869378038,19390.271332520104
94,101.15856206886924,101.15856206886924,0.007740302484996577,0.0,6.214608098422218,500,0.015474884021012684,-0.22539803990623838,19395.575895496357
95,101.75876160668072,101.75876160668072,0.005915722495341764,0.0,6.214608098422218,500,0.014925473861686703,-0.1867557368783539,19429.120146855814
96,101.88654735503627,101.88654735503627,0.0012549836358006499,0.0,6.214608098422218,500,0.014979861864115845,-0.17808255620238164,19429.68734214242
97,101.02855696652962,101.02855696652962,-0.0084566942878198,0.0,6.214608098422218,500,0.01575521811822549,-0.16852319964488954,19398.530450327562
98,100.97177170679382,100.97177170679382,-0.0005622293944231195,0.0,6.214608098422218,500,0.015857644854408246,-0.1456461202653287,19385.920941279877
99,100.59416837191448,100.59416837191448,-0.003746702210281685,0.0,6.214608098422218,500,0.01656086148786626,-0.15753638982793425,19357.163152028796
100,100.1560174400355,100.1560174400355,-0.004365142934583443,0.0,6.214608098422218,500,0.017390707109947917,-0.1447069102452465,19316.57810559637
101,100.321475130799,100.321475130799,0.0016506364500964489,0.0,6.214608098422218,500,0.017493411958238954,-0.1505572683261349,19319.179800043123
102,100.99070484506856,100.99070484506856,0.00664870033830037,0.0,6.214608098422218,500,0.016900162298034756,-0.13658106489340932,19365.25811286556
103,101.38267835601347,101.38267835601347,0.003873770304282912,0.0,6.214608098422218,500,0.016991307148802547,-0.11344519172159534,19378.244112606248
104,101.04185849100358,101.04185849100358,-0.003367380183963168,0.0,6.214608098422218,500,0.01714184893802168,-0.11982650009071782,19344.485452332094
105,101.41386239818992,101.41386239818992,0.003674920364937216,0.0,6.214608098422218,500,0.01672459202915903,-0.1273584832892127,19369.07294459291
106,100.68508903094971,100.68508903094971,-0.007212076272091261,0.0,6.214608098422218,500,0.01728399888201416,-0.07802691768974879,19308.228366139985
107,99.93863381119768,99.93863381119768,-0.007441379849800978,0.0,6.214608098422218,500,0.01718506806189061,-0.0506371527142357,19279.281145658315
108,99.1026003930784,99.1026003930784,-0.008400654649259457,0.0,6.214608098422218,500,0.018192661575966308,-0.017816977218090876,19223.22716111743
109,99.29735501258399,99.29735501258399,0.0019632532846286218,0.0,6.214608098422218,500,0.018177134546837927,-0.029223055825139108,19230.109233143143
110,99.71480111956339,99.71480111956339,0.004195188146622805,0.0,6.214608098422218,500,0.01784371744064136,-0.022078825602372426,19249.09889323202
111,100.1313176939622,100.1313176939622,0.004168378950425064,0.0,6.214608098422218,500,0.017811447901859012,0.010162733331012542,19271.60842813139
112,99.63836879272063,99.63836879272063,-0.004935182213413011,0.0,6.214608098422218,500,0.01862820189431389,-0.014205276438787792,19230.17941731871
113,98.5751340928591,98.5751340928591,-0.010728279175731551,0.0,6.214608098422218,500,0.019069058561208233,0.010723421781706023,19168.93574370691
114,98.0750645424486,98.0750645424486,-0.005085889887646125,0.0,6.214608098422218,500,0.02003376877533124,0.03597373095939988,19131.09385793396
115,97.52826467395467,97.52826467395467,-0.005590920103700639,0.0,6.214608098422218,500,0.020989967576875358,0.048815499856071795,19086.315695423553
116,97.54766637660788,97.54766637660788,0.00019891436747421123,0.0,6.214608098422218,500,0.021023341392003316,0.062257108983504984,19080.41777031568
117,97.50584674521839,97.50584674521839,-0.00042880162844493203,0.0,6.214608098422218,500,0.02116290381573928,0.040572382164593065,19068.90414255069
118,97.38723901137983,97.38723901137983,-0.0012171570686659646,0.0,6.214608098422218,500,0.021191853111001833,0.06083418751035683,19066.42618666608
119,97.58045284436756,97.58045284436756,0.001982009371909844,0.0,6.214608098422218,500,0.02097692209759702,0.07496461348883546,19075.45584059611
120,98.79691164803138,98.79691164803138,0.012389150515352986,0.0,6.214608098422218,500,0.02007103806641266,0.08709088750927449,19121.459962845416
121,98.68210908934647,98.68210908934647,-0.0011626811920477736,0.0,6.214608098422218,500,0.02032706514534768,0.08305893967389352,19101.35694960604
122,98.7421968632255,98.7421968632255,0.0006087171024307154,0.0,6.214608098422218,500,0.02039309036887375,0.08441802155107693,19097.961842527464
123,98.71823487942183,98.71823487942183,-0.0002427016259391192,0.0,6.214608098422218,500,0.020415386425777803,0.09277224908031034,19096.77374048633
124,98.419707510973,98.419707510973,-0.003028616338552435,0.0,6.214608098422218,500,0.020784460898277467,0.09454218268504035,19079.055307760522
125,98.68971032059734,98.68971032059734,0.0027396253458736274,0.0,6.214608098422218,500,0.020744107828234597,0.10609236580288624,19094.963799004854
126,98.512059275801,98.512059275801,-0.0018017190537120858,0.0,6.214608098422218,500,0.021002286464430933,0.1330971070176222,19073.400179920394
127,98.11465580803316,98.11465580803316,-0.004042217851359414,0.0,6.214608098422218,500,0.02134669363257759,0.1461005304365259,19052.623962573678
128,97.71665613805311,97.71665613805311,-0.004064725033025754,0.0,6.214608098422218,500,0.021909896365499417,0.13340663213199896,19016.15095722412
129,98.14901307346982,98.14901307346982,0.004414838388018143,0.0,6.214608098422218,500,0.022062934252660614,0.10947291111128249,19029.78327548339
130,98.38342125192116,98.38342125192116,0.0023854412673506484,0.0,6.214608098422218,500,0.022125140402400875,0.1157532259674747,19038.53927648279
131,98.13056717980852,98.13056717980852,-0.0025733965675585045,0.0,6.214608098422218,500,0.022135305687478308,0.11998719285414403,19025.3273836431
132,98.29861695884907,98.29861695884907,0.0017110473759502885,0.0,6.214608098422218,500,0.02214122970723468,0.10965098214524542,19027.238029397526
133,98.28754174245938,98.28754174245938,-0.00011267544444188926,0.0,6.214608098422218,500,0.022255403954479936,0.11463206693277393,19020.297757485907
134,98.36230789432992,98.36230789432992,0.0007603988064180775,0.0,6.214608098422218,500,0.02235581614868093,0.12548901360118692,19018.948472541062
135,98.04744245823665,98.04744245823665,-0.0032062125760811406,0.0,6.214608098422218,500,0.02219868394306448,0.1258917212998193,19012.377988056232
136,97.52896374173545,97.52896374173545,-0.005302070338598359,0.0,6.214608098422218,500,0.022052620835013484,0.1329668956367594,18993.291953528078
137,97.38794081537178,97.38794081537178,-0.0014470058540131463,0.0,6.214608098422218,500,0.02226392873300596,0.14412601709851436,18973.23037964931
138,96.91040981517273,96.91040981517273,-0.0049154504929542165,0.0,6.214608098422218,500,0.022693999247513953,0.1597558089395209,18927.88454708791
139,96.44264314004774,96.44264314004774,-0.00483848152946422,0.0,6.214608098422218,500,0.022498766969898866,0.2522034528447957,18914.885971711497
140,95.78358329509886,95.78358329509886,-0.006857154089910205,0.0,6.214608098422218,500,0.022462099973051257,0.2810109126647724,18887.628144410948
141,94.77322509150935,94.77322509150935,-0.010604372315562688,0.0,6.214608098422218,500,0.023445831121516676,0.30377050939208317,18799.10072324885
142,94.5016531876272,94.5016531876272,-0.002869605229274601,0.0,6.214608098422218,500,0.02376596610861386,0.33309009245465876,18770.366807910257
143,95.01600592135654,95.01600592135654,0.005428032395867164,0.0,6.214608098422218,500,0.023987915791079173,0.3212985051157713,18784.582423795982
144,95.39006856634717,95.39006856634717,0.003929109165507237,0.0,6.214608098422218,500,0.02407102907566943,0.3377393891426104,18792.946238586796
145,96.16959769464434,96.16959769464434,0.008138805485714115,0.0,6.214608098422218,500,0.023691391373898613,0.35227386141139466,18836.459917616547
146,95.66553247033394,95.66553247033394,-0.005255204132294595,0.0,6.214608098422218,500,0.02428897417196687,0.3006438640930584,18793.867928577223
147,95.95994939590437,95.95994939590437,0.003072839315194419,0.0,6.214608098422218,500,0.02441332125995536,0.25627557859165023,18802.12270209963
148,95.88699584132469,95.88699584132469,-0.0007605391684079273,0.0,6.214608098422218,500,0.02450443422528619,0.28751347024333235,18792.436178443106
149,95.52073504099562,95.52073504099562,-0.003827026689737213,0.0,6.214608098422218,500,0.025239907025944783,0.2950350573321867,18754.61912831585
150,95.96490683089547,95.96490683089547,0.004639226024417227,0.0,6.214608098422218,500,0.025233208453449677,0.2812486107131665,18778.271649331127
151,95.87212510145444,95.87212510145444,-0.0009672974580646383,0.0,6.214608098422218,500,0.025238404565496992,0.2743561176785526,18769.034036940542
152,95.04931288417362,95.04931288417362,-0.008619433418968824,0.0,6.214608098422218,500,0.025780038232919113,0.2617364880378745,18722.203417615106
153,95.20139424736387,95.20139424736387,0.0015987472307089452,0.0,6.214608098422218,500,0.02563910067854604,0.2592823974528577,18730.91857987117
154,95.22594720029149,95.22594720029149,0.00025787214038720124,0.0,6.214608098422218,500,0.025769984177166354,0.23069449058284,18723.900268858273
155,94.67055659762421,94.67055659762421,-0.0058494198171001755,0.0,6.214608098422218,500,0.02606527068455879,0.21749242788053622,18688.771166610288
156,94.75364750929575,94.75364750929575,0.0008772998930370794,0.0,6.214608098422218,500,0.026022922267081618,0.22398400894698,18693.073905063527
157,95.43432822806973,95.43432822806973,0.00715800904315073,0.0,6.214608098422218,500,0.02567064096461469,0.2370049933982984,18725.6625112481
158,95.58483594982867,95.58483594982867,0.0015758392991889513,0.0,6.214608098422218,500,0.025683294869856915,0.2519453297395402,18727.26792263803
159,94.84573853533114,94.84573853533114,-0.0077624207950406955,0.0,6.214608098422218,500,0.026503464365771383,0.22572002367905217,18667.39842720405
160,95.01874650283625,95.01874650283625,0.00182243683282069,0.0,6.214608098422218,500,0.026580517360547333,0.21899639459800158,18671.21556599908
161,95.16224994006245,95.16224994006245,0.0015091251717629485,0.0,6.214608098422218,500,0.0265996432073297,0.2099255066032794,18679.52890234248
162,95.46823603276412,95.46823603276412,0.0032102562601639593,0.0,6.214608098422218,500,0.02659001377600848,0.19619935424281157,18691.17214905953
163,95.60485673999013,95.60485673999013,0.0014300363125536808,0.0,6.214608098422218,500,0.0266152902013163,0.21510916324833254,18690.869563627348
164,95.1010563896579,95.1010563896579,-0.0052835437985586575,0.0,6.214608098422218,500,0.02725530509452985,0.21355058376586772,18646.007337933865
165,95.11275914751754,95.11275914751754,0.00012304845304071064,0.0,6.214608098422218,500,0.027295380486742224,0.2355503782769034,18645.10431602621
166,95.70623724458737,95.70623724458737,0.0062203451636923725,0.0,6.214608098422218,500,0.026721110129876234,0.20809845765069943,18670.391207361285
167,95.30829938193912,95.30829938193912,-0.00416657753249215,0.0,6.214608098422218,500,0.027055440177623607,0.1558168991277644,18648.185605871684
168,94.9992469885917,94.9992469885917,-0.003247928638935913,0.0,6.214608098422218,500,0.027329903390304996,0.18576940290070013,18620.290031586
169,95.12845483450091,95.12845483450091,0.001359169280028052,0.0,6.214608098422218,500,0.02736612824564501,0.17126470770836127,18623.291383930435
170,95.90513999760755,95.90513999760755,0.008131443512267498,0.0,6.214608098422218,500,0.02768306137282404,0.1602035784149765,18638.73253265692
171,96.13137478849684,96.13137478849684,0.002356165397017719,0.0,6.214608098422218,500,0.027694205029673707,0.19897955048403118,18643.00238273778
172,95.53910988398447,95.53910988398447,-0.006180052088421478,0.0,6.214608098422218,500,0.0283321936177632,0.15100438111972345,18592.144352338346
173,95.18810393029152,95.18810393029152,-0.0036807159602376058,0.0,6.214608098422218,500,0.028815806169532738,0.13808686508883616,18565.341814264648
174,95.07823367459085,95.07823367459085,-0.0011549102095093416,0.0,6.214608098422218,500,0.029106016305816686,0.12218615392133315,18547.439492428075
175,95.14622782252485,95.14622782252485,0.0007148833572151497,0.0,6.214608098422218,500,0.029182924218177805,0.12691554455492596,18543.545787035433
176,95.2045831734925,95.2045831734925,0.00061313479559604,0.0,6.214608098422218,500,0.029298951425044847,0.12786098807723476,18542.712009440267
177,95.41647868765686,95.41647868765686,0.0022232128955012777,0.0,6.214608098422218,500,0.029421430681821965,0.1293785386262486,18547.88766548467
178,96.20240936558194,96.20240936558194,0.008203106625593428,0.0,6.214608098422218,500,0.02949266831243041,0.14174521593910716,18599.96036769239
179,96.38582474630232,96.38582474630232,0.0019047418656639183,0.0,6.214608098422218,500,0.029522758582900814,0.1337625881788924,18603.33838725853
180,96.56698248776789,96.56698248776789,0.0018777419959970336,0.0,6.214608098422218,500,0.029530999420845062,0.16678157365297164,18604.768836863364
181,95.36273380130856,95.36273380130856,-0.012549015475426617,0.0,6.214608098422218,500,0.03108298085549473,0.12473847001095534,18513.25687200821
182,95.7236650922181,95.7236650922181,0.003777680904900679,0.0,6.214608098422218,500,0.0311876070314978,0.08041009073665634,18520.841255870786
183,96.09626249187144,96.09626249187144,0.0038848713265227366,0.0,6.214608098422218,500,0.03124756262659581,0.09474127146633275,18530.289637549573
184,96.72536393116823,96.72536393116823,0.0065252397582340315,0.0,6.214608098422218,500,0.031093748053662718,0.12162506697848795,18557.644536017768
185,96.93754184975788,96.93754184975788,0.0021912095414448295,0.0,6.214608098422218,500,0.030914529877991266,0.13859211120608123,18569.661362412142
186,97.67005223524491,97.67005223524491,0.0075281116172120875,0.0,6.214608098422218,500,0.030729589055928805,0.14234290939727282,18598.034217812063
187,97.45749025632412,97.45749025632412,-0.002178698714571584,0.0,6.214608098422218,500,0.030980473917645857,0.12017135325504735,18575.557736071798
188,98.21325894897882,98.21325894897882,0.0077249405348186065,0.0,6.214608098422218,500,0.030120347158841647,0.11766336745966782,18625.455972628493
189,98.07169185516007,98.07169185516007,-0.0014424653320124822,0.0,6.214608098422218,500,0.03042318357728832,0.10274670427694282,18606.34952782144
190,98.51238031209853,98.51238031209853,0.004483467966529511,0.0,6.214608098422218,500,0.030260398758613073,0.10145760743212782,18626.58674438958
191,98.65158542092294,98.65158542092294,0.0014120747818963234,0.0,6.214608098422218,500,0.030320779946864197,0.10951660893241481,18632.395100308422
192,99.58922773962486,99.58922773962486,0.009459700007195258,0.0,6.214608098422218,500,0.030938124179051524,0.11204749435912612,18666.762439650847
193,99.61049166225548,99.61049166225548,0.00021349350064585112,0.0,6.214608098422218,500,0.03095621806910177,0.11215526944262844,18667.75219291852
194,99.86244029402299,99.86244029402299,0.002526144908773515,0.0,6.214608098422218,500,0.031017482237443557,0.11296370483305315,18675.47673222272
195,99.96346847863688,99.96346847863688,0.0010111621044780767,0.0,6.214608098422218,500,0.03108296448260257,0.10134982106520361,18674.003027697338
196,100.57403973319478,100.57403973319478,0.0060893659912856545,0.0,6.214608098422218,500,0.030789909554424538,0.09625598738170198,18710.32983896545
197,100.35730337127768,100.35730337127768,-0.0021573184414778452,0.0,6.214608098422218,500,0.030701913603170556,0.07848954623211642,18706.07317161526
198,101.36114546963778,101.36114546963778,0.009952985371358407,0.0,6.214608098422218,500,0.03076387099371367,0.037856086811374805,18729.903494623537
199,101.03788139471521,101.03788139471521,-0.003194327115159507,0.0,6.214608098422218,500,0.03119493508657526,-0.014856916991307487,18699.34829442118
200,101.59201239045747,101.59201239045747,0.005469404013040943,0.0,5.920972185738105,400,0.10613896566843191,-0.09066271062185215,17478.19650046254
201,101.89681237358906,101.89681237358906,0.0029957439818802546,0.0,5.920972185738105,400,0.1061700615933377,-0.12950879268817225,17485.630173206006
202,100.96525900541188,100.96525900541188,-0.009184170405050601,0.0,5.920972185738105,400,0.10708066888190738,-0.12216288530449157,17428.759568683847
203,100.71948699942057,100.71948699942057,-0.0024371910371497785,0.0,5.920972185738105,400,0.10765384826729565,-0.1062150020361028,17409.267052568317
204,101.71796874566101,101.71796874566101,0.009864674889909828,0.0,5.920972185738105,400,0.10738536210018597,-0.13551505290390545,17448.821498613932
205,101.8847092608607,101.8847092608607,0.001637901368575067,0.0,5.920972185738105,400,0.10742139881190292,-0.10540484467600578,17450.113088514147
206,102.34980319501948,102.34980319501948,0.004554516595099768,0.0,5.920972185738105,400,0.10732274563966314,-0.09681667152248404,17459.56802123533
207,102.54422213232799,102.54422213232799,0.001897751731386586,0.0,5.920972185738105,400,0.10716031626470124,-0.09249644957899847,17468.504147932785
208,102.15406716793233,102.15406716793233,-0.0038120048602926487,0.0,5.920972185738105,400,0.1076560535930829,-0.10019156877453676,17443.568808630513
209,103.06763781133904,103.06763781133904,0.008903314377110536,0.0,5.920972185738105,400,0.10717334054945853,-0.11229930994107327,17488.51091574681
210,102.61281865491249,102.61281865491249,-0.004422587401529337,0.0,5.920972185738105,400,0.1077354006619815,-0.1354299644301565,17463.927963138733
211,103.85186759330904,103.85186759330904,0.012002670636636313,0.0,5.920972185738105,400,0.10729070999177326,-0.17861381888291966,17523.925996170372
212,104.613282646434,104.613282646434,0.0073049949902180365,0.0,5.920972185738105,400,0.10714889548054807,-0.1443882819471526,17547.661228559133
213,104.57081677544208,104.57081677544208,-0.0004060143356273158,0.0,5.920972185738105,400,0.10722497657216094,-0.15153878320785277,17542.056429334512
214,104.78512979103921,104.78512979103921,0.0020473561317237766,0.0,5.920972185738105,400,0.10727527394039407,-0.15890120729456442,17544.798775751802
215,104.35604009421468,104.35604009421468,-0.004103355634160871,0.0,5.920972185738105,400,0.10765857492375772,-0.16683402320967902,17521.980795278472
216,104.98343061576172,104.98343061576172,0.005994019167424416,0.0,5.920972185738105,400,0.10757752169707885,-0.1784316781555883,17542.229283850644
217,105.93962658148196,105.93962658148196,0.009066837252980573,0.0,5.920972185738105,400,0.10718212546326386,-0.15441722735521873,17586.182564023486
218,105.77776959244726,105.77776959244726,-0.0015289912259676469,0.0,5.920972185738105,400,0.10738373433969399,-0.16959285833714932,17577.89006773989
219,106.14651833865788,106.14651833865788,0.0034800080911291855,0.0,5.920972185738105,400,0.10727597506162032,-0.1842065624329868,17589.021952398907
220,105.6030691906254,105.6030691906254,-0.005132953008978585,0.0,5.920972185738105,400,0.10754145487202595,-0.18575483410299806,17564.01446168522
221,105.5091611201009,105.5091611201009,-0.0008896507471892156,0.0,5.920972185738105,400,0.10762882712044174,-0.17259550486817787,17559.942140033996
222,106.07902480395593,106.07902480395593,0.005386548962970118,0.0,5.920972185738105,400,0.10736727631396979,-0.17731321722860702,17576.625869744694
223,106.79935554121508,106.79935554121508,0.006767558878854352,0.0,5.920972185738105,400,0.10715322377059927,-0.16463742372276408,17608.45374835772
224,106.90835110503792,106.90835110503792,0.00102004345078661,0.0,5.920972185738105,400,0.10726506103015666,-0.1818074954968867,17610.68062617104
225,106.09534064751622,106.09534064751622,-0.007633805771251457,0.0,5.920972185738105,400,0.10670224271814237,-0.16138043300897215,17586.79935030147
226,105.65072404349408,105.65072404349408,-0.00419953266297272,0.0,5.920972185738105,400,0.10642471975074634,-0.10753872514566142,17568.957596395237
227,106.52715896565665,106.52715896565665,0.008261369134866834,0.0,5.920972185738105,400,0.10619980967594107,-0.15031792884227865,17609.514563881738
228,106.06457679570698,106.06457679570698,-0.00435184273128176,0.0,5.920972185738105,400,0.10664727254984022,-0.17526346371229048,17576.706355112525
229,106.36285665960557,106.36285665960557,0.002808300746095885,0.0,5.920972185738105,400,0.10680616016431031,-0.17696530345434378,17583.486143047838
230,106.57882238462696,106.57882238462696,0.002028403270214964,0.0,5.920972185738105,400,0.10688649572736483,-0.18375832367153852,17585.340807265475
231,107.49429819374696,107.49429819374696,0.008552978416815304,0.0,5.920972185738105,400,0.10676687727913756,-0.17506251013150934,17630.421060378412
232,106.90928868926916,106.90928868926916,-0.0054571004597250665,0.0,5.920972185738105,400,0.10723682070407042,-0.23444114637644123,17592.85589864926
233,107.39455762655,107.39455762655,0.0045288012793998685,0.0,5.920972185738105,400,0.1073879926689462,-0.26175832075499905,17610.802639786525
234,108.00553827143808,108.00553827143808,0.00567299917797292,0.0,5.920972185738105,400,0.10752626944771058,-0.25843432029467645,17651.154310864455
235,108.08920460690818,108.08920460690818,0.0007743486818449721,0.0,5.920972185738105,400,0.10757790260126492,-0.26282081528513124,17648.097314519608
236,107.00244533512434,107.00244533512434,-0.010105166982309333,0.0,5.920972185738105,400,0.10749260472943267,-0.23103729035440068,17624.316923046354
237,106.64457070694591,106.64457070694591,-0.0033501517552254807,0.0,5.920972185738105,400,0.10782147640155133,-0.19251767544906323,17610.851288143425
238,107.41065960434283,107.41065960434283,0.007157892541916414,0.0,5.920972185738105,400,0.10742151714268186,-0.20988818751636323,17631.248816029653
239,107.40657075054747,107.40657075054747,-3.806821072113448e-05,0.0,5.920972185738105,400,0.10750454652213805,-0.21517179410087148,17623.530832093496
240,107.53728922733724,107.53728922733724,0.0012163035773021884,0.0,5.920972185738105,400,0.107590988613597,-0.21382227621146033,17627.129567059535
241,107.09362326408859,107.09362326408859,-0.004134228290052326,0.0,5.920972185738105,400,0.10734547722162546,-0.21799370298187637,17613.91397610198
242,107.5575497896178,107.5575497896178,0.004322615537585399,0.0,5.920972185738105,400,0.10755969970713794,-0.22908219450084186,17622.575645228342
243,107.53889393717525,107.53889393717525,-0.0001734650017089566,0.0,5.920972185738105,400,0.10766498166284974,-0.23810016532121359,17612.974068016185
244,107.43610402717749,107.43610402717749,-0.0009562964884713774,0.0,5.920972185738105,400,0.10789959918104938,-0.2379518739567529,17601.490870859394
245,107.51122110395953,107.51122110395953,0.0006989347719880105,0.0,5.920972185738105,400,0.10793480103013306,-0.2377281827881056,17603.01703854761
246,107.34048949396822,107.34048949396822,-0.001589297524820955,0.0,5.920972185738105,400,0.10789181872700912,-0.22477750941262098,17594.483534007693
247,108.42990094812954,108.42990094812954,0.010097963015996022,0.0,5.920972185738105,400,0.10783365771333718,-0.219051975707165,17651.541068290426
248,109.39147337874363,109.39147337874363,0.008829057111332701,0.0,5.920972185738105,400,0.10735191778504054,-0.16894365119957705,17706.58381118549
249,110.3696889578388,110.3696889578388,0.008902592518952545,0.0,5.920972185738105,400,0.10796475994396444,-0.12965849180033184,17739.228051160684
250,110.54106265603393,110.54106265603393,0.0015515200715303429,0.0,5.920972185738105,400,0.10803188376696268,-0.13111912605844175,17739.367708882768
251,110.2093195571794,110.2093195571794,-0.003005597048259262,0.0,5.920972185738105,400,0.10825042531827116,-0.12619908998686732,17713.24152562723
252,110.69088032591314,110.69088032591314,0.0043599918138775805,0.0,5.920972185738105,400,0.10815927042642544,-0.130428009498409,17739.337535775052
253,110.52255131106776,110.52255131106776,-0.0015218700427771688,0.0,5.920972185738105,400,0.10817754870630926,-0.13425949540527493,17727.536024435358
254,111.07498491907509,111.07498491907509,0.0049859286510088195,0.0,5.920972185738105,400,0.10824034386787221,-0.13956447179873702,17760.403961747532
255,110.6784777790502,110.6784777790502,-0.003576111576917997,0.0,5.920972185738105,400,0.10840891321116305,-0.14575203303194115,17726.63624428559
256,110.886177629777,110.886177629777,0.0018748469712660954,0.0,5.920972185738105,400,0.10846015093233521,-0.13779596224374777,17729.040139142486
257,111.53091804612642,111.53091804612642,0.005797595911531608,0.0,5.920972185738105,400,0.10825183238854848,-0.11753147259573618,17743.270627934755
258,111.37382460474812,111.37382460474812,-0.0014095121128291598,0.0,5.920972185738105,400,0.10828786371215257,-0.10483347045356273,17734.558112248047
259,111.2096193528274,111.2096193528274,-0.0014754491959509846,0.0,5.920972185738105,400,0.10836595961110478,-0.08819725431710493,17726.532470896807
260,110.42324927785428,110.42324927785428,-0.007096180089937211,0.0,5.920972185738105,400,0.1085343739577363,-0.07271789597801624,17696.294204459566
261,109.96543088090544,109.96543088090544,-0.004154651274805175,0.0,5.920972185738105,400,0.10899040111951666,-0.03233998042931153,17676.662364194308
262,110.3071136768973,110.3071136768973,0.003102366395472768,0.0,5.920972185738105,400,0.10887295955854132,-0.06785903354095728,17683.445701899873
263,110.96952792089816,110.96952792089816,0.005987222311438898,0.0,5.920972185738105,400,0.10878312592075841,-0.04149298117025667,17709.34884579584
264,111.60097440276407,111.60097440276407,0.005674140727875748,0.0,5.920972185738105,400,0.10871437562311902,-0.03164059134383357,17740.483968869263
265,112.01109898485039,112.01109898485039,0.003668183347568554,0.0,5.920972185738105,400,0.10902554067298574,-0.025855350255847644,17749.76256200078
266,112.0149824585504,112.0149824585504,3.466983554222951e-05,0.0,5.920972185738105,400,0.10900878952226606,-0.028920132937215463,17745.010880643797
267,112.67743131942565,112.67743131942565,0.005896512206336828,0.0,5.920972185738105,400,0.10886208148673247,-0.031646541519690034,17771.499837095376
268,112.66345611511852,112.66345611511852,-0.00012403611687303645,0.0,5.920972185738105,400,0.10900293363329808,-0.010625321793848131,17765.519139512435
269,112.94896366748165,112.94896366748165,0.0025309573386572996,0.0,5.920972185738105,400,0.10917268057555775,0.018324420022457422,17771.394801107188
270,113.68094905157145,113.68094905157145,0.006459764474132797,0.0,5.920972185738105,400,0.10934505455237263,0.06612537113231888,17788.473143828942
271,114.21824304761438,114.21824304761438,0.004715198738261581,0.0,5.920972185738105,400,0.10931676553263764,0.03696866777309526,17809.720238757895
272,113.25769213362048,113.25769213362048,-0.008445347174041752,0.0,5.920972185738105,400,0.10985410548525885,0.020189640806012224,17754.650003202307
273,113.80109045217696,113.80109045217696,0.0047864200608970136,0.0,5.920972185738105,400,0.11017915008674194,-0.0032130850172811484,17769.684170885288
274,113.11278527202434,113.11278527202434,-0.006066683132739446,0.0,5.920972185738105,400,0.10976432239522692,-0.01755893071337417,17744.742773914135
275,112.44823614194226,112.44823614194226,-0.005892428121814099,0.0,5.920972185738105,400,0.11005128471701119,0.03540947183232794,17703.134289826416
276,112.39716245225905,112.39716245225905,-0.0004543005183202024,0.0,5.920972185738105,400,0.11023217896693842,0.017829844758888377,17695.761524508896
277,112.04510396898405,112.04510396898405,-0.003137187817906675,0.0,5.920972185738105,400,0.11001140642819238,0.037417021041368376,17686.51511598838
278,112.10222183614394,112.10222183614394,0.0005096457715124495,0.0,5.920972185738105,400,0.10999388155950464,0.04326146452520316,17682.966650640275
279,113.40468935566325,113.40468935566325,0.01155159277350588,0.0,5.920972185738105,400,0.10980986139993174,0.046867130544842345,17746.733449403055
280,113.56002973514221,113.56002973514221,0.0013688506685710373,0.0,5.920972185738105,400,0.10987358668818215,0.040964916561444326,17752.159088117238
281,114.14380064224451,114.14380064224451,0.005127469178930572,0.0,5.920972185738105,400,0.11019450159264872,0.047148044228155314,17771.188829692663
282,113.74846998924372,113.74846998924372,-0.0034694555322904233,0.0,5.920972185738105,400,0.11004366653257755,0.018810657214394455,17745.64295895455
283,113.7048277429698,113.7048277429698,-0.00038374688118062746,0.0,5.920972185738105,400,0.1100395663943996,0.02420949342473802,17743.67097858771
284,113.96384392402439,113.96384392402439,0.0022753793124853762,0.0,5.920972185738105,400,0.11007347844687788,0.02271069724757676,17747.85931843547
285,113.21449307923349,113.21449307923349,-0.006597051218767002,0.0,5.920972185738105,400,0.11011647477983386,-0.01538302692607079,17718.349114125966
286,113.167653433673,113.167653433673,-0.0004138104258695833,0.0,5.920972185738105,400,0.11025650683162959,0.01931157855795326,17713.29751561921
287,112.77379560656415,112.77379560656415,-0.0034863742595312047,0.0,5.920972185738105,400,0.11029282086736915,0.05296571505349391,17695.62319087554
288,112.756307647339,112.756307647339,-0.00015508314861636653,0.0,5.920972185738105,400,0.11032137550152062,0.06471563035826611,17693.51947639809
289,112.8220990495946,112.8220990495946,0.0005833129605306286,0.0,5.920972185738105,400,0.11038516733259111,0.06383198349097022,17689.51420203787
290,112.3296127590688,112.3296127590688,-0.004374713139044222,0.0,5.920972185738105,400,0.11041678036837659,0.05773011545815586,17677.778319634723
291,111.7555585456619,111.7555585456619,-0.005123547139176525,0.0,5.920972185738105,400,0.11085608519243378,0.11770116986065596,17657.575961785915
292,112.06588739145678,112.06588739145678,0.002773005449528849,0.0,5.920972185738105,400,0.1108351250472646,0.12912441608273142,17663.851127945105
293,112.78474579402126,112.78474579402126,0.0063941189897898576,0.0,5.920972185738105,400,0.11083661087319813,0.12230644021532901,17687.832415511595
294,113.28808389328583,113.28808389328583,0.004452891854833883,0.0,5.920972185738105,400,0.11048506022053309,0.1386147368509621,17709.499539399323
295,113.19451865142453,113.19451865142453,-0.0008262466620656036,0.0,5.920972185738105,400,0.11063803936130778,0.13392979979095734,17699.648000988593
296,113.12617662160089,113.12617662160089,-0.0006039397485808081,0.0,5.920972185738105,400,0.11078225409556477,0.10984125418992279,17688.791799321545
297,113.370751836377,113.370751836377,0.0021596346714269315,0.0,5.920972185738105,400,0.11079198650464649,0.13228488631161403,17696.953408620753
298,114.2113365574556,114.2113365574556,0.0073871239124184696,0.0,5.920972185738105,400,0.11124839509591436,0.1434591750348248,17714.184879595217
299,114.74213567203334,114.74213567203334,0.004636750518780981,0.0,5.920972185738105,400,0.1114596714408851,0.16120066741158703,17722.103417877435
300,114.48189005318584,114.48189005318584,-0.002270667133093561,0.0,5.920972185738105,400,0.11165328171808118,0.15070134374156324,17698.963643156603
301,114.22190069543716,114.22190069543716,-0.002273591258743536,0.0,5.920972185738105,400,0.11189455376241177,0.17583910051000806,17676.052944073035
302,113.61330854295105,113.61330854295105,-0.005342401659677798,0.0,5.920972185738105,400,0.11187716572118227,0.19210093539835343,17667.403632841426
303,113.97354242572555,113.97354242572555,0.003165685381940388,0.0,5.920972185738105,400,0.11157262846505989,0.17836840039547125,17680.111689196146
304,113.4173015057271,113.4173015057271,-0.0048923872207936765,0.0,5.920972185738105,400,0.11218383571905084,0.1636450342163733,17654.28479711347
305,113.1278536720603,113.1278536720603,-0.002555322720891005,0.0,5.920972185738105,400,0.1123766199617173,0.17751366037723712,17628.783875872894
306,113.90235807597695,113.90235807597695,0.006822945744090042,0.0,5.920972185738105,400,0.11225126378241318,0.17604471120219942,17669.755124734456
307,114.35609282537847,114.35609282537847,0.003975628023755458,0.0,5.920972185738105,400,0.11258940702714205,0.14153919925313535,17682.367755774565
308,113.95489061205154,113.95489061205154,-0.003514527599627298,0.0,5.920972185738105,400,0.11222824898841692,0.07921321837822246,17665.947522895745
309,113.55644233188447,113.55644233188447,-0.0035026711186782076,0.0,5.920972185738105,400,0.1125106449452145,0.09035332574979095,17636.172847727223
310,112.21048314853155,112.21048314853155,-0.011923581161438318,0.0,5.920972185738105,400,0.11326897242772899,0.1215149456920619,17558.301234145332
311,111.91188567612292,111.91188567612292,-0.0026645947983355393,0.0,5.920972185738105,400,0.11329343324093721,0.159809910593156,17543.156002869255
312,112.10924541247269,112.10924541247269,0.0017619747427417962,0.0,5.920972185738105,400,0.11328006127465955,0.16386451544157274,17555.132825770022
313,112.41074279712439,112.41074279712439,0.002685708014521785,0.0,5.920972185738105,400,0.11328470921586026,0.17319584848900962,17564.788448947285
314,111.97739935070716,111.97739935070716,-0.0038624499584161954,0.0,5.920972185738105,400,0.11323563042670155,0.18041042191483134,17555.26053827774
315,110.73061432445787,110.73061432445787,-0.011196705776689827,0.0,5.920972185738105,400,0.11448808405496558,0.20325223303415682,17493.591489571718
316,110.32041198505854,110.32041198505854,-0.003711385711296376,0.0,5.920972185738105,400,0.1148830691335333,0.22352849577937492,17471.48480152151
317,109.80407654027904,109.80407654027904,-0.004691312586030017,0.0,5.920972185738105,400,0.11515098695936701,0.24324618089675154,17439.89186754363
318,109.13669042046047,109.13669042046047,-0.0060965182151604715,0.0,5.920972185738105,400,0.11587859108635146,0.2551797501684422,17410.297784876566
319,109.35879388003151,109.35879388003151,0.002033026328043923,0.0,5.920972185738105,400,0.11587262014937497,0.2389608749738514,17414.548900381043
320,109.36420072461092,109.36420072461092,4.944011113497658e-05,0.0,5.920972185738105,400,0.1159326047737998,0.22746461925991307,17411.681979239653
321,109.02956967885792,109.02956967885792,-0.0030644766745123453,0.0,5.920972185738105,400,0.11630167143992215,0.2378915615776512,17396.22058263639
322,108.79773730947852,108.79773730947852,-0.002128589478689933,0.0,5.920972185738105,400,0.11656128477842446,0.22806890678547168,17380.855532277412
323,109.57465752899135,109.57465752899135,0.007115583433881869,0.0,5.920972185738105,400,0.11647271491666286,0.18851147544872102,17406.823370946127
324,109.02996386921672,109.02996386921672,-0.00498337851722066,0.0,5.920972185738105,400,0.11698932795452403,0.1462835397304111,17380.536112639853
325,109.38179145128426,109.38179145128426,0.0032216936845899137,0.0,5.920972185738105,400,0.11697608978056294,0.13302801411521498,17391.913897434333
326,109.84702646971168,109.84702646971168,0.004244293439480367,0.0,5.920972185738105,400,0.1167919708107493,0.14162072830745998,17405.162923939148
327,109.07620684949914,109.07620684949914,-0.007041946109339083,0.0,5.920972185738105,400,0.11711242418107376,0.11688845822524807,17365.325724299426
328,109.19674927560168,109.19674927560168,0.0011045109801694894,0.0,5.920972185738105,400,0.11715930849881505,0.10799872714045153,17365.88251423636
329,109.17799277410465,109.17799277410465,-0.0001717827013060271,0.0,5.920972185738105,400,0.11719717381207656,0.09319490514421609,17363.85962437651
330,109.48738294735342,109.48738294735342,0.0028298067646908166,0.0,5.920972185738105,400,0.11715472068701518,0.06832169183630395,17371.881322055135
331,109.58518746414678,109.58518746414678,0.0008928961129880412,0.0,5.920972185738105,400,0.11720407264681422,0.10602825059884308,17369.465880263564
332,108.91110219211666,108.91110219211666,-0.006170241258835213,0.0,5.920972185738105,400,0.11777562371064243,0.1351202363226086,17320.876596766648
333,107.71465479976247,107.71465479976247,-0.011046327777038404,0.0,5.920972185738105,400,0.11771860239063628,0.19222162597189035,17312.175237414613
334,107.02289730317537,107.02289730317537,-0.006442840413580023,0.0,5.920972185738105,400,0.11841261715670622,0.21423117122506322,17265.353795494528
335,107.22131817315805,107.22131817315805,0.0018522873653586181,0.0,5.920972185738105,400,0.11845532403868965,0.20690850455719764,17265.653990831386
336,106.54128161942208,106.54128161942208,-0.006362561537970855,0.0,5.920972185738105,400,0.11923025898454548,0.19217730937449998,17221.181080605507
337,107.42942072696886,107.42942072696886,0.00830154968287039,0.0,5.920972185738105,400,0.11934401273250424,0.14888290775575422,17230.230399169865
338,107.96450048101649,107.96450048101649,0.0049683932744889435,0.0,5.920972185738105,400,0.11898891525730905,0.17116126733419473,17244.736716642496
339,107.41806058325554,107.41806058325554,-0.005074144048522915,0.0,5.920972185738105,400,0.11939254396183249,0.14836787206847132,17221.563038362576
340,107.34065308640521,107.34065308640521,-0.0007208787841927814,0.0,5.920972185738105,400,0.11950743472789874,0.13783897760629285,17212.214314479046
341,106.9939590546371,106.9939590546371,-0.0032350755733901782,0.0,5.920972185738105,400,0.11987941540064508,0.152380597584549,17190.793417632034
342,107.08283495857765,107.08283495857765,0.0008303180123408813,0.0,5.920972185738105,400,0.11993401358873554,0.1506649534969164,17187.685860683774
343,107.35444172134791,107.35444172134791,0.0025332060938302466,0.0,5.920972185738105,400,0.1199168723734276,0.15283827612122503,17195.04538757002
344,106.6394649552797,106.6394649552797,-0.006682240981709098,0.0,5.920972185738105,400,0.12088176864669227,0.14935510472455274,17160.90321745969
345,107.96827782020414,107.96827782020414,0.012383801532622129,0.0,5.920972185738105,400,0.11983985816141303,0.08496488670299288,17217.688422824907
346,107.2558581373736,107.2558581373736,-0.006620282447982629,0.0,5.920972185738105,400,0.12002995728678544,0.03290894540824145,17184.139756722358
347,107.53539932784982,107.53539932784982,0.0026029117907580197,0.0,5.920972185738105,400,0.11992132676983905,0.02068253288908538,17192.413170939366
348,106.86734014426209,106.86734014426209,-0.006231835911062256,0.0,5.920972185738105,400,0.12012401758104418,0.007589233788759304,17155.63800089485
349,106.96884031558508,106.96884031558508,0.000949326523954538,0.0,5.920972185738105,400,0.12016960362268633,0.004525689804967261,17155.96684543687
350,106.78683742495237,106.78683742495237,-0.0017029062014997753,0.0,5.920972185738105,400,0.12023928432731766,-0.006306842655279637,17146.414159277374
351,107.08913612228521,107.08913612228521,0.0028268616958556352,0.0,5.920972185738105,400,0.12017631575324651,0.0016925722560045937,17154.38280205984
352,107.0488572626102,107.0488572626102,-0.00037619536368444694,0.0,5.920972185738105,400,0.12024490090257751,-0.014266016236087371,17150.387721429735
353,106.76771110338444,106.76771110338444,-0.0026297898558879777,0.0,5.920972185738105,400,0.12062479541559831,-0.04207471509796695,17130.387293247586
354,107.31571722272668,107.31571722272668,0.005119567829813334,0.0,5.920972185738105,400,0.12089926300399179,-0.04918332141856526,17144.66651503424
355,107.5771834303909,107.5771834303909,0.0024334571863182694,0.0,5.920972185738105,400,0.12099756025328506,-0.03524857465163408,17147.334382324883
356,107.02300591809302,107.02300591809302,-0.005164755407311606,0.0,5.920972185738105,400,0.12129167817234655,-0.04493405267255506,17108.60945599576
357,107.07731040075433,107.07731040075433,0.0005072807435274401,0.0,5.920972185738105,400,0.12141663689551893,-0.06663789016008227,17106.555105718566
358,107.49737694186864,107.49737694186864,0.003915346054552572,0.0,5.920972185738105,400,0.12161312805734237,-0.09666465127212322,17115.597344647966
359,106.96632772603114,106.96632772603114,-0.0049523559431926155,0.0,5.920972185738105,400,0.12135043262363786,-0.1070036046367538,17099.864550097154
360,107.07108010725828,107.07108010725828,0.000978823194049308,0.0,5.920972185738105,400,0.12142121065233125,-0.11338074040663605,17097.05158040333
361,107.25426498327951,107.25426498327951,0.0017094097811960805,0.0,5.920972185738105,400,0.12146671581908687,-0.11241944825682854,17103.90820481441
362,107.42454673112631,107.42454673112631,0.0015863864924365882,0.0,5.920972185738105,400,0.12156376624509965,-0.09559444215950678,17108.976814798178
363,107.04372418719763,107.04372418719763,-0.003551321997784611,0.0,5.920972185738105,400,0.12135560558753207,-0.08952394645830432,17092.088810485624
364,106.87437678217248,106.87437678217248,-0.001583292293963241,0.0,5.920972185738105,400,0.12154572361687702,-0.09386664684086565,17075.39918760771
365,107.59320586908936,107.59320586908936,0.006703407291527632,0.0,5.920972185738105,400,0.12101193609333503,-0.08437711257008308,17117.829892434474
366,107.79710237488686,107.79710237488686,0.0018932752208327963,0.0,5.920972185738105,400,0.12101666555865273,-0.0998226818703606,17121.18432984162
367,107.1253838130249,107.1253838130249,-0.0062508187107978425,0.0,5.920972185738105,400,0.12152316223130209,-0.10155419859003612,17081.55482916024
368,107.17933443592547,107.17933443592547,0.0005034945052178743,0.0,5.920972185738105,400,0.12151564728309575,-0.11209330556693552,17082.92871600716
369,107.43117103011488,107.43117103011488,0.0023469187515876037,0.0,5.920972185738105,400,0.12147568076696837,-0.12824089927146085,17087.51939971022
370,107.06471745808925,107.06471745808925,-0.0034168853411633057,0.0,5.920972185738105,400,0.12172762938087149,-0.1623419289799965,17063.019110710287
371,107.84441667391705,107.84441667391705,0.007256114450249112,0.0,5.920972185738105,400,0.12111811977393498,-0.16727479371042625,17099.41338708127
372,107.62889668919166,107.62889668919166,-0.0020004338656394,0.0,5.920972185738105,400,0.12138840733568715,-0.18197038422311113,17083.587642252536
373,107.57816411174407,107.57816411174407,-0.00047147689484317766,0.0,5.920972185738105,400,0.12153525792410752,-0.1757191748452916,17075.824559193894
374,107.8322451292929,107.8322451292929,0.00235904231625394,0.0,5.920972185738105,400,0.12130137514814926,-0.2008622231585403,17086.76337070805
375,107.93516160163888,107.93516160163888,0.0009539576130617049,0.0,5.920972185738105,400,0.12138306429714979,-0.24430989199895595,17084.95874570999
376,107.03740646889388,107.03740646889388,-0.008352324762605487,0.0,5.920972185738105,400,0.12195152439630288,-0.2535366237183472,17030.87989955948
377,107.68934811780022,107.68934811780022,0.006072309465213466,0.0,5.920972185738105,400,0.12157189569818076,-0.30811432268200734,17066.136450262533
378,105.35698147459556,105.35698147459556,-0.021896268609961186,0.0,5.920972185738105,400,0.12253582796374732,-0.30331050932731096,16949.783811187623
379,106.37277707643946,106.37277707643946,0.00959528223550631,0.0,5.920972185738105,400,0.12208894974631611,-0.4072048421574989,17005.938931718625
380,107.17205965382473,107.17205965382473,0.0074858874807811815,0.0,5.920972185738105,400,0.12169910708025442,-0.35079257994480323,17042.443746499895
381,107.67610351007252,107.67610351007252,0.004692102306762603,0.0,5.920972185738105,400,0.12181788544809163,-0.32985446925895023,17058.604508715674
382,106.42280526705723,106.42280526705723,-0.011707790256251526,0.0,5.920972185738105,400,0.12222570673202304,-0.33048391958969714,17013.689754083534
383,107.03775907375011,107.03775907375011,0.00576177159337435,0.0,5.920972185738105,400,0.12211388867671313,-0.3509669396460723,17045.244435019024
384,107.34045380428832,107.34045380428832,0.002823933716307325,0.0,5.920972185738105,400,0.12209362725112238,-0.3348953634748074,17055.582723951327
385,106.3474697243179,106.3474697243179,-0.009293845071126622,0.0,5.920972185738105,400,0.12218575563592668,-0.34597494978670823,17015.155896514643
386,107.28844675599322,107.28844675599322,0.008809222085338598,0.0,5.920972185738105,400,0.1217586894912031,-0.35964248049087044,17049.014194931504
387,106.21590720405908,106.21590720405908,-0.010047088541541353,0.0,5.920972185738105,400,0.12207708729830577,-0.3877072848472439,16995.877529304824
388,105.76691778524419,105.76691778524419,-0.00423609875230339,0.0,5.920972185738105,400,0.12212987654063644,-0.3692788905628666,16980.725771772628
389,105.79240345433466,105.79240345433466,0.0002409316598713628,0.0,5.920972185738105,400,0.12223033986853012,-0.3710506530504438,16977.463806290027
390,105.03803773366212,105.03803773366212,-0.007156167161824878,0.0,5.920972185738105,400,0.1229893229353083,-0.3706607273328714,16940.167239979244
391,105.3479385313034,105.3479385313034,0.002946023563738999,0.0,5.920972185738105,400,0.12285661420216971,-0.3756044154791253,16948.227686429993
392,105.26571272213037,105.26571272213037,-0.0007808213082229041,0.0,5.920972185738105,400,0.12297825812379395,-0.4077841854847713,16936.751248636283
393,105.04996638254872,105.04996638254872,-0.002051643664204876,0.0,5.920972185738105,400,0.1232669799174153,-0.45954289015177385,16916.31248487957
394,105.13864728280831,105.13864728280831,0.000843822165008211,0.0,5.920972185738105,400,0.12330343099069942,-0.462081832879241,16915.052853896745
395,105.22750708728297,105.22750708728297,0.0008448108967502302,0.0,5.920972185738105,400,0.12335512354089156,-0.455810822839994,16912.774200850265
396,105.38030178439772,105.38030178439772,0.0014509882111279093,0.0,5.920972185738105,400,0.12341048252655604,-0.43659338373392975,16912.78064814644
397,105.29522555305371,105.29522555305371,-0.0008076518145588894,0.0,5.920972185738105,400,0.12361663396891175,-0.47708129271003213,16901.40223299683
398,105.1940208444405,105.1940208444405,-0.0009616141265551493,0.0,5.920972185738105,400,0.12362328544401018,-0.47088885766528726,16899.886056801333
399,105.4774998386324,105.4774998386324,0.0026911958898378475,0.0,5.920972185738105,400,0.12357600090895128,-0.4759665947819509,16904.151778824646
400,105.33893701898698,105.33893701898698,-0.0013145354476518907,0.0,5.652776520629744,319,0.17708204854960574,-0.4779718211127251,16151.511259524048
401,105.05973687930694,105.05973687930694,-0.002654012008653163,0.0,5.652776520629744,319,0.17744926033134523,-0.4757595752736498,16136.461783052677
402,105.94917358039085,105.94917358039085,0.008430373550743681,0.0,5.652776520629744,319,0.17708524555780128,-0.46969621762726943,16171.53729361199
403,105.46733336715614,105.46733336715614,-0.004558215954570602,0.0,5.652776520629744,319,0.1771363028525952,-0.47698770449155437,16155.038729490398
404,105.78923138928967,105.78923138928967,0.0030474628954385878,0.0,5.652776520629744,319,0.1769223363692778,-0.4499395049176779,16171.019984547129
405,105.56156933332811,105.56156933332811,-0.0021543532670421557,0.0,5.652776520629744,319,0.1770217741888832,-0.4482677876278954,16160.373385272906
406,105.21223629799314,105.21223629799314,-0.0033147701077225413,0.0,5.652776520629744,319,0.17744054348476723,-0.4426340286070952,16139.388616634145
407,104.26174508857802,104.26174508857802,-0.00907509110617921,0.0,5.652776520629744,319,0.1785803566480172,-0.4027126222903332,16080.765261584667
408,104.42167810259475,104.42167810259475,0.0015327815011228329,0.0,5.652776520629744,319,0.17856497708864955,-0.4146906646272767,16083.198894480523
409,104.22687481962154,104.22687481962154,-0.0018672867541863413,0.0,5.652776520629744,319,0.17866605799281618,-0.41522893811084366,16077.637649235785
410,104.60705347896763,104.60705347896763,0.003640970434595295,0.0,5.652776520629744,319,0.17820422369719074,-0.41275995661396386,16093.58122906428
411,104.8611101536297,104.8611101536297,0.002425731861418632,0.0,5.652776520629744,319,0.17807861941558767,-0.40717964663158257,16098.756750876504
412,105.62832703556214,105.62832703556214,0.007289869646737198,0.0,5.652776520629744,319,0.17806763786860913,-0.3835780858188375,16121.101065015011
413,105.35489957532008,105.35489957532008,-0.002591936977277034,0.0,5.652776520629744,319,0.17808941507288628,-0.3862515026246632,16112.12519016429
414,105.31703132799112,105.31703132799112,-0.0003594996976999674,0.0,5.652776520629744,319,0.17825125800373667,-0.40024487483236937,16106.147773581373
415,105.5233106249636,105.5233106249636,0.0019567352327248405,0.0,5.652776520629744,319,0.17816013966280592,-0.3935773829101978,16114.53526735308
416,106.52926874957579,106.52926874957579,0.009487889031425719,0.0,5.652776520629744,319,0.17762199428366165,-0.3660773421775987,16157.881031584833
417,107.14191782898811,107.14191782898811,0.005734519175191489,0.0,5.652776520629744,319,0.17750578718141014,-0.33226775673351105,16177.719240963259
418,106.59102648294596,106.59102648294596,-0.005154961653169317,0.0,5.652776520629744,319,0.17747391105820548,-0.33570174602253144,16160.539194509545
419,107.17867445781316,107.17867445781316,0.0054979676965291775,0.0,5.652776520629744,319,0.17759760239147565,-0.34654770533214246,16174.71907672732
420,107.1879424334925,107.1879424334925,8.646846061674003e-05,0.0,5.652776520629744,319,0.17777871691048688,-0.34738778460170777,16168.04101988495
421,107.06985736038837,107.06985736038837,-0.0011022710507981326,0.0,5.652776520629744,319,0.17777464204614635,-0.34916862711384683,16163.041522569752
422,106.83573767186276,106.83573767186276,-0.0021890010121216994,0.0,5.652776520629744,319,0.17770427833793226,-0.34469861249757455,16156.001356907222
423,106.25205542603341,106.25205542603341,-0.005478340144618377,0.0,5.652776520629744,319,0.17760415591820872,-0.3385523180652865,16134.002594717755
424,107.18767699065147,107.18767699065147,0.00876713578002524,0.0,5.652776520629744,319,0.17661572532254893,-0.34406431108651325,16186.604721822667
425,106.64246180173907,106.64246180173907,-0.005099527817043022,0.0,5.652776520629744,319,0.17654329639879884,-0.376441489727168,16166.48136581971
426,105.81262460913956,105.81262460913956,-0.0078119232329169775,0.0,5.652776520629744,319,0.17652820219049126,-0.342391792179911,16134.87949328452
427,106.534783368923,106.534783368923,0.006801698695232309,0.0,5.652776520629744,319,0.17566242026724746,-0.36405082810620804,16188.260788967415
428,107.53215258073467,107.53215258073467,0.009318360393462444,0.0,5.652776520629744,319,0.17476359057267485,-0.32033464384518484,16252.302901821318
429,107.49452253947375,107.49452253947375,-0.00035000347397861774,0.0,5.652776520629744,319,0.1747645114443379,-0.3191462517284149,16251.462164190369
430,106.0672807682782,106.0672807682782,-0.013366276159507855,0.0,5.652776520629744,319,0.17485365591926477,-0.2842516911848975,16220.216643323596
431,106.046449281424,106.046449281424,-0.00019641809058079413,0.0,5.652776520629744,319,0.17493647297982012,-0.28529209993071253,16216.268737985692
432,106.55247260607493,106.55247260607493,0.004760365440654042,0.0,5.652776520629744,319,0.17460221272104284,-0.2826724892665023,16235.058683600233
433,107.18000098264146,107.18000098264146,0.005872108895892003,0.0,5.652776520629744,319,0.17456226788050452,-0.26526031954863893,16252.905147106496
434,106.68273415159219,106.68273415159219,-0.004650344781968567,0.0,5.652776520629744,319,0.17454500450150273,-0.2763976695542468,16248.454373662968
435,106.5517207452194,106.5517207452194,-0.0012288203885440308,0.0,5.652776520629744,319,0.17458524199104355,-0.27040794735813295,16243.422009476906
436,106.73315493702924,106.73315493702924,0.001701332408061187,0.0,5.652776520629744,319,0.17460695497562598,-0.256682332789102,16246.529077882009
437,107.23230532066476,107.23230532066476,0.004665718369043551,0.0,5.652776520629744,319,0.1747087091676419,-0.1959982894498503,16251.59361520169
438,107.65154170892274,107.65154170892274,0.0039019863612517833,0.0,5.652776520629744,319,0.17436640985525562,-0.12306956955749287,16270.801800046604
439,107.97885823150011,107.97885823150011,0.003035905642864722,0.0,5.652776520629744,319,0.17440020369847492,-0.1622838934562769,16283.038518751842
440,108.66499186277537,108.66499186277537,0.0063342294285240386,0.0,5.652776520629744,319,0.17456015370155334,-0.17272878837465053,16302.986052615084
441,108.67713773768146,108.67713773768146,0.0001117673314516793,0.0,5.652776520629744,319,0.1747320812580372,-0.1434543163028677,16297.700025798522
442,109.56989937088831,109.56989937088831,0.008181248411133227,0.0,5.652776520629744,319,0.17457360389959656,-0.11112467343171198,16322.835068727203
443,109.32618974459872,109.32618974459872,-0.0022267161370715096,0.0,5.652776520629744,319,0.17486614782276955,-0.13416395304972595,16307.593315322261
444,109.76467628925916,109.76467628925916,0.004002787866624149,0.0,5.652776520629744,319,0.17456317269554367,-0.12461769345894937,16326.792969946617
445,109.57674020125603,109.57674020125603,-0.0017136401961894562,0.0,5.652776520629744,319,0.17484378864955208,-0.08309424716412427,16313.00366460996
446,109.55137837766048,109.55137837766048,-0.00023147940915357271,0.0,5.652776520629744,319,0.17492934603005786,-0.02482055821353966,16310.05286594624
447,109.62315581937975,109.62315581937975,0.0006549797817365391,0.0,5.652776520629744,319,0.17492857585634003,-0.06493939906804379,16311.512631834705
448,109.4259787330658,109.4259787330658,-0.0018003005578853812,0.0,5.652776520629744,319,0.17504641196333806,-0.06722352637273937,16303.435399302687
449,110.12824871033862,110.12824871033862,0.006397256663884289,0.0,5.652776520629744,319,0.17446352091680262,-0.07832898458161903,16335.250196479767
450,109.9763053084503,109.9763053084503,-0.0013806477262747001,0.0,5.652776520629744,319,0.1744619554617071,-0.0775369498106668,16330.629034374348
451,110.03042938705265,110.03042938705265,0.0004920220262269263,0.0,5.652776520629744,319,0.1745323002137458,-0.07475704314771754,16327.6610711617
452,110.3960569612709,110.3960569612709,0.003317458946087198,0.0,5.652776520629744,319,0.17429781286651636,-0.07846759501217211,16341.381332491073
453,111.83759862944919,111.83759862944919,0.012973389498300753,0.0,5.652776520629744,319,0.1743936253563942,-0.04974168360085904,16379.888926421449
454,112.25003684322456,112.25003684322456,0.003681048074078114,0.0,5.652776520629744,319,0.17450673484969742,-0.02752135324299253,16387.61806429504
455,112.335638168361,112.335638168361,0.0007623044459743306,0.0,5.652776520629744,319,0.1746020524749689,-0.028054181592266424,16386.340236767835
456,111.36285940979435,111.36285940979435,-0.008697285865259795,0.0,5.652776520629744,319,0.17447226804696928,-0.023618145781516824,16357.161745912645
457,111.34674892723,111.34674892723,-0.00014467703223718776,0.0,5.652776520629744,319,0.17454278882125696,-0.019076100466244375,16352.512443200803
458,111.04010832311842,111.04010832311842,-0.0027577241050798142,0.0,5.652776520629744,319,0.17508729382508345,-0.014179847237273283,16329.656477959368
459,110.91110693488895,110.91110693488895,-0.001162430244912514,0.0,5.652776520629744,319,0.17507462770152618,-0.006636009969873316,16325.549685404929
460,110.74048923073526,110.74048923073526,-0.001539512828273115,0.0,5.652776520629744,319,0.17509018555407965,-0.008418612612626448,16319.069688843627
461,111.10717337044419,111.10717337044419,0.003305732134676153,0.0,5.652776520629744,319,0.1747436771806501,0.005324965375244139,16343.158464144575
462,111.05837591681824,111.05837591681824,-0.0004392891208130261,0.0,5.652776520629744,319,0.17496805898070175,0.031098832866419273,16331.839523311488
463,110.62177018625236,110.62177018625236,-0.003939065385697864,0.0,5.652776520629744,319,0.1750540795216618,0.043418265316865476,16320.980618036017
464,111.19098328095033,111.19098328095033,0.005132386080497526,0.0,5.652776520629744,319,0.1750125035568985,0.03359872410649548,16333.24194056642
465,110.58838632061737,110.58838632061737,-0.005434215493898811,0.0,5.652776520629744,319,0.17554750370848188,0.00710376100067924,16306.456322915768
466,110.65490289916077,110.65490289916077,0.0006012980622564127,0.0,5.652776520629744,319,0.1755114420421702,-0.01972964230222013,16309.018890402827
467,110.62289568692323,110.62289568692323,-0.00028929438619953925,0.0,5.652776520629744,319,0.17569238863636488,-0.016985053281620113,16302.870550430147
468,110.86005948031034,110.86005948031034,0.0021415994188174817,0.0,5.652776520629744,319,0.17570748947034695,-0.016929031747823807,16307.34348570991
469,111.54886284950706,111.54886284950706,0.006194046211914071,0.0,5.652776520629744,319,0.17580719559544927,-0.007169394899764821,16321.534192819943
470,113.14007853494763,113.14007853494763,0.01416395731551767,0.0,5.652776520629744,319,0.1762645622210884,0.03385366970580599,16351.62753349444
471,113.22726454091459,113.22726454091459,0.0007703055493200337,0.0,5.652776520629744,319,0.17628239230701515,0.02510257031517834,16353.84789349322
472,112.91259455731677,112.91259455731677,-0.0027829696891450433,0.0,5.652776520629744,319,0.17649351832371005,0.041537924439236006,16337.256815689903
473,112.54057729978466,112.54057729978466,-0.0033001761927710315,0.0,5.652776520629744,319,0.176750976924354,0.048963103928504184,16322.37123068333
474,112.19282845089673,112.19282845089673,-0.0030947702258712064,0.0,5.652776520629744,319,0.17675649006446148,0.06103945902556124,16315.451415369229
475,112.41807845945864,112.41807845945864,0.0020056914169629693,0.0,5.652776520629744,319,0.17664858117514323,0.05368512805497493,16323.409133903846
476,111.3498980234988,111.3498980234988,-0.009547287029346837,0.0,5.652776520629744,319,0.17695245226565554,0.01902558731720284,16291.314057076142
477,110.71280080717521,110.71280080717521,-0.005738009739591092,0.0,5.652776520629744,319,0.17750001991422132,0.07815896844028486,16263.165824477004
478,110.92870895969126,110.92870895969126,0.001948265205713242,0.0,5.652776520629744,319,0.17746199526155126,0.09184811905221082,16266.073037246319
479,111.51173302873705,111.51173302873705,0.00524208097169766,0.0,5.652776520629744,319,0.17737093951359592,0.09743581728696785,16276.772319849262
480,112.06253600534957,112.06253600534957,0.004927258341062141,0.0,5.652776520629744,319,0.17742133562009837,0.10779894961697134,16293.48455002721
481,112.16473856311262,112.16473856311262,0.0009115979760924742,0.0,5.652776520629744,319,0.17742246366639175,0.10500278035238149,16292.539853433429
482,112.63544672405007,112.63544672405007,0.0041877976947588555,0.0,5.652776520629744,319,0.17755590806311117,0.09298025192476927,16307.402301435317
483,113.34026895325024,113.34026895325024,0.006238055382793094,0.0,5.652776520629744,319,0.17775292009905425,0.136642165871804,16312.080890763365
484,113.15140095891917,113.15140095891917,-0.0016677702820742132,0.0,5.652776520629744,319,0.17772379836902258,0.16289303055487944,16304.229494860167
485,113.80542225866398,113.80542225866398,0.005763414387407858,0.0,5.652776520629744,319,0.1779775428745314,0.12009485547434849,16319.813947239485
486,113.00054085676378,113.00054085676378,-0.00709756277738995,0.0,5.652776520629744,319,0.17771213971761995,0.1293701307199382,16297.331300371045
487,112.3338085737331,112.3338085737331,-0.005917732741921332,0.0,5.652776520629744,319,0.1787330287752526,0.13313352039857032,16252.03051361376
488,112.20806644801634,112.20806644801634,-0.0011199883215417853,0.0,5.652776520629744,319,0.17890446555860387,0.15507332911426977,16244.189429197877
489,111.33633546760001,111.33633546760001,-0.007799214757586718,0.0,5.652776520629744,319,0.17980979752161888,0.14957211853112368,16202.055169196545
490,111.70277735958297,111.70277735958297,0.003285900997798206,0.0,5.652776520629744,319,0.1796250634076318,0.14282210502620032,16213.63731866476
491,111.45727087624503,111.45727087624503,-0.0022002736092264735,0.0,5.652776520629744,319,0.17975134909042353,0.1394235237549825,16205.999592002863
492,111.44369127523349,111.44369127523349,-0.00012184425672520592,0.0,5.652776520629744,319,0.17986840340441632,0.12767018254401855,16202.299062599766
493,109.87548545604592,109.87548545604592,-0.014171678101616085,0.0,5.652776520629744,319,0.18139701073435258,0.13849045027831067,16135.491931364426
494,109.86972509896496,109.86972509896496,-5.242760074483533e-05,0.0,5.652776520629744,319,0.18157061541170774,0.13951942305520207,16130.509799770849
495,109.72257798422935,109.72257798422935,-0.001340184830650009,0.0,5.652776520629744,319,0.18166808043129518,0.14154604484704428,16125.15949439538
496,109.36698937222852,109.36698937222852,-0.0032460598514565,0.0,5.652776520629744,319,0.18199125132100658,0.14128392790470726,16109.675342486578
497,109.71092946477837,109.71092946477837,0.003139890838370642,0.0,5.652776520629744,319,0.1816448270227576,0.12549800801638314,16124.933292539654
498,109.4510570901478,109.4510570901478,-0.0023715106849546107,0.0,5.652776520629744,319,0.18207638172187782,0.11412418163379744,16108.268114631785
499,109.44029958084413,109.44029958084413,-9.829085511589335e-05,0.0,5.652776520629744,319,0.18209704244302632,0.10376956167950498,16107.577952858106
500,109.70012169352464,109.70012169352464,0.002371285342227069,0.0,5.652776520629744,319,0.1820664023613116,0.10585514435160041,16112.699953619789
501,110.39407340518497,110.39407340518497,0.0063059728671813215,0.0,5.652776520629744,319,0.1813635264644365,0.11317456368003515,16141.9275388616
502,111.03374789799278,111.03374789799278,0.005777740742109908,0.0,5.652776520629744,319,0.18091577120184058,0.1521099818355451,16164.226470602542
503,110.81605068711313,110.81605068711313,-0.001962564601299509,0.0,5.652776520629744,319,0.18108172873446918,0.15025801226297872,16154.381211117612
504,110.41284997979284,110.41284997979284,-0.003645103804623906,0.0,5.652776520629744,319,0.1811560933826372,0.16100822610912505,16141.021346984104
505,111.23865467725838,111.23865467725838,0.007451413602701338,0.0,5.652776520629744,319,0.1810912946158159,0.13670811380333567,16166.955898299704
506,110.99326539746207,110.99326539746207,-0.0022084080400821453,0.0,5.652776520629744,319,0.18122498706338777,0.12454760760525312,16154.703725881833
507,111.31471868703686,111.31471868703686,0.002891965530947181,0.0,5.652776520629744,319,0.1810141454635046,0.12023237885707118,16165.941747348845
508,110.40627333738915,110.40627333738915,-0.008194536970894725,0.0,5.652776520629744,319,0.18099272750194317,0.10876507773670814,16133.576293378906
509,109.33006983643948,109.33006983643948,-0.009795485723238148,0.0,5.652776520629744,319,0.18093216808733445,0.1608863057337393,16097.76907315183
510,109.4362336414593,109.4362336414593,0.0009705682426034735,0.0,5.652776520629744,319,0.18098797431472216,0.15492282079688846,16098.834352646065
511,109.35020376607056,109.35020376607056,-0.0007864279051483317,0.0,5.652776520629744,319,0.18129155309666384,0.15320856236067515,16087.757689248658
512,109.82155116553325,109.82155116553325,0.004301175817792581,0.0,5.652776520629744,319,0.1812386595985585,0.12356062039449373,16102.507596104819
513,109.46943735810474,109.46943735810474,-0.003211386955858989,0.0,5.652776520629744,319,0.1816390458267563,0.09162665968019693,16082.251590810996
514,109.68602107120407,109.68602107120407,0.0019765310447822024,0.0,5.652776520629744,319,0.18153451531191475,0.08457662730358018,16091.785027745693
515,110.11188921827859,110.11188921827859,0.0038750930746229697,0.0,5.652776520629744,319,0.18124957896925425,0.09660144274281661,16111.985939274864
516,109.77604000919452,109.77604000919452,-0.003054733121783968,0.0,5.652776520629744,319,0.18134611727737945,0.09338665827254719,16099.760033166025
517,109.65235455601106,109.65235455601106,-0.0011273423982148278,0.0,5.652776520629744,319,0.18147445708841434,0.09529398682218385,16090.45525083694
518,109.09213639308639,109.09213639308639,-0.005122134827985406,0.0,5.652776520629744,319,0.182263678430249,0.0956106098308978,16055.724621047542
519,109.53522367412488,109.53522367412488,0.004053361734349167,0.0,5.652776520629744,319,0.18229554849373616,0.07913844182283164,16067.60110037236
520,109.86561741633282,109.86561741633282,0.0030117841874410705,0.0,5.652776520629744,319,0.1823350452353055,0.09138282871306999,16069.942322687593
521,110.22160951307063,110.22160951307063,0.0032350119738270614,0.0,5.652776520629744,319,0.18236574667303637,0.09937391353454178,16078.254930039024
522,110.12433364875407,110.12433364875407,-0.000882937704595174,0.0,5.652776520629744,319,0.18235602078318042,0.09684047287395953,16075.592999636689
523,110.4344497918615,110.4344497918615,0.0028120970077310237,0.0,5.652776520629744,319,0.18243263208530774,0.10962747001024534,16083.95694578328
524,109.04493819464244,109.04493819464244,-0.012662056101754247,0.0,5.652776520629744,319,0.1821998801506224,0.09573469861702265,16060.601999483823
525,109.01363124316012,109.01363124316012,-0.00028714259456209194,0.0,5.652776520629744,319,0.1822056776200779,0.09987203375780077,16059.85517455524
526,109.94704588944052,109.94704588944052,0.00852591718983229,0.0,5.652776520629744,319,0.18216735098842765,0.09509919646592299,16079.354581576785
527,109.98326147422748,109.98326147422748,0.00032933692084928447,0.0,5.652776520629744,319,0.1822883900103572,0.09766202075420442,16076.756782321101
528,110.6080805400776,110.6080805400776,0.005664961562926648,0.0,5.652776520629744,319,0.18226174440879872,0.08931356613647791,16098.223671137737
529,110.52446901100366,110.52446901100366,-0.0007562119030251288,0.0,5.652776520629744,319,0.18247847171084092,0.032880296332567824,16089.57328139358
530,111.31416274816864,111.31416274816864,0.007119563139909759,0.0,5.652776520629744,319,0.1823373937865352,0.023081207596960474,16121.17935934774
531,110.9210689982369,110.9210689982369,-0.0035376403354526365,0.0,5.652776520629744,319,0.18264279606942407,0.008435534485119219,16100.694246853132
532,111.18877272522965,111.18877272522965,0.002410553756158435,0.0,5.652776520629744,319,0.1825984305521002,-0.002720738063711613,16108.951224402877
533,110.88632150589639,110.88632150589639,-0.0027238660632531186,0.0,5.652776520629744,319,0.18267556182076178,-0.013079911298965578,16099.508060325043
534,111.07661046041531,111.07661046041531,0.0017146016179525774,0.0,5.652776520629744,319,0.1827304933824678,-0.012099852614823103,16102.441788221344
535,110.82488386652713,110.82488386652713,-0.002268814841759887,0.0,5.652776520629744,319,0.1829373426445429,-0.0005887545748015432,16091.17267126931
536,110.85896575533205,110.85896575533205,0.0003074819309713742,0.0,5.652776520629744,319,0.18307922302867058,-0.04024900919456623,16087.546399642726
537,110.66985380198503,110.66985380198503,-0.0017073354127311597,0.0,5.652776520629744,319,0.18310046536171115,-0.03330965837287967,16080.105497358089
538,111.0919966179304,111.0919966179304,0.0038071771591471175,0.0,5.652776520629744,319,0.18315005660869366,-0.04516987345885897,16093.845439612769
539,111.39935268597009,111.39935268597009,0.002762860349541807,0.0,5.652776520629744,319,0.1829080713130825,-0.05747984783154788,16111.016653417975
540,111.06722807261897,111.06722807261897,-0.002985840470655962,0.0,5.652776520629744,319,0.18335352312587022,-0.06847898293859064,16086.923256614738
541,110.72660174581155,110.72660174581155,-0.0030715606010234538,0.0,5.652776520629744,319,0.1833567687109993,-0.06561376343378568,16075.962644142981
542,110.30372222278503,110.30372222278503,-0.0038264436427137114,0.0,5.652776520629744,319,0.1833490602508337,-0.08072935472243879,16062.880573870516
543,109.76965404513656,109.76965404513656,-0.004853555983241301,0.0,5.652776520629744,319,0.18385924069292459,-0.06434779879361276,16034.047770939973
544,110.21685137436563,110.21685137436563,0.0040656852508553065,0.0,5.652776520629744,319,0.1837970603991137,-0.07267616625944073,16049.082789766533
545,109.74300187669166,109.74300187669166,-0.004308515610352705,0.0,5.652776520629744,319,0.18413160752840052,-0.05562743742051216,16027.062237474258
546,109.9752986923001,109.9752986923001,0.00211449753214659,0.0,5.652776520629744,319,0.1841502771370166,-0.0940624558355839,16033.355152883214
547,109.76315452997105,109.76315452997105,-0.0019308794171387287,0.0,5.652776520629744,319,0.18421402897838476,-0.10257756284173579,16025.094833344428
548,110.34916433988153,110.34916433988153,0.0053246560434476245,0.0,5.652776520629744,319,0.1837701243259697,-0.11202771444413974,16053.025113312464
549,111.40567911325228,111.40567911325228,0.009528745807192637,0.0,5.652776520629744,319,0.18399164498087187,-0.046967778910585116,16091.429417401712
550,109.89557700466132,109.89557700466132,-0.013647690702192506,0.0,5.652776520629744,319,0.1836406857163414,-0.12535656378141943,16069.54689581858
551,109.47068641407236,109.47068641407236,-0.0038738055278494717,0.0,5.652776520629744,319,0.18356573452437044,-0.09174103334538342,16050.993235130542
552,109.22735652631958,109.22735652631958,-0.002225259859584464,0.0,5.652776520629744,319,0.183535276154277,-0.08488258765242006,16046.416469621294
553,109.14563601792963,109.14563601792963,-0.0007484488924445157,0.0,5.652776520629744,319,0.18354226913204297,-0.09644890932913777,16043.387428266109
554,109.0514559590503,109.0514559590503,-0.0008632568278036562,0.0,5.652776520629744,319,0.1835294334079747,-0.09596710919648044,16040.687154895728
555,108.42608233750238,108.42608233750238,-0.005751171823833936,0.0,5.652776520629744,319,0.1834981302753856,-0.09327960935174781,16019.360873445354
556,109.5108989401693,109.5108989401693,0.009955405970874093,0.0,5.652776520629744,319,0.18234437531105302,-0.12006063978229711,16085.733813541585
557,109.42301741681844,109.42301741681844,-0.0008028132829597161,0.0,5.652776520629744,319,0.18232523246096968,-0.1214176300873471,16082.004414033117
558,109.73942642583948,109.73942642583948,0.002887440232064007,0.0,5.652776520629744,319,0.18245722774284273,-0.12301486161054492,16093.89031992391
559,110.05598428410407,110.05598428410407,0.0028804794069149727,0.0,5.652776520629744,319,0.18225752650847124,-0.1162948359037297,16115.591816429625
560,109.29336910153569,109.29336910153569,-0.006953457975009758,0.0,5.652776520629744,319,0.18277379912676192,-0.13703792127302836,16057.804695487135
561,109.13242546605792,109.13242546605792,-0.001473669031838936,0.0,5.652776520629744,319,0.18291266931425562,-0.161438891722415,16049.752451193066
562,109.58666617046838,109.58666617046838,0.00415365073152998,0.0,5.652776520629744,319,0.18292084336958953,-0.1598812762524064,16062.850918353077
563,110.40877020458326,110.40877020458326,0.00747386286240898,0.0,5.652776520629744,319,0.1826990947877822,-0.13537311632817817,16093.669418810425
564,110.26963250831764,110.26963250831764,-0.0012609998349841667,0.0,5.652776520629744,319,0.18277766977010376,-0.12392202905974521,16086.908591106341
565,109.58123698684541,109.58123698684541,-0.006262406628890765,0.0,5.652776520629744,319,0.1832722027254848,-0.10959594678198534,16049.954237429125
566,109.29762020814363,109.29762020814363,-0.0025915425644072567,0.0,5.652776520629744,319,0.18348108880151812,-0.09523791150621078,16036.705015339938
567,109.13965367986185,109.13965367986185,-0.0014463333386958536,0.0,5.652776520629744,319,0.18347209993854122,-0.07592498964581056,16031.753539859359
568,108.97573985774592,108.97573985774592,-0.0015030012353953225,0.0,5.652776520629744,319,0.18351596598674286,-0.13495403911327378,16022.05331539912
569,108.54615374129062,108.54615374129062,-0.00394982470820976,0.0,5.652776520629744,319,0.18424148286765668,-0.13120384750777417,15986.092685651662
570,107.80725072666048,107.80725072666048,-0.006830545507907223,0.0,5.652776520629744,319,0.18424069135011872,-0.10689516373061166,15952.829460243523
571,107.26070162404771,107.26070162404771,-0.005082582255568344,0.0,5.652776520629744,319,0.1841574957816925,-0.07970549884914424,15932.990195315613
572,107.01749034473191,107.01749034473191,-0.002270052603328041,0.0,5.652776520629744,319,0.18417550577208786,-0.06381269212497252,15919.599877325321
573,107.44549167913141,107.44549167913141,0.003991382555372387,0.0,5.652776520629744,319,0.1838655559329722,-0.0644126738205414,15942.665269942654
574,108.07617792362498,108.07617792362498,0.0058526648010138365,0.0,5.652776520629744,319,0.1839914154749802,-0.05014542578063812,15970.791107938074
575,108.19429540924472,108.19429540924472,0.0010923127465692422,0.0,5.652776520629744,319,0.1840770794556062,-0.03611850427627058,15974.304909598757
576,107.6591298450726,107.6591298450726,-0.004958611706882144,0.0,5.652776520629744,319,0.1846661411742313,-0.04209905773972439,15932.210099229327
577,107.41086692119873,107.41086692119873,-0.0023086719475154728,0.0,5.652776520629744,319,0.18514230117433672,-0.03800439747568923,15903.818838745576
578,106.37531539320727,106.37531539320727,-0.009687806910201916,0.0,5.652776520629744,319,0.18509097468071523,-0.00874414781352674,15873.017482809857
579,107.19240331066607,107.19240331066607,0.00765182967871526,0.0,5.652776520629744,319,0.18515049002341286,-0.06931091204141786,15896.531689428057
580,106.88224805793882,106.88224805793882,-0.0028976384430162323,0.0,5.652776520629744,319,0.1854428478878636,-0.09213884490194542,15879.946000724523
581,107.12809110052234,107.12809110052234,0.0022974885390068646,0.0,5.652776520629744,319,0.1852765608606553,-0.09608016768240825,15892.606423499354
582,107.71293050016699,107.71293050016699,0.00544440572769178,0.0,5.652776520629744,319,0.18504958443480155,-0.0818334788137939,15917.577639816402
583,108.69238401981197,108.69238401981197,0.009052090147332888,0.0,5.652776520629744,319,0.1848374834728859,-0.018787418458569113,15952.880343332334
584,109.18888871232345,109.18888871232345,0.004557578957706865,0.0,5.652776520629744,319,0.1849549124874945,0.007933424675777003,15968.794463330341
585,109.02344471307781,109.02344471307781,-0.0015163582034947681,0.0,5.652776520629744,319,0.18498537202231546,0.004788491903914307,15960.54321266565
586,109.339375312384,109.339375312384,0.002893631981055148,0.0,5.652776520629744,319,0.18481686423113536,-0.0008132062155690349,15975.770692900047
587,110.32688882880029,110.32688882880029,0.008991095403755539,0.0,5.652776520629744,319,0.18509793214591727,0.01676579496589143,16006.770573334476
588,110.00195281767459,110.00195281767459,-0.0029495570736271367,0.0,5.652776520629744,319,0.1853022012446728,0.0010049595358983191,15988.998955278013
589,109.25070455695989,109.25070455695989,-0.006852835533923967,0.0,5.652776520629744,319,0.18558020850098214,0.016823094873898617,15952.338842759264
590,108.82025285896727,108.82025285896727,-0.003947818289533,0.0,5.652776520629744,319,0.18587739363694772,0.05117992786898207,15926.977601673143
591,109.0977920213759,109.0977920213759,0.002547189817357734,0.0,5.652776520629744,319,0.185843151102199,0.050083055480032494,15934.549871027442
592,108.90413219437971,108.90413219437971,-0.0017766804456884327,0.0,5.652776520629744,319,0.1858457769510305,0.051888059993183,15924.935388496155
593,108.87965405696744,108.87965405696744,-0.00022479302005617033,0.0,5.652776520629744,319,0.18584483675924676,0.05540452233418396,15924.013537377308
594,109.23911524830164,109.23911524830164,0.0032960163667069614,0.0,5.652776520629744,319,0.18591174001302044,0.0580299673647461,15935.207789980659
595,108.8000823081879,108.8000823081879,-0.0040271064870135926,0.0,5.652776520629744,319,0.1858102635715072,0.04917895950111277,15922.180936737333
596,108.78023361089184,108.78023361089184,-0.00018244938442404026,0.0,5.652776520629744,319,0.18586440039576935,0.049470417183059716,15918.69189456736
597,108.52998523332974,108.52998523332974,-0.002303145149020614,0.0,5.652776520629744,319,0.18642050620902537,0.05317060440737725,15895.936469884897
598,109.46390086412597,109.46390086412597,0.00856832603171239,0.0,5.652776520629744,319,0.18652343714201583,0.031227397926588525,15930.723570301036
599,109.9629303029073,109.9629303029073,0.004548489320882622,0.0,5.652776520629744,319,0.1866730132426647,0.06416015858254995,15948.252123375185
600,109.87755388402915,109.87755388402915,-0.0007767124739201433,0.0,5.394814550899076,259,0.27660304570319955,0.05734725221390136,14474.500434785083
601,109.44056654419877,109.44056654419877,-0.003984968658823144,0.0,5.394814550899076,259,0.2769363186468751,0.051735926952048365,14451.202406583054
602,109.68223177310198,109.68223177310198,0.0022057524706789802,0.0,5.394814550899076,259,0.27686517575989006,0.03423659621253278,14460.577727532878
603,110.12973848877895,110.12973848877895,0.004071728517882562,0.0,5.394814550899076,259,0.2768447455441947,0.053839411552294894,14474.196414817505
604,110.563163718639,110.563163718639,0.003927863404477997,0.0,5.394814550899076,259,0.27680350730307784,0.07586708113739152,14484.799049531677
605,110.77126444999193,110.77126444999193,0.0018804195478737942,0.0,5.394814550899076,259,0.27685118107733153,0.08734329419406064,14487.588202044237
606,110.42266909175494,110.42266909175494,-0.003151945817466628,0.0,5.394814550899076,259,0.2770766294335806,0.08587440890978179,14470.775635684076
607,110.77681509067007,110.77681509067007,0.003202053592634943,0.0,5.394814550899076,259,0.2770554623172561,0.08602333748248575,14483.712596698599
608,110.86991634458917,110.86991634458917,0.0008400869148100768,0.0,5.394814550899076,259,0.2770898467416614,0.055334002497049006,14486.018097945063
609,110.55437573206795,110.55437573206795,-0.002850101252744889,0.0,5.394814550899076,259,0.2770937220301943,0.1510128469313324,14475.50121646062
610,110.47916919848012,110.47916919848012,-0.000680498849291643,0.0,5.394814550899076,259,0.2771910131160134,0.13030148034535297,14470.919870373922
611,108.82514733738185,108.82514733738185,-0.015084547815673017,0.0,5.394814550899076,259,0.27737707514073484,0.1133279805908962,14415.456662126659
612,109.00765629598331,109.00765629598331,0.0016756796796707277,0.0,5.394814550899076,259,0.2772979849316928,0.09355873537854033,14422.310505536294
613,109.52589858630635,109.52589858630635,0.004742917050898787,0.0,5.394814550899076,259,0.2771998018947202,0.09730455318690744,14439.215002783372
614,109.4347064712117,109.4347064712117,-0.000832954588732805,0.0,5.394814550899076,259,0.277231458253223,0.09067551097051163,14435.864191629926
615,109.31707261011519,109.31707261011519,-0.0010755009438503317,0.0,5.394814550899076,259,0.2773052994720344,0.13469736933492518,14430.72342839474
616,108.30977616035558,108.30977616035558,-0.00925716333992991,0.0,5.394814550899076,259,0.27774123519181226,0.14879617593493244,14393.175154433447
617,109.12724272379612,109.12724272379612,0.007519146639299726,0.0,5.394814550899076,259,0.27756241691167666,0.09609716163143739,14419.931293654048
618,109.24687005084573,109.24687005084573,0.0010956183175392113,0.0,5.394814550899076,259,0.2775128704194778,0.0964999670553464,14424.508577838858
619,108.2631939323414,108.2631939323414,-0.00904494078822358,0.0,5.394814550899076,259,0.27804762435091307,0.09906828619056872,14384.96765675512
620,107.09093449281892,107.09093449281892,-0.01088691474426627,0.0,5.394814550899076,259,0.2783455681038358,0.14908248776531213,14348.417024409733
621,107.0613916785925,107.0613916785925,-0.00027590467908515426,0.0,5.394814550899076,259,0.27837955810878834,0.15205862265233824,14346.958610240681
622,106.67298054478775,106.67298054478775,-0.0036345259523113387,0.0,5.394814550899076,259,0.27860381494379616,0.12964893376240463,14332.75122690127
623,106.23894717408709,106.23894717408709,-0.004077122184677275,0.0,5.394814550899076,259,0.2789318452759533,0.14504217883892678,14315.779647990936
624,105.83121124245777,105.83121124245777,-0.003845297585317059,0.0,5.394814550899076,259,0.27919564438445504,0.1492261853332261,14300.124947103704
625,105.1721720098926,105.1721720098926,-0.006246737521231899,0.0,5.394814550899076,259,0.2796075985262727,0.15379973213577605,14267.18874587978
626,105.2447942528246,105.2447942528246,0.0006902698684940475,0.0,5.394814550899076,259,0.2796226029524985,0.1479160410642122,14265.613468046726
627,105.14329658850575,105.14329658850575,-0.0009648613834285086,0.0,5.394814550899076,259,0.2797237036419208,0.14720173544002924,14256.763105196525
628,105.04145459931682,105.04145459931682,-0.0009690712250375505,0.0,5.394814550899076,259,0.27975988952682207,0.14539025298575645,14252.851471625745
629,104.22901649015674,104.22901649015674,-0.007764518200757245,0.0,5.394814550899076,259,0.2801823522999674,0.13040435520036323,14220.721013218114
630,104.42165822936316,104.42165822936316,0.0018465484878358793,0.0,5.394814550899076,259,0.28017362072598956,0.1027252780712986,14222.345397599034
631,104.66642227644589,104.66642227644589,0.002341254061887989,0.0,5.394814550899076,259,0.28004830011648923,0.10239702860071413,14230.155549274139
632,105.45180740807625,105.45180740807625,0.007475684432200925,0.0,5.394814550899076,259,0.2797290803750217,0.11793134246924424,14253.546327885426
633,105.67031758298612,105.67031758298612,0.0020699891396300596,0.0,5.394814550899076,259,0.27962482847688774,0.11356860536870642,14260.058113245603
634,106.58211493630108,106.58211493630108,0.008591684451708837,0.0,5.394814550899076,259,0.2794249742319611,0.11864085085543324,14283.564154307518
635,106.23212047172125,106.23212047172125,-0.003289204591544712,0.0,5.394814550899076,259,0.27967034210570957,0.10536094803544507,14271.046218911344
636,107.05830525625754,107.05830525625754,0.007747079258930473,0.0,5.394814550899076,259,0.27946739296254436,0.0816385923839254,14292.882894289274
637,107.29887629826776,107.29887629826776,0.0022445820687536032,0.0,5.394814550899076,259,0.279385844689577,0.07930428179906883,14299.676487293487
638,107.47193346262151,107.47193346262151,0.0016115523520195921,0.0,5.394814550899076,259,0.27937840142467657,0.13386846503850655,14303.44140870481
639,107.3653053336013,107.3653053336013,-0.0009926411116904174,0.0,5.394814550899076,259,0.2794618094010283,0.15262085186712157,14299.496869493985
640,107.15059685377008,107.15059685377008,-0.002001796131102366,0.0,5.394814550899076,259,0.27955980579572637,0.15889776788740528,14292.920443132734
641,106.83545179965255,106.83545179965255,-0.002945475033964967,0.0,5.394814550899076,259,0.27973470318124355,0.15402575751228434,14282.868373764233
642,107.68684922147187,107.68684922147187,0.007937653922682628,0.0,5.394814550899076,259,0.2795543682581936,0.10330381560975616,14304.207129165852
643,107.56425204075082,107.56425204075082,-0.0011391086341363216,0.0,5.394814550899076,259,0.2796389936280287,0.07282371562773096,14299.933336883185
644,107.81639719971022,107.81639719971022,0.0023413920892091417,0.0,5.394814550899076,259,0.27961088233804887,0.07629576298511159,14305.761503997934
645,108.18488818486657,108.18488818486657,0.003411936572291423,0.0,5.394814550899076,259,0.27948986979245866,0.08502539447656352,14316.282089036691
646,108.54727040622994,108.54727040622994,0.0033440589658768863,0.0,5.394814550899076,259,0.27945301319026017,0.07436011815448038,14325.085994108013
647,108.63435134474848,108.63435134474848,0.0008019181594011756,0.0,5.394814550899076,259,0.2794433255223242,0.09951858009661896,14327.202524000193
648,109.46773281215694,109.46773281215694,0.007642160106788408,0.0,5.394814550899076,259,0.27933523852189224,0.08796893871174559,14349.116307582599
649,109.68166807344502,109.68166807344502,0.0019524153694449684,0.0,5.394814550899076,259,0.27930564488940296,0.08194134259671347,14355.20652737834
650,109.34299845652669,109.34299845652669,-0.0030925273595510043,0.0,5.394814550899076,259,0.2794009822721175,0.08522018183139321,14344.275352807208
651,109.14200031886749,109.14200031886749,-0.0018399267271395614,0.0,5.394814550899076,259,0.2794966127222343,0.09317494442314465,14335.865104444383
652,108.32522320776394,108.32522320776394,-0.007511761437098871,0.0,5.394814550899076,259,0.2797643060993804,0.09933888171065205,14310.622359639015
653,108.44813043164069,108.44813043164069,0.00113396997355695,0.0,5.394814550899076,259,0.2797758313555259,0.0932151230120474,14309.391711166023
654,108.72639187739126,108.72639187739126,0.002562562081999458,0.0,5.394814550899076,259,0.2797358775608897,0.10515826316450629,14312.384046767611
655,109.05876413209536,109.05876413209536,0.003052297216579768,0.0,5.394814550899076,259,0.27973946347854906,0.11088586222549929,14316.277756581392
656,109.29292138313583,109.29292138313583,0.002144772459614192,0.0,5.394814550899076,259,0.2797112970110075,0.11460100435533227,14319.447652967949
657,109.18415579322657,109.18415579322657,-0.0009956705783550927,0.0,5.394814550899076,259,0.2797170685015817,0.12785548011156286,14317.13412124602
658,109.17449421857013,109.17449421857013,-8.849271290348987e-05,0.0,5.394814550899076,259,0.2797318128327724,0.10535588158436623,14316.478639704032
659,109.16107052609784,109.16107052609784,-0.00012296386532257523,0.0,5.394814550899076,259,0.27977790336031083,0.10940879988508352,14315.238779123223
660,109.67312955740506,109.67312955740506,0.004679889758343072,0.0,5.394814550899076,259,0.2796820901410441,0.10538308919803754,14327.475274723147
661,108.69511771044016,108.69511771044016,-0.008957514644121768,0.0,5.394814550899076,259,0.28009381155566115,0.0769436008449974,14300.319491442166
662,108.44778049430748,108.44778049430748,-0.0022781064925092597,0.0,5.394814550899076,259,0.2801486104404097,0.08339549380817529,14294.711980081809
663,107.92009227223645,107.92009227223645,-0.0048777044535615495,0.0,5.394814550899076,259,0.28051248736249906,0.07681021468182112,14277.76458420176
664,108.99019987883239,108.99019987883239,0.009866901913511658,0.0,5.394814550899076,259,0.2801924231463363,0.035266547216476964,14304.003146895924
665,109.6141923368906,109.6141923368906,0.005708889436903908,0.0,5.394814550899076,259,0.2800012631626372,0.07823275235166689,14320.01168064737
666,109.3846118531538,109.3846118531538,-0.0020966376386094363,0.0,5.394814550899076,259,0.2800409273355526,0.07767631917989642,14314.52740730571
667,108.67384885196364,108.67384885196364,-0.006519036372607969,0.0,5.394814550899076,259,0.28046224031983225,0.08164664812519606,14292.169405319264
668,108.08357776393282,108.08357776393282,-0.005446388217038017,0.0,5.394814550899076,259,0.2807403690547487,0.1026780673657362,14275.303571466984
669,108.58348036794249,108.58348036794249,0.0046144854263947665,0.0,5.394814550899076,259,0.2805883421095872,0.08485686845628594,14287.18453281422
670,107.78228906808857,107.78228906808857,-0.007405930835591061,0.0,5.394814550899076,259,0.2807937892895096,0.05844965131445861,14268.983686873473
671,107.77746286438256,107.77746286438256,-4.47783379184705e-05,0.0,5.394814550899076,259,0.280828049780127,0.08510525059584521,14268.21741789167
672,108.1781634015877,108.1781634015877,0.003710956773642741,0.0,5.394814550899076,259,0.28069697974212365,0.07856370309961151,14278.049335018548
673,107.54868662085192,107.54868662085192,-0.005835885215085872,0.0,5.394814550899076,259,0.28098184879255594,0.06473115401205351,14261.446245753616
674,107.54137727736973,107.54137727736973,-6.796542204258476e-05,0.0,5.394814550899076,259,0.2810044900863742,0.0635330115336733,14260.86040898492
675,107.32313827621724,107.32313827621724,-0.002031411055841609,0.0,5.394814550899076,259,0.28114715169948634,0.058354174711269746,14254.269087991648
676,107.03737842586685,107.03737842586685,-0.002666162817872863,0.0,5.394814550899076,259,0.2813519939085285,0.11608235301613756,14245.071978541308
677,106.66409111684833,106.66409111684833,-0.0034935434882757714,0.0,5.394814550899076,259,0.2816057625295943,0.11789092582807123,14232.566938106514
678,107.08223345725237,107.08223345725237,0.003912515217648746,0.0,5.394814550899076,259,0.28148085227109537,0.1157635372091896,14239.941203742259
679,107.79958996563603,107.79958996563603,0.006676778537119676,0.0,5.394814550899076,259,0.28150674262619085,0.06645638364487258,14250.778932506315
680,107.63195925400676,107.63195925400676,-0.0015562320938411363,0.0,5.394814550899076,259,0.28164271695922316,0.06114643166466491,14241.752419358807
681,107.79584382905512,107.79584382905512,0.0015214805546701175,0.0,5.394814550899076,259,0.28166510573986,0.05780608354440048,14242.676573323306
682,107.78701161880043,107.78701161880043,-8.193796525492379e-05,0.0,5.394814550899076,259,0.281711286508985,0.044367224575117985,14240.194163139593
683,106.88104270523479,106.88104270523479,-0.00844069971432019,0.0,5.394814550899076,259,0.2818745505788422,0.030620660757765764,14218.319835322392
684,106.72004685885241,106.72004685885241,-0.0015074443412065811,0.0,5.394814550899076,259,0.28192704837180393,0.021242299558834613,14214.054389854298
685,105.73907503360181,105.73907503360181,-0.009234518034734953,0.0,5.394814550899076,259,0.2826786711806059,0.03580131312461774,14179.942577977496
686,105.48183764684576,105.48183764684576,-0.0024357201251366746,0.0,5.394814550899076,259,0.28286431890762614,0.05485520578570585,14171.375995094468
687,105.45822442240558,105.45822442240558,-0.00022388563184420353,0.0,5.394814550899076,259,0.2829080274689603,0.05458848526200232,14170.081889602261
688,105.80934802176652,105.80934802176652,0.0033239736566282297,0.0,5.394814550899076,259,0.28279968587858645,0.04669345925827216,14178.790099736654
689,105.93556924249155,105.93556924249155,0.0011922008547463761,0.0,5.394814550899076,259,0.28273870537020385,0.06246256883476453,14182.436958403952
690,106.38856949457956,106.38856949457956,0.004267069605276735,0.0,5.394814550899076,259,0.28253798660699886,0.06224009698297584,14195.243586048404
691,105.95074441789573,105.95074441789573,-0.004123830760181287,0.0,5.394814550899076,259,0.2827646017871608,0.03466035558464295,14182.367738308763
692,106.60233557805057,106.60233557805057,0.00613111041536786,0.0,5.394814550899076,259,0.2825705202420168,0.002730349891309136,14198.83244126924
693,107.33706829545685,107.33706829545685,0.00686863282508959,0.0,5.394814550899076,259,0.2821506751554148,0.022318689208768814,14222.315520853577
694,106.32691416750015,106.32691416750015,-0.009455610090854936,0.0,5.394814550899076,259,0.28271340128541655,-0.00636114665462052,14190.425134903076
695,105.51641462573215,105.51641462573215,-0.007651914280846753,0.0,5.394814550899076,259,0.28311361715164074,0.06690740850318778,14167.471622712583
696,105.48194752458777,105.48194752458777,-0.00032670491940983384,0.0,5.394814550899076,259,0.2831530893558642,0.055716008639740265,14166.042887728123
697,105.19262074715213,105.19262074715213,-0.002746671909231134,0.0,5.394814550899076,259,0.28337049379740714,0.05192119327297027,14156.346029950073
698,104.97316448238054,104.97316448238054,-0.0020884117202469694,0.0,5.394814550899076,259,0.2835520027610995,0.05628854105744556,14148.640534838753
699,105.09426201890918,105.09426201890918,0.0011529398151805083,0.0,5.394814550899076,259,0.2835185631027305,0.05329252949774588,14151.457801043136
700,105.57052195910993,105.57052195910993,0.00452150323936447,0.0,5.394814550899076,259,0.28335553863607615,0.054497131074290335,14163.330272700518
701,105.11196175680969,105.11196175680969,-0.00435309968190152,0.0,5.394814550899076,259,0.28366753005530754,0.05593331526043689,14148.8037185167
702,105.67383730680936,105.67383730680936,0.005331259347760588,0.0,5.394814550899076,259,0.2833751603910876,0.044739971927433314,14164.760855304625
703,105.29482580133036,105.29482580133036,-0.0035930636109799134,0.0,5.394814550899076,259,0.28364351736080917,0.031422322163342065,14151.20158545382
704,106.40432842936305,106.40432842936305,0.010481976563738385,0.0,5.394814550899076,259,0.2833443305272903,-0.0033848419184647005,14176.036682454136
705,107.0419197247903,107.0419197247903,0.005974274060531297,0.0,5.394814550899076,259,0.2832690409084326,0.03502931235820458,14185.844627638871
706,106.69608315634292,106.69608315634292,-0.003236082171557255,0.0,5.394814550899076,259,0.28342199680170604,0.018802029292933547,14172.778004655607
707,105.9991729572306,105.9991729572306,-0.006553156904824284,0.0,5.394814550899076,259,0.2836357555776955,0.024409613900521085,14155.105874359526
708,105.6552948061146,105.6552948061146,-0.0032494325050503067,0.0,5.394814550899076,259,0.2837991886597263,0.02291354350067992,14144.126634447226
709,105.25642165350737,105.25642165350737,-0.0037823752500614942,0.0,5.394814550899076,259,0.2839393868948591,0.03363649293484328,14135.772470467899
710,105.539671191082,105.539671191082,0.0026874284454490166,0.0,5.394814550899076,259,0.28385378380650006,0.023690431514001534,14141.43019429202
711,104.55762471724604,104.55762471724604,-0.009348560359046196,0.0,5.394814550899076,259,0.2847000562225093,-0.0024843765514708485,14111.312722855708
712,103.76721684203525,103.76721684203525,-0.007588261313860667,0.0,5.394814550899076,259,0.2851367336880726,0.04687506247739357,14092.371273821893
713,104.02666895471644,104.02666895471644,0.002497207716347988,0.0,5.394814550899076,259,0.28496780922037496,0.02750296630113439,14099.188177940143
714,103.61793265310908,103.61793265310908,-0.003936888571746456,0.0,5.394814550899076,259,0.28520599509457284,0.011580290589283308,14088.89136602166
715,103.37276312298765,103.37276312298765,-0.0023688953153468716,0.0,5.394814550899076,259,0.2854507284340552,0.006808449963154237,14081.092921523352
716,103.75645703207434,103.75645703207434,0.0037048789898917766,0.0,5.394814550899076,259,0.2852612536378889,0.00237662811089282,14089.584578623091
717,104.2484251653114,104.2484251653114,0.0047303606089324785,0.0,5.394814550899076,259,0.2849094852150972,0.019569243507426188,14103.00179022651
718,104.86371908166022,104.86371908166022,0.00588483939340446,0.0,5.394814550899076,259,0.2846298529595611,0.042648448966978364,14116.79513465632
719,105.20511887475871,105.20511887475871,0.0032503639948684364,0.0,5.394814550899076,259,0.28440759007298844,0.057137249926489865,14125.480862845292
720,105.08517596777912,105.08517596777912,-0.0011407366191198084,0.0,5.394814550899076,259,0.2845048467614361,0.08606608499282938,14121.966515574435
721,104.92479064627608,104.92479064627608,-0.0015274070585325921,0.0,5.394814550899076,259,0.28464616395505,0.08062102012339435,14117.06626616386
722,104.70875326166228,104.70875326166228,-0.0020610963022980747,0.0,5.394814550899076,259,0.2847880309386987,0.07660968916858357,14111.505408902507
723,104.10053271026374,104.10053271026374,-0.00582562474375349,0.0,5.394814550899076,259,0.28525911370961016,0.11203568787805523,14094.52059643092
724,103.62943590208273,103.62943590208273,-0.004535673104440627,0.0,5.394814550899076,259,0.2855819217062973,0.08373108443100372,14082.195767851448
725,104.1642479497634,104.1642479497634,0.005147540759505152,0.0,5.394814550899076,259,0.28523927477259275,0.07389369189765506,14095.131932299788
726,103.80071345985961,103.80071345985961,-0.0034961164392756424,0.0,5.394814550899076,259,0.2854704742909433,0.05689552404611638,14086.2247085633
727,103.20110873485172,103.20110873485172,-0.0057932475727030894,0.0,5.394814550899076,259,0.2859394870882676,0.04760137377411646,14070.112514783621
728,103.7771221841408,103.7771221841408,0.005565947044713769,0.0,5.394814550899076,259,0.2855710474422379,0.04226583723910836,14084.014923415947
729,103.04357739551872,103.04357739551872,-0.0070935633234493365,0.0,5.394814550899076,259,0.2861866066573214,0.03889480574279221,14062.098525655327
730,103.10776537469104,103.10776537469104,0.0006227267829940709,0.0,5.394814550899076,259,0.2862199138344321,0.03661695977437694,14059.598488451727
731,102.02706766235829,102.02706766235829,-0.01053655972988462,0.0,5.394814550899076,259,0.28649077331616607,0.02215003450671864,14031.113319735567
732,102.83438511370278,102.83438511370278,0.007881635316213399,0.0,5.394814550899076,259,0.2862409597316859,-0.020140628990719563,14048.435313319442
733,103.58855765357123,103.58855765357123,0.00730709373117009,0.0,5.394814550899076,259,0.28605046641801285,0.02870918714765408,14062.649026071422
734,103.01575668028613,103.01575668028613,-0.0055449223579922165,0.0,5.394814550899076,259,0.2862588816251358,0.003727220412081885,14044.073583205063
735,102.94792951796818,102.94792951796818,-0.0006586322668997059,0.0,5.394814550899076,259,0.2862857302000816,0.0018523803976752888,14042.579337912171
736,102.45081577317674,102.45081577317674,-0.004840484441255964,0.0,5.394814550899076,259,0.28650534291773966,-0.0016723710516288021,14031.164199871422
737,101.94985675510146,101.94985675510146,-0.00490174533114852,0.0,5.394814550899076,259,0.28700973530718454,0.017330871754614126,14014.790268586286
738,101.72528177492782,101.72528177492782,-0.002205228117717588,0.0,5.394814550899076,259,0.28719773693662637,-0.0016552028371072474,14008.165768443056
739,102.00980158187296,102.00980158187296,0.002793038756216282,0.0,5.394814550899076,259,0.2870244859604457,-0.0017639401628476645,14015.02817378198
740,102.30067797827122,102.30067797827122,0.002847397681724626,0.0,5.394814550899076,259,0.28690991886541856,0.00852290197935358,14020.918328747395
741,102.52438539207242,102.52438539207242,0.0021843762581765197,0.0,5.394814550899076,259,0.2867388855536869,0.014663649783613116,14027.233048612488
742,102.40461175049798,102.40461175049798,-0.0011689283301305714,0.0,5.394814550899076,259,0.2868598096296958,0.017840432370780264,14023.138660865312
743,102.72153595590619,102.72153595590619,0.0030900444543784625,0.0,5.394814550899076,259,0.2866808181585381,0.013101849154119598,14030.673927247472
744,102.1233803856522,102.1233803856522,-0.0058400987540353794,0.0,5.394814550899076,259,0.2869583409704481,-0.004340904379213797,14017.596132771161
745,102.21581341336926,102.21581341336926,0.0009047019546584187,0.0,5.394814550899076,259,0.28691069748008746,-0.021642986221114036,14019.74393497844
746,102.20656776592392,102.20656776592392,-9.045631303482202e-05,0.0,5.394814550899076,259,0.2869540512185753,-0.020806605855032655,14018.66950603999
747,102.05981410531706,102.05981410531706,-0.0014368853505107339,0.0,5.394814550899076,259,0.28709825994706717,-0.02194010005025942,14014.061525482137
748,102.17413140266196,102.17413140266196,0.0011194741305057027,0.0,5.394814550899076,259,0.28706219041507436,-0.028040631394760332,14016.163484758099
749,101.18746930122168,101.18746930122168,-0.009703600286484879,0.0,5.394814550899076,259,0.28798176149664323,-0.043472763909523794,13986.542144286119
750,100.70584826341798,100.70584826341798,-0.0047710539130879385,0.0,5.394814550899076,259,0.28835171240710605,-0.008617144312390934,13973.365879569401
751,100.94489963123588,100.94489963123588,0.0023709456304725116,0.0,5.394814550899076,259,0.288200152768077,-0.0016823990145011134,13978.98997011405
752,100.92777058824342,100.92777058824342,-0.00016970145602131697,0.0,5.394814550899076,259,0.288226513523086,-0.03831320035207456,13978.228071350337
753,100.2006783155135,100.2006783155135,-0.0072301600703319775,0.0,5.394814550899076,259,0.2889079046927993,0.004673068222729992,13956.732380234198
754,100.1645519678588,100.1645519678588,-0.00036060496120091535,0.0,5.394814550899076,259,0.28899711630296504,-0.04037581802519284,13954.516311759508
755,99.88192996538756,99.88192996538756,-0.002825565216379061,0.0,5.394814550899076,259,0.2892977746792091,-0.03951171565993911,13944.28120548584
756,100.38627790726196,100.38627790726196,0.005036735620222612,0.0,5.394814550899076,259,0.28916050419222605,-0.046252024175921495,13954.228708116347
757,99.81154525232967,99.81154525232967,-0.0057416631687647315,0.0,5.394814550899076,259,0.2894266283105308,-0.06837758382975315,13938.65217121363
758,99.25198983763754,99.25198983763754,-0.005621892409365458,0.0,5.394814550899076,259,0.2896968957404714,-0.04890946895994531,13918.953461967802
759,99.40951083302824,99.40951083302824,0.0015858234018220287,0.0,5.394814550899076,259,0.2896896450790442,-0.06554326038803444,13919.723908698625
760,99.30383892574807,99.30383892574807,-0.0010635613296183578,0.0,5.394814550899076,259,0.28975773435606056,-0.05362856319828555,13914.780891343316
761,99.18665560226319,99.18665560226319,-0.0011807450767643223,0.0,5.394814550899076,259,0.28980805406757687,-0.038205552179757254,13912.517888904003
762,100.25929034350582,100.25929034350582,0.010756248544879938,0.0,5.394814550899076,259,0.28938152188213756,-0.02566573369692056,13932.793276571248
763,100.5579378754082,100.5579378754082,0.0029743240131250713,0.0,5.394814550899076,259,0.28912553504189487,0.027341028976623778,13941.239022117885
764,100.37494869613893,100.37494869613893,-0.0018213965168192307,0.0,5.394814550899076,259,0.28931269796470516,-0.033267726984594535,13935.381556855156
765,99.59839139087485,99.59839139087485,-0.00776664737879042,0.0,5.394814550899076,259,0.2898316107279864,-0.017908198150135897,13916.968290125229
766,99.39647224432302,99.39647224432302,-0.002029391233143818,0.0,5.394814550899076,259,0.2899480390604719,-0.02222745808815531,13912.567748660842
767,98.80229602858532,98.80229602858532,-0.0059957788934383,0.0,5.394814550899076,259,0.2905339560919956,-0.027758697776002445,13895.163892235294
768,98.35700202405519,98.35700202405519,-0.004517106381343389,0.0,5.394814550899076,259,0.29090376847196836,-0.019376532394479007,13883.584358957358
769,97.9293243020686,97.9293243020686,-0.0043576993545596425,0.0,5.394814550899076,259,0.291265404241693,-0.0037070698673648027,13872.738558585432
770,98.40611958148848,98.40611958148848,0.004856955089605267,0.0,5.394814550899076,259,0.2910213482090178,0.0056346728675361534,13881.852982195904
771,97.72999385708079,97.72999385708079,-0.0068944814985027105,0.0,5.394814550899076,259,0.29171062525035163,-0.06147311688191165,13862.39261789615
772,98.14872576339683,98.14872576339683,0.0042754266003989065,0.0,5.394814550899076,259,0.29143115723775537,-0.06866470000827228,13871.617147952273
773,98.33999853529959,98.33999853529959,0.0019469089944271643,0.0,5.394814550899076,259,0.2913123266100705,-0.04918913463343425,13875.74494803682
774,98.52511054495668,98.52511054495668,0.0018805979899462004,0.0,5.394814550899076,259,0.29122743746422025,-0.04660910767245565,13879.149007293869
775,98.06549739393226,98.06549739393226,-0.004675848894728463,0.0,5.394814550899076,259,0.2916864051243246,-0.04894951557401033,13866.042575740383
776,98.41450051613289,98.41450051613289,0.0035525599854199894,0.0,5.394814550899076,259,0.2914501131021769,-0.08188979264179734,13873.86495008132
777,97.07006680030236,97.07006680030236,-0.013755100279988039,0.0,5.394814550899076,259,0.2925127676041237,-0.14404564417809193,13841.156523848078
778,96.57003405548701,96.57003405548701,-0.005164569260637559,0.0,5.394814550899076,259,0.2928816835927543,-0.13598586077688318,13829.875976859721
779,97.24493843328572,97.24493843328572,0.0069644475560075095,0.0,5.394814550899076,259,0.29221795628079505,-0.1540261045925564,13848.333179337422
780,97.72482377962807,97.72482377962807,0.004922674264691884,0.0,5.394814550899076,259,0.29183190303081286,-0.11497595567209923,13860.089649141344
781,98.49748263539398,98.49748263539398,0.007875382400125157,0.0,5.394814550899076,259,0.2913906549860403,-0.0734202791207867,13874.935286230608
782,98.47155308932119,98.47155308932119,-0.00026328550705615307,0.0,5.394814550899076,259,0.2914588483050481,-0.07210580604569082,13870.44908200243
783,98.3552632649149,98.3552632649149,-0.001181646282670867,0.0,5.394814550899076,259,0.2915785794864368,-0.08473765043290919,13863.676719929359
784,98.12310892029174,98.12310892029174,-0.0023631552936848525,0.0,5.394814550899076,259,0.291719763413688,-0.07066722219320869,13854.365190850527
785,99.15161331029451,99.15161331029451,0.010427222476387412,0.0,5.394814550899076,259,0.29129381505892477,-0.0669744385005519,13876.194099073784
786,99.4113259321736,99.4113259321736,0.0026159239077772323,0.0,5.394814550899076,259,0.29124216650017165,-0.05157137569371142,13880.273743564896
787,98.81947258803481,98.81947258803481,-0.005971373845173314,0.0,5.394814550899076,259,0.29153994973858066,-0.04262108764069783,13867.744301780906
788,99.44437753419099,99.44437753419099,0.006303791791911742,0.0,5.394814550899076,259,0.29118680948586967,-0.04040528997464034,13882.207419914323
789,99.32947877976686,99.32947877976686,-0.00115607524401598,0.0,5.394814550899076,259,0.2913274561021765,-0.03837531300503698,13878.077773154759
790,98.15267827575734,98.15267827575734,-0.011918184925923317,0.0,5.394814550899076,259,0.2922321604342745,-0.02378442405374458,13846.832213157555
791,97.7826514512827,97.7826514512827,-0.003777034645971735,0.0,5.394814550899076,259,0.29262777692273295,0.047229189462896004,13835.294016598235
792,98.27138377658606,98.27138377658606,0.004985700366857169,0.0,5.394814550899076,259,0.2922844238008431,-0.006661700999502889,13847.238906946159
793,98.46537862633646,98.46537862633646,0.0019721267164920417,0.0,5.394814550899076,259,0.2921472035185819,0.028544081956375207,13852.054591335858
794,98.75676943982185,98.75676943982185,0.0029549523557239475,0.0,5.394814550899076,259,0.29195874519406034,0.0359298531391273,13859.075329029529
795,99.37256297445124,99.37256297445124,0.006216096425220533,0.0,5.394814550899076,259,0.29147477549406825,0.05087935223502633,13875.673725072551
796,98.53611775232912,98.53611775232912,-0.008452890489425545,0.0,5.394814550899076,259,0.29207653092001956,0.005026417404923825,13854.092763577763
797,98.17030218554392,98.17030218554392,-0.0037194107708892065,0.0,5.394814550899076,259,0.29246167392427136,0.015851156436010216,13842.648816282566
798,98.17761602310209,98.17761602310209,7.449875331788793e-05,0.0,5.394814550899076,259,0.29248188867738323,0.01793405193886884,13842.338065531063
799,98.68213300567355,98.68213300567355,0.005125660168037346,0.0,5.394814550899076,259,0.2920524044825643,0.013011827934746489,13856.274874656696
800,98.82924645592102,98.82924645592102,0.0014896709025443687,0.0,5.176048113115024,217,0.3471163904621081,0.014410789996505462,12984.446093913957
801,98.39982955167478,98.39982955167478,-0.004354505851558991,0.0,5.176048113115024,217,0.34727430087035505,0.01038122964906601,12979.107741557145
802,98.8657241445212,98.8657241445212,0.0047235358668735765,0.0,5.176048113115024,217,0.3471032001806653,-0.0005849727586383201,12984.89957106631
803,98.4850761697539,98.4850761697539,-0.003857581993022356,0.0,5.176048113115024,217,0.3472424931747231,0.0007041896482563547,12980.167496028926
804,99.56479758727828,99.56479758727828,0.010903638505800794,0.0,5.176048113115024,217,0.3468603459710012,-0.016238054520500856,12993.590193917491
805,100.47634227076793,100.47634227076793,0.009113635259334273,0.0,5.176048113115024,217,0.3465677203296045,0.043456803325948666,13004.922180761343
806,100.59766483198098,100.59766483198098,0.0012067454932043237,0.0,5.176048113115024,217,0.34653050548397946,0.05117762166750096,13006.430395975367
807,101.07288536201652,101.07288536201652,0.004712848843517048,0.0,5.176048113115024,217,0.34639037969732395,0.05537891168884912,13012.338081933325
808,100.55432606380434,100.55432606380434,-0.005143754534822739,0.0,5.176048113115024,217,0.34657973490471244,0.04874359146418521,13004.246937206057
809,101.01004215494538,101.01004215494538,0.004521799876216944,0.0,5.176048113115024,217,0.34643307473211016,0.012317021227389719,13014.522235500468
810,100.7304957368615,100.7304957368615,-0.0027713477908150362,0.0,5.176048113115024,217,0.3467508610334761,0.011763487922116116,13000.908870031186
811,101.27970863539429,101.27970863539429,0.005437490184434561,0.0,5.176048113115024,217,0.34672919918060663,0.0035932065617953423,13002.727939403443
812,101.36145282527976,101.36145282527976,0.0008067876608111548,0.0,5.176048113115024,217,0.3467667260564767,0.004849701121335565,13001.322736563825
813,100.90932394037702,100.90932394037702,-0.0044705384054184675,0.0,5.176048113115024,217,0.34683076700354265,0.001097574322219962,12998.674963673064
814,100.92504940802692,100.92504940802692,0.00015582546640437685,0.0,5.176048113115024,217,0.34681939513202115,0.00019366849264228935,12999.053624852471
815,100.56253206731739,100.56253206731739,-0.0035984126587706926,0.0,5.176048113115024,217,0.34711858622157094,0.008219870318018267,12989.350037779592
816,100.791104268757,100.791104268757,0.0022703568088511014,0.0,5.176048113115024,217,0.3470093267407266,0.020103423226446666,12993.149419503883
817,100.27974772089394,100.27974772089394,-0.005086342900920055,0.0,5.176048113115024,217,0.3472652599810409,-0.005086185134050127,12984.467591997322
818,100.489390289962,100.489390289962,0.0020883951322361303,0.0,5.176048113115024,217,0.3471740452316142,-0.006525115719525638,12987.656569716793
819,100.50207290710566,100.50207290710566,0.0001262005555733084,0.0,5.176048113115024,217,0.3471686018136812,-0.005609291781846754,12987.849088999112
820,101.34584165757596,101.34584165757596,0.008360489302862338,0.0,5.176048113115024,217,0.3468222421899358,-0.006853104696690189,13000.681478139966
821,101.4935464702523,101.4935464702523,0.0014563723559481913,0.0,5.176048113115024,217,0.3467644509304086,0.007186382710089541,13002.927623767268
822,100.88847544996874,100.88847544996874,-0.005979511592766733,0.0,5.176048113115024,217,0.34700635013475134,-0.014240381795341284,12993.72641806838
823,101.50695979704729,101.50695979704729,0.006111662266291167,0.0,5.176048113115024,217,0.3467592483624294,-0.03172366731142238,13003.131597804711
824,101.14308137151119,101.14308137151119,-0.003591203974185097,0.0,5.176048113115024,217,0.3469026855448925,-0.05297166402151537,12997.598164322511
825,100.01244678543559,100.01244678543559,-0.011241515488951857,0.0,5.176048113115024,217,0.3473842356004928,-0.03689060106178593,12980.4048084221
826,99.59972099539098,99.59972099539098,-0.004135282761432121,0.0,5.176048113115024,217,0.3475736857664132,-0.017533632288780316,12974.128561892136
827,99.4966380509264,99.4966380509264,-0.001035508174729798,0.0,5.176048113115024,217,0.34762181111000817,-0.03111263387701784,12972.56099817768
828,99.40780244716534,99.40780244716534,-0.0008932491345632826,0.0,5.176048113115024,217,0.34766359956501225,-0.04276098047109481,12971.210091199508
829,99.67520996698217,99.67520996698217,0.002686393754957162,0.0,5.176048113115024,217,0.3475386197414785,-0.03263826171011952,12975.27650904598
830,99.53218260073372,99.53218260073372,-0.001435964689680163,0.0,5.176048113115024,217,0.34760518388445577,-0.01644747485603061,12973.101517725447
831,99.9436598893692,99.9436598893692,0.004125591020224611,0.0,5.176048113115024,217,0.34741528230005764,-0.003976034286179775,12979.358778520027
832,99.91276743316902,99.91276743316902,-0.0003091464894081793,0.0,5.176048113115024,217,0.3474292934634511,-0.009387497860571527,12978.889002519338
833,99.36305855713115,99.36305855713115,-0.005517079331117797,0.0,5.176048113115024,217,0.34768481780829147,-0.008938514355607274,12970.529678946776
834,98.69896434075801,98.69896434075801,-0.006705946908271774,0.0,5.176048113115024,217,0.34805374172735926,0.018299783053996512,12958.950532671019
835,98.22231597834502,98.22231597834502,-0.004841013551314854,0.0,5.176048113115024,217,0.3484402470577806,0.04614786613476138,12946.540577479116
836,97.94455207943756,97.94455207943756,-0.002831916391291141,0.0,5.176048113115024,217,0.3487452996015388,0.08225564210109003,12933.148675263372
837,97.75386322475545,97.75386322475545,-0.001948803874943169,0.0,5.176048113115024,217,0.34883948446833046,0.048847506518802146,12930.141258457064
838,97.56849463731645,97.56849463731645,-0.0018980791049250316,0.0,5.176048113115024,217,0.34908325839188575,0.07554599208058521,12920.36812018277
839,95.8605671960487,95.8605671960487,-0.01765992982547361,0.0,5.176048113115024,217,0.34959717351595077,0.06452472898990776,12904.393813500406
840,95.86722139158888,95.86722139158888,6.94129483458443e-05,0.0,5.176048113115024,217,0.3496179899805269,0.038525510456443084,12903.852988641367
841,96.49627364921066,96.49627364921066,0.006540268981930908,0.0,5.176048113115024,217,0.34921012236498966,0.04010452072216333,12917.632093379154
842,96.8901118345535,96.8901118345535,0.004073076073448275,0.0,5.176048113115024,217,0.34897789767381054,0.0566420117189094,12925.892599704717
843,97.26131095606165,97.26131095606165,0.0038238151280607187,0.0,5.176048113115024,217,0.34877738369953515,0.0647963677203855,12933.3517273123
844,96.68586938583614,96.68586938583614,-0.00593402036344269,0.0,5.176048113115024,217,0.3490863474173893,0.0635584451859343,12921.929310008116
845,97.36404711498987,97.36404711498987,0.00698975297186211,0.0,5.176048113115024,217,0.34872374337609446,0.02489541239420735,12935.390849320338
846,98.09427652571925,98.09427652571925,0.00747200522924083,0.0,5.176048113115024,217,0.34835832990578053,0.06421068928302373,12949.885592360248
847,98.60848361658982,98.60848361658982,0.00522827703905946,0.0,5.176048113115024,217,0.3481259956652111,0.10813851259294062,12960.046055217499
848,98.71810681514859,98.71810681514859,0.0011110840115006295,0.0,5.176048113115024,217,0.3480796971832982,0.1176513494849308,12962.182361470463
849,99.04399010363375,99.04399010363375,0.0032957132689606025,0.0,5.176048113115024,217,0.34794917382717544,0.11198273743292449,12968.53310517014
850,98.6774474819101,98.6774474819101,-0.0037076712176419353,0.0,5.176048113115024,217,0.34809681758890887,0.08535137966114971,12961.3900010963
851,99.53471242753999,99.53471242753999,0.008650027236210415,0.0,5.176048113115024,217,0.3477632684311166,0.07477594085604118,12978.096196672393
852,98.62405985648647,98.62405985648647,-0.009191205329037121,0.0,5.176048113115024,217,0.3481193908328111,0.022300805668072025,12960.3495944913
853,98.46039623665135,98.46039623665135,-0.001660847950168193,0.0,5.176048113115024,217,0.3481891317717095,0.027974477355093966,12957.160152935809
854,98.73346938128158,98.73346938128158,0.002769592434616202,0.0,5.176048113115024,217,0.34807325809355416,0.015068339478592072,12962.48174386756
855,98.6003457308938,98.6003457308938,-0.0013492230969840999,0.0,5.176048113115024,217,0.3481294488313399,0.04357039606125596,12959.887458692923
856,99.3271059827256,99.3271059827256,0.007343736422072964,0.0,5.176048113115024,217,0.3478406768744863,0.01955041532180234,12974.050406759243
857,98.71500826180821,98.71500826180821,-0.0061815101532997655,0.0,5.176048113115024,217,0.34808099879198207,-0.006791641268618401,12962.121977526886
858,98.7834404503908,98.7834404503908,0.0006929896590827763,0.0,5.176048113115024,217,0.34805240187227615,-0.0088636398902815,12963.455569355163
859,98.01448261175567,98.01448261175567,-0.00781473442428216,0.0,5.176048113115024,217,0.34839002152234927,-0.01601622599864453,12948.47028375881
860,98.3493663115868,98.3493663115868,0.003410852112896917,0.0,5.176048113115024,217,0.3482780990196642,-0.02731316119826164,12953.236714650413
861,98.48426051812574,98.48426051812574,0.0013706420984052551,0.0,5.176048113115024,217,0.34829630167840747,-0.01314462275228875,12952.57010978346
862,98.75293928783425,98.75293928783425,0.0027244245625225602,0.0,5.176048113115024,217,0.3481980988789123,-0.0008432497227015899,12956.685785203957
863,97.46506475314793,97.46506475314793,-0.013127164707126717,0.0,5.176048113115024,217,0.34853297943335465,0.0017519387411829353,12943.221436851976
864,97.69298113657565,97.69298113657565,0.002335711920111641,0.0,5.176048113115024,217,0.34846054280148414,-0.07493655273651653,12946.379781373324
865,97.70806933268527,97.70806933268527,0.00015443311183192647,0.0,5.176048113115024,217,0.34848782558102803,-0.08751515097152066,12945.52010483134
866,97.74288768178533,97.74288768178533,0.0003562873265010567,0.0,5.176048113115024,217,0.34850652123662224,-0.09245170300232723,12945.124715117649
867,98.2952136251452,98.2952136251452,0.0056348985338571965,0.0,5.176048113115024,217,0.34828739388136915,-0.07482492253276125,12953.742112439957
868,98.19614474378811,98.19614474378811,-0.0010083791020035072,0.0,5.176048113115024,217,0.3483340638761354,-0.06398718441859914,12951.964614547182
869,98.03476079426628,98.03476079426628,-0.001644837600525388,0.0,5.176048113115024,217,0.34838693308633734,-0.057601709072183274,12949.739695260565
870,98.14120126388326,98.14120126388326,0.0010851531344132149,0.0,5.176048113115024,217,0.3483536606291354,-0.050575569929697674,12951.160828461616
871,98.48181542436681,98.48181542436681,0.003464645258134943,0.0,5.176048113115024,217,0.34824882193325185,-0.052135053812657796,12955.733010448139
872,98.46745235692282,98.46745235692282,-0.00014585550513864241,0.0,5.176048113115024,217,0.3482531759680622,-0.04830219231189304,12955.540210013343
873,98.58073943910905,98.58073943910905,0.0011498415046126643,0.0,5.176048113115024,217,0.3482190685843497,-0.047013125588039356,12957.060901800622
874,98.30286098593346,98.30286098593346,-0.002822770785253541,0.0,5.176048113115024,217,0.3483035039297029,-0.04799317880596893,12953.330842967338
875,98.59289265591003,98.59289265591003,0.0029460450454803157,0.0,5.176048113115024,217,0.3482154413294258,-0.04770957103487185,12957.224038643953
876,98.44450090758592,98.44450090758592,-0.0015062295912001914,0.0,5.176048113115024,217,0.3482601472258495,-0.042592003175586375,12955.232124750319
877,98.22274425689844,98.22274425689844,-0.002255146702076189,0.0,5.176048113115024,217,0.34832828036605684,-0.034672287259495935,12952.255408332463
878,98.53677465496008,98.53677465496008,0.003192025132373874,0.0,5.176048113115024,217,0.3482322525381144,-0.03936346644245994,12956.470747257892
879,98.37260519695745,98.37260519695745,-0.0016674624252493862,0.0,5.176048113115024,217,0.3482820889881073,-0.04481612077910924,12954.267043696209
880,97.7027804926011,97.7027804926011,-0.006832344688946138,0.0,5.176048113115024,217,0.3484943473226228,-0.05221355146017037,12945.275754423214
881,97.11041270543186,97.11041270543186,-0.006081411665196012,0.0,5.176048113115024,217,0.3486974877421929,-0.023185076726192716,12937.32419620835
882,97.69566791543794,97.69566791543794,0.006008610911410695,0.0,5.176048113115024,217,0.3484966822891353,-0.02288105638356602,12945.180279833618
883,97.46260329343113,97.46260329343113,-0.0023884689217805828,0.0,5.176048113115024,217,0.34857457478938314,-0.01866066458970246,12942.051772595625
884,97.74183675166745,97.74183675166745,0.002860935423714128,0.0,5.176048113115024,217,0.3484815344719109,-0.04270261067329051,12945.800020131694
885,97.48118629795282,97.48118629795282,-0.002670285548517536,0.0,5.176048113115024,217,0.3485682733532945,-0.07787181049408112,12942.301218709108
886,97.19788307685302,97.19788307685302,-0.0029104661532812484,0.0,5.176048113115024,217,0.34868350360011785,-0.07608258841628673,12937.802312547583
887,97.2302651624965,97.2302651624965,0.00033310080084725556,0.0,5.176048113115024,217,0.34874712682276787,-0.07756022047726667,12935.737846885875
888,97.80412602856876,97.80412602856876,0.005884731596686386,0.0,5.176048113115024,217,0.34844309111312555,-0.07139971129053638,12949.50968496785
889,98.49114705699542,98.49114705699542,0.006999901962816833,0.0,5.176048113115024,217,0.3483156442369025,-0.038289772391332196,12953.644817375854
890,98.49502468813544,98.49502468813544,3.9369577124902395e-05,0.0,5.176048113115024,217,0.3484051459493805,-0.033727235079615,12950.098823349292
891,99.625213947473,99.625213947473,0.011409248514053134,0.0,5.176048113115024,217,0.3481575353730426,-0.029277024806903546,12960.036557903215
892,99.46000570848003,99.46000570848003,-0.0016596739547103717,0.0,5.176048113115024,217,0.34830060083298287,-0.041021550158613515,12955.155941472278
893,99.80936381125176,99.80936381125176,0.003506393998779595,0.0,5.176048113115024,217,0.34813529772343016,-0.0678622796606987,12961.966521301074
894,99.47747922747055,99.47747922747055,-0.0033307255565944716,0.0,5.176048113115024,217,0.3483056326052462,-0.09755949267876178,12955.074417259035
895,98.88836268625079,98.88836268625079,-0.005939714897971956,0.0,5.176048113115024,217,0.34854182512188275,-0.09288866551016187,12945.51276882784
896,98.87581083036875,98.87581083036875,-0.00012693761135498813,0.0,5.176048113115024,217,0.3485469855638792,-0.096380796118484,12945.309041024484
897,98.80245258743555,98.80245258743555,-0.0007421984089939812,0.0,5.176048113115024,217,0.3485773320021302,-0.09917041413812715,12944.118582449573
898,98.3732583637912,98.3732583637912,-0.004353425677286671,0.0,5.176048113115024,217,0.3487663918986448,-0.11781609906007601,12937.153612687363
899,99.10822550797995,99.10822550797995,0.0074434374622461994,0.0,5.176048113115024,217,0.3484521696155125,-0.17220438033900357,12949.080669608184
900,99.38169681555513,99.38169681555513,0.002755520052709574,0.0,5.176048113115024,217,0.3483433541985553,-0.15821256345016305,12953.51856574742
901,99.38451173289073,99.38451173289073,2.8323902300522638e-05,0.0,5.176048113115024,217,0.34834224273848235,-0.1797030487771212,12953.564246264645
902,98.7386152941667,98.7386152941667,-0.006520174970453221,0.0,5.176048113115024,217,0.34860492932816667,-0.1824517671952175,12943.082629976721
903,97.68703385114466,97.68703385114466,-0.0107072726416839,0.0,5.176048113115024,217,0.3490862223702543,-0.102656438447296,12926.017551861365
904,97.86595669957075,97.86595669957075,0.0018299172807388789,0.0,5.176048113115024,217,0.34900467246584005,-0.08925592630980561,12928.831884497287
905,96.79863641399258,96.79863641399258,-0.010965846062752537,0.0,5.176048113115024,217,0.349496931552931,-0.13256156811137007,12912.259926274975
906,96.7962772662546,96.7962772662546,-2.437200123955053e-05,0.0,5.176048113115024,217,0.3494980546997434,-0.16736965058779898,12912.223297243941
907,96.45802399637525,96.45802399637525,-0.0035006063315451918,0.0,5.176048113115024,217,0.3496608689785195,-0.17598231849427887,12906.971447467902
908,96.22631315497598,96.22631315497598,-0.002405083428344329,0.0,5.176048113115024,217,0.34977468669128153,-0.17530251227481497,12903.373816228617
909,96.81218984418055,96.81218984418055,0.0060700687067327215,0.0,5.176048113115024,217,0.3494904791377609,-0.17233949431662773,12912.47036202131
910,96.47840326119398,96.47840326119398,-0.0034537316008513112,0.0,5.176048113115024,217,0.3496509496401363,-0.16549990241885967,12907.28786373614
911,96.50038909385798,96.50038909385798,0.00022785750175773279,0.0,5.176048113115024,217,0.34964025977658475,-0.11892418439612999,12907.629224191853
912,96.17163744457113,96.17163744457113,-0.0034125552549986154,0.0,5.176048113115024,217,0.3498423075091834,-0.135030267922336,12901.095961172146
913,96.2936700015936,96.2936700015936,0.0012680994304361721,0.0,5.176048113115024,217,0.34986441853914074,-0.1356742759933575,12900.142930301881
914,96.32758986461373,96.32758986461373,0.0003521923114229708,0.0,5.176048113115024,217,0.3499380573548945,-0.13345121427154993,12897.068846299915
915,96.31599624610581,96.31599624610581,-0.0001203634001627336,0.0,5.176048113115024,217,0.3499949657993407,-0.1276550500986476,12895.142137711375
916,96.75470817961642,96.75470817961642,0.004544580596863146,0.0,5.176048113115024,217,0.3497535883793802,-0.09480522744857549,12904.913573580998
917,96.03221677020909,96.03221677020909,-0.007495267555080121,0.0,5.176048113115024,217,0.3499757113761067,-0.11588606409208495,12898.238434795594
918,95.20560320352412,95.20560320352412,-0.008644929280817816,0.0,5.176048113115024,217,0.3507391913863883,-0.06048514061969712,12875.392092189519
919,94.65872231199954,94.65872231199954,-0.005760770512940523,0.0,5.176048113115024,217,0.3511851587322616,-0.008411151613121457,12861.82062607817
920,94.72302789902479,94.72302789902479,0.0006791107318950173,0.0,5.176048113115024,217,0.3511366566810876,-0.019690412475362056,12863.318360875846
921,94.93049483429766,94.93049483429766,0.0021878530389487848,0.0,5.176048113115024,217,0.3509718766115721,-0.0218828363893187,12868.348353704447
922,93.65281514371789,93.65281514371789,-0.013550501800846352,0.0,5.176048113115024,217,0.35200342234937293,-0.014163811442119718,12837.544497064751
923,93.85169344054789,93.85169344054789,0.0021213182862729464,0.0,5.176048113115024,217,0.3518376108512121,-0.01648720564949719,12842.36527499841
924,94.64625018667539,94.64625018667539,0.008430452202945296,0.0,5.176048113115024,217,0.35119569127320327,0.0009282724190063312,12861.505082346637
925,94.48050364191928,94.48050364191928,-0.0017527566442513015,0.0,5.176048113115024,217,0.3513327332776008,-0.00744425000798314,12857.407998029961
926,95.20105759744638,95.20105759744638,0.00759754840528357,0.0,5.176048113115024,217,0.3507667745348194,-0.017131158155005523,12874.764272897297
927,95.36769319457302,95.36769319457302,0.0017488243891379109,0.0,5.176048113115024,217,0.35063768809847085,-0.002968995150059422,12878.795407876229
928,96.02799595448586,96.02799595448586,0.006899898137939421,0.0,5.176048113115024,217,0.35013768324493255,0.007899919576343714,12894.709587382655
929,96.58544726803875,96.58544726803875,0.005788306990963224,0.0,5.176048113115024,217,0.34972960252917534,0.038614301559217475,12908.13486898218
930,96.4166293007916,96.4166293007916,-0.0017493906107346963,0.0,5.176048113115024,217,0.34985489229636646,0.02916905158466826,12904.007632149003
931,96.81043680420565,96.81043680420565,0.004076116836036904,0.0,5.176048113115024,217,0.34956710592856205,0.02453418240818003,12913.591769837854
932,96.640250595554,96.640250595554,-0.0017594794295532781,0.0,5.176048113115024,217,0.34968848084376525,0.02010287924632565,12909.490054627156
933,97.44770926446309,97.44770926446309,0.008320591632791542,0.0,5.176048113115024,217,0.3491220246416464,0.013557222799279832,12928.950888325226
934,97.31947233256489,97.31947233256489,-0.001316822981953874,0.0,5.176048113115024,217,0.349210359551715,0.01278303585503341,12925.860206781124
935,97.55654463391433,97.55654463391433,0.002433058946822107,0.0,5.176048113115024,217,0.34904762221992486,0.01354332947265479,12931.573966269538
936,98.47964525585056,98.47964525585056,0.009417724810918135,0.0,5.176048113115024,217,0.3484564949069356,0.02577881674019446,12953.821925678229
937,98.74165880176977,98.74165880176977,0.0026570527085897936,0.0,5.176048113115024,217,0.3483003584218505,0.04504934201426631,12960.136802513554
938,98.52289850138456,98.52289850138456,-0.0022179391275762078,0.0,5.176048113115024,217,0.3484968815390605,0.04481608493509966,12952.097832140089
939,97.89935055997792,97.89935055997792,-0.0063490774494966125,0.0,5.176048113115024,217,0.3489623852252239,0.045803543531081715,12932.401645181037
940,97.14287940621516,97.14287940621516,-0.007757037509931438,0.0,5.176048113115024,217,0.34961213391978757,0.04999370404039677,12903.426164423872
941,97.33846600996331,97.33846600996331,0.002011366892473145,0.0,5.176048113115024,217,0.34962079531174795,0.06307259199645425,12903.104464494978
942,97.26445793706975,97.26445793706975,-0.0007606060069440686,0.0,5.176048113115024,217,0.3497777497268869,0.07202927490130138,12896.777190109764
943,96.71364582122399,96.71364582122399,-0.005679131671018863,0.0,5.176048113115024,217,0.34990094811638306,0.0772530081938543,12891.81430279017
944,97.05109388774113,97.05109388774113,0.0034830734237644117,0.0,5.176048113115024,217,0.34965870994918824,0.06964669219672333,12901.076707394866
945,97.38403865261304,97.38403865261304,0.0034247420817796062,0.0,5.176048113115024,217,0.3494620136587613,0.07244065033888604,12909.157924421928
946,97.32648893138484,97.32648893138484,-0.0005911310869331231,0.0,5.176048113115024,217,0.3494952343485287,0.07215664159197482,12907.761080752465
947,98.02516137646906,98.02516137646906,0.007153002526174535,0.0,5.176048113115024,217,0.34910852911932416,0.06687298663664937,12924.719219925266
948,97.21938247749486,97.21938247749486,-0.008254094663835367,0.0,5.176048113115024,217,0.3495573873176258,0.007950148666401322,12905.161398792556
949,97.01818558064649,97.01818558064649,-0.002071658647885244,0.0,5.176048113115024,217,0.34967870871175033,0.016338251321933728,12900.277958774423
950,97.27310207323414,97.27310207323414,0.0026240665954667163,0.0,5.176048113115024,217,0.3495261431819604,0.011544524795257782,12906.465277866739
951,96.76947564504613,96.76947564504613,-0.00519089743063849,0.0,5.176048113115024,217,0.3498322133137721,0.012284529622865675,12894.19413107629
952,97.1579166314225,97.1579166314225,0.004006050937991371,0.0,5.176048113115024,217,0.3495994380784225,0.002169658215995103,12903.476749750937
953,97.69425944925541,97.69425944925541,0.00550513915912187,0.0,5.176048113115024,217,0.34929713825468445,0.024924087669765366,12916.293795406371
954,96.51491253325163,96.51491253325163,-0.012145269976834773,0.0,5.176048113115024,217,0.34998830456297403,-0.024587868166632502,12888.11080728118
955,97.22688305798351,97.22688305798351,0.007349717468160973,0.0,5.176048113115024,217,0.34955905594848263,-0.07449042911073321,12905.12484833366
956,97.45171499882706,97.45171499882706,0.002309776657994402,0.0,5.176048113115024,217,0.3494314501058928,-0.06323636765449449,12910.497682936415
957,97.195248272682,97.195248272682,-0.0026352003673651187,0.0,5.176048113115024,217,0.3495773359243675,-0.06747300705095212,12904.368868251468
958,96.50887991678658,96.50887991678658,-0.0070868002134654995,0.0,5.176048113115024,217,0.34999213557179504,-0.04064527335430764,12887.96664515561
959,96.96446818755253,96.96446818755253,0.004709580077193999,0.0,5.176048113115024,217,0.34971479128779354,-0.07375535223891962,12898.853890164464
960,96.39291135250572,96.39291135250572,-0.0059119388265739614,0.0,5.176048113115024,217,0.35006589094435225,-0.08932778165305877,12885.195331112496
961,96.61538959070022,96.61538959070022,0.002305375837641067,0.0,5.176048113115024,217,0.3499261860117571,-0.09560439849233665,12890.51191901387
962,96.06348472959138,96.06348472959138,-0.005728768890302483,0.0,5.176048113115024,217,0.3502779529876848,-0.13811856714912668,12877.322985430552
963,96.05175488928053,96.05175488928053,-0.0001221125439990354,0.0,5.176048113115024,217,0.3502855954149763,-0.13492303797052552,12877.042676095185
964,96.48275569685126,96.48275569685126,0.004477135306288813,0.0,5.176048113115024,217,0.35007626915146256,-0.12030962412254201,12885.114054156991
965,96.22443403556083,96.22443403556083,-0.0026809774599072175,0.0,5.176048113115024,217,0.3503342429473461,-0.13505416437824827,12874.87653487
966,96.90222269062062,96.90222269062062,0.0070191391425631095,0.0,5.176048113115024,217,0.34991052813634277,-0.14209364006448674,12891.077720617242
967,97.15832172146627,97.15832172146627,0.002639374019002937,0.0,5.176048113115024,217,0.34990853784039616,-0.1371035697218534,12891.70895183586
968,96.6338746253862,96.6338746253862,-0.005412481888027236,0.0,5.176048113115024,217,0.3504225312467776,-0.1346135308178676,12871.930330192115
969,95.98372975590475,95.98372975590475,-0.0067506533534629045,0.0,5.176048113115024,217,0.3505666150202551,-0.09993015623952188,12865.269145359609
970,95.60076138025232,95.60076138025232,-0.0039979111406407385,0.0,5.176048113115024,217,0.3508940995274728,-0.08403242054884469,12854.070233669794
971,95.56628296630281,95.56628296630281,-0.0003607150431311188,0.0,5.176048113115024,217,0.3509215086383157,-0.08282445521019081,12853.107821283436
972,96.3206497477897,96.3206497477897,0.007862658047075822,0.0,5.176048113115024,217,0.35033329058495283,-0.07886293432093071,12874.164820466269
973,97.18849922510557,97.18849922510557,0.008969656478410555,0.0,5.176048113115024,217,0.34968652613020296,-0.037447355212917116,12898.389516175488
974,96.92188173049756,96.92188173049756,-0.002747072680631307,0.0,5.176048113115024,217,0.34987932658952214,-0.05112902705814875,12890.947295091702
975,96.64184982795715,96.64184982795715,-0.0028934356209602457,0.0,5.176048113115024,217,0.3500889897109921,-0.04584713210591354,12883.13063125168
976,96.99010475427954,96.99010475427954,0.0035970850222542196,0.0,5.176048113115024,217,0.349828779750206,-0.033293822068141556,12892.851636840678
977,97.335353790955,97.335353790955,0.003553311053735078,0.0,5.176048113115024,217,0.3495822873132324,-0.0652976169808636,12902.48873760063
978,97.95476043108981,97.95476043108981,0.006343472322286205,0.0,5.176048113115024,217,0.34916611162386785,-0.08779703222059741,12919.778530093154
979,98.59321386457025,98.59321386457025,0.006496690503847344,0.0,5.176048113115024,217,0.3487615991616386,-0.06782557618607103,12937.599984797955
980,98.16855132834317,98.16855132834317,-0.004316521506935447,0.0,5.176048113115024,217,0.3490281788659425,-0.08336294199523371,12925.746177210234
981,97.42204358527815,97.42204358527815,-0.007633407610838028,0.0,5.176048113115024,217,0.34952264031899943,-0.04507720648944334,12904.908551109154
982,97.69740832676706,97.69740832676706,0.002822526627682153,0.0,5.176048113115024,217,0.3493364286072286,-0.04985639270897205,12912.594938260354
983,97.7897391188281,97.7897391188281,0.0009446227041844777,0.0,5.176048113115024,217,0.34927490504780534,-0.056392527284755446,12915.17221162484
984,96.81856395416209,96.81856395416209,-0.009980902269439066,0.0,5.176048113115024,217,0.34995677583496926,-0.04625599495643111,12888.053411190564
985,95.91556052945077,95.91556052945077,-0.009370525687697287,0.0,5.176048113115024,217,0.35066477867120915,0.02119283200376665,12862.496257437848
986,95.17652718773286,95.17652718773286,-0.007734878352504496,0.0,5.176048113115024,217,0.35125473032288707,0.05674827796162444,12841.857450582269
987,95.42137165219471,95.42137165219471,0.0025692266350827997,0.0,5.176048113115024,217,0.35105431766367384,0.038789191579149354,12848.733443870393
988,95.34568833470247,95.34568833470247,-0.0007934632055259284,0.0,5.176048113115024,217,0.35111576531312966,0.01482590920029064,12846.611032597477
989,95.60234784648175,95.60234784648175,0.0026882671482855005,0.0,5.176048113115024,217,0.35090790979608055,0.019452297678150727,12853.820769650416
990,95.08527081721977,95.08527081721977,-0.005423302259996477,0.0,5.176048113115024,217,0.3514174286196648,0.014290196970490528,12836.196447026205
991,95.37008786672743,95.37008786672743,0.002990908355593094,0.0,5.176048113115024,217,0.3513557311411583,0.008455347539854935,12840.502583342814
992,95.48883974438115,95.48883974438115,0.0012443944274884414,0.0,5.176048113115024,217,0.35136444261400296,0.018950140445929558,12840.15238482454
993,95.80899986159858,95.80899986159858,0.003347245497398623,0.0,5.176048113115024,217,0.35135727367626335,0.028044902555966315,12841.019162903915
994,95.55371426893888,95.55371426893888,-0.0026680823927546266,0.0,5.176048113115024,217,0.3516987600502994,0.024445952417647635,12828.972494793645
995,95.22526060527834,95.22526060527834,-0.0034432933544864667,0.0,5.176048113115024,217,0.35178099597884765,0.012209049259507262,12825.462892253321
996,94.55202044065874,94.55202044065874,-0.007095085198421427,0.0,5.176048113115024,217,0.35241071633716414,0.004392932965568621,12805.609165697178
997,94.39683619826607,94.39683619826607,-0.0016426061532809988,0.0,5.176048113115024,217,0.3525465096846986,0.011383950201900828,12801.349208584918
998,94.89575989812784,94.89575989812784,0.005271467194241214,0.0,5.176048113115024,217,0.3521090413731324,0.002318591805716497,12815.083838618235
999,95.5392440254455,95.5392440254455,0.006758070345603176,0.0,5.176048113115024,217,0.35156373142855807,0.0022065759097398556,12832.685941178472
1000,95.91275662635819,95.91275662635819,0.0039018978493725607,0.0,4.967581444358707,180,0.445568122753105,0.031644854823468876,11169.600212982808
1001,96.52937601935972,96.52937601935972,0.006408383598414248,0.0,4.967581444358707,180,0.44522918230598346,0.04812470430408567,11178.431740859101
1002,96.82891973545122,96.82891973545122,0.0030983305324287697,0.0,4.967581444358707,180,0.4450647981394717,0.058233540672286435,11182.793205011714
1003,96.16088250042303,96.16088250042303,-0.0069230590991734495,0.0,4.967581444358707,180,0.4454285056236338,0.056661413844068795,11173.202330846
1004,95.89552190985655,95.89552190985655,-0.0027633627760854187,0.0,4.967581444358707,180,0.44558194419079067,0.05977431324473965,11169.248158668295
1005,95.92185745832221,95.92185745832221,0.00027458980742902885,0.0,4.967581444358707,180,0.4455676130620352,0.06026192102733329,11169.614859515566
1006,95.8752942569364,95.8752942569364,-0.0004855463377237685,0.0,4.967581444358707,180,0.4455966512144956,0.06170472439902062,11168.870549168832
1007,94.57881153856663,94.57881153856663,-0.013614857392525706,0.0,4.967581444358707,180,0.44635015252070054,0.09272458457640022,11149.70609860061
1008,95.14928223306613,95.14928223306613,0.006013578720210361,0.0,4.967581444358707,180,0.4460175532065787,0.037241240056252775,11158.047831000185
1009,95.49825103344065,95.49825103344065,0.003660883349888794,0.0,4.967581444358707,180,0.4458170827605713,0.05433069646464823,11163.129435744466
1010,95.5790592605021,95.5790592605021,0.0008458171381490657,0.0,4.967581444358707,180,0.44577228149480463,0.065083407992875,11164.260363946638
1011,95.83249719351927,95.83249719351927,0.0026480959228704216,0.0,4.967581444358707,180,0.44562837576454795,0.07955658727303253,11167.934233866104
1012,95.45845449761045,95.45845449761045,-0.003910725199621074,0.0,4.967581444358707,180,0.4458474713185912,0.05947213274911231,11162.368913066555
1013,94.92921028449693,94.92921028449693,-0.005559662459819931,0.0,4.967581444358707,180,0.44615635664712083,0.11078217444422178,11154.512266779388
1014,94.93473368801759,94.93473368801759,5.818275346704371e-05,0.0,4.967581444358707,180,0.44615532035699323,0.17511702200509388,11154.535123554875
1015,94.66623393954671,94.66623393954671,-0.002832263266545914,0.0,4.967581444358707,180,0.44631395593766254,0.166735827126943,11150.520397699236
1016,95.03645420926513,95.03645420926513,0.0039031680926393734,0.0,4.967581444358707,180,0.44610350646759983,0.16275478422352252,11155.809397397872
1017,94.40045665237518,94.40045665237518,-0.006714635955178748,0.0,4.967581444358707,180,0.4465410001557748,0.13328720271816277,11144.820611345307
1018,93.73366098672031,93.73366098672031,-0.00708854370579337,0.0,4.967581444358707,180,0.4467124277152356,0.18056795219917007,11139.936570594751
1019,94.46851093334669,94.46851093334669,0.007809194480631576,0.0,4.967581444358707,180,0.4463761061350348,0.15972418939202424,11148.975682244349
1020,94.80725302791748,94.80725302791748,0.0035793537338174967,0.0,4.967581444358707,180,0.4463524774313905,0.19062470749998772,11150.015092434604
1021,95.87814195405828,95.87814195405828,0.011232115441959614,0.0,4.967581444358707,180,0.44590706758554116,0.21026025978731053,11161.947904349401
1022,95.65589779325053,95.65589779325053,-0.0023206763752593425,0.0,4.967581444358707,180,0.44596248188896226,0.19887202313601945,11160.222163379123
1023,95.49482445616549,95.49482445616549,-0.001685302292489664,0.0,4.967581444358707,180,0.44600420436959387,0.2007527129848852,11158.956388814306
1024,95.47614194295679,95.47614194295679,-0.00019565815286560928,0.0,4.967581444358707,180,0.44601090373432456,0.21021394063113213,11158.757606968518
1025,95.34520189501366,95.34520189501366,-0.0013723838839093097,0.0,4.967581444358707,180,0.4460454491073628,0.22152745366178273,11157.71795759247
1026,95.08482233843245,95.08482233843245,-0.0027346498525734728,0.0,4.967581444358707,180,0.44611223352741824,0.21652127126512782,11155.706552988511
1027,94.71738103090514,94.71738103090514,-0.0038718387883240647,0.0,4.967581444358707,180,0.44620656208758697,0.23055666647097023,11152.894238618073
1028,95.02770481785318,95.02770481785318,0.003270957582312048,0.0,4.967581444358707,180,0.4461320848532626,0.2042853710708842,11155.14170683308
1029,94.49274460973672,94.49274460973672,-0.005645423810810084,0.0,4.967581444358707,180,0.4462890085892663,0.17930994708551334,11150.567893844966
1030,94.49123182213049,94.49123182213049,-1.600969177201196e-05,0.0,4.967581444358707,180,0.44629257299081154,0.17967584533970002,11150.476451480183
1031,95.09128443909042,95.09128443909042,0.006330273831009126,0.0,4.967581444358707,180,0.44612949854546663,0.17717379900677419,11155.282168046739
1032,95.29380482878321,95.29380482878321,0.0021274824289925784,0.0,4.967581444358707,180,0.446082383703401,0.14648093892261,11156.720787464134
1033,94.64395990683768,94.64395990683768,-0.006842740920894944,0.0,4.967581444358707,180,0.44627130772852214,0.15465691055832492,11151.201906933687
1034,94.56489943516459,94.56489943516459,-0.0008356952898427632,0.0,4.967581444358707,180,0.4462943976946374,0.15305583239872939,11150.528918060658
1035,94.57574226271812,94.57574226271812,0.00011465359816981987,0.0,4.967581444358707,180,0.4462975348990354,0.16001728723765854,11150.467052422002
1036,94.21933115371033,94.21933115371033,-0.003775644416555602,0.0,4.967581444358707,180,0.44638835888156037,0.14874909888119003,11147.658061549142
1037,94.37151949259969,94.37151949259969,0.0016139528657236077,0.0,4.967581444358707,180,0.4463479286817351,0.1270731342272203,11148.694499858188
1038,94.23000878732523,94.23000878732523,-0.0015006318678398313,0.0,4.967581444358707,180,0.44639001391400157,0.09589931790123975,11147.618275073917
1039,94.50317398916086,94.50317398916086,0.002894725649878367,0.0,4.967581444358707,180,0.44631264510935115,0.11445845480275675,11149.598727479295
1040,94.79722501474438,94.79722501474438,0.0031067157136281704,0.0,4.967581444358707,180,0.44623569243780475,0.10565454868270649,11151.589953413992
1041,94.51902866697061,94.51902866697061,-0.0029389610517509017,0.0,4.967581444358707,180,0.4463242622241765,0.11980489138745444,11149.305156969034
1042,94.31261795823207,94.31261795823207,-0.0021861885402982965,0.0,4.967581444358707,180,0.44638724068682367,0.11973770721018849,11147.384277297811
1043,94.26602837670156,94.26602837670156,-0.0004941130226978469,0.0,4.967581444358707,180,0.4464486439492855,0.13037700474065433,11145.756487475819
1044,93.9922083899277,93.9922083899277,-0.0029089848558009287,0.0,4.967581444358707,180,0.44663860817632833,0.073738568392662,11140.356696237499
1045,94.24685941124909,94.24685941124909,0.002705614510744299,0.0,4.967581444358707,180,0.4466268504190981,0.016729185641977045,11141.65985464377
1046,94.48558502861918,94.48558502861918,0.002529779608319489,0.0,4.967581444358707,180,0.44658009173935515,0.041965261625557596,11142.888801413874
1047,94.65112797527102,94.65112797527102,0.0017505114294872638,0.0,4.967581444358707,180,0.4465763362580871,0.04783366884457745,11143.74765968814
1048,94.31953539989553,94.31953539989553,-0.00350946448286577,0.0,4.967581444358707,180,0.4467167334111588,0.04351762487469719,11138.391292741217
1049,93.52962364226178,93.52962364226178,-0.008410113918301789,0.0,4.967581444358707,180,0.4470921960724175,0.07594311802053645,11127.962643614614
1050,92.95254906849608,92.95254906849608,-0.006189078638793276,0.0,4.967581444358707,180,0.44740124254296,0.12641529259034018,11119.112847756425
1051,93.25387119426777,93.25387119426777,0.003236433935662413,0.0,4.967581444358707,180,0.44727295224494584,0.1051538653799049,11122.64164971292
1052,92.4290865268479,92.4290865268479,-0.00888385344638228,0.0,4.967581444358707,180,0.4476638150919677,0.0712460221610579,11111.142707861723
1053,92.6420157803886,92.6420157803886,0.002301054511899138,0.0,4.967581444358707,180,0.44757290829499097,0.059855576010078626,11113.550110111193
1054,93.26571630429491,93.26571630429491,0.006709810903595126,0.0,4.967581444358707,180,0.4472739058155697,0.06801176616169574,11123.106253496855
1055,92.31511323676278,92.31511323676278,-0.01024471529754975,0.0,4.967581444358707,180,0.4477238211731865,0.002341430291118703,11109.431340271885
1056,92.06646432508279,92.06646432508279,-0.00269711394922877,0.0,4.967581444358707,180,0.4478443746035242,0.011789137925984686,11105.487569391391
1057,91.99383880697181,91.99383880697181,-0.0007891492151664337,0.0,4.967581444358707,180,0.44788386907148886,0.017260324521940568,11104.395605305626
1058,91.41259995641127,91.41259995641127,-0.0063382812551162895,0.0,4.967581444358707,180,0.44820077717252976,-0.012115246685730083,11095.06044741482
1059,91.0297257704067,91.0297257704067,-0.004197214068147206,0.0,4.967581444358707,180,0.4483764037565512,-0.023624421714660775,11089.977542727165
1060,90.47506484072466,90.47506484072466,-0.006111823874163437,0.0,4.967581444358707,180,0.44868572437535564,-0.036682016936107245,11081.11670069256
1061,90.41352796485131,90.41352796485131,-0.0006803842883932811,0.0,4.967581444358707,180,0.4487324732706337,-0.06326845809894117,11079.667376917198
1062,91.6987879908307,91.6987879908307,0.014115260231857567,0.0,4.967581444358707,180,0.4481576192756587,-0.03461236653581254,11095.882873553044
1063,91.47234993029069,91.47234993029069,-0.00247242200336589,0.0,4.967581444358707,180,0.44825869798415297,-0.05904121744717733,11092.8675975661
1064,92.30399937362935,92.30399937362935,0.009050730668861709,0.0,4.967581444358707,180,0.44784119548002727,-0.06463289282317979,11104.824498486556
1065,91.75080804241804,91.75080804241804,-0.006011176830850368,0.0,4.967581444358707,180,0.4481011710312639,-0.09601416058909076,11097.474096795437
1066,90.88998999739721,90.88998999739721,-0.00942641981879836,0.0,4.967581444358707,180,0.4485188944069348,-0.06157622092939543,11084.853643472952
1067,90.1486995165574,90.1486995165574,-0.00818935030673137,0.0,4.967581444358707,180,0.44887204118406004,0.02910346841742796,11074.894504401645
1068,90.13616455284142,90.13616455284142,-0.00013905730579084408,0.0,4.967581444358707,180,0.44892903464045314,0.006164608370710384,11073.360914568233
1069,89.99855861835528,89.99855861835528,-0.0015278116159992852,0.0,4.967581444358707,180,0.44904006038153615,0.0002792115397646279,11069.933377099467
1070,90.29948111325155,90.29948111325155,0.0033380593018842797,0.0,4.967581444358707,180,0.4490030066627157,-0.005485081440995755,11072.976372371819
1071,89.72858673707165,89.72858673707165,-0.00634230313830512,0.0,4.967581444358707,180,0.44927441884218144,-0.013609878734662394,11065.504617858014
1072,89.35809891581175,89.35809891581175,-0.004137530921920262,0.0,4.967581444358707,180,0.44946533074048045,-0.011377509046774122,11058.675129863293
1073,90.26052878328063,90.26052878328063,0.01004837273501254,0.0,4.967581444358707,180,0.44920066279013815,-0.028738455592360143,11069.840469907873
1074,90.72253824618768,90.72253824618768,0.005105565665143314,0.0,4.967581444358707,180,0.4490195451507924,0.01152748470578602,11077.23951464856
1075,90.63162386307127,90.63162386307127,-0.001002617085540523,0.0,4.967581444358707,180,0.44907064616862513,0.016531508197915875,11075.346679076982
1076,91.05238765305762,91.05238765305762,0.00463182796025291,0.0,4.967581444358707,180,0.4489479838124455,0.03209414574197324,11080.878630162719
1077,90.91727854800808,90.91727854800808,-0.0014849632106029298,0.0,4.967581444358707,180,0.44901289019244933,0.006316371269020698,11077.480500294883
1078,91.1022016464847,91.1022016464847,0.0020319051774283585,0.0,4.967581444358707,180,0.4489595264502933,0.03916592626591936,11080.583544928486
1079,91.619385257502,91.619385257502,0.005660907404680833,0.0,4.967581444358707,180,0.4488415309897334,0.02809407279638588,11088.951870379222
1080,91.39854091817864,91.39854091817864,-0.002413364101836552,0.0,4.967581444358707,180,0.44890825696117637,-0.010977410988457203,11083.0645500445
1081,91.29953967407062,91.29953967407062,-0.001083768953426252,0.0,4.967581444358707,180,0.448934595667472,0.0013088997391524058,11081.181465104533
1082,90.77382842093287,90.77382842093287,-0.00577473487275794,0.0,4.967581444358707,180,0.44911157416108705,0.001396065569512728,11068.697085837635
1083,90.03220435154718,90.03220435154718,-0.008203578356357002,0.0,4.967581444358707,180,0.4493943696741693,0.025791739993865474,11056.004353196087
1084,89.97466107832834,89.97466107832834,-0.0006393453387630865,0.0,4.967581444358707,180,0.44944536785521766,0.02434695817048468,11053.954625256561
1085,90.09644730636597,90.09644730636597,0.0013526461596084852,0.0,4.967581444358707,180,0.44941389034828005,0.02429653703085301,11055.57815064217
1086,90.94744258573694,90.94744258573694,0.00940105239048902,0.0,4.967581444358707,180,0.4490686752744352,0.03371324828846616,11071.205098505716
1087,91.05279798278082,91.05279798278082,0.0011577502148662384,0.0,4.967581444358707,180,0.44904286066454996,0.0538850685845896,11072.541127562446
1088,91.50815519474129,91.50815519474129,0.004988560240941918,0.0,4.967581444358707,180,0.44886942697541066,0.07187240961350089,11080.740027338892
1089,91.71028620348292,91.71028620348292,0.002206449189327528,0.0,4.967581444358707,180,0.44882547345552876,0.08426986386130361,11083.657336299784
1090,90.87406361125265,90.87406361125265,-0.009159913650213966,0.0,4.967581444358707,180,0.4492092163054752,0.06380753858175092,11066.480064062542
1091,90.84086244118559,90.84086244118559,-0.0003654203994989928,0.0,4.967581444358707,180,0.4492232953447736,0.05156102141435088,11065.75851654659
1092,91.10149926895046,91.10149926895046,0.002865050267587593,0.0,4.967581444358707,180,0.44914999246762594,0.06312533040286905,11070.732841359833
1093,91.36694609307949,91.36694609307949,0.0029095114046554394,0.0,4.967581444358707,180,0.44910070562191895,0.07145346624827666,11074.359913713046
1094,91.36069113187396,91.36069113187396,-6.846212541208811e-05,0.0,4.967581444358707,180,0.4491271272801311,0.07269580810727495,11073.575051857466
1095,91.53495061498151,91.53495061498151,0.00190556247457438,0.0,4.967581444358707,180,0.44907395144963785,0.07455673273199871,11076.310735816327
1096,91.69465684576764,91.69465684576764,0.001743236515575143,0.0,4.967581444358707,180,0.4490371157854098,0.08265001344872529,11078.639801041909
1097,91.51921040781698,91.51921040781698,-0.0019152097404980346,0.0,4.967581444358707,180,0.44912808560165757,0.08207452461186769,11074.99251764571
1098,91.63042680863055,91.63042680863055,0.0012144868663023056,0.0,4.967581444358707,180,0.4491394486902145,0.08263913243423429,11074.478958326845
1099,91.31077045482917,91.31077045482917,-0.0034946385385010614,0.0,4.967581444358707,180,0.44911593553508483,0.07156334549738279,11056.077654430348
1100,90.51176231749123,90.51176231749123,-0.008788935765622624,0.0,4.967581444358707,180,0.4498556253664637,0.08905275813824687,11037.456334486085
1101,90.74945815710149,90.74945815710149,0.0026226897870062584,0.0,4.967581444358707,180,0.44989697979624194,0.07013782788408036,11038.010002909567
1102,91.0055828397832,91.0055828397832,0.0028183521162596288,0.0,4.967581444358707,180,0.44980762878929315,0.07679292413092484,11041.68578350758
1103,90.88470480969508,90.88470480969508,-0.00132913141702464,0.0,4.967581444358707,180,0.44981477497301947,0.07541699041170709,11040.57544149205
1104,90.68517294251477,90.68517294251477,-0.002197852969570897,0.0,4.967581444358707,180,0.4499042087036552,0.08084628074970399,11037.33095491015
1105,90.30310713686708,90.30310713686708,-0.004222001259045477,0.0,4.967581444358707,180,0.45004580452844734,0.07759092526286192,11031.418284516818
1106,90.24962625697778,90.24962625697778,-0.0005924128696158192,0.0,4.967581444358707,180,0.45007448526033605,0.07280562505720571,11030.358404484321
1107,89.64352415974007,89.64352415974007,-0.006738493258764897,0.0,4.967581444358707,180,0.45035856220296033,0.07509735226980431,11019.028275409839
1108,89.0077808139316,89.0077808139316,-0.00711717196228429,0.0,4.967581444358707,180,0.4505530567552572,0.08384300409656074,11008.472240172228
1109,88.85315353571876,88.85315353571876,-0.001738744010700253,0.0,4.967581444358707,180,0.45061586530198855,0.06512960651873922,11005.334234978098
1110,88.65336913792991,88.65336913792991,-0.0022510100377086135,0.0,4.967581444358707,180,0.4507238736436894,0.0803488731183409,11001.405002394065
1111,88.46253336208072,88.46253336208072,-0.002154926203737858,0.0,4.967581444358707,180,0.45082454593001203,0.10280318984052297,10997.614127698627
1112,88.1748280637006,88.1748280637006,-0.0032575843579376856,0.0,4.967581444358707,180,0.45098132184123546,0.12479420397216782,10992.239841870245
1113,88.20675728694819,88.20675728694819,0.00036204713244725184,0.0,4.967581444358707,180,0.4509755968741058,0.10839852730036424,10992.49446942904
1114,88.10386523675244,88.10386523675244,-0.0011671680401738784,0.0,4.967581444358707,180,0.45103611427526996,0.16028969578887667,10990.474696357523
1115,87.34873689438483,87.34873689438483,-0.008607829074917845,0.0,4.967581444358707,180,0.451486468736647,0.1531317589314028,10975.64033775425
1116,87.04517894103994,87.04517894103994,-0.0034812941548933237,0.0,4.967581444358707,180,0.4516654384486535,0.16642810554584928,10969.89500828781
1117,87.6196377791853,87.6196377791853,0.006577866341413236,0.0,4.967581444358707,180,0.4513559972356641,0.1477901054477289,10980.189876553008
1118,87.17290913606398,87.17290913606398,-0.005111540779928684,0.0,4.967581444358707,180,0.45160471285729403,0.11527656553785683,10972.093919400162
1119,87.32473066668364,87.32473066668364,0.0017400988242614788,0.0,4.967581444358707,180,0.4515234712342343,0.09573584819914248,10974.794388714397
1120,87.0787892472202,87.0787892472202,-0.0028203740682922643,0.0,4.967581444358707,180,0.45167516132243857,0.09368867014505376,10970.023146662632
1121,87.29540194391119,87.29540194391119,0.0024844595020877816,0.0,4.967581444358707,180,0.4515564616942336,0.0894319276032601,10973.948083571162
1122,86.57640669003123,86.57640669003123,-0.008270453477434882,0.0,4.967581444358707,180,0.45201041597603037,0.10008497946130795,10960.304685022375
1123,86.24390092243172,86.24390092243172,-0.0038479989126288987,0.0,4.967581444358707,180,0.4522637931641378,0.12691618168787017,10953.119541323138
1124,86.28674974165337,86.28674974165337,0.000496709656373421,0.0,4.967581444358707,180,0.4523150898828073,0.17445260944628432,10951.457347619451
1125,86.2969509652032,86.2969509652032,0.00011821769402232732,0.0,4.967581444358707,180,0.45236902054363515,0.14452234321877117,10949.586501111507
1126,86.54978976016284,86.54978976016284,0.0029255856863359495,0.0,4.967581444358707,180,0.45231138171909263,0.1001710125688197,10951.04359622232
1127,85.68405726219846,85.68405726219846,-0.010053073819572083,0.0,4.967581444358707,180,0.452774486009278,0.07250904545513423,10938.922340372355
1128,85.85629137738161,85.85629137738161,0.0020080893437117867,0.0,4.967581444358707,180,0.4527380091572806,0.050198207159735476,10939.775967418456
1129,85.51916305002648,85.51916305002648,-0.003934387959586661,0.0,4.967581444358707,180,0.4528480479468859,0.04479664433614946,10937.069447055488
1130,85.80988539418276,85.80988539418276,0.0033937341720791233,0.0,4.967581444358707,180,0.45274376700657176,0.0531056570832947,10939.505311564668
1131,86.16512153015715,86.16512153015715,0.004131258926176646,0.0,4.967581444358707,180,0.4526183651066067,0.05471165452073519,10942.472343878551
1132,85.71711588809845,85.71711588809845,-0.0052129488576303715,0.0,4.967581444358707,180,0.4528197583727009,0.06705773616942683,10937.56467551044
1133,85.33337503940476,85.33337503940476,-0.004486879755851977,0.0,4.967581444358707,180,0.45299112495548804,0.028251185453599077,10933.37142073542
1134,86.21519676958674,86.21519676958674,0.010280814207801373,0.0,4.967581444358707,180,0.4526037430671405,-0.006968248619260626,10942.69695139226
1135,85.94059122490823,85.94059122490823,-0.0031902009310819748,0.0,4.967581444358707,180,0.4527094881244156,-0.028438618201638774,10940.090168669642
1136,86.1439479356698,86.1439479356698,0.0023634523637568617,0.0,4.967581444358707,180,0.45263520365923754,-0.03268813587110616,10941.875586001219
1137,85.89773494261696,85.89773494261696,-0.002862250089917541,0.0,4.967581444358707,180,0.452730107228455,-0.03668522245498049,10939.53498130427
1138,85.44956566817315,85.44956566817315,-0.0052311334330847,0.0,4.967581444358707,180,0.4529122738052287,-0.04719080059694059,10935.177026830166
1139,85.45498390725216,85.45498390725216,6.340661023111797e-05,0.0,4.967581444358707,180,0.45291671121896565,-0.045654887000698904,10935.068953474638
1140,85.18813146782485,85.18813146782485,-0.0031276111710555866,0.0,4.967581444358707,180,0.4530288600602774,-0.0475927772458165,10932.410941917931
1141,85.44724829383541,85.44724829383541,0.003037084402359916,0.0,4.967581444358707,180,0.45293378670123463,-0.053950489260880787,10934.679734558718
1142,85.39313134839983,85.39313134839983,-0.0006335381290885078,0.0,4.967581444358707,180,0.4529630612008442,-0.08360118675542554,10933.983031033722
1143,86.04754382902705,86.04754382902705,0.007634310333379979,0.0,4.967581444358707,180,0.45268583513516414,-0.07855635037428237,10940.770043470246
1144,85.47939314410358,85.47939314410358,-0.006624647682371407,0.0,4.967581444358707,180,0.45294062702363547,-0.11844136906464363,10934.591373453979
1145,85.94032868648071,85.94032868648071,0.00537787190839869,0.0,4.967581444358707,180,0.45274736141951377,-0.16274976055958074,10939.327073932784
1146,85.89841511064016,85.89841511064016,-0.0004878245236851656,0.0,4.967581444358707,180,0.4527725006029735,-0.1962632468116525,10938.726095645203
1147,85.87328646345884,85.87328646345884,-0.00029258192275331526,0.0,4.967581444358707,180,0.45278993503101733,-0.20823319256553377,10938.299709960413
1148,85.34479042622021,85.34479042622021,-0.006173386890970558,0.0,4.967581444358707,180,0.4530292635754621,-0.23245550253813477,10932.547502186968
1149,85.17952397052129,85.17952397052129,-0.0019383336391369903,0.0,4.967581444358707,180,0.4531081274743656,-0.20605205985409247,10930.632715647262
1150,85.28444529618032,85.28444529618032,0.001231008985183747,0.0,4.967581444358707,180,0.45307564348136076,-0.2140649850527916,10931.379043331024
1151,85.45142344827437,85.45142344827437,0.0019559827300300566,0.0,4.967581444358707,180,0.45306194802179506,-0.20807720530480467,10931.694801282587
1152,84.7254713902427,84.7254713902427,-0.0085317864367293,0.0,4.967581444358707,180,0.45360141970641377,-0.23698773506195966,10918.536036981324
1153,84.48857589128355,84.48857589128355,-0.002799952575231458,0.0,4.967581444358707,180,0.45374827593628586,-0.23425301223672534,10914.519794397813
1154,85.26879729797132,85.26879729797132,0.00919225935141325,0.0,4.967581444358707,180,0.4533274269880172,-0.22899920329836657,10924.86819258119
1155,84.86349352768316,84.86349352768316,-0.004764580962992443,0.0,4.967581444358707,180,0.4535195473899169,-0.26860519734955385,10920.343984639421
1156,85.23359894554784,85.23359894554784,0.004351702860408702,0.0,4.967581444358707,180,0.4534083117681454,-0.2783526279346206,10923.073750983254
1157,85.08091041794228,85.08091041794228,-0.0017930189163910557,0.0,4.967581444358707,180,0.4534801400199912,-0.2796538393098052,10921.384066846716
1158,85.08098658150152,85.08098658150152,8.951893529758794e-07,0.0,4.967581444358707,180,0.4534938287573464,-0.27662504001689997,10921.082073509702
1159,84.42755485261559,84.42755485261559,-0.007709758576648561,0.0,4.967581444358707,180,0.45381871342431046,-0.2883212849016876,10913.172150632177
1160,84.31574216275514,84.31574216275514,-0.0013252402697171966,0.0,4.967581444358707,180,0.4538925009938053,-0.2774533426574921,10911.342885873733
1161,84.41358485102594,84.41358485102594,0.0011597592542958622,0.0,4.967581444358707,180,0.4538811934601595,-0.2932523151128193,10911.612023913869
1162,84.39263933184976,84.39263933184976,-0.00024816050930653893,0.0,4.967581444358707,180,0.45391231170575774,-0.29497844534723416,10910.835528903934
1163,84.30719666140423,84.30719666140423,-0.0010129550778561346,0.0,4.967581444358707,180,0.45396866917192624,-0.29481230463092206,10909.519608113093
1164,84.5462160002421,84.5462160002421,0.0028310887498976286,0.0,4.967581444358707,180,0.4539039308210105,-0.29276970506013494,10911.136688998382
1165,83.9873698356999,83.9873698356999,-0.006631891323409374,0.0,4.967581444358707,180,0.4541263211211152,-0.30469050809127723,10905.956685759144
1166,84.10445230977078,84.10445230977078,0.0013930778013030382,0.0,4.967581444358707,180,0.45409869245843293,-0.31225461783559455,10906.61751240369
1167,83.2116338361401,83.2116338361401,-0.010672338427551008,0.0,4.967581444358707,180,0.45444007348628995,-0.34310318138359613,10898.75406649557
1168,83.6977108920759,83.6977108920759,0.005824460348581157,0.0,4.967581444358707,180,0.45422810976008327,-0.39628498872174306,10903.629893759742
1169,83.62775736774228,83.62775736774228,-0.0008361372495970481,0.0,4.967581444358707,180,0.4542633642150834,-0.39612697295640814,10902.725158138934
1170,83.95812391572957,83.95812391572957,0.003942658813585242,0.0,4.967581444358707,180,0.45412652722710295,-0.3898238949786381,10906.17063970658
1171,82.80223179285983,82.80223179285983,-0.013863134677754359,0.0,4.967581444358707,180,0.4545369400564091,-0.39063149922027246,10896.897707233955
1172,83.06315240464964,83.06315240464964,0.0031461757771503937,0.0,4.967581444358707,180,0.4544465371291852,-0.4224299854241193,10899.213837688081
1173,82.73676868583253,82.73676868583253,-0.003937084387815704,0.0,4.967581444358707,180,0.45457849811065704,-0.42880126133188007,10896.114280276848
1174,82.73793448724211,82.73793448724211,1.409038828586391e-05,0.0,4.967581444358707,180,0.4546054034528717,-0.4312141957819395,10895.540286771251
1175,83.00477216354112,83.00477216354112,0.003219905264420087,0.0,4.967581444358707,180,0.45452255285306675,-0.454962077313293,10897.677856536877
1176,82.94962974437105,82.94962974437105,-0.000664549063664147,0.0,4.967581444358707,180,0.4546107259785647,-0.4426845404178407,10895.481221790693
1177,83.1409420794198,83.1409420794198,0.0023037119754275213,0.0,4.967581444358707,180,0.4545598916564846,-0.4338811629456466,10896.948215309245
1178,82.98209964348382,82.98209964348382,-0.001912347410651521,0.0,4.967581444358707,180,0.45467517891627923,-0.43366314598878636,10893.915112690593
1179,83.48955706944274,83.48955706944274,0.006096641407752296,0.0,4.967581444358707,180,0.45443789295977194,-0.4226009588189105,10903.261868934236
1180,83.41247767434179,83.41247767434179,-0.0009236484228505478,0.0,4.967581444358707,180,0.4545082064520531,-0.4199247649638248,10901.207887772212
1181,83.34866014584411,83.34866014584411,-0.0007653765433269843,0.0,4.967581444358707,180,0.45456189640504546,-0.40534929901384625,10899.51504818467
1182,83.29502640624094,83.29502640624094,-0.0006436936503837377,0.0,4.967581444358707,180,0.4546100000354379,-0.4414712555985069,10898.065759952637
1183,83.28440665619742,83.28440665619742,-0.00012750373635769655,0.0,4.967581444358707,180,0.45464314413676715,-0.4422304078069396,10897.137603768007
1184,82.75159756283645,82.75159756283645,-0.006418016679872621,0.0,4.967581444358707,180,0.4549266108528128,-0.434343596415892,10886.99412732193
1185,82.34983845095421,82.34983845095421,-0.0048668250814419825,0.0,4.967581444358707,180,0.4551986606361252,-0.41399142857532123,10878.678800484171
1186,82.74324720095036,82.74324720095036,0.004765911220286976,0.0,4.967581444358707,180,0.4550269003341752,-0.4004826811407549,10884.469232733709
1187,83.07060947613279,83.07060947613279,0.003948556617291468,0.0,4.967581444358707,180,0.45488195023905603,-0.3829780324771622,10889.755141240112
1188,83.37112344840627,83.37112344840627,0.003611045061148466,0.0,4.967581444358707,180,0.4547951932845468,-0.35935178489422803,10893.882018201126
1189,83.54614412944318,83.54614412944318,0.0020970957375346802,0.0,4.967581444358707,180,0.4547517580525489,-0.3426099592048932,10896.043306113057
1190,83.32471034587071,83.32471034587071,-0.0026539555303498386,0.0,4.967581444358707,180,0.45486029552457813,-0.363314768583098,10891.532025786802
1191,83.0623689740311,83.0623689740311,-0.003153388956671536,0.0,4.967581444358707,180,0.4550180766000938,-0.34613485402217126,10885.848513823727
1192,83.03465161583125,83.03465161583125,-0.0003337490143857491,0.0,4.967581444358707,180,0.4550650492833922,-0.3672385296608245,10884.388999109218
1193,83.50270148385141,83.50270148385141,0.005620974413943403,0.0,4.967581444358707,180,0.45489950860819944,-0.3262674366694701,10891.382955265457
1194,83.57484697782496,83.57484697782496,0.0008636169146824798,0.0,4.967581444358707,180,0.45489943925369175,-0.3269185728470216,10891.830664662391
1195,82.95975899835798,82.95975899835798,-0.007386942465364429,0.0,4.967581444358707,180,0.45521753088221256,-0.31768603890435115,10879.348957736913
1196,83.30188028102386,83.30188028102386,0.004115462436496362,0.0,4.967581444358707,180,0.45507448545122536,-0.3348399876402047,10885.252962326607
1197,83.91346027771398,83.91346027771398,0.007314911678269666,0.0,4.967581444358707,180,0.4548315324401577,-0.3010405416880559,10896.107592747529
1198,83.205695669454,83.205695669454,-0.008470229947957025,0.0,4.967581444358707,180,0.45518769128050435,-0.3368317885678865,10881.388316684921
1199,83.56361049376585,83.56361049376585,0.0042923411036520955,0.0,4.967581444358707,180,0.4550631864588134,-0.3587565606576394,10887.48900653995
1200,83.78339717856714,83.78339717856714,0.002626719344783764,0.0,4.792395553025241,151,0.5668950494567236,-0.3410826104656841,8748.466162771303
1201,83.99843024851964,83.99843024851964,0.0025632476530370214,0.0,4.792395553025241,151,0.5668914470292943,-0.33481070735186846,8749.11806766386
1202,84.08665622120623,84.08665622120623,0.0010497776172998748,0.0,4.792395553025241,151,0.5669115232643641,-0.3293629407274319,8748.8681527648
1203,84.46964236555442,84.46964236555442,0.00454431909861662,0.0,4.792395553025241,151,0.5669019865916842,-0.29600265086392863,8753.577575562535
1204,84.20768579027481,84.20768579027481,-0.0031060106149585925,0.0,4.792395553025241,151,0.5669022469216801,-0.28597269427832694,8750.52605513591
1205,83.86257604200802,83.86257604200802,-0.0041067376171816114,0.0,4.792395553025241,151,0.5670078740858363,-0.2809853416484686,8744.499520748128
1206,84.63302155321165,84.63302155321165,0.009145056508151186,0.0,4.792395553025241,151,0.5671579707749602,-0.28853960516445565,8750.735046244261
1207,84.34119129703743,84.34119129703743,-0.0034541429891145263,0.0,4.792395553025241,151,0.5670913308315507,-0.30862091176792544,8748.200187904913
1208,83.80115191942123,83.80115191942123,-0.006423619705182244,0.0,4.792395553025241,151,0.5670705162343345,-0.3007635167595647,8742.541329972702
1209,83.69445237005287,83.69445237005287,-0.0012740580775727301,0.0,4.792395553025241,151,0.5670789871767989,-0.2949125925812772,8741.505171832629
1210,83.73391470348312,83.73391470348312,0.00047139364554235836,0.0,4.792395553025241,151,0.5670874101526169,-0.2984198811953956,8741.573632160033
1211,84.13598524754443,84.13598524754443,0.004790272860448814,0.0,4.792395553025241,151,0.5671219524014959,-0.27768149087124616,8744.656438254016
1212,83.97707518748041,83.97707518748041,-0.0018905147164904297,0.0,4.792395553025241,151,0.5671178066285403,-0.3151563446648954,8742.817894307032
1213,83.97721583086374,83.97721583086374,1.674781662006087e-06,0.0,4.792395553025241,151,0.567124615720588,-0.2977810292036873,8742.60903798397
1214,83.74807929042122,83.74807929042122,-0.002732285345822787,0.0,4.792395553025241,151,0.5671479740843257,-0.28320096207469453,8740.18361936444
1215,83.1377542142107,83.1377542142107,-0.007314315234354043,0.0,4.792395553025241,151,0.5671987849653242,-0.2462286487994072,8735.07080874698
1216,82.63341307001262,82.63341307001262,-0.006084806043855334,0.0,4.792395553025241,151,0.5673618665434179,-0.207598121638236,8729.867913295127
1217,83.14861752034453,83.14861752034453,0.006215463848652754,0.0,4.792395553025241,151,0.5672303884122081,-0.22924413230907145,8734.351808984156
1218,83.44474332589577,83.44474332589577,0.00355507705626337,0.0,4.792395553025241,151,0.5671793187525661,-0.20498677121549658,8737.248742876369
1219,83.42894970229833,83.42894970229833,-0.00018928835765547164,0.0,4.792395553025241,151,0.5671955289453604,-0.22034521970973628,8736.73003448657
1220,83.64830019034432,83.64830019034432,0.0026257388628673586,0.0,4.792395553025241,151,0.5671898158796193,-0.21798238931620298,8738.317928269104
1221,83.95857695436106,83.95857695436106,0.003702438989895153,0.0,4.792395553025241,151,0.5671582670422969,-0.20733830162360736,8741.518386397527
1222,83.68727351875597,83.68727351875597,-0.0032366285438258516,0.0,4.792395553025241,151,0.5671848901103888,-0.21511817244764844,8738.729610791832
1223,83.25821785920965,83.25821785920965,-0.005140080162179651,0.0,4.792395553025241,151,0.567233041743333,-0.19750809214192067,8734.772766352506
1224,83.72483701174849,83.72483701174849,0.0055888349566071745,0.0,4.792395553025241,151,0.5672013312574519,-0.2008294626674352,8738.499000222846
1225,82.83069635218472,82.83069635218472,-0.010736950389531916,0.0,4.792395553025241,151,0.5673479593408276,-0.226762481794605,8730.472734142371
1226,83.05080090597524,83.05080090597524,0.0026537580935934737,0.0,4.792395553025241,151,0.5672901920310276,-0.23544982914963933,8732.448505734179
1227,83.11201106398451,83.11201106398451,0.0007367492166548216,0.0,4.792395553025241,151,0.5672965968584507,-0.20551991294222202,8732.378142510644
1228,83.51372532615994,83.51372532615994,0.004821764622678738,0.0,4.792395553025241,151,0.5671443114260362,-0.200752986854059,8737.550540425043
1229,83.74494427052088,83.74494427052088,0.002764808451581296,0.0,4.792395553025241,151,0.5671317254921339,-0.18656690135673834,8738.667709556132
1230,83.9508541926789,83.9508541926789,0.002455756524939263,0.0,4.792395553025241,151,0.5670836830333994,-0.14025778793941662,8740.731111618485
1231,83.5547962941444,83.5547962941444,-0.004728898821658021,0.0,4.792395553025241,151,0.5671380736382001,-0.13456348294114065,8737.33276647859
1232,83.88065190734964,83.88065190734964,0.0038923182408728387,0.0,4.792395553025241,151,0.5671165574632268,-0.1393405190430642,8739.376097427566
1233,84.05203661625045,84.05203661625045,0.0020411126613718673,0.0,4.792395553025241,151,0.5671181789512575,-0.13570359845701635,8740.263627880171
1234,83.70773377233537,83.70773377233537,-0.004104718628776426,0.0,4.792395553025241,151,0.5671720325622264,-0.13986312596096045,8737.126534800831
1235,83.78293774857333,83.78293774857333,0.0008980079978053283,0.0,4.792395553025241,151,0.5671733121639468,-0.14141845431337857,8737.440890864473
1236,83.31042614559009,83.31042614559009,-0.005655674785354452,0.0,4.792395553025241,151,0.567246087707913,-0.1397200957516277,8733.960664693497
1237,82.43726371521635,82.43726371521635,-0.010536140909010453,0.0,4.792395553025241,151,0.5674996855692881,-0.07612206269279197,8726.460264224015
1238,82.38090307265175,82.38090307265175,-0.0006839130158990955,0.0,4.792395553025241,151,0.5675196954183996,-0.0628877919853767,8725.893527031078
1239,83.12026001275527,83.12026001275527,0.008934823719078002,0.0,4.792395553025241,151,0.5673182148011336,-0.0606738613587489,8731.790792452815
1240,83.17877645780577,83.17877645780577,0.0007037496874006654,0.0,4.792395553025241,151,0.5673092498231508,-0.05575458689639845,8732.09986560074
1241,82.63351100696809,82.63351100696809,-0.006576924119078373,0.0,4.792395553025241,151,0.5674189833920866,-0.05792184931928936,8728.674151412044
1242,82.53759916099874,82.53759916099874,-0.0011613635901827155,0.0,4.792395553025241,151,0.5674587160890867,-0.05297936320292472,8727.561605409264
1243,82.64088902567515,82.64088902567515,0.0012506456412506165,0.0,4.792395553025241,151,0.5674402112426363,-0.05395222105531639,8728.12066789692
1244,82.49903717190038,82.49903717190038,-0.0017179599377239805,0.0,4.792395553025241,151,0.5674957832124954,-0.08075908994654835,8726.574082487932
1245,82.04758308248914,82.04758308248914,-0.005487262169080199,0.0,4.792395553025241,151,0.5675948549726038,-0.05568883858288388,8723.71892558979
1246,81.43198327923456,81.43198327923456,-0.0075312496438911065,0.0,4.792395553025241,151,0.5677937805274187,-0.039990733032004414,8718.251734551977
1247,81.29324578926048,81.29324578926048,-0.0017051753361740324,0.0,4.792395553025241,151,0.5678241309385178,-0.045523208232229426,8717.401210178004
1248,81.26521402298759,81.26521402298759,-0.000344882285217447,0.0,4.792395553025241,151,0.5678327545675261,-0.053906088522873555,8717.16556036006
1249,81.93989230096706,81.93989230096706,0.008267904558752053,0.0,4.792395553025241,151,0.5676379813197372,-0.04659135219800496,8722.543101852749
1250,82.2175586733531,82.2175586733531,0.003382930662534156,0.0,4.792395553025241,151,0.5675845149072526,-0.028434688626427562,8724.100024948468
1251,81.82329537737883,81.82329537737883,-0.004806900786016682,0.0,4.792395553025241,151,0.5676733213154384,-0.04021605000955516,8721.557194145487
1252,82.04235019300674,82.04235019300674,0.0026735920802775405,0.0,4.792395553025241,151,0.5676189178745662,-0.048924474292590066,8723.592012941155
1253,82.17478883969049,82.17478883969049,0.001612970195161999,0.0,4.792395553025241,151,0.5675972144376782,-0.05108102254032939,8724.17910779002
1254,82.3834932333911,82.3834932333911,0.0025365421049917637,0.0,4.792395553025241,151,0.5675524176730805,-0.04129039192080937,8726.330106348332
1255,82.51203297529224,82.51203297529224,0.0015590449406663797,0.0,4.792395553025241,151,0.5675438276624032,-0.015962211855881855,8727.214418613881
1256,82.77794732125811,82.77794732125811,0.0032175522666096066,0.0,4.792395553025241,151,0.5674653876050046,-0.03561051072779038,8730.52150893269
1257,83.04158430508677,83.04158430508677,0.003179808836547448,0.0,4.792395553025241,151,0.5673790260083728,0.02033917764003104,8734.067939413004
1258,83.66281792501435,83.66281792501435,0.007453150455295237,0.0,4.792395553025241,151,0.5672001329710126,0.0693371832234915,8742.414296406841
1259,83.72914240492926,83.72914240492926,0.0007924452674429282,0.0,4.792395553025241,151,0.5671883248244476,0.06557617466988828,8743.288794879772
1260,83.52207414151192,83.52207414151192,-0.002476135881005789,0.0,4.792395553025241,151,0.5672330126543288,0.05845875479527833,8740.492888076664
1261,83.72601177770825,83.72601177770825,0.002438745246639766,0.0,4.792395553025241,151,0.5671875204827079,0.05130919625684122,8743.275851265891
1262,83.22000708406922,83.22000708406922,-0.006061914463042777,0.0,4.792395553025241,151,0.5673235872583847,0.03370492363870229,8736.458658983565
1263,83.81541634137318,83.81541634137318,0.007129167776504981,0.0,4.792395553025241,151,0.567159403877113,0.010674251313397118,8744.7171597648
1264,84.24265166118018,84.24265166118018,0.00508438833382234,0.0,4.792395553025241,151,0.5671197208982659,0.02942572157101698,8750.597223337276
1265,84.07341767827471,84.07341767827471,-0.0020109076999947975,0.0,4.792395553025241,151,0.5671190586401722,0.05067952419423443,8748.320696931289
1266,83.93448742231585,83.93448742231585,-0.0016538541748127285,0.0,4.792395553025241,151,0.5671336149182642,0.08189260156651744,8746.441258708814
1267,84.25404582197173,84.25404582197173,0.003800006790335534,0.0,4.792395553025241,151,0.5671139250029541,0.058978917228922755,8750.873903936168
1268,84.2836075390053,84.2836075390053,0.0003508025268801212,0.0,4.792395553025241,151,0.5671135889805214,0.054730643166244784,8751.283959200127
1269,85.07126207269226,85.07126207269226,0.009301890342012365,0.0,4.792395553025241,151,0.5672130930984269,0.053335672177298066,8762.209640118892
1270,84.90822939814248,84.90822939814248,-0.0019182634696943974,0.0,4.792395553025241,151,0.5671924289743098,0.03681785571722001,8759.90191507192
1271,84.46941013981198,84.46941013981198,-0.005181560462560122,0.0,4.792395553025241,151,0.5671273571469796,0.052869592275009605,8753.998942088043
1272,84.47986650839377,84.47986650839377,0.00012378115849417866,0.0,4.792395553025241,151,0.5671288447958698,0.05264130917370791,8754.13960059397
1273,84.26060872104988,84.26060872104988,-0.0025987589574235155,0.0,4.792395553025241,151,0.5671032990924941,0.0521801263908871,8751.19015667002
1274,84.0604256254786,84.0604256254786,-0.0023785879255012908,0.0,4.792395553025241,151,0.5671025357908361,0.041259702404906694,8748.497304470502
1275,83.9517831729518,83.9517831729518,-0.0012932687266741637,0.0,4.792395553025241,151,0.5671138068852787,0.007854462839027692,8747.035852061581
1276,83.63344741018417,83.63344741018417,-0.0037990954756757537,0.0,4.792395553025241,151,0.5671713058708997,0.044013372285252435,8742.753616558592
1277,83.7331758069216,83.7331758069216,0.0011917359222954934,0.0,4.792395553025241,151,0.5671520703644233,0.02411876038014225,8744.095157570046
1278,83.67203355126294,83.67203355126294,-0.0007304701999632363,0.0,4.792395553025241,151,0.567163680808862,0.024280330172512188,8743.27267524623
1279,84.56303644169046,84.56303644169046,0.01059245520371281,0.0,4.792395553025241,151,0.5671407991130266,0.016546160845592992,8755.25839804873
1280,84.17730020389293,84.17730020389293,-0.004571958517797543,0.0,4.792395553025241,151,0.5671027625185131,-0.02929100780763305,8750.069494992646
1281,84.62362006985511,84.62362006985511,0.0052881335637888285,0.0,4.792395553025241,151,0.5671585576336136,-0.03835545230658136,8755.512377984716
1282,84.70880362406918,84.70880362406918,0.0010061104606131734,0.0,4.792395553025241,151,0.5671813521853103,-0.049409298192065305,8755.49510809615
1283,84.68502876986877,84.68502876986877,-0.00028070507669060554,0.0,4.792395553025241,151,0.5672186034943724,-0.02805760196734606,8754.297896571848
1284,84.88961489468277,84.88961489468277,0.002412934146939499,0.0,4.792395553025241,151,0.5672782509608942,0.017857912630835977,8755.847964181688
1285,85.32864331376669,85.32864331376669,0.005158428916233125,0.0,4.792395553025241,151,0.567286044766215,0.050158300287762456,8760.921440922328
1286,85.90135449420482,85.90135449420482,0.006689403999465254,0.0,4.792395553025241,151,0.5673933330823812,0.0730529945142544,8765.498244590015
1287,85.69632969280232,85.69632969280232,-0.002389599835623512,0.0,4.792395553025241,151,0.5673543372981888,0.056384239892475076,8763.859795237047
1288,85.30124322480026,85.30124322480026,-0.004620968172771213,0.0,4.792395553025241,151,0.5672809714130344,0.05954260186148784,8760.702473959644
1289,84.27056402129733,84.27056402129733,-0.012156406337486455,0.0,4.792395553025241,151,0.5670923978312189,0.09493025585473572,8752.465833014043
1290,84.05618584983445,84.05618584983445,-0.0025471683797770855,0.0,4.792395553025241,151,0.5670553538581885,0.12786001265100547,8750.752636493813
1291,84.2340071889489,84.2340071889489,0.0021132711548006696,0.0,4.792395553025241,151,0.5670859587047931,0.13950340252831467,8752.173690220108
1292,84.04112793845522,84.04112793845522,-0.002292428228523821,0.0,4.792395553025241,151,0.5670527956942759,0.1308436383342438,8750.63230166121
1293,84.6678841269731,84.6678841269731,0.007430060365161874,0.0,4.792395553025241,151,0.5671641648076263,0.11931425337738943,8755.641004337765
1294,84.36375469184654,84.36375469184654,-0.0035984951153165082,0.0,4.792395553025241,151,0.5671088105067486,0.10198627126459422,8753.210563372611
1295,83.74094106886002,83.74094106886002,-0.007409864071359917,0.0,4.792395553025241,151,0.5670473609749628,0.12158612535248262,8748.233367586441
1296,83.82596845943009,83.82596845943009,0.0010148471211529416,0.0,4.792395553025241,151,0.5670479627982458,0.0743901283365114,8748.912861345787
1297,84.26361806599185,84.26361806599185,0.00520734930185706,0.0,4.792395553025241,151,0.567091174402594,0.07439605206866155,8752.41032462726
1298,84.23252617764585,84.23252617764585,-0.0003690516342490816,0.0,4.792395553025241,151,0.5670856978301597,0.07868789789406026,8752.16185476413
1299,83.68671684155251,83.68671684155251,-0.0065008780232827905,0.0,4.792395553025241,151,0.567047647200336,0.08047289630656054,8747.800036352663
1300,83.73635531685842,83.73635531685842,0.0005929705639782973,0.0,4.792395553025241,151,0.5670473285143847,0.08110902936117091,8748.196720691292
1301,83.26080407564778,83.26080407564778,-0.005695336715773935,0.0,4.792395553025241,151,0.5670824768645639,0.0726438042466397,8744.396367669931
1302,83.34629519152641,83.34629519152641,0.0010262602705166963,0.0,4.792395553025241,151,0.5670730132277233,0.06964130119862358,8745.079567275723
1303,83.06207539343575,83.06207539343575,-0.0034159348290276987,0.0,4.792395553025241,151,0.5671061335826251,0.06822778895700378,8742.808233558553
1304,83.91779656181856,83.91779656181856,0.010249482762329707,0.0,4.792395553025241,151,0.5670486796904249,0.02843566077941122,8749.646702783082
1305,84.22064379982939,84.22064379982939,0.0036023596372523614,0.0,4.792395553025241,151,0.5670836047679568,0.018312655197666068,8752.066897109682
1306,84.50269466122293,84.50269466122293,0.0033433563690387943,0.0,4.792395553025241,151,0.5671340079907936,0.011494022572292574,8754.320897836387
1307,84.28121193821472,84.28121193821472,-0.002624454601119186,0.0,4.792395553025241,151,0.5670942732762102,0.002814891236761941,8752.550925512434
1308,84.19043310062733,84.19043310062733,-0.0010776750752592983,0.0,4.792395553025241,151,0.5670783085546447,0.012659388910414009,8751.825469242312
1309,83.41224292890658,83.41224292890658,-0.009286197360535308,0.0,4.792395553025241,151,0.5670658606781365,0.00613473902035625,8745.606586577296
1310,83.1984418728496,83.1984418728496,-0.0025664761376709465,0.0,4.792395553025241,151,0.5670897063490044,0.03925858555008683,8743.898002056965
1311,83.37826887833177,83.37826887833177,0.002159090241716099,0.0,4.792395553025241,151,0.5670695279588498,0.04510202984823554,8745.335084003942
1312,83.18201888757737,83.18201888757737,-0.002356505073367615,0.0,4.792395553025241,151,0.5670916708276991,0.038618026165639724,8743.766758278609
1313,83.4790401619949,83.4790401619949,0.003564378992640159,0.0,4.792395553025241,151,0.5670586816415057,0.02933742918562312,8746.14039459752
1314,83.35165436037411,83.35165436037411,-0.0015271269683559596,0.0,4.792395553025241,151,0.5670874399482901,0.02236356411717048,8744.642669847704
1315,83.10714779852104,83.10714779852104,-0.00293774476963535,0.0,4.792395553025241,151,0.5671810305788253,0.022950259109267217,8739.809609188844
1316,82.81247329768449,82.81247329768449,-0.0035520188475759167,0.0,4.792395553025241,151,0.5672325532156036,0.023691144566888013,8737.148268409203
1317,82.64535718922662,82.64535718922662,-0.002020045407264032,0.0,4.792395553025241,151,0.5673318984155689,0.01047329239765404,8734.154815285643
1318,82.70322390857885,82.70322390857885,0.000699936114728038,0.0,4.792395553025241,151,0.5673252347781318,0.0036813210143844116,8734.591449651909
1319,82.70692650386586,82.70692650386586,4.476865873583722e-05,0.0,4.792395553025241,151,0.5673248084287454,0.005677159680282841,8734.619387650895
1320,82.45994207508572,82.45994207508572,-0.0029907282858869424,0.0,4.792395553025241,151,0.56735370992897,0.009926787869213376,8732.755762224315
1321,82.46513654781842,82.46513654781842,6.299190854165183e-05,0.0,4.792395553025241,151,0.5673530979427055,0.021992698061160283,8732.794957211261
1322,82.38119925307058,82.38119925307058,-0.0010183702488036869,0.0,4.792395553025241,151,0.5673629876792207,0.05811143229570871,8732.161606851876
1323,82.05219989310065,82.05219989310065,-0.004001617684714332,0.0,4.792395553025241,151,0.5674026728195432,0.02796704539358877,8729.679136294531
1324,82.34350796866843,82.34350796866843,0.0035439900987179035,0.0,4.792395553025241,151,0.5673674477755453,0.02370132387817361,8731.87720659102
1325,82.79576760342763,82.79576760342763,0.0054773252926308465,0.0,4.792395553025241,151,0.5673146005589906,0.04047970002968178,8735.289739757249
1326,82.72746183215645,82.72746183215645,-0.0008253315909969872,0.0,4.792395553025241,151,0.5673224438599439,0.042606631474905704,8734.774337337947
1327,82.5730862767047,82.5730862767047,-0.0018678171621238685,0.0,4.792395553025241,151,0.5673403810998603,0.041503496795870974,8733.609493822087
1328,83.2968539209265,83.2968539209265,0.00872698497246304,0.0,4.792395553025241,151,0.5672624446057596,0.02349148979570303,8739.070695531731
1329,83.76725344243337,83.76725344243337,0.005631380337245802,0.0,4.792395553025241,151,0.5672434507833988,0.08173033606566169,8742.620103537985
1330,83.71417843706669,83.71417843706669,-0.0006338016883158168,0.0,4.792395553025241,151,0.567241989751246,0.07302657304570566,8742.219625135336
1331,83.34344608956248,83.34344608956248,-0.004438384146193924,0.0,4.792395553025241,151,0.5672582267392436,0.07632746480746043,8739.422257573833
1332,83.6496172073171,83.6496172073171,0.003666876393237208,0.0,4.792395553025241,151,0.5672405502462683,0.06223142202521521,8741.732477221085
1333,83.51227378654197,83.51227378654197,-0.0016432387892181587,0.0,4.792395553025241,151,0.5672429544255597,0.053074974234591774,8740.69614998218
1334,84.25692740964745,84.25692740964745,0.008877177788863757,0.0,4.792395553025241,151,0.5672966027323558,0.03673512308377238,8746.314947219196
1335,84.40057682119243,84.40057682119243,0.0017034456537946164,0.0,4.792395553025241,151,0.5673252768524641,0.04409158881423251,8747.398856424288
1336,84.41659095642294,84.41659095642294,0.00018972164370906043,0.0,4.792395553025241,151,0.5673284730228518,0.04804354108951578,8747.519691368205
1337,84.58555843309941,84.58555843309941,0.001999590343510261,0.0,4.792395553025241,151,0.5673621909026033,0.04874000801496401,8748.794638486756
1338,84.2546473076153,84.2546473076153,-0.003919819307681167,0.0,4.792395553025241,151,0.567296147539746,0.04922283609805806,8746.297742668517
1339,84.27434915132275,84.27434915132275,0.00023380954270395903,0.0,4.792395553025241,151,0.5673140394732069,0.09514240794493499,8746.003412422157
1340,84.11715629342699,84.11715629342699,-0.0018669932683446618,0.0,4.792395553025241,151,0.5673828541933672,0.11733791556072531,8742.434219443883
1341,84.31173695158758,84.31173695158758,0.00231053877962672,0.0,4.792395553025241,151,0.5674338214261068,0.11076253014493015,8743.63369532697
1342,83.48826746860426,83.48826746860426,-0.009814971059986851,0.0,4.792395553025241,151,0.5676375946368676,0.08321658084049585,8731.616488936434
1343,83.3908136589825,83.3908136589825,-0.0011679573022759166,0.0,4.792395553025241,151,0.5676440805812972,0.09054394181423722,8730.919587464505
1344,82.80300429736373,82.80300429736373,-0.007073810806576964,0.0,4.792395553025241,151,0.5676914740385886,0.08013910248127487,8726.716106749742
1345,82.82004664451762,82.82004664451762,0.00020579680324842598,0.0,4.792395553025241,151,0.5676899301646576,0.04535811429935594,8726.83797819697
1346,82.02167600610929,82.02167600610929,-0.009686587450705058,0.0,4.792395553025241,151,0.5677684504018715,0.0488413810800665,8721.128753742736
1347,82.36911772987457,82.36911772987457,0.004227027964316211,0.0,4.792395553025241,151,0.567733381644604,0.007393037918405191,8723.613342591965
1348,82.85415797829776,82.85415797829776,0.005871347601983967,0.0,4.792395553025241,151,0.567686854517225,-0.005417853304402313,8727.081911592833
1349,82.58902376604854,82.58902376604854,-0.0032051419276308006,0.0,4.792395553025241,151,0.5677118883466092,-0.04343854198353736,8725.185911595583
1350,82.60736197490868,82.60736197490868,0.00022201707202263604,0.0,4.792395553025241,151,0.5677100963465668,-0.04030777592945711,8725.317049873263
1351,82.64788936515609,82.64788936515609,0.00049048233845829,0.0,4.792395553025241,151,0.5677061726328471,-0.035971603465538675,8725.606865099846
1352,81.56776937090832,81.56776937090832,-0.01315508617525528,0.0,4.792395553025241,151,0.5678579405684357,-0.028657111665955286,8717.88282417449
1353,81.01248584264032,81.01248584264032,-0.006830911745428494,0.0,4.792395553025241,151,0.567992068774006,0.0514167330586426,8713.911938791052
1354,81.65597436941633,81.65597436941633,0.00791169821769998,0.0,4.792395553025241,151,0.5678383835915588,-0.005698066519456084,8718.513586517493
1355,81.5573097656194,81.5573097656194,-0.001209026781592771,0.0,4.792395553025241,151,0.5678602971836851,-0.0024329727170105914,8717.808026541128
1356,81.28823946981335,81.28823946981335,-0.0033046103124506274,0.0,4.792395553025241,151,0.5679243832461048,-0.007423159847840299,8715.883879235578
1357,81.00581303643646,81.00581303643646,-0.003480432142903051,0.0,4.792395553025241,151,0.567993721896931,-0.0024194570663313595,8713.864220918518
1358,81.42276752904662,81.42276752904662,0.0051340152946313545,0.0,4.792395553025241,151,0.5678916829499482,-0.013912510686061638,8716.845902196601
1359,82.09969262407502,82.09969262407502,0.008279339256287386,0.0,4.792395553025241,151,0.5677602905046769,0.027898846607134743,8721.686658006369
1360,82.59281584222886,82.59281584222886,0.0059884289384425134,0.0,4.792395553025241,151,0.5677115177825182,0.06931589787142436,8725.21302909342
1361,81.73863805999777,81.73863805999777,-0.010395885326051487,0.0,4.792395553025241,151,0.5678205778060146,0.027618632627020783,8719.104722439883
1362,81.99128947471031,81.99128947471031,0.0030861995610811203,0.0,4.792395553025241,151,0.567771631671648,0.006992757082655635,8720.911456763366
1363,81.91125873396619,81.91125873396619,-0.0009765650135290967,0.0,4.792395553025241,151,0.5677839137966526,0.02819676927988855,8720.329335074524
1364,81.4871197690595,81.4871197690595,-0.00519148257638978,0.0,4.792395553025241,151,0.5679030341454414,0.000770646041752164,8716.667159201921
1365,82.23373121852836,82.23373121852836,0.009120605232114682,0.0,4.792395553025241,151,0.5675910643474302,-0.04071737087982744,8728.008347510726
1366,82.33590474924416,82.33590474924416,0.0012417058984524492,0.0,4.792395553025241,151,0.56758690160611,-0.024452417090212352,8728.500286994076
1367,82.58826228843556,82.58826228843556,0.0030602881394014275,0.0,4.792395553025241,151,0.5675402131658683,-0.021461479724139924,8731.945158617706
1368,81.95587487549645,81.95587487549645,-0.007686576227776063,0.0,4.792395553025241,151,0.5675774741127128,-0.04107142475558305,8725.342884837977
1369,82.17464737921745,82.17464737921745,0.002665837289468989,0.0,4.792395553025241,151,0.5675557976988828,-0.07354320142351597,8727.626921388182
1370,82.85000715882867,82.85000715882867,0.008185001834216941,0.0,4.792395553025241,151,0.5675310465247881,-0.05019613884516615,8734.677836813722
1371,82.75097089213234,82.75097089213234,-0.0011960832558942241,0.0,4.792395553025241,151,0.567534446810068,-0.05314822598679074,8733.643874825435
1372,82.78382674888265,82.78382674888265,0.0003969661684428114,0.0,4.792395553025241,151,0.5675345460821452,-0.04810678909427376,8733.952452360445
1373,82.89340997423398,82.89340997423398,0.0013228521129283605,0.0,4.792395553025241,151,0.56752527726551,-0.04449950630579861,8735.248514651788
1374,82.98059277895467,82.98059277895467,0.0010511932105305346,0.0,4.792395553025241,151,0.567521272138265,-0.04620478178748855,8736.176306006779
1375,82.7861161242167,82.7861161242167,-0.002346390843491242,0.0,4.792395553025241,151,0.5675317732973706,-0.05486501716496335,8734.06248802759
1376,82.43577474147197,82.43577474147197,-0.004240865492839163,0.0,4.792395553025241,151,0.5675515570206338,-0.05278777147960915,8730.254535269987
1377,82.60630797164107,82.60630797164107,0.002066543127130414,0.0,4.792395553025241,151,0.5675424434828954,-0.05785494752663178,8732.084297052914
1378,82.25008080925139,82.25008080925139,-0.004321673178182666,0.0,4.792395553025241,151,0.5675768912528413,-0.06323885064138451,8727.767404036591
1379,82.88969457068599,82.88969457068599,0.007746370713685066,0.0,4.792395553025241,151,0.5675420070802514,-0.08211788889972352,8734.695866286926
1380,82.899814404461,82.899814404461,0.00012208050859345557,0.0,4.792395553025241,151,0.567541152980194,-0.08223897800232303,8734.815493423352
1381,83.36820535097506,83.36820535097506,0.005634182523530997,0.0,4.792395553025241,151,0.5675093891149009,-0.08063131833724574,8740.249215536825
1382,83.83145762695463,83.83145762695463,0.005541320516112188,0.0,4.792395553025241,151,0.5675211980957747,-0.06453889340045503,8745.213903971546
1383,83.46438883077383,83.46438883077383,-0.004388266570903235,0.0,4.792395553025241,151,0.567514442355477,-0.07100815217220828,8741.023958609243
1384,83.8196474491477,83.8196474491477,0.00424737662184964,0.0,4.792395553025241,151,0.5675201641277725,-0.09275799081495888,8745.071656475291
1385,84.41590712218392,84.41590712218392,0.00708842041359627,0.0,4.792395553025241,151,0.5676352654585599,-0.07153757670442994,8751.296748127415
1386,85.01106396162605,85.01106396162605,0.007025555419346456,0.0,4.792395553025241,151,0.5678163661910245,-0.044344560775639696,8757.510325936644
1387,84.61812779067189,84.61812779067189,-0.0046328921303753256,0.0,4.792395553025241,151,0.5676959162783496,-0.05238545410942539,8753.397178480396
1388,84.94840267656434,84.94840267656434,0.0038955246963595083,0.0,4.792395553025241,151,0.5677958851247655,-0.09227023300707869,8756.870310080403
1389,84.61947491668754,84.61947491668754,-0.003879604759015612,0.0,4.792395553025241,151,0.5677387018194998,-0.09950470415240745,8751.685396470692
1390,84.60700225526664,84.60700225526664,-0.0001474079192798534,0.0,4.792395553025241,151,0.5677695351069596,-0.10105700278680117,8750.192444765433
1391,84.5401741085378,84.5401741085378,-0.0007901775441084668,0.0,4.792395553025241,151,0.5677627917354661,-0.09214043656001793,8748.909743508895
1392,84.0778733039964,84.0778733039964,-0.0054834220891944755,0.0,4.792395553025241,151,0.567930762162271,-0.08357491843196165,8741.598504012958
1393,84.47485751103927,84.47485751103927,0.0047105133115047425,0.0,4.792395553025241,151,0.5680004135031398,-0.08866923600519558,8745.140830460123
1394,84.24184215987016,84.24184215987016,-0.002762210258720751,0.0,4.792395553025241,151,0.5679963526580305,-0.1107392716155203,8742.129911853342
1395,84.23597108079468,84.23597108079468,-6.969557551733561e-05,0.0,4.792395553025241,151,0.5679999945989678,-0.11107751166568314,8741.952100633407
1396,84.70151293040358,84.70151293040358,0.005511423717082781,0.0,4.792395553025241,151,0.5680305427710155,-0.10926615359400942,8747.499899716295
1397,84.10552936687768,84.10552936687768,-0.0070611513799165295,0.0,4.792395553025241,151,0.5680346611940608,-0.1250115982334517,8739.401239020197
1398,84.17202387792832,84.17202387792832,0.0007902957135913796,0.0,4.792395553025241,151,0.5680366081678728,-0.1292934961958972,8740.175260266857
1399,84.71617906082658,84.71617906082658,0.00644399142667288,0.0,4.792395553025241,151,0.5680573693865587,-0.1228173921202121,8747.044915899462
1400,84.67796942017404,84.67796942017404,-0.0004511329540390258,0.0,4.679488946102435,135,0.657206766432934,-0.1225222271265424,6895.450652895785
1401,85.72701838949638,85.72701838949638,0.012312576476994188,0.0,4.679488946102435,135,0.6573427256393456,-0.10530657384496997,6906.0643326658
1402,86.19097975382599,86.19097975382599,0.005397485960938771,0.0,4.679488946102435,135,0.6574030798268445,-0.08465655674527926,6910.758429405473
1403,86.29386796112456,86.29386796112456,0.0011930116861256549,0.0,4.679488946102435,135,0.657416657339,-0.09061708752020836,6911.799393665782
1404,86.63177231022259,86.63177231022259,0.003908093428376657,0.0,4.679488946102435,135,0.6574617986669209,-0.09460096191078911,6915.21811734704
1405,86.77900634494614,86.77900634494614,0.0016980959458790437,0.0,4.679488946102435,135,0.6574832247549892,-0.09636553329174175,6916.707747422947
1406,86.90236727919469,86.90236727919469,0.0014205432904985267,0.0,4.679488946102435,135,0.6575050649914864,-0.08062275999877556,6917.9558430700845
1407,86.1963761184249,86.1963761184249,-0.00815713692154309,0.0,4.679488946102435,135,0.6574037920529139,-0.09057739646916431,6910.8130267478755
1408,85.7139535615406,85.7139535615406,-0.005612505358457925,0.0,4.679488946102435,135,0.6573454060303728,-0.043289556036125075,6905.844600576924
1409,85.76904971792216,85.76904971792216,0.0006425844803708372,0.0,4.679488946102435,135,0.6573547294738081,-0.04492189657529666,6906.35874279159
1410,85.37795491723666,85.37795491723666,-0.004570287189883048,0.0,4.679488946102435,135,0.6572885178396612,-0.04425680586264441,6902.709153415943
1411,85.3342097407904,85.3342097407904,-0.0005125021698529813,0.0,4.679488946102435,135,0.6572811075074165,-0.04130262234658876,6902.300935431672
1412,84.81934649666296,84.81934649666296,-0.00605176673199201,0.0,4.679488946102435,135,0.6571940953872224,-0.10887533424544386,6897.4963729000665
1413,85.27757518202291,85.27757518202291,0.005387866980010494,0.0,4.679488946102435,135,0.6572715377656672,-0.096327228418507,6901.7724372680295
1414,84.92521490842445,84.92521490842445,-0.004140481795914074,0.0,4.679488946102435,135,0.6572048415391434,-0.10441650599647331,6897.700736562043
1415,84.49608948235081,84.49608948235081,-0.005065789633825656,0.0,4.679488946102435,135,0.657128883150361,-0.08858578641992905,6894.831941108986
1416,83.89503395517605,83.89503395517605,-0.007138833301095812,0.0,4.679488946102435,135,0.6570742879488894,-0.06741800315293048,6888.591372786174
1417,84.15271264987749,84.15271264987749,0.003066734328305678,0.0,4.679488946102435,135,0.6570827186084311,-0.06850936408583437,6889.640878848919
1418,84.1062403810549,84.1062403810549,-0.0005523898629718769,0.0,4.679488946102435,135,0.6570801795294423,-0.0950930421669162,6889.36458079798
1419,84.54313998243437,84.54313998243437,0.005181170281218017,0.0,4.679488946102435,135,0.6571040421253183,-0.13048696272501717,6891.962140834867
1420,84.29520971317449,84.29520971317449,-0.0029368973093409248,0.0,4.679488946102435,135,0.6570905028701985,-0.10128422924293677,6890.488086481577
1421,83.81339556945213,83.81339556945213,-0.005732192735766044,0.0,4.679488946102435,135,0.6571109202435116,-0.07127193791512411,6887.623489761899
1422,83.75192260229485,83.75192260229485,-0.000733719490235672,0.0,4.679488946102435,135,0.6571212312361413,-0.06366708176374855,6887.258005970355
1423,84.28261392752604,84.28261392752604,0.006316476370206919,0.0,4.679488946102435,135,0.6570898148707381,-0.07277660700734292,6890.41319900324
1424,83.58701300646653,83.58701300646653,-0.008287442046710426,0.0,4.679488946102435,135,0.6571498443681213,-0.07215299622093765,6886.277545987168
1425,83.67542231266184,83.67542231266184,0.0010571329331652884,0.0,4.679488946102435,135,0.6571341158420111,-0.08650471890958289,6886.80317814599
1426,83.80664931218169,83.80664931218169,0.001567057597280914,0.0,4.679488946102435,135,0.6571120517542572,-0.08766726425943734,6887.583380299156
1427,84.41698831232357,84.41698831232357,0.0072563129275759475,0.0,4.679488946102435,135,0.6570971538167671,-0.06321711957894387,6891.212113744359
1428,84.04885371531255,84.04885371531255,-0.0043704430352320585,0.0,4.679488946102435,135,0.6570770438457033,-0.07587696284829992,6889.023391863241
1429,83.33124434577992,83.33124434577992,-0.008574660603986786,0.0,4.679488946102435,135,0.6572027228178303,-0.055302567366051325,6884.617877246711
1430,83.1256268880189,83.1256268880189,-0.0024705205717090476,0.0,4.679488946102435,135,0.6572367312087827,-0.0328030511724021,6883.659242993029
1431,83.4443767302859,83.4443767302859,0.0038272224820843923,0.0,4.679488946102435,135,0.6571891288398078,-0.03916366509669679,6885.1453255488605
1432,83.42809101417502,83.42809101417502,-0.00019518757507098162,0.0,4.679488946102435,135,0.6571910856017847,-0.040286975649711856,6885.069397923455
1433,83.60519938912253,83.60519938912253,0.00212063644190568,0.0,4.679488946102435,135,0.6571699027725083,-0.041455773664867315,6885.895116501477
1434,83.15032843495199,83.15032843495199,-0.005455556266142225,0.0,4.679488946102435,135,0.657231913064784,-0.04670486037657083,6883.7744070908
1435,83.02252297343978,83.02252297343978,-0.0015382234297524914,0.0,4.679488946102435,135,0.6572568438160042,-0.04797070992803619,6883.178549644902
1436,83.0218629460758,83.0218629460758,-7.950011201219102e-06,0.0,4.679488946102435,135,0.6572569725774016,-0.042446324292766846,6883.175472450746
1437,82.386805157607,82.386805157607,-0.007678689588850287,0.0,4.679488946102435,135,0.6573839611382587,-0.033899071281425,6880.21469200086
1438,82.38248479089646,82.38248479089646,-5.244140716855491e-05,0.0,4.679488946102435,135,0.6573848383829164,-0.010788265051858195,6880.1945494917445
1439,82.21458640665358,82.21458640665358,-0.002040114581079693,0.0,4.679488946102435,135,0.6574189339032708,-0.01260226678578684,6879.411769935836
1440,83.3743328053868,83.3743328053868,0.014007765347269987,0.0,4.679488946102435,135,0.6571959328072419,-0.028291754679355435,6884.4379339940315
1441,83.33263558200176,83.33263558200176,-0.0005002457264736858,0.0,4.679488946102435,135,0.6571923401983325,-0.05461883278931482,6883.152325131697
1442,83.96200586578864,83.96200586578864,0.007524129255114607,0.0,4.679488946102435,135,0.6571254498100683,-0.04051147523978269,6885.860600594735
1443,84.13298757136234,84.13298757136234,0.0020343469016629637,0.0,4.679488946102435,135,0.6571494825588897,-0.019168223246816298,6887.117235761445
1444,84.04685972429478,84.04685972429478,-0.0010242351385368067,0.0,4.679488946102435,135,0.6571313326292291,-0.04014591107482675,6886.467297723706
1445,84.60962080492942,84.60962080492942,0.0066734840835354515,0.0,4.679488946102435,135,0.6572498627318729,-0.07725138306979994,6890.714005901339
1446,84.09449708292657,84.09449708292657,-0.006106849427898497,0.0,4.679488946102435,135,0.6571413717884973,-0.08371590803460213,6886.826778802664
1447,83.87842518983699,83.87842518983699,-0.0025727005203437284,0.0,4.679488946102435,135,0.6571281348087379,-0.06292116498783841,6885.196256886853
1448,84.22773377632613,84.22773377632613,0.004155815484380211,0.0,4.679488946102435,135,0.6571694446994313,-0.0597262916469002,6887.832209659366
1449,83.30424910981027,83.30424910981027,-0.011024689187560765,0.0,4.679488946102435,135,0.6571447759360254,-0.08479508589459288,6880.863408830443
1450,83.25756012734334,83.25756012734334,-0.0005606205156345105,0.0,4.679488946102435,135,0.6571497231769733,-0.08274001239961186,6880.51108438856
1451,83.20749593229213,83.20749593229213,-0.0006014979689515534,0.0,4.679488946102435,135,0.6571550286239214,-0.0843984231356408,6880.133289914411
1452,83.28300007306744,83.28300007306744,0.0009070084811218334,0.0,4.679488946102435,135,0.6571470274558936,-0.06961746559243266,6880.7030593300815
1453,83.16078061923035,83.16078061923035,-0.00146859768860609,0.0,4.679488946102435,135,0.6571599797057216,-0.06352490031028045,6879.780766776569
1454,83.6047320474002,83.6047320474002,0.005324272025156436,0.0,4.679488946102435,135,0.6571330154426036,-0.06674498961596763,6883.130913446902
1455,84.21042520384589,84.21042520384589,0.00721860642983784,0.0,4.679488946102435,135,0.6571657982542508,-0.03979317977349277,6887.7015956939995
1456,84.0273385685031,84.0273385685031,-0.0021765233145615496,0.0,4.679488946102435,135,0.6571272184125643,-0.025849863136262034,6886.319987160146
1457,83.42030617080528,83.42030617080528,-0.007250446047134378,0.0,4.679488946102435,135,0.6571384384959462,-0.012756928358217652,6881.739198729496
1458,83.11073762359217,83.11073762359217,-0.0037178522003086956,0.0,4.679488946102435,135,0.6571652840319878,-0.0010365454508505518,6879.40313227745
1459,82.82424356308137,82.82424356308137,-0.0034530916041659292,0.0,4.679488946102435,135,0.6571963074929963,0.006445656986538008,6877.241190537905
1460,82.91753937701729,82.91753937701729,0.0011257972749500569,0.0,4.679488946102435,135,0.6571860480856978,0.0043268098591762085,6877.945219493735
1461,82.91776234087648,82.91776234087648,2.688979449793754e-06,0.0,4.679488946102435,135,0.6571860236941349,-0.04868826358250027,6877.946902023812
1462,82.96264916037035,82.96264916037035,0.0005411949510279533,0.0,4.679488946102435,135,0.6571811134566669,-0.05741942810807187,6878.28562698183
1463,83.04423968022608,83.04423968022608,0.0009829775980414734,0.0,4.679488946102435,135,0.6571723334077882,-0.062086286774633785,6878.901325436845
1464,83.20375177975905,83.20375177975905,0.0019189663235205615,0.0,4.679488946102435,135,0.6571554254259669,-0.06761835506036383,6880.105035787166
1465,83.57290090847694,83.57290090847694,0.004426875412423601,0.0,4.679488946102435,135,0.6571339395153472,-0.060562241041289155,6882.89070927746
1466,83.48523394826672,83.48523394826672,-0.0010495384535774011,0.0,4.679488946102435,135,0.6571365240335314,-0.05101014843441354,6882.229156782725
1467,83.3598213171967,83.3598213171967,-0.0015033427810043924,0.0,4.679488946102435,135,0.6571402586197094,-0.08175422247582484,6881.282767872279
1468,83.2266750744917,83.2266750744917,-0.0015985241774232036,0.0,4.679488946102435,135,0.6571529960861328,-0.07810848713460371,6880.278019574691
1469,83.06641456076255,83.06641456076255,-0.0019274470598307095,0.0,4.679488946102435,135,0.6571699825581414,-0.07322252246279475,6879.068661540482
1470,83.90067482127165,83.90067482127165,0.009993193344785723,0.0,4.679488946102435,135,0.657127866787567,-0.07962543271219102,6885.364157075787
1471,84.53786337733855,84.53786337733855,0.007565864705197995,0.0,4.679488946102435,135,0.6572297202472325,-0.022407113565280568,6889.649187815618
1472,83.9281500349226,83.9281500349226,-0.007238445217872849,0.0,4.679488946102435,135,0.6571883978720464,-0.03708585966382694,6884.220578829846
1473,83.93440633340873,83.93440633340873,7.454072694220415e-05,0.0,4.679488946102435,135,0.6571854771560486,-0.02394281829898348,6883.818763252076
1474,83.24067515816085,83.24067515816085,-0.00829950434207134,0.0,4.679488946102435,135,0.6572653101141549,-0.037042539608820445,6878.148459487782
1475,84.13384933992972,84.13384933992972,0.01067286270580272,0.0,4.679488946102435,135,0.6572590586884526,-0.11228965985806483,6884.033101889549
1476,84.58416079562114,84.58416079562114,0.00533804926483619,0.0,4.679488946102435,135,0.6573504312617762,-0.06317742071613607,6886.999960919123
1477,84.22329835127996,84.22329835127996,-0.004275438962943828,0.0,4.679488946102435,135,0.6572771281171982,-0.07625555160052473,6884.622433126089
1478,85.10993641174873,85.10993641174873,0.010472204875925893,0.0,4.679488946102435,135,0.6574572721452256,-0.09585866808129005,6890.46401255388
1479,84.91290294585409,84.91290294585409,-0.002317730427774849,0.0,4.679488946102435,135,0.6574172463042328,-0.1032803993393251,6889.16586543808
1480,85.40840241807994,85.40840241807994,0.005818424994521649,0.0,4.679488946102435,135,0.6575194748671794,-0.12119025890977973,6892.430443908697
1481,85.29336716855218,85.29336716855218,-0.0013477923189690736,0.0,4.679488946102435,135,0.6574954758280052,-0.13268535701241543,6891.672538764453
1482,85.32011347243485,85.32011347243485,0.0003135309589991073,0.0,4.679488946102435,135,0.6575010562024904,-0.12899658737054234,6891.8487557186945
1483,84.97323460141374,84.97323460141374,-0.004073903704377534,0.0,4.679488946102435,135,0.6574295038206145,-0.09857648541618602,6889.56335813964
1484,85.01175369819778,85.01175369819778,0.00045320587222036406,0.0,4.679488946102435,135,0.6574373289635626,-0.09973108232132084,6889.817139669424
1485,85.14149399505717,85.14149399505717,0.0015249820236947298,0.0,4.679488946102435,135,0.6574637834518049,-0.10016280006947424,6890.67192843034
1486,85.38058014245281,85.38058014245281,0.0028041683784728257,0.0,4.679488946102435,135,0.657513670974726,-0.10345777448837644,6892.247137957616
1487,84.61174554380045,84.61174554380045,-0.009045582944720802,0.0,4.679488946102435,135,0.6573560393260315,-0.09589828082966867,6887.181701930106
1488,84.49750005722304,84.49750005722304,-0.0013511443865987004,0.0,4.679488946102435,135,0.6573328109410481,-0.11340650344916368,6886.429000107497
1489,84.46073807122809,84.46073807122809,-0.0004351606288307598,0.0,4.679488946102435,135,0.6573253354165219,-0.13436029884786782,6886.186795231925
1490,84.31012701955852,84.31012701955852,-0.0017847996639660955,0.0,4.679488946102435,135,0.6572947032716359,-0.12730152727144625,6885.194500337021
1491,84.34638660691576,84.34638660691576,0.00042998147105293577,0.0,4.679488946102435,135,0.6573020787627057,-0.1277633989024823,6885.433395179247
1492,84.30663809335152,84.30663809335152,-0.0004713643810519856,0.0,4.679488946102435,135,0.6572939935690522,-0.12736587096893795,6885.1715136861385
1493,84.30735143018094,84.30735143018094,8.461182034034253e-06,0.0,4.679488946102435,135,0.6572941386733921,-0.12016519650293478,6885.176213477332
1494,83.92488422202214,83.92488422202214,-0.004546903458943228,0.0,4.679488946102435,135,0.6572388058096915,-0.1269397738287942,6882.656343561298
1495,84.03036353972682,84.03036353972682,0.0012560409153950882,0.0,4.679488946102435,135,0.6572381498535392,-0.13084960868499892,6883.35128983062
1496,85.04998786387745,85.04998786387745,0.012060971908336951,0.0,4.679488946102435,135,0.6574450956527765,-0.11394423194485735,6890.069043942015
1497,84.92719473797015,84.92719473797015,-0.0014448191855942977,0.0,4.679488946102435,135,0.6574201500798306,-0.1353701219507656,6889.26002633928
1498,84.51260906445418,84.51260906445418,-0.004893614033632409,0.0,4.679488946102435,135,0.6573358831947885,-0.12700767296306248,6886.528545197823
1499,84.22026347750973,84.22026347750973,-0.0034651917562927522,0.0,4.679488946102435,135,0.6572752922614725,-0.09234350237901164,6884.57758373316
1500,83.99073215527208,83.99073215527208,-0.002729089900874858,0.0,4.679488946102435,135,0.6572251246747806,-0.08940709126939839,6882.839535769534
1501,83.25540687781543,83.25540687781543,-0.008793387038668207,0.0,4.679488946102435,135,0.657212113306517,-0.06515310586717836,6877.165067028737
1502,83.6167511693042,83.6167511693042,0.004330798624443561,0.0,4.679488946102435,135,0.6571941307058553,-0.10423380930571316,6879.545769452447
1503,84.26884426440186,84.26884426440186,0.00776834215870902,0.0,4.679488946102435,135,0.6572336235785935,-0.07600918372267444,6883.817528636408
1504,84.48626033603027,84.48626033603027,0.002576706552802298,0.0,4.679488946102435,135,0.6572876046922042,-0.057829139343647695,6885.460927086512
1505,84.4415345177729,84.4415345177729,-0.0005295258763209707,0.0,4.679488946102435,135,0.6572764974946695,-0.03282270805119953,6885.122854837054
1506,84.43297972066766,84.43297972066766,-0.00010131543117830675,0.0,4.679488946102435,135,0.6572743728744133,-0.04506742638511855,6885.058191078766
1507,84.4293191517219,84.4293191517219,-4.335566874047268e-05,0.0,4.679488946102435,135,0.6572734637443504,-0.03764411522561484,6885.030521673801
1508,84.67012035323269,84.67012035323269,0.002848044499549361,0.0,4.679488946102435,135,0.6573332529833615,-0.006174252718723885,6886.850682981942
1509,84.88583956211762,84.88583956211762,0.0025445207043581003,0.0,4.679488946102435,135,0.6573772986186199,-0.009169860057634234,6887.931663520273
1510,84.79295073286315,84.79295073286315,-0.0010948786041233797,0.0,4.679488946102435,135,0.6573668463474015,-0.012196705141556009,6886.415649412088
1511,84.15531959070748,84.15531959070748,-0.0075482769776813955,0.0,4.679488946102435,135,0.657241664117454,-0.0031164013558572343,6881.999440213656
1512,83.9523874873344,83.9523874873344,-0.002414311699004414,0.0,4.679488946102435,135,0.657221368828345,0.012623620304837683,6879.587166237828
1513,84.00941651040465,84.00941651040465,0.0006790713591350184,0.0,4.679488946102435,135,0.6572256355544865,0.017842254956666102,6880.128178956933
1514,83.42412382842774,83.42412382842774,-0.006991371798596324,0.0,4.679488946102435,135,0.6571850816522385,-0.013284397411691923,6874.575729198862
1515,83.26987067172594,83.26987067172594,-0.0018507349493134216,0.0,4.679488946102435,135,0.6571809139349557,0.006797215007265425,6873.112387986876
1516,83.40161038637453,83.40161038637453,0.0015808312405619432,0.0,4.679488946102435,135,0.6571836908266674,-0.006427054146037842,6874.362152710156
1517,83.65797583978394,83.65797583978394,0.0030691522760353334,0.0,4.679488946102435,135,0.6571996260722579,-0.023781645191632707,6876.79419456476
1518,83.71619625578683,83.71619625578683,0.0006956917859201916,0.0,4.679488946102435,135,0.6572037033163781,-0.03329787886434751,6877.346509576897
1519,83.84872855588593,83.84872855588593,0.0015818624080693683,0.0,4.679488946102435,135,0.657213617256137,-0.030250459063304865,6878.603793257836
1520,84.30041816443227,84.30041816443227,0.005372500590232,0.0,4.679488946102435,135,0.6573091228988411,-0.023933761416041352,6882.888801314361
1521,83.94849204112994,83.94849204112994,-0.004183404648784326,0.0,4.679488946102435,135,0.6572210775685555,-0.04093745852354332,6879.550211616658
1522,84.257455516632,84.257455516632,0.0036736373173344083,0.0,4.679488946102435,135,0.657296334353995,-0.05228645548071667,6882.481230964124
1523,83.50465390366602,83.50465390366602,-0.008974692419333621,0.0,4.679488946102435,135,0.6571900558966479,-0.07287237904301648,6875.339687489377
1524,84.13545666504712,84.13545666504712,0.007525713702243994,0.0,4.679488946102435,135,0.6572600111132922,-0.12179649796743688,6881.323874115445
1525,84.17288366323193,84.17288366323193,0.00044474324598198656,0.0,4.679488946102435,135,0.6572711557129347,-0.11850174734978866,6881.678929856642
1526,84.05830068860047,84.05830068860047,-0.0013622087104884805,0.0,4.679488946102435,135,0.6572358181940063,-0.12008204623547172,6880.5672543973515
1527,83.51133752351659,83.51133752351659,-0.006528212550172293,0.0,4.679488946102435,135,0.6571576474102188,-0.11178356296945277,6874.737120510759
1528,83.3807636825063,83.3807636825063,-0.001564769892754324,0.0,4.679488946102435,135,0.6571483685687631,-0.10686263538966968,6873.4739455567105
1529,82.90734205497748,82.90734205497748,-0.005694008053361439,0.0,4.679488946102435,135,0.6571238751352694,-0.08611022214149583,6868.4142079345165
1530,82.72932097631865,82.72932097631865,-0.002149537957920867,0.0,4.679488946102435,135,0.6571319844854112,-0.14038566479312078,6866.701096937661
1531,82.84070062522578,82.84070062522578,0.001345408602725177,0.0,4.679488946102435,135,0.6571291840561184,-0.1082704369867412,6867.866731312784
1532,83.18287099265007,83.18287099265007,0.004121955076144971,0.0,4.679488946102435,135,0.6571406649172755,-0.10382185616993339,6871.447686597987
1533,82.5985233751729,82.5985233751729,-0.007049645586043203,0.0,4.679488946102435,135,0.6571477463091244,-0.11986957016800165,6865.332245611813
1534,82.61798600451125,82.61798600451125,0.00023560150860771242,0.0,4.679488946102435,135,0.6571401646679883,-0.06052217417419323,6865.430804202559
1535,82.04151175732953,82.04151175732953,-0.007002044951280543,0.0,4.679488946102435,135,0.6572426031487335,-0.11845867650484918,6859.962011591846
1536,81.72603976943397,81.72603976943397,-0.0038526847983217294,0.0,4.679488946102435,135,0.65735870004411,-0.08364619361702647,6856.969248455029
1537,82.11673485669955,82.11673485669955,0.0047691554135565655,0.0,4.679488946102435,135,0.657228982398626,-0.0625670506017009,6860.675624614459
1538,82.58595517633093,82.58595517633093,0.005697801158810855,0.0,4.679488946102435,135,0.6571456503044368,-0.021411707238364303,6865.126939880216
1539,82.70486010452711,82.70486010452711,0.0014387363085464231,0.0,4.679488946102435,135,0.657124329479851,-0.00040203499423476755,6866.2307248476
1540,81.610804413591,81.610804413591,-0.013316707958846687,0.0,4.679488946102435,135,0.6573799864210967,-0.016568486496124524,6854.680244351739
1541,81.55582079616815,81.55582079616815,-0.0006739566922263931,0.0,4.679488946102435,135,0.6574017864805684,-0.016907458537881666,6854.1347733603
1542,80.82511834402335,80.82511834402335,-0.008999915730952544,0.0,4.679488946102435,135,0.6577088818016645,-0.013597846307390705,6846.49022684508
1543,80.36769333801273,80.36769333801273,-0.005675516533255094,0.0,4.679488946102435,135,0.6579082349405053,0.01884402722691844,6841.602788859645
1544,80.35411616139339,80.35411616139339,-0.00016895251109873264,0.0,4.679488946102435,135,0.6579135913597335,0.013569698872664779,6841.473987332894
1545,80.77601019570831,80.77601019570831,0.005236699157219536,0.0,4.679488946102435,135,0.6577482567777243,0.010249864651342151,6845.476336073786
1546,81.11319155282705,81.11319155282705,0.004165587834697206,0.0,4.679488946102435,135,0.6576358429596904,0.054439221503600435,6848.21813361631
1547,82.2545422205503,82.2545422205503,0.013973006927912692,0.0,4.679488946102435,135,0.6572583328033562,0.09336452787175063,6857.16291826963
1548,82.0266822153028,82.0266822153028,-0.0027740254816011264,0.0,4.679488946102435,135,0.6573477131783058,0.07125935918584238,6855.011002463317
1549,82.3287092787219,82.3287092787219,0.0036752965710514867,0.0,4.679488946102435,135,0.657281321029818,0.06428199654580481,6856.554771888945
1550,82.6026393959028,82.6026393959028,0.0033217501858977243,0.0,4.679488946102435,135,0.6572278584473459,0.07442636244718706,6857.824939142911
1551,83.2595245491879,83.2595245491879,0.007920897353626503,0.0,4.679488946102435,135,0.6571097778952768,0.09016968597931624,6860.870803613403
1552,83.7772632277628,83.7772632277628,0.0061991174935985705,0.0,4.679488946102435,135,0.6570564883064632,0.11949327828390599,6863.247992701679
1553,83.88255910631841,83.88255910631841,0.001256065895019111,0.0,4.679488946102435,135,0.6570435339743369,0.12478268179019798,6863.834588611969
1554,84.12007386862264,84.12007386862264,0.0028275142637867907,0.0,4.679488946102435,135,0.6570358355936435,0.13147663901663445,6865.157766594928
1555,84.2719234000192,84.2719234000192,0.001803524811388845,0.0,4.679488946102435,135,0.6570511724020649,0.12552832329923033,6866.003709620604
1556,84.24565710926277,84.24565710926277,-0.00031173354008248727,0.0,4.679488946102435,135,0.6570484510982278,0.1478388537888137,6865.857381968017
1557,84.45227449827662,84.45227449827662,0.0024495557279124273,0.0,4.679488946102435,135,0.6570699034272515,0.14278827292613008,6867.008432864337
1558,84.51388191095188,84.51388191095188,0.0007292278727835127,0.0,4.679488946102435,135,0.6570763006352901,0.13497190750563745,6867.3516434136445
1559,84.55786230719958,84.55786230719958,0.0005202572132095281,0.0,4.679488946102435,135,0.6570808670930249,0.12962160662349465,6867.596655098106
1560,85.25433390295409,85.25433390295409,0.008202891389536445,0.0,4.679488946102435,135,0.657153742342059,0.10963411929925657,6871.476649218547
1561,85.28020869532443,85.28020869532443,0.0003034551496098078,0.0,4.679488946102435,135,0.6571565101236926,0.1412461174283343,6871.620795861249
1562,85.20103291246738,85.20103291246738,-0.0009288504448095479,0.0,4.679488946102435,135,0.6571480579745441,0.12179840422638961,6871.179713161194
1563,85.0862360488953,85.0862360488953,-0.001348273205183979,0.0,4.679488946102435,135,0.6571358383226881,0.11474362039269735,6870.540187933719
1564,84.59768553326595,84.59768553326595,-0.005758375467232498,0.0,4.679488946102435,135,0.6570850016332349,0.11981483253660155,6867.818507480796
1565,84.57206501909486,84.57206501909486,-0.00030289711113613686,0.0,4.679488946102435,135,0.6570823416823444,0.1211184973108039,6867.6757774040025
1566,85.04690454173705,85.04690454173705,0.005598911068760393,0.0,4.679488946102435,135,0.6571316722922432,0.11724260329183447,6870.321074882372
1567,84.80941729243749,84.80941729243749,-0.002796332823968414,0.0,4.679488946102435,135,0.6571069796334842,0.10572047043764869,6868.998050172421
1568,85.72250533493204,85.72250533493204,0.010708807528564266,0.0,4.679488946102435,135,0.6572090103677585,0.0748749525977783,6874.084799234292
1569,84.80277966482389,84.80277966482389,-0.01078707581039851,0.0,4.679488946102435,135,0.6571062907547055,0.0019268402611834423,6868.961072417303
1570,84.99438953711127,84.99438953711127,0.0022569275391565004,0.0,4.679488946102435,135,0.6571261737888082,-0.01796385600387214,6870.028517496795
1571,85.96623823709352,85.96623823709352,0.01136939166978146,0.0,4.679488946102435,135,0.6572536002807925,-0.015417656201209641,6875.442618035676
1572,86.04488929187058,86.04488929187058,0.0009144880495601906,0.0,4.679488946102435,135,0.6572633241882544,-0.011463168545890903,6875.776290630671
1573,86.74521173336429,86.74521173336429,0.008106092560967632,0.0,4.679488946102435,135,0.6573622406052906,-0.008294804057207283,6879.023566401431
1574,86.45866488027619,86.45866488027619,-0.0033087840770993017,0.0,4.679488946102435,135,0.6573217419381236,-0.03592430934367275,6877.694897493954
1575,85.91869858628017,85.91869858628017,-0.006264953231207019,0.0,4.679488946102435,135,0.6572455018182195,-0.018625684849590395,6875.191165841745
1576,85.81713118667449,85.81713118667449,-0.0011828330940820819,0.0,4.679488946102435,135,0.6572304842531808,-0.013718062084068184,6874.684141156669
1577,85.64958150360945,85.64958150360945,-0.0019543121083220984,0.0,4.679488946102435,135,0.6572051569214911,-0.01191830126498332,6873.601763404622
1578,84.96453829475541,84.96453829475541,-0.008030365728368677,0.0,4.679488946102435,135,0.6571524143332096,-0.0011013201001916985,6869.243608804017
1579,84.99400905105246,84.99400905105246,0.00034679934669534513,0.0,4.679488946102435,135,0.6571586501147553,-0.005329849562455041,6869.345925970363
1580,84.79539421814762,84.79539421814762,-0.0023395443964496594,0.0,4.679488946102435,135,0.6571380742790056,0.006809286680050485,6868.235464991614
1581,85.38489177710049,85.38489177710049,0.0069279460111214405,0.0,4.679488946102435,135,0.6572040798200364,0.005901493999433674,6871.426650605105
1582,85.42144241647011,85.42144241647011,0.00042797757003672335,0.0,4.679488946102435,135,0.6572092328113589,0.023692651528565582,6871.596526443758
1583,85.0904049998689,85.0904049998689,-0.003882871923911764,0.0,4.679488946102435,135,0.6571625531141547,0.061947207634811,6870.05796898648
1584,85.07274634906007,85.07274634906007,-0.00020754964552825242,0.0,4.679488946102435,135,0.6571608551721662,0.06400884848565813,6869.951982796539
1585,85.14322462438307,85.14322462438307,0.0008281041896071536,0.0,4.679488946102435,135,0.6571686220193148,0.06407845723210837,6870.345582841157
1586,85.3798879032798,85.3798879032798,0.0027757343546022206,0.0,4.679488946102435,135,0.657194726201548,0.058496662649047314,6871.667276323387
1587,85.3824257664543,85.3824257664543,2.9723925849468293e-05,0.0,4.679488946102435,135,0.6571984145584017,0.051826082203118684,6871.577443438864
1588,86.27271940395869,86.27271940395869,0.010373142264123126,0.0,4.679488946102435,135,0.6573238583797018,0.03961420104168841,6875.715247343973
1589,85.76645982801845,85.76645982801845,-0.00588541563058682,0.0,4.679488946102435,135,0.6572525441058266,-0.00570792664147445,6873.362312579443
1590,85.55802500310048,85.55802500310048,-0.0024332182053352375,0.0,4.679488946102435,135,0.6572239540581198,0.006393133963012543,6872.369610253268
1591,85.22710352083602,85.22710352083602,-0.003875301078864832,0.0,4.679488946102435,135,0.6571880018368179,0.011956577728403226,6870.522644131555
1592,85.08021781614215,85.08021781614215,-0.0017249492266295783,0.0,4.679488946102435,135,0.6571724465729669,0.03296362337573145,6869.702833587746
1593,85.20107143177299,85.20107143177299,0.0014194587844215598,0.0,4.679488946102435,135,0.657189134002457,0.03151732051830993,6870.273945133838
1594,85.29206715029166,85.29206715029166,0.0010674415160133231,0.0,4.679488946102435,135,0.6572019665333642,0.030514354505301485,6870.696864520852
1595,85.51799059553966,85.51799059553966,0.0026453193679005743,0.0,4.679488946102435,135,0.6572338202096896,0.011304498623348995,6871.746885406796
1596,85.55212039287538,85.55212039287538,0.00039901532291470275,0.0,4.679488946102435,135,0.6572395486999227,0.0222769834537192,6871.881685092529
1597,85.61146826667228,85.61146826667228,0.0006934637984632537,0.0,4.679488946102435,135,0.6572458084871373,0.010071277000969802,6872.212606603552
1598,85.65437382072447,85.65437382072447,0.0005010404226184149,0.0,4.679488946102435,135,0.6572503606287736,0.007608754581131637,6872.4518463584045
1599,85.46727458508664,85.46727458508664,-0.0021867403912632943,0.0,4.679488946102435,135,0.6572307653192212,0.015388610148040974,6871.408588061059
1600,85.49805501200332,85.49805501200332,0.00036007800320431345,0.0,4.610715474909289,130,0.6671211247681035,0.00351865455457398,6677.245260844328
1601,85.33994048437981,85.33994048437981,-0.0018510469209232553,0.0,4.610715474909289,130,0.6670924759218729,-0.005489689479344935,6676.641675988534
1602,84.73609317880427,84.73609317880427,-0.007100939854968368,0.0,4.610715474909289,130,0.6669830168602925,-0.036268085019937085,6674.33655517304
1603,84.6982771858352,84.6982771858352,-0.00044637925015574747,0.0,4.610715474909289,130,0.6669761594607139,-0.035219097279681796,6674.192196770267
1604,84.45669368401279,84.45669368401279,-0.0028563590514951226,0.0,4.610715474909289,130,0.6669323446815562,-0.028069668532300238,6673.2699782663685
1605,84.11284286815213,84.11284286815213,-0.004079637398293395,0.0,4.610715474909289,130,0.6668699613074756,-0.026418933443481337,6671.957365515187
1606,84.0603310518441,84.0603310518441,-0.0006244969609675036,0.0,4.610715474909289,130,0.6668604321539762,-0.05721165810392417,6671.756907419716
1607,84.19672427324099,84.19672427324099,0.0016212485236777533,0.0,4.610715474909289,130,0.6668851818133892,-0.030601961424217453,6672.277573572949
1608,83.58234288375122,83.58234288375122,-0.0073237281149419325,0.0,4.610715474909289,130,0.6668861655872008,-0.028665960030972954,6669.9322400482515
1609,84.85471995711659,84.85471995711659,0.0151083289475072,0.0,4.610715474909289,130,0.6670045262369689,-0.10957445318613847,6674.7893998797035
1610,85.42278189675358,85.42278189675358,0.006672214953675694,0.0,4.610715474909289,130,0.6671074866426278,-0.05969156538224349,6676.957913988248
1611,85.42499961826556,85.42499961826556,2.5961373246236613e-05,0.0,4.610715474909289,130,0.6671078884703912,-0.09502045890979592,6676.966379896721
1612,84.86607352104406,84.86607352104406,-0.006564385249096633,0.0,4.610715474909289,130,0.6670065847092037,-0.09656374506428372,6674.832740863918
1613,85.42913740106334,85.42913740106334,0.006612821685823009,0.0,4.610715474909289,130,0.6671086381902979,-0.1252843743986368,6676.98217542842
1614,85.01366704503764,85.01366704503764,-0.00487519763909475,0.0,4.610715474909289,130,0.6670333419069928,-0.14861521355678123,6675.396162943058
1615,85.33096751213537,85.33096751213537,0.003725398629622035,0.0,4.610715474909289,130,0.6670908499494579,-0.15909954128341405,6676.607422651795
1616,85.36380368662785,85.36380368662785,0.0003847355682532493,0.0,4.610715474909289,130,0.6670968000386862,-0.1579141189344188,6676.732771144079
1617,85.5292887689974,85.5292887689974,0.0019367094563900618,0.0,4.610715474909289,130,0.6671267834147352,-0.1587179990779543,6677.36449228368
1618,85.24906179687177,85.24906179687177,-0.003281765196822325,0.0,4.610715474909289,130,0.6670760072250781,-0.16164812001855705,6676.294756573105
1619,84.76609251833862,84.76609251833862,-0.005681500330283224,0.0,4.610715474909289,130,0.6669884566084813,-0.1476860102925688,6674.45107435922
1620,84.71634242615777,84.71634242615777,-0.0005870825920820027,0.0,4.610715474909289,130,0.6669794353755076,-0.154353957380329,6674.2611588425
1621,84.13256765280298,84.13256765280298,-0.006914786706575887,0.0,4.610715474909289,130,0.6668735405539288,-0.14730745075117802,6672.032662715755
1622,84.4621516388059,84.4621516388059,0.003909783262890437,0.0,4.610715474909289,130,0.6669333346969477,-0.16447214756165326,6673.29081340977
1623,84.34683931557485,84.34683931557485,-0.001366187197905448,0.0,4.610715474909289,130,0.6669124169441136,-0.17212913555871323,6672.85062127161
1624,84.57880320428788,84.57880320428788,0.002746344853866275,0.0,4.610715474909289,130,0.6669544925817763,-0.17841148551618896,6673.736117958237
1625,84.8573408378838,84.8573408378838,0.003287821333294424,0.0,4.610715474909289,130,0.667005001421437,-0.16987505864546557,6674.799404804386
1626,85.15081548068524,85.15081548068524,0.0034524806416979022,0.0,4.610715474909289,130,0.6670582014687069,-0.1542046658362768,6675.919712043806
1627,85.12789594141536,85.12789594141536,-0.00026920029188476087,0.0,4.610715474909289,130,0.667054047338318,-0.13522200570522458,6675.832219218112
1628,85.1288883440191,85.1288883440191,1.1657715819335644e-05,0.0,4.610715474909289,130,0.6670542272119815,-0.06232864873453392,6675.8360076061335
1629,85.03304281488288,85.03304281488288,-0.0011265215271068956,0.0,4.610715474909289,130,0.6670368542006915,-0.049041293476273416,6675.470127817909
1630,85.24191166468307,85.24191166468307,0.0024533138793001266,0.0,4.610715474909289,130,0.6670747114321642,-0.07113001583173427,6676.267461728216
1631,84.55499384855662,84.55499384855662,-0.008091096377958693,0.0,4.610715474909289,130,0.6669501743469411,-0.10332238514025448,6673.64522835586
1632,84.48049401138735,84.48049401138735,-0.0008814698373254828,0.0,4.610715474909289,130,0.6669366617644368,-0.10807395877467994,6673.360833403984
1633,84.80333439774905,84.80333439774905,0.003814195139464574,0.0,4.610715474909289,130,0.6669952093789852,-0.09339302323685816,6674.593241146494
1634,85.29883971147886,85.29883971147886,0.005825989207566721,0.0,4.610715474909289,130,0.6670850280050878,-0.08475971429863925,6676.484778298884
1635,85.74042726523979,85.74042726523979,0.005163592463008324,0.0,4.610715474909289,130,0.6671650302581298,-0.06339210663320971,6678.170490320183
1636,85.95833484256936,85.95833484256936,0.002538255857503154,0.0,4.610715474909289,130,0.6672044936122189,-0.0536372964296804,6679.002328580813
1637,86.49250502772735,86.49250502772735,0.006195062824393329,0.0,4.610715474909289,130,0.6673011909775292,-0.05371601215125292,6681.041464636327
1638,86.30106933094847,86.30106933094847,-0.002215774235969082,0.0,4.610715474909289,130,0.6672665434016424,-0.0687400217449944,6680.310679874353
1639,86.27924488382548,86.27924488382548,-0.0002529193128267995,0.0,4.610715474909289,130,0.6672625929558694,-0.06737839741524645,6680.227367442741
1640,85.8265544350042,85.8265544350042,-0.005260618696130341,0.0,4.610715474909289,130,0.6671806291788194,-0.04877365715693722,6678.499271338115
1641,85.16393188636107,85.16393188636107,-0.007750441323806569,0.0,4.610715474909289,130,0.667060578747588,-0.013776303536723426,6675.96978248292
1642,84.88485743616971,84.88485743616971,-0.003282289769331896,0.0,4.610715474909289,130,0.6670099902919409,0.009256256571066802,6674.9044463983355
1643,85.05538000922854,85.05538000922854,0.002006854090041264,0.0,4.610715474909289,130,0.6670409032225447,0.002921907834611562,6675.555397605768
1644,84.41805109374775,84.41805109374775,-0.007521319605297147,0.0,4.610715474909289,130,0.6669253351467155,-0.009527491113971715,6673.12246441914
1645,85.21449161812222,85.21449161812222,0.009390254534144049,0.0,4.610715474909289,130,0.667069742096852,-0.0642790072857354,6676.162788709879
1646,85.31923482908704,85.31923482908704,0.0012284165287241055,0.0,4.610715474909289,130,0.667088723870794,-0.05594527404110683,6676.5626344219445
1647,84.89977932604702,84.89977932604702,-0.004928431223147133,0.0,4.610715474909289,130,0.6670126956252352,-0.0605133055102468,6674.961409075233
1648,85.43426365178699,85.43426365178699,0.006275739959117295,0.0,4.610715474909289,130,0.6671095670046042,-0.04041519430574755,6677.001744327941
1649,85.51582104741689,85.51582104741689,0.0009541662639256962,0.0,4.610715474909289,130,0.6671243434808094,-0.04696017270730938,6677.313080734659
1650,86.18058503961541,86.18058503961541,0.007743520427318834,0.0,4.610715474909289,130,0.6672447332960919,-0.04687249515240175,6679.8507443155995
1651,86.20256396038359,86.20256396038359,0.00025500080506450314,0.0,4.610715474909289,130,0.6672487121514376,-0.05282270200814722,6679.9346464333985
1652,85.83113101728199,85.83113101728199,-0.00431814849186493,0.0,4.610715474909289,130,0.6671814580234563,-0.05050993376064831,6678.516741938672
1653,85.52521140514324,85.52521140514324,-0.00357057034279975,0.0,4.610715474909289,130,0.6671260447266857,-0.03826221701992631,6677.348927394667
1654,86.34741389186533,86.34741389186533,0.009567652292787047,0.0,4.610715474909289,130,0.6672749319093596,-0.06236322567506238,6680.487595149238
1655,86.2313477863806,86.2313477863806,-0.001345080030188385,0.0,4.610715474909289,130,0.6672539227511218,-0.07355261486703338,6680.044525530055
1656,86.23175626101451,86.23175626101451,4.7369509689087255e-06,0.0,4.610715474909289,130,0.6672539966941164,-0.07352030450124378,6680.046084837139
1657,86.18958602260835,86.18958602260835,-0.0004891533575655718,0.0,4.610715474909289,130,0.6672463627607634,-0.07362464199999694,6679.885104580297
1658,86.01492067718081,86.01492067718081,-0.0020285811175633486,0.0,4.610715474909289,130,0.6672147397749609,-0.07175751949025122,6679.218338794025
1659,85.93484276706373,85.93484276706373,-0.0009314105969349733,0.0,4.610715474909289,130,0.6672002396386367,-0.07000045190945287,6678.912650160876
1660,85.74538606035948,85.74538606035948,-0.0022070891319949867,0.0,4.610715474909289,130,0.6671659284118824,-0.06761346960965267,6678.189419976314
1661,84.98921562075216,84.98921562075216,-0.008857904331111171,0.0,4.610715474909289,130,0.667028909425776,-0.05895465807246327,6675.302822314444
1662,85.04569429625813,85.04569429625813,0.0006643186109327229,0.0,4.610715474909289,130,0.6670391475239933,-0.06820705707422636,6675.518423459532
1663,85.35323689150017,85.35323689150017,0.0036096814344212967,0.0,4.610715474909289,130,0.6670948853036627,-0.06732673906970393,6676.692433563408
1664,84.96335709803742,84.96335709803742,-0.004578302857610616,0.0,4.610715474909289,130,0.6670242217350899,-0.08677354190586978,6675.204110242009
1665,84.85812443927418,84.85812443927418,-0.001239332872142248,0.0,4.610715474909289,130,0.6670051434937084,-0.08562185137012096,6674.802396116691
1666,84.61006386189489,84.61006386189489,-0.0029275199909818504,0.0,4.610715474909289,130,0.6669601620593554,-0.08132598872479542,6673.855452087728
1667,83.61308460416622,83.61308460416622,-0.011853195468184478,0.0,4.610715474909289,130,0.6668835808090426,-0.04290810262105666,6670.049593191966
1668,84.10124011449746,84.10124011449746,0.005821290336134937,0.0,4.610715474909289,130,0.6668678558416886,-0.016397433525922652,6671.913073276537
1669,83.75155777750685,83.75155777750685,-0.004166541722959778,0.0,4.610715474909289,130,0.6668729116786698,-0.11676726955024085,6670.578199333465
1670,82.48585065381877,82.48585065381877,-0.015227999455481764,0.0,4.610715474909289,130,0.6670537763168651,-0.06698384716200481,6665.746501302863
1671,82.91084234765523,82.91084234765523,0.005139070454930451,0.0,4.610715474909289,130,0.6669795328737923,-0.11821409870595412,6667.368860450332
1672,82.70640404398203,82.70640404398203,-0.002468805779168705,0.0,4.610715474909289,130,0.6670149981501905,-0.0994192450118257,6666.588439663603
1673,82.02490190177114,82.02490190177114,-0.008274153189704994,0.0,4.610715474909289,130,0.6671353720538706,-0.06795449397816383,6663.986880032038
1674,82.27409837395794,82.27409837395794,0.003033453190309864,0.0,4.610715474909289,130,0.6670912547072003,-0.07463311438306465,6664.938160214763
1675,82.01380236544195,82.01380236544195,-0.003168781451962842,0.0,4.610715474909289,130,0.667137337391115,-0.08462090571425289,6663.9445087703
1676,81.5244065906834,81.5244065906834,-0.005985111843791091,0.0,4.610715474909289,130,0.6672245228799354,-0.07638634730109475,6662.076294112398
1677,81.45955436172268,81.45955436172268,-0.0007958112197594599,0.0,4.610715474909289,130,0.6672360876663951,-0.07216465934245636,6661.828727846011
1678,81.70097778257612,81.70097778257612,0.00295933819132635,0.0,4.610715474909289,130,0.6671930401428505,-0.08020483215612581,6662.750335258381
1679,81.06880724120691,81.06880724120691,-0.007767703568464233,0.0,4.610715474909289,130,0.6673061184828069,-0.09519752710145575,6660.33709359878
1680,80.95950416174017,80.95950416174017,-0.0013491851528993955,0.0,4.610715474909289,130,0.6673259958147584,-0.0917421751659352,6659.919841089163
1681,80.87344038486437,80.87344038486437,-0.0010636126683646848,0.0,4.610715474909289,130,0.6673416487117265,-0.0749557531575535,6659.591302066624
1682,79.66192983706745,79.66192983706745,-0.015093664984028103,0.0,4.610715474909289,130,0.6675631320411026,-0.0622784981961763,6654.966493516297
1683,79.79237650236126,79.79237650236126,0.0016361639568011664,0.0,4.610715474909289,130,0.6675392239700378,-0.08287679942332006,6655.464459344254
1684,79.98099855053943,79.98099855053943,0.0023611210033544754,0.0,4.610715474909289,130,0.667504659927208,-0.0872132483066835,6656.184503311499
1685,79.8132542190058,79.8132542190058,-0.0020995047098784788,0.0,4.610715474909289,130,0.6675353978652536,-0.10192664453306804,6655.54415773617
1686,80.02782811418076,80.02782811418076,0.0026848419810095747,0.0,4.610715474909289,130,0.6674960798036412,-0.10677090603357217,6656.3632700310545
1687,79.59015191840682,79.59015191840682,-0.005484060036430542,0.0,4.610715474909289,130,0.6675762889174959,-0.11597921200631404,6654.6924891895915
1688,79.51901382732633,79.51901382732633,-0.0008942048748385852,0.0,4.610715474909289,130,0.6675893295826955,-0.11665966479477177,6654.42092733445
1689,79.79466688559535,79.79466688559535,0.003460510511303983,0.0,4.610715474909289,130,0.6675388042239596,-0.11444661906422453,6655.473202630876
1690,79.60812724932232,79.60812724932232,-0.002340482454382391,0.0,4.610715474909289,130,0.6675729939416808,-0.1038621130807881,6654.7611080425295
1691,78.99697462150837,78.99697462150837,-0.007706632957072364,0.0,4.610715474909289,130,0.6676850596712499,-0.0984715158837555,6652.428099961166
1692,78.69867999976863,78.69867999976863,-0.0037831730776856456,0.0,4.610715474909289,130,0.6677397858580065,-0.08868011421111795,6651.289392981149
1693,78.91370771282233,78.91370771282233,0.002728565306095037,0.0,4.610715474909289,130,0.6677003342278859,-0.11613564987813986,6652.110237675979
1694,78.28120373440271,78.28120373440271,-0.008047428330395415,0.0,4.610715474909289,130,0.667816409002514,-0.1610480912554928,6649.695723157033
1695,77.81685967119095,77.81685967119095,-0.0059494067090758475,0.0,4.610715474909289,130,0.6679016773669697,-0.1624478790630189,6647.923140658482
1696,76.90919961214664,76.90919961214664,-0.011732612788818465,0.0,4.610715474909289,130,0.6680684840540675,-0.1499137934504032,6644.458248000723
1697,77.35536976702745,77.35536976702745,0.005784496086969342,0.0,4.610715474909289,130,0.6679864666818512,-0.19245464101478743,6646.1614535988465
1698,77.20715139062247,77.20715139062247,-0.001917908956562104,0.0,4.610715474909289,130,0.668013708309342,-0.19238732160286148,6645.595646214206
1699,76.7842171264655,76.7842171264655,-0.005492974465439635,0.0,4.610715474909289,130,0.6680914665392339,-0.18790525575963438,6643.9811410787315
1700,76.6506953594508,76.6506953594508,-0.0017404357138260179,0.0,4.610715474909289,130,0.6681160229226959,-0.20099597511504338,6643.471436387455
1701,76.57821256128406,76.57821256128406,-0.0009460721812434678,0.0,4.610715474909289,130,0.6681293550267166,-0.2103208432029903,6643.194741260596
1702,76.04651531271732,76.04651531271732,-0.0069674083210297015,0.0,4.610715474909289,130,0.6682271865812207,-0.20657872044712575,6641.165045369108
1703,76.11193568892406,76.11193568892406,0.0008598980839672389,0.0,4.610715474909289,130,0.6682151460968574,-0.2027799921174526,6641.41478047525
1704,75.92544414771706,75.92544414771706,-0.002453233999933794,0.0,4.610715474909289,130,0.6682494718664947,-0.16939652153494483,6640.702869484541
1705,76.50074925318576,76.50074925318576,0.007548674207357211,0.0,4.610715474909289,130,0.6681436044472262,-0.1978241054757456,6642.899033583695
1706,76.93763008419704,76.93763008419704,0.005694559776964987,0.0,4.610715474909289,130,0.6680632565591174,-0.14525193450444332,6644.56677820747
1707,77.35409227131674,77.35409227131674,0.005398386798199938,0.0,4.610715474909289,130,0.6679867014579022,-0.0960803302725619,6646.1565768991795
1708,77.27280849317451,77.27280849317451,-0.0010513537454036087,0.0,4.610715474909289,130,0.6680016403647655,-0.11011687734305381,6645.84628499719
1709,77.48305708137647,77.48305708137647,0.0027171663804366896,0.0,4.610715474909289,130,0.6679630022563048,-0.12222637403826866,6646.648885907417
1710,77.52980098268235,77.52980098268235,0.0006030971018337417,0.0,4.610715474909289,130,0.6679544132361708,-0.13455940662810809,6646.827325620408
1711,77.30963700538942,77.30963700538942,-0.0028437732470056264,0.0,4.610715474909289,130,0.6679948715878329,-0.1331679563765449,6645.9868738005625
1712,77.70096805578525,77.70096805578525,0.005049098177560835,0.0,4.610715474909289,130,0.6679229658510826,-0.13740625850811752,6647.480737136024
1713,77.7505975322921,77.7505975322921,0.0006385201461985688,0.0,4.610715474909289,130,0.6679138489143621,-0.11427986679252411,6647.670192215647
1714,77.401210041644,77.401210041644,-0.004503822246154582,0.0,4.610715474909289,130,0.6679780424599104,-0.13119808240305705,6646.336443816126
1715,77.51496501707261,77.51496501707261,0.0014686006265121065,0.0,4.610715474909289,130,0.6679571392403897,-0.13659891437288335,6646.770690949973
1716,77.69658798337422,77.69658798337422,0.0023403289985629286,0.0,4.610715474909289,130,0.6679237704955064,-0.12809754286865657,6647.464016690317
1717,77.5287961066223,77.5287961066223,-0.002161913698442083,0.0,4.610715474909289,130,0.6679545978736044,-0.12912646326556354,6646.823489616337
1718,77.24394365522667,77.24394365522667,-0.0036809165937037795,0.0,4.610715474909289,130,0.6680069456842095,-0.128200930590398,6645.736096646302
1719,77.2676112348987,77.2676112348987,0.0003063535264267143,0.0,4.610715474909289,130,0.6680025956010494,-0.13023294792636989,6645.826445034132
1720,77.48572075893328,77.48572075893328,0.0028188041658693784,0.0,4.610715474909289,130,0.6679625128029484,-0.12479881700826595,6646.659054204146
1721,78.3760841829715,78.3760841829715,0.011425161021284687,0.0,4.610715474909289,130,0.6677989915222677,-0.07201887012689343,6650.057918856111
1722,77.91694411160438,77.91694411160438,-0.005875391847967762,0.0,4.610715474909289,130,0.667883294830942,-0.11190626395623679,6648.305202025277
1723,78.36459326205822,78.36459326205822,0.005728768506520316,0.0,4.610715474909289,130,0.6678011008431066,-0.11945973746600289,6650.014053526678
1724,77.83059957043761,77.83059957043761,-0.006837544259528938,0.0,4.610715474909289,130,0.667899153630866,-0.14003993332871173,6647.975591215873
1725,77.66796212183971,77.66796212183971,-0.002091820093156853,0.0,4.610715474909289,130,0.6679290293301329,-0.13786341443790906,6647.35474060566
1726,78.03084091561712,78.03084091561712,0.004661300456291981,0.0,4.610715474909289,130,0.6678623779445045,-0.14666743476402355,6648.739990574177
1727,78.97051085371035,78.97051085371035,0.011970357552677342,0.0,4.610715474909289,130,0.6676899140503825,-0.057885438018574625,6652.327077432052
1728,78.64713193051982,78.64713193051982,-0.004103339844656811,0.0,4.610715474909289,130,0.6677492449481109,-0.07002467786642713,6651.092613884303
1729,79.5410453215258,79.5410453215258,0.011302019176116868,0.0,4.610715474909289,130,0.6675852907698906,-0.10870389100197704,6654.505030145552
1730,80.05373902848834,80.05373902848834,0.006424965235842298,0.0,4.610715474909289,130,0.6674913325979229,-0.021671016069118178,6656.462182102645
1731,79.78287284647611,79.78287284647611,-0.0033892915787959287,0.0,4.610715474909289,130,0.6675409656651429,-0.02738778458054273,6655.428180180959
1732,79.46969826931422,79.46969826931422,-0.003933060278709633,0.0,4.610715474909289,130,0.6675983704792277,-0.029936835463732922,6654.232670604227
1733,79.37258472060161,79.37258472060161,-0.0012227671245293996,0.0,4.610715474909289,130,0.6676161755561572,-0.013570734907967555,6653.861950290438
1734,79.67922443206457,79.67922443206457,0.00385585166258277,0.0,4.610715474909289,130,0.6675599621076872,-0.009741569270044916,6655.03251373458
1735,79.70020369373205,79.70020369373205,0.0002632618529925576,0.0,4.610715474909289,130,0.6675561168946255,-0.016460591316615418,6655.112599763476
1736,79.58229314733308,79.58229314733308,-0.0014805213413297456,0.0,4.610715474909289,130,0.667577729494278,-0.01852051164606154,6654.662489193534
1737,79.32886064028196,79.32886064028196,-0.003189615277110573,0.0,4.610715474909289,130,0.6676241927023673,-0.015920113704692297,6653.6950384126285
1738,79.41596951375939,79.41596951375939,0.0010974704768152918,0.0,4.610715474909289,130,0.6676082210183963,-0.003502656792636351,6654.0275669767425
1739,79.56332101152364,79.56332101152364,0.00185371993386607,0.0,4.610715474909289,130,0.6675812072949111,-0.006134559531399401,6654.590065147314
1740,79.83422662214373,79.83422662214373,0.0033991222008047427,0.0,4.610715474909289,130,0.6675315545002326,-0.0017155416929661236,6655.624217583383
1741,79.64139578902721,79.64139578902721,-0.0024183122683917022,0.0,4.610715474909289,130,0.6675668958168653,-0.013927299146467278,6654.888107041559
1742,79.5450000724253,79.5450000724253,-0.0012111051055944974,0.0,4.610715474909289,130,0.6675845657958911,0.00310801374738042,6654.520126973069
1743,79.51984417640138,79.51984417640138,-0.00031629737359550446,0.0,4.610715474909289,130,0.6675891773612784,0.0004475800362793969,6654.424097100911
1744,79.88566994758821,79.88566994758821,0.004589884050570207,0.0,4.610715474909289,130,0.6675221274801395,0.0030788096457661624,6655.820596832252
1745,79.99910896755009,79.99910896755009,0.0014190098615584196,0.0,4.610715474909289,130,0.6675013416777292,0.011746858632642932,6656.25363784078
1746,80.51290380816204,80.51290380816204,0.006401970625861105,0.0,4.610715474909289,130,0.6674072382908344,0.02746476665211633,6658.214993254727
1747,81.07762376455727,81.07762376455727,0.006989546527682762,0.0,4.610715474909289,130,0.6673045152608503,0.05206979984952324,6660.370749709037
1748,80.95899699024815,80.95899699024815,-0.0014641973518077025,0.0,4.610715474909289,130,0.6673260880523302,0.046509497050298804,6659.917905017655
1749,81.02712511927429,81.02712511927429,0.0008411601210760292,0.0,4.610715474909289,130,0.6673136982990935,0.05187488627256384,6660.177976673004
1750,80.91818243115026,80.91818243115026,-0.0013454258873644535,0.0,4.610715474909289,130,0.6673335110345969,0.03703803109137511,6659.762099917785
1751,81.69268012263211,81.69268012263211,0.009525852528218004,0.0,4.610715474909289,130,0.6671945194773766,0.002020596931405218,6662.71865985223
1752,81.0264667764829,81.0264667764829,-0.008188551641770684,0.0,4.610715474909289,130,0.6673138180204098,-0.043128566440298645,6660.175463521653
1753,81.35668145582625,81.35668145582625,0.004067110880926862,0.0,4.610715474909289,130,0.6672544342607689,-0.050769607097444276,6661.436021818275
1754,81.59993301103755,81.59993301103755,0.0029854785175042575,0.0,4.610715474909289,130,0.6672110556995058,-0.08672825936405995,6662.364607932912
1755,82.42597543075553,82.42597543075553,0.010072182022640467,0.0,4.610715474909289,130,0.667064372811009,-0.1283803917482321,6665.517934210254
1756,82.57616682780169,82.57616682780169,0.0018204786491855397,0.0,4.610715474909289,130,0.6670377938712595,-0.09390614389564096,6666.091273384649
1757,82.79899500584212,82.79899500584212,0.002694822008567095,0.0,4.610715474909289,130,0.6669989347496706,-0.0838098640692824,6666.941895498447
1758,82.32650196684712,82.32650196684712,-0.005722851252040227,0.0,4.610715474909289,130,0.6670819788611224,-0.10377566274142097,6665.138205179211
1759,82.31003181026806,82.31003181026806,-0.0002000790013752189,0.0,4.610715474909289,130,0.6670848941477407,-0.11514853549630105,6665.075332164105
1760,81.43598977523469,81.43598977523469,-0.010675683326950992,0.0,4.610715474909289,130,0.6672402900388114,-0.0974167957895261,6661.738772623357
1761,81.44765408908486,81.44765408908486,0.0001432226538330125,0.0,4.610715474909289,130,0.6672382098781828,-0.10153685264819795,6661.783299861297
1762,82.11287638175551,82.11287638175551,0.008134309160420329,0.0,4.610715474909289,130,0.667119795753674,-0.10957584060642621,6664.32271295399
1763,81.74031544744702,81.74031544744702,-0.0045475046557170735,0.0,4.610715474909289,130,0.6671860270839887,-0.13521308809967492,6662.900502476632
1764,82.02160580617378,82.02160580617378,0.0034353607140843027,0.0,4.610715474909289,130,0.6671359556737888,-0.12878470853217158,6663.974297548849
1765,82.37789962039493,82.37789962039493,0.004334494451539287,0.0,4.610715474909289,130,0.6670728816150387,-0.14669744496125353,6665.334410080626
1766,81.74438614814115,81.74438614814115,-0.007720056002090337,0.0,4.610715474909289,130,0.6671853013837294,-0.17365502470208613,6662.916041929763
1767,82.2744408920986,82.2744408920986,0.006463362758737085,0.0,4.610715474909289,130,0.6670911940770009,-0.198266819992341,6664.939467740172
1768,81.41658286820109,81.41658286820109,-0.01048152620757656,0.0,4.610715474909289,130,0.667243751039881,-0.21921786188672154,6661.664688885707
1769,80.89698387208144,80.89698387208144,-0.006402431804884029,0.0,4.610715474909289,130,0.6673373665735275,-0.1631941608206133,6659.681176745127
1770,81.05290958687803,81.05290958687803,0.0019256050083980127,0.0,4.610715474909289,130,0.6673090093989302,-0.16850588159374336,6660.27640604818
1771,80.91969119487062,80.91969119487062,-0.0016449500891340956,0.0,4.610715474909289,130,0.6673332366281374,-0.16162736138529385,6659.767859457697
1772,80.97048372985014,80.97048372985014,0.000627493752103982,0.0,4.610715474909289,130,0.6673239990108184,-0.16314458672845944,6659.961754385391
1773,80.821690579267,80.821690579267,-0.0018393126016961305,0.0,4.610715474909289,130,0.6673510614797549,-0.16245426030344656,6659.393752863409
1774,80.81480272943918,80.81480272943918,-8.522641998717691e-05,0.0,4.610715474909289,130,0.6673523143523246,-0.16155636207250243,6659.367459252647
1775,81.06381795932286,81.06381795932286,0.0030765696574474657,0.0,4.610715474909289,130,0.6673070257553496,-0.16293859959279258,6660.318047562771
1776,81.09865234866324,81.09865234866324,0.000429623325421879,0.0,4.610715474909289,130,0.6673006914280623,-0.16076400472403846,6660.451024020929
1777,80.9467898273622,80.9467898273622,-0.001874320730290129,0.0,4.610715474909289,130,0.6673283081441257,-0.16827862339534247,6659.871305513101
1778,81.14012448966774,81.14012448966774,0.0023855689376055087,0.0,4.610715474909289,130,0.6672931504138323,-0.17421421407586304,6660.609339367557
1779,81.34200210753211,81.34200210753211,0.0024849222000270597,0.0,4.610715474909289,130,0.6672570523863962,-0.17165862170993237,6661.379985017252
1780,82.07362426040942,82.07362426040942,0.008954187031346497,0.0,4.610715474909289,130,0.6671267453345269,-0.16913834243794934,6664.1728722887565
1781,81.95554731959331,81.95554731959331,-0.001439706853044835,0.0,4.610715474909289,130,0.6671476614700687,-0.14769131475718547,6663.722126526389
1782,82.39815479830148,82.39815479830148,0.005386049027069563,0.0,4.610715474909289,130,0.6670692966502889,-0.13539236798691595,6665.411731999236
1783,83.33512718854999,83.33512718854999,0.011307111784852556,0.0,4.610715474909289,130,0.666907494130803,-0.07707820011964166,6668.988521264275
1784,84.0551354815908,84.0551354815908,0.008602803079395097,0.0,4.610715474909289,130,0.6668594892991168,-0.046169637503376604,6671.737073900499
1785,84.7221406204944,84.7221406204944,0.007904009672503357,0.0,4.610715474909289,130,0.6669804867941996,-0.008909561499735463,6674.283292813016
1786,84.73014239097489,84.73014239097489,9.444275809369919e-05,0.0,4.610715474909289,130,0.6669819377881057,-0.03561115524512014,6674.313838693613
1787,85.01111999532928,85.01111999532928,0.003310660673091877,0.0,4.610715474909289,130,0.6670328801912069,-0.0022597829468777486,6675.38643986034
1788,84.80419180591664,84.80419180591664,-0.0024370981584362996,0.0,4.610715474909289,130,0.6669953648425259,0.028304889659670585,6674.596514208071
1789,85.3352127778845,85.3352127778845,0.006242207060047767,0.0,4.610715474909289,130,0.6670916192267355,-0.020127941944096204,6676.623628487864
1790,85.57987554401768,85.57987554401768,0.002862976413059187,0.0,4.610715474909289,130,0.6671359478356128,0.0025698644615439015,6677.557601745313
1791,85.6680401515849,85.6680401515849,0.0010296722736581017,0.0,4.610715474909289,130,0.6671519186794519,-0.014363254645328623,6677.894160458446
1792,85.33108290623227,85.33108290623227,-0.00394104572535309,0.0,4.610715474909289,130,0.667090870859872,-0.02266356157586879,6676.607863156094
1793,85.39296962370344,85.39296962370344,0.0007249912272440287,0.0,4.610715474909289,130,0.6671020848740523,-0.01639211141746593,6676.844108907841
1794,86.0671597721451,86.0671597721451,0.007864144572947693,0.0,4.610715474909289,130,0.6672241982725194,-0.016425200664956535,6679.417755805698
1795,86.18226011441992,86.18226011441992,0.0013364382821379026,0.0,4.610715474909289,130,0.6672450365392649,-0.018240564151914912,6679.857138729822
1796,85.818182028042,85.818182028042,-0.004233461560904535,0.0,4.610715474909289,130,0.6671791128778884,-0.026524357509223332,6678.467310593427
1797,85.38000773717455,85.38000773717455,-0.005118923842266698,0.0,4.610715474909289,130,0.6670997362163861,-0.0025952234173737348,6676.794628328611
1798,85.53398219422331,85.53398219422331,0.001801777593113498,0.0,4.610715474909289,130,0.6671276337091574,-0.005036416690111313,6677.382408919367
1799,85.10647142437992,85.10647142437992,-0.005010671915488572,0.0,4.610715474909289,130,0.6670501640798875,-0.00837006439133112,6675.750433475716
1800,85.02194600897764,85.02194600897764,-0.000993666121537104,0.0,4.573658380540211,128,0.6667869327413088,0.005711182095476783,6671.660639909888
1801,84.63197874730413,84.63197874730413,-0.004597216940827402,0.0,4.573658380540211,128,0.6667869327413088,0.008206104125652865,6671.660639909888
1802,84.76101067934164,84.76101067934164,0.0015234627764763508,0.0,4.573658380540211,128,0.6667869327413088,0.0042813764437680665,6671.660639909888
1803,84.39525471405955,84.39525471405955,-0.004324481087775717,0.0,4.573658380540211,128,0.6667869327413088,0.005636527895604789,6671.660639909888
1804,85.21148116088355,85.21148116088355,0.009625003911777659,0.0,4.573658380540211,128,0.6667869327413088,-0.023968102461706903,6671.660639909888
1805,85.84754617583293,85.84754617583293,0.007436824076299149,0.0,4.573658380540211,128,0.6667869327413088,0.008949768974611307,6671.660639909888
1806,86.31072647580723,86.31072647580723,0.005380879006406153,0.0,4.573658380540211,128,0.6667869327413088,0.00640368713184044,6671.660639909888
1807,86.73301205743618,86.73301205743618,0.004880689974509642,0.0,4.573658380540211,128,0.6667869327413088,0.025641682514242793,6671.660639909888
1808,86.7033400884529,86.7033400884529,-0.00034216551381123316,0.0,4.573658380540211,128,0.6667869327413088,0.021801080818109806,6671.660639909888
1809,86.61069485334004,86.61069485334004,-0.0010691026144338664,0.0,4.573658380540211,128,0.6667869327413088,0.023362526207916578,6671.660639909888
1810,86.56399145192573,86.56399145192573,-0.0005393790922104898,0.0,4.573658380540211,128,0.6667869327413088,0.03853709415119983,6671.660639909888
1811,86.39719160350127,86.39719160350127,-0.0019287553101473753,0.0,4.573658380540211,128,0.6667869327413088,0.09410293585053751,6671.660639909888
1812,85.69780112972845,85.69780112972845,-0.008128003180845887,0.0,4.573658380540211,128,0.6667869327413088,0.12945643869510792,6671.660639909888
1813,85.46841968552845,85.46841968552845,-0.0026802202025896205,0.0,4.573658380540211,128,0.6667869327413088,0.1458778076339385,6671.660639909888
1814,85.54764914416266,85.54764914416266,0.0009265733313234199,0.0,4.573658380540211,128,0.6667869327413088,0.13285851519997902,6671.660639909888
1815,84.98911512649974,84.98911512649974,-0.006550329685527863,0.0,4.573658380540211,128,0.6667869327413088,0.12712260691974514,6671.660639909888
1816,85.38700031867201,85.38700031867201,0.004670677159905463,0.0,4.573658380540211,128,0.6667869327413088,0.10474587653110395,6671.660639909888
1817,85.25888087837096,85.25888087837096,-0.0015015828507015867,0.0,4.573658380540211,128,0.6667869327413088,0.10823232252316253,6671.660639909888
1818,85.56483465774681,85.56483465774681,0.003582103404887272,0.0,4.573658380540211,128,0.6667869327413088,0.10271034178871608,6671.660639909888
1819,85.76084281923194,85.76084281923194,0.002288136254757134,0.0,4.573658380540211,128,0.6667869327413088,0.09908546307626709,6671.660639909888
1820,85.64323082572423,85.64323082572423,-0.0013723362515831044,0.0,4.573658380540211,128,0.6667869327413088,0.09995998305288631,6671.660639909888
1821,85.68638489987697,85.68638489987697,0.0005037549974366654,0.0,4.573658380540211,128,0.6667869327413088,0.1042808330160727,6671.660639909888
1822,85.1061859272448,85.1061859272448,-0.006794220635265541,0.0,4.573658380540211,128,0.6667869327413088,0.13444346104047586,6671.660639909888
1823,85.53352687441867,85.53352687441867,0.005008703232710218,0.0,4.573658380540211,128,0.6667869327413088,0.12174152400592035,6671.660639909888
1824,85.78283723167313,85.78283723167313,0.0029105279527877254,0.0,4.573658380540211,128,0.6667869327413088,0.1216154597209235,6671.660639909888
1825,86.16542427837551,86.16542427837551,0.004450032523735443,0.0,4.573658380540211,128,0.6667869327413088,0.14982718359903305,6671.660639909888
1826,85.67232474426943,85.67232474426943,-0.005739145099108758,0.0,4.573658380540211,128,0.6667869327413088,0.17148601382901926,6671.660639909888
1827,84.97519756587451,84.97519756587451,-0.008170421076836396,0.0,4.573658380540211,128,0.6667869327413088,0.2561393810367858,6671.660639909888
1828,84.81213466316802,84.81213466316802,-0.0019207905642888653,0.0,4.573658380540211,128,0.6667869327413088,0.2339935183160017,6671.660639909888
1829,84.88512725416224,84.88512725416224,0.0008602683940930487,0.0,4.573658380540211,128,0.6667869327413088,0.25025075464167,6671.660639909888
1830,85.10282656361767,85.10282656361767,0.0025613512438319476,0.0,4.573658380540211,128,0.6667869327413088,0.25222575057463476,6671.660639909888
1831,84.84059153412741,84.84059153412741,-0.003086147619713137,0.0,4.573658380540211,128,0.6667869327413088,0.24439414784428404,6671.660639909888
1832,84.9275329274923,84.9275329274923,0.0010242370438050539,0.0,4.573658380540211,128,0.6667869327413088,0.24327320532602095,6671.660639909888
1833,85.53123259624984,85.53123259624984,0.007083263697238014,0.0,4.573658380540211,128,0.6667869327413088,0.23602351006112254,6671.660639909888
1834,85.77956864868733,85.77956864868733,0.002899247736682969,0.0,4.573658380540211,128,0.6667869327413088,0.24694433860158302,6671.660639909888
1835,85.1685866586208,85.1685866586208,-0.007148185840974326,0.0,4.573658380540211,128,0.6667869327413088,0.22440521882264952,6671.660639909888
1836,85.6360131896973,85.6360131896973,0.00547324484656016,0.0,4.573658380540211,128,0.6667869327413088,0.1919784933157911,6671.660639909888
1837,84.17376659667654,84.17376659667654,-0.017222597411289283,0.0,4.573658380540211,128,0.6667869327413088,0.10740968118737519,6671.660639909888
1838,84.56674823250572,84.56674823250572,0.0046578303582556204,0.0,4.573658380540211,128,0.6667869327413088,0.06159016369540457,6671.660639909888
1839,84.98572431321293,84.98572431321293,0.0049421506770379545,0.0,4.573658380540211,128,0.6667869327413088,0.06250884690460623,6671.660639909888
1840,84.69496042740451,84.69496042740451,-0.003427192327207689,0.0,4.573658380540211,128,0.6667869327413088,0.0639583284497485,6671.660639909888
1841,84.15994322990831,84.15994322990831,-0.006337026362130984,0.0,4.573658380540211,128,0.6667869327413088,0.0841911184382497,6671.660639909888
1842,84.09393914181977,84.09393914181977,-0.0007845773368664782,0.0,4.573658380540211,128,0.6667869327413088,0.05673757574887371,6671.660639909888
1843,84.22181154720096,84.22181154720096,0.0015194351028840886,0.0,4.573658380540211,128,0.6667869327413088,-0.001330592803712104,6671.660639909888
1844,84.74892055848942,84.74892055848942,0.006239077200838876,0.0,4.573658380540211,128,0.6667869327413088,-0.04013161219444539,6671.660639909888
1845,84.0333563516669,84.0333563516669,-0.008479189961650625,0.0,4.573658380540211,128,0.6667869327413088,-0.07627622448175392,6671.660639909888
1846,84.10323855852799,84.10323855852799,0.0008312552174900427,0.0,4.573658380540211,128,0.6667869327413088,-0.08212617974660366,6671.660639909888
1847,83.89408509948625,83.89408509948625,-0.0024899630845150204,0.0,4.573658380540211,128,0.6667869327413088,-0.07876101442555744,6671.660639909888
1848,83.92598232308391,83.92598232308391,0.00038013599293168564,0.0,4.573658380540211,128,0.6667869327413088,-0.07014692692588469,6671.660639909888
1849,84.3289615297661,84.3289615297661,0.004790111576986742,0.0,4.573658380540211,128,0.6667869327413088,-0.08249059183956359,6671.660639909888
1850,85.41832362396656,85.41832362396656,0.01283528097314295,0.0,4.573658380540211,128,0.6667869327413088,-0.036374198083729575,6671.660639909888
1851,85.15811309180853,85.15811309180853,-0.0030509575532478355,0.0,4.573658380540211,128,0.6667869327413088,-0.05731363872412089,6671.660639909888
1852,85.82608177681155,85.82608177681155,0.007813261145444228,0.0,4.573658380540211,128,0.6667869327413088,-0.06814780862905781,6671.660639909888
1853,85.59291777821352,85.59291777821352,-0.0027204002240002858,0.0,4.573658380540211,128,0.6667869327413088,-0.08391148532917732,6671.660639909888
1854,86.18768680907681,86.18768680907681,0.006924779535102097,0.0,4.573658380540211,128,0.6667869327413088,-0.10210697481090211,6671.660639909888
1855,86.79766782382593,86.79766782382593,0.007052429892096612,0.0,4.573658380540211,128,0.6667869327413088,-0.06804335350941516,6671.660639909888
1856,87.01998123665159,87.01998123665159,0.002558008755166716,0.0,4.573658380540211,128,0.6667869327413088,-0.07267871582655211,6671.660639909888
1857,86.74888256692684,86.74888256692684,-0.0031202240002901572,0.0,4.573658380540211,128,0.6667869327413088,-0.07314800554528501,6671.660639909888
1858,86.23674328200417,86.23674328200417,-0.005921194651081918,0.0,4.573658380540211,128,0.6667869327413088,-0.05455467271303323,6671.660639909888
1859,86.56563464629158,86.56563464629158,0.0038065652263008024,0.0,4.573658380540211,128,0.6667869327413088,-0.0719621892364543,6671.660639909888
1860,86.8546456649683,86.8546456649683,0.0033330736834129514,0.0,4.573658380540211,128,0.6667869327413088,-0.06928848559892337,6671.660639909888
1861,87.53127387403134,87.53127387403134,0.007760163279257954,0.0,4.573658380540211,128,0.6667869327413088,-0.05271200025116701,6671.660639909888
1862,88.14112471976053,88.14112471976053,0.006943074728824539,0.0,4.573658380540211,128,0.6667869327413088,-0.02338136168131739,6671.660639909888
1863,88.08581961266806,88.08581961266806,-0.0006276578092823722,0.0,4.573658380540211,128,0.6667869327413088,-0.0027735146440401146,6671.660639909888
1864,88.42765554718238,88.42765554718238,0.0038732041454432146,0.0,4.573658380540211,128,0.6667869327413088,-0.04170769466114161,6671.660639909888
1865,87.93080634018852,87.93080634018852,-0.00563455267392237,0.0,4.573658380540211,128,0.6667869327413088,-0.07491973170236366,6671.660639909888
1866,87.88331912527327,87.88331912527327,-0.0005401979612765983,0.0,4.573658380540211,128,0.6667869327413088,-0.08664801961832413,6671.660639909888
1867,87.25474693257145,87.25474693257145,-0.007178049932244486,0.0,4.573658380540211,128,0.6667869327413088,-0.08000378330613771,6671.660639909888
1868,87.21306805918607,87.21306805918607,-0.00047778295590167585,0.0,4.573658380540211,128,0.6667869327413088,-0.07781210613824524,6671.660639909888
1869,88.09532640732637,88.09532640732637,0.01006530005934046,0.0,4.573658380540211,128,0.6667869327413088,-0.07746735750720014,6671.660639909888
1870,87.7890434721221,87.7890434721221,-0.0034827795671536106,0.0,4.573658380540211,128,0.6667869327413088,-0.0983036104268635,6671.660639909888
1871,87.79315792815694,87.79315792815694,4.686643637887305e-05,0.0,4.573658380540211,128,0.6667869327413088,-0.10844944756524039,6671.660639909888
1872,87.41579774806227,87.41579774806227,-0.0043075510852870575,0.0,4.573658380540211,128,0.6667869327413088,-0.1255705421905864,6671.660639909888
1873,87.32576720797805,87.32576720797805,-0.0010304422771212885,0.0,4.573658380540211,128,0.6667869327413088,-0.12146602469256179,6671.660639909888
1874,87.53678167012457,87.53678167012457,0.00241349066371496,0.0,4.573658380540211,128,0.6667869327413088,-0.12067133086737533,6671.660639909888
1875,87.82162322721078,87.82162322721078,0.0032486815532960307,0.0,4.573658380540211,128,0.6667869327413088,-0.10296781083212136,6671.660639909888
1876,87.68508438850822,87.68508438850822,-0.0015559390077285933,0.0,4.573658380540211,128,0.6667869327413088,-0.10227019492804303,6671.660639909888
1877,87.43558916095036,87.43558916095036,-0.002849411109587475,0.0,4.573658380540211,128,0.6667869327413088,-0.09437082891332743,6671.660639909888
1878,86.32318488633622,86.32318488633622,-0.01280418187368175,0.0,4.573658380540211,128,0.6667869327413088,-0.06684408633472547,6671.660639909888
1879,87.01753362631266,87.01753362631266,0.008011417740755993,0.0,4.573658380540211,128,0.6667869327413088,-0.11644963441077776,6671.660639909888
1880,86.85389713923372,86.85389713923372,-0.0018822705337079339,0.0,4.573658380540211,128,0.6667869327413088,-0.12473978491366117,6671.660639909888
1881,86.00975325183562,86.00975325183562,-0.009766664021709743,0.0,4.573658380540211,128,0.6667869327413088,-0.10661612703011446,6671.660639909888
1882,86.56092817374056,86.56092817374056,0.006387838206940573,0.0,4.573658380540211,128,0.6667869327413088,-0.12150407744951726,6671.660639909888
1883,85.79742225076828,85.79742225076828,-0.008859575589840372,0.0,4.573658380540211,128,0.6667869327413088,-0.15207953537169083,6671.660639909888
1884,86.34800043820408,86.34800043820408,0.0063966855022352855,0.0,4.573658380540211,128,0.6667869327413088,-0.18262578960378387,6671.660639909888
1885,85.73785810231486,85.73785810231486,-0.007091168301631723,0.0,4.573658380540211,128,0.6667869327413088,-0.18923072159488405,6671.660639909888
1886,85.20208098842512,85.20208098842512,-0.006268621262095322,0.0,4.573658380540211,128,0.6667869327413088,-0.1897416756465922,6671.660639909888
1887,84.76132423507585,84.76132423507585,-0.005186501656537125,0.0,4.573658380540211,128,0.6667869327413088,-0.18556932121104858,6671.660639909888
1888,84.56996108400723,84.56996108400723,-0.002260222996295281,0.0,4.573658380540211,128,0.6667869327413088,-0.1791701107443607,6671.660639909888
1889,85.11729065876014,85.11729065876014,0.0064510617890059145,0.0,4.573658380540211,128,0.6667869327413088,-0.1834432461361902,6671.660639909888
1890,84.68850796317064,84.68850796317064,-0.005050282268607626,0.0,4.573658380540211,128,0.6667869327413088,-0.19334388066020966,6671.660639909888
1891,84.90391238525962,84.90391238525962,0.0025402613805363566,0.0,4.573658380540211,128,0.6667869327413088,-0.19819445745365893,6671.660639909888
1892,85.0210876112629,85.0210876112629,0.001379140733596967,0.0,4.573658380540211,128,0.6667869327413088,-0.19981753895524715,6671.660639909888
1893,85.06286094521107,85.06286094521107,0.0004912084313969425,0.0,4.573658380540211,128,0.6667869327413088,-0.2145498442888037,6671.660639909888
1894,85.51931786613942,85.51931786613942,0.0053517666801131385,0.0,4.573658380540211,128,0.6667869327413088,-0.2010767964650522,6671.660639909888
1895,85.59620135289939,85.59620135289939,0.0008986150675816705,0.0,4.573658380540211,128,0.6667869327413088,-0.1846540617347057,6671.660639909888
1896,85.70580861768043,85.70580861768043,0.0012796963650084936,0.0,4.573658380540211,128,0.6667869327413088,-0.14054617475797854,6671.660639909888
1897,86.0342543149593,86.0342543149593,0.00382492112906972,0.0,4.573658380540211,128,0.6667869327413088,-0.11791116260931578,6671.660639909888
1898,85.85343352646004,85.85343352646004,-0.0021039419108065636,0.0,4.573658380540211,128,0.6667869327413088,-0.13562948301406302,6671.660639909888
1899,85.84883523203776,85.84883523203776,-5.3561254101353814e-05,0.0,4.573658380540211,128,0.6667869327413088,-0.12695901651412497,6671.660639909888
1900,85.9868998413675,85.9868998413675,0.001606937450822079,0.0,4.573658380540211,128,0.6667869327413088,-0.14223259694320015,6671.660639909888
1901,86.38836683527815,86.38836683527815,0.00465806641005831,0.0,4.573658380540211,128,0.6667869327413088,-0.14581048743882793,6671.660639909888
1902,86.33702893219915,86.33702893219915,-0.0005944453548667769,0.0,4.573658380540211,128,0.6667869327413088,-0.14765434997449015,6671.660639909888
1903,86.3371070811302,86.3371070811302,9.051608174245529e-07,0.0,4.573658380540211,128,0.6667869327413088,-0.15132124067187505,6671.660639909888
1904,86.54606006618445,86.54606006618445,0.0024172750910179536,0.0,4.573658380540211,128,0.6667869327413088,-0.12298060051014356,6671.660639909888
1905,86.50666247926782,86.50666247926782,-0.00045532467814188234,0.0,4.573658380540211,128,0.6667869327413088,-0.12820756634512603,6671.660639909888
1906,86.21536338625039,86.21536338625039,-0.003373042525914935,0.0,4.573658380540211,128,0.6667869327413088,-0.12397665924938936,6671.660639909888
1907,86.54340479353569,86.54340479353569,0.0037976862766979855,0.0,4.573658380540211,128,0.6667869327413088,-0.1321492317355741,6671.660639909888
1908,86.62262267947513,86.62262267947513,0.0009149357136803456,0.0,4.573658380540211,128,0.6667869327413088,-0.13092039752070794,6671.660639909888
1909,86.47049468804822,86.47049468804822,-0.001757759440813377,0.0,4.573658380540211,128,0.6667869327413088,-0.1672187490195369,6671.660639909888
1910,86.02226637962049,86.02226637962049,-0.005197079744408797,0.0,4.573658380540211,128,0.6667869327413088,-0.1456448640577275,6671.660639909888
1911,85.26995901372054,85.26995901372054,-0.008783962043536809,0.0,4.573658380540211,128,0.6667869327413088,-0.09183737371338273,6671.660639909888
1912,85.49879213419177,85.49879213419177,0.0026800366683131585,0.0,4.573658380540211,128,0.6667869327413088,-0.09695252368007057,6671.660639909888
1913,85.20152327605413,85.20152327605413,-0.0034829362550777843,0.0,4.573658380540211,128,0.6667869327413088,-0.09039447449488558,6671.660639909888
1914,84.57689938718565,84.57689938718565,-0.007358140066073239,0.0,4.573658380540211,128,0.6667869327413088,-0.10987966549508181,6671.660639909888
1915,84.23557679198493,84.23557679198493,-0.004043813206783981,0.0,4.573658380540211,128,0.6667869327413088,-0.11092331957204307,6671.660639909888
1916,84.38159552141379,84.38159552141379,0.0017319560508125922,0.0,4.573658380540211,128,0.6667869327413088,-0.11119760918320891,6671.660639909888
1917,84.08387693952798,84.08387693952798,-0.003534479647078536,0.0,4.573658380540211,128,0.6667869327413088,-0.12571670306370214,6671.660639909888
1918,84.23832721473481,84.23832721473481,0.0018351746203679508,0.0,4.573658380540211,128,0.6667869327413088,-0.11636526175285751,6671.660639909888
1919,84.02071523449811,84.02071523449811,-0.002586631879033463,0.0,4.573658380540211,128,0.6667869327413088,-0.133007489974315,6671.660639909888
1920,84.02610444984373,84.02610444984373,6.41394506315969e-05,0.0,4.573658380540211,128,0.6667869327413088,-0.1589587777173574,6671.660639909888
1921,84.06722425539039,84.06722425539039,0.0004892497124496768,0.0,4.573658380540211,128,0.6667869327413088,-0.21651105816901053,6671.660639909888
1922,84.36320503164715,84.36320503164715,0.003514579665671205,0.0,4.573658380540211,128,0.6667869327413088,-0.2202766244877521,6671.660639909888
1923,84.67343043189888,84.67343043189888,0.003670514947226767,0.0,4.573658380540211,128,0.6667869327413088,-0.2024237681744392,6671.660639909888
1924,84.68697242080538,84.68697242080538,0.0001599191866251267,0.0,4.573658380540211,128,0.6667869327413088,-0.1848326016220859,6671.660639909888
1925,84.29461058809125,84.29461058809125,-0.004643849712441807,0.0,4.573658380540211,128,0.6667869327413088,-0.18826187018896534,6671.660639909888
1926,84.7844754764924,84.7844754764924,0.0057945222021738765,0.0,4.573658380540211,128,0.6667869327413088,-0.2017922191598588,6671.660639909888
1927,84.61701949680428,84.61701949680428,-0.0019770313627806776,0.0,4.573658380540211,128,0.6667869327413088,-0.2154802365665656,6671.660639909888
1928,83.6583671334142,83.6583671334142,-0.011393974529468644,0.0,4.573658380540211,128,0.6667869327413088,-0.18702815368621903,6671.660639909888
1929,83.78619716932452,83.78619716932452,0.001526834403684355,0.0,4.573658380540211,128,0.6667869327413088,-0.19972819738387546,6671.660639909888
1930,83.93116969571642,83.93116969571642,0.0017287722220753513,0.0,4.573658380540211,128,0.6667869327413088,-0.19326974769242997,6671.660639909888
1931,83.79192796766186,83.79192796766186,-0.0016603766801763524,0.0,4.573658380540211,128,0.6667869327413088,-0.19272450475630046,6671.660639909888
1932,83.20174533361863,83.20174533361863,-0.007068352705585698,0.0,4.573658380540211,128,0.6667869327413088,-0.18485424858048177,6671.660639909888
1933,82.53978237783824,82.53978237783824,-0.007987937419758435,0.0,4.573658380540211,128,0.6667869327413088,-0.14382801215360846,6671.660639909888
1934,82.13255487281195,82.13255487281195,-0.004945922818166394,0.0,4.573658380540211,128,0.6667869327413088,-0.13343229915958127,6671.660639909888
1935,82.5254157582132,82.5254157582132,0.004771850756659267,0.0,4.573658380540211,128,0.6667869327413088,-0.14709732328061625,6671.660639909888
1936,82.40196304831592,82.40196304831592,-0.0014970556598573725,0.0,4.573658380540211,128,0.6667869327413088,-0.14979388262752014,6671.660639909888
1937,82.22954144472945,82.22954144472945,-0.002094637562344535,0.0,4.573658380540211,128,0.6667869327413088,-0.1656990629000171,6671.660639909888
1938,83.00314242139754,83.00314242139754,0.009363845107471873,0.0,4.573658380540211,128,0.6667869327413088,-0.09843254402065654,6671.660639909888
1939,82.11345343802174,82.11345343802174,-0.010776598064768205,0.0,4.573658380540211,128,0.6667869327413088,-0.16716776835230598,6671.660639909888
1940,82.11360916683832,82.11360916683832,1.8965061434320494e-06,0.0,4.573658380540211,128,0.6667869327413088,-0.18064561939387005,6671.660639909888
1941,81.4059387031209,81.4059387031209,-0.008655538631991892,0.0,4.573658380540211,128,0.6667869327413088,-0.13925241669362198,6671.660639909888
1942,81.93802167119732,81.93802167119732,0.006514900812129613,0.0,4.573658380540211,128,0.6667869327413088,-0.13866661635830213,6671.660639909888
1943,81.32995612300196,81.32995612300196,-0.007448715515045432,0.0,4.573658380540211,128,0.6667869327413088,-0.1334721863823377,6671.660639909888
1944,81.48794059393093,81.48794059393093,0.0019406284406796913,0.0,4.573658380540211,128,0.6667869327413088,-0.11700185795128228,6671.660639909888
1945,81.58608921525173,81.58608921525173,0.0012037310083872555,0.0,4.573658380540211,128,0.6667869327413088,-0.14327535699451505,6671.660639909888
1946,80.87769786189673,80.87769786189673,-0.00872066145348874,0.0,4.573658380540211,128,0.6667869327413088,-0.17121819018030338,6671.660639909888
1947,81.0379221855707,81.0379221855707,0.0019791095624400227,0.0,4.573658380540211,128,0.6667869327413088,-0.19643972225520373,6671.660639909888
1948,80.82614972286243,80.82614972286243,-0.002616671890738006,0.0,4.573658380540211,128,0.6667869327413088,-0.19157414161842268,6671.660639909888
1949,81.0639949341024,81.0639949341024,0.002938355301024717,0.0,4.573658380540211,128,0.6667869327413088,-0.1777132338578653,6671.660639909888
1950,80.82499255741185,80.82499255741185,-0.0029526721247016795,0.0,4.573658380540211,128,0.6667869327413088,-0.17452395005962879,6671.660639909888
1951,80.97731358289967,80.97731358289967,0.0018828046907230834,0.0,4.573658380540211,128,0.6667869327413088,-0.18617634164251565,6671.660639909888
1952,80.92568426527349,80.92568426527349,-0.0006377808942695065,0.0,4.573658380540211,128,0.6667869327413088,-0.18905790912055803,6671.660639909888
1953,81.07430971136115,81.07430971136115,0.0018348826334940009,0.0,4.573658380540211,128,0.6667869327413088,-0.19454517265257493,6671.660639909888
1954,81.29927773759228,81.29927773759228,0.002770994639156859,0.0,4.573658380540211,128,0.6667869327413088,-0.20000737958609976,6671.660639909888
1955,81.21491007550343,81.21491007550343,-0.0010382806671020628,0.0,4.573658380540211,128,0.6667869327413088,-0.20448748078506168,6671.660639909888
1956,81.06649513146692,81.06649513146692,-0.001829106486053396,0.0,4.573658380540211,128,0.6667869327413088,-0.21422207757666453,6671.660639909888
1957,81.28641491655462,81.28641491655462,0.0027091589492524533,0.0,4.573658380540211,128,0.6667869327413088,-0.21401430920686457,6671.660639909888
1958,81.07954510287097,81.07954510287097,-0.0025481932986160887,0.0,4.573658380540211,128,0.6667869327413088,-0.21802979279043716,6671.660639909888
1959,81.00444576650584,81.00444576650584,-0.0009266719228275518,0.0,4.573658380540211,128,0.6667869327413088,-0.2203010786179247,6671.660639909888
1960,81.62434508984455,81.62434508984455,0.007623524990307469,0.0,4.573658380540211,128,0.6667869327413088,-0.21917826940399457,6671.660639909888
1961,81.63013072450518,81.63013072450518,7.087872640779701e-05,0.0,4.573658380540211,128,0.6667869327413088,-0.2196611608012551,6671.660639909888
1962,81.93214091996042,81.93214091996042,0.0036929120101257956,0.0,4.573658380540211,128,0.6667869327413088,-0.21203372646986096,6671.660639909888
1963,81.6650048868394,81.6650048868394,-0.0032657815541712017,0.0,4.573658380540211,128,0.6667869327413088,-0.22290716785822348,6671.660639909888
1964,81.82314736444793,81.82314736444793,0.0019346053491234336,0.0,4.573658380540211,128,0.6667869327413088,-0.2304200779100729,6671.660639909888
1965,81.75846350814382,81.75846350814382,-0.0007908451240988543,0.0,4.573658380540211,128,0.6667869327413088,-0.2291244072326237,6671.660639909888
1966,81.61959542620646,81.61959542620646,-0.0016999604020962091,0.0,4.573658380540211,128,0.6667869327413088,-0.22050710585990815,6671.660639909888
1967,80.88423410249612,80.88423410249612,-0.009050449399610014,0.0,4.573658380540211,128,0.6667869327413088,-0.21607571348747606,6671.660639909888
1968,80.49072409547806,80.49072409547806,-0.0048769746109025205,0.0,4.573658380540211,128,0.6667869327413088,-0.18954589810312866,6671.660639909888
1969,79.20326747468357,79.20326747468357,-0.016124395194733115,0.0,4.573658380540211,128,0.6667869327413088,-0.12455131171616696,6671.660639909888
1970,78.44549848376343,78.44549848376343,-0.009613457134247515,0.0,4.573658380540211,128,0.6667869327413088,-0.05865735056014766,6671.660639909888
1971,79.21703670844207,79.21703670844207,0.00978728881402071,0.0,4.573658380540211,128,0.6667869327413088,-0.0952730178800184,6671.660639909888
1972,79.17449992814583,79.17449992814583,-0.0005371092701301709,0.0,4.573658380540211,128,0.6667869327413088,-0.08575049634146051,6671.660639909888
1973,79.18297062353466,79.18297062353466,0.00010698194871889108,0.0,4.573658380540211,128,0.6667869327413088,-0.09415310892272993,6671.660639909888
1974,79.55072838225908,79.55072838225908,0.004633652702987547,0.0,4.573658380540211,128,0.6667869327413088,-0.10181934288493852,6671.660639909888
1975,79.66563895643237,79.66563895643237,0.0014434520275257952,0.0,4.573658380540211,128,0.6667869327413088,-0.08773255319078947,6671.660639909888
1976,79.52792649854774,79.52792649854774,-0.0017301263633702482,0.0,4.573658380540211,128,0.6667869327413088,-0.08485678158708763,6671.660639909888
1977,79.3942695815181,79.3942695815181,-0.0016820425571629069,0.0,4.573658380540211,128,0.6667869327413088,-0.0801802177639086,6671.660639909888
1978,78.97952664369343,78.97952664369343,-0.005237531659944028,0.0,4.573658380540211,128,0.6667869327413088,-0.07483212700653907,6671.660639909888
1979,79.16485933609111,79.16485933609111,0.0023438426358889015,0.0,4.573658380540211,128,0.6667869327413088,-0.08245330383157398,6671.660639909888
1980,79.35363734624286,79.35363734624286,0.0023817800868109547,0.0,4.573658380540211,128,0.6667869327413088,-0.07567674964741931,6671.660639909888
1981,79.35396231574498,79.35396231574498,4.095197744872022e-06,0.0,4.573658380540211,128,0.6667869327413088,-0.0778394384617599,6671.660639909888
1982,79.28928584492749,79.28928584492749,-0.0008153700223688784,0.0,4.573658380540211,128,0.6667869327413088,-0.09260576348372446,6671.660639909888
1983,79.49010915525332,79.49010915525332,0.0025295904095331795,0.0,4.573658380540211,128,0.6667869327413088,-0.096395400886068,6671.660639909888
1984,79.06542151323059,79.06542151323059,-0.005356970593729068,0.0,4.573658380540211,128,0.6667869327413088,-0.10235455859859305,6671.660639909888
1985,79.20102802012546,79.20102802012546,0.0017136486030965385,0.0,4.573658380540211,128,0.6667869327413088,-0.09453757068100484,6671.660639909888
1986,79.83374491820504,79.83374491820504,0.007957004932970153,0.0,4.573658380540211,128,0.6667869327413088,-0.07267481536173802,6671.660639909888
1987,79.58428411902315,79.58428411902315,-0.0031296460545176853,0.0,4.573658380540211,128,0.6667869327413088,-0.09076534237959222,6671.660639909888
1988,79.49371279899256,79.49371279899256,-0.001138703423124509,0.0,4.573658380540211,128,0.6667869327413088,-0.08034565812440303,6671.660639909888
1989,79.99459379247243,79.99459379247243,0.006281120552761294,0.0,4.573658380540211,128,0.6667869327413088,-0.0831029001773833,6671.660639909888
1990,80.00847720959348,80.00847720959348,0.00017353938357494197,0.0,4.573658380540211,128,0.6667869327413088,-0.0775660579603551,6671.660639909888
1991,80.33824183971578,80.33824183971578,0.004113150515217268,0.0,4.573658380540211,128,0.6667869327413088,-0.07728366603384074,6671.660639909888
1992,80.49999328633761,80.49999328633761,0.0020113563298708457,0.0,4.573658380540211,128,0.6667869327413088,-0.102590875523258,6671.660639909888
1993,80.6963571351332,80.6963571351332,0.002436332403458823,0.0,4.573658380540211,128,0.6667869327413088,-0.12460844990061994,6671.660639909888
1994,80.4232272421764,80.4232272421764,-0.003390402918977083,0.0,4.573658380540211,128,0.6667869327413088,-0.11520594239496071,6671.660639909888
1995,80.13942028915909,80.13942028915909,-0.003535159054118297,0.0,4.573658380540211,128,0.6667869327413088,-0.10610276176831196,6671.660639909888
1996,80.41076009905896,80.41076009905896,0.0033801278527099588,0.0,4.573658380540211,128,0.6667869327413088,-0.11455691348448739,6671.660639909888
1997,79.87408757866578,79.87408757866578,-0.006696509790895693,0.0,4.573658380540211,128,0.6667869327413088,-0.11712753231156221,6671.660639909888
1998,79.80055041587433,79.80055041587433,-0.0009210876431491568,0.0,4.573658380540211,128,0.6667869327413088,-0.050001140479389555,6671.660639909888
1999,79.3700532005447,79.3700532005447,-0.00540926848614486,0.0,4.573658380540211,128,0.6667869327413088,-0.04765508644037869,6671.660639909888
