step,price,fundamental,log_return,volume,strategy_entropy,n_families,wealth_gini,acf1,mean_fitness
0,100.0657961187444,100.0657961187444,0.0,0.0,6.214608098422218,500,0.0,0.0,20000.0
1,99.50772475169312,99.50772475169312,-0.005592653967512378,0.0,6.214608098422218,500,0.0,0.0,20000.0
2,98.82814969706058,98.82814969706058,-0.0068527967113317075,0.0,6.214608098422218,500,0.0,0.0,20000.0
3,98.16221683307724,98.16221683307724,-0.006761096113429784,0.0,6.214608098422218,500,5.988003592802156e-07,0.0,19999.988
4,98.09728747743378,98.09728747743378,-0.0006616684194778842,0.0,6.214608098422218,500,6.294176789374632e-06,0.0,19999.87357641277
5,96.83349222240062,96.83349222240062,-0.012966787128758137,0.0,6.214608098422218,500,8.624089319032787e-05,0.0,19998.264303795593
6,96.57603571862757,96.57603571862757,-0.0026622954782102395,0.0,6.214608098422218,500,0.00011014761180886438,0.0,19997.78227575824
7,96.67426519054771,96.67426519054771,0.001016603647372177,0.0,6.214608098422218,500,0.0001124652383656916,0.0,19997.73556031814
8,96.1117716559116,96.1117716559116,-0.005835434350114691,0.0,6.214608098422218,500,0.00015483877706117498,0.0,19996.88200668343
9,96.85436698367714,96.85436698367714,0.007696676721321133,0.0,6.214608098422218,500,0.0001435309165656142,0.0,19997.111258092675
10,96.36278921634252,96.36278921634252,-0.005088355895894253,0.0,6.214608098422218,500,0.0001658569312669856,0.0,19996.661968469638
11,95.89815662691235,95.89815662691235,-0.0048333632390179,0.0,6.214608098422218,500,0.00018063653518089642,0.0,19996.36517017331
12,95.86524171917667,95.86524171917667,-0.0003432866578587292,0.0,6.214608098422218,500,0.0001896251212604453,0.0,19996.18325760123
13,96.26493332883422,96.26493332883422,0.004160639380496039,0.0,6.214608098422218,500,0.00019124459079131344,0.0,19996.715295137987
14,96.36506362263253,96.36506362263253,0.001039612774763225,0.0,6.214608098422218,500,0.00019700094849192597,0.0,19996.76667453727
15,96.72972322262602,96.72972322262602,0.0037770054744991357,0.0,6.214608098422218,500,0.00020601609466360028,0.0,19997.19351381476
16,97.14220670544518,97.14220670544518,0.004255222562362904,0.0,6.214608098422218,500,0.00021130085432784188,0.0,19997.988184144106
17,97.42831253284399,97.42831253284399,0.0029408980839110946,0.0,6.214608098422218,500,0.0002111340622571876,0.0,19998.445260092554
18,96.43644974207386,96.43644974207386,-0.010232611988309775,0.0,6.214608098422218,500,0.00022355527963556265,0.0,19996.34706393622
19,96.53924809337482,96.53924809337482,0.001065402143147821,0.0,6.214608098422218,500,0.0002303634564938209,0.0,19996.381523011358
20,96.64141013632273,96.64141013632273,0.0010576840705290554,0.0,6.214608098422218,500,0.0002970105064735211,0.0,19994.298041661463
21,97.27795073040708,97.27795073040708,0.006565026591019101,0.0,6.214608098422218,500,0.0013207455125921676,0.0,20029.69188865863
22,97.34841820513816,97.34841820513816,0.0007241308379302249,0.0,6.214608098422218,500,0.001303727529105922,0.0,20026.61410766331
23,97.88286644062454,97.88286644062454,0.0054750402478789045,0.0,6.214608098422218,500,0.002239117206297061,0.0,20055.468758131476
24,97.77389358934843,97.77389358934843,-0.0011139187066916574,0.0,6.214608098422218,500,0.002295306699764018,0.0,20050.449443115827
25,97.3476089307292,97.3476089307292,-0.004369434750458959,0.0,6.214608098422218,500,0.0012283192960716605,0.0,20007.48508202633
26,96.5807885497929,96.5807885497929,-0.007908324798318213,0.0,6.214608098422218,500,0.0017193746445451966,0.0,19993.206044676524
27,96.3220219032772,96.3220219032772,-0.002682872282892463,0.0,6.214608098422218,500,0.0016489001298518398,0.0,19965.02425104071
28,97.115397657805,97.115397657805,0.008202965125232213,0.0,6.214608098422218,500,0.00117715195642784,0.0,19977.38469215177
29,97.21857200985652,97.21857200985652,0.0010618252889271799,0.0,6.214608098422218,500,0.0011112028143708318,0.0,19980.098574290736
30,97.8937196714491,97.8937196714491,0.006920633758799615,0.0,6.214608098422218,500,0.0012990991834499332,0.0,20002.56502141672
31,99.14690675929272,99.14690675929272,0.012720259858705446,0.0,6.214608098422218,500,0.003152909439135531,0.0,20050.644007016697
32,99.2939870362555,99.2939870362555,0.0014823588130682104,0.0,6.214608098422218,500,0.00332266435339704,0.0,20057.27177835379
33,99.84729066701276,99.84729066701276,0.005556909757111166,0.0,6.214608098422218,500,0.0038682777599667113,0.0,20088.259786640636
34,100.81176697231982,100.81176697231982,0.00961315919790593,0.0,6.214608098422218,500,0.005171156257984886,0.0,20131.773492455042
35,101.16705252639026,101.16705252639026,0.00351805126290226,0.0,6.214608098422218,500,0.005516062574825625,0.0,20140.112698264154
36,101.30185498432633,101.30185498432633,0.001331586953393186,0.0,6.214608098422218,500,0.005646195056501857,0.0,20144.599336318992
37,100.92262673255371,100.92262673255371,-0.0037505715736933314,0.0,6.214608098422218,500,0.00549866301879743,0.0,20118.337261544064
38,101.0805071392561,101.0805071392561,0.0015631484108567485,0.0,6.214608098422218,500,0.005717506266123063,0.0,20124.31849920999
39,101.21692016451455,101.21692016451455,0.00134863846518004,0.0,6.214608098422218,500,0.005802173102014386,0.0,20125.20142721034
40,101.76477981652087,101.76477981652087,0.005398131776754355,0.0,6.214608098422218,500,0.006462981504278436,0.0,20154.901064163165
41,101.83545634649407,101.83545634649407,0.000694267689900925,0.0,6.214608098422218,500,0.006539612444967695,0.0,20152.65613272147
42,101.35404589690478,101.35404589690478,-0.004738545496351271,0.0,6.214608098422218,500,0.00579056875760985,0.0,20115.472133339124
43,101.89567236434252,101.89567236434252,0.005329677739940727,0.0,6.214608098422218,500,0.0060079983839688355,0.0,20143.45704510532
44,101.8349691089831,101.8349691089831,-0.0005959168116963129,0.0,6.214608098422218,500,0.005912157220746067,0.0,20134.917920873064
45,102.057903807561,102.057903807561,0.0021867835224337103,0.0,6.214608098422218,500,0.006039944326394323,0.0,20146.784745230223
46,102.4418888271344,102.4418888271344,0.003755362936036251,0.0,6.214608098422218,500,0.0064093715192211995,0.0,20158.536205837056
47,102.7933190335811,102.7933190335811,0.0034246614270835945,0.0,6.214608098422218,500,0.006847337296740057,0.0,20175.271752547957
48,102.86560523682132,102.86560523682132,0.0007029717428842407,0.0,6.214608098422218,500,0.006900497336333649,0.0,20173.72451474842
49,102.73000786531517,102.73000786531517,-0.0013190689151500123,0.0,6.214608098422218,500,0.006857920980340849,0.0,20169.575972330433
50,103.09164040323226,103.09164040323226,0.003514041531527789,0.0,6.214608098422218,500,0.007005293282759031,0.0,20187.234062016258
51,103.03066059568457,103.03066059568457,-0.0005916857034024798,0.0,6.214608098422218,500,0.006889799577498978,0.0,20181.850175540665
52,103.15283900052252,103.15283900052252,0.0011851425490189858,0.0,6.214608098422218,500,0.00696837961873291,0.0,20182.220141833204
53,102.53385445122957,102.53385445122957,-0.006018730793616741,0.0,6.214608098422218,500,0.0071383689366572465,0.0,20132.706344293245
54,103.1207037212959,103.1207037212959,0.005707151527923574,0.0,6.214608098422218,500,0.007561219952107237,0.0,20155.457202239213
55,102.51366156739685,102.51366156739685,-0.005904109621248226,0.0,6.214608098422218,500,0.007002984184315135,0.0,20107.268292799134
56,103.00101859013972,103.00101859013972,0.004742804124040635,0.0,6.214608098422218,500,0.007331460047470029,0.0,20123.84342204407
57,103.30440508454974,103.30440508454974,0.002941141417468452,0.0,6.214608098422218,500,0.00765307619568361,0.0,20136.711428990442
58,103.06312263769772,103.06312263769772,-0.002338377160977409,0.0,6.214608098422218,500,0.00783697651540196,0.0,20112.982783290205
59,102.63643682147443,102.63643682147443,-0.00414863725839652,0.0,6.214608098422218,500,0.007682575029477981,0.0,20100.32801616612
60,102.62961831408921,102.62961831408921,-6.643580092401889e-05,0.0,6.214608098422218,500,0.0076403127922614455,0.14665646098038052,20093.642074922085
61,102.6163543704764,102.6163543704764,-0.00012924924623650865,0.0,6.214608098422218,500,0.007603199176383863,0.11946336095107976,20080.498315659162
62,102.27299521989976,102.27299521989976,-0.003351657591702396,0.0,6.214608098422218,500,0.00792302890569607,0.08592254882761668,20043.025350893764
63,103.28915370510234,103.28915370510234,0.009886710833790523,0.0,6.214608098422218,500,0.008564580904952775,0.050786515709853285,20062.466957961828
64,103.00303907267721,103.00303907267721,-0.002773879244088986,0.0,6.214608098422218,500,0.008711639582367077,0.01374427761403174,20045.147247254823
65,103.77979817364634,103.77979817364634,0.007512835831460123,0.0,6.214608098422218,500,0.00910813571030263,-0.044807741768587955,20079.648091365892
66,102.47980550746394,102.47980550746394,-0.012605569457581026,0.0,6.214608098422218,500,0.009198646987269474,-0.09903599239164848,19979.68173527957
67,101.77082679269404,101.77082679269404,-0.006942270427525509,0.0,6.214608098422218,500,0.009879969214290749,-0.02387525446506988,19920.17673373647
68,101.56024233763509,101.56024233763509,-0.0020713463146771445,0.0,6.214608098422218,500,0.009907064264388102,0.021470760927302754,19909.063680878015
69,101.47157316006222,101.47157316006222,-0.0008734511189073989,0.0,6.214608098422218,500,0.009894493246755974,0.0538101760756283,19900.102621371774
70,101.50440235621843,101.50440235621843,0.00032347864183409784,0.0,6.214608098422218,500,0.009986883230632885,0.03167413068566223,19894.047288346246
71,101.30626292135003,101.30626292135003,-0.0019539356831787527,0.0,6.214608098422218,500,0.009869350536151978,0.028138832769547952,19876.475662686822
72,100.91598473793053,100.91598473793053,-0.0038598984285235496,0.0,6.214608098422218,500,0.01046013195687826,0.040228642305007806,19844.478077824442
73,100.69975025841816,100.69975025841816,-0.0021450167312182084,0.0,6.214608098422218,500,0.010510105348657636,0.049646054082570765,19831.42445563054
74,100.64059982590841,100.64059982590841,-0.0005875666172896985,0.0,6.214608098422218,500,0.010503263427131981,0.051650332551806774,19824.160912748277
75,101.66242401041661,101.66242401041661,0.010102002974733976,0.0,6.214608098422218,500,0.010013587629627046,0.033899677210824784,19893.022597958414
76,102.41878926728697,102.41878926728697,0.00741242868826522,0.0,6.214608098422218,500,0.010190946925127885,0.0687904679394053,19923.135645256843
77,102.16738541778847,102.16738541778847,-0.0024576829439205096,0.0,6.214608098422218,500,0.010468691314967749,0.06973661230196955,19905.694536278686
78,102.40420769884123,102.40420769884123,0.0023153008023997566,0.0,6.214608098422218,500,0.010446036307576886,0.07277795156519379,19912.296880612943
79,102.34526318498379,102.34526318498379,-0.0005757720909500751,0.0,6.214608098422218,500,0.010447394354531675,0.07117356725314394,19900.83790476708
80,102.19400835436896,102.19400835436896,-0.0014789810978355924,0.0,6.214608098422218,500,0.010791524606512974,0.073060336568532,19887.17139436635
81,102.1895220153516,102.1895220153516,-4.390117941461674e-05,0.0,6.214608098422218,500,0.010884997672998371,0.07683076700668584,19880.752454358404
82,102.81695768052573,102.81695768052573,0.006121149196761338,0.0,6.214608098422218,500,0.011302546892823775,0.07267779484882621,19921.51498721085
83,102.7560254535874,102.7560254535874,-0.0005928038577225128,0.0,6.214608098422218,500,0.01140646502752192,0.07450106028003847,19916.637500646735
84,103.18423041120897,103.18423041120897,0.004158541737447407,0.0,6.214608098422218,500,0.0111501054398695,0.0631781647595917,19935.439785243845
85,102.91892057105194,102.91892057105194,-0.002574535958691058,0.0,6.214608098422218,500,0.01097178174236228,0.021813868864215626,19906.80369650919
86,103.18670249464813,103.18670249464813,0.0025984936295167667,0.0,6.214608098422218,500,0.010744784915359585,-0.0075413400504744516,19921.86020923796
87,103.03700048881004,103.03700048881004,-0.0014518411799229166,0.0,6.214608098422218,500,0.01078547036422511,0.010253261425154453,19914.413697870794
88,103.31134424986166,103.31134424986166,0.0026590368150919176,0.0,6.214608098422218,500,0.010689813163006068,0.007302453239618339,19933.76800773242
89,103.30443959923397,103.30443959923397,-6.683565506592387e-05,0.0,6.214608098422218,500,0.010781768963302954,0.005628993569377995,19925.239629970176
90,103.58100810327417,103.58100810327417,0.002673640624435497,0.0,6.214608098422218,500,0.011010346488281407,-0.0535828819779205,19935.136202587673
91,104.20856108859418,104.20856108859418,0.006040292549708728,0.0,6.214608098422218,500,0.01062240991706585,-0.05812027251586998,19976.050999399802
92,103.72525123123445,103.72525123123445,-0.004648697798050072,0.0,6.214608098422218,500,0.010576792761909606,-0.0850660719911266,19949.274334649792
93,103.92868701486783,103.92868701486783,0.0019593738547567983,0.0,6.214608098422218,500,0.01074495685311991,-0.13211539303430653,19959.932592758327
94,103.5927442222005,103.5927442222005,-0.003237671252796702,0.0,6.214608098422218,500,0.010967322654200598,-0.17243206045821005,19929.119421634005
95,103.07476103684574,103.07476103684574,-0.005012730659702811,0.0,6.214608098422218,500,0.010874915448320532,-0.15338177286379306,19897.801467149002
96,103.24209062998493,103.24209062998493,0.0016220645911921234,0.0,6.214608098422218,500,0.010902482744724924,-0.15596545071055434,19900.23774113516
97,103.4591385435182,103.4591385435182,0.002100113232754719,0.0,6.214608098422218,500,0.011056204979029175,-0.1512507354479729,19903.57831359551
98,103.27502779084311,103.27502779084311,-0.0017811356933689572,0.0,6.214608098422218,500,0.011484803419847032,-0.15542842463749057,19880.740598002238
99,103.12227030923087,103.12227030923087,-0.0014802278024985582,0.0,6.214608098422218,500,0.011450490676136071,-0.15637287852729548,19876.686909394535
100,102.93856094656229,102.93856094656229,-0.0017830599849695571,0.0,6.214608098422218,500,0.011783598572250245,-0.1586652354228246,19860.12215247653
101,103.19493490075234,103.19493490075234,0.002487456833037106,0.0,6.214608098422218,500,0.011878227443794385,-0.16001388578548972,19865.400888864544
102,103.13197238609492,103.13197238609492,-0.0006103180379115237,0.0,6.214608098422218,500,0.011836087802961779,-0.1406709974034744,19858.136981168573
103,103.7397374675717,103.7397374675717,0.0058757848570861575,0.0,6.214608098422218,500,0.012362041881592319,-0.14038706964903278,19888.497389842407
104,103.28032466283017,103.28032466283017,-0.0044383481888224585,0.0,6.214608098422218,500,0.012993343271162415,-0.1613461947926504,19852.72537127447
105,103.14682563686611,103.14682563686611,-0.0012934252532348966,0.0,6.214608098422218,500,0.013112476716763355,-0.1616550304553196,19840.305046774483
106,102.63808731427173,102.63808731427173,-0.004944379563308557,0.0,6.214608098422218,500,0.012699445990786692,-0.1646419972428462,19790.508303409522
107,102.8223433993481,102.8223433993481,0.0017935924093216166,0.0,6.214608098422218,500,0.012593308884683716,-0.17668414447393976,19800.66881749335
108,102.04427062673261,102.04427062673261,-0.007595932772423579,0.0,6.214608098422218,500,0.01291958828814003,-0.1791312560974355,19760.298890786864
109,102.48563242794538,102.48563242794538,0.004315872444230327,0.0,6.214608098422218,500,0.012969668026949358,-0.20194510223373172,19795.15019553017
110,102.53062724474859,102.53062724474859,0.00043893901486127113,0.0,6.214608098422218,500,0.013049597170407257,-0.20071792732272212,19788.29332841194
111,102.4403707274501,102.4403707274501,-0.0008806760373409723,0.0,6.214608098422218,500,0.01301457875896686,-0.20045395442790634,19778.762157786052
112,103.18865865040648,103.18865865040648,0.007278069913609859,0.0,6.214608098422218,500,0.012150058783940043,-0.19027588332374318,19826.827097493595
113,102.37861581011309,102.37861581011309,-0.007881089391953242,0.0,6.214608098422218,500,0.011966157824248118,-0.2055765999815506,19806.950274968283
114,101.95929706632309,101.95929706632309,-0.0041041755441255,0.0,6.214608098422218,500,0.012241750602954748,-0.15223824512959724,19786.896328108505
115,102.41753935459278,102.41753935459278,0.004484295423984099,0.0,6.214608098422218,500,0.012562988153370602,-0.14546188942500954,19812.757282694274
116,103.16717778391148,103.16717778391148,0.007292777033085869,0.0,6.214608098422218,500,0.011688132959351212,-0.12548980560462772,19867.785288920677
117,103.94898066047077,103.94898066047077,0.00754945046889377,0.0,6.214608098422218,500,0.011763085196606609,-0.07052920653111493,19902.47955966874
118,104.15315959669128,104.15315959669128,0.001962296029112614,0.0,6.214608098422218,500,0.011958275579549503,-0.06827050471147535,19913.714390177953
119,105.3500546266838,105.3500546266838,0.011426154546798524,0.0,6.214608098422218,500,0.011985276540293948,-0.04956041657880894,20005.220156349147
120,104.96629679511486,104.96629679511486,-0.003649343047959108,0.0,6.214608098422218,500,0.011813212263026479,-0.08246016627352787,19971.73572321613
121,104.84766763683481,104.84766763683481,-0.0011308033880614485,0.0,6.214608098422218,500,0.011744478381060774,-0.07918620461826635,19957.07142839633
122,104.9525718088293,104.9525718088293,0.0010000387131526994,0.0,6.214608098422218,500,0.011831431509443742,-0.05392311454168702,19956.257771781944
123,105.43858062367347,105.43858062367347,0.004620058150833368,0.0,6.214608098422218,500,0.011627901573331578,-0.03156706102492751,19985.121955726783
124,104.69937801191757,104.69937801191757,-0.007035432014260209,0.0,6.214608098422218,500,0.011499150997747476,-0.037762486324009595,19964.69147707797
125,104.94967101090603,104.94967101090603,0.0023877343500563544,0.0,6.214608098422218,500,0.011550857977749646,0.02295130148880699,19966.63387956336
126,104.69152413880292,104.69152413880292,-0.0024627507240980906,0.0,6.214608098422218,500,0.011734209315332887,-0.0649990769028137,19937.167171512243
127,104.28504760988066,104.28504760988066,-0.0038901685307161362,0.0,6.214608098422218,500,0.012006166782805444,-0.07302035599976163,19897.374836161278
128,104.41750410873276,104.41750410873276,0.0012693329865486702,0.0,6.214608098422218,500,0.012126052509837433,-0.08009777846565032,19900.358169037587
129,104.25010430856295,104.25010430856295,-0.0016044640311067308,0.0,6.214608098422218,500,0.01218752783250331,-0.08163921341946367,19888.5065438383
130,103.81064311066758,103.81064311066758,-0.004224360979857205,0.0,6.214608098422218,500,0.012228104595937839,-0.07126497024618676,19841.704394921984
131,104.19662189087434,104.19662189087434,0.003711209060061171,0.0,6.214608098422218,500,0.012146553195806896,-0.09465410429289518,19871.242835821926
132,105.2152562815412,105.2152562815412,0.009728602156265857,0.0,6.214608098422218,500,0.012456991925534894,-0.0745818674852635,19939.93869727491
133,104.92901868387459,104.92901868387459,-0.0027242024531428186,0.0,6.214608098422218,500,0.012864678166287799,-0.10418078900795727,19911.575875955517
134,105.54027565369013,105.54027565369013,0.0058085307915332245,0.0,6.214608098422218,500,0.012922233362893045,-0.10598402721899304,19951.376535337804
135,106.18936310039682,106.18936310039682,0.0061313048465788215,0.0,6.214608098422218,500,0.013234486125907908,-0.14351508347157602,19983.638639640238
136,105.75059673702789,105.75059673702789,-0.004140483847801088,0.0,6.214608098422218,500,0.013975595114202984,-0.15176708355604637,19942.52475336632
137,105.94502844327471,105.94502844327471,0.0018368991872377873,0.0,6.214608098422218,500,0.014094829283840146,-0.1536010036575955,19952.309350893633
138,106.05684103364311,106.05684103364311,0.0010548265542349117,0.0,6.214608098422218,500,0.014161823833403775,-0.15163477761233554,19950.760358468964
139,105.68105871337232,105.68105871337232,-0.003549508286047017,0.0,6.214608098422218,500,0.014855658987137437,-0.15328072086682784,19919.269317914765
140,105.16760223184563,105.16760223184563,-0.0048703889717513354,0.0,6.214608098422218,500,0.015092550180466185,-0.13123925740757772,19882.12635624127
141,105.00139795554284,105.00139795554284,-0.0015816253662700114,0.0,6.214608098422218,500,0.015409311444292752,-0.11857464692172645,19869.235922333217
142,103.84020276672857,103.84020276672857,-0.011120458293122217,0.0,6.214608098422218,500,0.016759223404166895,-0.08641925309545283,19809.676099806504
143,104.87984622433335,104.87984622433335,0.009962167610461835,0.0,6.214608098422218,500,0.016445477710812145,-0.16118025115738832,19840.945039284765
144,104.74099774139181,104.74099774139181,-0.0013247585556965048,0.0,6.214608098422218,500,0.016410017699181545,-0.16649723541740358,19829.969392531682
145,105.4982462648478,105.4982462648478,0.007203715003094214,0.0,6.214608098422218,500,0.01702957824707843,-0.1649856374774049,19852.32036663521
146,105.89001256525967,105.89001256525967,0.003706608409737945,0.0,6.214608098422218,500,0.01669182685996957,-0.14473682877721772,19870.018210243703
147,105.73193756262744,105.73193756262744,-0.001493937958105845,0.0,6.214608098422218,500,0.016656548201430404,-0.14627641209513115,19859.893220118644
148,105.94710226796097,105.94710226796097,0.002032934197064037,0.0,6.214608098422218,500,0.01677129550254642,-0.14800972858335432,19863.738124072755
149,105.4970560164103,105.4970560164103,-0.0042568868755954595,0.0,6.214608098422218,500,0.017549911288585386,-0.15049478778905162,19824.89831710183
150,106.24548427126429,106.24548427126429,0.007069258455952464,0.0,6.214608098422218,500,0.017956187854009025,-0.17712647790747474,19872.921605525175
151,107.16695551576586,107.16695551576586,0.008635644406898436,0.0,6.214608098422218,500,0.01845051603607502,-0.11544994621299147,19902.13266571709
152,107.73979518341429,107.73979518341429,0.0053310658922715096,0.0,6.214608098422218,500,0.018827552882208373,-0.08345066034713698,19917.961947198382
153,107.69820037808127,107.69820037808127,-0.00038614178284987065,0.0,6.214608098422218,500,0.019121873331086277,-0.08318993630270172,19905.226872984418
154,108.28368260528048,108.28368260528048,0.005421599749362491,0.0,6.214608098422218,500,0.019698030758942178,-0.10176773568074608,19940.508500863143
155,106.62034236443827,106.62034236443827,-0.015480151729768675,0.0,6.214608098422218,500,0.018725981225671057,-0.1296402687857981,19895.203703700663
156,106.82064490125924,106.82064490125924,0.0018768897032166631,0.0,6.214608098422218,500,0.018858462778283187,-0.14308764145661246,19896.62453254119
157,106.78759910923405,106.78759910923405,-0.0003094055891137893,0.0,6.214608098422218,500,0.01913393507260367,-0.14175241772830377,19883.928155812097
158,107.03109010306295,107.03109010306295,0.002277547392881308,0.0,6.214608098422218,500,0.01933172466728227,-0.14578268931242633,19896.370817327766
159,107.74577973188183,107.74577973188183,0.006655207027390985,0.0,6.214608098422218,500,0.0198276840883767,-0.1403974751796977,19920.20883247393
160,107.74387001882671,107.74387001882671,-1.7724406321760538e-05,0.0,6.214608098422218,500,0.0198352891340946,-0.1409019492849084,19914.009584056323
161,106.80278360052701,106.80278360052701,-0.008772846727176011,0.0,6.214608098422218,500,0.021545618609433034,-0.12872683598178994,19842.90698778245
162,106.62021272202051,106.62021272202051,-0.0017108833273477581,0.0,6.214608098422218,500,0.021388497085279626,-0.11308562092943789,19827.4154900401
163,107.288410098736,107.288410098736,0.006247523277003231,0.0,6.214608098422218,500,0.022104870943793403,-0.10521463191467997,19852.003050312996
164,106.72959606814015,106.72959606814015,-0.005222133506804259,0.0,6.214608098422218,500,0.022935758099007785,-0.12803381086494323,19807.549927632328
165,106.31264888782175,106.31264888782175,-0.003914225676202509,0.0,6.214608098422218,500,0.023425305709965327,-0.11812043450574762,19769.64634390614
166,106.96206536549413,106.96206536549413,0.006089971678652813,0.0,6.214608098422218,500,0.02320327622450385,-0.12828957873172647,19792.68411849074
167,106.65124535535661,106.65124535535661,-0.0029101204269029166,0.0,6.214608098422218,500,0.023314692823142837,-0.13280063973466125,19776.242373464036
168,105.78471056481874,105.78471056481874,-0.008158125518804338,0.0,6.214608098422218,500,0.024685048674268722,-0.09881388559765003,19715.24734524055
169,106.51187224502587,106.51187224502587,0.006850459054171398,0.0,6.214608098422218,500,0.025009899763747876,-0.12641223197560617,19758.506916582286
170,107.0508142094907,107.0508142094907,0.0050471654715550296,0.0,6.214608098422218,500,0.025308490333608036,-0.11087109441736899,19783.02343829093
171,106.49824426304473,106.49824426304473,-0.005175121666529687,0.0,6.214608098422218,500,0.026180318476947018,-0.11704865441881239,19745.566671286473
172,107.16284376614666,107.16284376614666,0.006221082675070011,0.0,6.214608098422218,500,0.026901822803206188,-0.10517200481263818,19786.27957283187
173,106.80317582493988,106.80317582493988,-0.0033619196230918543,0.0,6.214608098422218,500,0.0264315910937807,-0.14283904839210193,19765.721064242734
174,106.22551427386486,106.22551427386486,-0.005423334919647689,0.0,6.214608098422218,500,0.027484365143846674,-0.11857441269423695,19719.386017017525
175,105.86243584566236,105.86243584566236,-0.0034238511210826638,0.0,6.214608098422218,500,0.027555989186079297,-0.11925627102694135,19690.18981298821
176,106.41714361370977,106.41714361370977,0.005226211885609461,0.0,6.214608098422218,500,0.02709882406506143,-0.15679426078487402,19721.99430130044
177,106.81762216936833,106.81762216936833,0.0037562263832382346,0.0,6.214608098422218,500,0.02708255479957708,-0.1576810385760305,19735.9934012523
178,106.56368102997702,106.56368102997702,-0.002380164104999218,0.0,6.214608098422218,500,0.02722119291157096,-0.17205756542333614,19720.16135181786
179,106.24437359397461,106.24437359397461,-0.0030008984029353323,0.0,6.214608098422218,500,0.027734502071940427,-0.15285029303218806,19696.839751944935
180,106.78340827762918,106.78340827762918,0.005060709259074733,0.0,6.214608098422218,500,0.02834184811632684,-0.16444861624352658,19728.94663880626
181,107.22486139651818,107.22486139651818,0.0041255765088208645,0.0,6.214608098422218,500,0.028526267145025166,-0.1520162313632951,19733.031568545674
182,107.97849804204951,107.97849804204951,0.007003977338853937,0.0,6.214608098422218,500,0.029397259403754913,-0.13536979150702064,19771.53339813813
183,107.66128391102775,107.66128391102775,-0.0029420764291345327,0.0,6.214608098422218,500,0.029243942855934957,-0.1305901993625712,19765.588479733186
184,107.51236700000851,107.51236700000851,-0.0013841558589019142,0.0,6.214608098422218,500,0.029213729232082698,-0.12266477410713296,19755.391251744953
185,107.34390393496389,107.34390393496389,-0.0015681469182501125,0.0,6.214608098422218,500,0.029421589555157595,-0.11713767223683794,19744.23825528414
186,107.84883845846426,107.84883845846426,0.004692866911449534,0.0,6.214608098422218,500,0.02933985093905058,-0.12898685581855932,19758.626588254385
187,108.08292591583643,108.08292591583643,0.0021681622410006643,0.0,6.214608098422218,500,0.029308010292535356,-0.12434500536730253,19763.0000734147
188,106.93067303625492,106.93067303625492,-0.010718056120755003,0.0,6.214608098422218,500,0.02787065916955457,-0.12460707270124133,19671.92155977088
189,106.61527751822463,106.61527751822463,-0.0029538911559088203,0.0,6.214608098422218,500,0.027738353515400865,-0.10867271864972802,19664.826815455715
190,106.25315306473325,106.25315306473325,-0.003402334501413536,0.0,6.214608098422218,500,0.02777155704656846,-0.09371896236541792,19645.328220522628
191,106.82306602218166,106.82306602218166,0.0053493939299576075,0.0,6.214608098422218,500,0.027160263274456368,-0.12009533160710446,19678.057173518693
192,107.45796067521884,107.45796067521884,0.005925830398580236,0.0,6.214608098422218,500,0.02783843671808837,-0.09231328312029509,19720.211983936864
193,106.68254691368662,106.68254691368662,-0.0072421342357681185,0.0,6.214608098422218,500,0.02684712254965184,-0.10402251332580584,19675.08499136686
194,106.03707599269313,106.03707599269313,-0.00606876688880275,0.0,6.214608098422218,500,0.028090521040754792,-0.09648276962710724,19620.073498077425
195,106.16278350615075,106.16278350615075,0.0011848031234304426,0.0,6.214608098422218,500,0.028214208762154726,-0.08804312420456124,19628.350362729983
196,105.89670291916852,105.89670291916852,-0.0025094913800409865,0.0,6.214608098422218,500,0.027918635097472087,-0.08601258988653056,19600.246333903742
197,105.83726691594444,105.83726691594444,-0.0005614215312878315,0.0,6.214608098422218,500,0.028256041657275622,-0.0864450374133209,19586.97519647255
198,106.43600997237277,106.43600997237277,0.0056412625561084425,0.0,6.214608098422218,500,0.028852001819328944,-0.0847032069441806,19626.081236879523
199,105.83394833019896,105.83394833019896,-0.005672618597995259,0.0,6.214608098422218,500,0.028129542943337985,-0.11086034864538503,19589.441719741728
200,105.95596495637513,105.95596495637513,0.001152242217605475,0.0,5.923065178313164,400,0.07891143592999626,-0.12057439637897203,18754.739736625004
201,105.98203648678972,105.98203648678972,0.00024602978577301,0.0,5.923065178313164,400,0.07894842623205961,-0.13157051259948663,18756.001620559553
202,105.39489870223463,105.39489870223463,-0.005555377118703295,0.0,5.923065178313164,400,0.07890773686960008,-0.07449253941756384,18698.15782822751
203,105.74573685517608,105.74573685517608,0.0033232681611142286,0.0,5.923065178313164,400,0.07879891249473663,-0.08057869374202599,18704.826183747635
204,105.96808613723688,105.96808613723688,0.0021004709155790988,0.0,5.923065178313164,400,0.07875499171095804,-0.07008537750936483,18710.45762490125
205,105.58098502049283,105.58098502049283,-0.003659685638629715,0.0,5.923065178313164,400,0.07891882686315944,-0.09306172328778824,18701.191000658353
206,106.08817573448366,106.08817573448366,0.004792305906710151,0.0,5.923065178313164,400,0.07899389406925399,-0.10001490325959504,18706.25972399752
207,105.9323406089781,105.9323406089781,-0.00147000069856589,0.0,5.923065178313164,400,0.07921958302701444,-0.10258574050507839,18696.77624219848
208,106.13094938594618,106.13094938594618,0.0018731090613721504,0.0,5.923065178313164,400,0.07930112675999967,-0.09897348008818464,18708.810852790146
209,105.56607741871477,105.56607741871477,-0.0053366201345720265,0.0,5.923065178313164,400,0.07901267020683786,-0.08572987815377267,18671.45610788629
210,106.49123131769245,106.49123131769245,0.008725563615180457,0.0,5.923065178313164,400,0.07840486345576597,-0.1499825640840713,18698.240226907463
211,106.55784446538287,106.55784446538287,0.0006253315074592218,0.0,5.923065178313164,400,0.07849309626130405,-0.18433293535068623,18696.07788557867
212,106.8438580966066,106.8438580966066,0.002680520343044495,0.0,5.923065178313164,400,0.07845776629539715,-0.18477501804299235,18701.427059889855
213,106.99650921163037,106.99650921163037,0.0014277111742288975,0.0,5.923065178313164,400,0.07852077621013452,-0.18062202591929946,18701.93795139345
214,107.08620068165267,107.08620068165267,0.0008379142371162762,0.0,5.923065178313164,400,0.0785948970676469,-0.12635229846015825,18699.300581766915
215,107.34165742259445,107.34165742259445,0.0023826835193563804,0.0,5.923065178313164,400,0.07858091904212784,-0.1257680552615988,18711.49226753768
216,108.07757542763761,108.07757542763761,0.006832452777523982,0.0,5.923065178313164,400,0.07861433201264921,-0.10955123390667172,18726.741401258285
217,107.89987206863515,107.89987206863515,-0.0016455736574621938,0.0,5.923065178313164,400,0.07872983467729028,-0.1177854070826932,18719.795479946293
218,108.69959415920817,108.69959415920817,0.007384373918362793,0.0,5.923065178313164,400,0.07877443948594583,-0.13277601895696725,18737.81742926649
219,108.0972141372225,108.0972141372225,-0.005557107384701323,0.0,5.923065178313164,400,0.07906791442058121,-0.16391106783453263,18715.95645273881
220,107.93858990378027,107.93858990378027,-0.001468499748477824,0.0,5.923065178313164,400,0.07913087094984982,-0.15765809433400302,18709.821527729015
221,108.40829734585279,108.40829734585279,0.004342176456076413,0.0,5.923065178313164,400,0.07921813833512084,-0.18377483527729,18739.70015942819
222,107.05226184368568,107.05226184368568,-0.012587486191930425,0.0,5.923065178313164,400,0.07853553917661192,-0.1922512699087463,18673.927041677252
223,107.79169960255678,107.79169960255678,0.006883513724175171,0.0,5.923065178313164,400,0.0782824528933702,-0.22774056376438367,18691.602998348862
224,108.35741537790925,108.35741537790925,0.005234507364269058,0.0,5.923065178313164,400,0.07829803607589172,-0.21985147226489624,18726.74727899331
225,108.5743915738788,108.5743915738788,0.0020004099110539643,0.0,5.923065178313164,400,0.07836169218350317,-0.19916624228636598,18731.09585259866
226,108.5646508449729,108.5646508449729,-8.971881614581408e-05,0.0,5.923065178313164,400,0.07841679148468408,-0.19132761483562347,18729.548681333974
227,108.32413041498819,108.32413041498819,-0.002217915810894566,0.0,5.923065178313164,400,0.07839915822611022,-0.2102029704325357,18723.184887817304
228,108.76538013255882,108.76538013255882,0.004065146437618731,0.0,5.923065178313164,400,0.07825777124004468,-0.1855621188755638,18734.84772762362
229,108.30510166835504,108.30510166835504,-0.004240826760159568,0.0,5.923065178313164,400,0.07853479704579931,-0.22477858584500124,18702.08811431778
230,108.09079753660198,108.09079753660198,-0.0019806678647867424,0.0,5.923065178313164,400,0.07872809592189327,-0.20026673764611047,18682.899281907
231,107.71821525176749,107.71821525176749,-0.0034528924459217656,0.0,5.923065178313164,400,0.07887130999038819,-0.1717030685943761,18671.65426418213
232,107.5544428965971,107.5544428965971,-0.001521534487234798,0.0,5.923065178313164,400,0.07897903099858991,-0.15472809836515847,18648.81454823366
233,107.14190699648408,107.14190699648408,-0.003842975514286614,0.0,5.923065178313164,400,0.0788725170480428,-0.1642004892860691,18643.597855262
234,106.5512868805421,106.5512868805421,-0.005527753216132163,0.0,5.923065178313164,400,0.07913696953950536,-0.16190352131597613,18620.659604244862
235,106.4471511089232,106.4471511089232,-0.0009778079210246882,0.0,5.923065178313164,400,0.07936686495786144,-0.14437400097417696,18610.966793202257
236,105.17638933955575,105.17638933955575,-0.012009789087435479,0.0,5.923065178313164,400,0.07989841529510361,-0.13842956322441657,18493.314740071313
237,105.2665214505549,105.2665214505549,0.0008565944670883271,0.0,5.923065178313164,400,0.07995840115631085,-0.14279249576855568,18492.839701236535
238,105.53850360201893,105.53850360201893,0.002580415740215962,0.0,5.923065178313164,400,0.07991998329289644,-0.14482877934169386,18508.79976695439
239,104.79685192258465,104.79685192258465,-0.0070521168564884875,0.0,5.923065178313164,400,0.08007611559697982,-0.14379715579492194,18460.119348437824
240,104.87271708048907,104.87271708048907,0.0007236640164421691,0.0,5.923065178313164,400,0.08016971205457417,-0.16874250627832818,18456.17291126464
241,104.27985631541796,104.27985631541796,-0.005669185354082171,0.0,5.923065178313164,400,0.08054601104077572,-0.19668717355553192,18390.80011273218
242,105.02554551147641,105.02554551147641,0.007125399961167947,0.0,5.923065178313164,400,0.08093681101840094,-0.21164418415156833,18400.000811436665
243,103.63871234722653,103.63871234722653,-0.013292679819734865,0.0,5.923065178313164,400,0.08102658776156789,-0.25456370717944576,18362.393509789297
244,102.94949507779704,102.94949507779704,-0.006672402409305866,0.0,5.923065178313164,400,0.08154158252911264,-0.2005420510114613,18328.373965999617
245,103.37988909537158,103.37988909537158,0.004171918057587155,0.0,5.923065178313164,400,0.0814030606184465,-0.21281559440819617,18358.96000111942
246,103.58308232668503,103.58308232668503,0.0019635715046367012,0.0,5.923065178313164,400,0.08149059822330823,-0.21754147327479653,18364.564751784845
247,103.89344768450367,103.89344768450367,0.002991813958979217,0.0,5.923065178313164,400,0.08157934777630514,-0.19265568340385358,18374.247091122805
248,103.96894252270843,103.96894252270843,0.0007263925085153827,0.0,5.923065178313164,400,0.08160184477008349,-0.2197297625283113,18376.385566243163
249,103.49050337757737,103.49050337757737,-0.004612371263657301,0.0,5.923065178313164,400,0.08223804434578096,-0.2262449582320875,18338.89411649244
250,103.59140466745436,103.59140466745436,0.0009745061634280524,0.0,5.923065178313164,400,0.08229923456319523,-0.21972618169738214,18341.089579900654
251,103.56249091802832,103.56249091802832,-0.00027915236189093336,0.0,5.923065178313164,400,0.08235356563517328,-0.2508474203073097,18335.189114355377
252,103.56911173160292,103.56911173160292,6.392856997342977e-05,0.0,5.923065178313164,400,0.08248943442554413,-0.22734933886031053,18330.096550446822
253,103.51104104458196,103.51104104458196,-0.000560852286079971,0.0,5.923065178313164,400,0.08266766222650694,-0.26236193158500093,18317.1696545754
254,104.18506920394124,104.18506920394124,0.006490545487763456,0.0,5.923065178313164,400,0.08283407165921115,-0.25353056483652936,18336.049266531423
255,104.02835241756911,104.02835241756911,-0.0015053478757128557,0.0,5.923065178313164,400,0.08289557673608523,-0.2572590244389817,18328.91995866332
256,104.17048377021561,104.17048377021561,0.001365342643874787,0.0,5.923065178313164,400,0.0829790737102871,-0.25956169609320756,18330.87796987848
257,103.27592826336945,103.27592826336945,-0.008624502520680118,0.0,5.923065178313164,400,0.08353230761856663,-0.25606854883453134,18290.811604324936
258,103.74636207172708,103.74636207172708,0.004544772616788542,0.0,5.923065178313164,400,0.08312041775311337,-0.26443536016334007,18329.818900354465
259,104.2851656184283,104.2851656184283,0.0051800297529874095,0.0,5.923065178313164,400,0.08284188841650328,-0.23929825984254027,18363.52727972395
260,104.3934600643683,104.3934600643683,0.0010379065446434923,0.0,5.923065178313164,400,0.08290850774677143,-0.234965056628509,18362.559688017805
261,104.37776230088156,104.37776230088156,-0.0001503824458034494,0.0,5.923065178313164,400,0.08302508935938403,-0.23306289693000778,18358.020437292835
262,104.26190679958515,104.26190679958515,-0.001110579917077194,0.0,5.923065178313164,400,0.08306032623629547,-0.22430437921588414,18347.202995723586
263,103.94170127418207,103.94170127418207,-0.003075890766962456,0.0,5.923065178313164,400,0.0833744339596923,-0.22927395575877854,18333.55412975471
264,103.6548966516199,103.6548966516199,-0.0027630973522706033,0.0,5.923065178313164,400,0.08387023158346636,-0.21851789748510905,18309.734996594852
265,103.7238975334954,103.7238975334954,0.0006654574754662894,0.0,5.923065178313164,400,0.08395313608401431,-0.20955854393388632,18308.06025076875
266,104.4511259464875,104.4511259464875,0.00698673029166576,0.0,5.923065178313164,400,0.0841129978460967,-0.19628380986074412,18315.359013153284
267,103.7128783980984,103.7128783980984,-0.007092971196711519,0.0,5.923065178313164,400,0.08475131992679644,-0.222484821402893,18263.21452619813
268,104.60740035016008,104.60740035016008,0.008588001660653925,0.0,5.923065178313164,400,0.08494259713960295,-0.2439761020093115,18292.77895265964
269,105.23329585859426,105.23329585859426,0.005965452611119318,0.0,5.923065178313164,400,0.08466752466220961,-0.17682842837111892,18310.566815012087
270,105.67652354167629,105.67652354167629,0.004203012802551899,0.0,5.923065178313164,400,0.08436924030463376,-0.17113482196376834,18341.141560557822
271,107.20341727149803,107.20341727149803,0.014345362073849316,0.0,5.923065178313164,400,0.08435434533796347,-0.11404781779057847,18421.981958236
272,108.0564385267309,108.0564385267309,0.007925543917348355,0.0,5.923065178313164,400,0.08417451760652213,-0.048417982795898123,18439.532319858048
273,108.32435526789156,108.32435526789156,0.0024763461985159744,0.0,5.923065178313164,400,0.08416252036136543,-0.03863482918637885,18451.044382663575
274,108.11414451524941,108.11414451524941,-0.0019424531120730117,0.0,5.923065178313164,400,0.08412683839685474,-0.0421879310723923,18446.76246958354
275,108.00895239993575,108.00895239993575,-0.0009734463842297061,0.0,5.923065178313164,400,0.08418655180676271,-0.04968851074607734,18442.914410490288
276,107.75746281017337,107.75746281017337,-0.0023311292761088705,0.0,5.923065178313164,400,0.08419292464533618,-0.04291020132038297,18436.158115615966
277,107.96112016449871,107.96112016449871,0.0018881768276408212,0.0,5.923065178313164,400,0.0842099708092989,-0.03833130399677497,18437.92677648121
278,106.55316380909481,106.55316380909481,-0.013127112541368719,0.0,5.923065178313164,400,0.08532182036250065,-0.027401575433009938,18331.63054779311
279,107.40045887097307,107.40045887097307,0.007920403316306144,0.0,5.923065178313164,400,0.08554232923070958,-0.08765237348079355,18355.91207710461
280,106.87106623383309,106.87106623383309,-0.004941335196575021,0.0,5.923065178313164,400,0.0859034120566218,-0.10417791221742136,18334.90960118578
281,107.01263239822454,107.01263239822454,0.0013237678791772594,0.0,5.923065178313164,400,0.0859288398567257,-0.07872706021126886,18337.313416183042
282,106.02785779332261,106.02785779332261,-0.009245018335186008,0.0,5.923065178313164,400,0.08576893053767051,-0.04074109834589986,18321.332603939933
283,107.17974944407503,107.17974944407503,0.010805457397710182,0.0,5.923065178313164,400,0.08567935063219854,-0.11274853477968051,18346.74186249789
284,107.38480547591736,107.38480547591736,0.001911369698009714,0.0,5.923065178313164,400,0.08573259165221785,-0.10865246780651734,18348.421256486366
285,107.90258708519686,107.90258708519686,0.004810152619436259,0.0,5.923065178313164,400,0.08551124655810509,-0.10199398255229743,18379.512203974187
286,107.56386120413316,107.56386120413316,-0.003144119771706262,0.0,5.923065178313164,400,0.08545315773712527,-0.10943832174606771,18367.800136656177
287,107.15834016563217,107.15834016563217,-0.0037771736508480113,0.0,5.923065178313164,400,0.08575687580807927,-0.09852322291990526,18351.395842601007
288,106.71212985882103,106.71212985882103,-0.0041727215000405505,0.0,5.923065178313164,400,0.08610138440380963,-0.08181983832164987,18320.218472498935
289,106.19287179052981,106.19287179052981,-0.0048778478085942795,0.0,5.923065178313164,400,0.08667266220271931,-0.07565816197204576,18275.285023460805
290,105.86202709807976,105.86202709807976,-0.0031203708344300506,0.0,5.923065178313164,400,0.0868783263686689,-0.07139787793940813,18257.950574301456
291,106.42343539744049,106.42343539744049,0.00528919504492582,0.0,5.923065178313164,400,0.08673987955112869,-0.08109248419842538,18298.356382540198
292,107.02417304253207,107.02417304253207,0.005628915082846828,0.0,5.923065178313164,400,0.08702201856987711,-0.06601209925130086,18304.14348778978
293,107.04037522706442,107.04037522706442,0.00015137662629571673,0.0,5.923065178313164,400,0.08717019972183541,-0.07680593787266796,18300.038576201336
294,107.09878030147159,107.09878030147159,0.0005454871222523872,0.0,5.923065178313164,400,0.087200042658957,-0.0811659273611852,18300.59638104612
295,106.0104131177139,106.0104131177139,-0.010214262733861505,0.0,5.923065178313164,400,0.08719175608127686,-0.08477829287567959,18277.498283054458
296,106.41465504304468,106.41465504304468,0.0038059765431624724,0.0,5.923065178313164,400,0.08723973768275367,-0.1075822240503965,18285.121148922142
297,106.77278816243123,106.77278816243123,0.0033597987845147,0.0,5.923065178313164,400,0.08722607933154772,-0.10170001634068414,18307.13070534214
298,106.44033045209464,106.44033045209464,-0.0031185508840741553,0.0,5.923065178313164,400,0.08705610043255464,-0.09764738812158323,18301.56722643967
299,106.08354828974797,106.08354828974797,-0.0033575756252449797,0.0,5.923065178313164,400,0.08698366793662067,-0.09148550798898146,18291.772942424905
300,106.93572618984192,106.93572618984192,0.008000989095880803,0.0,5.923065178313164,400,0.08677248232144694,-0.102001093914755,18321.09881131628
301,108.13681893612775,108.13681893612775,0.01116930319720795,0.0,5.923065178313164,400,0.08662525078542686,-0.03503143503878902,18421.866828050068
302,108.38683321214927,108.38683321214927,0.002309349437379606,0.0,5.923065178313164,400,0.08684353677665113,0.020791536750493337,18427.847787147814
303,108.38711440521479,108.38711440521479,2.594343726287518e-06,0.0,5.923065178313164,400,0.08687016136296409,-0.03737411727884784,18425.075206105797
304,107.8928632442805,107.8928632442805,-0.004570483377021545,0.0,5.923065178313164,400,0.08697915306374482,-0.020875543457650456,18403.18927366474
305,107.95473091943848,107.95473091943848,0.0005732533373087914,0.0,5.923065178313164,400,0.087056535063929,-0.02288423268134562,18405.787909128485
306,107.78895802157966,107.78895802157966,-0.0015367580975088708,0.0,5.923065178313164,400,0.08705027125160643,-0.024420611792099593,18387.512124773388
307,107.14916476450287,107.14916476450287,-0.005953296124463389,0.0,5.923065178313164,400,0.0872972516356237,-0.015833796490692078,18364.010230352174
308,107.28923575451233,107.28923575451233,0.0013063985703285189,0.0,5.923065178313164,400,0.08737231633767145,-0.018175272739167386,18366.010199311928
309,106.87024218925741,106.87024218925741,-0.003912916709320483,0.0,5.923065178313164,400,0.08735869580844187,-0.018944918535340794,18354.88739452687
310,107.09576397020173,107.09576397020173,0.002108015833967683,0.0,5.923065178313164,400,0.08749443531745422,-0.02274892533458033,18357.61450847554
311,107.51151075869555,107.51151075869555,0.003874494087936846,0.0,5.923065178313164,400,0.08750478255136868,-0.019952875645529153,18367.769753208864
312,107.8895280650038,107.8895280650038,0.0035098966694922123,0.0,5.923065178313164,400,0.08751055247743213,-0.014950144210998337,18393.526247009453
313,107.22475295959116,107.22475295959116,-0.006180688873805958,0.0,5.923065178313164,400,0.08716148698731922,-0.02159974850776941,18360.287075057637
314,107.09492616337351,107.09492616337351,-0.0012115248830981396,0.0,5.923065178313164,400,0.08725823965459946,-0.008393184679825376,18353.769806409313
315,107.64458945494535,107.64458945494535,0.005119360453491143,0.0,5.923065178313164,400,0.0871130255205602,-0.011753139841170003,18374.871371180918
316,107.51693808834595,107.51693808834595,-0.0011865632581619327,0.0,5.923065178313164,400,0.08716853620062606,-0.011915708949858357,18368.957336587162
317,107.21371355991968,107.21371355991968,-0.00282423331414826,0.0,5.923065178313164,400,0.08733460694660285,0.012108725097659995,18347.63251289197
318,107.46542168374003,107.46542168374003,0.0023449716142897492,0.0,5.923065178313164,400,0.0873683412935322,-0.0019888183848391994,18356.316143846576
319,108.51854304375257,108.51854304375257,0.009751924938671643,0.0,5.923065178313164,400,0.08725279420694027,0.0062639615105507885,18390.388968191208
320,108.6652004608358,108.6652004608358,0.0013505379086670645,0.0,5.923065178313164,400,0.08719623474574217,0.00997865850051295,18400.511595321634
321,107.53110962552012,107.53110962552012,-0.010491402348603757,0.0,5.923065178313164,400,0.0879891413147888,0.004742074854551775,18311.998565792543
322,107.58773886371583,107.58773886371583,0.0005264925867865396,0.0,5.923065178313164,400,0.08808926922466385,0.0014463158796865464,18309.879060020936
323,108.47221369059564,108.47221369059564,0.008187355010975311,0.0,5.923065178313164,400,0.08768222101224873,-0.005405911823738076,18371.05609895609
324,108.2843405905087,108.2843405905087,-0.001733494498070722,0.0,5.923065178313164,400,0.08763100760133653,-0.015058059478300856,18359.382012275608
325,107.89344115158138,107.89344115158138,-0.0036164666120580943,0.0,5.923065178313164,400,0.08785080591182762,-0.009423624243192095,18343.43237962817
326,107.84291350471369,107.84291350471369,-0.00046842033529383983,0.0,5.923065178313164,400,0.08808264320033558,0.018836584358530202,18335.39563737249
327,109.02023956085637,109.02023956085637,0.010857885316937927,0.0,5.923065178313164,400,0.08807137545074306,0.04475332315452944,18368.99024371186
328,109.23356373230276,109.23356373230276,0.001954827234712933,0.0,5.923065178313164,400,0.08816747043295131,0.030232663870460957,18372.110820677914
329,108.22596404789813,108.22596404789813,-0.009267075171405455,0.0,5.923065178313164,400,0.08837002144700395,0.012323581128827487,18338.597937175764
330,109.19540877824828,109.19540877824828,0.008917717171832384,0.0,5.923065178313164,400,0.08814282860104065,-0.054144856778750916,18413.329699621732
331,108.67772230982695,108.67772230982695,-0.004752191700669563,0.0,5.923065178313164,400,0.08787434810616501,-0.1423202438178741,18402.868423688586
332,109.11389685621823,109.11389685621823,0.004005435390112434,0.0,5.923065178313164,400,0.0879493930097384,-0.16641320226594725,18416.02259353314
333,109.51252812710548,109.51252812710548,0.0036466928705411504,0.0,5.923065178313164,400,0.08796983797483376,-0.15564352904334075,18428.020962623526
334,108.89200204351452,108.89200204351452,-0.005682370716425041,0.0,5.923065178313164,400,0.08849179605456754,-0.16545622818563188,18392.651624884584
335,107.6463340164791,107.6463340164791,-0.01150541553891412,0.0,5.923065178313164,400,0.08827957116974727,-0.12100929451377762,18358.967246614353
336,107.1806233278141,107.1806233278141,-0.004335688816388654,0.0,5.923065178313164,400,0.08839921649430996,-0.09315813802557144,18340.44484262631
337,106.77587454189054,106.77587454189054,-0.0037834725542216507,0.0,5.923065178313164,400,0.08870634072603896,-0.07130731165033406,18320.270473737866
338,107.0608055104485,107.0608055104485,0.002664941647221569,0.0,5.923065178313164,400,0.08870871781360207,-0.026475646543952066,18335.32999247324
339,106.8655693428399,106.8655693428399,-0.0018252655563996607,0.0,5.923065178313164,400,0.0886490402266537,-0.008090990194759515,18331.12852418447
340,106.92557901327484,106.92557901327484,0.0005613859364373805,0.0,5.923065178313164,400,0.08873908353498608,-0.005101139217908447,18330.236903784466
341,106.91553112286296,106.91553112286296,-9.397529233632268e-05,0.0,5.923065178313164,400,0.08889760124401669,0.0019794817959204723,18324.354901744562
342,105.9595401755917,105.9595401755917,-0.008981769149896188,0.0,5.923065178313164,400,0.08950492993705629,0.06008548171876936,18232.5392678344
343,106.77654790888731,106.77654790888731,0.007680988754082094,0.0,5.923065178313164,400,0.0898779868651654,0.00810660900931724,18246.97744408748
344,107.0771096155551,107.0771096155551,0.0028109119857715687,0.0,5.923065178313164,400,0.08997584478175287,0.01567727553064761,18253.081808877036
345,106.64318712486296,106.64318712486296,-0.00406066333946935,0.0,5.923065178313164,400,0.09033110882045842,0.017730160402871245,18230.009392577605
346,106.65313937322516,106.65313937322516,9.331851638344188e-05,0.0,5.923065178313164,400,0.09046750112850946,0.010575830135013745,18222.273586762753
347,106.75934222208338,106.75934222208338,0.000995282532973327,0.0,5.923065178313164,400,0.0905344033870839,0.0015491827668373348,18224.68907443494
348,105.63600140725487,105.63600140725487,-0.010577927651986549,0.0,5.923065178313164,400,0.09049273212625343,-0.015752655274310697,18184.237082847212
349,105.61665960583481,105.61665960583481,-0.0001831153404776008,0.0,5.923065178313164,400,0.0906111207551373,-0.02431466327068012,18178.83752050605
350,105.39925014313795,105.39925014313795,-0.002060598557553354,0.0,5.923065178313164,400,0.09087760870743582,-0.014743895383005513,18150.685485074424
351,105.54461335155409,105.54461335155409,0.0013782172092375539,0.0,5.923065178313164,400,0.09094657821921202,-0.03525542580397344,18153.361787539056
352,104.96110303577957,104.96110303577957,-0.005543904653021263,0.0,5.923065178313164,400,0.0908119842629749,-0.04194986554198047,18138.00739738673
353,104.65255801814021,104.65255801814021,-0.002943942097374335,0.0,5.923065178313164,400,0.09110972482414764,-0.033968970119295186,18119.746564855428
354,104.2351482424068,104.2351482424068,-0.003996504521781009,0.0,5.923065178313164,400,0.09142666051310856,-0.022523448055104197,18071.464882233686
355,103.98196938066562,103.98196938066562,-0.002431874856463967,0.0,5.923065178313164,400,0.09127602229415539,0.005980946250425401,18064.803145717317
356,104.96835655645926,104.96835655645926,0.009441425837595467,0.0,5.923065178313164,400,0.09161723161154484,-0.015127760135021763,18093.850939153745
357,104.70169253205914,104.70169253205914,-0.0025436553226343746,0.0,5.923065178313164,400,0.0917824650049232,-0.02242146697592037,18080.275497107963
358,104.38530506986005,104.38530506986005,-0.003026373780377541,0.0,5.923065178313164,400,0.09213895290627827,-0.023912350916774024,18049.625933502637
359,103.82591899935318,103.82591899935318,-0.005373268601541711,0.0,5.923065178313164,400,0.09212603723263929,-0.0007949703365058687,18011.835262871507
360,103.3549926864087,103.3549926864087,-0.004546047414768906,0.0,5.923065178313164,400,0.09243137530944939,-0.04945155787490877,17992.03246161459
361,103.01788529604356,103.01788529604356,-0.0032669766831136377,0.0,5.923065178313164,400,0.09297625223186301,-0.07156819163518315,17967.92555847635
362,103.0846801342489,103.0846801342489,0.0006481708794299104,0.0,5.923065178313164,400,0.0930398221778953,-0.07609460519947202,17968.034063355946
363,103.42970383052534,103.42970383052534,0.0033414042224827623,0.0,5.923065178313164,400,0.09298012727759408,-0.06919480554091952,17979.697267633095
364,103.424989989404,103.424989989404,-4.557635154525469e-05,0.0,5.923065178313164,400,0.09302223713047202,-0.06452649773322659,17978.6303622483
365,103.33424477684841,103.33424477684841,-0.0008777863633017195,0.0,5.923065178313164,400,0.09320303158661955,-0.06397004001374507,17971.445780454666
366,103.63078809283121,103.63078809283121,0.0028656388453904284,0.0,5.923065178313164,400,0.09329576931169024,-0.06691431090188582,17975.951290839002
367,103.93447387079974,103.93447387079974,0.002926173597525802,0.0,5.923065178313164,400,0.09321585957134855,-0.05257019901291796,17994.82761509455
368,104.03134573898231,104.03134573898231,0.0009316134292705577,0.0,5.923065178313164,400,0.09326761147557747,-0.045141665609596995,17997.467646467743
369,103.87378024992009,103.87378024992009,-0.0015157444385243985,0.0,5.923065178313164,400,0.09334122573069445,-0.04044193256778384,17989.729954363334
370,104.68327825841354,104.68327825841354,0.00776288349545744,0.0,5.923065178313164,400,0.09318497908196899,-0.051296590609857515,18022.642035681318
371,105.61069020410824,105.61069020410824,0.008820205019480791,0.0,5.923065178313164,400,0.09323611534302932,-0.012422317636911725,18046.330786342292
372,105.30789739765025,105.30789739765025,-0.0028711837862357152,0.0,5.923065178313164,400,0.09360369761746773,-0.013026407265558234,18016.826626126604
373,106.4942535046858,106.4942535046858,0.011202610635568967,0.0,5.923065178313164,400,0.09400151912067226,-0.03312911902542974,18069.223031153582
374,106.20637278067439,106.20637278067439,-0.002706911632777508,0.0,5.923065178313164,400,0.09416079130644966,-0.04697395925785828,18056.27019833813
375,107.49219006726182,107.49219006726182,0.012034080032987745,0.0,5.923065178313164,400,0.09325765349447739,-0.0577814266188389,18127.649793152108
376,107.6646255242611,107.6646255242611,0.0016028820044030221,0.0,5.923065178313164,400,0.09332911951579197,-0.048860008611702935,18131.96902662021
377,106.82170581442574,106.82170581442574,-0.007859932556997636,0.0,5.923065178313164,400,0.09309910350012883,-0.050561256153578,18107.352981696073
378,106.5698797197379,106.5698797197379,-0.0023602262569141033,0.0,5.923065178313164,400,0.09328723250260869,-0.05413262037755521,18093.347693610896
379,106.57003908995618,106.57003908995618,1.4954516185666694e-06,0.0,5.923065178313164,400,0.09343210374735682,-0.06671359569997029,18084.986638198952
380,106.65261537018294,106.65261537018294,0.0007745545102999978,0.0,5.923065178313164,400,0.09348016228112334,-0.05703787427457848,18086.657328170535
381,106.06150964614632,106.06150964614632,-0.005557762048307942,0.0,5.923065178313164,400,0.09347441914633489,-0.05839806260886724,18065.77752485974
382,106.11366941614381,106.11366941614381,0.0004916670392714652,0.0,5.923065178313164,400,0.09359316544458987,-0.06442265825825158,18062.813726761255
383,105.47718024495333,105.47718024495333,-0.006016244010829679,0.0,5.923065178313164,400,0.09415617748437871,-0.061905710146878824,18002.103257111125
384,105.19301311653864,105.19301311653864,-0.0026977456679924943,0.0,5.923065178313164,400,0.09406759894692483,-0.05667552034990912,17994.72870533772
385,105.06668264668468,105.06668264668468,-0.0012016614463086182,0.0,5.923065178313164,400,0.09414932411238829,-0.0560825720424997,17988.36897096522
386,104.94848212579627,104.94848212579627,-0.0011256380794887882,0.0,5.923065178313164,400,0.09421275012468959,-0.05564958190725764,17982.974243388635
387,105.6637991187723,105.6637991187723,0.00679276383350966,0.0,5.923065178313164,400,0.09365149518452774,-0.07933614786628602,18029.964386702424
388,105.45729204116248,105.45729204116248,-0.001956290982914796,0.0,5.923065178313164,400,0.09399554566175414,-0.07218370061040474,18009.183741301084
389,105.10492083873154,105.10492083873154,-0.0033469588541445365,0.0,5.923065178313164,400,0.09402055321079189,-0.017914117563583,17997.880869203145
390,105.87722996388423,105.87722996388423,0.007321117656441029,0.0,5.923065178313164,400,0.09364361278491753,-0.006269050650301435,18051.72591111064
391,105.89606288298795,105.89606288298795,0.00017785924655742882,0.0,5.923065178313164,400,0.09371449804961435,0.01055757817326148,18047.07005959174
392,105.9320976662376,105.9320976662376,0.0003402265638696354,0.0,5.923065178313164,400,0.09384380329239546,-0.0019449672559807229,18043.885798392206
393,105.88371346040422,105.88371346040422,-0.0004568516997626293,0.0,5.923065178313164,400,0.09401253830847049,0.013247521590305154,18033.092823664312
394,105.44563158903762,105.44563158903762,-0.004145969399393949,0.0,5.923065178313164,400,0.09389823144280247,-0.027078717788720088,18018.853803796872
395,105.33526011084,105.33526011084,-0.0010472627513346728,0.0,5.923065178313164,400,0.09395989564096698,-0.06273190813014443,18013.777359321808
396,106.3523667399885,106.3523667399885,0.009609578710313491,0.0,5.923065178313164,400,0.09421857587721183,-0.07532155465674452,18042.893920876406
397,106.11163276139395,106.11163276139395,-0.0022661164449438082,0.0,5.923065178313164,400,0.09443165182928774,-0.08365446161037803,18028.983878134753
398,106.02660749393773,106.02660749393773,-0.0008016025013382432,0.0,5.923065178313164,400,0.09461832946276871,-0.07950252107636908,18011.312142213585
399,106.37905702600787,106.37905702600787,0.003318648364107841,0.0,5.923065178313164,400,0.09487463631888603,-0.07980034829992434,18017.816475749907
400,105.73780261726424,105.73780261726424,-0.006046255477852817,0.0,5.618584784070182,314,0.130533337656626,-0.09244470628748681,17476.410333508924
401,105.58391680895336,105.58391680895336,-0.0014564128659354122,0.0,5.618584784070182,314,0.1305472670178489,-0.08626887571646713,17471.368770461573
402,105.83591421717045,105.83591421717045,0.0023838589438959956,0.0,5.618584784070182,314,0.13048254164561612,-0.04115684528019409,17481.26794230735
403,106.05131666237352,106.05131666237352,0.0020331807491363405,0.0,5.618584784070182,314,0.1305397657220042,-0.0570981725279683,17486.33688000575
404,106.0141016894771,106.0141016894771,-0.00035097635029486627,0.0,5.618584784070182,314,0.13053084438736856,-0.04866263917912219,17485.43435386654
405,105.6830718263171,105.6830718263171,-0.003127393034756674,0.0,5.618584784070182,314,0.13048860992229014,-0.04771063313552441,17475.8329205724
406,105.35976339076988,105.35976339076988,-0.003063915324471286,0.0,5.618584784070182,314,0.13046833992637946,-0.04078279024664847,17467.593259663907
407,105.57376537432052,105.57376537432052,0.0020290947411541515,0.0,5.618584784070182,314,0.1303312794965537,-0.03599627078474191,17481.672875765988
408,105.03897717344178,105.03897717344178,-0.0050784140006990075,0.0,5.618584784070182,314,0.13068503605997178,-0.048587924075010516,17442.594530190854
409,104.1753930970958,104.1753930970958,-0.008255541719693749,0.0,5.618584784070182,314,0.1307952197519251,-0.013200942923117607,17419.56573190019
410,104.56215168568738,104.56215168568738,0.0037056968508543775,0.0,5.618584784070182,314,0.1305375626235538,-0.035953653763836836,17436.17138918084
411,104.04894598570866,104.04894598570866,-0.004920224676827172,0.0,5.618584784070182,314,0.13057591159167586,-0.04308751550209963,17423.524421686172
412,103.88402799695841,103.88402799695841,-0.0015862613819479935,0.0,5.618584784070182,314,0.13059076288149754,-0.05088712099920111,17419.495988725612
413,103.44565224453648,103.44565224453648,-0.004228785817708828,0.0,5.618584784070182,314,0.13064199206655014,-0.05429482817063339,17408.73494711671
414,103.40319430221889,103.40319430221889,-0.00041052143749093433,0.0,5.618584784070182,314,0.13064771502416064,-0.06138392468774917,17407.714529301975
415,102.72925592347369,102.72925592347369,-0.006538910097110864,0.0,5.618584784070182,314,0.1308072248308331,-0.04143940907778048,17390.481326800575
416,103.73944359137695,103.73944359137695,0.009785461245815799,0.0,5.618584784070182,314,0.13099200000458955,-0.072917023246015,17407.216132125617
417,103.66338164853715,103.66338164853715,-0.0007334706859638786,0.0,5.618584784070182,314,0.13105542045557042,-0.08273689106229958,17402.5903265253
418,104.55044361099397,104.55044361099397,0.008520734185491118,0.0,5.618584784070182,314,0.1305042812158264,-0.09467418206636437,17449.408950466695
419,103.33990306802963,103.33990306802963,-0.011646084048966904,0.0,5.618584784070182,314,0.13080575334349262,-0.17246069912185674,17417.804042128682
420,102.72821527051244,102.72821527051244,-0.005936770802185554,0.0,5.618584784070182,314,0.1316719743542451,-0.13408020818639413,17352.980845755763
421,102.7106383525803,102.7106383525803,-0.0001711158105200741,0.0,5.618584784070182,314,0.131691986609448,-0.13319400207142512,17351.77653416643
422,102.55595957146936,102.55595957146936,-0.0015071016127593951,0.0,5.618584784070182,314,0.13184716296563076,-0.13465835757249994,17342.850071849418
423,102.80029239899041,102.80029239899041,0.0023796007228524063,0.0,5.618584784070182,314,0.13189342790174113,-0.13773768347635668,17347.98400358841
424,103.5813885535794,103.5813885535794,0.007569469155500331,0.0,5.618584784070182,314,0.1318706526562592,-0.11986092738243044,17363.636693076063
425,103.28465871506421,103.28465871506421,-0.002868813378923072,0.0,5.618584784070182,314,0.132413263639336,-0.13203246111917885,17330.497127650877
426,102.75870552657548,102.75870552657548,-0.005105278034926344,0.0,5.618584784070182,314,0.13235778662708653,-0.12709432214695146,17318.745670350698
427,102.80717444541223,102.80717444541223,0.0004715658040287298,0.0,5.618584784070182,314,0.13240044851205016,-0.13212738868250415,17318.378895465077
428,102.0553815467823,102.0553815467823,-0.007339518633041955,0.0,5.618584784070182,314,0.1324466611144793,-0.1300426293575123,17298.52149042234
429,101.9342308730625,101.9342308730625,-0.001187812325607293,0.0,5.618584784070182,314,0.13276346702096797,-0.12003733745642665,17277.118802123485
430,100.96537205289066,100.96537205289066,-0.009550202859252925,0.0,5.618584784070182,314,0.13234808299945885,-0.1635272917112495,17256.9027877418
431,101.52637080940012,101.52637080940012,0.005540968573924686,0.0,5.618584784070182,314,0.13218613223027903,-0.19114152987660743,17285.66084676783
432,101.56243969760855,101.56243969760855,0.0003552031103794094,0.0,5.618584784070182,314,0.13224811765633793,-0.1700494276192854,17283.812516257585
433,101.93330439842146,101.93330439842146,0.003644942188418217,0.0,5.618584784070182,314,0.13231384955386147,-0.16516775738228798,17293.108188927603
434,101.67968891175019,101.67968891175019,-0.0024911535723374377,0.0,5.618584784070182,314,0.13253435304543065,-0.15277465019134734,17274.62187079282
435,101.49189706415166,101.49189706415166,-0.0018486039785091347,0.0,5.618584784070182,314,0.1328728347443355,-0.19821663881074497,17253.048156471377
436,101.58086457697524,101.58086457697524,0.000876213213398547,0.0,5.618584784070182,314,0.13292774290146597,-0.1857430492845097,17253.5787782372
437,102.47689999526487,102.47689999526487,0.008782230651670256,0.0,5.618584784070182,314,0.13232478277248716,-0.17480153198943815,17310.28830184784
438,102.46920917881792,102.46920917881792,-7.50520854633569e-05,0.0,5.618584784070182,314,0.13246890651314444,-0.16969907559539252,17302.98776219111
439,103.06116397664812,103.06116397664812,0.005760281806896787,0.0,5.618584784070182,314,0.13255574448680651,-0.16228629971625205,17316.548126126094
440,104.16178070709894,104.16178070709894,0.01062263719508166,0.0,5.618584784070182,314,0.13164083276842325,-0.09539655255229441,17394.944170391856
441,103.40779482998013,103.40779482998013,-0.0072649297605026485,0.0,5.618584784070182,314,0.13232534323015513,-0.14262824774624264,17335.917066428865
442,103.34251995215804,103.34251995215804,-0.0006314368136241465,0.0,5.618584784070182,314,0.13232267326439556,-0.13816908870550443,17333.955283602358
443,102.89012949891146,102.89012949891146,-0.004387192620221604,0.0,5.618584784070182,314,0.13252466244049532,-0.14798782413704817,17314.603476560635
444,103.06878300902616,103.06878300902616,0.0017348465550427912,0.0,5.618584784070182,314,0.13255427350473875,-0.1553992161089646,17318.941965097056
445,103.55678812706324,103.55678812706324,0.00472357823598986,0.0,5.618584784070182,314,0.13268571212382466,-0.14625282342100362,17329.50454760992
446,104.73811892252195,104.73811892252195,0.011342989402241077,0.0,5.618584784070182,314,0.13312722145607875,-0.09367893813132838,17351.914450250828
447,105.45774760437207,105.45774760437207,0.006847246859561479,0.0,5.618584784070182,314,0.13266069635552605,-0.0365211769327989,17404.6700702925
448,105.87774456279529,105.87774456279529,0.003974699252362597,0.0,5.618584784070182,314,0.13290510083513185,-0.023436674459579445,17412.924901070546
449,105.43858474983288,105.43858474983288,-0.004156426970222945,0.0,5.618584784070182,314,0.13266076718505662,-0.01827650875941477,17403.58439092823
450,105.31955298008607,105.31955298008607,-0.001129558115145363,0.0,5.618584784070182,314,0.13272469563797262,-0.016970239065339465,17396.89592365402
451,105.30970870067574,105.30970870067574,-9.347494587360514e-05,0.0,5.618584784070182,314,0.13292084693570247,-0.017042128968505064,17386.185627711144
452,106.18884861631723,106.18884861631723,0.008313484405721253,0.0,5.618584784070182,314,0.13342498539353925,-0.016232262889267254,17402.97133468429
453,106.58988420826346,106.58988420826346,0.003769512690385757,0.0,5.618584784070182,314,0.13364779010680317,0.0011490088086580567,17411.51627401734
454,106.15089890585077,106.15089890585077,-0.004126955998229469,0.0,5.618584784070182,314,0.1335606725879514,-0.011249036632142289,17397.095962144027
455,106.02547019334655,106.02547019334655,-0.001182306282717461,0.0,5.618584784070182,314,0.1337672630143721,-0.0012594650885655299,17383.1118145077
456,106.81156097885074,106.81156097885074,0.007386819442072463,0.0,5.618584784070182,314,0.1338273478388518,0.006718438039686745,17422.66000249241
457,106.4087036778873,106.4087036778873,-0.003778794487364141,0.0,5.618584784070182,314,0.13365149845138555,-0.01191154500901042,17409.4620637466
458,106.92596463118177,106.92596463118177,0.004849300594608556,0.0,5.618584784070182,314,0.1339094429716849,-0.02111613878817654,17423.97880751815
459,107.83264839573303,107.83264839573303,0.008443797795171595,0.0,5.618584784070182,314,0.13441766917796238,0.013999921424504867,17443.20419763567
460,108.59247807065613,108.59247807065613,0.00702166896425445,0.0,5.618584784070182,314,0.13395354503042198,0.03948839866639491,17497.34350758205
461,108.37002221255818,108.37002221255818,-0.0020506394954156433,0.0,5.618584784070182,314,0.13386332534102297,0.03197652895567758,17489.89331685415
462,107.86476651602658,107.86476651602658,-0.004673222278668514,0.0,5.618584784070182,314,0.13371596271222386,0.03686718098080788,17471.495953737645
463,107.53744926258074,107.53744926258074,-0.0030391284898910985,0.0,5.618584784070182,314,0.1335964898725449,0.04694513369340105,17461.611100752543
464,106.86354952807122,106.86354952807122,-0.006286369537438965,0.0,5.618584784070182,314,0.13387608851707736,0.056950603685287676,17424.853885224624
465,106.2764321121745,106.2764321121745,-0.005509232912343384,0.0,5.618584784070182,314,0.13373889267377925,0.07076014514939359,17403.203514516972
466,105.8300631310611,105.8300631310611,-0.00420892004795835,0.0,5.618584784070182,314,0.13365745537716803,0.0871520253724639,17387.32731589697
467,105.42807859583603,105.42807859583603,-0.0038056286692142883,0.0,5.618584784070182,314,0.13366781298567973,0.101483368227895,17371.05731103727
468,105.23151015130786,105.23151015130786,-0.0018662193612692182,0.0,5.618584784070182,314,0.13363268932996755,0.08305920615231736,17364.196741203825
469,105.48546370344907,105.48546370344907,0.0024103770137695354,0.0,5.618584784070182,314,0.13355712204147643,0.10066224759730898,17380.630744632912
470,105.63255417308247,105.63255417308247,0.0013934432969116678,0.0,5.618584784070182,314,0.1336412925432469,0.11327904451064971,17384.17915239338
471,105.13034055077094,105.13034055077094,-0.004765683005835124,0.0,5.618584784070182,314,0.13355130169747959,0.10465749009399379,17368.166363578068
472,105.51291288587073,105.51291288587073,0.0036324235361187636,0.0,5.618584784070182,314,0.13330712759397378,0.08946008940230893,17392.55388948959
473,105.71645233324128,105.71645233324128,0.0019271895283676345,0.0,5.618584784070182,314,0.1333508521020622,0.09161862213030919,17399.025890525387
474,106.19701821833881,106.19701821833881,0.004535499396490987,0.0,5.618584784070182,314,0.13367821072128813,0.09107353428238427,17407.871837892068
475,105.26555183231403,105.26555183231403,-0.008809808849526176,0.0,5.618584784070182,314,0.13467728881757582,0.1046506308238616,17321.886825526704
476,105.33987543846058,105.33987543846058,0.000705809059103255,0.0,5.618584784070182,314,0.1347427839047793,0.11421465097009233,17323.015793310326
477,105.05259056744549,105.05259056744549,-0.0027309442682790833,0.0,5.618584784070182,314,0.13488742439322846,0.11759526444490351,17307.143473649456
478,104.89036200703248,104.89036200703248,-0.0015454540456148757,0.0,5.618584784070182,314,0.13484957236808892,0.1871301294338183,17301.104447783426
479,105.61051136765535,105.61051136765535,0.006842272515640542,0.0,5.618584784070182,314,0.1351909580909608,0.14202215962856737,17321.264589090402
480,105.57577906607237,105.57577906607237,-0.0003289257254795188,0.0,5.618584784070182,314,0.13519121517454769,0.14009726249512894,17318.156399331823
481,106.32798214356542,106.32798214356542,0.007099508122351702,0.0,5.618584784070182,314,0.13542439456005337,0.13169318156600435,17331.93265500048
482,106.4318000627368,106.4318000627368,0.0009759168423147991,0.0,5.618584784070182,314,0.13546696097097233,0.1362515300480582,17329.269752384633
483,105.9450903194395,105.9450903194395,-0.004583460982900028,0.0,5.618584784070182,314,0.13522625807889246,0.12437384969271291,17319.240963200577
484,105.8263319304118,105.8263319304118,-0.0011215715530933004,0.0,5.618584784070182,314,0.13553642040404187,0.14957514025685342,17300.291208324492
485,105.75884998523328,105.75884998523328,-0.0006378702596809734,0.0,5.618584784070182,314,0.13550349827914915,0.1394107455038352,17299.09231603688
486,105.67386583947064,105.67386583947064,-0.000803888367113035,0.0,5.618584784070182,314,0.1354979572578414,0.14307917499062203,17296.47570700745
487,106.49475932646364,106.49475932646364,0.007738161875227348,0.0,5.618584784070182,314,0.1357764301046782,0.13138107907442031,17315.253978459572
488,106.54878858813939,106.54878858813939,0.0005072133219987116,0.0,5.618584784070182,314,0.13585770986958376,0.12614488446906558,17313.901844314973
489,106.59464741095636,106.59464741095636,0.0004303095078638487,0.0,5.618584784070182,314,0.1358762347950212,0.11265043118918373,17314.57432837746
490,106.61628943360424,106.61628943360424,0.0002030104369175291,0.0,5.618584784070182,314,0.1358801156227658,0.15832201436651677,17315.24068183436
491,105.91574385017917,105.91574385017917,-0.006592400305278622,0.0,5.618584784070182,314,0.13586042387500763,0.15968791818824438,17290.434672812644
492,106.08041961024877,106.08041961024877,0.0015535733336229155,0.0,5.618584784070182,314,0.13588295171548326,0.15587030782835987,17295.674502514757
493,106.25031716088446,106.25031716088446,0.0016003108120678877,0.0,5.618584784070182,314,0.13596785667380326,0.16424658958616675,17298.545707889145
494,106.11893408893587,106.11893408893587,-0.0012373080183399024,0.0,5.618584784070182,314,0.13598083217979792,0.15764427267917794,17293.05468033431
495,106.00211695883971,106.00211695883971,-0.0011014196028977942,0.0,5.618584784070182,314,0.13617975843429378,0.16094803723742826,17282.129290405108
496,106.31316785498436,106.31316785498436,0.00293008691257418,0.0,5.618584784070182,314,0.13622381837133068,0.15669707550414774,17292.683212671105
497,105.88871214585042,105.88871214585042,-0.004000494955210798,0.0,5.618584784070182,314,0.13610814866266066,0.15803420774974106,17282.26879389762
498,106.33604141935272,106.33604141935272,0.004215624506217842,0.0,5.618584784070182,314,0.13616034707057637,0.14654353999683625,17294.294383200788
499,105.98415713230777,105.98415713230777,-0.0033146597603408586,0.0,5.618584784070182,314,0.13607610832663314,0.09590187439890713,17284.730382518355
500,106.09523658222493,106.09523658222493,0.0010475271371633522,0.0,5.618584784070182,314,0.13601503019452316,0.16743663778677984,17291.50422501174
501,105.84191293208254,105.84191293208254,-0.002390555609180951,0.0,5.618584784070182,314,0.13631587964101913,0.16626224600694317,17269.101887557386
502,105.77771164829606,105.77771164829606,-0.0006067611723956597,0.0,5.618584784070182,314,0.1363261806335127,0.16443906122277718,17265.67715956854
503,105.48600615578496,105.48600615578496,-0.0027615312361563304,0.0,5.618584784070182,314,0.1365336613740311,0.17463293568317093,17246.66990537038
504,106.63625842861401,106.63625842861401,0.01084528820655807,0.0,5.618584784070182,314,0.13629569055802515,0.12923732159218773,17303.970775326008
505,105.66815407488366,105.66815407488366,-0.009120027723124188,0.0,5.618584784070182,314,0.13609901622870932,0.009740117621494966,17276.160287741885
506,105.60455039801083,105.60455039801083,-0.0006021002945270182,0.0,5.618584784070182,314,0.13623194741618905,-0.044798906746895094,17269.020791179682
507,105.20267771895452,105.20267771895452,-0.0038127076521280783,0.0,5.618584784070182,314,0.13629461136532542,-0.06727800191943241,17247.274403674757
508,104.89404329641745,104.89404329641745,-0.002938024382828424,0.0,5.618584784070182,314,0.13621482468351132,-0.04398660156276579,17238.393463505992
509,104.87833336472033,104.87833336472033,-0.00014978074784230454,0.0,5.618584784070182,314,0.13625043640887308,-0.048350259463795744,17236.6881388097
510,105.02211012938453,105.02211012938453,0.0013699521997869875,0.0,5.618584784070182,314,0.13632344452693176,-0.04843248411739389,17239.158690791955
511,105.1012143140899,105.1012143140899,0.000752931057529469,0.0,5.618584784070182,314,0.13639562028638472,-0.04696812178554756,17238.35197809199
512,104.16543920722913,104.16543920722913,-0.00894343488022816,0.0,5.618584784070182,314,0.1375067222047302,-0.08375623389752024,17164.511670596577
513,103.84111155032838,103.84111155032838,-0.003118439477516374,0.0,5.618584784070182,314,0.1374349255841803,-0.04952602261071643,17156.633315594536
514,103.10126605854535,103.10126605854535,-0.007150286494989375,0.0,5.618584784070182,314,0.13731198397474562,-0.034918184461899114,17138.15694461719
515,103.26281581446591,103.26281581446591,0.0015656773936189065,0.0,5.618584784070182,314,0.1374048847409434,-0.041534036298978845,17138.238293685044
516,103.54055329572724,103.54055329572724,0.002686006997250543,0.0,5.618584784070182,314,0.13728998212173166,-0.014788748533727952,17151.404148190028
517,103.0298285779423,103.0298285779423,-0.0049448110983083505,0.0,5.618584784070182,314,0.1370283295460326,-0.011763762357528839,17137.621377996937
518,102.73483742691285,102.73483742691285,-0.002867269282489123,0.0,5.618584784070182,314,0.137359073948248,-0.04831069332435323,17112.797174411113
519,102.16731795932637,102.16731795932637,-0.0055394333722431,0.0,5.618584784070182,314,0.13734390792172907,-0.11209948930551251,17084.576782114087
520,102.53928346013875,102.53928346013875,0.003634136931691992,0.0,5.618584784070182,314,0.13740001102912636,-0.1292035114345142,17094.495031028957
521,101.83814360391814,101.83814360391814,-0.006861252897724172,0.0,5.618584784070182,314,0.1381241794782062,-0.15491796364056573,17050.521172028006
522,101.79954043492178,101.79954043492178,-0.0003791358131083179,0.0,5.618584784070182,314,0.13822568198002513,-0.16823932177716888,17045.564596229546
523,101.6172675194355,101.6172675194355,-0.0017921131110319774,0.0,5.618584784070182,314,0.13820844515271613,-0.18036685093007052,17039.44544240726
524,101.49134675115432,101.49134675115432,-0.0012399354391378593,0.0,5.618584784070182,314,0.13833560333089845,-0.21102514719375468,17030.415439390687
525,101.376549862349,101.376549862349,-0.0011317404377394911,0.0,5.618584784070182,314,0.13853069799605117,-0.23249464781316895,17017.766346623004
526,101.85891791951298,101.85891791951298,0.004746897460333294,0.0,5.618584784070182,314,0.13864917919385833,-0.2418161803898457,17028.020999005388
527,101.58474839498153,101.58474839498153,-0.0026952885334341386,0.0,5.618584784070182,314,0.139076117356883,-0.2587083069110487,17004.88923210955
528,101.5179183942263,101.5179183942263,-0.0006580908485707963,0.0,5.618584784070182,314,0.13917526594420543,-0.2551247873287189,16997.816520618384
529,101.9352746013747,101.9352746013747,0.004102730327586242,0.0,5.618584784070182,314,0.13933333242413556,-0.25798120384748885,17006.592699124052
530,101.47364614869983,101.47364614869983,-0.004538928219140324,0.0,5.618584784070182,314,0.1396721867104116,-0.26517948630742877,16978.350340426125
531,101.75726404568805,101.75726404568805,0.002791091973527073,0.0,5.618584784070182,314,0.13961787173513227,-0.26244160744995415,16989.5355490302
532,101.48577888182605,101.48577888182605,-0.002671533759969303,0.0,5.618584784070182,314,0.13963992066866643,-0.28461431389553676,16979.815238063486
533,102.04421799576743,102.04421799576743,0.005487549981563411,0.0,5.618584784070182,314,0.13912706902508407,-0.3010111794318821,17014.412272868944
534,102.12620339270931,102.12620339270931,0.0008031075293956152,0.0,5.618584784070182,314,0.139167484723456,-0.2569307058915592,17015.299602618557
535,102.18208355066682,102.18208355066682,0.0005470180401092425,0.0,5.618584784070182,314,0.13919386694929423,-0.2627886333068496,17016.26314672125
536,102.33909463706507,102.33909463706507,0.0015354020413449907,0.0,5.618584784070182,314,0.13925185505897097,-0.25682360234139556,17019.02883042931
537,102.73826422981516,102.73826422981516,0.0038928733923196597,0.0,5.618584784070182,314,0.13937250039018043,-0.24666951447758406,17025.664678303896
538,103.09061023036142,103.09061023036142,0.0034236823734463437,0.0,5.618584784070182,314,0.13919438833519487,-0.21680946180120628,17044.73551869483
539,103.42651240709824,103.42651240709824,0.003253022980962477,0.0,5.618584784070182,314,0.1394203718345793,-0.211680626828638,17050.502085610886
540,103.52822992496769,103.52822992496769,0.0009829929472873274,0.0,5.618584784070182,314,0.1395317755274542,-0.20598313176482919,17050.438937447143
541,103.23631558455357,103.23631558455357,-0.002823642067322474,0.0,5.618584784070182,314,0.13938321905877635,-0.23488292143336223,17042.905057793505
542,103.02974699915647,103.02974699915647,-0.0020029339957135977,0.0,5.618584784070182,314,0.13932288840421425,-0.2236452808791528,17035.586810975463
543,102.42255236684086,102.42255236684086,-0.005910826036297819,0.0,5.618584784070182,314,0.13928582100046388,-0.2140155667665482,17014.92138908345
544,102.12970801752543,102.12970801752543,-0.0028632736576445395,0.0,5.618584784070182,314,0.13978296367581128,-0.19880735709567254,16981.131555196327
545,102.21210421784443,102.21210421784443,0.0008064546739925484,0.0,5.618584784070182,314,0.13983024890826246,-0.20200834113732277,16982.795678635484
546,101.82969593981817,101.82969593981817,-0.0037483371100237805,0.0,5.618584784070182,314,0.13978273417558781,-0.2029241557058485,16970.043981450268
547,102.94900701357209,102.94900701357209,0.010932017879809849,0.0,5.618584784070182,314,0.1401125010862746,-0.23675143578957547,16996.5886140567
548,103.25143521563406,103.25143521563406,0.00293334403792965,0.0,5.618584784070182,314,0.1399707925915617,-0.1932963021373723,17015.208139708975
549,102.90962691874337,102.90962691874337,-0.0033159376125283285,0.0,5.618584784070182,314,0.1399590836832015,-0.20275724895508962,16999.76114934035
550,102.552945837974,102.552945837974,-0.003471984549691208,0.0,5.618584784070182,314,0.13988222643470694,-0.1879628313894795,16987.30636432404
551,102.46770099904619,102.46770099904619,-0.0008315732601108231,0.0,5.618584784070182,314,0.1399172473446132,-0.18105809838545578,16982.319774953925
552,103.44301211529114,103.44301211529114,0.00947321676792323,0.0,5.618584784070182,314,0.14027663446439426,-0.1710066747040949,17008.784304105044
553,103.48738899015284,103.48738899015284,0.00042890629221164497,0.0,5.618584784070182,314,0.14027528041376272,-0.16186012734293584,17011.14248462646
554,103.47589243585746,103.47589243585746,-0.00011109752636297645,0.0,5.618584784070182,314,0.14044233785911056,-0.1622097261065301,17003.706921594858
555,103.4363438728807,103.4363438728807,-0.0003822738003698044,0.0,5.618584784070182,314,0.1404534370059601,-0.16002922945380774,17001.612539058664
556,104.1928776510594,104.1928776510594,0.007287385856988144,0.0,5.618584784070182,314,0.14024979367309579,-0.14167064046767,17038.532452694915
557,103.23028662330957,103.23028662330957,-0.009281489281984585,0.0,5.618584784070182,314,0.14009951142128527,-0.1785433469472585,17001.391098396572
558,102.93919818282524,102.93919818282524,-0.0028237800000308,0.0,5.618584784070182,314,0.14006696353170545,-0.15064565242320174,16990.247252769077
559,101.86394971490512,101.86394971490512,-0.010500408402440155,0.0,5.618584784070182,314,0.13996479047816918,-0.11708671632884247,16950.965573206635
560,102.03590013684226,102.03590013684226,0.0016866168643489042,0.0,5.618584784070182,314,0.14003245572332912,-0.13332335707770937,16954.950146873463
561,101.79700639754107,101.79700639754107,-0.0023440165059180505,0.0,5.618584784070182,314,0.13997720387424042,-0.1365195488225,16945.364156182877
562,101.00399356168458,101.00399356168458,-0.007820640705853357,0.0,5.618584784070182,314,0.141160787195663,-0.12128914316568427,16877.004295404342
563,100.70635095031282,100.70635095031282,-0.0029511905115127608,0.0,5.618584784070182,314,0.14109273067005831,-0.09098439875685821,16868.829459305736
564,99.94886068719656,99.94886068719656,-0.0075502037087581434,0.0,5.618584784070182,314,0.14108561970028863,-0.004406007379810531,16844.13376401761
565,100.50397596915076,100.50397596915076,0.0055386265446831584,0.0,5.618584784070182,314,0.14123489343708812,-0.0399343825405182,16856.2972072776
566,100.55344600875428,100.55344600875428,0.000492098626503436,0.0,5.618584784070182,314,0.14136861084452962,-0.03199996722095554,16851.383649049112
567,101.2737065884171,101.2737065884171,0.007137430500036628,0.0,5.618584784070182,314,0.1416842264744508,-0.028056663994902,16868.43775157684
568,101.26063123195098,101.26063123195098,-0.0001291174289258765,0.0,5.618584784070182,314,0.1417738437532518,-0.02405760810243381,16865.536785694087
569,100.79613235761838,100.79613235761838,-0.004597714863221516,0.0,5.618584784070182,314,0.14171943226192826,-0.02611280196369434,16850.772674286218
570,100.94774963512029,100.94774963512029,0.0015030672013338507,0.0,5.618584784070182,314,0.14177570481418172,-0.03544229652595033,16854.10291458926
571,100.54530476091024,100.54530476091024,-0.003994633071302853,0.0,5.618584784070182,314,0.14176003296929457,-0.03109640085260507,16841.069959148455
572,100.89591615932665,100.89591615932665,0.0034810328378842557,0.0,5.618584784070182,314,0.1415338711290372,-0.06267105245493958,16860.428733661774
573,101.25846557072896,101.25846557072896,0.003586860665595098,0.0,5.618584784070182,314,0.14145310955977863,-0.0635500535655195,16875.54800231467
574,100.61658762110395,100.61658762110395,-0.006359182103588977,0.0,5.618584784070182,314,0.1413770381834835,-0.07302519265356845,16856.074821468585
575,99.3487092759391,99.3487092759391,-0.012681153736129542,0.0,5.618584784070182,314,0.14287401148741202,-0.015248649226401083,16766.10602130892
576,98.51941512932396,98.51941512932396,-0.008382340560112125,0.0,5.618584784070182,314,0.14308728849901384,0.06409682747939353,16731.04595190035
577,98.16282452788886,98.16282452788886,-0.003626061944084045,0.0,5.618584784070182,314,0.14313855026516295,0.07382366888526254,16720.503731917113
578,98.47857342295349,98.47857342295349,0.003211421091598486,0.0,5.618584784070182,314,0.14312316145026804,0.05728595812605862,16728.381997193545
579,98.06306888713853,98.06306888713853,-0.004228164066828735,0.0,5.618584784070182,314,0.14321600274654098,0.06303452700804392,16713.78659775363
580,98.83373634692457,98.83373634692457,0.007828175723107686,0.0,5.618584784070182,314,0.1424397964190689,0.05806486016492062,16767.668091049385
581,98.17019845059487,98.17019845059487,-0.006736316268768558,0.0,5.618584784070182,314,0.14238134453370066,0.02245930058085813,16751.30125343491
582,98.43521746412456,98.43521746412456,0.002695949883303609,0.0,5.618584784070182,314,0.1422808367482233,0.008171965486540117,16760.65996099088
583,97.5709531462766,97.5709531462766,-0.008818803167217245,0.0,5.618584784070182,314,0.14252926935465549,-0.010721749717838439,16732.28302553641
584,96.77272496135515,96.77272496135515,-0.008214650267237748,0.0,5.618584784070182,314,0.1428825506684488,0.0293994098628274,16705.49022492003
585,97.15325905931833,97.15325905931833,0.003924534283523577,0.0,5.618584784070182,314,0.1428646512311656,0.00805595339354799,16712.92484960523
586,97.82046893304927,97.82046893304927,0.006844127001694384,0.0,5.618584784070182,314,0.14227056749488087,0.03682921027261518,16756.44745646691
587,97.66508358278253,97.66508358278253,-0.0015897377682594998,0.0,5.618584784070182,314,0.14234139323369174,0.03256313681607157,16748.41063981875
588,98.02958631669858,98.02958631669858,0.003725223130798153,0.0,5.618584784070182,314,0.14212527304553252,0.029851189202980678,16770.714336087327
589,98.20046152917998,98.20046152917998,0.0017415809408128015,0.0,5.618584784070182,314,0.1421752152302566,0.04811732028267082,16774.343544614712
590,98.08638172519746,98.08638172519746,-0.001162378638687921,0.0,5.618584784070182,314,0.14229193780015312,0.056249064554877645,16766.88186566584
591,97.75669977638451,97.75669977638451,-0.003366800171919654,0.0,5.618584784070182,314,0.1423863610196748,0.061875161497552365,16755.11922494503
592,98.17245998524567,98.17245998524567,0.004243991383459757,0.0,5.618584784070182,314,0.14236539625240388,0.060833477395354364,16766.588828190146
593,98.67675416914554,98.67675416914554,0.0051236708187369,0.0,5.618584784070182,314,0.1424170217906845,0.07298685044195728,16776.909851791876
594,98.70085900886347,98.70085900886347,0.0002442510014145104,0.0,5.618584784070182,314,0.14255356380725212,0.07496076152944448,16772.896405289488
595,98.22395776565845,98.22395776565845,-0.004843494927005605,0.0,5.618584784070182,314,0.1425875583014229,0.07035988582033571,16754.842982771646
596,99.04878420064078,99.04878420064078,0.008362343761721916,0.0,5.618584784070182,314,0.14266067433763782,0.03913478250153429,16781.32345090854
597,99.3323440492855,99.3323440492855,0.0028587400854081578,0.0,5.618584784070182,314,0.14269895302482632,0.04685826272972117,16788.46268635393
598,99.97331370792952,99.97331370792952,0.006432048900820814,0.0,5.618584784070182,314,0.1423818311691711,0.05130898995948591,16814.44610977907
599,100.08474672625336,100.08474672625336,0.0011140068998582442,0.0,5.618584784070182,314,0.1423925442188622,0.05490276836257233,16817.42843104303
600,100.13506604545972,100.13506604545972,0.0005026407683555223,0.0,5.359544311861278,253,0.17993505764064643,0.05804518899352353,16227.978670223545
601,100.95500508849467,100.95500508849467,0.008154988284573695,0.0,5.359544311861278,253,0.1801806984432166,0.05874596687593344,16243.622643017656
602,100.41619059897899,100.41619059897899,-0.0053514682034425725,0.0,5.359544311861278,253,0.18087134577015557,0.029285043816924792,16207.922779235429
603,100.59733144247608,100.59733144247608,0.0018022756945824641,0.0,5.359544311861278,253,0.1808889058256547,0.015241840827017362,16211.775872566495
604,100.41931354606575,100.41931354606575,-0.001771176142734568,0.0,5.359544311861278,253,0.18087070222516152,0.015117824390611732,16207.43437506492
605,99.68745242630753,99.68745242630753,-0.007314739003546965,0.0,5.359544311861278,253,0.1810368931390942,0.022829277336852468,16185.167099076374
606,100.72333060870801,100.72333060870801,0.01033764143606888,0.0,5.359544311861278,253,0.18135434548903273,0.003387974860522112,16202.833450719658
607,100.27147050134765,100.27147050134765,-0.004496244341706917,0.0,5.359544311861278,253,0.18186418806097612,-0.04326187942921525,16175.473153257084
608,101.02235631653674,101.02235631653674,0.007460629170567858,0.0,5.359544311861278,253,0.18170010785254054,-0.05421194659664242,16205.137587787805
609,100.52516205974014,100.52516205974014,-0.004933777099978918,0.0,5.359544311861278,253,0.18161759206722236,-0.07805899940723389,16192.491728074221
610,100.30136722020613,100.30136722020613,-0.002228738732616389,0.0,5.359544311861278,253,0.18176700839005086,-0.07456658088599492,16181.613013402935
611,100.18298769097828,100.18298769097828,-0.0011809354703818029,0.0,5.359544311861278,253,0.18199652724488305,-0.07129731185948116,16171.518893918817
612,100.52107495766184,100.52107495766184,0.0033690158734566086,0.0,5.359544311861278,253,0.18215626534229987,-0.08151882734376908,16176.635903038106
613,100.53388332888865,100.53388332888865,0.00012741164260060423,0.0,5.359544311861278,253,0.18214849709726352,-0.0804102627331792,16176.942208578828
614,100.41066109352084,100.41066109352084,-0.0012264304180757155,0.0,5.359544311861278,253,0.18236710806849632,-0.08067632093260593,16166.772770420477
615,100.5254483672413,100.5254483672413,0.0011425252187383715,0.0,5.359544311861278,253,0.1824298142982876,-0.08164285512112661,16166.944092820682
616,100.24880893728306,100.24880893728306,-0.0027557278382168925,0.0,5.359544311861278,253,0.182849332453326,-0.046373221250154924,16147.733381811777
617,100.52280951592856,100.52280951592856,0.0027294769137804053,0.0,5.359544311861278,253,0.18287062094453266,-0.06539652291400588,16153.604629663834
618,100.8425980868345,100.8425980868345,0.003176204329788784,0.0,5.359544311861278,253,0.18294220003593564,-0.07345113770061325,16159.191647232117
619,101.28554371013718,101.28554371013718,0.004382826937566418,0.0,5.359544311861278,253,0.1830256268042563,-0.05492347887738844,16167.516988627705
620,101.08456036758619,101.08456036758619,-0.0019862954515579715,0.0,5.359544311861278,253,0.18297610284677698,-0.05775584268176259,16163.04825164645
621,101.85967770740815,101.85967770740815,0.007638759456493305,0.0,5.359544311861278,253,0.18317915993684497,-0.07603383489973603,16176.181546202153
622,101.63997911825919,101.63997911825919,-0.00215920437343109,0.0,5.359544311861278,253,0.18350431976294143,-0.10494548780854335,16160.977476657752
623,102.19941167554275,102.19941167554275,0.005488968149766365,0.0,5.359544311861278,253,0.18358789436575823,-0.12722084306932233,16174.247106078907
624,102.81378420806804,102.81378420806804,0.005993510505594657,0.0,5.359544311861278,253,0.183774498589963,-0.08402239221294412,16185.87444434871
625,103.14641709799459,103.14641709799459,0.0032300723831490607,0.0,5.359544311861278,253,0.18383947280661142,-0.07525898851661733,16192.280805481632
626,103.79201304470922,103.79201304470922,0.0062395181095581224,0.0,5.359544311861278,253,0.18409410376332772,-0.06311572474769733,16202.979655012416
627,102.35270227126604,102.35270227126604,-0.013964308133624885,0.0,5.359544311861278,253,0.18581017634055624,-0.10412061323856951,16088.269679832505
628,102.58184217838227,102.58184217838227,0.0022362262372121198,0.0,5.359544311861278,253,0.1859288764752057,-0.12171208120506324,16089.353745284801
629,102.50537892714243,102.50537892714243,-0.0007456657159873553,0.0,5.359544311861278,253,0.18619620555973687,-0.12095829963993482,16077.112003383456
630,101.92762592467044,101.92762592467044,-0.005652262862982295,0.0,5.359544311861278,253,0.18603548272602147,-0.11195326739181996,16065.023124706768
631,100.80867941401914,100.80867941401914,-0.011038554448339432,0.0,5.359544311861278,253,0.1869553106511209,-0.06259535800449013,16016.918986812836
632,100.86903201021565,100.86903201021565,0.0005985053833849393,0.0,5.359544311861278,253,0.1869668807992203,-0.07318208964768348,16017.831767579419
633,101.03898903722597,101.03898903722597,0.001683509810751788,0.0,5.359544311861278,253,0.18699374546099193,-0.06045621930896319,16020.680056306588
634,101.57351972672237,101.57351972672237,0.005276396140434101,0.0,5.359544311861278,253,0.18707192756456942,-0.10215023851581351,16030.452333059815
635,101.74099846924624,101.74099846924624,0.0016474847137420991,0.0,5.359544311861278,253,0.18711000620011378,-0.17775845959216424,16031.827184841162
636,102.27028160344759,102.27028160344759,0.00518877506694826,0.0,5.359544311861278,253,0.18720962342995423,-0.20453187707623274,16038.663403488523
637,103.3793574812866,103.3793574812866,0.01078617628888334,0.0,5.359544311861278,253,0.1860094788452221,-0.16032339269742008,16100.98967466207
638,103.42532732873538,103.42532732873538,0.00044457259996935074,0.0,5.359544311861278,253,0.1860225831164303,-0.15607779342691575,16101.51818717345
639,103.37540237223789,103.37540237223789,-0.00048283154067763843,0.0,5.359544311861278,253,0.18601082488003867,-0.1363905685393408,16099.678715643593
640,102.6669750975786,102.6669750975786,-0.006876547193518526,0.0,5.359544311861278,253,0.18601491557348104,-0.09705870553469911,16084.319567188182
641,102.9913690333478,102.9913690333478,0.003154690427685952,0.0,5.359544311861278,253,0.18575649812294098,-0.10298149828930828,16099.858065100858
642,103.44993476977855,103.44993476977855,0.004442584717222658,0.0,5.359544311861278,253,0.18577377347111534,-0.08579363675835343,16112.98840306833
643,105.10414820042608,105.10414820042608,0.015863972542090224,0.0,5.359544311861278,253,0.18629819720652988,-0.10327223382666481,16146.940149042906
644,104.88369693587931,104.88369693587931,-0.0020996581530052663,0.0,5.359544311861278,253,0.18623266706701874,-0.12285126694718695,16140.602271628093
645,104.98853087718858,104.98853087718858,0.0009990264183195698,0.0,5.359544311861278,253,0.18630952984017296,-0.13152922468693665,16140.72287709547
646,104.52455088772905,104.52455088772905,-0.004429133914224613,0.0,5.359544311861278,253,0.18677689477665413,-0.12110642318196396,16117.636481737247
647,103.98471345227787,103.98471345227787,-0.0051780782341580706,0.0,5.359544311861278,253,0.1873961837023925,-0.09381063003445456,16087.218483142748
648,105.26657441931076,105.26657441931076,0.012252034530300663,0.0,5.359544311861278,253,0.18772850122304666,-0.127385188221696,16107.00533719727
649,105.27279466385214,105.27279466385214,5.908865947765116e-05,0.0,5.359544311861278,253,0.1878065597936444,-0.13352840087120676,16105.252645048384
650,105.06036873844234,105.06036873844234,-0.0020199001831039203,0.0,5.359544311861278,253,0.1877764415211375,-0.13702471878934433,16101.500648002308
651,104.90596846973794,104.90596846973794,-0.001470714768739104,0.0,5.359544311861278,253,0.1878200998155421,-0.12561376422577117,16096.667815476208
652,105.73086027933802,105.73086027933802,0.007832400739353236,0.0,5.359544311861278,253,0.18811788533852036,-0.13933784973808103,16106.446160701078
653,106.97186207182463,106.97186207182463,0.0116690173081691,0.0,5.359544311861278,253,0.18705906650560053,-0.09437746692359211,16165.830918730506
654,106.73088101605394,106.73088101605394,-0.0022552930714076834,0.0,5.359544311861278,253,0.18728967167994987,-0.11652129366332994,16151.511593670872
655,107.1376933740158,107.1376933740158,0.00380432562163863,0.0,5.359544311861278,253,0.18742708339666728,-0.10023697146625513,16158.027140133081
656,106.95677766236385,106.95677766236385,-0.0016900553651707463,0.0,5.359544311861278,253,0.18754837549415265,-0.11242103420312835,16151.080926167988
657,106.27249023208442,106.27249023208442,-0.006418347595029651,0.0,5.359544311861278,253,0.18734947539172953,-0.10198474556358826,16137.627789815513
658,106.40401863230446,106.40401863230446,0.001236887117350226,0.0,5.359544311861278,253,0.18726068308325455,-0.10420086483916323,16143.136265526426
659,106.09366771130742,106.09366771130742,-0.002920983724579933,0.0,5.359544311861278,253,0.18762052053492476,-0.10373157301815218,16125.61786078263
660,106.67622736357009,106.67622736357009,0.005475973072130827,0.0,5.359544311861278,253,0.1877857248475523,-0.1097842679764746,16134.085484593492
661,107.27296063764098,107.27296063764098,0.005578285452143624,0.0,5.359544311861278,253,0.18728486457569368,-0.07676538485434135,16160.240471524448
662,108.12734246710869,108.12734246710869,0.00793300935845035,0.0,5.359544311861278,253,0.18711677885639091,-0.05784608198831071,16185.503639795095
663,108.40565349382115,108.40565349382115,0.0025706121945530754,0.0,5.359544311861278,253,0.1872455276239285,-0.05216694605229067,16188.060992563516
664,108.39050621506227,108.39050621506227,-0.0001397375193717752,0.0,5.359544311861278,253,0.1873297351709005,-0.06724142059162558,16185.8594845536
665,108.32832268571056,108.32832268571056,-0.0005738636681790375,0.0,5.359544311861278,253,0.18745798400743566,-0.025409845205285376,16179.851503654296
666,108.91979747628567,108.91979747628567,0.005445167963357057,0.0,5.359544311861278,253,0.18764274070303527,-0.0008870280707089778,16187.937399459543
667,109.22463954775743,109.22463954775743,0.002794866319437501,0.0,5.359544311861278,253,0.18749949640702163,0.023554943482238824,16200.028865510505
668,109.49517073468213,109.49517073468213,0.0024737706615226996,0.0,5.359544311861278,253,0.18756526449803052,0.047797756795051265,16205.232872315555
669,108.8917983979633,108.8917983979633,-0.005525731451658166,0.0,5.359544311861278,253,0.18735498908040718,0.029729017289254877,16196.232915840103
670,108.2270249024274,108.2270249024274,-0.006123610682570021,0.0,5.359544311861278,253,0.18780767770638437,0.0536287482177125,16171.791309853943
671,108.01980822220668,108.01980822220668,-0.001916483498514791,0.0,5.359544311861278,253,0.1880497875158091,0.07005711556697933,16161.023302122754
672,108.16147253334853,108.16147253334853,0.001310606828904781,0.0,5.359544311861278,253,0.18812429772380873,0.07149887513043993,16160.871822594432
673,108.50598031956731,108.50598031956731,0.0031800630137173657,0.0,5.359544311861278,253,0.18791034611977483,0.06984533489365483,16173.568464999873
674,108.78307522666147,108.78307522666147,0.002550474128613638,0.0,5.359544311861278,253,0.18802322916746483,0.0711700261812124,16176.97385670279
675,108.34031998947574,108.34031998947574,-0.004078379950232559,0.0,5.359544311861278,253,0.1883724937880002,0.06601001115867677,16159.45437982171
676,108.27773698489987,108.27773698489987,-0.0005778189241584492,0.0,5.359544311861278,253,0.18836290344061993,0.07542998886302038,16157.982992210164
677,108.67438748128657,108.67438748128657,0.0036565757474408913,0.0,5.359544311861278,253,0.18842779465204848,0.07120860417122148,16165.119157976718
678,108.4497377025028,108.4497377025028,-0.002069321948980887,0.0,5.359544311861278,253,0.1884263890357794,0.06282457903606191,16159.785467827567
679,108.90048053428123,108.90048053428123,0.0041476238819000465,0.0,5.359544311861278,253,0.18860647592530605,0.06316661734792921,16165.555848797487
680,109.748981188749,109.748981188749,0.007761326345119408,0.0,5.359544311861278,253,0.1879286804942857,0.08467721443578727,16208.455819914816
681,110.55275511608505,110.55275511608505,0.007297059999311361,0.0,5.359544311861278,253,0.18826585524785489,0.1186117036219198,16221.393378566392
682,110.28817744395828,110.28817744395828,-0.002396093836807633,0.0,5.359544311861278,253,0.18813020955413776,0.11412558979242998,16215.330100960797
683,109.60695530487253,109.60695530487253,-0.00619590174522067,0.0,5.359544311861278,253,0.18806484302282703,0.11589287479724668,16201.418832333944
684,109.22070199901445,109.22070199901445,-0.0035302092226650638,0.0,5.359544311861278,253,0.18868856866435785,0.12901500184159873,16166.07627957249
685,109.25254533446063,109.25254533446063,0.00029150787165332074,0.0,5.359544311861278,253,0.18874783034652112,0.12450887963274632,16164.796057298028
686,108.71883062182611,108.71883062182611,-0.004897118045073322,0.0,5.359544311861278,253,0.1894986357060571,0.1707619468223073,16128.464291761506
687,107.53482308147301,107.53482308147301,-0.010950283161653755,0.0,5.359544311861278,253,0.18937464649188152,0.22899339812328087,16098.278480002733
688,107.17938338826843,107.17938338826843,-0.0033108197517873173,0.0,5.359544311861278,253,0.1892869947210621,0.2561797130343112,16091.976121572234
689,106.51130673820664,106.51130673820664,-0.006252764931576709,0.0,5.359544311861278,253,0.18915055900837363,0.26047281435777486,16078.697584068426
690,106.57720279341626,106.57720279341626,0.0006184853181904257,0.0,5.359544311861278,253,0.18923590247354216,0.22358942353001784,16077.930557785872
691,106.68884357318618,106.68884357318618,0.0010469626259751513,0.0,5.359544311861278,253,0.18929338865355885,0.24054982217725943,16080.75624477002
692,106.79755596853828,106.79755596853828,0.0010184480602246134,0.0,5.359544311861278,253,0.18935015667806018,0.2407321919402015,16082.727541720627
693,107.23709670392799,107.23709670392799,0.004107198042826553,0.0,5.359544311861278,253,0.18954020274035724,0.23765441440090937,16093.256347006569
694,107.55448499238993,107.55448499238993,0.0029553161903114688,0.0,5.359544311861278,253,0.18969961694237528,0.2417466531288269,16099.19244012251
695,107.58888283214976,107.58888283214976,0.0003197666783852953,0.0,5.359544311861278,253,0.18977261373442375,0.23907900583660543,16098.032820417015
696,107.8983121364304,107.8983121364304,0.002871906305178232,0.0,5.359544311861278,253,0.1895669417662134,0.2138380073756808,16114.754343962195
697,108.07271847265834,108.07271847265834,0.0016150904466018894,0.0,5.359544311861278,253,0.1896304768921411,0.23090263270540273,16118.432102788553
698,107.8600844643412,107.8600844643412,-0.0019694467367069317,0.0,5.359544311861278,253,0.1895476915667385,0.2280236747120555,16113.616762050679
699,108.33715847001362,108.33715847001362,0.004413328991125823,0.0,5.359544311861278,253,0.1897545809606009,0.21327970851915992,16123.154464431193
700,107.63897507956924,107.63897507956924,-0.006465397922012636,0.0,5.359544311861278,253,0.18943857407785983,0.20872214203643238,16109.101991126323
701,108.03070332673644,108.03070332673644,0.0036326727135909077,0.0,5.359544311861278,253,0.1891475879096688,0.18902844435486865,16130.354794436036
702,107.50390384868156,107.50390384868156,-0.0048883150040267545,0.0,5.359544311861278,253,0.18965848180229997,0.13843451717125063,16097.083881058386
703,107.6593283400128,107.6593283400128,0.0014447126191928926,0.0,5.359544311861278,253,0.18973984651382392,0.18997992616934858,16099.866614008115
704,107.07689363606542,107.07689363606542,-0.005424665916745804,0.0,5.359544311861278,253,0.1898394470675516,0.182632005739769,16081.403098071572
705,106.86771632700656,106.86771632700656,-0.001955434873989205,0.0,5.359544311861278,253,0.1897823757587454,0.19449795624445232,16076.652852789359
706,107.29589484126683,107.29589484126683,0.003998616594427377,0.0,5.359544311861278,253,0.18952392603629728,0.16885858276237606,16095.552359029925
707,107.73181960634403,107.73181960634403,0.0040545969937409825,0.0,5.359544311861278,253,0.18945577436207456,0.2332801398823201,16109.924800373603
708,107.95440928054839,107.95440928054839,0.0020640145119631375,0.0,5.359544311861278,253,0.1895890060483225,0.2686050520967208,16112.970912287657
709,107.47463890991175,107.47463890991175,-0.004454099090597338,0.0,5.359544311861278,253,0.18991843941291195,0.2559836552790407,16092.272916947328
710,106.70522654513539,106.70522654513539,-0.0071847619564603645,0.0,5.359544311861278,253,0.19017432021287362,0.27155553142948835,16064.205323823891
711,106.84000742255536,106.84000742255536,0.0012623170539831697,0.0,5.359544311861278,253,0.19028173563920647,0.27680246275961606,16065.326583035478
712,106.73214474825475,106.73214474825475,-0.0010100819079169776,0.0,5.359544311861278,253,0.19044444399466517,0.21385438671312143,16058.092683913503
713,106.50222236176444,106.50222236176444,-0.0021565236290262977,0.0,5.359544311861278,253,0.19058599447457023,0.2675833188372151,16045.696430080603
714,107.17575847217415,107.17575847217415,0.006304237231163219,0.0,5.359544311861278,253,0.19092379294689618,0.2547337957256135,16057.853972607345
715,107.19609948976519,107.19609948976519,0.00018977320853086943,0.0,5.359544311861278,253,0.19097019913831736,0.26486491328797424,16057.556688214472
716,107.84349136315672,107.84349136315672,0.006021159422046527,0.0,5.359544311861278,253,0.19102207669787,0.2471706794432858,16075.979786002725
717,107.48256867956641,107.48256867956641,-0.0033523394384137616,0.0,5.359544311861278,253,0.19089049638162614,0.24159289382837748,16067.470697552322
718,107.17329170241108,107.17329170241108,-0.002881609573726157,0.0,5.359544311861278,253,0.19134048874697218,0.25304847010717235,16044.686796872405
719,107.59003316065194,107.59003316065194,0.00388094179093509,0.0,5.359544311861278,253,0.19153841706464989,0.2569414098096554,16053.444303747154
720,107.6306998890559,107.6306998890559,0.000377907168251734,0.0,5.359544311861278,253,0.19157140591244093,0.2367601305109485,16053.04077449646
721,108.07618531684086,108.07618531684086,0.004130476045975377,0.0,5.359544311861278,253,0.1917848868065207,0.199742919951114,16058.209727124646
722,108.2843423531701,108.2843423531701,0.0019241689119057167,0.0,5.359544311861278,253,0.19171459436657354,0.19844071870644342,16062.885020947528
723,107.9940592670616,107.9940592670616,-0.0026843481202207926,0.0,5.359544311861278,253,0.19161719302759805,0.19331797135882442,16057.167477708024
724,108.11892185033295,108.11892185033295,0.0011555307461803776,0.0,5.359544311861278,253,0.1916527761191869,0.1897255472608858,16056.751427245348
725,108.13647794997938,108.13647794997938,0.00016236449773003966,0.0,5.359544311861278,253,0.19169887531954855,0.19305855192473662,16055.818264065105
726,108.21491745304769,108.21491745304769,0.0007251120923816675,0.0,5.359544311861278,253,0.19163359615824013,0.18231300528955796,16059.440963595416
727,107.71426613014248,107.71426613014248,-0.004637189024143564,0.0,5.359544311861278,253,0.19224225358912575,0.16777659213792948,16031.037491206556
728,106.60166224470814,106.60166224470814,-0.010382932236857701,0.0,5.359544311861278,253,0.19204748521343903,0.2093951037560607,16006.156194686486
729,106.25417511408331,106.25417511408331,-0.0032650026762524025,0.0,5.359544311861278,253,0.19241620293475933,0.21182329955719906,15989.402064148586
730,105.95887686107235,105.95887686107235,-0.0027830375262992185,0.0,5.359544311861278,253,0.19241160480296346,0.21530849841925506,15981.940314952357
731,105.64939358522669,105.64939358522669,-0.0029250604983817054,0.0,5.359544311861278,253,0.19242942096283272,0.2231454114665671,15973.724581126668
732,106.0716071791712,106.0716071791712,0.003988401264980041,0.0,5.359544311861278,253,0.1924652904653192,0.20331048281138547,15982.35557887912
733,106.94335689185638,106.94335689185638,0.008184913986948728,0.0,5.359544311861278,253,0.19280132349092274,0.21707376157829592,15992.153194046467
734,107.37117666893018,107.37117666893018,0.003992452945130628,0.0,5.359544311861278,253,0.19243911637236003,0.25720004016536735,16012.049921937105
735,106.87817941782143,106.87817941782143,-0.004602096643127731,0.0,5.359544311861278,253,0.19291097804026094,0.23827018313638648,15986.378901072552
736,107.56775099399589,107.56775099399589,0.006431215100256414,0.0,5.359544311861278,253,0.19303859450997743,0.20544351888672183,15999.928127490013
737,106.72434666255137,106.72434666255137,-0.007871579918863008,0.0,5.359544311861278,253,0.19349881465712654,0.16118076832887224,15971.094843865429
738,107.73892700374815,107.73892700374815,0.00946164714213426,0.0,5.359544311861278,253,0.19382608103935328,0.09874685774099022,15987.810085382807
739,106.92138975406485,106.92138975406485,-0.007617068816464691,0.0,5.359544311861278,253,0.1941326274004797,0.014302921809795161,15962.457726859435
740,106.07910005055925,106.07910005055925,-0.007908846544892276,0.0,5.359544311861278,253,0.1939784560854505,0.006851053776259194,15946.418227176917
741,105.65298570353114,105.65298570353114,-0.004025038725689177,0.0,5.359544311861278,253,0.1940764442889379,0.03789270004827845,15934.690100916803
742,104.9809784600066,104.9809784600066,-0.006380827766824456,0.0,5.359544311861278,253,0.19397286900009222,0.044783375922346956,15921.979226405341
743,106.30992442359899,106.30992442359899,0.012579467171639673,0.0,5.359544311861278,253,0.19256643498429635,-0.023933826655531586,15988.249339329985
744,106.24145770186165,106.24145770186165,-0.00064423692211017,0.0,5.359544311861278,253,0.19254528607533403,-0.023709384255703476,15987.227872996178
745,105.41569877223178,105.41569877223178,-0.007802836748118424,0.0,5.359544311861278,253,0.19231045119722748,-0.019359326867362706,15973.991741540756
746,105.36931931385607,105.36931931385607,-0.0004400640951174349,0.0,5.359544311861278,253,0.19235372320575586,-0.05179395233792249,15969.403550456927
747,106.42061428571381,106.42061428571381,0.009927795799456988,0.0,5.359544311861278,253,0.1912030201661868,-0.07483273461617825,16026.34133579045
748,106.54250095901361,106.54250095901361,0.0011446741513761716,0.0,5.359544311861278,253,0.1912705186724614,-0.07975577170637733,16025.80811170716
749,106.88576106759957,106.88576106759957,0.0032166349601039502,0.0,5.359544311861278,253,0.19108105110475082,-0.07592548576173223,16038.544905909657
750,106.78022717514403,106.78022717514403,-0.0009878399637246748,0.0,5.359544311861278,253,0.19105035386798205,-0.07865216139037644,16036.823091651642
751,106.2357108191174,106.2357108191174,-0.005112458224165146,0.0,5.359544311861278,253,0.19088574355691085,-0.07448555336534321,16028.180557857926
752,105.8323060097723,105.8323060097723,-0.0038044897288655967,0.0,5.359544311861278,253,0.19090986644777383,-0.064283444862922,16018.079304079183
753,106.17785924622076,106.17785924622076,0.0032597827752631776,0.0,5.359544311861278,253,0.19061671612433304,-0.08248147342293599,16035.95138261166
754,106.2480291798869,106.2480291798869,0.0006606533388020184,0.0,5.359544311861278,253,0.19070076816089834,-0.08218683503514156,16034.495615321606
755,106.31297665391762,106.31297665391762,0.0006110949258741492,0.0,5.359544311861278,253,0.19072640955115394,-0.0827849323646886,16035.347866744574
756,105.32496650121269,105.32496650121269,-0.009336863849779817,0.0,5.359544311861278,253,0.1908105230777373,-0.08815974014640028,16012.784985207858
757,104.440590801635,104.440590801635,-0.008432089146361304,0.0,5.359544311861278,253,0.19066898601996077,-0.03695870373002484,15996.652174079736
758,104.37752987756464,104.37752987756464,-0.0006039794418439888,0.0,5.359544311861278,253,0.19073907879839466,-0.03231058739439897,15993.413614020783
759,104.05689843185198,104.05689843185198,-0.003076571382367778,0.0,5.359544311861278,253,0.1912755919536804,-0.01349897811445472,15971.609861791509
760,103.98100849405532,103.98100849405532,-0.0007295780108952887,0.0,5.359544311861278,253,0.19130049867500215,0.0027377231799357907,15969.874528373999
761,104.91220614223488,104.91220614223488,0.008915596593554212,0.0,5.359544311861278,253,0.1907334555717001,0.013176633847581472,15996.151330371937
762,104.71834878885947,104.71834878885947,-0.0018495148161952351,0.0,5.359544311861278,253,0.1907409223230825,0.010491666998964998,15992.70471274135
763,105.21208232149401,105.21208232149401,0.00470379106421803,0.0,5.359544311861278,253,0.19077266447517494,0.011576266948064882,15999.73918839126
764,105.59702271338581,105.59702271338581,0.0036520321991601085,0.0,5.359544311861278,253,0.19086120410630258,0.019012771680719357,16003.455133375348
765,106.5172307202422,106.5172307202422,0.008676585990481588,0.0,5.359544311861278,253,0.18991009446144935,0.04382715380818254,16049.033122873725
766,106.36836040547176,106.36836040547176,-0.0013985947874622993,0.0,5.359544311861278,253,0.1899476356174496,0.026389017432935476,16043.617890897449
767,105.79278035638372,105.79278035638372,-0.0054258895773610614,0.0,5.359544311861278,253,0.1899370800039046,0.023999815398631687,16032.934500566347
768,105.77014359501145,105.77014359501145,-0.00021399554360337022,0.0,5.359544311861278,253,0.18996866373041701,0.02985244386492092,16030.914146727835
769,105.27660515015933,105.27660515015933,-0.004677061811772863,0.0,5.359544311861278,253,0.19000044953189635,0.012316288553381275,16021.717862679287
770,104.5650111164139,104.5650111164139,-0.006782227225450138,0.0,5.359544311861278,253,0.19098362589756562,0.03615687853685171,15972.72997117954
771,104.70105511439702,104.70105511439702,0.001300201409611673,0.0,5.359544311861278,253,0.19101262701957228,0.030347328236223166,15973.94912699181
772,105.4140568828769,105.4140568828769,0.006786798897772508,0.0,5.359544311861278,253,0.190960296750439,0.035462846768860905,15984.88392399856
773,105.13400176179016,105.13400176179016,-0.002660250472508987,0.0,5.359544311861278,253,0.19101102199666498,0.03274259205648088,15978.261088429728
774,104.87851198288944,104.87851198288944,-0.0024330922037495055,0.0,5.359544311861278,253,0.19152160650002384,0.03457961914768328,15956.331076289845
775,104.81785911001326,104.81785911001326,-0.0005784828249671777,0.0,5.359544311861278,253,0.1915179089944237,0.03266726545174513,15955.528035239508
776,105.80292824954618,105.80292824954618,0.009354027534409984,0.0,5.359544311861278,253,0.19162039780545242,0.041790840874825645,15968.265650604937
777,105.54151591183205,105.54151591183205,-0.002473804997007743,0.0,5.359544311861278,253,0.19166714711473598,0.024954703269886132,15961.917367874834
778,106.24084364889899,106.24084364889899,0.006604235407844855,0.0,5.359544311861278,253,0.1911011145934965,0.0220921239438819,15994.832838979479
779,106.50116370739539,106.50116370739539,0.002447285250874512,0.0,5.359544311861278,253,0.19116980519888618,0.031081017731102653,15997.774544575359
780,105.9823388370653,105.9823388370653,-0.004883446434164435,0.0,5.359544311861278,253,0.19103358681208665,0.022034035090756708,15991.26877739117
781,105.34433950799533,105.34433950799533,-0.006038057025458826,0.0,5.359544311861278,253,0.1911260442184677,0.03099803293106503,15977.74940548652
782,105.2718604547694,105.2718604547694,-0.000688257181544844,0.0,5.359544311861278,253,0.1913734423145311,0.03496003213166573,15969.387632796668
783,105.47304695850531,105.47304695850531,0.001909289930866859,0.0,5.359544311861278,253,0.19140573377163858,0.036680793162707545,15972.905160735709
784,105.26646340152267,105.26646340152267,-0.0019605590124197533,0.0,5.359544311861278,253,0.19137695082224127,0.034068392698754835,15969.843142641846
785,104.71899630989931,104.71899630989931,-0.005214345153390808,0.0,5.359544311861278,253,0.19143833919738504,0.03722422866811537,15959.092380165985
786,105.07586525766702,105.07586525766702,0.0034020784809060335,0.0,5.359544311861278,253,0.19153145850928568,0.029453135382820315,15962.931389245314
787,104.95043071730322,104.95043071730322,-0.001194465242508143,0.0,5.359544311861278,253,0.19177152829993913,0.004571594407653899,15954.008828761993
788,105.69410923889129,105.69410923889129,0.00706101009399062,0.0,5.359544311861278,253,0.19144000651110352,-0.017166699532551663,15982.477780011452
789,105.72120041075213,105.72120041075213,0.0002562839186435742,0.0,5.359544311861278,253,0.19145435150610662,-0.020599612569166655,15982.63307051655
790,105.80401162310626,105.80401162310626,0.000782991453252038,0.0,5.359544311861278,253,0.19150383436933036,-0.0251967353688417,15982.718978579669
791,106.02966864178437,106.02966864178437,0.002130512048435628,0.0,5.359544311861278,253,0.1915786030003376,-0.017349469074302973,15984.962171229434
792,105.08106724852969,105.08106724852969,-0.008986826497231872,0.0,5.359544311861278,253,0.19263595179480125,-0.046905935733415505,15938.068203964307
793,104.99457402190941,104.99457402190941,-0.0008234484587033862,0.0,5.359544311861278,253,0.19292388454342607,-0.0669096215357109,15928.144990403875
794,104.6644808436759,104.6644808436759,-0.003148859477529143,0.0,5.359544311861278,253,0.19292800325625573,-0.05552983700502103,15923.20194977776
795,104.31580514123648,104.31580514123648,-0.0033369274459601286,0.0,5.359544311861278,253,0.19333140968574314,-0.03396949608998223,15909.344342195325
796,104.48043919743694,104.48043919743694,0.0015769832531290443,0.0,5.359544311861278,253,0.19333400466756084,-0.007129365487539415,15911.674705175663
797,104.73650725232952,104.73650725232952,0.002447872288577173,0.0,5.359544311861278,253,0.1933330633245848,0.043100948285588865,15915.598594800971
798,104.87612688815642,104.87612688815642,0.0013321683308611248,0.0,5.359544311861278,253,0.1933615043416763,0.09652572880504744,15916.80387179486
799,104.35083142018372,104.35083142018372,-0.005021308687299562,0.0,5.359544311861278,253,0.19334127918957075,0.05590832202146459,15908.129664357208
800,103.2907083953645,103.2907083953645,-0.010211176792134366,0.0,5.171742536726324,215,0.26790751216008823,0.06677982078043164,14647.448960328225
801,102.3740875694183,102.3740875694183,-0.008913794807421918,0.0,5.171742536726324,215,0.2677653684536446,0.10421101512189418,14635.986838385383
802,102.15613701623685,102.15613701623685,-0.0021312315685364553,0.0,5.171742536726324,215,0.26774250858706344,0.16583144119829304,14632.997591254903
803,102.32967588476825,102.32967588476825,0.001697319806510677,0.0,5.171742536726324,215,0.267751104408064,0.18366274516091508,14635.501101562344
804,102.75700659872473,102.75700659872473,0.004167324052652324,0.0,5.171742536726324,215,0.2677985249651811,0.1882947221900899,14641.042992744991
805,102.17588440870003,102.17588440870003,-0.00567135655757474,0.0,5.171742536726324,215,0.26770902915265476,0.17456961017357497,14633.818684868125
806,102.03592700110329,102.03592700110329,-0.001370708467288748,0.0,5.171742536726324,215,0.2677043676903034,0.1769712727714418,14631.562229819998
807,101.69787656637266,101.69787656637266,-0.0033185533186068784,0.0,5.171742536726324,215,0.26769794719647244,0.1773973495228491,14626.887981007098
808,101.34832840902399,101.34832840902399,-0.003443043938716644,0.0,5.171742536726324,215,0.267710477923808,0.17603993706877305,14621.60938199918
809,101.57355394065249,101.57355394065249,0.0022198258906942383,0.0,5.171742536726324,215,0.26774015756537045,0.1711045685287825,14624.149959647459
810,102.16796310230275,102.16796310230275,0.00583495064478183,0.0,5.171742536726324,215,0.2678281116522142,0.18032417703817413,14630.728529364009
811,101.29382032175234,101.29382032175234,-0.008592750386697856,0.0,5.171742536726324,215,0.2678183135532376,0.126139086133644,14618.415872390482
812,100.78004729571141,100.78004729571141,-0.005085013110956245,0.0,5.171742536726324,215,0.26783485366735654,0.15925074740456066,14610.903232511417
813,101.24653199398003,101.24653199398003,0.004618060939787531,0.0,5.171742536726324,215,0.2678883976698952,0.13628514717123158,14616.158977840307
814,101.69125651168552,101.69125651168552,0.00438287253343952,0.0,5.171742536726324,215,0.26794722150561573,0.15280601707913258,14621.042808347373
815,101.96762564413497,101.96762564413497,0.0027140412357072124,0.0,5.171742536726324,215,0.26795367469785064,0.17249720131643728,14624.739963266878
816,101.4819524066778,101.4819524066778,-0.00477439338709776,0.0,5.171742536726324,215,0.26796915180893616,0.11848666599189298,14617.553227779257
817,101.43434540947716,101.43434540947716,-0.000469227938677135,0.0,5.171742536726324,215,0.2679652600007243,0.12305311276257141,14616.952941754551
818,101.35825570042564,101.35825570042564,-0.0007504190212637542,0.0,5.171742536726324,215,0.2679707208324155,0.12281029493394875,14615.653271526233
819,101.79638940060475,101.79638940060475,0.0043133089990381535,0.0,5.171742536726324,215,0.2679869893381929,0.11959086764564325,14621.342543019266
820,101.75691749423441,101.75691749423441,-0.00038782869674012897,0.0,5.171742536726324,215,0.26800731359191393,0.12218866249324664,14620.31020618829
821,100.9430072248464,100.9430072248464,-0.008030734543031435,0.0,5.171742536726324,215,0.26833961372174847,0.13467913127951914,14601.434111305965
822,100.87717606059829,100.87717606059829,-0.0006523744603855844,0.0,5.171742536726324,215,0.2683397677560615,0.14011446307249986,14600.491071908586
823,100.9806032892575,100.9806032892575,0.0010247535472078136,0.0,5.171742536726324,215,0.26835182268021346,0.12397578941085799,14601.658089359555
824,101.57708367374282,101.57708367374282,0.005889503553941761,0.0,5.171742536726324,215,0.2683681096447898,0.09849113187448857,14609.548143887658
825,101.52418977655236,101.52418977655236,-0.0005208623017249037,0.0,5.171742536726324,215,0.26839192809044427,0.11156711704071054,14608.324102426497
826,101.58916975289823,101.58916975289823,0.0006398395330890938,0.0,5.171742536726324,215,0.2683927862519597,0.10922240203633539,14609.176536478024
827,100.82648727596784,100.82648727596784,-0.007535840828191772,0.0,5.171742536726324,215,0.2684419296392724,0.10128405127286375,14597.756977836878
828,101.28814763534692,101.28814763534692,0.004568310082689366,0.0,5.171742536726324,215,0.26843650868957775,0.070849438362058,14604.070619291475
829,100.32155447111913,100.32155447111913,-0.009588829905382717,0.0,5.171742536726324,215,0.2684772715141121,0.012570379043997652,14587.778730636328
830,100.6138340017422,100.6138340017422,0.0029091912478348262,0.0,5.171742536726324,215,0.26828288560381774,-0.003684041268136,14594.62105135227
831,99.77984190741958,99.77984190741958,-0.008323585119056193,0.0,5.171742536726324,215,0.2681045305383757,-0.036575244973996855,14576.073518574778
832,98.35234298093101,98.35234298093101,-0.014409810581874261,0.0,5.171742536726324,215,0.26985512553743857,0.04650528430000353,14513.600241207636
833,98.2357760693015,98.2357760693015,-0.0011859000010166047,0.0,5.171742536726324,215,0.2698667052074239,0.04546532932617363,14509.02361308121
834,97.88274298834779,97.88274298834779,-0.003600205263318973,0.0,5.171742536726324,215,0.2703495946739268,0.04593361706871648,14488.466571041683
835,97.50923690722648,97.50923690722648,-0.0038231511474146104,0.0,5.171742536726324,215,0.27035355238767866,0.04567678816786458,14480.432052433132
836,97.06001058909213,97.06001058909213,-0.004617657951023297,0.0,5.171742536726324,215,0.2706248870985217,0.0642868220098798,14464.605468976968
837,97.66472301368864,97.66472301368864,0.006210966191719516,0.0,5.171742536726324,215,0.27037971615249445,0.0509037475201167,14483.317971844697
838,97.58779660900261,97.58779660900261,-0.0007879684094725241,0.0,5.171742536726324,215,0.2703971214808495,0.032831440846973065,14481.127621762984
839,97.2225373217266,97.2225373217266,-0.0037499008181092557,0.0,5.171742536726324,215,0.27045859139817224,0.042101437390509464,14471.348681415906
840,97.44564384716597,97.44564384716597,0.0022921735004075025,0.0,5.171742536726324,215,0.2704601771085187,0.023337613116677924,14476.043871303329
841,97.47616506272772,97.47616506272772,0.0003131636832418359,0.0,5.171742536726324,215,0.270482437868399,0.030755261653980216,14476.085730675655
842,97.45505915052065,97.45505915052065,-0.0002165472707076626,0.0,5.171742536726324,215,0.2704870774804973,0.03059932481048637,14475.496808853602
843,96.93790391292212,96.93790391292212,-0.005320732288985731,0.0,5.171742536726324,215,0.27059485669094013,0.028581124000495003,14461.90192766634
844,96.96763905630749,96.96763905630749,0.0003066972007412886,0.0,5.171742536726324,215,0.27059778414234503,0.021663097823953488,14462.48470117115
845,97.37289977282944,97.37289977282944,0.00417063065065287,0.0,5.171742536726324,215,0.27061541660256466,0.04239524809362709,14470.97256812336
846,97.32977279441414,97.32977279441414,-0.0004430034631982282,0.0,5.171742536726324,215,0.27062244644660555,0.045962457639099404,14469.862783556622
847,96.09565793706824,96.09565793706824,-0.01276079985312738,0.0,5.171742536726324,215,0.2708785115234895,0.03348219467745706,14438.681716148243
848,96.16780063114642,96.16780063114642,0.0007504566702506548,0.0,5.171742536726324,215,0.27087922661812697,0.005190364983816184,14440.034232120584
849,96.38183431233497,96.38183431233497,0.002223154247007265,0.0,5.171742536726324,215,0.27088462516648276,0.008531148896939256,14444.053851749468
850,96.36353395414449,96.36353395414449,-0.0001898915487316003,0.0,5.171742536726324,215,0.27088877833755465,0.005967859881212896,14443.57629196355
851,96.5860381832287,96.5860381832287,0.002306346940797201,0.0,5.171742536726324,215,0.2708871619792596,0.029773055679105667,14448.056414224533
852,96.11846706273111,96.11846706273111,-0.004852735928219091,0.0,5.171742536726324,215,0.2708945566674099,0.024925153566916523,14438.692782083299
853,95.93596335093098,95.93596335093098,-0.0019005421154989785,0.0,5.171742536726324,215,0.27091810263728655,0.02682568580052234,14434.73365294278
854,96.46658919644584,96.46658919644584,0.005515801987087244,0.0,5.171742536726324,215,0.27086851715437676,0.02133297406200597,14446.077777193685
855,96.09430021658541,96.09430021658541,-0.0038667191957020407,0.0,5.171742536726324,215,0.2710777394472475,0.012976049712914654,14434.794351875158
856,95.21927469208244,95.21927469208244,-0.009147616698668768,0.0,5.171742536726324,215,0.2717604833488711,0.017403928643815413,14405.844695414382
857,95.28994083052478,95.28994083052478,0.0007418658618640526,0.0,5.171742536726324,215,0.27176940405712063,-0.0030372816871188234,14406.58594083248
858,95.63724674439658,95.63724674439658,0.003638102057179933,0.0,5.171742536726324,215,0.2715754221625643,0.012411329058195503,14416.727630269923
859,95.26470133448035,95.26470133448035,-0.0039030076601636447,0.0,5.171742536726324,215,0.2718385818044962,-0.017467421446356362,14404.555461224747
860,95.90694972401245,95.90694972401245,0.006719100894266132,0.0,5.171742536726324,215,0.27166346412846454,-0.08025745124765878,14419.061380129066
861,95.7004025150532,95.7004025150532,-0.002155943251130919,0.0,5.171742536726324,215,0.27189461991693076,-0.0949389058535292,14410.716116236856
862,96.23795662088283,96.23795662088283,0.005601334863199988,0.0,5.171742536726324,215,0.2715939806297681,-0.09478210946545595,14426.89135874777
863,96.91509494557664,96.91509494557664,0.00701144603443909,0.0,5.171742536726324,215,0.27140760664622576,-0.06388171606174287,14444.315118017197
864,97.6266177221125,97.6266177221125,0.00731489344301914,0.0,5.171742536726324,215,0.27122024792419386,-0.002429503851475659,14463.275092512302
865,97.43894427196555,97.43894427196555,-0.0019242095440609587,0.0,5.171742536726324,215,0.27125381517181324,-0.01031878225782967,14458.594111810911
866,97.8179009241709,97.8179009241709,0.003881627070611802,0.0,5.171742536726324,215,0.27122109988726845,-0.014882169904640833,14467.098770949508
867,97.95975298333872,97.95975298333872,0.0014491141471961394,0.0,5.171742536726324,215,0.2712616004471532,-0.013382994705634485,14468.485448728796
868,97.54461790151821,97.54461790151821,-0.0042468176427029585,0.0,5.171742536726324,215,0.27177843468212487,-0.012999194581348218,14446.714541269857
869,97.5863449055378,97.5863449055378,0.00042768204548742224,0.0,5.171742536726324,215,0.27182405760539696,-0.028237329491678235,14444.404005236578
870,97.77774427207726,97.77774427207726,0.0019594125878685063,0.0,5.171742536726324,215,0.2717588348427794,0.008532752411419656,14446.704046741585
871,98.82162751110928,98.82162751110928,0.010619495268557209,0.0,5.171742536726324,215,0.27162462489468764,0.0031232473041171807,14467.702147420732
872,98.44751095014584,98.44751095014584,-0.003792960342423891,0.0,5.171742536726324,215,0.2721435418018802,-0.0060135206426555335,14450.031481206268
873,98.97057534611541,98.97057534611541,0.00529906484007316,0.0,5.171742536726324,215,0.2720871726158618,-0.034515600322372844,14460.494541426653
874,99.19059095866874,99.19059095866874,0.0022205733551448415,0.0,5.171742536726324,215,0.2718607696384246,-0.03505325243522126,14469.70660973976
875,99.26862410137838,99.26862410137838,0.0007863897547654328,0.0,5.171742536726324,215,0.2719369298018999,-0.023931369136909474,14468.90614376864
876,99.45736140013561,99.45736140013561,0.0018994733379021518,0.0,5.171742536726324,215,0.2719347415998865,-0.0225960838009162,14471.95475176183
877,99.9009600550823,99.9009600550823,0.004450272091258669,0.0,5.171742536726324,215,0.271929258715024,-0.015179598604870123,14479.234039256087
878,98.90853334449709,98.90853334449709,-0.009983778309718881,0.0,5.171742536726324,215,0.2718674591716558,-0.04206704168247293,14465.152934919242
879,97.42658648894641,97.42658648894641,-0.015096382159593512,0.0,5.171742536726324,215,0.27196566300786923,0.040552197162834334,14443.698471828113
880,97.00964892136179,97.00964892136179,-0.004288688327670528,0.0,5.171742536726324,215,0.27205304649222944,0.07048860098861462,14437.407544850985
881,97.0150793177978,97.0150793177978,5.5976333395296946e-05,0.0,5.171742536726324,215,0.27207464833228645,0.07095255666139005,14436.930962077593
882,96.29509221670706,96.29509221670706,-0.007449069282083663,0.0,5.171742536726324,215,0.2722095049245745,0.06629166654708253,14427.041359122964
883,95.95062743400324,95.95062743400324,-0.003583592414626424,0.0,5.171742536726324,215,0.27231075483332756,0.06954669638726746,14421.76225067288
884,96.15412778399785,96.15412778399785,0.002118640175081451,0.0,5.171742536726324,215,0.27224940322354674,0.06484203834763379,14424.869954119391
885,95.83086048154192,95.83086048154192,-0.0033676342185903134,0.0,5.171742536726324,215,0.2723713774612987,0.059987843427395715,14419.327834659256
886,96.15643355468956,96.15643355468956,0.00339161387603358,0.0,5.171742536726324,215,0.2722989734221609,0.05933884686301201,14423.53149425399
887,95.92948893794072,95.92948893794072,-0.0023629500735911075,0.0,5.171742536726324,215,0.27236942558916627,0.07811861120779162,14420.086030430111
888,95.88983524372061,95.88983524372061,-0.0004134483838283166,0.0,5.171742536726324,215,0.27238252227764803,0.10707331860602451,14419.455171540156
889,95.68170454468326,95.68170454468326,-0.002172877883178538,0.0,5.171742536726324,215,0.27246294129513426,0.13162933427397397,14415.994278275808
890,95.7469291455005,95.7469291455005,0.0006814508580453116,0.0,5.171742536726324,215,0.27245060357617507,0.14867294251551635,14416.783757636522
891,95.83034650826445,95.83034650826445,0.0008708482543256428,0.0,5.171742536726324,215,0.2724400844311645,0.08811086816020479,14417.698414547369
892,95.91887036568632,95.91887036568632,0.0009233295984641007,0.0,5.171742536726324,215,0.2724176200899009,0.09429314828043943,14418.922531976117
893,96.0389583676103,96.0389583676103,0.0012511916641558408,0.0,5.171742536726324,215,0.27237600351295393,0.09387915626624846,14420.840155646989
894,95.51024292602261,95.51024292602261,-0.005520427970868437,0.0,5.171742536726324,215,0.272567505819084,0.07889928025973753,14412.286687353606
895,95.97630118067225,95.97630118067225,0.004867800785827203,0.0,5.171742536726324,215,0.27238409737277797,0.04776063140374432,14420.146911479113
896,94.89007311409662,94.89007311409662,-0.01138220179127887,0.0,5.171742536726324,215,0.27279852236149427,0.025122848411098266,14402.202738403628
897,95.84385292716013,95.84385292716013,0.010001238720145482,0.0,5.171742536726324,215,0.27240496175447076,-0.046698666280679466,14418.605751262798
898,95.68610714368529,95.68610714368529,-0.0016472182115475605,0.0,5.171742536726324,215,0.2724514503092288,-0.05640989602961496,14416.265571042883
899,96.43300241086229,96.43300241086229,0.007775374680753456,0.0,5.171742536726324,215,0.27225103605374673,-0.05579149418320435,14427.282487765544
900,96.50493262990187,96.50493262990187,0.0007456306854008762,0.0,5.171742536726324,215,0.27225404331275366,-0.05237858694866757,14427.821152029523
901,95.93633836012218,95.93633836012218,-0.005909292964557149,0.0,5.171742536726324,215,0.27276791439184156,-0.05453536224897971,14410.77796838271
902,96.18249824366445,96.18249824366445,0.0025625807713715474,0.0,5.171742536726324,215,0.27261028450603164,-0.06389691438493385,14416.601357985553
903,96.06439080488495,96.06439080488495,-0.0012287060063557544,0.0,5.171742536726324,215,0.2726597079839112,-0.06515801022476395,14414.382798829982
904,96.86036903266636,96.86036903266636,0.008251742752388245,0.0,5.171742536726324,215,0.27235899619358017,-0.06862525919166158,14429.035846980594
905,97.40056730046412,97.40056730046412,0.005561588144397171,0.0,5.171742536726324,215,0.27220892888201476,-0.04009249479484554,14437.984612443419
906,98.1561781152284,98.1561781152284,0.00772782931661408,0.0,5.171742536726324,215,0.2718561462572239,-0.018825220683539357,14453.623079570401
907,98.08396072944568,98.08396072944568,-0.0007360103745133212,0.0,5.171742536726324,215,0.2719377667497862,-0.02160125171001531,14450.958604798005
908,97.72458769264071,97.72458769264071,-0.0036706614007361387,0.0,5.171742536726324,215,0.27203105275699,-0.019309612160260878,14444.765636823164
909,98.28928114006445,98.28928114006445,0.005761786275824967,0.0,5.171742536726324,215,0.2715936421093648,-0.03154331157217561,14460.87999054751
910,98.17668423252752,98.17668423252752,-0.0011462231603436121,0.0,5.171742536726324,215,0.2716567915913995,-0.03575537900413534,14455.295586844599
911,97.87132697660596,97.87132697660596,-0.003115129819183677,0.0,5.171742536726324,215,0.2720420679358004,-0.02619701355328248,14439.17465309707
912,97.34754816691226,97.34754816691226,-0.005366080161571575,0.0,5.171742536726324,215,0.2721848383124659,-0.021336099426317652,14425.895393507588
913,96.88994790523337,96.88994790523337,-0.004711769020110919,0.0,5.171742536726324,215,0.27275144517406935,0.0018167919835390355,14405.74087657459
914,96.42818475776518,96.42818475776518,-0.004777244837885965,0.0,5.171742536726324,215,0.272902598598273,0.02892854155818107,14395.237647300026
915,95.82533532470345,95.82533532470345,-0.006271421284533812,0.0,5.171742536726324,215,0.2735311302494762,0.025645845220534813,14372.396516940771
916,95.89620770351935,95.89620770351935,0.000739326222027449,0.0,5.171742536726324,215,0.2735330284907535,0.027525209067363367,14372.75747383579
917,94.87017895556622,94.87017895556622,-0.010757017100103896,0.0,5.171742536726324,215,0.27411430045649465,0.020037334325214838,14349.155759896363
918,95.31581055986331,95.31581055986331,0.004686280214262162,0.0,5.171742536726324,215,0.27391480905966636,-0.0011153777347457892,14358.815721660923
919,95.68866629556517,95.68866629556517,0.0039041619907980245,0.0,5.171742536726324,215,0.2737261889698448,0.0248599125312106,14366.655649441156
920,95.79109317926995,95.79109317926995,0.001069845645881984,0.0,5.171742536726324,215,0.27368576568620023,0.03623116785817759,14368.45444744346
921,95.64158131530617,95.64158131530617,-0.001562031087519761,0.0,5.171742536726324,215,0.2737755873518146,0.042391735509929314,14364.705953419245
922,96.14710768608985,96.14710768608985,0.005271713823905435,0.0,5.171742536726324,215,0.2735709881279367,0.014291620827152766,14375.64292290717
923,96.47737441916267,96.47737441916267,0.0034291285624226753,0.0,5.171742536726324,215,0.27341296497970136,-0.0060446554727213294,14382.616597138105
924,96.02785800344762,96.02785800344762,-0.0046701819693552495,0.0,5.171742536726324,215,0.27359863623866504,-0.008396320103333287,14371.744285528095
925,95.3698326702399,95.3698326702399,-0.006876027850661319,0.0,5.171742536726324,215,0.2739485413362614,0.013313985117900887,14357.14922441329
926,94.73940882364352,94.73940882364352,-0.006632251567565713,0.0,5.171742536726324,215,0.27428382424833353,0.03232555072757181,14342.685605946677
927,95.06021280593797,95.06021280593797,0.003380452342716727,0.0,5.171742536726324,215,0.2741164493912474,0.022299431683886806,14349.362751518524
928,95.46187010624203,95.46187010624203,0.0042163920236274865,0.0,5.171742536726324,215,0.27392163914050394,0.03480904400199822,14357.750726560538
929,94.94177590912726,94.94177590912726,-0.005463083313035486,0.0,5.171742536726324,215,0.2742289781934168,0.01948871836363386,14344.78061094217
930,94.014144255323,94.014144255323,-0.009818576790854166,0.0,5.171742536726324,215,0.2747845346202515,0.02828773571419525,14320.755640838797
931,93.52325659374951,93.52325659374951,-0.005235102763165227,0.0,5.171742536726324,215,0.27509939168967923,0.07460801331281673,14308.45045692404
932,92.32618938954192,92.32618938954192,-0.012882295695029052,0.0,5.171742536726324,215,0.27589357201239634,0.10698371663371814,14277.194949526467
933,92.80413114413486,92.80413114413486,0.00516331214718031,0.0,5.171742536726324,215,0.27559131808632115,0.055143923261129095,14288.28522427085
934,93.49393600828748,93.49393600828748,0.007405423224390625,0.0,5.171742536726324,215,0.27511677190448447,0.07843719802366017,14306.481721850576
935,93.02309216008646,93.02309216008646,-0.005048813537246372,0.0,5.171742536726324,215,0.2754489670133399,0.056972152391549166,14293.315530185779
936,92.20705386431848,92.20705386431848,-0.008811131371152156,0.0,5.171742536726324,215,0.2760706929064879,0.06201696510383851,14269.740320866138
937,91.95239826349145,91.95239826349145,-0.0027656007899329632,0.0,5.171742536726324,215,0.27633148943054736,0.09519741706281798,14259.569034746513
938,91.17892151201103,91.17892151201103,-0.008447286371500351,0.0,5.171742536726324,215,0.27711880683874535,0.0388163994390577,14222.503145571258
939,91.50534504394811,91.50534504394811,0.003573639760932292,0.0,5.171742536726324,215,0.27701365462870386,-0.004210028413291206,14226.820202455201
940,90.93678716321396,90.93678716321396,-0.006232767776140989,0.0,5.171742536726324,215,0.27767034815255365,-0.0158862704004028,14199.813939799462
941,91.36587429365525,91.36587429365525,0.004707423571186564,0.0,5.171742536726324,215,0.27749846242439746,-0.028629299852979705,14208.049856614452
942,91.62922695506714,91.62922695506714,0.002878250198207816,0.0,5.171742536726324,215,0.27730533495605453,-0.02685947109717605,14215.76370423631
943,91.22872622137022,91.22872622137022,-0.0043804643676238035,0.0,5.171742536726324,215,0.27766229500723294,-0.029679104018109383,14202.220168975793
944,91.21059496677674,91.21059496677674,-0.00019876476776051032,0.0,5.171742536726324,215,0.27771399950727593,-0.026833430040915634,14200.156035451037
945,90.80448268406127,90.80448268406127,-0.004462410058218237,0.0,5.171742536726324,215,0.27803530756161227,-0.022048042808595358,14187.201311007973
946,90.93980428656718,90.93980428656718,0.001489143122662359,0.0,5.171742536726324,215,0.27794838265916333,-0.023550229899364464,14190.26995642272
947,90.99006179063743,90.99006179063743,0.0005524931824809827,0.0,5.171742536726324,215,0.27792890326208547,-0.02107514981008235,14190.801855726273
948,90.6399926590722,90.6399926590722,-0.0038547537311765107,0.0,5.171742536726324,215,0.27826160113554005,-0.023054214291024406,14178.296725936814
949,90.71942540033254,90.71942540033254,0.000875970458986963,0.0,5.171742536726324,215,0.2782173516935025,-0.02491651422100989,14179.800653111217
950,90.89455369154473,90.89455369154473,0.0019285778150897434,0.0,5.171742536726324,215,0.2780964145851603,-0.02353352195819045,14184.141034050888
951,91.70978256551118,91.70978256551118,0.008928969672333783,0.0,5.171742536726324,215,0.2775893069153975,-0.008885591385988843,14204.174241900982
952,91.52807340884611,91.52807340884611,-0.0019833152408619036,0.0,5.171742536726324,215,0.2777691093295115,-0.01736767800271476,14197.40106446725
953,91.45951403505164,91.45951403505164,-0.0007493336347034899,0.0,5.171742536726324,215,0.27783408857608954,-0.012117192958321412,14194.70512003133
954,90.74839360561727,90.74839360561727,-0.007805633127878875,0.0,5.171742536726324,215,0.2784550512835409,0.0021922606954691537,14171.641672147609
955,90.30752469565604,90.30752469565604,-0.004869984758618265,0.0,5.171742536726324,215,0.27877059385305986,0.05057509057437659,14159.530508346512
956,89.45746045913785,89.45746045913785,-0.009457576757751383,0.0,5.171742536726324,215,0.27959537852615024,0.13302512714548528,14129.91935611229
957,89.45867412401645,89.45867412401645,1.3566857806886695e-05,0.0,5.171742536726324,215,0.2796190671773892,0.14090677348696912,14129.089111914804
958,89.34079056239514,89.34079056239514,-0.0013186122107108136,0.0,5.171742536726324,215,0.2797634582789789,0.14348035099719242,14123.968861115798
959,90.13449133955004,90.13449133955004,0.008844738316772592,0.0,5.171742536726324,215,0.2792670694900084,0.13095674568162555,14141.90666331815
960,90.03331239825582,90.03331239825582,-0.0011231635156953182,0.0,5.171742536726324,215,0.27940296924032004,0.13657291843840486,14137.347643320938
961,90.12373701935071,90.12373701935071,0.001003842247423769,0.0,5.171742536726324,215,0.27936591078772083,0.1485888303848353,14138.827550298709
962,90.31923820639679,90.31923820639679,0.0021669035693852447,0.0,5.171742536726324,215,0.27924929540428384,0.15313242802129703,14143.366827245576
963,90.2666641306466,90.2666641306466,-0.0005822611461375709,0.0,5.171742536726324,215,0.2793010439284239,0.15506954939668274,14141.133149030535
964,90.52091590695514,90.52091590695514,0.0028127147216510415,0.0,5.171742536726324,215,0.2791540795428457,0.12400554554992875,14146.935800648409
965,90.17397808016939,90.17397808016939,-0.003840044900632695,0.0,5.171742536726324,215,0.27939982527005003,0.08084209037813082,14136.803084887242
966,89.69601327527589,89.69601327527589,-0.00531457111091776,0.0,5.171742536726324,215,0.27962608556737967,0.08665623159722526,14119.631418997678
967,90.03849559889304,90.03849559889304,0.0038109847715812966,0.0,5.171742536726324,215,0.27930161316311924,0.0728382084615861,14133.271901019563
968,90.44113775882849,90.44113775882849,0.0044619198349650615,0.0,5.171742536726324,215,0.27928946675587635,0.1021561757157359,14138.58146399464
969,91.07580664067603,91.07580664067603,0.006992972147129505,0.0,5.171742536726324,215,0.2786843775240971,0.1306843150023401,14167.933484903559
970,90.70092227095658,90.70092227095658,-0.004124674301867646,0.0,5.171742536726324,215,0.2787539975783017,0.1152967893124788,14158.830153344963
971,89.97414035264745,89.97414035264745,-0.008045225808930079,0.0,5.171742536726324,215,0.2792051146518284,0.11978249409856911,14136.45000995468
972,90.1441353144269,90.1441353144269,0.0018875931564891384,0.0,5.171742536726324,215,0.27913320792898644,0.09801731745732567,14140.148715184163
973,90.35491986085191,90.35491986085191,0.002335576128506318,0.0,5.171742536726324,215,0.2790816515381355,0.09714744513735547,14144.566140222329
974,91.11614749514118,91.11614749514118,0.008389569866809839,0.0,5.171742536726324,215,0.27876776502510603,0.10051411838542959,14165.361511812642
975,90.31645745683171,90.31645745683171,-0.008815341842119668,0.0,5.171742536726324,215,0.2790041817376855,0.06127246580806752,14145.49655492903
976,89.81931304577576,89.81931304577576,-0.005519677428528025,0.0,5.171742536726324,215,0.2793327189824844,0.09119882045276341,14130.29705113547
977,89.46092585693135,89.46092585693135,-0.0039980721626309244,0.0,5.171742536726324,215,0.2795115401500516,0.13712751111080032,14121.305742799856
978,88.93749603594313,88.93749603594313,-0.005868116067953145,0.0,5.171742536726324,215,0.2799218947744232,0.1289871022669428,14105.405603264371
979,89.10651055004767,89.10651055004767,0.0018985706749038652,0.0,5.171742536726324,215,0.2798615883526434,0.11440061051713182,14108.473489833477
980,89.2749113917498,89.2749113917498,0.0018880989948044894,0.0,5.171742536726324,215,0.27977918196922047,0.12043618372047031,14112.325318808525
981,88.57543698812935,88.57543698812935,-0.007865916671136373,0.0,5.171742536726324,215,0.2802081835054956,0.10617731846854624,14093.45369957593
982,89.48458944719496,89.48458944719496,0.010211841230360343,0.0,5.171742536726324,215,0.27964104466605444,0.04108746959090384,14117.864965595261
983,89.69831753796932,89.69831753796932,0.002385586836728992,0.0,5.171742536726324,215,0.27955278480005225,0.07365200171281161,14122.19883672405
984,90.16267931342483,90.16267931342483,0.005163574263880125,0.0,5.171742536726324,215,0.2793203450301649,0.07358149718023534,14133.43456715519
985,90.40245034988143,90.40245034988143,0.0026557860627141818,0.0,5.171742536726324,215,0.279261608103901,0.068067308945582,14138.499846377652
986,90.80227519114209,90.80227519114209,0.004412969793429378,0.0,5.171742536726324,215,0.27913042433331237,0.09282352114809392,14148.554202675667
987,91.31163247640846,91.31163247640846,0.005593846400705126,0.0,5.171742536726324,215,0.27898658812367727,0.0986326361137676,14160.416930994334
988,91.249618545682,91.249618545682,-0.0006793767326253078,0.0,5.171742536726324,215,0.279042020034553,0.11329534698305165,14157.671349376235
989,91.56172191098852,91.56172191098852,0.003414489142242308,0.0,5.171742536726324,215,0.2789922662592336,0.08827879310757807,14163.07814713097
990,90.9683552539676,90.9683552539676,-0.006501599696983046,0.0,5.171742536726324,215,0.27923949956550703,0.05138513890593086,14144.932751864357
991,90.9253260638435,90.9253260638435,-0.0004731246364911224,0.0,5.171742536726324,215,0.27945216389063904,0.016528844337616946,14137.008258992513
992,90.35308295662541,90.35308295662541,-0.006313438109766934,0.0,5.171742536726324,215,0.2796607944411167,0.06226100054700455,14124.958890883994
993,90.1602838096768,90.1602838096768,-0.0021361212603199548,0.0,5.171742536726324,215,0.28009014255000364,0.041196570100281465,14109.3691874506
994,89.39613559224696,89.39613559224696,-0.008511562363561072,0.0,5.171742536726324,215,0.2803870773382073,0.07293119474725353,14095.318565848042
995,89.54288970346698,89.54288970346698,0.0016402698503671848,0.0,5.171742536726324,215,0.28026572385939363,0.03747876849178144,14099.172468277922
996,89.47489935201834,89.47489935201834,-0.0007595932792653609,0.0,5.171742536726324,215,0.28042370477500433,0.02602168460746463,14094.800656185515
997,88.90096161051311,88.90096161051311,-0.006435172551257562,0.0,5.171742536726324,215,0.28077892496251694,0.014754256559357436,14079.993823418885
998,87.8960483982836,87.8960483982836,-0.011368111197865162,0.0,5.171742536726324,215,0.28150340534627816,0.07717448216285867,14054.28905224288
999,87.7474520478612,87.7474520478612,-0.0016920225968717418,0.0,5.171742536726324,215,0.28159291677217335,0.10135451517454924,14050.679008690004
1000,88.38630762165171,88.38630762165171,0.007254241056139561,0.0,4.967886681611613,179,0.32905018551892556,0.11363834355291517,13364.965673535507
1001,88.63586885364347,88.63586885364347,0.002819549530936412,0.0,4.967886681611613,179,0.32898320975461964,0.1199559636382436,13366.956669557985
1002,88.4238273981978,88.4238273981978,-0.0023951419922503296,0.0,4.967886681611613,179,0.329081117116678,0.12513896631884544,13364.343829267536
1003,88.21702065212183,88.21702065212183,-0.002341551717507193,0.0,4.967886681611613,179,0.32916270112008,0.12908858961481717,13361.875416234428
1004,88.2276206389375,88.2276206389375,0.00012015085015742389,0.0,4.967886681611613,179,0.32917586135142035,0.12917838357700878,13361.572409843871
1005,88.38962808680176,88.38962808680176,0.0018345602648774991,0.0,4.967886681611613,179,0.3291363103863402,0.13633711058393486,13362.741833992093
1006,88.34880555137032,88.34880555137032,-0.0004619542599431133,0.0,4.967886681611613,179,0.3291686549135254,0.13530084404133522,13361.927757942301
1007,88.43933632624176,88.43933632624176,0.0010241725697584803,0.0,4.967886681611613,179,0.32915213825710066,0.13753586109527996,13362.419445687963
1008,88.07152213264983,88.07152213264983,-0.004167615853032658,0.0,4.967886681611613,179,0.3293072794442386,0.13669126901180026,13358.356692971689
1009,87.74195496981565,87.74195496981565,-0.003749058994604055,0.0,4.967886681611613,179,0.3294279699639314,0.1415710562189,13354.865697378274
1010,87.7877780126275,87.7877780126275,0.0005221114744974003,0.0,4.967886681611613,179,0.3294277485522266,0.12384378681158177,13354.916397981871
1011,87.53597903664861,87.53597903664861,-0.0028723905230145447,0.0,4.967886681611613,179,0.3295232542237173,0.13802544412452075,13352.174837800185
1012,87.84693342590025,87.84693342590025,0.0035460092516258895,0.0,4.967886681611613,179,0.3294167058708159,0.13000891499105405,13354.95563199082
1013,87.07141260057313,87.07141260057313,-0.008867290646900512,0.0,4.967886681611613,179,0.3297537787474925,0.10144295227988206,13346.052209698932
1014,87.06069014757288,87.06069014757288,-0.0001231530871627602,0.0,4.967886681611613,179,0.32976815245255875,0.08045502563499052,13345.678474859411
1015,86.30164188999929,86.30164188999929,-0.008756840071388255,0.0,4.967886681611613,179,0.33010333583073737,0.050847075380093934,13337.138016026203
1016,86.22624407512797,86.22624407512797,-0.0008740363246149567,0.0,4.967886681611613,179,0.330145358257541,0.05819236546379963,13336.105773808591
1017,85.34511841851264,85.34511841851264,-0.010271334217794572,0.0,4.967886681611613,179,0.33052971655121427,0.05662807976433046,13326.58112386437
1018,85.34254784594083,85.34254784594083,-3.0120191203773598e-05,0.0,4.967886681611613,179,0.3305617613830904,0.05541080155614743,13325.60096267749
1019,85.55347354784452,85.55347354784452,0.0024684695089676116,0.0,4.967886681611613,179,0.33051728868553887,0.06201602385589107,13326.97196403652
1020,85.61928850920368,85.61928850920368,0.0007689887551210334,0.0,4.967886681611613,179,0.33055357575476185,0.06610551120075964,13325.76847036685
1021,85.62714536110363,85.62714536110363,9.176076520711196e-05,0.0,4.967886681611613,179,0.33061116599559126,0.06333517420448202,13323.872236026096
1022,85.47877125106028,85.47877125106028,-0.0017342959281696287,0.0,4.967886681611613,179,0.33077103594872664,0.06239999298095678,13318.918029925942
1023,84.84185737294845,84.84185737294845,-0.007479033539500724,0.0,4.967886681611613,179,0.3312189557805647,0.06308075976335566,13304.165554668081
1024,84.76167147121369,84.76167147121369,-0.0009455688599847695,0.0,4.967886681611613,179,0.3312744727562025,0.07078061125753421,13302.213363674262
1025,85.28231967637397,85.28231967637397,0.006123707502537467,0.0,4.967886681611613,179,0.33105171515360743,0.06087490819218034,13311.332746266875
1026,84.49920170907734,84.49920170907734,-0.009225073666903021,0.0,4.967886681611613,179,0.33138322988278257,0.034327704063642564,13298.023525365756
1027,84.7867908980648,84.7867908980648,0.003397675864658472,0.0,4.967886681611613,179,0.33126263982098814,-0.006365127018977138,13302.808867057423
1028,84.4826231426543,84.4826231426543,-0.0035938930198557762,0.0,4.967886681611613,179,0.3313944730756605,-0.04422673392984871,13297.71481831627
1029,83.90598828109613,83.90598828109613,-0.006848884977544641,0.0,4.967886681611613,179,0.3315933832820098,-0.020099539997821204,13288.766362965991
1030,84.44157742800144,84.44157742800144,0.006362918901375667,0.0,4.967886681611613,179,0.33144762386007426,-0.06051567900230351,13295.852513670576
1031,84.38558991647281,84.38558991647281,-0.0006632524191656729,0.0,4.967886681611613,179,0.33148123969496646,-0.045760394988252524,13294.618223593525
1032,85.23269596835104,85.23269596835104,0.009988464278923173,0.0,4.967886681611613,179,0.3312019828583493,-0.04550516430230832,13307.008567363802
1033,85.81205122600984,85.81205122600984,0.006774338093292314,0.0,4.967886681611613,179,0.3310325523664995,-0.010721758187604109,13315.545105633631
1034,85.23857185821751,85.23857185821751,-0.006705401081868441,0.0,4.967886681611613,179,0.3311773953758955,0.006998296634371359,13307.7150860963
1035,85.227790295288,85.227790295288,-0.0001264949026621332,0.0,4.967886681611613,179,0.331192429487298,-0.019876713297289298,13307.232003940102
1036,84.07596207066248,84.07596207066248,-0.013606857259735759,0.0,4.967886681611613,179,0.33163975703353415,-0.03235293776371961,13289.059223911536
1037,84.0807056164877,84.0807056164877,5.641817112240918e-05,0.0,4.967886681611613,179,0.33165092187639955,-0.04995816991509349,13288.786859772265
1038,83.4963753440816,83.4963753440816,-0.006973896875494021,0.0,4.967886681611613,179,0.33188318868014355,-0.04494588580148777,13279.6973195421
1039,83.0885217128543,83.0885217128543,-0.004896655739699967,0.0,4.967886681611613,179,0.3320533099079042,-0.03675872813528821,13272.996477686102
1040,83.85758178305922,83.85758178305922,0.009213338847336262,0.0,4.967886681611613,179,0.33179451480274536,-0.0453397676481774,13283.847691562802
1041,83.27111623253843,83.27111623253843,-0.007018159833204281,0.0,4.967886681611613,179,0.33203270401433954,-0.036742095458517365,13274.374364437732
1042,83.6058016464487,83.6058016464487,0.0040111702314143925,0.0,4.967886681611613,179,0.3319346909998293,-0.08143169565487988,13278.794941590031
1043,83.62960154331681,83.62960154331681,0.0002846274960306972,0.0,4.967886681611613,179,0.33193765114807955,-0.09121238205240131,13278.86491003079
1044,83.60434775618344,83.60434775618344,-0.00030201747230284914,0.0,4.967886681611613,179,0.3319578010627036,-0.1083903880016343,13278.255947093985
1045,83.10226438505917,83.10226438505917,-0.006023574983431746,0.0,4.967886681611613,179,0.33219487344924076,-0.12549520553899682,13268.56470778613
1046,83.02849044624861,83.02849044624861,-0.0008881431223841897,0.0,4.967886681611613,179,0.3322687481342918,-0.1563032164479653,13262.895430941087
1047,83.31191908692023,83.31191908692023,0.003407817929032824,0.0,4.967886681611613,179,0.332136726802161,-0.1609524011564226,13270.119694393086
1048,83.44030531849305,83.44030531849305,0.0015398446095562413,0.0,4.967886681611613,179,0.3321817158353277,-0.1528900368893818,13270.484034571735
1049,83.30731304416314,83.30731304416314,-0.0015951328580897748,0.0,4.967886681611613,179,0.3323920837962084,-0.13949077580899874,13262.929602469032
1050,83.46518771511424,83.46518771511424,0.0018932943667768752,0.0,4.967886681611613,179,0.33240657285716574,-0.13756192961218144,13265.201142685863
1051,83.97177007069651,83.97177007069651,0.006051040439263018,0.0,4.967886681611613,179,0.3322241233680412,-0.11425874495409183,13278.411179211736
1052,83.52259171109766,83.52259171109766,-0.005363517095436789,0.0,4.967886681611613,179,0.33234004439994963,-0.1365705856533449,13267.838860364744
1053,83.20948550270668,83.20948550270668,-0.0037558049018674485,0.0,4.967886681611613,179,0.3324356940985961,-0.1334492400174128,13260.17645660303
1054,83.56264554993393,83.56264554993393,0.004235246895189064,0.0,4.967886681611613,179,0.3323177721741772,-0.1309529019524714,13268.379799755905
1055,83.73818560001087,83.73818560001087,0.002098496621791768,0.0,4.967886681611613,179,0.33225422079159794,-0.12020459644835771,13272.0453781959
1056,83.96467859142471,83.96467859142471,0.0027011241604601314,0.0,4.967886681611613,179,0.3321844049965265,-0.11022417638074147,13277.104930707304
1057,84.46886831829002,84.46886831829002,0.005986826758084314,0.0,4.967886681611613,179,0.3319833224541224,-0.1293252065361893,13288.423115997604
1058,84.02576743917493,84.02576743917493,-0.005259537178392004,0.0,4.967886681611613,179,0.33213517985111457,-0.1642375114580033,13277.244904002426
1059,84.55189291071494,84.55189291071494,0.006241956125020759,0.0,4.967886681611613,179,0.3319875827978887,-0.17423589961087005,13289.85439601758
1060,84.42802034957245,84.42802034957245,-0.0014661219897834344,0.0,4.967886681611613,179,0.33202752991039775,-0.20506155447259367,13286.724607634062
1061,84.29610756926043,84.29610756926043,-0.0015636507809096817,0.0,4.967886681611613,179,0.33208224391442176,-0.20253492199036505,13283.14107268027
1062,83.35628752846097,83.35628752846097,-0.011211648779960772,0.0,4.967886681611613,179,0.3323771981129955,-0.18549741203002104,13260.276497831976
1063,83.89091616177794,83.89091616177794,0.006393296181509469,0.0,4.967886681611613,179,0.3322236538888788,-0.22538746064718657,13272.98245786543
1064,84.33875435406257,84.33875435406257,0.005324141083998207,0.0,4.967886681611613,179,0.3321072371701032,-0.1948096916659868,13283.391344587824
1065,84.83630843635378,84.83630843635378,0.005882137812500134,0.0,4.967886681611613,179,0.33198107031261065,-0.16703074336478166,13295.179888987544
1066,85.00151273879975,85.00151273879975,0.0019454365748130854,0.0,4.967886681611613,179,0.3319473193093,-0.1563714511373739,13298.899837633462
1067,84.88172954226054,84.88172954226054,-0.0014101828382962077,0.0,4.967886681611613,179,0.33199912236592083,-0.15424268462361654,13295.546421385845
1068,85.22565015604202,85.22565015604202,0.004043576275147505,0.0,4.967886681611613,179,0.3319241637047362,-0.16223520356207838,13303.454583940686
1069,84.81926605831264,84.81926605831264,-0.0047797356187948,0.0,4.967886681611613,179,0.3320356138842487,-0.1708407536018007,13293.473199055776
1070,84.97785327827103,84.97785327827103,0.0018679617968897437,0.0,4.967886681611613,179,0.3320014927225256,-0.17490141111025825,13297.087303569315
1071,84.7274060594973,84.7274060594973,-0.002951557324378026,0.0,4.967886681611613,179,0.33207764773663395,-0.1726980073873868,13289.395101461621
1072,85.04775706775979,85.04775706775979,0.003773831019325272,0.0,4.967886681611613,179,0.33202683114514925,-0.1587577452469458,13293.734477325766
1073,85.06783231783712,85.06783231783712,0.00023601893563096797,0.0,4.967886681611613,179,0.3321155174993558,-0.1621192475526702,13291.225521512399
1074,85.67429850755916,85.67429850755916,0.007103914391385965,0.0,4.967886681611613,179,0.3320366657858894,-0.1534042335557219,13296.397227940297
1075,86.42885029357976,86.42885029357976,0.00876865561168973,0.0,4.967886681611613,179,0.33136957002782325,-0.11862785798420987,13314.295393667799
1076,86.63098378310582,86.63098378310582,0.002335996478011893,0.0,4.967886681611613,179,0.3313495471518867,-0.11227723506995496,13315.954130491016
1077,86.98700866515746,86.98700866515746,0.004101249830926595,0.0,4.967886681611613,179,0.33117044147902847,-0.11548636431135154,13322.009091248736
1078,87.60686619201414,87.60686619201414,0.0071005942415291005,0.0,4.967886681611613,179,0.33092436458756946,-0.09635821505902081,13331.500101235602
1079,87.75196941246664,87.75196941246664,0.001654929482960955,0.0,4.967886681611613,179,0.3308892475899431,-0.09204861382069134,13333.393323575508
1080,88.13885370164398,88.13885370164398,0.004399148361001946,0.0,4.967886681611613,179,0.3308056576587521,-0.08820922652148082,13338.37086653877
1081,87.82308849057742,87.82308849057742,-0.0035890209676257335,0.0,4.967886681611613,179,0.3309166583686966,-0.09720874398828867,13333.507476292716
1082,87.0118297783258,87.0118297783258,-0.009280349060005006,0.0,4.967886681611613,179,0.3311532222083506,-0.07938773129576043,13322.63469453753
1083,86.99546984775246,86.99546984775246,-0.00018803729104132724,0.0,4.967886681611613,179,0.3311712587423775,-0.08577226884992165,13322.16352751187
1084,86.40337532605685,86.40337532605685,-0.00682930526261891,0.0,4.967886681611613,179,0.33139305849499306,-0.07671447597246663,13313.767538314964
1085,86.03864437733513,86.03864437733513,-0.004230192771340506,0.0,4.967886681611613,179,0.3315602551860245,-0.026908822302377396,13308.180545371777
1086,85.66461204591356,85.66461204591356,-0.004356736509758553,0.0,4.967886681611613,179,0.33170203691228456,0.0014534435594971897,13302.938298766087
1087,86.54599348570932,86.54599348570932,0.01023617718479841,0.0,4.967886681611613,179,0.331394683760461,-0.01768099077078533,13314.479048289566
1088,85.89312178975017,85.89312178975017,-0.007572235736469061,0.0,4.967886681611613,179,0.33164966106871513,-0.07529723900551906,13305.496309849563
1089,86.11270450310255,86.11270450310255,0.002553202264950259,0.0,4.967886681611613,179,0.33157521254603517,-0.06304272463449942,13308.242441052169
1090,85.43218541913004,85.43218541913004,-0.00793404751510222,0.0,4.967886681611613,179,0.33180489862642093,-0.06883502856575456,13299.49556019494
1091,85.56873348667571,85.56873348667571,0.0015970451789636478,0.0,4.967886681611613,179,0.3317677598809359,-0.07026556763258526,13300.995187046676
1092,85.14318358011681,85.14318358011681,-0.004985601419443951,0.0,4.967886681611613,179,0.3319517684759647,-0.11638880533272547,13294.964966089585
1093,85.23283708040165,85.23283708040165,0.0010524193276986646,0.0,4.967886681611613,179,0.3319206632278819,-0.09582207869073159,13296.058379771452
1094,85.63657832902923,85.63657832902923,0.004725737476684636,0.0,4.967886681611613,179,0.3317673632327711,-0.09454974240278027,13301.304451115386
1095,86.01651332020333,86.01651332020333,0.004426784370390659,0.0,4.967886681611613,179,0.33161612543671265,-0.08381779485655722,13306.45640149262
1096,86.22076796945647,86.22076796945647,0.002371783199016619,0.0,4.967886681611613,179,0.3315434443748391,-0.09144436025382648,13309.073146273124
1097,85.9693350735953,85.9693350735953,-0.002920412615122619,0.0,4.967886681611613,179,0.33165359886134277,-0.09662963213812503,13305.43475958672
1098,86.15399193229571,86.15399193229571,0.002145635141446138,0.0,4.967886681611613,179,0.33159894925281613,-0.13195797061551942,13307.530614327448
1099,85.92644090094899,85.92644090094899,-0.0026447070155913434,0.0,4.967886681611613,179,0.331668321895975,-0.10448821696514386,13304.953152807358
1100,85.98288284743313,85.98288284743313,0.0006566479034591292,0.0,4.967886681611613,179,0.33166890997757265,-0.06254538142749459,13304.899829746237
1101,85.97450390394769,85.97450390394769,-9.745371978918078e-05,0.0,4.967886681611613,179,0.3317186819904933,-0.04520790635569861,13302.735140355195
1102,86.1822699803997,86.1822699803997,0.0024136857659740408,0.0,4.967886681611613,179,0.3316674614294142,-0.045823165795987636,13306.65966755738
1103,85.97828567997124,85.97828567997124,-0.0023696995528593233,0.0,4.967886681611613,179,0.3316914838969373,-0.049842940458778115,13302.258682587022
1104,86.0345791482934,86.0345791482934,0.0006545262807879157,0.0,4.967886681611613,179,0.33175219204757606,-0.054164996702864406,13301.177210950336
1105,86.30953327796031,86.30953327796031,0.0031907601492223697,0.0,4.967886681611613,179,0.331791397190474,-0.06330292856635698,13304.628096378457
1106,86.40612702502168,86.40612702502168,0.001118529228475002,0.0,4.967886681611613,179,0.3317661486284357,-0.0590632634899808,13306.89867893759
1107,86.71853544903644,86.71853544903644,0.0036090613394060985,0.0,4.967886681611613,179,0.3316942539734654,-0.05983976385884079,13314.115970857207
1108,86.64165796676853,86.64165796676853,-0.0008869104930322898,0.0,4.967886681611613,179,0.3317270667148436,-0.06177080481084173,13312.047402717973
1109,86.41043571677244,86.41043571677244,-0.0026722865083347196,0.0,4.967886681611613,179,0.33181122773049554,-0.055347634169983104,13306.188918572674
1110,86.29033608985728,86.29033608985728,-0.0013908408748755736,0.0,4.967886681611613,179,0.3318535931476621,-0.055873140527820817,13303.178668226277
1111,85.89886881158503,85.89886881158503,-0.004546951162866598,0.0,4.967886681611613,179,0.3319601361160358,-0.022722505381434367,13294.05942310512
1112,85.66395066905096,85.66395066905096,-0.0027385687652409156,0.0,4.967886681611613,179,0.33205318819685015,-0.030212591380817513,13288.079171052525
1113,85.16835269693651,85.16835269693651,-0.005802173859587591,0.0,4.967886681611613,179,0.3322248219331708,-0.0016571155372447131,13276.051764335984
1114,85.19473699960419,85.19473699960419,0.0003097420095586917,0.0,4.967886681611613,179,0.3322223474117485,-0.006831351978256618,13276.559308654883
1115,85.70644915224402,85.70644915224402,0.005988415801849965,0.0,4.967886681611613,179,0.33208824275537907,-0.00982010235612923,13288.238943568615
1116,85.8906953604271,85.8906953604271,0.002147428262979711,0.0,4.967886681611613,179,0.33203691443969385,-0.012312692891652089,13292.536879195864
1117,86.01747593983961,86.01747593983961,0.00147498052522528,0.0,4.967886681611613,179,0.33200614647184507,0.014223443005496586,13295.408702051516
1118,86.69712096939219,86.69712096939219,0.007870192210829874,0.0,4.967886681611613,179,0.3318122060850079,0.046885736982249994,13311.599336441615
1119,86.14347531076487,86.14347531076487,-0.006406452698397293,0.0,4.967886681611613,179,0.33194413188027844,0.01504388810579156,13298.901830904251
1120,85.83852547957511,85.83852547957511,-0.0035463030943060584,0.0,4.967886681611613,179,0.33204484989129696,0.032398813804374614,13291.452117749111
1121,86.24437927286957,86.24437927286957,0.004716965306815876,0.0,4.967886681611613,179,0.3319437072330936,0.0019342998394692717,13300.709510318648
1122,85.7646196851675,85.7646196851675,-0.00557832246791111,0.0,4.967886681611613,179,0.33209832615583645,0.03777071262929537,13289.066132819815
1123,85.42205332433956,85.42205332433956,-0.004002260363811294,0.0,4.967886681611613,179,0.33218962302133787,0.03537913224076869,13281.188490062135
1124,85.00904739076121,85.00904739076121,-0.004846612388141013,0.0,4.967886681611613,179,0.33233716023975135,0.028960084812832222,13271.023123500523
1125,84.70547959457198,84.70547959457198,-0.003577397001078347,0.0,4.967886681611613,179,0.3324398514009258,0.03527115764323733,13263.780368413725
1126,84.98478589687186,84.98478589687186,0.0032919573050038233,0.0,4.967886681611613,179,0.33239314892474026,0.02741969053270175,13269.246317626246
1127,84.06722662432952,84.06722662432952,-0.01085545530445777,0.0,4.967886681611613,179,0.3325188075179535,0.0014967307270952305,13252.155275581823
1128,83.88531681756626,83.88531681756626,-0.002166205693213591,0.0,4.967886681611613,179,0.33277963828190343,0.033380808873303,13243.000861169752
1129,83.71366938921814,83.71366938921814,-0.002048311773792431,0.0,4.967886681611613,179,0.33284457622126357,0.04403477476569878,13238.771030520686
1130,84.37908020619969,84.37908020619969,0.007917227773123975,0.0,4.967886681611613,179,0.33237681812941244,0.03502829806964281,13258.16399179334
1131,84.23949496598819,84.23949496598819,-0.001655633395715411,0.0,4.967886681611613,179,0.33241169660743336,0.03419108760219815,13255.099216433551
1132,84.86597024338965,84.86597024338965,0.007409318707036998,0.0,4.967886681611613,179,0.3321776957124952,0.023811311366072938,13268.6624232412
1133,84.77616134870328,84.77616134870328,-0.0010588042278608725,0.0,4.967886681611613,179,0.3322025557739485,0.016669271411013178,13266.891303232318
1134,84.46191224035769,84.46191224035769,-0.0037136970759150366,0.0,4.967886681611613,179,0.3323046660495429,-0.030005741394323087,13260.419794744063
1135,84.73343039157021,84.73343039157021,0.003209525511350184,0.0,4.967886681611613,179,0.33222533120465425,-0.06057231957100543,13265.821709787633
1136,84.68129373771478,84.68129373771478,-0.0006154914310936362,0.0,4.967886681611613,179,0.33224635459358226,-0.07148762888396705,13264.662420485769
1137,85.39926386503657,85.39926386503657,0.008442756799336636,0.0,4.967886681611613,179,0.33203628267819296,-0.09497091096459512,13279.11736953486
1138,86.02988931953486,86.02988931953486,0.007357305189040858,0.0,4.967886681611613,179,0.331863673495156,-0.05450880176407547,13291.831597393972
1139,85.9442545027284,85.9442545027284,-0.000995903476895326,0.0,4.967886681611613,179,0.3318941765474831,-0.0660045979555676,13289.949732159297
1140,86.26406598219697,86.26406598219697,0.003714243844130736,0.0,4.967886681611613,179,0.3318100922581302,-0.056506554539089815,13296.368208448068
1141,85.02523259939545,85.02523259939545,-0.014465059917914863,0.0,4.967886681611613,179,0.33212568992995706,-0.10603121017674874,13272.145989069322
1142,85.33199480094775,85.33199480094775,0.0036014032136462088,0.0,4.967886681611613,179,0.33204442593545874,-0.1503045515379581,13278.170146616654
1143,85.44859836225577,85.44859836225577,0.0013655366487187572,0.0,4.967886681611613,179,0.33202043161559364,-0.14484739395719332,13280.313032512158
1144,84.8694375842755,84.8694375842755,-0.006800959241798246,0.0,4.967886681611613,179,0.33219857292004534,-0.17048496792318227,13268.37974828752
1145,84.71300494467398,84.71300494467398,-0.0018449160377652326,0.0,4.967886681611613,179,0.33224665261614433,-0.1764762521444496,13265.21269247641
1146,84.54808177566501,84.54808177566501,-0.0019487434991382452,0.0,4.967886681611613,179,0.3323056197036895,-0.145396667525832,13261.676541988485
1147,84.4062686023123,84.4062686023123,-0.0016787162489625784,0.0,4.967886681611613,179,0.3323542962358318,-0.09665849627444993,13258.698995252067
1148,84.3351897132219,84.3351897132219,-0.0008424591562014105,0.0,4.967886681611613,179,0.33238623846962934,-0.08348084184805017,13257.065423946851
1149,84.33734518579662,84.33734518579662,2.55580741243453e-05,0.0,4.967886681611613,179,0.33239665541812863,-0.06627668647302899,13256.848436575221
1150,84.84334496726466,84.84334496726466,0.005981785389409217,0.0,4.967886681611613,179,0.33224184846475563,-0.054381707398528975,13266.930060529417
1151,84.96654569629196,84.96654569629196,0.0014510432833181302,0.0,4.967886681611613,179,0.33224922356349035,-0.039586283200894565,13268.281407061973
1152,84.83109377142321,84.83109377142321,-0.0015954515507484422,0.0,4.967886681611613,179,0.33231884255903493,-0.03764178240176824,13264.798643944378
1153,83.77206512766861,83.77206512766861,-0.012562547207446218,0.0,4.967886681611613,179,0.3332109901080679,-0.024056617915123247,13226.514837136003
1154,84.42382878714179,84.42382878714179,0.007750093139507133,0.0,4.967886681611613,179,0.3331446106982034,-0.11180601070667442,13234.444614988613
1155,83.95890487182913,83.95890487182913,-0.0055222419389819475,0.0,4.967886681611613,179,0.3336135881850194,-0.15168543539540122,13216.420445804491
1156,83.61657166642689,83.61657166642689,-0.004085725294563414,0.0,4.967886681611613,179,0.33371178610257174,-0.13252596194141802,13210.778009015057
1157,83.26207366049925,83.26207366049925,-0.00424857882168853,0.0,4.967886681611613,179,0.33390655845500605,-0.11759503005968899,13202.59075841769
1158,83.45173020256102,83.45173020256102,0.0022752359970598175,0.0,4.967886681611613,179,0.3338209017431386,-0.12095707764029684,13206.21498213561
1159,83.5733355701158,83.5733355701158,0.0014561334070322908,0.0,4.967886681611613,179,0.33377926626664906,-0.11527826518505742,13208.492761258405
1160,82.7621982345027,82.7621982345027,-0.009753102621770345,0.0,4.967886681611613,179,0.33432008731540247,-0.12131643724740292,13190.094353591172
1161,83.20277628051707,83.20277628051707,0.005309301944514376,0.0,4.967886681611613,179,0.3340273948135716,-0.1552481510314801,13199.593230493192
1162,82.95030362291736,82.95030362291736,-0.0030390390844529805,0.0,4.967886681611613,179,0.33421886695406094,-0.1617273396257658,13193.689834384682
1163,82.78476571628305,82.78476571628305,-0.001997621412806079,0.0,4.967886681611613,179,0.33434981261777375,-0.15820359106264598,13189.63326503358
1164,82.75364499065569,82.75364499065569,-0.0003759940168699889,0.0,4.967886681611613,179,0.3343848525256222,-0.1619206927277802,13188.668444509405
1165,82.18825518115545,82.18825518115545,-0.006855650666694565,0.0,4.967886681611613,179,0.33481947707269605,-0.1657495572342806,13175.482024366032
1166,81.96800189210734,81.96800189210734,-0.0026834605654953137,0.0,4.967886681611613,179,0.3349935267538584,-0.16428592339851494,13170.201206477272
1167,81.64170633346855,81.64170633346855,-0.003988711853180367,0.0,4.967886681611613,179,0.3352199301064673,-0.16218556481863522,13163.651547683377
1168,81.62333360370793,81.62333360370793,-0.00022506630746223948,0.0,4.967886681611613,179,0.335258075346651,-0.16353762200956062,13162.731321274125
1169,81.82864589838852,81.82864589838852,0.0025122045421055853,0.0,4.967886681611613,179,0.3351416194038389,-0.16136127888662288,13166.548184635356
1170,81.6909925139802,81.6909925139802,-0.0016836316207766025,0.0,4.967886681611613,179,0.33525639142086266,-0.1641964679697344,13163.229821485942
1171,81.95473819147232,81.95473819147232,0.0032233765551760545,0.0,4.967886681611613,179,0.33509831823491987,-0.1707775286357723,13168.323443635658
1172,81.53206964167681,81.53206964167681,-0.005170686211352768,0.0,4.967886681611613,179,0.3354082661123965,-0.18662433601830009,13159.03699500542
1173,81.48883192500139,81.48883192500139,-0.0005304561227886181,0.0,4.967886681611613,179,0.33544828452228453,-0.1870669313466033,13157.881656273645
1174,81.66886958670153,81.66886958670153,0.002206916781795013,0.0,4.967886681611613,179,0.33533980727824597,-0.19019420101893417,13161.3107236087
1175,82.03231149175959,82.03231149175959,0.004440316188446625,0.0,4.967886681611613,179,0.33509349020687507,-0.19539358866108167,13168.930248180402
1176,82.6325720285706,82.6325720285706,0.0072907250515523644,0.0,4.967886681611613,179,0.3347012331034811,-0.16573476824798783,13181.261839804545
1177,83.32861308263995,83.32861308263995,0.008388047297690993,0.0,4.967886681611613,179,0.33424243012016314,-0.12462234392217571,13196.156674219013
1178,82.78399350553032,82.78399350553032,-0.006557257028708474,0.0,4.967886681611613,179,0.3346097531135004,-0.13070095648888486,13184.450509607192
1179,83.2960011708892,83.2960011708892,0.0061658153162908085,0.0,4.967886681611613,179,0.3342808807223305,-0.16520263562682386,13195.219747593288
1180,83.03966207055358,83.03966207055358,-0.0030821929377438492,0.0,4.967886681611613,179,0.3345442316971048,-0.16619956636412678,13187.176516221622
1181,83.33869187172799,83.33869187172799,0.00359457965617927,0.0,4.967886681611613,179,0.334395343370885,-0.15733149200297694,13192.661173295804
1182,83.28951127546287,83.28951127546287,-0.0005903034031974682,0.0,4.967886681611613,179,0.3344968823190985,-0.17125116116528813,13189.627817067178
1183,82.22815430275644,82.22815430275644,-0.01282487299941258,0.0,4.967886681611613,179,0.3354391976574416,-0.1649583936982034,13159.907961057868
1184,81.73327109563294,81.73327109563294,-0.006036599263971384,0.0,4.967886681611613,179,0.33582551410319444,-0.1328698204490199,13147.794431012904
1185,82.08698485169822,82.08698485169822,0.004318321976583877,0.0,4.967886681611613,179,0.3356745897814874,-0.14038063428342787,13153.05188087635
1186,82.50485196951811,82.50485196951811,0.005077627465466431,0.0,4.967886681611613,179,0.33552150386415813,-0.10136539124285454,13160.84770727248
1187,81.89755453495341,81.89755453495341,-0.00738797210787456,0.0,4.967886681611613,179,0.3358257636851301,-0.13812981762411525,13150.233802374114
1188,81.71271608345491,81.71271608345491,-0.002259497884066887,0.0,4.967886681611613,179,0.3359365166166826,-0.13228674368112583,13146.493783805816
1189,81.57634935670887,81.57634935670887,-0.0016702497265285905,0.0,4.967886681611613,179,0.3359713592125932,-0.1231069858181708,13143.417413707457
1190,81.85081981669043,81.85081981669043,0.0033589362090536766,0.0,4.967886681611613,179,0.33585248855792355,-0.12424696022550452,13147.27660731771
1191,81.804538152338,81.804538152338,-0.0005655991488527094,0.0,4.967886681611613,179,0.3358868813414564,-0.11887677175461421,13146.11427783517
1192,81.27725613646382,81.27725613646382,-0.006466495607990432,0.0,4.967886681611613,179,0.33622688395481476,-0.11908587135368241,13134.044902855087
1193,81.07359267650475,81.07359267650475,-0.002508931345689085,0.0,4.967886681611613,179,0.33633179609048436,-0.11307871051630453,13130.518315117151
1194,80.86162564345189,80.86162564345189,-0.0026179253199175973,0.0,4.967886681611613,179,0.3364702231847397,-0.10410065769600052,13125.966903505825
1195,80.78911326554362,80.78911326554362,-0.0008971487945094897,0.0,4.967886681611613,179,0.336525663932573,-0.10537421747295433,13124.488408620631
1196,81.04409753878817,81.04409753878817,0.0031512009553307232,0.0,4.967886681611613,179,0.3364178191520574,-0.10528665379867704,13127.805896719952
1197,81.17374406585651,81.17374406585651,0.0015984253444554653,0.0,4.967886681611613,179,0.3363806380207642,-0.1546178021457521,13128.700190317644
1198,81.2346831388251,81.2346831388251,0.0007504422877228679,0.0,4.967886681611613,179,0.33637320521744196,-0.1586362658495238,13128.942480373016
1199,81.07251786243134,81.07251786243134,-0.0019982518256000856,0.0,4.967886681611613,179,0.33648085129686517,-0.15965903994319364,13125.779438200007
1200,81.13504706996002,81.13504706996002,0.0007709777364830292,0.0,4.728802881206239,144,0.4010070435035202,-0.11901125094899165,11987.787499132603
1201,81.71369745481341,81.71369745481341,0.007106629183972555,0.0,4.728802881206239,144,0.40099984334226574,-0.07459443719588776,11987.914327718026
1202,82.48102334570231,82.48102334570231,0.00934660351085678,0.0,4.728802881206239,144,0.4008680034201592,-0.02071401888467579,11991.685668636472
1203,82.55632266223441,82.55632266223441,0.0009125125140280527,0.0,4.728802881206239,144,0.40087085456128807,-0.0017053463063430863,11991.590246225456
1204,82.21271362483249,82.21271362483249,-0.00417080227270366,0.0,4.728802881206239,144,0.40094502191427245,-0.011594227865976985,11989.455657412107
1205,82.56111265675179,82.56111265675179,0.004228821518332896,0.0,4.728802881206239,144,0.40090235117243406,-0.025346638781218855,11990.717047808279
1206,82.32748083544972,82.32748083544972,-0.0028338161264226565,0.0,4.728802881206239,144,0.40095546708322205,-0.03459523822299676,11989.204937766946
1207,82.20529287509761,82.20529287509761,-0.0014852722659332554,0.0,4.728802881206239,144,0.400984483236649,-0.03318559757005368,11988.346262082327
1208,82.01822999271046,82.01822999271046,-0.002278150657405629,0.0,4.728802881206239,144,0.4010086621702448,-0.03161231671502403,11987.71642603641
1209,81.7386292657151,81.7386292657151,-0.003414830987417982,0.0,4.728802881206239,144,0.40101854268648146,-0.0301589565491921,11987.466129242826
1210,82.08344717065278,82.08344717065278,0.00420966968136866,0.0,4.728802881206239,144,0.4009715136168021,-0.04979753258481536,11988.77246820053
1211,82.21155708338017,82.21155708338017,0.0015595110669795074,0.0,4.728802881206239,144,0.40095721760510267,-0.041073115018229175,11989.210682439034
1212,82.16262008378341,82.16262008378341,-0.0005954341720336085,0.0,4.728802881206239,144,0.4009912800502261,-0.050352969554106924,11988.043664241615
1213,81.81570754915884,81.81570754915884,-0.004231206125831345,0.0,4.728802881206239,144,0.4011064567340948,0.02314883230782845,11981.992300950309
1214,81.9271878023151,81.9271878023151,0.001361650166763114,0.0,4.728802881206239,144,0.40108918951482403,0.05337236685657896,11982.543724714802
1215,82.0409202234476,82.0409202234476,0.0013872507372485975,0.0,4.728802881206239,144,0.40108134549736496,0.04119935914925453,11982.896609150712
1216,81.61755878397473,81.61755878397473,-0.0051737299087717134,0.0,4.728802881206239,144,0.4013415134850198,0.021746222604867284,11976.629888101155
1217,81.52389029794237,81.52389029794237,-0.0011483102161003952,0.0,4.728802881206239,144,0.40136339113464586,0.03380767174619612,11976.021210506935
1218,81.95047334601772,81.95047334601772,0.005218971425567559,0.0,4.728802881206239,144,0.40120199590623135,0.025609904999980643,11980.106063387082
1219,81.7999961428274,81.7999961428274,-0.0018378847525398418,0.0,4.728802881206239,144,0.40126089455747266,0.03281048006182857,11978.512215848534
1220,82.401853771075,82.401853771075,0.007330737429150366,0.0,4.728802881206239,144,0.401133973065797,0.06892599637343094,11982.137517208956
1221,82.7262840694245,82.7262840694245,0.00392944194780792,0.0,4.728802881206239,144,0.4010826234923157,0.10946552362768083,11984.304829030993
1222,82.34643595428518,82.34643595428518,-0.004602199388536244,0.0,4.728802881206239,144,0.40115330893647155,0.08795972470640756,11981.562857420584
1223,83.17491919477912,83.17491919477912,0.010010673952128773,0.0,4.728802881206239,144,0.40102044685748744,0.044209926526064806,11987.35107004925
1224,83.1243897128649,83.1243897128649,-0.0006076932466063129,0.0,4.728802881206239,144,0.40103436482995036,0.036277064691883194,11986.795812490533
1225,82.68086802540228,82.68086802540228,-0.005349923776527252,0.0,4.728802881206239,144,0.40107786733458634,0.024150897008876033,11983.991731346889
1226,82.21439175532812,82.21439175532812,-0.005657864453773083,0.0,4.728802881206239,144,0.40116021613944325,0.03979858905856467,11980.149288325767
1227,81.89633685822697,81.89633685822697,-0.0038761060656793867,0.0,4.728802881206239,144,0.4011811716923187,0.0567282325639214,11979.418034500324
1228,81.29698606491905,81.29698606491905,-0.007345318758589338,0.0,4.728802881206239,144,0.4013446729335421,0.07683674896512821,11974.635925120689
1229,80.64332338639848,80.64332338639848,-0.008072927991585637,0.0,4.728802881206239,144,0.401390119627487,0.11917989618968121,11973.268161765247
1230,80.88966166696905,80.88966166696905,0.0030500082872074313,0.0,4.728802881206239,144,0.40133663399400277,0.10347115200321917,11974.821987450685
1231,81.26668686718492,81.26668686718492,0.004650152559806476,0.0,4.728802881206239,144,0.4012874770324767,0.1259226833755218,11976.31879916169
1232,81.01760295431839,81.01760295431839,-0.003069725464344728,0.0,4.728802881206239,144,0.4013584493041414,0.11567000311319228,11974.276240262427
1233,81.244683162044,81.244683162044,0.002798929577614924,0.0,4.728802881206239,144,0.40130773010004156,0.10954252848762322,11975.82915094144
1234,81.087395470948,81.087395470948,-0.0019378516143203266,0.0,4.728802881206239,144,0.4013534925095424,0.09809290646000698,11974.520990220833
1235,81.47386751455,81.47386751455,0.0047547953875343085,0.0,4.728802881206239,144,0.40129210478985927,0.06705819234166276,11976.422111500944
1236,81.79778225883196,81.79778225883196,0.00396780665466181,0.0,4.728802881206239,144,0.401186366632515,0.036242131534588745,11979.598290693273
1237,81.43445217684157,81.43445217684157,-0.0044517026097879225,0.0,4.728802881206239,144,0.4013132502699263,0.06620978380832665,11975.72063535476
1238,82.21804843534608,82.21804843534608,0.009576416419567616,0.0,4.728802881206239,144,0.40120664379477194,0.0633679818133218,11978.74459793035
1239,82.88895553412728,82.88895553412728,0.008126981597513997,0.0,4.728802881206239,144,0.4012278750737478,0.13399359458453192,11979.658076725538
1240,82.8122698483886,82.8122698483886,-0.0009255899108347967,0.0,4.728802881206239,144,0.4012945723069844,0.13784523900751122,11976.835866451858
1241,83.15528685341532,83.15528685341532,0.0041335487519210705,0.0,4.728802881206239,144,0.401141900446602,0.13620075991479277,11980.535495254524
1242,83.1973692240792,83.1973692240792,0.0005059416850182981,0.0,4.728802881206239,144,0.401145352137869,0.13250092822533843,11980.512555603276
1243,83.91151282624467,83.91151282624467,0.008547097448301894,0.0,4.728802881206239,144,0.40076810468509094,0.08015275991895138,11989.562441471451
1244,83.36457823879148,83.36457823879148,-0.006539327085028176,0.0,4.728802881206239,144,0.4009491202773144,0.0553705449332417,11984.889103882475
1245,82.824851240459,82.824851240459,-0.006495345673798288,0.0,4.728802881206239,144,0.4011378151758338,0.0743469867655027,11980.081945775602
1246,83.0945400508298,83.0945400508298,0.0032508442295690935,0.0,4.728802881206239,144,0.4010795010071656,0.08808727091165718,11981.498750330122
1247,82.93797974653395,82.93797974653395,-0.0018858998332257932,0.0,4.728802881206239,144,0.4011254605947866,0.07159071113589155,11980.39807944232
1248,82.30293373974577,82.30293373974577,-0.007686342563988652,0.0,4.728802881206239,144,0.40130856740009574,0.07801683864965424,11975.729050985501
1249,81.86756792580918,81.86756792580918,-0.005303837536151139,0.0,4.728802881206239,144,0.40141836041058343,0.11293575780086555,11973.1572355156
1250,81.94610588510396,81.94610588510396,0.0009588694702366905,0.0,4.728802881206239,144,0.4014107795191364,0.11161932772613326,11973.29261842479
1251,82.0843009964647,82.0843009964647,0.0016849942237545288,0.0,4.728802881206239,144,0.4013866922429416,0.10951402501047447,11973.82795578668
1252,82.57778231928167,82.57778231928167,0.005993885056072105,0.0,4.728802881206239,144,0.4013135643424928,0.10342314766816943,11975.41070621664
1253,82.68224642526987,82.68224642526987,0.001264239401330796,0.0,4.728802881206239,144,0.4012858280270733,0.10194612805094039,11976.106485832861
1254,81.85613249051269,81.85613249051269,-0.010041680026009702,0.0,4.728802881206239,144,0.4015249965945303,0.08555467547778592,11970.170620542769
1255,81.48878547138062,81.48878547138062,-0.004497815334712843,0.0,4.728802881206239,144,0.4016175550933432,0.12063733683100576,11968.040777582004
1256,81.36478099339249,81.36478099339249,-0.0015228957479542142,0.0,4.728802881206239,144,0.4016431814692714,0.12334654894927163,11967.415620139984
1257,81.67666439040913,81.67666439040913,0.003825822038070373,0.0,4.728802881206239,144,0.4015624739099197,0.11742814813648095,11970.493497172281
1258,81.26485369866175,81.26485369866175,-0.005054716236789348,0.0,4.728802881206239,144,0.4016911340770594,0.10306574602828633,11967.333871771594
1259,80.97505620903884,80.97505620903884,-0.0035724600438784317,0.0,4.728802881206239,144,0.40176692040417733,0.11600228900308186,11965.460218108185
1260,81.14778766538797,81.14778766538797,0.002130872091558429,0.0,4.728802881206239,144,0.4017308138983203,0.10668430089967534,11966.724916501342
1261,80.69703745343914,80.69703745343914,-0.0055701673137914754,0.0,4.728802881206239,144,0.4019522875750717,0.05127963695088107,11961.378626801692
1262,80.6211541140663,80.6211541140663,-0.0009407909205086074,0.0,4.728802881206239,144,0.401959268985766,0.04836843760746596,11960.162914122197
1263,80.28108979186015,80.28108979186015,-0.004226974345256543,0.0,4.728802881206239,144,0.4021866000371136,0.053282148136580755,11954.94197492907
1264,80.24428184204234,80.24428184204234,-0.0004585935555015713,0.0,4.728802881206239,144,0.4022296469005489,0.06684665287809291,11953.756545217015
1265,80.82293805606655,80.82293805606655,0.007185306904665904,0.0,4.728802881206239,144,0.4019854012137529,0.07305784857632555,11959.401820683419
1266,80.91896319491207,80.91896319491207,0.0011873874287971573,0.0,4.728802881206239,144,0.401957509072115,0.07952780859061431,11960.070634761409
1267,81.74778933729264,81.74778933729264,0.01019056816596098,0.0,4.728802881206239,144,0.4015017447038603,0.08221923445364492,11970.499114420736
1268,82.20508496135216,82.20508496135216,0.00557839332645888,0.0,4.728802881206239,144,0.40138524784002916,0.11424463588437277,11974.49418974191
1269,82.43322224321626,82.43322224321626,0.0027713772299491173,0.0,4.728802881206239,144,0.40130039068410933,0.13439151641324193,11976.434747242027
1270,82.39570391259252,82.39570391259252,-0.0004552396493346396,0.0,4.728802881206239,144,0.4013114164105588,0.13064906361821374,11975.36635210121
1271,82.36985591333553,82.36985591333553,-0.00031375488295427606,0.0,4.728802881206239,144,0.40133142848675013,0.13161904710059744,11974.831881190645
1272,83.62582352385624,83.62582352385624,0.015132822528620216,0.0,4.728802881206239,144,0.40102499930689356,0.10891994766406944,11989.058102800493
1273,83.0386910709942,83.0386910709942,-0.0070457095580009005,0.0,4.728802881206239,144,0.40123930468844676,0.04699503499215978,11983.468643652473
1274,83.10200889988411,83.10200889988411,0.000762219395566895,0.0,4.728802881206239,144,0.40123068470261286,0.04411318371701367,11983.34850080956
1275,83.03896589795127,83.03896589795127,-0.0007589097756928192,0.0,4.728802881206239,144,0.40127549231890436,0.047494991409057746,11981.994249598964
1276,83.13276713346403,83.13276713346403,0.001128967529730604,0.0,4.728802881206239,144,0.4012635148052544,0.04309975737370007,11982.066833779045
1277,83.54009976401875,83.54009976401875,0.004887819464493545,0.0,4.728802881206239,144,0.4011675574661999,0.049166821816254785,11985.481558197464
1278,84.07596004731168,84.07596004731168,0.006393923225410405,0.0,4.728802881206239,144,0.40118300303431137,0.07049228335175775,11989.134176869626
1279,84.01305420937331,84.01305420937331,-0.0007484824770177895,0.0,4.728802881206239,144,0.40123510532823703,0.07566684401450645,11987.343252087341
1280,84.46529734653753,84.46529734653753,0.005368573697262897,0.0,4.728802881206239,144,0.4012474489094442,0.059033914585295416,11990.342241915898
1281,84.92076090392875,84.92076090392875,0.005377829318445777,0.0,4.728802881206239,144,0.40109416873291553,0.08311555719024454,11995.655888543013
1282,84.95585675381466,84.95585675381466,0.0004131922435132469,0.0,4.728802881206239,144,0.4010939889431428,0.11295820979759494,11995.243381419159
1283,85.14567761014091,85.14567761014091,0.002231854472450943,0.0,4.728802881206239,144,0.4010604263043546,0.1250013851551285,11996.487556528293
1284,85.27018269662216,85.27018269662216,0.001461191562915594,0.0,4.728802881206239,144,0.40105882594867986,0.12251525102681908,11996.928279185517
1285,85.45179590043394,85.45179590043394,0.0021275909969225627,0.0,4.728802881206239,144,0.40100880952067647,0.10285866072659358,11998.667128886003
1286,85.12140015460746,85.12140015460746,-0.0038739516719964256,0.0,4.728802881206239,144,0.40102368261646676,0.08180554666709489,11994.098787540514
1287,84.7510200836775,84.7510200836775,-0.004360692069117762,0.0,4.728802881206239,144,0.4011637198005944,0.07311758014475514,11990.388628865527
1288,84.06248809950446,84.06248809950446,-0.008157354344783105,0.0,4.728802881206239,144,0.4011756615395979,0.05653359765215971,11985.458452567826
1289,84.94860920824067,84.94860920824067,0.010486047868491598,0.0,4.728802881206239,144,0.40081498872033555,0.013869895496839769,11997.74471611253
1290,84.45705026025088,84.45705026025088,-0.005803351896602012,0.0,4.728802881206239,144,0.40110157260586243,-0.031347572671341986,11987.000089823274
1291,84.50233685361655,84.50233685361655,0.0005360648523143915,0.0,4.728802881206239,144,0.40110345289418775,-0.021714803614013126,11987.044419581644
1292,84.55892677741708,84.55892677741708,0.0006694605813140394,0.0,4.728802881206239,144,0.40110302275631066,-0.016986246186239704,11987.178766279605
1293,84.76976139291068,84.76976139291068,0.002490242223286713,0.0,4.728802881206239,144,0.4010561860532421,-0.013594684804329996,11989.09864304384
1294,84.17265201763013,84.17265201763013,-0.007068821258076243,0.0,4.728802881206239,144,0.40128765578340025,-0.015141017427159923,11980.594452052039
1295,83.4787452427621,83.4787452427621,-0.008278019136545413,0.0,4.728802881206239,144,0.40145553483640894,0.016266887035309013,11973.382740100189
1296,83.19466185034669,83.19466185034669,-0.003408866146868937,0.0,4.728802881206239,144,0.4016963568423503,0.04573010494829421,11962.65389295373
1297,83.77569466737033,83.77569466737033,0.006959740333289216,0.0,4.728802881206239,144,0.40154545999664437,0.05683043407189264,11973.421698700427
1298,83.62844894761663,83.62844894761663,-0.0017591650307691579,0.0,4.728802881206239,144,0.401528557356458,0.00680968117746565,11970.77155650857
1299,83.48865401888395,83.48865401888395,-0.0016730180078307147,0.0,4.728802881206239,144,0.4015402749340275,0.014811163131881078,11968.026650129214
1300,83.20257201422822,83.20257201422822,-0.003432481629021406,0.0,4.728802881206239,144,0.40172075279112734,0.021200389117770398,11961.1852379974
1301,83.45931110193341,83.45931110193341,0.003080959917074093,0.0,4.728802881206239,144,0.4016230211569744,0.013579118558905992,11965.179676786074
1302,83.56686200473149,83.56686200473149,0.001287833106179812,0.0,4.728802881206239,144,0.40162031465043385,0.013595943898775957,11966.786859690706
1303,83.02698018182413,83.02698018182413,-0.00648143659828277,0.0,4.728802881206239,144,0.40186513340790425,0.044182389389670035,11956.759198829068
1304,83.37515573287638,83.37515573287638,0.004184754687761295,0.0,4.728802881206239,144,0.40171287651711046,-0.00043748823546094337,11964.24751336883
1305,83.8648177186005,83.8648177186005,0.005855817539925195,0.0,4.728802881206239,144,0.401753524540002,0.028794843843551455,11973.02554638841
1306,83.39885732888415,83.39885732888415,-0.005571581456230853,0.0,4.728802881206239,144,0.4017105848032602,0.011407598130723158,11964.46076719369
1307,82.68128261092376,82.68128261092376,-0.00864136053244733,0.0,4.728802881206239,144,0.40202026546286884,0.03239945870267911,11950.219218688526
1308,82.59254596629128,82.59254596629128,-0.0010738137298936827,0.0,4.728802881206239,144,0.4020958129128698,0.012750598220014191,11947.329383506813
1309,82.73762014530044,82.73762014530044,0.001754963654312195,0.0,4.728802881206239,144,0.40206094211702126,0.01450433757141169,11949.306234024092
1310,82.61041947288506,82.61041947288506,-0.0015385812592868542,0.0,4.728802881206239,144,0.40214929523240334,0.011906936492869535,11945.807308091817
1311,82.49884456915235,82.49884456915235,-0.0013515282908428531,0.0,4.728802881206239,144,0.4022073775261149,0.007398778088441655,11943.452524067981
1312,82.40321097580765,82.40321097580765,-0.001159883710972839,0.0,4.728802881206239,144,0.40228468775625,0.003565754282450614,11940.520686920521
1313,82.71919213361622,82.71919213361622,0.0038272401268362125,0.0,4.728802881206239,144,0.4021717207908106,0.008967420482871151,11945.890235240979
1314,82.72217557320661,82.72217557320661,3.6066428029078235e-05,0.0,4.728802881206239,144,0.402194027582496,-0.02387139342027079,11945.262193079814
1315,82.6227590805882,82.6227590805882,-0.0012025346262588008,0.0,4.728802881206239,144,0.40223819356403495,-0.029987556992728242,11943.414375124521
1316,81.76833260201784,81.76833260201784,-0.01039513958870988,0.0,4.728802881206239,144,0.4025968290903394,-0.013780810158349067,11928.198571906261
1317,81.45504650779176,81.45504650779176,-0.003838745168112374,0.0,4.728802881206239,144,0.40273335455193404,0.026236940330889625,11922.794824976323
1318,81.81022122635677,81.81022122635677,0.004350898189082279,0.0,4.728802881206239,144,0.40253624567354795,0.0026230180300789944,11930.458904361387
1319,81.5448361754696,81.5448361754696,-0.0032491835708656994,0.0,4.728802881206239,144,0.40268821177551267,-0.00191198743773821,11924.87494408419
1320,81.1607051430389,81.1607051430389,-0.004721802871795672,0.0,4.728802881206239,144,0.4028788579655667,0.01662407652106938,11917.399116760633
1321,80.83822111121624,80.83822111121624,-0.0039813159907941265,0.0,4.728802881206239,144,0.4031970250790051,0.025688806414892906,11908.350961451555
1322,80.81875175519426,80.81875175519426,-0.00024087245691789707,0.0,4.728802881206239,144,0.40322370636394333,0.023638825214916188,11907.552103581904
1323,82.14128733795403,82.14128733795403,0.016231766111354226,0.0,4.728802881206239,144,0.4024300746691863,0.01557871164797756,11933.64224640582
1324,81.42115032927231,81.42115032927231,-0.00880570957810542,0.0,4.728802881206239,144,0.40263296443984903,-0.062300654069524244,11923.186617002288
1325,81.28588201325122,81.28588201325122,-0.0016627228121329325,0.0,4.728802881206239,144,0.4027121086889242,-0.058566712338584986,11920.523605447297
1326,81.28535946896896,81.28535946896896,-6.428495931951336e-06,0.0,4.728802881206239,144,0.40272673615069604,-0.06483721430486222,11920.169828392427
1327,81.32756402327513,81.32756402327513,0.0005190799642172714,0.0,4.728802881206239,144,0.4027165153669171,-0.10366851040705051,11920.58200038983
1328,81.15059263948248,81.15059263948248,-0.0021784030224306695,0.0,4.728802881206239,144,0.40285235747859055,-0.11677077790465379,11916.501067826093
1329,80.92468718229567,80.92468718229567,-0.002787662667977487,0.0,4.728802881206239,144,0.403041441818722,-0.11361804035967626,11910.767963432276
1330,80.92071925101668,80.92071925101668,-4.903359776756494e-05,0.0,4.728802881206239,144,0.403056912827241,-0.11400723323260271,11910.39264340814
1331,80.80545312132561,80.80545312132561,-0.0014254483058333425,0.0,4.728802881206239,144,0.4031593256426978,-0.1141482653290532,11907.357422272935
1332,80.56167523406856,80.56167523406856,-0.0030214093191572324,0.0,4.728802881206239,144,0.4033516220097866,-0.059277221759083606,11901.691680238588
1333,80.68850185425092,80.68850185425092,0.001573041947919018,0.0,4.728802881206239,144,0.40327747779651113,-0.05880386161907199,11904.0261642455
1334,80.79600258253498,80.79600258253498,0.0013314063109525983,0.0,4.728802881206239,144,0.40321430394390867,-0.05575852218173085,11906.015894806238
1335,80.96551472808952,80.96551472808952,0.0020958286052360727,0.0,4.728802881206239,144,0.4030850111866228,-0.0517654164684873,11910.019003854917
1336,80.97026578905599,80.97026578905599,5.867833474063546e-05,0.0,4.728802881206239,144,0.4030928870288606,-0.057048316748674034,11909.87465818629
1337,80.66627199182578,80.66627199182578,-0.0037614534414785474,0.0,4.728802881206239,144,0.4033681067853204,-0.08721428120095312,11901.639556112403
1338,80.2387712686377,80.2387712686377,-0.005313714479280473,0.0,4.728802881206239,144,0.40372902808126443,-0.07792684934722674,11890.955638746917
1339,79.57188030061518,79.57188030061518,-0.0083460624506742,0.0,4.728802881206239,144,0.404360904482743,-0.05065374220971944,11872.706567046032
1340,79.96994093901804,79.96994093901804,0.00499005792096287,0.0,4.728802881206239,144,0.4041244484909685,-0.11129288122087326,11879.670758356444
1341,80.1139416705574,80.1139416705574,0.0017990664398167978,0.0,4.728802881206239,144,0.4040394042436258,-0.10861929552478813,11882.252918602626
1342,80.22217725120875,80.22217725120875,0.0013501087318333735,0.0,4.728802881206239,144,0.403983917894786,-0.10680898948577426,11883.976090622258
1343,80.2851908910022,80.2851908910022,0.000785180689960503,0.0,4.728802881206239,144,0.4039577354829575,-0.11022843223935004,11884.84645038988
1344,81.03089454495596,81.03089454495596,0.009245314421906596,0.0,4.728802881206239,144,0.40351515365527235,-0.0950065071156527,11898.244766733873
1345,81.58106727035454,81.58106727035454,0.006766720216076266,0.0,4.728802881206239,144,0.40320451353928227,-0.03420641712210645,11908.761513250613
1346,81.35929728359429,81.35929728359429,-0.0027221017248524964,0.0,4.728802881206239,144,0.40339244737148144,-0.051842737581396243,11902.8532839295
1347,81.55689038043877,81.55689038043877,0.002425703627917803,0.0,4.728802881206239,144,0.4033059975367079,-0.07510729645050351,11906.305642652407
1348,81.61894162029908,81.61894162029908,0.000760544525381008,0.0,4.728802881206239,144,0.403270863274476,-0.01591982930414712,11907.6447378264
1349,82.35480483687523,82.35480483687523,0.008975438720792995,0.0,4.728802881206239,144,0.4028701115541911,0.03401041973274151,11922.457500863493
1350,82.88975757704176,82.88975757704176,0.006474701511471484,0.0,4.728802881206239,144,0.40269199679705386,0.08390361462580534,11931.098843660526
1351,82.9431051072345,82.9431051072345,0.000643389146993989,0.0,4.728802881206239,144,0.402710354728275,0.08790021941147977,11930.783475301772
1352,82.56569839657375,82.56569839657375,-0.004560571483874154,0.0,4.728802881206239,144,0.40278372332335044,0.08187796443295413,11928.223649059506
1353,82.28261535807154,82.28261535807154,-0.0034344702753145054,0.0,4.728802881206239,144,0.40300715396969333,0.10445871686768858,11922.382761491932
1354,82.75410160125253,82.75410160125253,0.005713728854679388,0.0,4.728802881206239,144,0.40286064936941085,0.05397331541102758,11926.773665880082
1355,82.61453486484199,82.61453486484199,-0.0016879472738055208,0.0,4.728802881206239,144,0.40293679431504253,0.030952912758874115,11924.518226679156
1356,82.96865264904943,82.96865264904943,0.0042772255975514215,0.0,4.728802881206239,144,0.4027658033232605,0.04307402594872404,11929.32603282549
1357,82.84722712571481,82.84722712571481,-0.001464582827705088,0.0,4.728802881206239,144,0.40283263870930613,0.04852543501251136,11927.312396124486
1358,83.07557821943335,83.07557821943335,0.002752499723157711,0.0,4.728802881206239,144,0.4027324589273691,0.04352862428386995,11930.204181926025
1359,82.6421873228672,82.6421873228672,-0.0052304818762710205,0.0,4.728802881206239,144,0.4029354159659698,0.028250276642655316,11924.088272449762
1360,81.85035556774356,81.85035556774356,-0.009627644603717737,0.0,4.728802881206239,144,0.40341822865651444,0.06770455074391579,11911.435305495866
1361,82.56579595514157,82.56579595514157,0.008702854267871998,0.0,4.728802881206239,144,0.4031028071974956,0.005204815160191541,11920.453438325869
1362,82.93588620645303,82.93588620645303,0.004472351741132443,0.0,4.728802881206239,144,0.40292274715680215,0.03836858040856387,11925.496365338306
1363,83.32668546617266,83.32668546617266,0.004700997650759243,0.0,4.728802881206239,144,0.4027787021163775,0.07176488688316421,11930.227200393849
1364,83.53104283508121,83.53104283508121,0.0024494816412409955,0.0,4.728802881206239,144,0.4027097134617611,0.06347971144843093,11932.81276597618
1365,83.37584861965453,83.37584861965453,-0.0018596507166326849,0.0,4.728802881206239,144,0.40275043890865514,0.08414548785154959,11931.075097314928
1366,83.28060023557401,83.28060023557401,-0.001143050810280286,0.0,4.728802881206239,144,0.40282183329236376,0.053563672346312007,11929.039208387783
1367,82.97907918081943,82.97907918081943,-0.003627113758180617,0.0,4.728802881206239,144,0.40296401404682125,0.0517074899469961,11924.686850186341
1368,83.16044298341296,83.16044298341296,0.0021832718942832643,0.0,4.728802881206239,144,0.40288493875592135,0.04728181837633088,11927.026446754651
1369,82.70678012639758,82.70678012639758,-0.0054702065876712554,0.0,4.728802881206239,144,0.403074777225267,0.03998029453114502,11921.38925949771
1370,82.20593863566917,82.20593863566917,-0.00607403764029196,0.0,4.728802881206239,144,0.4034209134291393,0.06097830104416054,11912.131421818007
1371,82.61625427408391,82.61625427408391,0.004978898518396766,0.0,4.728802881206239,144,0.4032641794494717,0.03794816333304416,11916.651945492324
1372,83.12558215742396,83.12558215742396,0.0061460582021503375,0.0,4.728802881206239,144,0.4029748892145401,0.06072379149678892,11924.784742129748
1373,81.70412584080411,81.70412584080411,-0.01724800187075207,0.0,4.728802881206239,144,0.4035899931099428,-0.008612002276617167,11906.975901898308
1374,81.71249703490209,81.71249703490209,0.00010245217356695622,0.0,4.728802881206239,144,0.40359334555232795,-0.011450339030074542,11906.957219115247
1375,81.80611617107094,81.80611617107094,0.0011450579791800444,0.0,4.728802881206239,144,0.4035777145614925,-0.017215167483394953,11907.358464466532
1376,82.19119731329349,82.19119731329349,0.004696197050600133,0.0,4.728802881206239,144,0.4033967942863396,-0.03875192226359135,11913.267866155938
1377,81.78433023595387,81.78433023595387,-0.004962544330949911,0.0,4.728802881206239,144,0.40363746380522153,-0.04238841075154929,11906.110055463667
1378,81.89243705864396,81.89243705864396,0.001320979638068396,0.0,4.728802881206239,144,0.40358223707883595,-0.038131078230026844,11907.854265881799
1379,82.43009986160301,82.43009986160301,0.006544016807200858,0.0,4.728802881206239,144,0.4033367046340732,-0.042317063231342995,11916.045157499137
1380,82.6436077159526,82.6436077159526,0.0025868198702571786,0.0,4.728802881206239,144,0.4032651233927302,-0.04647313837879701,11919.123227839658
1381,83.28877453468738,83.28877453468738,0.0077763009381272815,0.0,4.728802881206239,144,0.4031563960343083,-0.03752270516214482,11929.004401911097
1382,82.48802454504462,82.48802454504462,-0.009660654829803012,0.0,4.728802881206239,144,0.40344494254720786,-0.0709352456259939,11913.665942071719
1383,83.0174719071368,83.0174719071368,0.0063979647742399325,0.0,4.728802881206239,144,0.4033281645748521,-0.028443476899177013,11921.72845387966
1384,83.09955140439182,83.09955140439182,0.0009882130355871469,0.0,4.728802881206239,144,0.40331018556380455,-0.038676615071432434,11923.078138503024
1385,83.00705014536624,83.00705014536624,-0.0011137578846901965,0.0,4.728802881206239,144,0.40335258187351136,-0.039814436874148394,11919.95512321982
1386,83.59009318050293,83.59009318050293,0.006999464743393392,0.0,4.728802881206239,144,0.4032950350567629,-0.04491410500260194,11927.793271442475
1387,83.90388741811643,83.90388741811643,0.003746935903234728,0.0,4.728802881206239,144,0.4033045995528141,-0.03100817489234938,11931.233972788761
1388,83.02190931603448,83.02190931603448,-0.010567405720006716,0.0,4.728802881206239,144,0.40339991712161166,-0.05487417800596638,11920.828934701382
1389,83.03137415940525,83.03137415940525,0.00011399766608552014,0.0,4.728802881206239,144,0.4034155721158462,-0.05438484533156539,11920.465411474219
1390,82.45543036564845,82.45543036564845,-0.006960628925043085,0.0,4.728802881206239,144,0.4036244689715023,-0.051727545949390864,11912.771861390744
1391,82.80666802872871,82.80666802872871,0.004250680529265539,0.0,4.728802881206239,144,0.40354750417329627,-0.07138388059169698,11916.344933796172
1392,82.55232556758442,82.55232556758442,-0.003076248303032615,0.0,4.728802881206239,144,0.4036304441882454,-0.07674730479131323,11913.081965673964
1393,82.06604280199387,82.06604280199387,-0.005908018465595501,0.0,4.728802881206239,144,0.40384223814505904,-0.06355630313068854,11905.925971959676
1394,82.00067563543205,82.00067563543205,-0.000796836441212623,0.0,4.728802881206239,144,0.40387299850323427,-0.060936380195776796,11905.06554821942
1395,82.67346997030282,82.67346997030282,0.008171265451634865,0.0,4.728802881206239,144,0.4037150038278956,-0.06320700091164304,11911.745422112452
1396,82.33245422045157,82.33245422045157,-0.004133381719963443,0.0,4.728802881206239,144,0.4038185151664409,-0.08184385038349362,11907.542020639228
1397,82.48275043732662,82.48275043732662,0.001823815452561176,0.0,4.728802881206239,144,0.4037973454594317,-0.09889177502523662,11908.809594223156
1398,82.77849514729465,82.77849514729465,0.003579121343687394,0.0,4.728802881206239,144,0.4037318364086667,-0.12595259213618062,11911.941035781261
1399,82.96312421106668,82.96312421106668,0.0022279152436860843,0.0,4.728802881206239,144,0.4036939334095759,-0.1063191986471947,11913.854479246032
1400,83.25359684924328,83.25359684924328,0.0034951108651391084,0.0,4.575940445095233,126,0.45828944607880945,-0.10730754693697127,10853.60675302286
1401,82.7835344489154,82.7835344489154,-0.005662151020079361,0.0,4.575940445095233,126,0.4582730020920739,-0.11566601605149714,10852.575354161865
1402,82.42236546943924,82.42236546943924,-0.004372356617310553,0.0,4.575940445095233,126,0.45837856516796976,-0.09735713296835712,10849.331031229458
1403,82.758075870063,82.758075870063,0.004064777405001715,0.0,4.575940445095233,126,0.45839767934982006,-0.10765286498238139,10849.883619611403
1404,82.31184389297056,82.31184389297056,-0.0054065945476467975,0.0,4.575940445095233,126,0.4585216257244497,-0.15544408169395743,10846.046336586527
1405,81.77899226119794,81.77899226119794,-0.0064946162410426745,0.0,4.575940445095233,126,0.45855891705313145,-0.12318508649266627,10844.65928584544
1406,81.25915810616269,81.25915810616269,-0.006376862291722166,0.0,4.575940445095233,126,0.4587623289727921,-0.09390675002144905,10840.119316072969
1407,81.17607299806299,81.17607299806299,-0.0010229937776517542,0.0,4.575940445095233,126,0.45877578288476417,-0.09179513712342688,10839.794364993288
1408,80.89364278926706,80.89364278926706,-0.0034852963531237244,0.0,4.575940445095233,126,0.458899346261702,-0.0940700694886987,10837.07588707682
1409,81.20783255752261,81.20783255752261,0.003876462703704157,0.0,4.575940445095233,126,0.4588736693062114,-0.1410440543169482,10837.764568115197
1410,81.12740962374275,81.12740962374275,-0.0009908253966142402,0.0,4.575940445095233,126,0.45888874477984504,-0.15071535552452403,10837.40139881292
1411,81.43071508297136,81.43071508297136,0.0037316598200633024,0.0,4.575940445095233,126,0.4588320496834758,-0.14848850419695006,10838.77104832491
1412,81.19127323695268,81.19127323695268,-0.002944768066387664,0.0,4.575940445095233,126,0.45887677292178225,-0.16371809396496426,10837.689790478831
1413,80.46641272585147,80.46641272585147,-0.008967904801449985,0.0,4.575940445095233,126,0.45901459440730646,-0.1339294732766315,10834.41650668165
1414,79.93533454336917,79.93533454336917,-0.006621874538602048,0.0,4.575940445095233,126,0.4591161583761834,-0.099470136941748,10832.018294083317
1415,80.1926444421733,80.1926444421733,0.003213805880821572,0.0,4.575940445095233,126,0.4590669445358782,-0.1084738087355548,10833.180239464133
1416,80.0833434418191,80.0833434418191,-0.0013639100746302044,0.0,4.575940445095233,126,0.45908784847355455,-0.10927958727204512,10832.686664234145
1417,79.77414550822544,79.77414550822544,-0.003868424572567442,0.0,4.575940445095233,126,0.45914714257568634,-0.10561956244745725,10831.290405822141
1418,79.69386600671817,79.69386600671817,-0.001006841529237489,0.0,4.575940445095233,126,0.4591625879085929,-0.096676231096724,10830.92788422315
1419,80.11342840855045,80.11342840855045,0.005250866268244596,0.0,4.575940445095233,126,0.45908209450026305,-0.12140357388328372,10832.822520212823
1420,79.11645092764893,79.11645092764893,-0.012522656094465923,0.0,4.575940445095233,126,0.4592737098522271,-0.1092522120512774,10828.320426107248
1421,78.95332299673763,78.95332299673763,-0.002063999773935735,0.0,4.575940445095233,126,0.45930526669686866,-0.13271560470860305,10827.583782291036
1422,78.4107115030879,78.4107115030879,-0.006896285366176304,0.0,4.575940445095233,126,0.45941081058351524,-0.14489136755116916,10825.133488223242
1423,77.88207083446805,77.88207083446805,-0.0067647741206012715,0.0,4.575940445095233,126,0.45951508074089664,-0.13691505132573725,10822.746282811131
1424,78.1560748167721,78.1560748167721,0.003512016408510255,0.0,4.575940445095233,126,0.4594609603078521,-0.1496236662019304,10823.983614383074
1425,78.383773886368,78.383773886368,0.002909153574253998,0.0,4.575940445095233,126,0.4594161153404757,-0.13789762088861723,10825.011844868426
1426,78.05663609635394,78.05663609635394,-0.004182273197721769,0.0,4.575940445095233,126,0.45949081619419535,-0.14421183335956705,10823.315737334935
1427,78.47446539892648,78.47446539892648,0.005338623327333675,0.0,4.575940445095233,126,0.4594566258278823,-0.14791189574981595,10824.175292873997
1428,78.55565329924512,78.55565329924512,0.0010340424910310767,0.0,4.575940445095233,126,0.4594588379043261,-0.1337335367302215,10824.151887430653
1429,79.25011194496007,79.25011194496007,0.008801492489553711,0.0,4.575940445095233,126,0.4594177605139512,-0.1319490614179922,10825.294896218205
1430,79.42430848623259,79.42430848623259,0.002195648306522652,0.0,4.575940445095233,126,0.4593882939237478,-0.10211818815189695,10825.977616078379
1431,79.80006917825212,79.80006917825212,0.004719897733161086,0.0,4.575940445095233,126,0.45936788599566003,-0.11452470314189915,10826.574916225009
1432,79.87947043012865,79.87947043012865,0.0009945076071179743,0.0,4.575940445095233,126,0.4593524049807973,-0.05026035235140793,10826.927547658008
1433,78.90361902875735,78.90361902875735,-0.012291783605938916,0.0,4.575940445095233,126,0.45957358185489394,-0.05920508373441428,10821.960988184563
1434,78.53904181704647,78.53904181704647,-0.004631246212259165,0.0,4.575940445095233,126,0.4596572158011923,-0.03133529370053025,10820.105486002487
1435,77.85621445990962,77.85621445990962,-0.008732127970995558,0.0,4.575940445095233,126,0.4598161993629465,-0.018121305625114784,10816.630261522047
1436,77.51353427454164,77.51353427454164,-0.0044111642559193,0.0,4.575940445095233,126,0.4598961773645283,0.011198631860717104,10814.886203442496
1437,77.32671742679676,77.32671742679676,-0.002413028089795173,0.0,4.575940445095233,126,0.45993981907416076,0.019474327957553963,10813.9354060325
1438,77.65574941698023,77.65574941698023,0.004246060747749106,0.0,4.575940445095233,126,0.45986296006606925,0.005363170011584797,10815.610002129422
1439,78.18707508437502,78.18707508437502,0.006818764069284673,0.0,4.575940445095233,126,0.4597390710659775,0.013280696746193355,10818.31416438525
1440,77.53316750434531,77.53316750434531,-0.008398541034813424,0.0,4.575940445095233,126,0.45989159135164837,-0.03765780934390919,10814.986126036592
1441,77.34185996875418,77.34185996875418,-0.0024704774683486,0.0,4.575940445095233,126,0.4599362813856653,0.011259682553678159,10814.012473437542
1442,77.29179233729712,77.29179233729712,-0.000647564517296318,0.0,4.575940445095233,126,0.45994797866844306,0.05065520662254958,10813.757656086278
1443,76.68021851578736,76.68021851578736,-0.007944002735858772,0.0,4.575940445095233,126,0.46009090494712085,0.03816365403464046,10810.645073829735
1444,76.85780335402062,76.85780335402062,0.0023132370113878253,0.0,4.575940445095233,126,0.460049394462913,0.022912783230835593,10811.548885270111
1445,76.81317668229998,76.81317668229998,-0.0005808080740372325,0.0,4.575940445095233,126,0.46005982530162,0.023595960909643294,10811.321759481398
1446,76.54797123914831,76.54797123914831,-0.0034585774964039718,0.0,4.575940445095233,126,0.46012182227842274,-0.004670489150150116,10809.972006225684
1447,76.96808612434394,76.96808612434394,0.0054732506966841225,0.0,4.575940445095233,126,0.46002361934091585,0.016574017575860214,10812.11016533482
1448,76.62679610392986,76.62679610392986,-0.004444035857882951,0.0,4.575940445095233,126,0.4601033938024986,0.012494593586489421,10810.373182448186
1449,76.49040215838399,76.49040215838399,-0.0017815631838826794,0.0,4.575940445095233,126,0.46015624177862446,0.018936370243398254,10809.223782321727
1450,76.80935668123956,76.80935668123956,0.004161193540141889,0.0,4.575940445095233,126,0.46015086986489445,0.038343587374541147,10809.339497196292
1451,77.14578881867386,77.14578881867386,0.004370528466224281,0.0,4.575940445095233,126,0.4601184611574563,0.06488943398084394,10810.119874472612
1452,76.52682609773491,76.52682609773491,-0.008055645678831113,0.0,4.575940445095233,126,0.46017816702634073,0.032960848363499926,10808.684148248614
1453,77.0911341185016,77.0911341185016,0.0073469346721658545,0.0,4.575940445095233,126,0.460126077915061,-0.003946114810014005,10809.942708811492
1454,77.05403967149313,77.05403967149313,-0.00048129236631259796,0.0,4.575940445095233,126,0.460149176162665,-0.0023833127561635158,10809.444794102112
1455,77.09439652112025,77.09439652112025,0.0005236102492631047,0.0,4.575940445095233,126,0.46015773750526323,0.01637140852248219,10809.284105075521
1456,76.52048342673615,76.52048342673615,-0.007472137658057276,0.0,4.575940445095233,126,0.46027409927375307,0.014892373916119622,10806.647462335835
1457,76.71044647159337,76.71044647159337,0.0024794360029187688,0.0,4.575940445095233,126,0.46024764917698074,-0.009462173625889624,10807.246440780506
1458,76.47324187294934,76.47324187294934,-0.0030969980002582376,0.0,4.575940445095233,126,0.46030381884796123,-0.025515421280250472,10805.990363147377
1459,75.96210573569991,75.96210573569991,-0.0067062930079563685,0.0,4.575940445095233,126,0.46042744915222655,-0.03095814908879431,10803.346133608551
1460,76.46459311756334,76.46459311756334,0.006593191427882785,0.0,4.575940445095233,126,0.46026708588166687,-0.04366502569077681,10806.774140728992
1461,75.58984572646027,75.58984572646027,-0.011505840249998222,0.0,4.575940445095233,126,0.46047824027205714,-0.0970707421924772,10802.283897526715
1462,76.48242738651201,76.48242738651201,0.011739048703104799,0.0,4.575940445095233,126,0.4601733102631402,-0.1516946624393436,10808.776796499451
1463,76.75421142051606,76.75421142051606,0.0035472498105889754,0.0,4.575940445095233,126,0.46008179078469563,-0.10591875979437505,10810.753832723889
1464,76.7960386473683,76.7960386473683,0.0005448018204896202,0.0,4.575940445095233,126,0.4600677331842792,-0.11453107371259592,10811.058096154808
1465,75.95294483018914,75.95294483018914,-0.011039057146437263,0.0,4.575940445095233,126,0.46038033277383367,-0.13368953555137122,10804.103999640553
1466,76.29049809660009,76.29049809660009,0.004434395505710336,0.0,4.575940445095233,126,0.4604457355053911,-0.16285885883282367,10806.467507411324
1467,76.25879848893432,76.25879848893432,-0.0004155982207924216,0.0,4.575940445095233,126,0.46044100549885086,-0.1609479729795353,10806.206756470621
1468,76.46991213994222,76.46991213994222,0.0027645592580029647,0.0,4.575940445095233,126,0.4604757786342629,-0.1525338653267864,10807.893360973794
1469,76.17201815169646,76.17201815169646,-0.003903178712073168,0.0,4.575940445095233,126,0.4604709151355307,-0.1598384880688159,10804.578524849521
1470,75.70669638266527,75.70669638266527,-0.006127563383864702,0.0,4.575940445095233,126,0.4604116799180679,-0.15058800852553694,10800.702342767236
1471,75.6166331509426,75.6166331509426,-0.0011903418016847678,0.0,4.575940445095233,126,0.46045261074359006,-0.14790886809114773,10799.477403783754
1472,75.5150222222778,75.5150222222778,-0.0013446679151944457,0.0,4.575940445095233,126,0.4605147423295474,-0.1553375243455575,10797.959247945751
1473,76.06720183459156,76.06720183459156,0.007285577952235669,0.0,4.575940445095233,126,0.4604722236113209,-0.17960111353431038,10803.420579761785
1474,76.48218562253558,76.48218562253558,0.005440661788491459,0.0,4.575940445095233,126,0.460487421165701,-0.13893061218520308,10807.774191508192
1475,76.41943920784759,76.41943920784759,-0.0008207423339007678,0.0,4.575940445095233,126,0.4604941169209849,-0.1391846162321371,10806.905870423125
1476,75.87314629638334,75.87314629638334,-0.007174285639867297,0.0,4.575940445095233,126,0.4604159593149752,-0.13695440027279523,10802.413574674913
1477,75.60505497877769,75.60505497877769,-0.0035396723127776464,0.0,4.575940445095233,126,0.46041628032389337,-0.12858732275545395,10800.208996396595
1478,76.09458798701883,76.09458798701883,0.0064539994679545815,0.0,4.575940445095233,126,0.46044556465526654,-0.13428979504529406,10804.234542043228
1479,76.08766989723563,76.08766989723563,-9.091848004027981e-05,0.0,4.575940445095233,126,0.46045053881447334,-0.09726961617085765,10804.055957897312
1480,76.31243622095215,76.31243622095215,0.0029496893723980795,0.0,4.575940445095233,126,0.4604510045863803,-0.11210863818560837,10806.573669972755
1481,75.9569552808578,75.9569552808578,-0.0046691141587551985,0.0,4.575940445095233,126,0.4604028472946204,-0.12407359642887317,10803.600644323044
1482,75.41937265376319,75.41937265376319,-0.00710262819021629,0.0,4.575940445095233,126,0.4605126342891915,-0.13062276677321344,10797.718196621508
1483,74.77717846457078,74.77717846457078,-0.008551436073424897,0.0,4.575940445095233,126,0.4607961565779525,-0.08732212270481154,10790.343232604753
1484,75.20951955394695,75.20951955394695,0.005765075070405045,0.0,4.575940445095233,126,0.4605876960462069,-0.12128472210664105,10795.700300705701
1485,74.72575327312222,74.72575327312222,-0.006453024034067812,0.0,4.575940445095233,126,0.46072299123220944,-0.13310519972779314,10791.7221762218
1486,74.51884540577969,74.51884540577969,-0.0027727368592797012,0.0,4.575940445095233,126,0.46078266540189144,-0.11659998976410837,10790.020723918047
1487,74.16254549475079,74.16254549475079,-0.004792806832349717,0.0,4.575940445095233,126,0.4608924167224754,-0.12039531527107812,10786.951617752295
1488,74.32685481702966,74.32685481702966,0.002213079034538491,0.0,4.575940445095233,126,0.4608609592412705,-0.1367506581097492,10787.944276747096
1489,74.78525636373485,74.78525636373485,0.006148434049562385,0.0,4.575940445095233,126,0.46066241927014445,-0.14491169780407195,10793.017222831988
1490,74.24972663912934,74.24972663912934,-0.007186662067363726,0.0,4.575940445095233,126,0.4607853025448812,-0.17728497589229925,10789.336639356106
1491,74.5021034581844,74.5021034581844,0.003393263276833833,0.0,4.575940445095233,126,0.46071520534386945,-0.20043584290654443,10791.323504126934
1492,74.82541478592651,74.82541478592651,0.004330237812072053,0.0,4.575940445095233,126,0.460591525822301,-0.17174045581614572,10794.557696761545
1493,74.98371984115548,74.98371984115548,0.002113424051828273,0.0,4.575940445095233,126,0.460549912286643,-0.19839910743069752,10795.77713312421
1494,74.9485660712665,74.9485660712665,-0.0004689286276030821,0.0,4.575940445095233,126,0.4605611666366558,-0.21719040376808904,10795.460800688506
1495,75.08798695511324,75.08798695511324,0.0018584927627889813,0.0,4.575940445095233,126,0.46051653543282284,-0.24288389297583424,10796.7153844192
1496,74.77294099714206,74.77294099714206,-0.004204517166551799,0.0,4.575940445095233,126,0.4606174213669837,-0.2525954013148561,10793.880432277268
1497,74.48333036005336,74.48333036005336,-0.003880721364890946,0.0,4.575940445095233,126,0.46071378800684815,-0.23917366500819653,10791.242296787306
1498,73.92053176707284,73.92053176707284,-0.007584725666441872,0.0,4.575940445095233,126,0.4609360974282577,-0.24549423112206656,10785.37034544855
1499,73.52116596334459,73.52116596334459,-0.0054172840730473985,0.0,4.575940445095233,126,0.46110490849886665,-0.19760077540094145,10780.99150251427
1500,73.45377467616548,73.45377467616548,-0.0009170446554864532,0.0,4.575940445095233,126,0.46115207101952116,-0.21210379656248063,10779.69678218191
1501,73.55470616472114,73.55470616472114,0.0013731385269376986,0.0,4.575940445095233,126,0.4611423927437735,-0.21160743302429527,10779.916302989031
1502,74.03994363567743,74.03994363567743,0.006575295511885487,0.0,4.575940445095233,126,0.4610972771318168,-0.19449092157480258,10780.959176685796
1503,74.71855240939102,74.71855240939102,0.009123693760461694,0.0,4.575940445095233,126,0.46084681889151197,-0.1353914967184794,10786.29096983956
1504,75.2458273179366,75.2458273179366,0.007032030970164812,0.0,4.575940445095233,126,0.4606525259777548,-0.09037362040890877,10790.433740838747
1505,74.63355505785415,74.63355505785415,-0.008170245383803489,0.0,4.575940445095233,126,0.4608781569556907,-0.11956941067432146,10785.623150155277
1506,75.09475923824174,75.09475923824174,0.006160566773390641,0.0,4.575940445095233,126,0.46070816005212095,-0.13529206726801854,10789.24680694654
1507,75.66012764280316,75.66012764280316,0.007500533704710114,0.0,4.575940445095233,126,0.4605243068956641,-0.0932355438103033,10793.171513471641
1508,75.9251618447717,75.9251618447717,0.003496836308209944,0.0,4.575940445095233,126,0.4604939077131281,-0.08135248590972688,10793.77853036914
1509,76.5885421025772,76.5885421025772,0.008699342082300898,0.0,4.575940445095233,126,0.46024705566045937,-0.05766136280741542,10800.328945048474
1510,76.708890210738,76.708890210738,0.0015701258797251331,0.0,4.575940445095233,126,0.46021544352548716,-0.06068008080226494,10801.241903398477
1511,76.51776691162559,76.51776691162559,-0.0024946494535547023,0.0,4.575940445095233,126,0.4603029308759538,-0.04444657960301952,10799.001016369442
1512,75.95222315347877,75.95222315347877,-0.007418461187810728,0.0,4.575940445095233,126,0.46055647780309694,-0.004323651120368489,10792.604053661044
1513,76.15596788042852,76.15596788042852,0.0026789464448559717,0.0,4.575940445095233,126,0.46045464917450796,-0.014380757220051747,10795.121504677569
1514,75.81652549581244,75.81652549581244,-0.004467162991862563,0.0,4.575940445095233,126,0.46062435359786835,-0.020747286852879146,10790.944784769346
1515,76.12091751894502,76.12091751894502,0.004006812597768646,0.0,4.575940445095233,126,0.46051563139458407,-0.027258670974806616,10793.835789171559
1516,76.63943524894277,76.63943524894277,0.006788668813202788,0.0,4.575940445095233,126,0.46037464825255475,-0.001787136219495874,10797.863139884008
1517,77.47621406723465,77.47621406723465,0.010859209235457176,0.0,4.575940445095233,126,0.45993483265483964,0.03903921135999492,10808.83467801879
1518,77.55669852438409,77.55669852438409,0.0010382887482986137,0.0,4.575940445095233,126,0.4599031297758675,0.032254636306901986,10809.683822640674
1519,77.41443991413824,77.41443991413824,-0.0018359373446964165,0.0,4.575940445095233,126,0.4599779453388547,0.0549745032058813,10807.781852107739
1520,76.95996399497174,76.95996399497174,-0.005887986876749302,0.0,4.575940445095233,126,0.46024362343666003,0.10110550947650651,10801.248506106038
1521,77.30555428054994,77.30555428054994,0.004480468060176979,0.0,4.575940445095233,126,0.46013208919277615,0.16805626968676596,10804.290082666572
1522,76.68657872523694,76.68657872523694,-0.00803909754058917,0.0,4.575940445095233,126,0.4603336148541407,0.130956043437863,10798.805868909669
1523,76.59019418035986,76.59019418035986,-0.001257653795212347,0.0,4.575940445095233,126,0.4603707379057157,0.13666619260437754,10797.823218531841
1524,76.85992658828172,76.85992658828172,0.0035155747597795644,0.0,4.575940445095233,126,0.46029348006453474,0.1365924379544582,10799.809983019855
1525,77.71194331903729,77.71194331903729,0.011024326230354714,0.0,4.575940445095233,126,0.46017981590676893,0.18624822322007858,10802.198604589774
1526,77.745171303979,77.745171303979,0.0004274874846136244,0.0,4.575940445095233,126,0.46019370639953644,0.19009617629622597,10801.771831168691
1527,77.57604453881645,77.57604453881645,-0.0021777685821944733,0.0,4.575940445095233,126,0.4602257924281133,0.1903210141319052,10801.040988830979
1528,77.32543917425781,77.32543917425781,-0.0032356769889659723,0.0,4.575940445095233,126,0.46032819351643955,0.20081974174165143,10798.357217964916
1529,76.94283311876967,76.94283311876967,-0.004960279055213154,0.0,4.575940445095233,126,0.4604604022106967,0.19507633598278412,10794.84422023344
1530,76.77471250914873,76.77471250914873,-0.0021873973588138356,0.0,4.575940445095233,126,0.4605287217404261,0.20078252668469565,10793.076550656191
1531,77.1343876279596,77.1343876279596,0.004673872737237625,0.0,4.575940445095233,126,0.460388844024438,0.19105542011504617,10796.716082537367
1532,76.84599111176021,76.84599111176021,-0.0037458909477189697,0.0,4.575940445095233,126,0.46048802624215224,0.1859325917317479,10794.09276784428
1533,77.59060787992838,77.59060787992838,0.00964308386900975,0.0,4.575940445095233,126,0.4602354177045633,0.14055442417656336,10800.833194347855
1534,77.70931440360648,77.70931440360648,0.001528739294278578,0.0,4.575940445095233,126,0.460187839471704,0.15215972383432083,10802.080052261503
1535,77.28538757641627,77.28538757641627,-0.005470224193258719,0.0,4.575940445095233,126,0.4603578602511388,0.1412317947960135,10797.62725132932
1536,76.84460466487448,76.84460466487448,-0.005719641022359194,0.0,4.575940445095233,126,0.4605463583947524,0.1460300473279678,10792.778909906594
1537,76.53355739873766,76.53355739873766,-0.004055958010792688,0.0,4.575940445095233,126,0.46064870006170894,0.1733031688510951,10790.028236399017
1538,76.53989267500397,76.53989267500397,8.277433175867665e-05,0.0,4.575940445095233,126,0.46067124475844157,0.17828837185239765,10789.576865945037
1539,76.64119281297774,76.64119281297774,0.0013226195965157146,0.0,4.575940445095233,126,0.460669658531251,0.17847714245629603,10789.63554111003
1540,76.592455050361,76.592455050361,-0.0006361235269123072,0.0,4.575940445095233,126,0.4607142714727536,0.18669489723318175,10788.701822546258
1541,76.16925174358208,76.16925174358208,-0.0055407130273391605,0.0,4.575940445095233,126,0.46076615513782293,0.16846334505918875,10787.505384495113
1542,76.09135179305,76.09135179305,-0.0010232450879561926,0.0,4.575940445095233,126,0.460778062787088,0.13948784193583147,10787.235002500107
1543,75.97447781955627,75.97447781955627,-0.0015371500198860279,0.0,4.575940445095233,126,0.4608182956516425,0.17738425393334248,10786.357865025206
1544,76.40735317192471,76.40735317192471,0.005681471523923651,0.0,4.575940445095233,126,0.4606987505347661,0.19446007154572267,10788.91746081471
1545,76.57864443306724,76.57864443306724,0.0022393073274992533,0.0,4.575940445095233,126,0.46065900951388744,0.1926249222108211,10789.787848259799
1546,76.38545939307349,76.38545939307349,-0.0025258885957345784,0.0,4.575940445095233,126,0.4606826869069309,0.17872124686030239,10789.2416948412
1547,76.40567840274606,76.40567840274606,0.0002646620750689966,0.0,4.575940445095233,126,0.46068020868638077,0.18814851927659737,10789.29885600261
1548,76.86834757240572,76.86834757240572,0.006037168684945975,0.0,4.575940445095233,126,0.46062353886585256,0.17807327793146327,10790.60686799308
1549,76.84035386407501,76.84035386407501,-0.0003642436424040604,0.0,4.575940445095233,126,0.4606269643986614,0.20688070924757404,10790.52772698141
1550,76.81107701700496,76.81107701700496,-0.00038108135090537173,0.0,4.575940445095233,126,0.4606305470002873,0.23050451479992368,10790.444958408267
1551,76.87764322997334,76.87764322997334,0.0008662472694669118,0.0,4.575940445095233,126,0.4606224013863696,0.22409208959585916,10790.633147746204
1552,76.8146894087564,76.8146894087564,-0.0008192188075604996,0.0,4.575940445095233,126,0.4606301049496951,0.22129896622856665,10790.455171000838
1553,76.25916104906747,76.25916104906747,-0.007258337030848473,0.0,4.575940445095233,126,0.46070051720777333,0.22055588975220777,10788.834610980808
1554,76.13009746990886,76.13009746990886,-0.0016938675504022038,0.0,4.575940445095233,126,0.46074340442067413,0.23073535674227902,10787.897675549859
1555,76.12350538888225,76.12350538888225,-8.659343236485395e-05,0.0,4.575940445095233,126,0.4607476069669679,0.23637799670455087,10787.807983533543
1556,75.92335043526909,75.92335043526909,-0.002632807737400286,0.0,4.575940445095233,126,0.4608505474841084,0.22644287064761123,10785.628765141091
1557,76.07004382403878,76.07004382403878,0.0019302606541778465,0.0,4.575940445095233,126,0.4608325306853307,0.20269974472666216,10786.043482014433
1558,76.2923355889937,76.2923355889937,0.0029179371382079917,0.0,4.575940445095233,126,0.4608114110280466,0.1798904077824332,10786.532327776893
1559,76.67330529851563,76.67330529851563,0.004981125107796863,0.0,4.575940445095233,126,0.4607906284766889,0.18265512574018722,10787.023504246828
1560,76.65001913374311,76.65001913374311,-0.0003037524138976337,0.0,4.575940445095233,126,0.4608081387433538,0.18056699754409,10786.65198273568
1561,76.53450988862642,76.53450988862642,-0.0015081061742538166,0.0,4.575940445095233,126,0.4608333855619384,0.17861407852059144,10786.120738784271
1562,76.8203402272205,76.8203402272205,0.003727703028161636,0.0,4.575940445095233,126,0.46077093985845213,0.14031358151718057,10787.43531441286
1563,76.83343932164802,76.83343932164802,0.00017050142857154103,0.0,4.575940445095233,126,0.4607704076337475,0.10358149937931807,10787.44600305802
1564,77.0287849344623,77.0287849344623,0.0025392290891320356,0.0,4.575940445095233,126,0.4607339472572661,0.15123343226557664,10788.230726378222
1565,77.15573570471786,77.15573570471786,0.0016467385755390362,0.0,4.575940445095233,126,0.4607285984005392,0.20382769561646824,10788.361343934193
1566,77.54720037735295,77.54720037735295,0.005060867208822224,0.0,4.575940445095233,126,0.4606794408567985,0.17674810139497274,10789.466571346436
1567,77.18611720747735,77.18611720747735,-0.004667176157708706,0.0,4.575940445095233,126,0.4607600059332587,0.14045303508124649,10787.765620438891
1568,77.26613683210822,77.26613683210822,0.001036173052803782,0.0,4.575940445095233,126,0.4607604255774753,0.11508218782097925,10787.770900303902
1569,77.1620686955532,77.1620686955532,-0.00134778684959774,0.0,4.575940445095233,126,0.4607726809910875,0.10988733403245769,10787.500443620107
1570,77.00219189216635,77.00219189216635,-0.0020741105635289007,0.0,4.575940445095233,126,0.46084930093243104,0.11619413585996523,10785.895216288678
1571,76.36979189490377,76.36979189490377,-0.00824666364268579,0.0,4.575940445095233,126,0.4608890435013431,0.10952103102221177,10784.96529471268
1572,76.55563437873948,76.55563437873948,0.0024304993597230036,0.0,4.575940445095233,126,0.46087325706634497,0.1136310605820533,10785.30773466174
1573,76.68881775021072,76.68881775021072,0.0017381824027294778,0.0,4.575940445095233,126,0.4608530126629224,0.12822677772685,10785.846450552699
1574,77.24079891677682,77.24079891677682,0.007171895110181089,0.0,4.575940445095233,126,0.4608030707542173,0.15128428743096042,10787.025935544736
1575,77.16029748097259,77.16029748097259,-0.0010427574023340492,0.0,4.575940445095233,126,0.4608575714669904,0.12204139547182422,10785.881891869785
1576,76.68742209060603,76.68742209060603,-0.006147336870979062,0.0,4.575940445095233,126,0.46090777922719445,0.06297714369893559,10784.717239869831
1577,76.99429398212837,76.99429398212837,0.003993608442437815,0.0,4.575940445095233,126,0.46085582093735133,0.03222490116933674,10785.885318882123
1578,77.46560694594693,77.46560694594693,0.006102741536963957,0.0,4.575940445095233,126,0.46080810521710525,0.05759551185604707,10786.996846319022
1579,77.50380585303591,77.50380585303591,0.000492986418063921,0.0,4.575940445095233,126,0.46080423839088097,0.050165352352968734,10787.086933239068
1580,77.46216418970496,77.46216418970496,-0.0005374297895434012,0.0,4.575940445095233,126,0.4608084537260634,0.07806507095359325,10786.988727047294
1581,78.10073563684645,78.10073563684645,0.008209862821928975,0.0,4.575940445095233,126,0.4607442650035269,0.10359269080729473,10788.494710838122
1582,78.35155691689582,78.35155691689582,0.003206363944452766,0.0,4.575940445095233,126,0.46073189520007,0.1210391936320349,10788.756456510899
1583,78.78146783457619,78.78146783457619,0.005471949528973791,0.0,4.575940445095233,126,0.46066320690545226,0.13807449779081477,10790.407305966393
1584,78.83289484042317,78.83289484042317,0.0006525675300037131,0.0,4.575940445095233,126,0.46068142640921894,0.10726276067886771,10790.957990761248
1585,78.94734270086394,78.94734270086394,0.001450725164272949,0.0,4.575940445095233,126,0.46070459075251485,0.11927901071549217,10793.366583818108
1586,79.17573877535739,79.17573877535739,0.002888841163469096,0.0,4.575940445095233,126,0.46077696741901797,0.1222328293254702,10797.531755037413
1587,78.80911105802251,78.80911105802251,-0.004641310554422707,0.0,4.575940445095233,126,0.46066217907120277,0.09620877071771301,10791.114468643658
1588,78.42619866884671,78.42619866884671,-0.00487057451421636,0.0,4.575940445095233,126,0.4607058761315971,0.10250516357398438,10785.091002651072
1589,78.41406533653534,78.41406533653534,-0.00015472216158918505,0.0,4.575940445095233,126,0.4607155431089437,0.09305927176624341,10784.680336569047
1590,78.42242887723673,78.42242887723673,0.00010665299235656927,0.0,4.575940445095233,126,0.4607393280472453,0.1062343855963016,10784.119053678003
1591,78.43208744195651,78.43208744195651,0.0001231531607587197,0.0,4.575940445095233,126,0.46073945429225377,0.12904205333231863,10784.238321593983
1592,79.17059534828333,79.17059534828333,0.009371836806177088,0.0,4.575940445095233,126,0.4607925577480885,0.16042334221166582,10796.879994599767
1593,78.91326184689177,78.91326184689177,-0.0032556610555202984,0.0,4.575940445095233,126,0.46071256763453916,0.12151355098895504,10792.323276484221
1594,78.98945514623126,78.98945514623126,0.0009650664244920464,0.0,4.575940445095233,126,0.46074418050652977,0.12727005623416743,10793.478539912852
1595,79.10327528777577,79.10327528777577,0.001439916445213807,0.0,4.575940445095233,126,0.46078912695363355,0.08984816886655979,10795.284121351819
1596,79.25772533871611,79.25772533871611,0.001950607779708332,0.0,4.575940445095233,126,0.46085279224358855,0.05986282225329491,10797.680792598889
1597,78.9139313501424,78.9139313501424,-0.004347106645649334,0.0,4.575940445095233,126,0.4607427815253573,0.04836349446538437,10791.657159168662
1598,78.32243088743562,78.32243088743562,-0.007523746346333101,0.0,4.575940445095233,126,0.4607702701422166,0.09078111260269785,10782.320347982593
1599,78.44648636291662,78.44648636291662,0.00158265431121594,0.0,4.575940445095233,126,0.4607361743422875,0.08075307405168626,10783.62268698419
1600,78.1402224784721,78.1402224784721,-0.00391175313975535,0.0,4.501297012112566,118,0.5102897689599103,0.06673667762957727,9816.792432110684
1601,77.93105280793856,77.93105280793856,-0.0026804393747118984,0.0,4.501297012112566,118,0.5102943610833097,0.07404020950366792,9816.690968022493
1602,77.42420938298899,77.42420938298899,-0.006524983010625745,0.0,4.501297012112566,118,0.5103054887477386,0.09130405269419728,9816.445108257842
1603,78.0791139108252,78.0791139108252,0.008423079146963362,0.0,4.501297012112566,118,0.5102911105312269,0.03821540277275177,9816.762789547873
1604,77.81145044328841,77.81145044328841,-0.0034339952732470565,0.0,4.501297012112566,118,0.5102969868834016,-0.005298629798996837,9816.632951270618
1605,77.70450396424928,77.70450396424928,-0.0013753765175466308,0.0,4.501297012112566,118,0.5102993348571981,0.007272280172021017,9816.58107363963
1606,77.33709720195422,77.33709720195422,-0.004739469242743159,0.0,4.501297012112566,118,0.5103074013375479,0.01575034700156543,9816.40285185424
1607,76.93316623440501,76.93316623440501,-0.005236678561737377,0.0,4.501297012112566,118,0.5103162700513064,0.041724796567697876,9816.206912896118
1608,77.86751280420155,77.86751280420155,0.012071754752229633,0.0,4.501297012112566,118,0.5102957560631327,-0.0178892716118972,9816.660146017914
1609,77.95622071339287,77.95622071339287,0.001138567492534514,0.0,4.501297012112566,118,0.5102938085405911,-0.008203214909741031,9816.70317647782
1610,77.67938399083984,77.67938399083984,-0.003557502347171041,0.0,4.501297012112566,118,0.5102998863613224,-0.010835476218680232,9816.568888435197
1611,77.25344535586467,77.25344535586467,-0.005498379005381273,0.0,4.501297012112566,118,0.5103092379695375,0.008803472020587415,9816.362273990979
1612,77.22064861950648,77.22064861950648,-0.0004246244273969364,0.0,4.501297012112566,118,0.5103099580478696,0.005429299149223062,9816.346364940007
1613,76.98587558669256,76.98587558669256,-0.003044919343258574,0.0,4.501297012112566,118,0.5103151127439722,-0.0054533333016789035,9816.232481164956
1614,76.70015541101768,76.70015541101768,-0.0037182364981400676,0.0,4.501297012112566,118,0.5103213862011089,0.00550333367494529,9816.093883934156
1615,76.60949082021287,76.60949082021287,-0.0011827644718131955,0.0,4.501297012112566,118,0.5103233769285822,0.009560950484014494,9816.04990432653
1616,76.79201295709066,76.79201295709066,0.002379666672305318,0.0,4.501297012112566,118,0.5103193692980419,0.011382552688256232,9816.13844222089
1617,77.05440051707276,77.05440051707276,0.0034110358306966918,0.0,4.501297012112566,118,0.5103136081925798,0.013483699356536342,9816.265721259286
1618,76.54967540825868,76.54967540825868,-0.006571790784797333,0.0,4.501297012112566,118,0.5103246903086829,-0.018145615147563774,9816.020889048079
1619,76.79884576032524,76.79884576032524,0.0032497290414408293,0.0,4.501297012112566,118,0.5103192192718853,-0.035602634540507355,9816.141756679188
1620,76.80608510716576,76.80608510716576,9.42593028101485e-05,0.0,4.501297012112566,118,0.5103190603194627,-0.035874990460275216,9816.145268343784
1621,76.361258282244,76.361258282244,-0.005808393169027862,0.0,4.501297012112566,118,0.5103288289914121,-0.03045502065114265,9815.929491610572
1622,76.85441224918598,76.85441224918598,0.006437405106969905,0.0,4.501297012112566,118,0.5103179992161092,-0.06159987657092427,9816.168710888716
1623,77.39673928656656,77.39673928656656,0.0070317695087255706,0.0,4.501297012112566,118,0.510306091865133,-0.022882334237567522,9816.43178305501
1624,77.37099231430233,77.37099231430233,-0.00033271757924506614,0.0,4.501297012112566,118,0.5103066571521059,-0.028672081670815967,9816.419293705776
1625,77.9557850030877,77.9557850030877,0.007529872981062406,0.0,4.501297012112566,118,0.5102965142236197,-0.03545678436906667,9816.644485436576
1626,78.14049678536499,78.14049678536499,0.0023666402091706285,0.0,4.501297012112566,118,0.5102927925725823,-0.004611295834416091,9816.718099491985
1627,77.60481812214408,77.60481812214408,-0.006878932774115385,0.0,4.501297012112566,118,0.5103056169257382,-0.01316419175793698,9816.464439135447
1628,77.71993587012145,77.71993587012145,0.0014822849043219111,0.0,4.501297012112566,118,0.510305615030149,-0.019596022497615384,9816.464476628447
1629,77.87859048670154,77.87859048670154,0.0020392824440892163,0.0,4.501297012112566,118,0.5103056140847652,-0.020080679914844596,9816.464495327256
1630,78.03227855495074,78.03227855495074,0.0019714869011113693,0.0,4.501297012112566,118,0.5103056140847652,-0.03247680894824119,9816.464495327256
1631,78.30676521306027,78.30676521306027,0.0035114317387706213,0.0,4.501297012112566,118,0.5103056140847652,-0.015308559500183628,9816.464495327256
1632,78.10376623590064,78.10376623590064,-0.0025957215189937777,0.0,4.501297012112566,118,0.5103056140847652,-0.02517420019026179,9816.464495327256
1633,78.56037337933888,78.56037337933888,0.005829137893002713,0.0,4.501297012112566,118,0.5103056140847652,-0.044506777992119426,9816.464495327256
1634,78.75044193555284,78.75044193555284,0.0024164727431240612,0.0,4.501297012112566,118,0.5103056140847652,-0.0294432210870071,9816.464495327256
1635,78.16561628586304,78.16561628586304,-0.0074540281496035775,0.0,4.501297012112566,118,0.5103056140847652,-0.047087539871027824,9816.464495327256
1636,78.12879813330278,78.12879813330278,-0.0004711384393119042,0.0,4.501297012112566,118,0.5103056140847652,-0.025188390229984883,9816.464495327256
1637,77.29264836932181,77.29264836932181,-0.010759877093942669,0.0,4.501297012112566,118,0.5103056140847652,-0.03442381552238579,9816.464495327256
1638,77.25514990336437,77.25514990336437,-0.0004852669156390776,0.0,4.501297012112566,118,0.5103056140847652,-0.0333755429890301,9816.464495327256
1639,77.66810871896449,77.66810871896449,0.0053311529506555495,0.0,4.501297012112566,118,0.5103056140847652,-0.034244456559505414,9816.464495327256
1640,77.98606820767985,77.98606820767985,0.004085466092196382,0.0,4.501297012112566,118,0.5103056140847652,-0.014088686876440928,9816.464495327256
1641,78.3634116052225,78.3634116052225,0.004826931700010084,0.0,4.501297012112566,118,0.5103056140847652,-0.019874255365243804,9816.464495327256
1642,78.80509173254679,78.80509173254679,0.0056204809571834295,0.0,4.501297012112566,118,0.5103056140847652,-0.012167456809428795,9816.464495327256
1643,79.35420373268136,79.35420373268136,0.006943811995034654,0.0,4.501297012112566,118,0.5103056140847652,0.013959667933156231,9816.464495327256
1644,79.5015118064359,79.5015118064359,0.0018546152460172732,0.0,4.501297012112566,118,0.5103056140847652,0.022198536604435787,9816.464495327256
1645,79.59822901021491,79.59822901021491,0.0012158060748104166,0.0,4.501297012112566,118,0.5103060824404727,0.020893636064199143,9816.455231694716
1646,79.95217259047685,79.95217259047685,0.004436769288242922,0.0,4.501297012112566,118,0.5103016916732794,0.03376488508902609,9816.540890889682
1647,79.98789406879646,79.98789406879646,0.00044668580749890156,0.0,4.501297012112566,118,0.5103036203051247,0.016548803857743218,9816.499366546474
1648,80.08338580061593,80.08338580061593,0.0011931152574686606,0.0,4.501297012112566,118,0.5103043010065669,0.015016220329210857,9816.484717485544
1649,79.69857677159315,79.69857677159315,-0.004816686023963402,0.0,4.501297012112566,118,0.5103151804451924,0.011408347570213263,9816.245439227027
1650,80.08079278833966,80.08079278833966,0.004784306595562577,0.0,4.501297012112566,118,0.5103102280065562,-0.0057213182303534876,9816.342213035334
1651,79.61820217964588,79.61820217964588,-0.005793297604485111,0.0,4.501297012112566,118,0.5103226880956521,-0.024280110229174357,9816.068024745437
1652,80.188440334165,80.188440334165,0.0071366316919572416,0.0,4.501297012112566,118,0.5103134970149124,-0.03217314738553654,9816.249805564019
1653,80.16607581043564,80.16607581043564,-0.00027893849717573077,0.0,4.501297012112566,118,0.5103134973912398,-0.03315195271162741,9816.249798120889
1654,80.34215668418258,80.34215668418258,0.0021940425315943365,0.0,4.501297012112566,118,0.5103134944283291,-0.03443275375043997,9816.249856722303
1655,80.81968019520785,80.81968019520785,0.005926029607710263,0.0,4.501297012112566,118,0.5103134863930471,-0.027112745861073474,9816.25001564673
1656,80.4466716795312,80.4466716795312,-0.004626001351617259,0.0,4.501297012112566,118,0.5103134926696566,-0.0409165782562533,9816.2498915059
1657,79.82327086859712,79.82327086859712,-0.007779424451131291,0.0,4.501297012112566,118,0.5103135031596143,-0.03684378882067571,9816.249684032102
1658,79.34124154527538,79.34124154527538,-0.006057013459986961,0.0,4.501297012112566,118,0.5103135112707164,0.0050310935397694925,9816.249523608098
1659,79.26112065308475,79.26112065308475,-0.0010103367679469939,0.0,4.501297012112566,118,0.5103135126189098,0.014481102555285773,9816.249496943092
1660,79.3140331980912,79.3140331980912,0.000667349779396745,0.0,4.501297012112566,118,0.510313511728551,0.0055747860845569205,9816.249514552897
1661,79.57637267904866,79.57637267904866,0.0033021467582277316,0.0,4.501297012112566,118,0.5103135073141675,-0.00831417288340214,9816.249601862004
1662,79.39428774968106,79.39428774968106,-0.002290800182936701,0.0,4.501297012112566,118,0.5103135103781083,0.026415669499043663,9816.249541262385
1663,79.88302178553619,79.88302178553619,0.006136913929051103,0.0,4.501297012112566,118,0.5103135021541862,0.03841549627067326,9816.249703917783
1664,79.55138813605488,79.55138813605488,-0.00416013240723438,0.0,4.501297012112566,118,0.510313507734582,0.013801250788574292,9816.249593546909
1665,80.06404987140702,80.06404987140702,0.006423733250848671,0.0,4.501297012112566,118,0.5103134991080291,-0.013640280560765591,9816.249764165676
1666,79.68717311209588,79.68717311209588,-0.004718304516911182,0.0,4.501297012112566,118,0.5103135054497298,-0.058033377380723325,9816.249638737458
1667,79.65453378398149,79.65453378398149,-0.0004096771549231366,0.0,4.501297012112566,118,0.5103135059989514,-0.00604822544087498,9816.249627874773
1668,79.99177881597375,79.99177881597375,0.004224908526199591,0.0,4.501297012112566,118,0.5103135003241334,-0.016163788101175806,9816.249740113171
1669,80.76919398635204,80.76919398635204,0.009671765689969032,0.0,4.501297012112566,118,0.5103134872425776,0.013316035277287362,9816.249998844432
1670,80.98616923561937,80.98616923561937,0.0026827596325703688,0.0,4.501297012112566,118,0.510313483591538,0.007769924453075868,9816.250071055887
1671,81.15838819259808,81.15838819259808,0.002124265217060989,0.0,4.501297012112566,118,0.5103144589605924,0.00398322832725018,9816.229610879274
1672,80.18231852653892,80.18231852653892,-0.01209963181663592,0.0,4.501297012112566,118,0.5103585592933262,-0.01108166672521012,9815.306883975081
1673,79.58157046265649,79.58157046265649,-0.007520484123044771,0.0,4.501297012112566,118,0.5103729156448804,0.0494357203761374,9814.935336309347
1674,79.3572655393693,79.3572655393693,-0.002822533218984503,0.0,4.501297012112566,118,0.5103868373384959,0.06317112391236439,9814.657633081446
1675,79.12833457401072,79.12833457401072,-0.002888983282021063,0.0,4.501297012112566,118,0.5103878478627047,0.07291110238181035,9814.63747624377
1676,79.24181563412955,79.24181563412955,0.0014331119771253148,0.0,4.501297012112566,118,0.5103830171250271,0.06730364931753871,9814.733835292242
1677,79.63108395677476,79.63108395677476,0.004900383924890343,0.0,4.501297012112566,118,0.5103665573340773,0.08328304513540023,9815.064370847083
1678,79.40358956022463,79.40358956022463,-0.0028609427955445734,0.0,4.501297012112566,118,0.5103761307883162,0.0884172683767438,9814.871200783628
1679,79.6036396015897,79.6036396015897,0.0025162396448309156,0.0,4.501297012112566,118,0.5103676830865975,0.084947352635284,9815.041067293621
1680,79.86184433184346,79.86184433184346,0.003238380488824123,0.0,4.501297012112566,118,0.5103571258036307,0.08558340757497772,9815.260314118528
1681,78.76234003660751,78.76234003660751,-0.013863231624617915,0.0,4.501297012112566,118,0.5104034284093051,0.07659687969904824,9814.326702927649
1682,78.65786651246077,78.65786651246077,-0.0013273205743438896,0.0,4.501297012112566,118,0.5104078760736882,0.06950066037223361,9814.23799235897
1683,78.3017947032445,78.3017947032445,-0.004537120140083189,0.0,4.501297012112566,118,0.5104230354264739,0.07822515748704396,9813.935644630743
1684,78.22692138605309,78.22692138605309,-0.0009566720378536202,0.0,4.501297012112566,118,0.5104262231917542,0.08410223170038204,9813.872068192588
1685,77.7849288031211,77.7849288031211,-0.0056661563198154115,0.0,4.501297012112566,118,0.5104450420670912,0.0778406458630054,9813.496763408879
1686,77.6132799610808,77.6132799610808,-0.0022091491686300245,0.0,4.501297012112566,118,0.5104523508089105,0.09683017650937704,9813.351012927935
1687,77.60639595461086,77.60639595461086,-8.870017842584756e-05,0.0,4.501297012112566,118,0.5104526439317921,0.10668488057593342,9813.34516757971
1688,77.89467679663795,77.89467679663795,0.003707770849291423,0.0,4.501297012112566,118,0.5104403691534242,0.10371747906679507,9813.589952635486
1689,77.75953862282688,77.75953862282688,-0.0017363899512894169,0.0,4.501297012112566,118,0.5104461231575425,0.09669064735677894,9813.47520409659
1690,78.64217221437488,78.64217221437488,0.011286870929335327,0.0,4.501297012112566,118,0.5104085442209235,0.0735803582493812,9814.2246660151
1691,78.72129666871294,78.72129666871294,0.0010056268023039363,0.0,4.501297012112566,118,0.5104051757048544,0.0858575470787349,9814.29185217923
1692,78.17754693008403,78.17754693008403,-0.006931241850638535,0.0,4.501297012112566,118,0.5104283253541055,0.08898090055904924,9813.830143349878
1693,77.68334946502168,77.68334946502168,-0.006341540856963884,0.0,4.501297012112566,118,0.5104493672501005,0.10598066761090032,9813.41051035173
1694,78.16728375141919,78.16728375141919,0.006210251851310759,0.0,4.501297012112566,118,0.5104287623205226,0.09156437262378936,9813.82142867864
1695,77.59931542604117,77.59931542604117,-0.007292588340614909,0.0,4.501297012112566,118,0.5104549216228824,0.06324309379308789,9813.300092157073
1696,77.54213277959113,77.54213277959113,-0.0007371679161296449,0.0,4.501297012112566,118,0.5104562363029815,0.06367410909129552,9813.273679937674
1697,77.34343105778504,77.34343105778504,-0.002565788907527563,0.0,4.501297012112566,118,0.5104604565659848,0.06560049379516279,9813.121862789134
1698,76.67292922230489,76.67292922230489,-0.008706946069906133,0.0,4.501297012112566,118,0.5105513524073488,0.07741446727054738,9810.774666567066
1699,76.75264909529474,76.75264909529474,0.0010391993439215123,0.0,4.501297012112566,118,0.5105536093985905,0.05804844889124337,9810.715241390775
1700,75.84182436482745,75.84182436482745,-0.011937988670413631,0.0,4.501297012112566,118,0.5106471148786984,0.03201381001144571,9808.334363411464
1701,75.37355032196322,75.37355032196322,-0.0061934911145531185,0.0,4.501297012112566,118,0.510739929478773,0.04998802523440626,9806.09323669211
1702,75.87142993909156,75.87142993909156,0.006583774412815257,0.0,4.501297012112566,118,0.5107760934987323,-0.00021832444716656814,9807.353074062323
1703,75.35631251024833,75.35631251024833,-0.006812498986249396,0.0,4.501297012112566,118,0.5108082919584556,-0.038191151073969615,9804.36980815815
1704,75.48220103890233,75.48220103890233,0.001669183220131732,0.0,4.501297012112566,118,0.5108165596244696,-0.050174927449931295,9804.579516740905
1705,75.82618829824804,75.82618829824804,0.004546844408023308,0.0,4.501297012112566,118,0.5108243222691844,-0.04770886541247264,9805.924331347287
1706,76.06446052171533,76.06446052171533,0.003137420516263124,0.0,4.501297012112566,118,0.510844657178288,-0.039777852763731476,9806.496187383187
1707,75.98604993535808,75.98604993535808,-0.0010313756010712262,0.0,4.501297012112566,118,0.5108567256661611,-0.04180194450305435,9805.839237554863
1708,75.75168031589386,75.75168031589386,-0.0030891434247076943,0.0,4.501297012112566,118,0.5108433222711758,-0.03683533416858837,9805.110954501799
1709,76.3418488766915,76.3418488766915,0.007760639469152185,0.0,4.501297012112566,118,0.5108498994145931,-0.03356338070689401,9807.612572664335
1710,76.62030057102275,76.62030057102275,0.003640796143606385,0.0,4.501297012112566,118,0.51087948187752,0.002462075612816815,9808.134263783359
1711,76.21074007637722,76.21074007637722,-0.005359663499371101,0.0,4.501297012112566,118,0.5108997663910866,0.013441819394486661,9805.768457284306
1712,76.3034678863166,76.3034678863166,0.0012159892852460865,0.0,4.501297012112566,118,0.5109068686221574,0.006153112713705923,9806.012922242186
1713,76.73863065760084,76.73863065760084,0.005686852809759236,0.0,4.501297012112566,118,0.510942577098021,0.012793726879273234,9807.102457230982
1714,76.05256833966473,76.05256833966473,-0.008980450880116595,0.0,4.501297012112566,118,0.510962697859934,-0.028242909561019443,9803.57376515787
1715,75.65646425519103,75.65646425519103,-0.005221903769181999,0.0,4.501297012112566,118,0.5109766169893721,0.0044219437587782245,9801.53644390225
1716,75.63405727283833,75.63405727283833,-0.00029621131965460075,0.0,4.501297012112566,118,0.5109774060595933,-0.011023814174149259,9801.421195857074
1717,75.53689255087275,75.53689255087275,-0.0012854948051759366,0.0,4.501297012112566,118,0.5109809974424514,-0.03170637968530986,9800.92143894692
1718,74.96966991638462,74.96966991638462,-0.007537549336498589,0.0,4.501297012112566,118,0.5110731566632212,-0.030205516368551146,9798.003986753902
1719,75.54165947689172,75.54165947689172,0.007600654601363423,0.0,4.501297012112566,118,0.5109808130349884,-0.059692811363522044,9800.945957148278
1720,75.02854296545397,75.02854296545397,-0.006815671221076763,0.0,4.501297012112566,118,0.5110609412434785,-0.08942478392920666,9798.306794321292
1721,75.2800880127811,75.2800880127811,0.0033470504058607815,0.0,4.501297012112566,118,0.511008784591017,-0.09983218456678875,9799.600590804976
1722,75.78852131948366,75.78852131948366,0.0067311829857712325,0.0,4.501297012112566,118,0.5109719669276318,-0.07439928310889558,9802.21566604255
1723,75.61109507869378,75.61109507869378,-0.0023438146837442757,0.0,4.501297012112566,118,0.5109791906230831,-0.07031010886686415,9801.28367656471
1724,75.47774229920563,75.47774229920563,-0.0017652239097194907,0.0,4.501297012112566,118,0.5109899996102113,-0.05713742059307104,9800.483648046817
1725,76.00636060594405,76.00636060594405,0.006979220160099319,0.0,4.501297012112566,118,0.5109482721098904,-0.04558430489716533,9803.655008419622
1726,76.21923503062293,76.21923503062293,0.002796830093545038,0.0,4.501297012112566,118,0.510936102448395,-0.029522540936615615,9804.847129268444
1727,75.80151669013576,75.80151669013576,-0.0054955575085153235,0.0,4.501297012112566,118,0.5109505592027264,-0.03920603625163762,9802.699371384317
1728,75.59154548781956,75.59154548781956,-0.002773856792735109,0.0,4.501297012112566,118,0.5109579319879515,-0.0642216052393759,9801.619774772185
1729,75.73524337095289,75.73524337095289,0.0018991736679081783,0.0,4.501297012112566,118,0.5109538701486536,-0.09397198795832037,9802.339037151565
1730,76.44584926999019,76.44584926999019,0.009339019078614823,0.0,4.501297012112566,118,0.5108998030519275,-0.07859609977553057,9806.605118159792
1731,76.91052923956227,76.91052923956227,0.006060150822786338,0.0,4.501297012112566,118,0.5108718810860762,-0.02084624084157665,9809.308631246848
1732,76.87165281853237,76.87165281853237,-0.0005056037225872164,0.0,4.501297012112566,118,0.5108728043097681,-0.06484874949459629,9809.108742633682
1733,76.37050481384036,76.37050481384036,-0.006540625621789898,0.0,4.501297012112566,118,0.5108860382007893,-0.07429683034189583,9806.532019339855
1734,76.2811265796727,76.2811265796727,-0.0011710093572557029,0.0,4.501297012112566,118,0.5108894334640272,-0.07562033652216905,9806.05261578674
1735,76.51124013215497,76.51124013215497,0.0030121102436692915,0.0,4.501297012112566,118,0.5108732337938696,-0.07370582584887166,9807.435406347648
1736,75.69243538315001,75.69243538315001,-0.01075943330964652,0.0,4.501297012112566,118,0.5109354651253661,-0.0962010676328272,9802.515072599652
1737,76.08393307122181,76.08393307122181,0.005158886858851693,0.0,4.501297012112566,118,0.5109047227756431,-0.12153097732604157,9804.86764723875
1738,75.76574030875865,75.76574030875865,-0.00419089776222251,0.0,4.501297012112566,118,0.5109296964100368,-0.12827091074213737,9802.955574074276
1739,75.9795570789172,75.9795570789172,0.002818102641006895,0.0,4.501297012112566,118,0.5109128731064753,-0.14179220916509305,9804.240434563151
1740,76.79533776683019,76.79533776683019,0.010679613850427634,0.0,4.501297012112566,118,0.5108655840813863,-0.08685084576882994,9808.852556008122
1741,76.31572921833305,76.31572921833305,-0.0062648654548769795,0.0,4.501297012112566,118,0.5108400286826436,-0.1341269417059093,9807.3638800957
1742,76.34451266610735,76.34451266610735,0.00037709160892280495,0.0,4.501297012112566,118,0.5108415641564258,-0.1387661948027818,9807.453191352204
1743,76.53961752974371,76.53961752974371,0.002552324682773895,0.0,4.501297012112566,118,0.5108542899297176,-0.13921625079920677,9808.012056769685
1744,76.36838088777962,76.36838088777962,-0.0022397352044244527,0.0,4.501297012112566,118,0.5108411595077776,-0.14355730978258058,9807.560914298143
1745,75.74927648187334,75.74927648187334,-0.008139854832810756,0.0,4.501297012112566,118,0.5107939757092961,-0.13840329462394277,9805.929813100292
1746,75.54235950297657,75.54235950297657,-0.0027353410063167627,0.0,4.501297012112566,118,0.5107794756788323,-0.12844016833679014,9805.36474806691
1747,75.55591317320473,75.55591317320473,0.00017940205436442168,0.0,4.501297012112566,118,0.5107798556709925,-0.12998972947659865,9805.41236931108
1748,75.02619939251022,75.02619939251022,-0.007035576227573929,0.0,4.501297012112566,118,0.5108257467521636,-0.1279567068006381,9803.551203378429
1749,74.62850587740567,74.62850587740567,-0.005314827228948131,0.0,4.501297012112566,118,0.5108842236091793,-0.10425775669688893,9802.11468286518
1750,74.31330611322431,74.31330611322431,-0.004232528536037686,0.0,4.501297012112566,118,0.5109231410679743,-0.11634565894800804,9801.134614641023
1751,74.69673680060929,74.69673680060929,0.005146385118199598,0.0,4.501297012112566,118,0.5108782124107141,-0.1190003862877254,9802.269142422694
1752,74.66603852348605,74.66603852348605,-0.00041105660347933007,0.0,4.501297012112566,118,0.5108852089868946,-0.13932585894511396,9802.094702553079
1753,74.52857482066763,74.52857482066763,-0.0018427440325902887,0.0,4.501297012112566,118,0.510926740661603,-0.11957228007011428,9801.06425545719
1754,74.86703994084407,74.86703994084407,0.004531132989503722,0.0,4.501297012112566,118,0.5108854522526672,-0.09801630251490549,9802.116564052612
1755,74.94445963546849,74.94445963546849,0.0010335615321299106,0.0,4.501297012112566,118,0.510876149151579,-0.09557559402656943,9802.357266580735
1756,74.67518273225207,74.67518273225207,-0.0035994898756835183,0.0,4.501297012112566,118,0.5109111023041545,-0.09807967046241173,9801.462624267848
1757,74.580037170179,74.580037170179,-0.0012749379890802503,0.0,4.501297012112566,118,0.5109327560821738,-0.1065532115720155,9800.922841023643
1758,74.45076859687951,74.45076859687951,-0.0017347904019386106,0.0,4.501297012112566,118,0.5109739880759772,-0.10261604910941091,9799.941293590642
1759,74.01681442518336,74.01681442518336,-0.005845793386894656,0.0,4.501297012112566,118,0.5110285242524102,-0.0856489858191936,9798.592103740128
1760,74.31837406218897,74.31837406218897,0.004065927384100524,0.0,4.501297012112566,118,0.5109929652564731,-0.15204441138336766,9799.472491184291
1761,74.55003186304424,74.55003186304424,0.0031122518764686202,0.0,4.501297012112566,118,0.5109383052355646,-0.11746474031441516,9800.786846151903
1762,74.85056535016712,74.85056535016712,0.004023195329881906,0.0,4.501297012112566,118,0.510869974418588,-0.0800994347961506,9802.491980536655
1763,74.27131604815303,74.27131604815303,-0.007768842640101798,0.0,4.501297012112566,118,0.5110150289683895,-0.09240619964571294,9798.957876427023
1764,73.62594583710805,73.62594583710805,-0.008727332732242974,0.0,4.501297012112566,118,0.5110965047524719,-0.05421587907446874,9796.95138128224
1765,73.88613444094237,73.88613444094237,0.0035276958086854168,0.0,4.501297012112566,118,0.5110661512570105,-0.08706621024888173,9797.703271320524
1766,74.1180827980342,74.1180827980342,0.003134350511223861,0.0,4.501297012112566,118,0.5110107300999789,-0.07660095297886119,9799.021419081731
1767,74.23206602933035,74.23206602933035,0.0015366786569068651,0.0,4.501297012112566,118,0.5109835006969652,-0.0730375013459292,9799.66917853574
1768,73.94908466962946,73.94908466962946,-0.0038194021624622476,0.0,4.501297012112566,118,0.5110511086133698,-0.06301011219367388,9798.061013466455
1769,73.66578047764985,73.66578047764985,-0.00383842832544194,0.0,4.501297012112566,118,0.5111188158933408,-0.0811139157808163,9796.451013761864
1770,73.28534439267104,73.28534439267104,-0.005177734232901046,0.0,4.501297012112566,118,0.5112098098245292,-0.05771226625893772,9794.289019687043
1771,73.47916232435527,73.47916232435527,0.0026412114031182177,0.0,4.501297012112566,118,0.5111634281960512,-0.062374066747239054,9795.39047466579
1772,73.44822636771131,73.44822636771131,-0.00042110538241373047,0.0,4.501297012112566,118,0.5111815926814883,-0.06995261265608244,9794.968907002994
1773,74.09051679885961,74.09051679885961,0.008706790839228323,0.0,4.501297012112566,118,0.5111008045706248,-0.03229458529983513,9796.965826925209
1774,74.8267525135123,74.8267525135123,0.009887929272317169,0.0,4.501297012112566,118,0.5110103168577166,0.002857069305911322,9799.254828434083
1775,75.39484867408432,75.39484867408432,0.007563477746164252,0.0,4.501297012112566,118,0.5109465244171382,0.05157057375612327,9800.965530796411
1776,75.90503323714285,75.90503323714285,0.0067440435551189525,0.0,4.501297012112566,118,0.5109739166084108,0.08124534714920037,9802.513599998236
1777,75.61275737077604,75.61275737077604,-0.0038579790229728034,0.0,4.501297012112566,118,0.5109577385231739,0.058957913346979744,9801.626738066456
1778,75.4196954812073,75.4196954812073,-0.0025565630575112063,0.0,4.501297012112566,118,0.5109501477492914,0.10247520906123872,9800.991019624085
1779,75.23183691686852,75.23183691686852,-0.002493949563186187,0.0,4.501297012112566,118,0.510966991197032,0.14334326320588048,9800.407127923734
1780,74.37811948654212,74.37811948654212,-0.01141269895666614,0.0,4.501297012112566,118,0.5110701316366241,0.1669995395686304,9797.75365016632
1781,74.75663329727604,74.75663329727604,0.005076142434125237,0.0,4.501297012112566,118,0.5110289477076728,0.11579414531258327,9798.825333303928
1782,74.95671807632647,74.95671807632647,0.002672906542255062,0.0,4.501297012112566,118,0.5110121491877369,0.1367474160122937,9799.273999932313
1783,75.32882922689802,75.32882922689802,0.004952065154462509,0.0,4.501297012112566,118,0.5109477570680496,0.14158138709543977,9800.864725980005
1784,74.9839387121868,74.9839387121868,-0.004588979694622755,0.0,4.501297012112566,118,0.5109739795351727,0.13348914910738097,9800.132509836896
1785,75.00029620266591,75.00029620266591,0.00021812279874939828,0.0,4.501297012112566,118,0.5109752457984753,0.12328907063944933,9800.110424160615
1786,75.21320601127096,75.21320601127096,0.002834764492454743,0.0,4.501297012112566,118,0.5109462150121206,0.1339995469800766,9800.853152791367
1787,74.99632543221176,74.99632543221176,-0.0028877092909681264,0.0,4.501297012112566,118,0.5109652186050807,0.12193587769782345,9800.335796156582
1788,74.93840870814124,74.93840870814124,-0.0007725591709381158,0.0,4.501297012112566,118,0.5109765830672971,0.1268483339595905,9800.054962423557
1789,74.55872651566618,74.55872651566618,-0.005079468690215672,0.0,4.501297012112566,118,0.5110670210520192,0.11429984199175734,9797.850431074963
1790,74.51770723746745,74.51770723746745,-0.0005503120540415312,0.0,4.501297012112566,118,0.5110756577945476,0.08032062588335645,9797.636599745914
1791,75.48523782807854,75.48523782807854,0.012900333497789717,0.0,4.501297012112566,118,0.5109219965799329,0.07347276674502966,9801.886206107434
1792,75.08300535054765,75.08300535054765,-0.005342872120872607,0.0,4.501297012112566,118,0.5109389482375868,0.03209018297228738,9800.963881838912
1793,74.44659046275365,74.44659046275365,-0.008512277815683653,0.0,4.501297012112566,118,0.5110831833206096,0.05257940039229948,9797.43272579229
1794,74.30917304072031,74.30917304072031,-0.0018475581434439512,0.0,4.501297012112566,118,0.511101691453356,0.06080582568705864,9796.966280378592
1795,73.49941148997623,73.49941148997623,-0.010957004353834995,0.0,4.501297012112566,118,0.5112672497070841,0.08657218789252412,9792.951743200454
1796,74.1199411519857,74.1199411519857,0.00840720821326719,0.0,4.501297012112566,118,0.5112208084230714,0.06742961264234064,9794.201913774219
1797,74.69284347251072,74.69284347251072,0.007699676507564804,0.0,4.501297012112566,118,0.5111110226376245,0.11706714464364973,9796.902196188748
1798,74.28722496049045,74.28722496049045,-0.005445285648480113,0.0,4.501297012112566,118,0.5111531330682324,0.10034509388726319,9795.787246761714
1799,74.23335798395968,74.23335798395968,-0.0007253806553248372,0.0,4.501297012112566,118,0.5111599024570216,0.08234346681250121,9795.616736117234
1800,73.79255629321844,73.79255629321844,-0.005955754380797219,0.0,4.459151129074245,113,0.5124256039915638,0.12531367668382984,9778.995725615874
1801,73.0116567016761,73.0116567016761,-0.010638754038226,0.0,4.459151129074245,113,0.5124256039915638,0.15374234145808494,9778.995725615874
1802,73.11926051018321,73.11926051018321,0.0014727044763460598,0.0,4.459151129074245,113,0.5124256039915638,0.139100886148427,9778.995725615874
1803,72.75083731440806,72.75083731440806,-0.005051398260218322,0.0,4.459151129074245,113,0.5124256039915638,0.13588081244136502,9778.995725615874
1804,71.78286128836157,71.78286128836157,-0.013394668620338463,0.0,4.459151129074245,113,0.5124256039915638,0.1479194520456189,9778.995725615874
1805,71.38425629905716,71.38425629905716,-0.00556840182279773,0.0,4.459151129074245,113,0.5124256039915638,0.17309402124808487,9778.995725615874
1806,71.75378790311606,71.75378790311606,0.005163301302381987,0.0,4.459151129074245,113,0.5124256039915638,0.1565801951674794,9778.995725615874
1807,71.66664941497424,71.66664941497424,-0.001215147582778987,0.0,4.459151129074245,113,0.5124256039915638,0.15891169854734485,9778.995725615874
1808,71.31400934539786,71.31400934539786,-0.004932706110853143,0.0,4.459151129074245,113,0.5124256039915638,0.1469892522630589,9778.995725615874
1809,70.94285388712588,70.94285388712588,-0.0052181145009349145,0.0,4.459151129074245,113,0.5124256039915638,0.1484730483918157,9778.995725615874
1810,70.4908692554938,70.4908692554938,-0.006391490802370426,0.0,4.459151129074245,113,0.5124256039915638,0.16994712206390716,9778.995725615874
1811,69.46672069830528,69.46672069830528,-0.014635388306578474,0.0,4.459151129074245,113,0.5124256039915638,0.19194951621483336,9778.995725615874
1812,68.96233216071141,68.96233216071141,-0.0072873541980723,0.0,4.459151129074245,113,0.5124256039915638,0.22744937149956806,9778.995725615874
1813,68.13118947568765,68.13118947568765,-0.012125341274061471,0.0,4.459151129074245,113,0.5124256039915638,0.24554098403847407,9778.995725615874
1814,67.923536440792,67.923536440792,-0.0030524951593513985,0.0,4.459151129074245,113,0.5124256039915638,0.2495257681790912,9778.995725615874
1815,68.04842154891138,68.04842154891138,0.0018369249819203527,0.0,4.459151129074245,113,0.5124256039915638,0.24911270611065492,9778.995725615874
1816,67.8449149486144,67.8449149486144,-0.0029950953839735124,0.0,4.459151129074245,113,0.5124256039915638,0.24746949118563746,9778.995725615874
1817,68.05534221430337,68.05534221430337,0.0030967922835537245,0.0,4.459151129074245,113,0.5124256039915638,0.24213876707645826,9778.995725615874
1818,67.90750074173707,67.90750074173707,-0.0021747343262266926,0.0,4.459151129074245,113,0.5124256039915638,0.24035872499814367,9778.995725615874
1819,67.70164871761631,67.70164871761631,-0.0030359630313169755,0.0,4.459151129074245,113,0.5124256039915638,0.25355120941876325,9778.995725615874
1820,67.3111881734844,67.3111881734844,-0.005784066785170218,0.0,4.459151129074245,113,0.5124256039915638,0.2457920621287139,9778.995725615874
1821,67.37942167409392,67.37942167409392,0.0010131887668166195,0.0,4.459151129074245,113,0.5124256039915638,0.2299310033657631,9778.995725615874
1822,67.89054409258237,67.89054409258237,0.007557107715681707,0.0,4.459151129074245,113,0.5124256039915638,0.251242652059023,9778.995725615874
1823,67.36261466050213,67.36261466050213,-0.007806577207700047,0.0,4.459151129074245,113,0.5124256039915638,0.20621330870383636,9778.995725615874
1824,67.00483842128244,67.00483842128244,-0.005325353373004784,0.0,4.459151129074245,113,0.5124256039915638,0.23672380643996097,9778.995725615874
1825,67.26349166505001,67.26349166505001,0.0038527858885914097,0.0,4.459151129074245,113,0.5124256039915638,0.21620104855128988,9778.995725615874
1826,66.62104703704787,66.62104703704787,-0.009597068715845722,0.0,4.459151129074245,113,0.5124256039915638,0.18564049765213042,9778.995725615874
1827,66.61204022189591,66.61204022189591,-0.00013520387992177664,0.0,4.459151129074245,113,0.5124256039915638,0.18359372782538852,9778.995725615874
1828,66.78776775847672,66.78776775847672,0.002634601067074689,0.0,4.459151129074245,113,0.5124256039915638,0.18364958547877538,9778.995725615874
1829,67.02948795900889,67.02948795900889,0.0036126949717857175,0.0,4.459151129074245,113,0.5124256039915638,0.18835838451332557,9778.995725615874
1830,67.0841395570788,67.0841395570788,0.0008150044422363718,0.0,4.459151129074245,113,0.5124256039915638,0.20124607932216643,9778.995725615874
1831,67.10702988787494,67.10702988787494,0.0003411600198857453,0.0,4.459151129074245,113,0.5124256039915638,0.20230843247206862,9778.995725615874
1832,66.67937057406265,66.67937057406265,-0.006393187483517877,0.0,4.459151129074245,113,0.5124256039915638,0.1909354066605119,9778.995725615874
1833,66.96397742799206,66.96397742799206,0.004259206139844018,0.0,4.459151129074245,113,0.5124256039915638,0.12964353409649124,9778.995725615874
1834,66.74794160177436,66.74794160177436,-0.0032313650984504834,0.0,4.459151129074245,113,0.5124256039915638,0.07946078409725543,9778.995725615874
1835,66.24036548782874,66.24036548782874,-0.007633431686227285,0.0,4.459151129074245,113,0.5124256039915638,0.04240580726552843,9778.995725615874
1836,66.11482806343304,66.11482806343304,-0.0018969782548486002,0.0,4.459151129074245,113,0.5124256039915638,0.05077389447187129,9778.995725615874
1837,66.19162961059457,66.19162961059457,0.0011609645838618517,0.0,4.459151129074245,113,0.5124256039915638,0.050971294029800135,9778.995725615874
1838,66.48037623218855,66.48037623218855,0.004352795839067848,0.0,4.459151129074245,113,0.5124256039915638,0.06105243595518783,9778.995725615874
1839,66.64931954394356,66.64931954394356,0.0025380273192785363,0.0,4.459151129074245,113,0.5124256039915638,0.07320931298291404,9778.995725615874
1840,66.50174598544922,66.50174598544922,-0.0022166344419766986,0.0,4.459151129074245,113,0.5124256039915638,0.11102334121560507,9778.995725615874
1841,66.63950689615652,66.63950689615652,0.0020693955763215555,0.0,4.459151129074245,113,0.5124256039915638,0.09507380833393914,9778.995725615874
1842,66.18687850895515,66.18687850895515,-0.006815364851468716,0.0,4.459151129074245,113,0.5124256039915638,0.06673759358097432,9778.995725615874
1843,66.7506131959732,66.7506131959732,0.008481250232408163,0.0,4.459151129074245,113,0.5124256039915638,0.04798609112888352,9778.995725615874
1844,66.52638621550429,66.52638621550429,-0.00336482953575815,0.0,4.459151129074245,113,0.5124256039915638,0.043734846007882563,9778.995725615874
1845,66.674716184162,66.674716184162,0.0022271591946033354,0.0,4.459151129074245,113,0.5124256039915638,0.035079129138357174,9778.995725615874
1846,66.30190822540851,66.30190822540851,-0.005607134895534318,0.0,4.459151129074245,113,0.5124256039915638,0.02937469971120349,9778.995725615874
1847,65.49917202367234,65.49917202367234,-0.012181176756656276,0.0,4.459151129074245,113,0.5124256039915638,0.045805397533471036,9778.995725615874
1848,65.84859742014486,65.84859742014486,0.00532062664295473,0.0,4.459151129074245,113,0.5124256039915638,0.010460236743838341,9778.995725615874
1849,65.72343358387296,65.72343358387296,-0.0019025908937179425,0.0,4.459151129074245,113,0.5124256039915638,0.013639945938144727,9778.995725615874
1850,65.59941201146914,65.59941201146914,-0.0018888047805089622,0.0,4.459151129074245,113,0.5124256039915638,0.002266339063149806,9778.995725615874
1851,65.455303740917,65.455303740917,-0.0021992085947715543,0.0,4.459151129074245,113,0.5124256039915638,0.027124647247894703,9778.995725615874
1852,65.87947312238008,65.87947312238008,0.006459383666942582,0.0,4.459151129074245,113,0.5124256039915638,0.01650570792948067,9778.995725615874
1853,65.96348957333966,65.96348957333966,0.0012744929363585136,0.0,4.459151129074245,113,0.5124256039915638,0.03321661414560519,9778.995725615874
1854,65.91099515970349,65.91099515970349,-0.0007961269614071731,0.0,4.459151129074245,113,0.5124256039915638,0.03604479552314431,9778.995725615874
1855,65.8648988151262,65.8648988151262,-0.000699617283056461,0.0,4.459151129074245,113,0.5124256039915638,0.0903798129759949,9778.995725615874
1856,65.7756636176932,65.7756636176932,-0.0013557403501163975,0.0,4.459151129074245,113,0.5124256039915638,0.03692680624341223,9778.995725615874
1857,65.41093331125006,65.41093331125006,-0.0055604955802247445,0.0,4.459151129074245,113,0.5124256039915638,0.05733588261598882,9778.995725615874
1858,65.40018197094415,65.40018197094415,-0.00016437961417778787,0.0,4.459151129074245,113,0.5124256039915638,0.05619824917402574,9778.995725615874
1859,66.10331543181138,66.10331543181138,0.010693862528787677,0.0,4.459151129074245,113,0.5124256039915638,0.06807975238032878,9778.995725615874
1860,65.92369228629096,65.92369228629096,-0.0027210077612250935,0.0,4.459151129074245,113,0.5124256039915638,0.04259168675079679,9778.995725615874
1861,65.97694191100695,65.97694191100695,0.0008074203423351098,0.0,4.459151129074245,113,0.5124256039915638,0.05993081964411921,9778.995725615874
1862,66.10535183318405,66.10535183318405,0.0019443932868404015,0.0,4.459151129074245,113,0.5124256039915638,0.07153630231479119,9778.995725615874
1863,65.9982790245065,65.9982790245065,-0.0016210429861670274,0.0,4.459151129074245,113,0.5124256039915638,0.04798681828685393,9778.995725615874
1864,65.68602101760402,65.68602101760402,-0.004742533347835349,0.0,4.459151129074245,113,0.5124256039915638,0.02037991017042757,9778.995725615874
1865,65.66419976385495,65.66419976385495,-0.00033226063603079137,0.0,4.459151129074245,113,0.5124256039915638,0.03610849243101797,9778.995725615874
1866,65.70948572758881,65.70948572758881,0.0006894221678895799,0.0,4.459151129074245,113,0.5124256039915638,0.037419604790277644,9778.995725615874
1867,65.34992759987958,65.34992759987958,-0.005486962297083146,0.0,4.459151129074245,113,0.5124256039915638,0.0319771937228174,9778.995725615874
1868,65.91293732414996,65.91293732414996,0.008578407567224824,0.0,4.459151129074245,113,0.5124256039915638,-0.0038559808103299413,9778.995725615874
1869,65.85866962706368,65.85866962706368,-0.0008236630243784003,0.0,4.459151129074245,113,0.5124256039915638,-0.013854082455245545,9778.995725615874
1870,66.0202466881573,66.0202466881573,0.002450386255147761,0.0,4.459151129074245,113,0.5124256039915638,-0.059057020312689765,9778.995725615874
1871,66.07106029727684,66.07106029727684,0.0007693710174532592,0.0,4.459151129074245,113,0.5124256039915638,-0.1269511078354938,9778.995725615874
1872,65.96872062218429,65.96872062218429,-0.0015501342833608004,0.0,4.459151129074245,113,0.5124256039915638,-0.18772306305098013,9778.995725615874
1873,66.06560618397471,66.06560618397471,0.0014675816739985594,0.0,4.459151129074245,113,0.5124256039915638,-0.2336028371313178,9778.995725615874
1874,66.43673592909566,66.43673592909566,0.005601874045950575,0.0,4.459151129074245,113,0.5124256039915638,-0.21337694713490898,9778.995725615874
1875,66.58072100415343,66.58072100415343,0.00216490578926044,0.0,4.459151129074245,113,0.5124256039915638,-0.19618457112384377,9778.995725615874
1876,66.97264716931122,66.97264716931122,0.005869223601017212,0.0,4.459151129074245,113,0.5124256039915638,-0.17173420376792464,9778.995725615874
1877,67.21877336833418,67.21877336833418,0.0036682892845667494,0.0,4.459151129074245,113,0.5124256039915638,-0.1474644563244869,9778.995725615874
1878,67.44853085675636,67.44853085675636,0.00341222708321152,0.0,4.459151129074245,113,0.5124256039915638,-0.14021495267724435,9778.995725615874
1879,67.57671719799256,67.57671719799256,0.001898702377414486,0.0,4.459151129074245,113,0.5124256039915638,-0.1487553357122173,9778.995725615874
1880,67.8209475079746,67.8209475079746,0.003607603947919358,0.0,4.459151129074245,113,0.5124256039915638,-0.14150079516936245,9778.995725615874
1881,68.0918589618907,68.0918589618907,0.003986553140109229,0.0,4.459151129074245,113,0.5124256039915638,-0.13421336507418988,9778.995725615874
1882,68.56558472913663,68.56558472913663,0.00693306785220548,0.0,4.459151129074245,113,0.5124256039915638,-0.06785935991125217,9778.995725615874
1883,68.82935000059126,68.82935000059126,0.003839524302811755,0.0,4.459151129074245,113,0.5124256039915638,-0.08866660302982042,9778.995725615874
1884,68.84814525889175,68.84814525889175,0.0002730331254475589,0.0,4.459151129074245,113,0.5124256039915638,-0.07465662177166402,9778.995725615874
1885,68.89252796559329,68.89252796559329,0.0006444386715784747,0.0,4.459151129074245,113,0.5124265700781424,-0.045714203824658746,9778.959725615874
1886,68.26113862510125,68.26113862510125,-0.00920710056766325,0.0,4.459151129074245,113,0.5124742964547104,-0.052747384330936425,9777.705373931643
1887,68.04840908341727,68.04840908341727,-0.0031212738647772302,0.0,4.459151129074245,113,0.5124742964547104,-0.02216923778028824,9777.705373931643
1888,67.71607679313101,67.71607679313101,-0.0048957273608446015,0.0,4.459151129074245,113,0.5124742964547104,-0.01324200999410696,9777.705373931643
1889,67.65190768828313,67.65190768828313,-0.0009480692188800894,0.0,4.459151129074245,113,0.5124742964547104,-0.010170340943178204,9777.705373931643
1890,67.48924278662307,67.48924278662307,-0.0024073345482932495,0.0,4.459151129074245,113,0.5124742964547104,-0.007878149613778454,9777.705373931643
1891,66.76946081659975,66.76946081659975,-0.01072241645146925,0.0,4.459151129074245,113,0.5124742964547104,0.015797678759229092,9777.705373931643
1892,66.72902373470602,66.72902373470602,-0.0006058058751205366,0.0,4.459151129074245,113,0.5124742964547104,0.04234157391146324,9777.705373931643
1893,66.92364781770934,66.92364781770934,0.002912388032495423,0.0,4.459151129074245,113,0.5124742964547104,0.05225111117064029,9777.705373931643
1894,66.48160414867417,66.48160414867417,-0.00662710471054871,0.0,4.459151129074245,113,0.5124742964547104,0.017116668743126368,9777.705373931643
1895,66.72568265491678,66.72568265491678,0.0036646460603833512,0.0,4.459151129074245,113,0.5124742964547104,-0.014726681057825241,9777.705373931643
1896,66.41063686799171,66.41063686799171,-0.004732688662203522,0.0,4.459151129074245,113,0.5124742964547104,-0.026494533442140047,9777.705373931643
1897,66.22660505557272,66.22660505557272,-0.002774966183612537,0.0,4.459151129074245,113,0.5124742964547104,-0.019466359387071405,9777.705373931643
1898,65.93085811209313,65.93085811209313,-0.004475682720966491,0.0,4.459151129074245,113,0.5124742964547104,-0.01909966124971484,9777.705373931643
1899,66.42342063466211,66.42342063466211,0.007443126149499443,0.0,4.459151129074245,113,0.5124742964547104,-0.03916788785954478,9777.705373931643
1900,65.93374171071476,65.93374171071476,-0.0073993903989499855,0.0,4.459151129074245,113,0.5124742964547104,-0.07486495352056895,9777.705373931643
1901,65.76179379642207,65.76179379642207,-0.0026112959917437687,0.0,4.459151129074245,113,0.5124742964547104,-0.05056919663863823,9777.705373931643
1902,65.89491805233975,65.89491805233975,0.0020222941833784504,0.0,4.459151129074245,113,0.5124742964547104,-0.012510122776219906,9777.705373931643
1903,66.19272658681943,66.19272658681943,0.004509264131650135,0.0,4.459151129074245,113,0.5124742964547104,0.016446084663093222,9777.705373931643
1904,65.3720935670084,65.3720935670084,-0.012475123086264882,0.0,4.459151129074245,113,0.5124742964547104,-0.020383988856609955,9777.705373931643
1905,65.07941672380969,65.07941672380969,-0.00448714366924888,0.0,4.459151129074245,113,0.5124742964547104,0.025399506634206752,9777.705373931643
1906,65.18066177680106,65.18066177680106,0.0015545065617175015,0.0,4.459151129074245,113,0.5124742964547104,-0.025251387173897695,9777.705373931643
1907,65.85838954052163,65.85838954052163,0.010343997455296126,0.0,4.459151129074245,113,0.5124742964547104,0.03566568836938088,9777.705373931643
1908,65.64639167595189,65.64639167595189,-0.003224187687453079,0.0,4.459151129074245,113,0.5124742964547104,0.018206674247965206,9777.705373931643
1909,65.94340489131514,65.94340489131514,0.004514236323746486,0.0,4.459151129074245,113,0.5124742964547104,0.0045126714453201265,9777.705373931643
1910,65.74205034257983,65.74205034257983,-0.003058116104032967,0.0,4.459151129074245,113,0.5124742964547104,-0.008839458059922877,9777.705373931643
1911,65.61651381327249,65.61651381327249,-0.0019113571822663542,0.0,4.459151129074245,113,0.5124742964547104,0.006125121683756187,9777.705373931643
1912,65.2666546536075,65.2666546536075,-0.005346141861426044,0.0,4.459151129074245,113,0.5124742964547104,0.006974370340923181,9777.705373931643
1913,65.47950364197878,65.47950364197878,0.0032559148074401945,0.0,4.459151129074245,113,0.5124742964547104,-0.005422656292496123,9777.705373931643
1914,66.00878023610201,66.00878023610201,0.008050594883985601,0.0,4.459151129074245,113,0.5124742964547104,0.013814701845515047,9777.705373931643
1915,65.83576728347157,65.83576728347157,-0.0026245006743906064,0.0,4.459151129074245,113,0.5124742964547104,-0.0017760526252230786,9777.705373931643
1916,66.5241842102166,66.5241842102166,0.01040228749899139,0.0,4.459151129074245,113,0.5124742964547104,-0.025209325052742357,9777.705373931643
1917,66.97256851281921,66.97256851281921,0.006717556488651319,0.0,4.459151129074245,113,0.5124742964547104,0.016035172583910733,9777.705373931643
1918,67.14393430308962,67.14393430308962,0.0025554779602903685,0.0,4.459151129074245,113,0.5124742964547104,0.028845257227972838,9777.705373931643
1919,66.72190368147426,66.72190368147426,-0.0063052982924323864,0.0,4.459151129074245,113,0.5124742964547104,0.04093423716677271,9777.705373931643
1920,66.9939693416033,66.9939693416033,0.004069315473375043,0.0,4.459151129074245,113,0.5124742964547104,0.024835859241742135,9777.705373931643
1921,67.16798444537737,67.16798444537737,0.002594106547299668,0.0,4.459151129074245,113,0.5124742964547104,0.030115435701795625,9777.705373931643
1922,67.22155895956529,67.22155895956529,0.0007973018684131289,0.0,4.459151129074245,113,0.5124742964547104,0.033059891457699914,9777.705373931643
1923,67.33014317980549,67.33014317980549,0.0016140151642223938,0.0,4.459151129074245,113,0.5124742964547104,0.026900998293424693,9777.705373931643
1924,67.2222159081786,67.2222159081786,-0.0016042423262613654,0.0,4.459151129074245,113,0.5124742964547104,0.023102737702577775,9777.705373931643
1925,67.33903263268715,67.33903263268715,0.001736261444087554,0.0,4.459151129074245,113,0.5124742964547104,0.02138846862706529,9777.705373931643
1926,67.30125899828334,67.30125899828334,-0.0005611044797553538,0.0,4.459151129074245,113,0.5124742964547104,0.02166113169647697,9777.705373931643
1927,66.8375918608339,66.8375918608339,-0.006913269066490281,0.0,4.459151129074245,113,0.5124742964547104,0.058473388240926114,9777.705373931643
1928,66.55619408583446,66.55619408583446,-0.0042190599872391635,0.0,4.459151129074245,113,0.5124742964547104,0.0895370081304081,9777.705373931643
1929,66.41534042375432,66.41534042375432,-0.0021185544001142607,0.0,4.459151129074245,113,0.5124742964547104,0.09775285474582959,9777.705373931643
1930,66.12330951869046,66.12330951869046,-0.004406735360247499,0.0,4.459151129074245,113,0.5124742964547104,0.10259278402403724,9777.705373931643
1931,65.78510286586533,65.78510286586533,-0.005127912432875747,0.0,4.459151129074245,113,0.5124742964547104,0.11709480416267454,9777.705373931643
1932,65.43817514457938,65.43817514457938,-0.005287606510856357,0.0,4.459151129074245,113,0.5124742964547104,0.13418149180938224,9777.705373931643
1933,65.9193248163212,65.9193248163212,0.007325837104701101,0.0,4.459151129074245,113,0.5124742964547104,0.09954972886056737,9777.705373931643
1934,66.3941394362799,66.3941394362799,0.007177148007397754,0.0,4.459151129074245,113,0.5124742964547104,0.12418573366973379,9777.705373931643
1935,66.28937968855317,66.28937968855317,-0.0015790924175994661,0.0,4.459151129074245,113,0.5124742964547104,0.10879392283066278,9777.705373931643
1936,66.69293385331144,66.69293385331144,0.006069309411203916,0.0,4.459151129074245,113,0.5124742964547104,0.08870475534136293,9777.705373931643
1937,67.21050218967221,67.21050218967221,0.007730509823752527,0.0,4.459151129074245,113,0.5124742964547104,0.10791513770245595,9777.705373931643
1938,66.63560581150286,66.63560581150286,-0.008590461421296866,0.0,4.459151129074245,113,0.5124742964547104,0.060170947874179904,9777.705373931643
1939,66.89348772002656,66.89348772002656,0.003862562417272047,0.0,4.459151129074245,113,0.5124742964547104,0.03504901388797395,9777.705373931643
1940,66.87480409711104,66.87480409711104,-0.0002793430757499859,0.0,4.459151129074245,113,0.5124742964547104,0.02545014114655384,9777.705373931643
1941,66.49856515105222,66.49856515105222,-0.005641905069764024,0.0,4.459151129074245,113,0.5124742964547104,0.006476073337602961,9777.705373931643
1942,66.37457117289601,66.37457117289601,-0.0018663518838892767,0.0,4.459151129074245,113,0.5124742964547104,-0.008576266561369646,9777.705373931643
1943,65.83098604401398,65.83098604401398,-0.008223378859457313,0.0,4.459151129074245,113,0.5124742964547104,-0.005089055706690799,9777.705373931643
1944,65.7516181504795,65.7516181504795,-0.0012063586010582024,0.0,4.459151129074245,113,0.5124742964547104,-0.003896276250260842,9777.705373931643
1945,65.73911975784468,65.73911975784468,-0.00019010301214039766,0.0,4.459151129074245,113,0.5124742964547104,0.0031211745514878476,9777.705373931643
1946,65.4810308608185,65.4810308608185,-0.003933682877392129,0.0,4.459151129074245,113,0.5124742964547104,-0.010732885512749079,9777.705373931643
1947,65.0094391314549,65.0094391314549,-0.007228018759576302,0.0,4.459151129074245,113,0.5124742964547104,-0.003570518706574084,9777.705373931643
1948,64.63081115450125,64.63081115450125,-0.005841226820855929,0.0,4.459151129074245,113,0.5124742964547104,0.015834635339133468,9777.705373931643
1949,64.31771919935608,64.31771919935608,-0.004856085905785922,0.0,4.459151129074245,113,0.5124742964547104,0.027916699444066873,9777.705373931643
1950,63.971254562445694,63.971254562445694,-0.005401329032014866,0.0,4.459151129074245,113,0.5124742964547104,0.02962837655811922,9777.705373931643
1951,63.69000597468577,63.69000597468577,-0.004406176808830005,0.0,4.459151129074245,113,0.5124742964547104,0.04216888218923391,9777.705373931643
1952,63.843194245488796,63.843194245488796,0.0024023288714106654,0.0,4.459151129074245,113,0.5124742964547104,0.03447767260798187,9777.705373931643
1953,63.41195036793031,63.41195036793031,-0.00677765177492971,0.0,4.459151129074245,113,0.5124742964547104,0.03577248099755807,9777.705373931643
1954,63.36639495740666,63.36639495740666,-0.0007186623609486133,0.0,4.459151129074245,113,0.5124742964547104,0.05205769920773057,9777.705373931643
1955,63.379612061384826,63.379612061384826,0.0002085604799228914,0.0,4.459151129074245,113,0.5124742964547104,0.06377990415068552,9777.705373931643
1956,63.02023127533414,63.02023127533414,-0.005686427213171216,0.0,4.459151129074245,113,0.5124742964547104,0.05562046470100953,9777.705373931643
1957,62.68269721006383,62.68269721006383,-0.00537035820190968,0.0,4.459151129074245,113,0.5124742964547104,0.06437752068845057,9777.705373931643
1958,62.345652317232556,62.345652317232556,-0.005391508574663197,0.0,4.459151129074245,113,0.5124742964547104,0.09472843441248288,9777.705373931643
1959,62.41717258311057,62.41717258311057,0.0011464997489333934,0.0,4.459151129074245,113,0.5124742964547104,0.12756848623812347,9777.705373931643
1960,62.87203447271472,62.87203447271472,0.007261022696911227,0.0,4.459151129074245,113,0.5124742964547104,0.12943103001023173,9777.705373931643
1961,63.07838538115579,63.07838538115579,0.0032767035363478057,0.0,4.459151129074245,113,0.5124742964547104,0.15228651560659587,9777.705373931643
1962,62.709310183151835,62.709310183151835,-0.005868241014801336,0.0,4.459151129074245,113,0.5124742964547104,0.1283257513545314,9777.705373931643
1963,63.41243065301355,63.41243065301355,0.011149984921550511,0.0,4.459151129074245,113,0.5124742964547104,0.12042719508293705,9777.705373931643
1964,63.13976930812996,63.13976930812996,-0.00430907984008202,0.0,4.459151129074245,113,0.5124742964547104,0.0741244932457343,9777.705373931643
1965,63.44091951023222,63.44091951023222,0.004758241926238448,0.0,4.459151129074245,113,0.5124742964547104,0.06619996400088948,9777.705373931643
1966,63.481527770098126,63.481527770098126,0.00063989092743913,0.0,4.459151129074245,113,0.5124742964547104,0.05635142826343096,9777.705373931643
1967,63.50128606514683,63.50128606514683,0.0003111963676248429,0.0,4.459151129074245,113,0.5124742964547104,0.08060882504355289,9777.705373931643
1968,63.91218378390839,63.91218378390839,0.0064498540650989224,0.0,4.459151129074245,113,0.5124742964547104,0.09167891412286251,9777.705373931643
1969,63.61632970102475,63.61632970102475,-0.004639819057856027,0.0,4.459151129074245,113,0.5124742964547104,0.08143727681282979,9777.705373931643
1970,63.492586761244844,63.492586761244844,-0.001947038529097614,0.0,4.459151129074245,113,0.5124742964547104,0.08308356729038817,9777.705373931643
1971,64.07148092070814,64.07148092070814,0.00907619432267532,0.0,4.459151129074245,113,0.5124742964547104,0.06556874686768142,9777.705373931643
1972,64.21324753384198,64.21324753384198,0.0022101877994629474,0.0,4.459151129074245,113,0.5124742964547104,0.09317974547879677,9777.705373931643
1973,64.69800669843728,64.69800669843728,0.007520855373621913,0.0,4.459151129074245,113,0.5124742964547104,0.08483189880047391,9777.705373931643
1974,65.09398841362109,65.09398841362109,0.006101808411876347,0.0,4.459151129074245,113,0.5124742964547104,0.12894793666174592,9777.705373931643
1975,64.84007439930834,64.84007439930834,-0.003908356777775339,0.0,4.459151129074245,113,0.5124742964547104,0.1295525309914651,9777.705373931643
1976,65.21542574345973,65.21542574345973,0.005772187810689094,0.0,4.459151129074245,113,0.5124742964547104,0.07253617288661723,9777.705373931643
1977,64.95462633995136,64.95462633995136,-0.004007062274242238,0.0,4.459151129074245,113,0.5124742964547104,0.044628248852653624,9777.705373931643
1978,64.16846659666722,64.16846659666722,-0.012177054308985977,0.0,4.459151129074245,113,0.5124742964547104,0.07772759962315151,9777.705373931643
1979,64.16563547210013,64.16563547210013,-4.4121157539580116e-05,0.0,4.459151129074245,113,0.5124742964547104,0.09090939446460776,9777.705373931643
1980,64.16344195864498,64.16344195864498,-3.418575897654742e-05,0.0,4.459151129074245,113,0.5124742964547104,0.08231837493720352,9777.705373931643
1981,63.740848961503985,63.740848961503985,-0.006607980573979538,0.0,4.459151129074245,113,0.5124742964547104,0.07498973920027208,9777.705373931643
1982,64.42957099172973,64.42957099172973,0.010747076578106448,0.0,4.459151129074245,113,0.5124742964547104,0.02856466515196973,9777.705373931643
1983,64.54835072726928,64.54835072726928,0.0018418620417517452,0.0,4.459151129074245,113,0.5124742964547104,0.04670541084734748,9777.705373931643
1984,64.94193766102501,64.94193766102501,0.006079037288858104,0.0,4.459151129074245,113,0.5124742964547104,0.05665239946843577,9777.705373931643
1985,64.63633322676121,64.63633322676121,-0.004716917408972355,0.0,4.459151129074245,113,0.5124742964547104,0.0406324568510155,9777.705373931643
1986,64.56070611823594,64.56070611823594,-0.0011707252356020295,0.0,4.459151129074245,113,0.5124742964547104,0.0421955551157072,9777.705373931643
1987,64.60049787824799,64.60049787824799,0.0006161565553700226,0.0,4.459151129074245,113,0.5124742964547104,0.029440333053503756,9777.705373931643
1988,64.42167410474359,64.42167410474359,-0.002771986942422117,0.0,4.459151129074245,113,0.5124742964547104,0.024734813277695097,9777.705373931643
1989,64.63782940331727,64.63782940331727,0.0033497029635563285,0.0,4.459151129074245,113,0.5124742964547104,0.01580847921406565,9777.705373931643
1990,64.90389914801227,64.90389914801227,0.004107867353964026,0.0,4.459151129074245,113,0.5124742964547104,0.014400156080906508,9777.705373931643
1991,64.9880263171942,64.9880263171942,0.0012953411945164854,0.0,4.459151129074245,113,0.5124742964547104,0.0041842894173883495,9777.705373931643
1992,64.9549097439029,64.9549097439029,-0.0005097094926762221,0.0,4.459151129074245,113,0.5124742964547104,0.026600891317362648,9777.705373931643
1993,65.57995054163462,65.57995054163462,0.009576684318374403,0.0,4.459151129074245,113,0.5124742964547104,-0.00709899826555871,9777.705373931643
1994,65.63808776403144,65.63808776403144,0.0008861163747245168,0.0,4.459151129074245,113,0.5124742964547104,0.004314633644682119,9777.705373931643
1995,65.31029291439219,65.31029291439219,-0.005006484732673632,0.0,4.459151129074245,113,0.5124742964547104,0.006148576291509544,9777.705373931643
1996,65.06259903014261,65.06259903014261,-0.003799780438693648,0.0,4.459151129074245,113,0.5124756749595607,-0.015119480159298359,9777.669761037147
1997,64.76258702284606,64.76258702284606,-0.004621792588372536,0.0,4.459151129074245,113,0.5125031501447923,0.034060607229785204,9776.968764648056
1998,64.49737423139196,64.49737423139196,-0.0041035624805299785,0.0,4.459151129074245,113,0.5125031501447923,0.0665334121860143,9776.968764648056
1999,64.2176563839784,64.2176563839784,-0.00434631894053124,0.0,4.459151129074245,113,0.5125031501447923,0.07425451264844095,9776.968764648056
