step,price,fundamental,log_return,volume,strategy_entropy,n_families,wealth_gini,acf1,mean_fitness
0,100.0657961187444,100.0657961187444,0.0,0.0,6.214608098422218,500,0.0,0.0,20000.0
1,99.50772475169312,99.50772475169312,-0.005592653967512378,0.0,6.214608098422218,500,0.0,0.0,20000.0
2,98.82814969706058,98.82814969706058,-0.0068527967113317075,0.0,6.214608098422218,500,0.0,0.0,20000.0
3,98.16221683307724,98.16221683307724,-0.006761096113429784,0.0,6.214608098422218,500,5.988003592802156e-07,0.0,19999.988
4,98.09728747743378,98.09728747743378,-0.0006616684194778842,0.0,6.214608098422218,500,6.294176789374632e-06,0.0,19999.87357641277
5,96.83349222240062,96.83349222240062,-0.012966787128758137,0.0,6.214608098422218,500,8.624089319032787e-05,0.0,19998.264303795593
6,96.57603571862757,96.57603571862757,-0.0026622954782102395,0.0,6.214608098422218,500,0.00011014761180886438,0.0,19997.78227575824
7,96.67426519054771,96.67426519054771,0.001016603647372177,0.0,6.214608098422218,500,0.0001124652383656916,0.0,19997.73556031814
8,96.1117716559116,96.1117716559116,-0.005835434350114691,0.0,6.214608098422218,500,0.00015483877706117498,0.0,19996.88200668343
9,96.85436698367714,96.85436698367714,0.007696676721321133,0.0,6.214608098422218,500,0.0001435309165656142,0.0,19997.111258092675
10,96.36278921634252,96.36278921634252,-0.005088355895894253,0.0,6.214608098422218,500,0.0001658569312669856,0.0,19996.661968469638
11,95.89815662691235,95.89815662691235,-0.0048333632390179,0.0,6.214608098422218,500,0.00018063653518089642,0.0,19996.36517017331
12,95.86524171917667,95.86524171917667,-0.0003432866578587292,0.0,6.214608098422218,500,0.0001896251212604453,0.0,19996.18325760123
13,96.26493332883422,96.26493332883422,0.004160639380496039,0.0,6.214608098422218,500,0.00019124459079131344,0.0,19996.715295137987
14,96.36506362263253,96.36506362263253,0.001039612774763225,0.0,6.214608098422218,500,0.00019700094849192597,0.0,19996.76667453727
15,96.72972322262602,96.72972322262602,0.0037770054744991357,0.0,6.214608098422218,500,0.00020601609466360028,0.0,19997.19351381476
16,97.14220670544518,97.14220670544518,0.004255222562362904,0.0,6.214608098422218,500,0.00021130085432784188,0.0,19997.988184144106
17,97.42831253284399,97.42831253284399,0.0029408980839110946,0.0,6.214608098422218,500,0.0002111340622571876,0.0,19998.445260092554
18,96.43644974207386,96.43644974207386,-0.010232611988309775,0.0,6.214608098422218,500,0.00022355527963556265,0.0,19996.34706393622
19,96.53924809337482,96.53924809337482,0.001065402143147821,0.0,6.214608098422218,500,0.0002303634564938209,0.0,19996.381523011358
20,96.64141013632273,96.64141013632273,0.0010576840705290554,0.0,6.214608098422218,500,0.0002970105064735211,0.0,19994.298041661463
21,97.27795073040708,97.27795073040708,0.006565026591019101,0.0,6.214608098422218,500,0.0013207455125921676,0.0,20029.69188865863
22,97.34841820513816,97.34841820513816,0.0007241308379302249,0.0,6.214608098422218,500,0.001303727529105922,0.0,20026.61410766331
23,97.88286644062454,97.88286644062454,0.0054750402478789045,0.0,6.214608098422218,500,0.002239117206297061,0.0,20055.468758131476
24,97.77389358934843,97.77389358934843,-0.0011139187066916574,0.0,6.214608098422218,500,0.002295306699764018,0.0,20050.449443115827
25,97.3476089307292,97.3476089307292,-0.004369434750458959,0.0,6.214608098422218,500,0.0012283192960716605,0.0,20007.48508202633
26,96.5807885497929,96.5807885497929,-0.007908324798318213,0.0,6.214608098422218,500,0.0017193746445451966,0.0,19993.206044676524
27,96.3220219032772,96.3220219032772,-0.002682872282892463,0.0,6.214608098422218,500,0.0016489001298518398,0.0,19965.02425104071
28,97.115397657805,97.115397657805,0.008202965125232213,0.0,6.214608098422218,500,0.00117715195642784,0.0,19977.38469215177
29,97.21857200985652,97.21857200985652,0.0010618252889271799,0.0,6.214608098422218,500,0.0011112028143708318,0.0,19980.098574290736
30,97.8937196714491,97.8937196714491,0.006920633758799615,0.0,6.214608098422218,500,0.0012990991834499332,0.0,20002.56502141672
31,99.14690675929272,99.14690675929272,0.012720259858705446,0.0,6.214608098422218,500,0.003152909439135531,0.0,20050.644007016697
32,99.2939870362555,99.2939870362555,0.0014823588130682104,0.0,6.214608098422218,500,0.00332266435339704,0.0,20057.27177835379
33,99.84729066701276,99.84729066701276,0.005556909757111166,0.0,6.214608098422218,500,0.0038682777599667113,0.0,20088.259786640636
34,100.81176697231982,100.81176697231982,0.00961315919790593,0.0,6.214608098422218,500,0.005171156257984886,0.0,20131.773492455042
35,101.16705252639026,101.16705252639026,0.00351805126290226,0.0,6.214608098422218,500,0.005516062574825625,0.0,20140.112698264154
36,101.30185498432633,101.30185498432633,0.001331586953393186,0.0,6.214608098422218,500,0.005646195056501857,0.0,20144.599336318992
37,100.92262673255371,100.92262673255371,-0.0037505715736933314,0.0,6.214608098422218,500,0.00549866301879743,0.0,20118.337261544064
38,101.0805071392561,101.0805071392561,0.0015631484108567485,0.0,6.214608098422218,500,0.005717506266123063,0.0,20124.31849920999
39,101.21692016451455,101.21692016451455,0.00134863846518004,0.0,6.214608098422218,500,0.005802173102014386,0.0,20125.20142721034
40,101.76477981652087,101.76477981652087,0.005398131776754355,0.0,6.214608098422218,500,0.006462981504278436,0.0,20154.901064163165
41,101.83545634649407,101.83545634649407,0.000694267689900925,0.0,6.214608098422218,500,0.006539612444967695,0.0,20152.65613272147
42,101.35404589690478,101.35404589690478,-0.004738545496351271,0.0,6.214608098422218,500,0.00579056875760985,0.0,20115.472133339124
43,101.89567236434252,101.89567236434252,0.005329677739940727,0.0,6.214608098422218,500,0.0060079983839688355,0.0,20143.45704510532
44,101.8349691089831,101.8349691089831,-0.0005959168116963129,0.0,6.214608098422218,500,0.005912157220746067,0.0,20134.917920873064
45,102.057903807561,102.057903807561,0.0021867835224337103,0.0,6.214608098422218,500,0.006039944326394323,0.0,20146.784745230223
46,102.4418888271344,102.4418888271344,0.003755362936036251,0.0,6.214608098422218,500,0.0064093715192211995,0.0,20158.536205837056
47,102.7933190335811,102.7933190335811,0.0034246614270835945,0.0,6.214608098422218,500,0.006847337296740057,0.0,20175.271752547957
48,102.86560523682132,102.86560523682132,0.0007029717428842407,0.0,6.214608098422218,500,0.006900497336333649,0.0,20173.72451474842
49,102.73000786531517,102.73000786531517,-0.0013190689151500123,0.0,6.214608098422218,500,0.006857920980340849,0.0,20169.575972330433
50,103.09164040323226,103.09164040323226,0.003514041531527789,0.0,6.214608098422218,500,0.007005293282759031,0.0,20187.234062016258
51,103.03066059568457,103.03066059568457,-0.0005916857034024798,0.0,6.214608098422218,500,0.006889799577498978,0.0,20181.850175540665
52,103.15283900052252,103.15283900052252,0.0011851425490189858,0.0,6.214608098422218,500,0.00696837961873291,0.0,20182.220141833204
53,102.53385445122957,102.53385445122957,-0.006018730793616741,0.0,6.214608098422218,500,0.0071383689366572465,0.0,20132.706344293245
54,103.1207037212959,103.1207037212959,0.005707151527923574,0.0,6.214608098422218,500,0.007561219952107237,0.0,20155.457202239213
55,102.51366156739685,102.51366156739685,-0.005904109621248226,0.0,6.214608098422218,500,0.007002984184315135,0.0,20107.268292799134
56,103.00101859013972,103.00101859013972,0.004742804124040635,0.0,6.214608098422218,500,0.007331460047470029,0.0,20123.84342204407
57,103.30440508454974,103.30440508454974,0.002941141417468452,0.0,6.214608098422218,500,0.00765307619568361,0.0,20136.711428990442
58,103.06312263769772,103.06312263769772,-0.002338377160977409,0.0,6.214608098422218,500,0.00783697651540196,0.0,20112.982783290205
59,102.63643682147443,102.63643682147443,-0.00414863725839652,0.0,6.214608098422218,500,0.007682575029477981,0.0,20100.32801616612
60,102.62961831408921,102.62961831408921,-6.643580092401889e-05,0.0,6.214608098422218,500,0.0076403127922614455,0.14665646098038052,20093.642074922085
61,102.6163543704764,102.6163543704764,-0.00012924924623650865,0.0,6.214608098422218,500,0.007603199176383863,0.11946336095107976,20080.498315659162
62,102.27299521989976,102.27299521989976,-0.003351657591702396,0.0,6.214608098422218,500,0.00792302890569607,0.08592254882761668,20043.025350893764
63,103.28915370510234,103.28915370510234,0.009886710833790523,0.0,6.214608098422218,500,0.008564580904952775,0.050786515709853285,20062.466957961828
64,103.00303907267721,103.00303907267721,-0.002773879244088986,0.0,6.214608098422218,500,0.008711639582367077,0.01374427761403174,20045.147247254823
65,103.77979817364634,103.77979817364634,0.007512835831460123,0.0,6.214608098422218,500,0.00910813571030263,-0.044807741768587955,20079.648091365892
66,102.47980550746394,102.47980550746394,-0.012605569457581026,0.0,6.214608098422218,500,0.009198646987269474,-0.09903599239164848,19979.68173527957
67,101.77082679269404,101.77082679269404,-0.006942270427525509,0.0,6.214608098422218,500,0.009879969214290749,-0.02387525446506988,19920.17673373647
68,101.56024233763509,101.56024233763509,-0.0020713463146771445,0.0,6.214608098422218,500,0.009907064264388102,0.021470760927302754,19909.063680878015
69,101.47157316006222,101.47157316006222,-0.0008734511189073989,0.0,6.214608098422218,500,0.009894493246755974,0.0538101760756283,19900.102621371774
70,101.50440235621843,101.50440235621843,0.00032347864183409784,0.0,6.214608098422218,500,0.009986883230632885,0.03167413068566223,19894.047288346246
71,101.30626292135003,101.30626292135003,-0.0019539356831787527,0.0,6.214608098422218,500,0.009869350536151978,0.028138832769547952,19876.475662686822
72,100.91598473793053,100.91598473793053,-0.0038598984285235496,0.0,6.214608098422218,500,0.01046013195687826,0.040228642305007806,19844.478077824442
73,100.69975025841816,100.69975025841816,-0.0021450167312182084,0.0,6.214608098422218,500,0.010510105348657636,0.049646054082570765,19831.42445563054
74,100.64059982590841,100.64059982590841,-0.0005875666172896985,0.0,6.214608098422218,500,0.010503263427131981,0.051650332551806774,19824.160912748277
75,101.66242401041661,101.66242401041661,0.010102002974733976,0.0,6.214608098422218,500,0.010013587629627046,0.033899677210824784,19893.022597958414
76,102.41878926728697,102.41878926728697,0.00741242868826522,0.0,6.214608098422218,500,0.010190946925127885,0.0687904679394053,19923.135645256843
77,102.16738541778847,102.16738541778847,-0.0024576829439205096,0.0,6.214608098422218,500,0.010468691314967749,0.06973661230196955,19905.694536278686
78,102.40420769884123,102.40420769884123,0.0023153008023997566,0.0,6.214608098422218,500,0.010446036307576886,0.07277795156519379,19912.296880612943
79,102.34526318498379,102.34526318498379,-0.0005757720909500751,0.0,6.214608098422218,500,0.010447394354531675,0.07117356725314394,19900.83790476708
80,102.19400835436896,102.19400835436896,-0.0014789810978355924,0.0,6.214608098422218,500,0.010791524606512974,0.073060336568532,19887.17139436635
81,102.1895220153516,102.1895220153516,-4.390117941461674e-05,0.0,6.214608098422218,500,0.010884997672998371,0.07683076700668584,19880.752454358404
82,102.81695768052573,102.81695768052573,0.006121149196761338,0.0,6.214608098422218,500,0.011302546892823775,0.07267779484882621,19921.51498721085
83,102.7560254535874,102.7560254535874,-0.0005928038577225128,0.0,6.214608098422218,500,0.01140646502752192,0.07450106028003847,19916.637500646735
84,103.18423041120897,103.18423041120897,0.004158541737447407,0.0,6.214608098422218,500,0.0111501054398695,0.0631781647595917,19935.439785243845
85,102.91892057105194,102.91892057105194,-0.002574535958691058,0.0,6.214608098422218,500,0.01097178174236228,0.021813868864215626,19906.80369650919
86,103.18670249464813,103.18670249464813,0.0025984936295167667,0.0,6.214608098422218,500,0.010744784915359585,-0.0075413400504744516,19921.86020923796
87,103.03700048881004,103.03700048881004,-0.0014518411799229166,0.0,6.214608098422218,500,0.01078547036422511,0.010253261425154453,19914.413697870794
88,103.31134424986166,103.31134424986166,0.0026590368150919176,0.0,6.214608098422218,500,0.010689813163006068,0.007302453239618339,19933.76800773242
89,103.30443959923397,103.30443959923397,-6.683565506592387e-05,0.0,6.214608098422218,500,0.010781768963302954,0.005628993569377995,19925.239629970176
90,103.58100810327417,103.58100810327417,0.002673640624435497,0.0,6.214608098422218,500,0.011010346488281407,-0.0535828819779205,19935.136202587673
91,104.20856108859418,104.20856108859418,0.006040292549708728,0.0,6.214608098422218,500,0.01062240991706585,-0.05812027251586998,19976.050999399802
92,103.72525123123445,103.72525123123445,-0.004648697798050072,0.0,6.214608098422218,500,0.010576792761909606,-0.0850660719911266,19949.274334649792
93,103.92868701486783,103.92868701486783,0.0019593738547567983,0.0,6.214608098422218,500,0.01074495685311991,-0.13211539303430653,19959.932592758327
94,103.5927442222005,103.5927442222005,-0.003237671252796702,0.0,6.214608098422218,500,0.010967322654200598,-0.17243206045821005,19929.119421634005
95,103.07476103684574,103.07476103684574,-0.005012730659702811,0.0,6.214608098422218,500,0.010874915448320532,-0.15338177286379306,19897.801467149002
96,103.24209062998493,103.24209062998493,0.0016220645911921234,0.0,6.214608098422218,500,0.010902482744724924,-0.15596545071055434,19900.23774113516
97,103.4591385435182,103.4591385435182,0.002100113232754719,0.0,6.214608098422218,500,0.011056204979029175,-0.1512507354479729,19903.57831359551
98,103.27502779084311,103.27502779084311,-0.0017811356933689572,0.0,6.214608098422218,500,0.011484803419847032,-0.15542842463749057,19880.740598002238
99,103.12227030923087,103.12227030923087,-0.0014802278024985582,0.0,6.214608098422218,500,0.011450490676136071,-0.15637287852729548,19876.686909394535
100,102.93856094656229,102.93856094656229,-0.0017830599849695571,0.0,6.214608098422218,500,0.011783598572250245,-0.1586652354228246,19860.12215247653
101,103.19493490075234,103.19493490075234,0.002487456833037106,0.0,6.214608098422218,500,0.011878227443794385,-0.16001388578548972,19865.400888864544
102,103.13197238609492,103.13197238609492,-0.0006103180379115237,0.0,6.214608098422218,500,0.011836087802961779,-0.1406709974034744,19858.136981168573
103,103.7397374675717,103.7397374675717,0.0058757848570861575,0.0,6.214608098422218,500,0.012362041881592319,-0.14038706964903278,19888.497389842407
104,103.28032466283017,103.28032466283017,-0.0044383481888224585,0.0,6.214608098422218,500,0.012993343271162415,-0.1613461947926504,19852.72537127447
105,103.14682563686611,103.14682563686611,-0.0012934252532348966,0.0,6.214608098422218,500,0.013112476716763355,-0.1616550304553196,19840.305046774483
106,102.63808731427173,102.63808731427173,-0.004944379563308557,0.0,6.214608098422218,500,0.012699445990786692,-0.1646419972428462,19790.508303409522
107,102.8223433993481,102.8223433993481,0.0017935924093216166,0.0,6.214608098422218,500,0.012593308884683716,-0.17668414447393976,19800.66881749335
108,102.04427062673261,102.04427062673261,-0.007595932772423579,0.0,6.214608098422218,500,0.01291958828814003,-0.1791312560974355,19760.298890786864
109,102.48563242794538,102.48563242794538,0.004315872444230327,0.0,6.214608098422218,500,0.012969668026949358,-0.20194510223373172,19795.15019553017
110,102.53062724474859,102.53062724474859,0.00043893901486127113,0.0,6.214608098422218,500,0.013049597170407257,-0.20071792732272212,19788.29332841194
111,102.4403707274501,102.4403707274501,-0.0008806760373409723,0.0,6.214608098422218,500,0.01301457875896686,-0.20045395442790634,19778.762157786052
112,103.18865865040648,103.18865865040648,0.007278069913609859,0.0,6.214608098422218,500,0.012150058783940043,-0.19027588332374318,19826.827097493595
113,102.37861581011309,102.37861581011309,-0.007881089391953242,0.0,6.214608098422218,500,0.011966157824248118,-0.2055765999815506,19806.950274968283
114,101.95929706632309,101.95929706632309,-0.0041041755441255,0.0,6.214608098422218,500,0.012241750602954748,-0.15223824512959724,19786.896328108505
115,102.41753935459278,102.41753935459278,0.004484295423984099,0.0,6.214608098422218,500,0.012562988153370602,-0.14546188942500954,19812.757282694274
116,103.16717778391148,103.16717778391148,0.007292777033085869,0.0,6.214608098422218,500,0.011688132959351212,-0.12548980560462772,19867.785288920677
117,103.94898066047077,103.94898066047077,0.00754945046889377,0.0,6.214608098422218,500,0.011763085196606609,-0.07052920653111493,19902.47955966874
118,104.15315959669128,104.15315959669128,0.001962296029112614,0.0,6.214608098422218,500,0.011958275579549503,-0.06827050471147535,19913.714390177953
119,105.3500546266838,105.3500546266838,0.011426154546798524,0.0,6.214608098422218,500,0.011985276540293948,-0.04956041657880894,20005.220156349147
120,104.96629679511486,104.96629679511486,-0.003649343047959108,0.0,6.214608098422218,500,0.011813212263026479,-0.08246016627352787,19971.73572321613
121,104.84766763683481,104.84766763683481,-0.0011308033880614485,0.0,6.214608098422218,500,0.011744478381060774,-0.07918620461826635,19957.07142839633
122,104.9525718088293,104.9525718088293,0.0010000387131526994,0.0,6.214608098422218,500,0.011831431509443742,-0.05392311454168702,19956.257771781944
123,105.43858062367347,105.43858062367347,0.004620058150833368,0.0,6.214608098422218,500,0.011627901573331578,-0.03156706102492751,19985.121955726783
124,104.69937801191757,104.69937801191757,-0.007035432014260209,0.0,6.214608098422218,500,0.011499150997747476,-0.037762486324009595,19964.69147707797
125,104.94967101090603,104.94967101090603,0.0023877343500563544,0.0,6.214608098422218,500,0.011550857977749646,0.02295130148880699,19966.63387956336
126,104.69152413880292,104.69152413880292,-0.0024627507240980906,0.0,6.214608098422218,500,0.011734209315332887,-0.0649990769028137,19937.167171512243
127,104.28504760988066,104.28504760988066,-0.0038901685307161362,0.0,6.214608098422218,500,0.012006166782805444,-0.07302035599976163,19897.374836161278
128,104.41750410873276,104.41750410873276,0.0012693329865486702,0.0,6.214608098422218,500,0.012126052509837433,-0.08009777846565032,19900.358169037587
129,104.25010430856295,104.25010430856295,-0.0016044640311067308,0.0,6.214608098422218,500,0.01218752783250331,-0.08163921341946367,19888.5065438383
130,103.81064311066758,103.81064311066758,-0.004224360979857205,0.0,6.214608098422218,500,0.012228104595937839,-0.07126497024618676,19841.704394921984
131,104.19662189087434,104.19662189087434,0.003711209060061171,0.0,6.214608098422218,500,0.012146553195806896,-0.09465410429289518,19871.242835821926
132,105.2152562815412,105.2152562815412,0.009728602156265857,0.0,6.214608098422218,500,0.012456991925534894,-0.0745818674852635,19939.93869727491
133,104.92901868387459,104.92901868387459,-0.0027242024531428186,0.0,6.214608098422218,500,0.012864678166287799,-0.10418078900795727,19911.575875955517
134,105.54027565369013,105.54027565369013,0.0058085307915332245,0.0,6.214608098422218,500,0.012922233362893045,-0.10598402721899304,19951.376535337804
135,106.18936310039682,106.18936310039682,0.0061313048465788215,0.0,6.214608098422218,500,0.013234486125907908,-0.14351508347157602,19983.638639640238
136,105.75059673702789,105.75059673702789,-0.004140483847801088,0.0,6.214608098422218,500,0.013975595114202984,-0.15176708355604637,19942.52475336632
137,105.94502844327471,105.94502844327471,0.0018368991872377873,0.0,6.214608098422218,500,0.014094829283840146,-0.1536010036575955,19952.309350893633
138,106.05684103364311,106.05684103364311,0.0010548265542349117,0.0,6.214608098422218,500,0.014161823833403775,-0.15163477761233554,19950.760358468964
139,105.68105871337232,105.68105871337232,-0.003549508286047017,0.0,6.214608098422218,500,0.014855658987137437,-0.15328072086682784,19919.269317914765
140,105.16760223184563,105.16760223184563,-0.0048703889717513354,0.0,6.214608098422218,500,0.015092550180466185,-0.13123925740757772,19882.12635624127
141,105.00139795554284,105.00139795554284,-0.0015816253662700114,0.0,6.214608098422218,500,0.015409311444292752,-0.11857464692172645,19869.235922333217
142,103.84020276672857,103.84020276672857,-0.011120458293122217,0.0,6.214608098422218,500,0.016759223404166895,-0.08641925309545283,19809.676099806504
143,104.87984622433335,104.87984622433335,0.009962167610461835,0.0,6.214608098422218,500,0.016445477710812145,-0.16118025115738832,19840.945039284765
144,104.74099774139181,104.74099774139181,-0.0013247585556965048,0.0,6.214608098422218,500,0.016410017699181545,-0.16649723541740358,19829.969392531682
145,105.4982462648478,105.4982462648478,0.007203715003094214,0.0,6.214608098422218,500,0.01702957824707843,-0.1649856374774049,19852.32036663521
146,105.89001256525967,105.89001256525967,0.003706608409737945,0.0,6.214608098422218,500,0.01669182685996957,-0.14473682877721772,19870.018210243703
147,105.73193756262744,105.73193756262744,-0.001493937958105845,0.0,6.214608098422218,500,0.016656548201430404,-0.14627641209513115,19859.893220118644
148,105.94710226796097,105.94710226796097,0.002032934197064037,0.0,6.214608098422218,500,0.01677129550254642,-0.14800972858335432,19863.738124072755
149,105.4970560164103,105.4970560164103,-0.0042568868755954595,0.0,6.214608098422218,500,0.017549911288585386,-0.15049478778905162,19824.89831710183
150,106.24548427126429,106.24548427126429,0.007069258455952464,0.0,6.214608098422218,500,0.017956187854009025,-0.17712647790747474,19872.921605525175
151,107.16695551576586,107.16695551576586,0.008635644406898436,0.0,6.214608098422218,500,0.01845051603607502,-0.11544994621299147,19902.13266571709
152,107.73979518341429,107.73979518341429,0.0053310658922715096,0.0,6.214608098422218,500,0.018827552882208373,-0.08345066034713698,19917.961947198382
153,107.69820037808127,107.69820037808127,-0.00038614178284987065,0.0,6.214608098422218,500,0.019121873331086277,-0.08318993630270172,19905.226872984418
154,108.28368260528048,108.28368260528048,0.005421599749362491,0.0,6.214608098422218,500,0.019698030758942178,-0.10176773568074608,19940.508500863143
155,106.62034236443827,106.62034236443827,-0.015480151729768675,0.0,6.214608098422218,500,0.018725981225671057,-0.1296402687857981,19895.203703700663
156,106.82064490125924,106.82064490125924,0.0018768897032166631,0.0,6.214608098422218,500,0.018858462778283187,-0.14308764145661246,19896.62453254119
157,106.78759910923405,106.78759910923405,-0.0003094055891137893,0.0,6.214608098422218,500,0.01913393507260367,-0.14175241772830377,19883.928155812097
158,107.03109010306295,107.03109010306295,0.002277547392881308,0.0,6.214608098422218,500,0.01933172466728227,-0.14578268931242633,19896.370817327766
159,107.74577973188183,107.74577973188183,0.006655207027390985,0.0,6.214608098422218,500,0.0198276840883767,-0.1403974751796977,19920.20883247393
160,107.74387001882671,107.74387001882671,-1.7724406321760538e-05,0.0,6.214608098422218,500,0.0198352891340946,-0.1409019492849084,19914.009584056323
161,106.80278360052701,106.80278360052701,-0.008772846727176011,0.0,6.214608098422218,500,0.021545618609433034,-0.12872683598178994,19842.90698778245
162,106.62021272202051,106.62021272202051,-0.0017108833273477581,0.0,6.214608098422218,500,0.021388497085279626,-0.11308562092943789,19827.4154900401
163,107.288410098736,107.288410098736,0.006247523277003231,0.0,6.214608098422218,500,0.022104870943793403,-0.10521463191467997,19852.003050312996
164,106.72959606814015,106.72959606814015,-0.005222133506804259,0.0,6.214608098422218,500,0.022935758099007785,-0.12803381086494323,19807.549927632328
165,106.31264888782175,106.31264888782175,-0.003914225676202509,0.0,6.214608098422218,500,0.023425305709965327,-0.11812043450574762,19769.64634390614
166,106.96206536549413,106.96206536549413,0.006089971678652813,0.0,6.214608098422218,500,0.02320327622450385,-0.12828957873172647,19792.68411849074
167,106.65124535535661,106.65124535535661,-0.0029101204269029166,0.0,6.214608098422218,500,0.023314692823142837,-0.13280063973466125,19776.242373464036
168,105.78471056481874,105.78471056481874,-0.008158125518804338,0.0,6.214608098422218,500,0.024685048674268722,-0.09881388559765003,19715.24734524055
169,106.51187224502587,106.51187224502587,0.006850459054171398,0.0,6.214608098422218,500,0.025009899763747876,-0.12641223197560617,19758.506916582286
170,107.0508142094907,107.0508142094907,0.0050471654715550296,0.0,6.214608098422218,500,0.025308490333608036,-0.11087109441736899,19783.02343829093
171,106.49824426304473,106.49824426304473,-0.005175121666529687,0.0,6.214608098422218,500,0.026180318476947018,-0.11704865441881239,19745.566671286473
172,107.16284376614666,107.16284376614666,0.006221082675070011,0.0,6.214608098422218,500,0.026901822803206188,-0.10517200481263818,19786.27957283187
173,106.80317582493988,106.80317582493988,-0.0033619196230918543,0.0,6.214608098422218,500,0.0264315910937807,-0.14283904839210193,19765.721064242734
174,106.22551427386486,106.22551427386486,-0.005423334919647689,0.0,6.214608098422218,500,0.027484365143846674,-0.11857441269423695,19719.386017017525
175,105.86243584566236,105.86243584566236,-0.0034238511210826638,0.0,6.214608098422218,500,0.027555989186079297,-0.11925627102694135,19690.18981298821
176,106.41714361370977,106.41714361370977,0.005226211885609461,0.0,6.214608098422218,500,0.02709882406506143,-0.15679426078487402,19721.99430130044
177,106.81762216936833,106.81762216936833,0.0037562263832382346,0.0,6.214608098422218,500,0.02708255479957708,-0.1576810385760305,19735.9934012523
178,106.56368102997702,106.56368102997702,-0.002380164104999218,0.0,6.214608098422218,500,0.02722119291157096,-0.17205756542333614,19720.16135181786
179,106.24437359397461,106.24437359397461,-0.0030008984029353323,0.0,6.214608098422218,500,0.027734502071940427,-0.15285029303218806,19696.839751944935
180,106.78340827762918,106.78340827762918,0.005060709259074733,0.0,6.214608098422218,500,0.02834184811632684,-0.16444861624352658,19728.94663880626
181,107.22486139651818,107.22486139651818,0.0041255765088208645,0.0,6.214608098422218,500,0.028526267145025166,-0.1520162313632951,19733.031568545674
182,107.97849804204951,107.97849804204951,0.007003977338853937,0.0,6.214608098422218,500,0.029397259403754913,-0.13536979150702064,19771.53339813813
183,107.66128391102775,107.66128391102775,-0.0029420764291345327,0.0,6.214608098422218,500,0.029243942855934957,-0.1305901993625712,19765.588479733186
184,107.51236700000851,107.51236700000851,-0.0013841558589019142,0.0,6.214608098422218,500,0.029213729232082698,-0.12266477410713296,19755.391251744953
185,107.34390393496389,107.34390393496389,-0.0015681469182501125,0.0,6.214608098422218,500,0.029421589555157595,-0.11713767223683794,19744.23825528414
186,107.84883845846426,107.84883845846426,0.004692866911449534,0.0,6.214608098422218,500,0.02933985093905058,-0.12898685581855932,19758.626588254385
187,108.08292591583643,108.08292591583643,0.0021681622410006643,0.0,6.214608098422218,500,0.029308010292535356,-0.12434500536730253,19763.0000734147
188,106.93067303625492,106.93067303625492,-0.010718056120755003,0.0,6.214608098422218,500,0.02787065916955457,-0.12460707270124133,19671.92155977088
189,106.61527751822463,106.61527751822463,-0.0029538911559088203,0.0,6.214608098422218,500,0.027738353515400865,-0.10867271864972802,19664.826815455715
190,106.25315306473325,106.25315306473325,-0.003402334501413536,0.0,6.214608098422218,500,0.02777155704656846,-0.09371896236541792,19645.328220522628
191,106.82306602218166,106.82306602218166,0.0053493939299576075,0.0,6.214608098422218,500,0.027160263274456368,-0.12009533160710446,19678.057173518693
192,107.45796067521884,107.45796067521884,0.005925830398580236,0.0,6.214608098422218,500,0.02783843671808837,-0.09231328312029509,19720.211983936864
193,106.68254691368662,106.68254691368662,-0.0072421342357681185,0.0,6.214608098422218,500,0.02684712254965184,-0.10402251332580584,19675.08499136686
194,106.03707599269313,106.03707599269313,-0.00606876688880275,0.0,6.214608098422218,500,0.028090521040754792,-0.09648276962710724,19620.073498077425
195,106.16278350615075,106.16278350615075,0.0011848031234304426,0.0,6.214608098422218,500,0.028214208762154726,-0.08804312420456124,19628.350362729983
196,105.89670291916852,105.89670291916852,-0.0025094913800409865,0.0,6.214608098422218,500,0.027918635097472087,-0.08601258988653056,19600.246333903742
197,105.83726691594444,105.83726691594444,-0.0005614215312878315,0.0,6.214608098422218,500,0.028256041657275622,-0.0864450374133209,19586.97519647255
198,106.43600997237277,106.43600997237277,0.0056412625561084425,0.0,6.214608098422218,500,0.028852001819328944,-0.0847032069441806,19626.081236879523
199,105.83394833019896,105.83394833019896,-0.005672618597995259,0.0,6.214608098422218,500,0.028129542943337985,-0.11086034864538503,19589.441719741728
200,105.8087523613412,105.8087523613412,-0.00023809910660238642,0.0,5.916840404721503,400,0.0702887567321833,-0.11616130620729292,18916.685525242145
201,106.15740899436044,106.15740899436044,0.0032897415816845626,0.0,5.916840404721503,400,0.07039010124405984,-0.1273265955943851,18945.202154615203
202,106.50602374082072,106.50602374082072,0.0032785613798021695,0.0,5.916840404721503,400,0.07052151258542927,-0.06560265889956307,18962.456353733774
203,106.66811074397977,106.66811074397977,0.0015207007621886887,0.0,5.916840404721503,400,0.07049270846970106,-0.057642914831791306,18963.752389773985
204,106.67197015763492,106.67197015763492,3.618085864835958e-05,0.0,5.916840404721503,400,0.0705630428134675,-0.050880454938966015,18959.197301485674
205,107.0078937877348,107.0078937877348,0.003144179340426686,0.0,5.916840404721503,400,0.0705906222745828,-0.06821191670963236,18967.488657149
206,107.29419269745279,107.29419269745279,0.0026719206027474456,0.0,5.916840404721503,400,0.07054931782431133,-0.060056444511369184,18971.55795875647
207,107.62533051895016,107.62533051895016,0.0030815077064519775,0.0,5.916840404721503,400,0.07046151781657548,-0.05335150695703589,18983.192505945866
208,108.4206766089402,108.4206766089402,0.007362780674096597,0.0,5.916840404721503,400,0.07017104799940033,-0.034726943955176795,19003.71276264658
209,108.36400920883271,108.36400920883271,-0.0005227989346609411,0.0,5.916840404721503,400,0.07023087065219062,-0.019479002416205142,19000.840449864205
210,107.82522503570993,107.82522503570993,-0.004984385929045255,0.0,5.916840404721503,400,0.07051351813820106,-0.052940974925850426,18984.257096730755
211,106.85571949923698,106.85571949923698,-0.009032120941353946,0.0,5.916840404721503,400,0.07034639958382374,-0.05143678489526193,18915.139331057355
212,105.65934925150988,105.65934925150988,-0.011259275810573956,0.0,5.916840404721503,400,0.07025897430767694,0.01207734894026334,18836.392722385317
213,105.14451698134042,105.14451698134042,-0.004884476769297986,0.0,5.916840404721503,400,0.07065376241467106,0.04144929874197234,18818.53353437632
214,105.63696379098172,105.63696379098172,0.004672589867064966,0.0,5.916840404721503,400,0.07037475572513627,0.08048047348115916,18847.327819530896
215,106.12176255549822,106.12176255549822,0.004578792287600925,0.0,5.916840404721503,400,0.07027612920481446,0.1296891378844492,18866.553901925705
216,106.60386460532365,106.60386460532365,0.004532626196913458,0.0,5.916840404721503,400,0.07027632641133205,0.14297651367350708,18872.755308143056
217,106.93987613716011,106.93987613716011,0.0031470068659460344,0.0,5.916840404721503,400,0.07020351574261019,0.15224482179882212,18891.138430755604
218,106.41455974687469,106.41455974687469,-0.004924364001687873,0.0,5.916840404721503,400,0.07045891366312933,0.12960094814546919,18855.232844390735
219,106.33034632707806,106.33034632707806,-0.0007916845178502629,0.0,5.916840404721503,400,0.07056834957148497,0.13499861247186243,18849.221870084322
220,106.26156087729814,106.26156087729814,-0.0006471126119974779,0.0,5.916840404721503,400,0.07064375553326334,0.13639167799409976,18834.167380329473
221,105.62420149846972,105.62420149846972,-0.006016084271299673,0.0,5.916840404721503,400,0.07058168938406262,0.13268915513460938,18826.508790822638
222,106.35850969643863,106.35850969643863,0.006928028525647613,0.0,5.916840404721503,400,0.07052552715581627,0.10748327541128633,18841.986017930394
223,105.82451395784237,105.82451395784237,-0.00503336088613741,0.0,5.916840404721503,400,0.07102364776289095,0.10703501122473631,18818.6306139378
224,105.71436843575272,105.71436843575272,-0.0010413738675119557,0.0,5.916840404721503,400,0.07109105500463943,0.09834001022219684,18797.83748001299
225,105.411037100427,105.411037100427,-0.0028734726952322673,0.0,5.916840404721503,400,0.07104157206852202,0.11693911847238504,18793.453510725594
226,106.18385445526435,106.18385445526435,0.007304720690991632,0.0,5.916840404721503,400,0.07092528979575363,0.11350637417338337,18818.417405801763
227,105.99356165918935,105.99356165918935,-0.0017937144355947689,0.0,5.916840404721503,400,0.07104842961848279,0.0895751704354297,18811.815745653472
228,106.83955376169553,106.83955376169553,0.007949858332941784,0.0,5.916840404721503,400,0.0709304454603924,0.11912303702954918,18836.35960710715
229,106.25805135675785,106.25805135675785,-0.005457629127139567,0.0,5.916840404721503,400,0.07115822211707029,0.06492330569350252,18819.86160115063
230,105.38976248008751,105.38976248008751,-0.008205081189052502,0.0,5.916840404721503,400,0.0715212864160657,0.11147385231661976,18739.765358210723
231,105.72771341797728,105.72771341797728,0.0032015466755251983,0.0,5.916840404721503,400,0.07158349628433812,0.11565164081684405,18743.320720041753
232,105.19838223219185,105.19838223219185,-0.005019125731022542,0.0,5.916840404721503,400,0.07164492798723619,0.11970743466811745,18731.104146913243
233,104.94853665055533,104.94853665055533,-0.002377819295988198,0.0,5.916840404721503,400,0.07192606801892885,0.11590844239241613,18716.418973982127
234,104.08439095530507,104.08439095530507,-0.008268081282467964,0.0,5.916840404721503,400,0.0723058591135419,0.11361083566415149,18627.193764343876
235,103.34776090339317,103.34776090339317,-0.007102400875292609,0.0,5.916840404721503,400,0.07199915080791759,0.15814214130215587,18614.56446155621
236,102.93576496364321,102.93576496364321,-0.003994468155687216,0.0,5.916840404721503,400,0.07194233679726833,0.1597401120970579,18602.1665369609
237,103.7268777810043,103.7268777810043,0.007656116956421597,0.0,5.916840404721503,400,0.07159682341862653,0.14136696185935377,18623.382696230823
238,104.60204321242509,104.60204321242509,0.008401815508272297,0.0,5.916840404721503,400,0.07118781582663766,0.17673374868852343,18692.895627852366
239,103.64982661776773,103.64982661776773,-0.009144918905595795,0.0,5.916840404721503,400,0.07123540999552234,0.131604830926603,18660.91024674586
240,103.00959970879431,103.00959970879431,-0.006195981171095967,0.0,5.916840404721503,400,0.07173969508966341,0.14574314729100377,18634.05906252084
241,102.7267626699359,102.7267626699359,-0.002749511207169445,0.0,5.916840404721503,400,0.07201414155418401,0.1320234759486296,18619.661798920122
242,102.87568409739234,102.87568409739234,0.001448635031742964,0.0,5.916840404721503,400,0.07203803631136639,0.14431439861201495,18620.014505179184
243,103.65394853157497,103.65394853157497,0.0075366242422754415,0.0,5.916840404721503,400,0.07183847747040782,0.14911626158929456,18679.48415480183
244,103.27583320230251,103.27583320230251,-0.003654531957014532,0.0,5.916840404721503,400,0.07184089475271156,0.13314933306813861,18652.541534043496
245,103.14991490731457,103.14991490731457,-0.0012199864770628518,0.0,5.916840404721503,400,0.07199292525469483,0.13708356356477744,18646.095485726542
246,103.3549334246753,103.3549334246753,0.00198560553300377,0.0,5.916840404721503,400,0.0719613132070633,0.1285464431576038,18654.00160940187
247,103.49923274513718,103.49923274513718,0.0013951794787664918,0.0,5.916840404721503,400,0.07198232697303467,0.14993126208433463,18656.117149866626
248,103.54957631395436,103.54957631395436,0.0004862966373783141,0.0,5.916840404721503,400,0.07199123820857353,0.14538844102432144,18656.596754073656
249,103.51737273430166,103.51737273430166,-0.0003110450997646911,0.0,5.916840404721503,400,0.07207099655382639,0.14142332671668842,18652.502838584307
250,104.69915847490975,104.69915847490975,0.011351629230169104,0.0,5.916840404721503,400,0.07172064965280163,0.14243115937996342,18682.067195188043
251,104.74798305126107,104.74798305126107,0.0004662233810396694,0.0,5.916840404721503,400,0.07175387751448474,0.12844620602450182,18679.350846143836
252,104.36348977210078,104.36348977210078,-0.003677404278880056,0.0,5.916840404721503,400,0.07179194580124132,0.1562110019616055,18664.385246319875
253,104.07811919895241,104.07811919895241,-0.0027381361413546137,0.0,5.916840404721503,400,0.07207750988510056,0.14013968685792622,18651.571932130686
254,104.14740845595954,104.14740845595954,0.0006655212772894608,0.0,5.916840404721503,400,0.07217322473472038,0.14700157914353287,18649.53826180637
255,104.00967419447305,104.00967419447305,-0.0013233686774810531,0.0,5.916840404721503,400,0.07226433568545491,0.1486430793433365,18644.272879470696
256,103.91524315296274,103.91524315296274,-0.0009083187258887547,0.0,5.916840404721503,400,0.07240458838336325,0.1490848583999856,18635.03215436237
257,103.51533977300181,103.51533977300181,-0.003855785099472275,0.0,5.916840404721503,400,0.07269814130317846,0.15001057252121516,18620.138130248393
258,102.69212394180016,102.69212394180016,-0.007984388050092243,0.0,5.916840404721503,400,0.073463956017627,0.18566991583467743,18575.477117123857
259,102.80253120159114,102.80253120159114,0.0010745512610778921,0.0,5.916840404721503,400,0.07350494692209818,0.18131363116473104,18574.874001598855
260,102.86012052388665,102.86012052388665,0.0005600367720395139,0.0,5.916840404721503,400,0.07354045980922785,0.18168415138846283,18571.29633900743
261,102.56016424194372,102.56016424194372,-0.002920417479458946,0.0,5.916840404721503,400,0.07354251249947835,0.17129045415844477,18565.233908910897
262,103.25555993489692,103.25555993489692,0.006757485045633845,0.0,5.916840404721503,400,0.0733551578186071,0.1510666475226099,18582.79741283946
263,103.14720029902844,103.14720029902844,-0.001049982526405013,0.0,5.916840404721503,400,0.07336225303670843,0.14816412443548369,18580.43422463147
264,102.54315690522046,102.54315690522046,-0.005873344170813322,0.0,5.916840404721503,400,0.07364549137128079,0.14559009682916016,18562.627579398908
265,102.23372386639502,102.23372386639502,-0.003022150480795468,0.0,5.916840404721503,400,0.07371974386877306,0.14578685275228076,18555.063269166087
266,101.93273139142957,101.93273139142957,-0.002948502903144201,0.0,5.916840404721503,400,0.07403145641907113,0.14078700646205275,18540.70236467462
267,102.80728220935819,102.80728220935819,0.008543089566000764,0.0,5.916840404721503,400,0.07373374288684596,0.10351130083857396,18607.163916179034
268,101.7396717456551,101.7396717456551,-0.010438876139167379,0.0,5.916840404721503,400,0.07344367480411221,0.04520670140430437,18591.397807728878
269,101.9901780243453,101.9901780243453,0.0024592017833551857,0.0,5.916840404721503,400,0.07349702499221204,0.02631912385494292,18603.439516909024
270,103.65864746562634,103.65864746562634,0.016226750113227745,0.0,5.916840404721503,400,0.07429328868271,0.03471656030544191,18645.327221548578
271,103.45800434629618,103.45800434629618,-0.0019374896256818769,0.0,5.916840404721503,400,0.07449222662234495,-0.024000859898354952,18634.994430509734
272,103.7891725810299,103.7891725810299,0.003195879640082337,0.0,5.916840404721503,400,0.07454306745022377,-0.05670983346566867,18656.340213684885
273,103.03539722839707,103.03539722839707,-0.007289063293521383,0.0,5.916840404721503,400,0.07432432038852246,-0.056749047505062836,18611.872831139834
274,102.55346919777999,102.55346919777999,-0.004688278326778507,0.0,5.916840404721503,400,0.07470878026176202,-0.05474053688004681,18593.51953972868
275,102.67505479469406,102.67505479469406,0.0011848802376365024,0.0,5.916840404721503,400,0.07472986436703712,-0.07415633502576734,18593.58043690706
276,102.5192180869557,102.5192180869557,-0.0015189189786923305,0.0,5.916840404721503,400,0.07471981929140951,-0.08748624043459054,18591.531746471806
277,101.95242349280174,101.95242349280174,-0.005544006411102728,0.0,5.916840404721503,400,0.0749434241455371,-0.07536836498781742,18572.462235132898
278,101.69349283857622,101.69349283857622,-0.0025429510046013253,0.0,5.916840404721503,400,0.0752830729823674,-0.07129442268953276,18557.864705688608
279,100.75388354808084,100.75388354808084,-0.009282570652482556,0.0,5.916840404721503,400,0.07571790583568923,-0.060081198026821735,18461.054936602854
280,100.11351118699669,100.11351118699669,-0.006376092361148411,0.0,5.916840404721503,400,0.07561769120720731,-0.03321360275940707,18450.9071614512
281,99.86152377940397,99.86152377940397,-0.0025201899927847567,0.0,5.916840404721503,400,0.07569925045405912,-0.007124403532492456,18441.641365270065
282,99.01788763628747,99.01788763628747,-0.008483947104732388,0.0,5.916840404721503,400,0.07648253082226612,0.01670903727756671,18407.434210598276
283,98.06566632166724,98.06566632166724,-0.009663198223778653,0.0,5.916840404721503,400,0.0771358241390908,0.049785928600163995,18308.946944990235
284,97.25333084944855,97.25333084944855,-0.008318086492433315,0.0,5.916840404721503,400,0.07710697834488248,0.07970877882954944,18292.36650693977
285,97.45645575092179,97.45645575092179,0.002086438270075328,0.0,5.916840404721503,400,0.07710477978652125,0.07380331539976055,18295.423040015507
286,96.98763509535418,96.98763509535418,-0.0048221734278267245,0.0,5.916840404721503,400,0.07744498932289604,0.0712842045908068,18278.30618822108
287,96.91608419999464,96.91608419999464,-0.0007380043958627512,0.0,5.916840404721503,400,0.0775672066291968,0.07142129519257169,18268.36126993445
288,96.62662658234548,96.62662658234548,-0.0029911520025075636,0.0,5.916840404721503,400,0.07771828110666949,0.09493496903685576,18245.118301465027
289,96.5182797707955,96.5182797707955,-0.001121922653416049,0.0,5.916840404721503,400,0.07790028390809538,0.08079895543624924,18238.36025100759
290,96.1672759526256,96.1672759526256,-0.0036432850932376537,0.0,5.916840404721503,400,0.07833489195652982,0.10049808521042411,18209.01249991698
291,96.22789438459915,96.22789438459915,0.0006301450693713949,0.0,5.916840404721503,400,0.07839838042857201,0.10855448549895653,18206.516142403612
292,96.51091845626537,96.51091845626537,0.0029368685105273496,0.0,5.916840404721503,400,0.07834674355812277,0.11191948779131977,18211.16104073201
293,95.97475627240406,95.97475627240406,-0.005570945175894728,0.0,5.916840404721503,400,0.07890145998285422,0.09688011361500143,18170.941625555537
294,96.84695973854458,96.84695973854458,0.009046796522022178,0.0,5.916840404721503,400,0.07855239057895433,0.0460789472844988,18211.089094268653
295,97.16014466645161,97.16014466645161,0.0032285951683705175,0.0,5.916840404721503,400,0.07846099201683644,0.062038305122069516,18216.269283204525
296,96.44671603561356,96.44671603561356,-0.007369902672168395,0.0,5.916840404721503,400,0.07926435872119839,0.060087849229262774,18162.03006582463
297,97.09333911290467,97.09333911290467,0.006682084313588991,0.0,5.916840404721503,400,0.07885488890266346,-0.013544875230584702,18195.673546418595
298,96.9785745432541,96.9785745432541,-0.0011827016167982578,0.0,5.916840404721503,400,0.07900986329548082,0.030467348660714152,18188.70388159553
299,97.26604942447612,97.26604942447612,0.002959928416393099,0.0,5.916840404721503,400,0.078852433414156,0.006236649144132637,18207.96280701327
300,96.56936402072935,96.56936402072935,-0.007188453249039211,0.0,5.916840404721503,400,0.0790140805192667,-0.013896269611843814,18171.51904057985
301,96.2390201557057,96.2390201557057,-0.003426657919215181,0.0,5.916840404721503,400,0.07936476731943329,-0.002647293163354012,18158.832346711548
302,96.0469772562076,96.0469772562076,-0.0019974721605888666,0.0,5.916840404721503,400,0.07976609347450865,-0.015014192760296058,18141.654373789766
303,96.79164823207428,96.79164823207428,0.00772329377029351,0.0,5.916840404721503,400,0.07945011509895493,-0.006365642996392478,18160.151269736307
304,96.67216788106293,96.67216788106293,-0.0012351701584534295,0.0,5.916840404721503,400,0.07954808884501291,-0.007078157800423277,18155.161906255893
305,97.43444467652273,97.43444467652273,0.007854247767239413,0.0,5.916840404721503,400,0.07915738103163483,-0.00699041498374895,18172.3605505739
306,97.30090963870309,97.30090963870309,-0.0013714516218124178,0.0,5.916840404721503,400,0.0794467104700324,-0.013371421342531067,18150.009311532416
307,98.09767237901625,98.09767237901625,0.008155301313528282,0.0,5.916840404721503,400,0.07958707150863721,-0.01642057144671063,18160.727295697514
308,98.07287594087204,98.07287594087204,-0.00025280490357636946,0.0,5.916840404721503,400,0.07968066674992885,-0.01366265121965949,18156.533526340816
309,97.14885880027518,97.14885880027518,-0.009466405389007938,0.0,5.916840404721503,400,0.08055362973255427,-0.02111104966255301,18119.398755374335
310,97.01979659346685,97.01979659346685,-0.0013293827013819114,0.0,5.916840404721503,400,0.08079131462218797,-0.03454319343353964,18102.192200213354
311,96.70593017775124,96.70593017775124,-0.003240320174003865,0.0,5.916840404721503,400,0.08092763957574385,-0.03199228118629232,18087.543509142062
312,97.21887201563084,97.21887201563084,0.0052901230612866675,0.0,5.916840404721503,400,0.08049473152861071,-0.040782565165623334,18105.934060493288
313,97.10806509730072,97.10806509730072,-0.0011404176074148414,0.0,5.916840404721503,400,0.08079870255568371,-0.039032212185713525,18094.22721136502
314,97.14363713784816,97.14363713784816,0.00036624689035668695,0.0,5.916840404721503,400,0.08084494469856589,-0.03887069757501041,18093.53021607678
315,97.1044439466627,97.1044439466627,-0.0004035374918351697,0.0,5.916840404721503,400,0.08100244693977465,-0.038171521755167075,18087.861521722003
316,97.51950990876142,97.51950990876142,0.004265318663492943,0.0,5.916840404721503,400,0.08079401552665612,-0.03504884265002726,18098.530390550906
317,97.44025968096412,97.44025968096412,-0.0008129906219025921,0.0,5.916840404721503,400,0.08092475994219228,-0.0457330675225934,18090.536792644372
318,97.31395506597474,97.31395506597474,-0.001297067001720309,0.0,5.916840404721503,400,0.08112714151812189,-0.03892994399680923,18073.864470010034
319,97.53006426829894,97.53006426829894,0.002218279952149862,0.0,5.916840404721503,400,0.08111233936932886,-0.041156227737466175,18076.314222284567
320,97.8092567769895,97.8092567769895,0.0028585406902132747,0.0,5.916840404721503,400,0.08092804455427091,-0.03251304837031122,18093.180995807044
321,98.49895813158435,98.49895813158435,0.007026748144577809,0.0,5.916840404721503,400,0.08090111664921784,-0.005878464674845298,18114.145741540997
322,98.059078965779,98.059078965779,-0.004475827156636442,0.0,5.916840404721503,400,0.08128224477677504,-0.021981469232518206,18096.470150292535
323,97.96318887545341,97.96318887545341,-0.000978359234696538,0.0,5.916840404721503,400,0.08153853506789008,-0.022285475017891035,18087.004228430633
324,97.51870567775609,97.51870567775609,-0.004547571678909654,0.0,5.916840404721503,400,0.08180105601270946,-0.028531095019119938,18071.662148455187
325,98.5720735888961,98.5720735888961,0.010743779462511182,0.0,5.916840404721503,400,0.08106239587073918,-0.05274915852949464,18151.0597501577
326,99.44753134623045,99.44753134623045,0.00884218975728351,0.0,5.916840404721503,400,0.08121145179914663,0.01645871045190182,18184.88048490061
327,99.33482134012675,99.33482134012675,-0.0011340042680746604,0.0,5.916840404721503,400,0.08140069774225636,0.06195567928269154,18177.326351244315
328,98.1994787795512,98.1994787795512,-0.01149527005680226,0.0,5.916840404721503,400,0.0823932405379987,0.08045767243728229,18084.117018446414
329,98.28136458046109,98.28136458046109,0.0008335245742078022,0.0,5.916840404721503,400,0.08243904706349926,0.04483003221080556,18083.408445725257
330,98.48301074372867,98.48301074372867,0.002049621365935023,0.0,5.916840404721503,400,0.08244105777811249,0.06674692537934497,18085.685649211846
331,98.38457072986157,98.38457072986157,-0.0010000633048329309,0.0,5.916840404721503,400,0.08265562789611892,0.06931364726618455,18071.42252546165
332,97.66888822880603,97.66888822880603,-0.007300923777475732,0.0,5.916840404721503,400,0.08269615735641149,0.08528931839523347,18045.304047721947
333,97.23582267225524,97.23582267225524,-0.004443876879440331,0.0,5.916840404721503,400,0.08309157364030115,0.08554092918465916,18028.303387586027
334,97.32626531603711,97.32626531603711,0.0009297047665507362,0.0,5.916840404721503,400,0.08315947318787005,0.08692283261770005,18027.400990637027
335,96.02711465061596,96.02711465061596,-0.013438298482190915,0.0,5.916840404721503,400,0.0840279802728462,0.06680570119878952,17986.49637366924
336,95.9317318249363,95.9317318249363,-0.000993784191569991,0.0,5.916840404721503,400,0.08428235183799064,0.06488435236864212,17969.414823245726
337,96.32131499796094,96.32131499796094,0.0040528221811461955,0.0,5.916840404721503,400,0.08425561537056937,0.06078569539079332,17975.20421170207
338,96.15029619420059,96.15029619420059,-0.0017770812818343818,0.0,5.916840404721503,400,0.08439426152757759,0.05069644912163656,17967.914546179894
339,96.07481396493985,96.07481396493985,-0.0007853524763533706,0.0,5.916840404721503,400,0.08457777462710703,0.024235570572310183,17959.624248690252
340,96.09839298704982,96.09839298704982,0.00024539344065986835,0.0,5.916840404721503,400,0.08469360766850687,0.01827665680027938,17951.216172464163
341,95.6610373077355,95.6610373077355,-0.004561511650240018,0.0,5.916840404721503,400,0.08461192491770973,0.0074168416711815534,17944.305769386217
342,95.93724203545344,95.93724203545344,0.0028831670096159797,0.0,5.916840404721503,400,0.08458477519560091,-0.046723462024842684,17951.238626487273
343,95.34137171593974,95.34137171593974,-0.006230411600844231,0.0,5.916840404721503,400,0.08503595461571828,-0.1077381813887063,17931.70046163823
344,95.82913732587718,95.82913732587718,0.0051029488893102526,0.0,5.916840404721503,400,0.08465035788361404,-0.11894598033405594,17952.994866840225
345,95.4363095025476,95.4363095025476,-0.004107677389642778,0.0,5.916840404721503,400,0.08475680711455401,-0.12469267210507401,17944.740359415806
346,95.8523165418562,95.8523165418562,0.004349528811617074,0.0,5.916840404721503,400,0.08468304773702726,-0.13793589650418117,17953.256919091164
347,96.28845908819584,96.28845908819584,0.00453983069430542,0.0,5.916840404721503,400,0.08449526767471977,-0.12317588415903385,17963.0146901723
348,96.48990319087491,96.48990319087491,0.0020899044230709663,0.0,5.916840404721503,400,0.08443169943896738,-0.11895453997438286,17972.860028946398
349,96.3496303373852,96.3496303373852,-0.0014548145358339335,0.0,5.916840404721503,400,0.08443659976765701,-0.12343270492834162,17969.34690178208
350,96.34993725027564,96.34993725027564,3.185403001022719e-06,0.0,5.916840404721503,400,0.08452063249998548,-0.12309501112525977,17966.660269440465
351,96.1653251735402,96.1653251735402,-0.0019178960774303556,0.0,5.916840404721503,400,0.08468653830835346,-0.12402841350404954,17957.658026174104
352,96.15381832022948,96.15381832022948,-0.00011966414903276712,0.0,5.916840404721503,400,0.08478299134237963,-0.11371910054221694,17953.47698133184
353,95.91077218511163,95.91077218511163,-0.002530880514846006,0.0,5.916840404721503,400,0.08498101750748699,-0.08172784039631288,17931.947483132317
354,95.4993093571077,95.4993093571077,-0.00429928725252068,0.0,5.916840404721503,400,0.08535428096922365,-0.10051017411658324,17915.299367091033
355,95.3486121588129,95.3486121588129,-0.0015792388873575843,0.0,5.916840404721503,400,0.08569168747330226,-0.0797251132703682,17899.92153482017
356,94.37545412225418,94.37545412225418,-0.01025875726138368,0.0,5.916840404721503,400,0.08641350005785292,-0.03473258558133581,17863.195480815823
357,94.01269116008781,94.01269116008781,-0.0038512339510290597,0.0,5.916840404721503,400,0.08665153228819303,-0.008174913521005439,17849.856996849823
358,94.49541028274906,94.49541028274906,0.005121479385676881,0.0,5.916840404721503,400,0.08645237222686754,-0.01913741978420899,17861.109201263054
359,94.53937574868257,94.53937574868257,0.0004651574204860006,0.0,5.916840404721503,400,0.0865164375622304,0.00013120668625687671,17858.994167394474
360,94.78066469941018,94.78066469941018,0.002549007287376136,0.0,5.916840404721503,400,0.08650043670365055,-0.013072858435573126,17866.226096271763
361,94.13193061965026,94.13193061965026,-0.006868114100929834,0.0,5.916840404721503,400,0.08727384749758922,-0.02925416324579002,17835.784674923238
362,94.11903987383334,94.11903987383334,-0.0001369527689899554,0.0,5.916840404721503,400,0.08745514831154014,-0.02105048994829223,17829.425032748382
363,94.53592253802724,94.53592253802724,0.004419532223475532,0.0,5.916840404721503,400,0.08722561036043415,-0.0161066914385711,17843.728196086206
364,93.64385237195248,93.64385237195248,-0.00948111292993225,0.0,5.916840404721503,400,0.08767146018393873,-0.04085999937202311,17812.7828298793
365,93.04642035020164,93.04642035020164,-0.006400269842073523,0.0,5.916840404721503,400,0.08835410428426098,-0.001777698541764567,17786.33503575645
366,93.4491217442415,93.4491217442415,0.004318623548844896,0.0,5.916840404721503,400,0.08802692612311036,-0.01713308896935786,17815.831734472875
367,93.30155346503658,93.30155346503658,-0.0015803777925123702,0.0,5.916840404721503,400,0.08806290243156938,-0.025171955338801733,17811.971053059
368,93.84467783079255,93.84467783079255,0.005804294180101106,0.0,5.916840404721503,400,0.08784302626577019,-0.024929469863029918,17827.346161004058
369,93.90101407242187,93.90101407242187,0.0006001335396735141,0.0,5.916840404721503,400,0.08791791772429158,-0.024899138446890595,17824.642406065414
370,94.44494896798474,94.44494896798474,0.005775928498616537,0.0,5.916840404721503,400,0.08749312177281371,-0.020644714922815707,17863.551915242955
371,93.94034760391017,93.94034760391017,-0.00535713328001121,0.0,5.916840404721503,400,0.08754386028516632,-0.03082627709901319,17854.417048149215
372,94.78397742566523,94.78397742566523,0.008940399611395014,0.0,5.916840404721503,400,0.08728065022910864,-0.058309916722707016,17873.227133177745
373,94.74659330755527,94.74659330755527,-0.0003944917007335945,0.0,5.916840404721503,400,0.0874291893583511,-0.05776111152949553,17867.55022651085
374,94.27689909674989,94.27689909674989,-0.004969701612609514,0.0,5.916840404721503,400,0.08805748096340618,-0.057096166731380765,17814.435951282147
375,94.06124719435641,94.06124719435641,-0.002290051175358102,0.0,5.916840404721503,400,0.08807514364646253,-0.0519857152173955,17809.806724837712
376,94.17225703706613,94.17225703706613,0.001179490931040263,0.0,5.916840404721503,400,0.08810840003182854,-0.05399770574398378,17810.454990969647
377,93.89521754978934,93.89521754978934,-0.0029461733165270262,0.0,5.916840404721503,400,0.08841876986825135,-0.056725070429280294,17797.568000924737
378,94.13139977189546,94.13139977189546,0.002512222468155703,0.0,5.916840404721503,400,0.0882718631688004,-0.05991655387268504,17812.50737646324
379,93.77599175881593,93.77599175881593,-0.003782804220703305,0.0,5.916840404721503,400,0.08840510877934163,-0.07334857339009292,17796.08602037896
380,94.06787676850783,94.06787676850783,0.003107743115605775,0.0,5.916840404721503,400,0.08815768680587703,-0.0994006275237257,17806.99650728776
381,95.18317281200426,95.18317281200426,0.011786555029595226,0.0,5.916840404721503,400,0.08697462449127967,-0.04490403834421478,17865.616795721715
382,95.0108530539799,95.0108530539799,-0.0018120422488635602,0.0,5.916840404721503,400,0.08714020539604052,-0.05626430983819284,17858.215296760285
383,94.04530472385918,94.04530472385918,-0.010214496439270847,0.0,5.916840404721503,400,0.08832052074520454,-0.04629464582995444,17788.5955343745
384,94.2299616702841,94.2299616702841,0.0019615641413842076,0.0,5.916840404721503,400,0.08827320322885111,-0.03450666857445962,17793.45473748874
385,95.07942839458319,95.07942839458319,0.008974435186467277,0.0,5.916840404721503,400,0.08787605208052843,-0.08686546215179905,17818.096665723384
386,94.51195108746643,94.51195108746643,-0.005986337599881524,0.0,5.916840404721503,400,0.08868339762462979,-0.12204356981528972,17774.715127156833
387,93.93312716806801,93.93312716806801,-0.006143177047555959,0.0,5.916840404721503,400,0.08944954151035515,-0.10396270616315138,17733.135881220922
388,94.01461149261291,94.01461149261291,0.0008670956110558308,0.0,5.916840404721503,400,0.08948072665994433,-0.10677532122941674,17732.864293154173
389,93.73154390048587,93.73154390048587,-0.0030154311924489386,0.0,5.916840404721503,400,0.08982882897945772,-0.1122284987641925,17712.57416691944
390,93.29339935485359,93.29339935485359,-0.004685421522509135,0.0,5.916840404721503,400,0.09048253674574136,-0.10565131781254389,17676.584719206432
391,93.9619549067536,93.9619549067536,0.007140606422079754,0.0,5.916840404721503,400,0.09026374880442901,-0.12210332056279137,17693.071836614217
392,94.3774655873086,94.3774655873086,0.004412367348224249,0.0,5.916840404721503,400,0.08995121927671951,-0.11374304683156063,17722.735143972935
393,94.57686793708947,94.57686793708947,0.002110588522451941,0.0,5.916840404721503,400,0.08997782326524702,-0.10184156430829074,17727.912484422603
394,95.13135361193183,95.13135361193183,0.005845685013604849,0.0,5.916840404721503,400,0.08959829501184542,-0.07779431083858668,17748.853207403157
395,94.44004527489108,94.44004527489108,-0.007293414571460864,0.0,5.916840404721503,400,0.09070221908685583,-0.12145650069425282,17700.407828955045
396,94.63000898522264,94.63000898522264,0.0020094538502803175,0.0,5.916840404721503,400,0.09067860280404332,-0.13002082234413526,17704.987209617262
397,94.81069914443911,94.81069914443911,0.0019076175949169461,0.0,5.916840404721503,400,0.09068821967805364,-0.12328561354863071,17708.16304789164
398,94.81394648086426,94.81394648086426,3.425015155346019e-05,0.0,5.916840404721503,400,0.09081799331201942,-0.1236290874156065,17703.098512661625
399,95.35238032629914,95.35238032629914,0.005662782610453968,0.0,5.916840404721503,400,0.09038689034102204,-0.11947523709077189,17742.4494112229
400,94.89248369575478,94.89248369575478,-0.0048347957119155354,0.0,5.649047449884154,323,0.1080176486168541,-0.13496338866103205,17640.257014480165
401,94.00358289047342,94.00358289047342,-0.009411602716532711,0.0,5.649047449884154,323,0.10875804419217332,-0.09254546216804188,17612.12109090532
402,92.79389019447896,92.79389019447896,-0.01295209819656537,0.0,5.649047449884154,323,0.1096561682430229,-0.003973470776592456,17577.38840891397
403,92.18546427338836,92.18546427338836,-0.0065783353709902665,0.0,5.649047449884154,323,0.11067253645701706,0.05957014560733669,17529.287283972026
404,91.9147376532272,91.9147376532272,-0.0029410811338150284,0.0,5.649047449884154,323,0.1111558924296494,0.08119273619526143,17503.279038545155
405,92.79323701303849,92.79323701303849,0.009512377423482182,0.0,5.649047449884154,323,0.11092135670179969,0.07393078459949785,17521.551284768855
406,93.01151233826792,93.01151233826792,0.0023495139537826146,0.0,5.649047449884154,323,0.1106547864119806,0.07670972202790682,17537.207135889978
407,93.32458027430262,93.32458027430262,0.003360253252323913,0.0,5.649047449884154,323,0.11045784156413466,0.0758958492960304,17551.194708551706
408,93.15290535402397,93.15290535402397,-0.0018412407074317695,0.0,5.649047449884154,323,0.1106192703988701,0.07449612537640715,17544.74113961028
409,92.53528226559618,92.53528226559618,-0.006652284929674076,0.0,5.649047449884154,323,0.11155262779526674,0.07763732192562692,17500.458577460744
410,92.9015276949567,92.9015276949567,0.003950088503517679,0.0,5.649047449884154,323,0.11125161316015987,0.06154458048517009,17517.42387149429
411,93.30408380366586,93.30408380366586,0.004323787372706736,0.0,5.649047449884154,323,0.11120138617011498,0.07365111494318752,17523.79247176598
412,92.63653290711318,92.63653290711318,-0.007180289884065972,0.0,5.649047449884154,323,0.11208476612688979,0.05484034341735448,17479.653779578184
413,92.68882588744371,92.68882588744371,0.0005643370346996097,0.0,5.649047449884154,323,0.11218021151495638,0.046669563090133453,17476.473636942235
414,91.98960938855964,91.98960938855964,-0.007572295475706312,0.0,5.649047449884154,323,0.11256382395872495,0.03965817933664807,17458.10325644689
415,92.03535578223726,92.03535578223726,0.0004971759628100358,0.0,5.649047449884154,323,0.11259532595048244,0.030348657121544352,17458.223914985167
416,91.70894174373379,91.70894174373379,-0.0035529198594491536,0.0,5.649047449884154,323,0.11288924566147546,0.011465277919283224,17444.019654121425
417,90.93697880715982,90.93697880715982,-0.008453159326151987,0.0,5.649047449884154,323,0.11325760750878386,0.03473685390749234,17426.715743043515
418,90.74809755135816,90.74809755135816,-0.0020792167153634946,0.0,5.649047449884154,323,0.11361728290213201,0.03834894430288675,17416.406761221293
419,90.46086351927669,90.46086351927669,-0.0031701994310525347,0.0,5.649047449884154,323,0.11375164488856239,0.038008084493743405,17410.248002387827
420,90.58767923239333,90.58767923239333,0.001400903116138827,0.0,5.649047449884154,323,0.1137195974284366,0.04646912658117241,17412.374835718787
421,90.90954649363503,90.90954649363503,0.0035468046122857,0.0,5.649047449884154,323,0.11356068711034475,0.05378540643664693,17419.454881453952
422,91.24410971007184,91.24410971007184,0.0036734216553924418,0.0,5.649047449884154,323,0.11332428774173153,0.061982650792827464,17428.618624662973
423,91.17327695096041,91.17327695096041,-0.0007766010024366279,0.0,5.649047449884154,323,0.1134024700394332,0.08739451954052142,17425.229718586237
424,91.01175195782608,91.01175195782608,-0.001773197681768362,0.0,5.649047449884154,323,0.11377701713631558,0.060059421288290823,17409.904220321627
425,90.30737711339678,90.30737711339678,-0.007769487878409104,0.0,5.649047449884154,323,0.11421378082510936,0.08156152239731704,17374.848019355293
426,90.10442328336174,90.10442328336174,-0.0022498962396245567,0.0,5.649047449884154,323,0.11437867136299196,0.09293363489793269,17368.875519205525
427,90.3473616990984,90.3473616990984,0.002692559262110152,0.0,5.649047449884154,323,0.11416232283409014,0.09311264672643348,17376.647738740896
428,89.89687257108157,89.89687257108157,-0.004998662707382088,0.0,5.649047449884154,323,0.1143481232516626,0.0806485685841138,17367.259823644737
429,90.18686178027139,90.18686178027139,0.0032206069125465266,0.0,5.649047449884154,323,0.11413370515152381,0.06518509558188376,17375.494824780995
430,90.65954903624548,90.65954903624548,0.005227511348016822,0.0,5.649047449884154,323,0.11383166975267017,0.09698934826146474,17387.551639611946
431,90.1114909941288,90.1114909941288,-0.006063578781503544,0.0,5.649047449884154,323,0.11477834691573041,0.10433796503194856,17359.43312452183
432,89.83187098279238,89.83187098279238,-0.0031078694243759824,0.0,5.649047449884154,323,0.1149061873994006,0.11517747969148197,17353.44475017441
433,89.56267064059719,89.56267064059719,-0.003001212208828038,0.0,5.649047449884154,323,0.11530270899091224,0.11914999189461137,17341.561422577928
434,89.60394880012775,89.60394880012775,0.0004607795848329225,0.0,5.649047449884154,323,0.11537112790669664,0.11470953530927416,17338.74629816069
435,89.85903439524314,89.85903439524314,0.002842767487304134,0.0,5.649047449884154,323,0.11511064914387066,0.11877609457965166,17351.928709198277
436,90.20282556289713,90.20282556289713,0.003818594181884871,0.0,5.649047449884154,323,0.11532361136865768,0.1303193321534689,17356.598730230922
437,89.90103409546472,89.90103409546472,-0.0033513079671158553,0.0,5.649047449884154,323,0.11578317184966455,0.12723035250201584,17316.281090883273
438,89.59374761402555,89.59374761402555,-0.0034239076892321543,0.0,5.649047449884154,323,0.11578492630353392,0.13800544248677266,17309.640934333347
439,89.65380056037384,89.65380056037384,0.0006700560114409556,0.0,5.649047449884154,323,0.11587787489391674,0.14344174875620486,17307.53913042659
440,89.88413421308252,89.88413421308252,0.002565850825541032,0.0,5.649047449884154,323,0.11589427314689485,0.11655529827962088,17313.136539483276
441,89.63972269954635,89.63972269954635,-0.0027228878517587462,0.0,5.649047449884154,323,0.11590014076061966,0.13182251226337624,17305.214247007127
442,89.4772857736229,89.4772857736229,-0.0018137526060625017,0.0,5.649047449884154,323,0.11608346090893441,0.12763237281712386,17298.3456175227
443,89.35345929875214,89.35345929875214,-0.0013848457054758416,0.0,5.649047449884154,323,0.11637569287623552,0.1552113001448349,17286.92912486739
444,88.56732199584941,88.56732199584941,-0.00883699378032712,0.0,5.649047449884154,323,0.11729759936972907,0.13119000458060967,17233.15213325973
445,88.9768830357129,88.9768830357129,0.004613631475830413,0.0,5.649047449884154,323,0.1171275674847848,0.1416537213805074,17242.498230924855
446,88.17833082162467,88.17833082162467,-0.009015344288392405,0.0,5.649047449884154,323,0.11853436331708148,0.0878021872730569,17196.195443661247
447,87.81225148631785,87.81225148631785,-0.004160221058390925,0.0,5.649047449884154,323,0.11868357687467793,0.11329316654207215,17188.148236075645
448,88.01355464971913,88.01355464971913,0.002289803252220774,0.0,5.649047449884154,323,0.11862395030719912,0.10788644315751289,17192.077901363387
449,87.71571489453665,87.71571489453665,-0.0033897601822187665,0.0,5.649047449884154,323,0.11877152890235045,0.09720100025678702,17185.110106689106
450,87.40771440148804,87.40771440148804,-0.003517528315439997,0.0,5.649047449884154,323,0.11899123308526525,0.12323595994995501,17176.065025529013
451,87.08575848302605,87.08575848302605,-0.003690181397515381,0.0,5.649047449884154,323,0.11917738480752353,0.09758122611293384,17167.09782532767
452,87.93894741503117,87.93894741503117,0.009749431495222704,0.0,5.649047449884154,323,0.11781578843641984,0.05922990112992959,17235.699011294815
453,88.75671605629914,88.75671605629914,0.009256305038915051,0.0,5.649047449884154,323,0.1175357601497237,0.11688444255246759,17263.42964926482
454,88.84689636817237,88.84689636817237,0.0010155234839238996,0.0,5.649047449884154,323,0.11748179778590014,0.16466730003545824,17266.873599063918
455,88.54211926228034,88.54211926228034,-0.00343626018450459,0.0,5.649047449884154,323,0.11776821841633371,0.17848258670769154,17251.044928501604
456,88.53074214812888,88.53074214812888,-0.00012850206492960695,0.0,5.649047449884154,323,0.11783734966186077,0.17133470540557677,17248.21628091108
457,88.49449742493152,88.49449742493152,-0.00040948650928230077,0.0,5.649047449884154,323,0.11805124006367015,0.17031139745642165,17239.377090751765
458,88.3490766399118,88.3490766399118,-0.0016446265414676428,0.0,5.649047449884154,323,0.11812021634921381,0.16429070792081743,17234.55722935677
459,88.60637714274355,88.60637714274355,0.002908084251297572,0.0,5.649047449884154,323,0.11799752851579426,0.18463361376570625,17242.393441773216
460,89.2571051529658,89.2571051529658,0.007317195246883248,0.0,5.649047449884154,323,0.1177556357751499,0.17950750121523523,17260.074754820398
461,88.90807428310023,88.90807428310023,-0.003918064320700575,0.0,5.649047449884154,323,0.11809101590753776,0.09547324102122837,17247.996922362217
462,89.65756370007558,89.65756370007558,0.008394602979296372,0.0,5.649047449884154,323,0.11697666988151763,0.02177694281181954,17302.344639055314
463,91.14771791777248,91.14771791777248,0.01648389854691582,0.0,5.649047449884154,323,0.11656302133209158,0.10574465383838805,17347.986666630182
464,91.27430158045573,91.27430158045573,0.0013878114423721548,0.0,5.649047449884154,323,0.11653706414705745,0.1407754428017005,17351.62866426194
465,90.6535137213405,90.6535137213405,-0.00682457784159405,0.0,5.649047449884154,323,0.11669229761451566,0.12074635636878228,17333.222890668963
466,90.93229156058172,90.93229156058172,0.0030704829359507525,0.0,5.649047449884154,323,0.11654668006098064,0.09868386839160079,17341.9882174967
467,90.9014788103078,90.9014788103078,-0.00033891119901436733,0.0,5.649047449884154,323,0.11672053217052739,0.1033154840767144,17336.59569982319
468,90.0488764089038,90.0488764089038,-0.009423675460837099,0.0,5.649047449884154,323,0.11692593700058936,0.09260080842915362,17321.278268314363
469,90.02155694589915,90.02155694589915,-0.0003034308598616374,0.0,5.649047449884154,323,0.11700355244362255,0.11132115845755042,17318.975325186853
470,90.09869084099589,90.09869084099589,0.0008564711714484783,0.0,5.649047449884154,323,0.1170636385445581,0.09843655685468988,17317.737882559843
471,90.22683680663026,90.22683680663026,0.0014212739469281997,0.0,5.649047449884154,323,0.11709435524291058,0.12332059762247968,17317.374350778606
472,90.33982537204497,90.33982537204497,0.0012514888274339536,0.0,5.649047449884154,323,0.11709330775118103,0.13398661285788452,17318.67634219896
473,90.252341405626,90.252341405626,-0.0009688567873488267,0.0,5.649047449884154,323,0.1171045267836392,0.1384014224669665,17317.328107156143
474,90.28501931325624,90.28501931325624,0.00036200715305683366,0.0,5.649047449884154,323,0.11713650117564998,0.14742191478957914,17316.765174696713
475,90.51564283492011,90.51564283492011,0.002551137191692936,0.0,5.649047449884154,323,0.11710518688784083,0.1498297745628614,17318.53616192195
476,90.06600573957553,90.06600573957553,-0.00497988614143374,0.0,5.649047449884154,323,0.11794611206751003,0.12036511025348988,17266.047122498134
477,90.7266398461581,90.7266398461581,0.007308229212794598,0.0,5.649047449884154,323,0.11795418555908806,0.08365833120193578,17272.956895596137
478,90.35419999942921,90.35419999942921,-0.004113526005518123,0.0,5.649047449884154,323,0.11832043615405456,0.05725412109022297,17260.6276861248
479,89.98585661052144,89.98585661052144,-0.004084992630578396,0.0,5.649047449884154,323,0.11854038081971978,0.07169407105297582,17252.072019883075
480,89.70270745962975,89.70270745962975,-0.0031515571034514086,0.0,5.649047449884154,323,0.11912910399874625,0.07588070106196104,17235.586418192677
481,89.830002534767,89.830002534767,0.0014180713528246216,0.0,5.649047449884154,323,0.1191099350715049,0.06285517906772843,17237.310803700177
482,89.52561725952286,89.52561725952286,-0.0033942127692494295,0.0,5.649047449884154,323,0.11918321748790099,0.06073430896086615,17232.45663682884
483,89.37095521957362,89.37095521957362,-0.0017290669836585706,0.0,5.649047449884154,323,0.11937208185798934,0.06329303338020721,17225.006855976368
484,88.92755317226533,88.92755317226533,-0.004973714759304758,0.0,5.649047449884154,323,0.12023460165094055,0.05979877416920241,17172.81451172929
485,88.39537427913686,88.39537427913686,-0.006002387830880451,0.0,5.649047449884154,323,0.1202605167671888,0.06914252347976725,17165.452536454515
486,88.64856119751465,88.64856119751465,0.00286016112662889,0.0,5.649047449884154,323,0.12021286623742403,0.06010546172934337,17169.362488523155
487,89.29579297182048,89.29579297182048,0.007274573352836899,0.0,5.649047449884154,323,0.11988669113190172,0.08387332261071326,17183.78959555812
488,89.41485903945474,89.41485903945474,0.0013325012685216568,0.0,5.649047449884154,323,0.11975646610452917,0.10439236563040659,17191.287547973163
489,89.70174428811964,89.70174428811964,0.0032033378107321872,0.0,5.649047449884154,323,0.1195827071123329,0.09539978844468232,17203.27148567364
490,89.9293505200383,89.9293505200383,0.0025341531650487446,0.0,5.649047449884154,323,0.11950311411410572,0.1254473339028034,17208.033413570498
491,89.57118926485391,89.57118926485391,-0.003990647949375461,0.0,5.649047449884154,323,0.12001846542469148,0.10702499099104244,17192.25510944086
492,89.31607045921581,89.31607045921581,-0.002852287848698583,0.0,5.649047449884154,323,0.12010551708218596,0.10854355691904051,17186.978262479537
493,89.15964858838704,89.15964858838704,-0.0017528648906916461,0.0,5.649047449884154,323,0.12044467466587191,0.1134166991283228,17176.44095443825
494,89.26058305742347,89.26058305742347,0.0011314241537827324,0.0,5.649047449884154,323,0.12043778261517074,0.11076357369590877,17177.86726108742
495,89.49081853270421,89.49081853270421,0.0025760424875298643,0.0,5.649047449884154,323,0.12034662530274734,0.10499477691379971,17182.74522810952
496,89.22405849525278,89.22405849525278,-0.002985316499711505,0.0,5.649047449884154,323,0.12069926608578471,0.1091578759766647,17171.901647532333
497,89.50554892409689,89.50554892409689,0.0031499052188594962,0.0,5.649047449884154,323,0.12068957491918658,0.09439352572533512,17174.855872601485
498,89.41196022567254,89.41196022567254,-0.0010461659946515549,0.0,5.649047449884154,323,0.12097977566655264,0.09456166814177838,17164.231125416212
499,89.53154297704626,89.53154297704626,0.0013365421715207772,0.0,5.649047449884154,323,0.1209765037303184,0.092145216471868,17165.932768019866
500,89.53495723323788,89.53495723323788,3.813394675185641e-05,0.0,5.649047449884154,323,0.12098464490488746,0.09779506312021707,17165.818964115835
501,89.10373526424374,89.10373526424374,-0.004827876878811035,0.0,5.649047449884154,323,0.12139489986807127,0.09307629214196846,17151.29302991286
502,89.98959689468418,89.98959689468418,0.009892817834482539,0.0,5.649047449884154,323,0.12126386234712896,0.05311630110568033,17165.06098017781
503,90.14877627130227,90.14877627130227,0.0017673016054447156,0.0,5.649047449884154,323,0.12111640906501116,0.05487384991424455,17174.004059450257
504,89.94363903800561,89.94363903800561,-0.002278133942113804,0.0,5.649047449884154,323,0.12134176036389945,0.08336262055650799,17159.244046485936
505,89.58920075176411,89.58920075176411,-0.003948455860663744,0.0,5.649047449884154,323,0.12151879636995486,0.1205802617559415,17150.66789316077
506,89.6133878149101,89.6133878149101,0.00026994100349019733,0.0,5.649047449884154,323,0.12162524058556398,0.09652699928979629,17148.547892474082
507,89.83911677074424,89.83911677074424,0.002515752849577294,0.0,5.649047449884154,323,0.12159688543114065,0.10436063944728326,17152.191596235123
508,89.95902813142231,89.95902813142231,0.001333844445631947,0.0,5.649047449884154,323,0.12160780437143685,0.11174801546074602,17153.395723373807
509,90.08521747030102,90.08521747030102,0.0014017594299638209,0.0,5.649047449884154,323,0.12163852914386823,0.10183347336505358,17152.06839457363
510,90.01758335581245,90.01758335581245,-0.0007510612534360402,0.0,5.649047449884154,323,0.12187956525397912,0.08884415127730315,17134.82896155444
511,90.18273497223842,90.18273497223842,0.0018329785895844382,0.0,5.649047449884154,323,0.1219741902457673,0.12001953969188016,17135.36877752125
512,89.97789054043754,89.97789054043754,-0.002274020968696745,0.0,5.649047449884154,323,0.12240275847466928,0.05398653006610253,17109.599494038728
513,90.26527669066064,90.26527669066064,0.003188874210010447,0.0,5.649047449884154,323,0.12250425934600422,0.04471697403448229,17114.64924772359
514,90.3851610387735,90.3851610387735,0.0013272524242806606,0.0,5.649047449884154,323,0.1225595132669539,0.04993006071912529,17115.988960731276
515,90.92033373493089,90.92033373493089,0.0059035634981402275,0.0,5.649047449884154,323,0.12259302213329827,0.05246231371643131,17128.94818100188
516,90.03446499115945,90.03446499115945,-0.009791128249359411,0.0,5.649047449884154,323,0.12377526076056815,0.0019499109352903137,17040.767889061393
517,89.70898590008184,89.70898590008184,-0.0036216000662273526,0.0,5.649047449884154,323,0.12368290559251978,0.03282577791894974,17027.21297462985
518,89.89272922826504,89.89272922826504,0.0020461206860639034,0.0,5.649047449884154,323,0.12373785602418627,0.03126639443103874,17034.765768451012
519,89.56954912547837,89.56954912547837,-0.0036016532845384716,0.0,5.649047449884154,323,0.12369895760616798,0.009871067326192345,17020.257147637392
520,88.52265455876102,88.52265455876102,-0.011756905736850095,0.0,5.649047449884154,323,0.1237425632172146,0.06453064557517725,16970.57920949505
521,88.45123883849075,88.45123883849075,-0.0008070763746658805,0.0,5.649047449884154,323,0.12375444271982969,0.09591629131890543,16967.508110703
522,88.8628085088621,88.8628085088621,0.004642276409160135,0.0,5.649047449884154,323,0.12364309093041045,-0.015568025474363924,16986.039655456054
523,89.57528124378587,89.57528124378587,0.007985699938724672,0.0,5.649047449884154,323,0.12381313861245548,-0.008402192022420069,17009.66148763436
524,90.01762557854974,90.01762557854974,0.004926087974150488,0.0,5.649047449884154,323,0.12371470500777543,0.041882024618873484,17031.130088416518
525,90.37628531764052,90.37628531764052,0.0039764115085514735,0.0,5.649047449884154,323,0.12386013386241838,0.08390726904675543,17042.933595589515
526,90.19657595525565,90.19657595525565,-0.0019904366630696647,0.0,5.649047449884154,323,0.12380697763885533,0.07754536124753952,17034.910189008675
527,89.95316009607417,89.95316009607417,-0.00270237428765849,0.0,5.649047449884154,323,0.1238627895285678,0.0801652714649096,17024.94466789475
528,90.12843316182042,90.12843316182042,0.001946596738970471,0.0,5.649047449884154,323,0.1237082171563821,0.07840646640190208,17038.029338065237
529,90.13445230586063,90.13445230586063,6.678184504621395e-05,0.0,5.649047449884154,323,0.12384099551354978,0.07880019315197001,17032.059855701395
530,90.15293809369797,90.15293809369797,0.0002050702255010666,0.0,5.649047449884154,323,0.12386504203433467,0.07762365184927629,17032.027753277114
531,89.48277371895088,89.48277371895088,-0.007461405943506347,0.0,5.649047449884154,323,0.12446810274116328,0.07004204684540012,16997.270735253176
532,88.32311124751986,88.32311124751986,-0.013044325446014231,0.0,5.649047449884154,323,0.12426344442603493,0.14157722483650292,16970.03235293796
533,88.07244757812005,88.07244757812005,-0.0028420651834220583,0.0,5.649047449884154,323,0.1243501077838963,0.16767804686115526,16961.7153623698
534,87.91125707070377,87.91125707070377,-0.001831880432505616,0.0,5.649047449884154,323,0.12444751714596283,0.1683757010347337,16954.085482965544
535,88.7087388029042,88.7087388029042,0.00903054207251312,0.0,5.649047449884154,323,0.12359908622149898,0.15791082069595558,17018.25984063421
536,88.48503954795663,88.48503954795663,-0.0025249122838639218,0.0,5.649047449884154,323,0.12355118953917597,0.1721693602044796,17011.8182021332
537,87.70428985437613,87.70428985437613,-0.008862679785325334,0.0,5.649047449884154,323,0.12432789861850674,0.2080166411673854,16959.112178029576
538,87.77169842361708,87.77169842361708,0.000768293978204842,0.0,5.649047449884154,323,0.12440381769830207,0.19053453854362298,16958.08405414405
539,87.33275358035448,87.33275358035448,-0.005013530583182373,0.0,5.649047449884154,323,0.12455075523217952,0.1772888060485508,16940.468847004457
540,87.38378143313673,87.38378143313673,0.0005841216371329579,0.0,5.649047449884154,323,0.12457178545531408,0.17827166512979223,16942.367376171624
541,87.56424771550218,87.56424771550218,0.002063085217408298,0.0,5.649047449884154,323,0.12458539938354171,0.18428500028014907,16949.313502152672
542,87.87336706421459,87.87336706421459,0.0035239839415214373,0.0,5.649047449884154,323,0.12460715569846767,0.18774587286299474,16959.103369410506
543,87.98545532628465,87.98545532628465,0.001274752960641763,0.0,5.649047449884154,323,0.12463205771097127,0.18702271304685156,16962.725546475584
544,87.80943547369237,87.80943547369237,-0.0020025600359015626,0.0,5.649047449884154,323,0.12460439434931445,0.16550830881051176,16956.669852971343
545,87.25257755115146,87.25257755115146,-0.006361857619150756,0.0,5.649047449884154,323,0.12453795499919816,0.18813039305496052,16937.421254805904
546,87.44800563658107,87.44800563658107,0.0022372926681896964,0.0,5.649047449884154,323,0.12456466216917307,0.15779544566753265,16943.39997794229
547,87.23132084907043,87.23132084907043,-0.002480944975148568,0.0,5.649047449884154,323,0.12480962018298326,0.14900804915628962,16930.64912427197
548,87.13453496878714,87.13453496878714,-0.0011101472793449128,0.0,5.649047449884154,323,0.12484556436471488,0.14518936502101382,16926.12727887492
549,87.38001552152835,87.38001552152835,0.002813297962366048,0.0,5.649047449884154,323,0.12465617711414408,0.13449632243335072,16943.091939975737
550,86.64224280692797,86.64224280692797,-0.008479112291538965,0.0,5.649047449884154,323,0.12503248873121414,0.11607853313450338,16895.829502341385
551,86.43352551764438,86.43352551764438,-0.002411861492582665,0.0,5.649047449884154,323,0.12513791860972465,0.12207613766062761,16886.854255821385
552,86.7304056108751,86.7304056108751,0.0034288940216581285,0.0,5.649047449884154,323,0.12488648803092699,0.11272491011758823,16907.03140713663
553,87.10164766947047,87.10164766947047,0.004271279272100593,0.0,5.649047449884154,323,0.12486946480509163,0.12737168782940236,16922.478805910527
554,86.936018654195,86.936018654195,-0.001903370331007538,0.0,5.649047449884154,323,0.12498628396679895,0.11801001842628113,16913.532583688404
555,86.86267371715984,86.86267371715984,-0.0008440217862228482,0.0,5.649047449884154,323,0.12524026943077676,0.12547155728660678,16897.403105346424
556,85.91333668718958,85.91333668718958,-0.010989333318382971,0.0,5.649047449884154,323,0.1251401432455324,0.1252075866710433,16868.189352609665
557,85.86594936810454,85.86594936810454,-0.0005517233349293168,0.0,5.649047449884154,323,0.12537933298116127,0.12697682960589993,16854.190849565104
558,86.19902508791817,86.19902508791817,0.003871515825876031,0.0,5.649047449884154,323,0.12550487033322635,0.126174833408936,16860.62710600375
559,86.58772565900536,86.58772565900536,0.004499201762938555,0.0,5.649047449884154,323,0.12521924194932532,0.139931981150927,16887.917488417395
560,86.16274978667491,86.16274978667491,-0.004920122257697217,0.0,5.649047449884154,323,0.12513806747738032,0.1243485533410723,16875.67531333656
561,85.92636415326305,85.92636415326305,-0.002747248523443244,0.0,5.649047449884154,323,0.12517806275795015,0.16407006297415982,16865.48301600867
562,86.08512458366337,86.08512458366337,0.0018459287416999314,0.0,5.649047449884154,323,0.12520425177703665,0.1526337721507672,16865.702611303797
563,86.03107956742197,86.03107956742197,-0.000628006157632912,0.0,5.649047449884154,323,0.12544248090784574,0.1566225110219459,16849.426460566225
564,85.5148245803165,85.5148245803165,-0.006018873469386135,0.0,5.649047449884154,323,0.12535056004757822,0.14955822363600943,16840.551221381007
565,86.47825016957637,86.47825016957637,0.011203191377196924,0.0,5.649047449884154,323,0.12440556309632826,0.0941762598285305,16900.256964756038
566,86.00078940433546,86.00078940433546,-0.0055364638628662335,0.0,5.649047449884154,323,0.12473544447190223,0.050398908219595605,16870.380588225362
567,86.46920063162413,86.46920063162413,0.005431813138977965,0.0,5.649047449884154,323,0.12471257896138427,0.02521992822536521,16885.12239111612
568,87.0461475135331,87.0461475135331,0.006650120745185227,0.0,5.649047449884154,323,0.12405073232700324,0.050953138192955445,16936.81451323476
569,87.11496981442026,87.11496981442026,0.0007903291564200054,0.0,5.649047449884154,323,0.12412932874647613,0.05758287228459758,16934.335366140487
570,87.42855066732167,87.42855066732167,0.0035931576195667916,0.0,5.649047449884154,323,0.12412345173573458,0.06098055930328829,16941.312838503934
571,87.30671299462227,87.30671299462227,-0.0013945404023353054,0.0,5.649047449884154,323,0.1243422186706461,0.06143439251048626,16933.27907859417
572,87.53571466207684,87.53571466207684,0.0026195220630657588,0.0,5.649047449884154,323,0.12439562886141359,0.0637115032468852,16938.06061992697
573,88.32850110744411,88.32850110744411,0.00901595372530087,0.0,5.649047449884154,323,0.12426690359123785,0.07502221478607238,16961.482170751977
574,88.36503356991372,88.36503356991372,0.00041351216451552544,0.0,5.649047449884154,323,0.12434851871962438,0.07300566977453712,16960.212460880477
575,88.06583457731399,88.06583457731399,-0.0033916885697225277,0.0,5.649047449884154,323,0.12470601994055042,0.11051886412179779,16937.413874425914
576,88.22446502422993,88.22446502422993,0.0017996508042482672,0.0,5.649047449884154,323,0.12473093217549655,0.09151957134787558,16941.584857576625
577,88.5208342214393,88.5208342214393,0.00335363346287237,0.0,5.649047449884154,323,0.12472141611367141,0.10175555371924151,16949.773773295627
578,88.60067679989508,88.60067679989508,0.0009015571672060711,0.0,5.649047449884154,323,0.12478556524320701,0.10981097618651563,16950.407157482183
579,88.5908001926726,88.5908001926726,-0.00011147948423191008,0.0,5.649047449884154,323,0.1247846777108598,0.08421797116293744,16950.155479826622
580,88.20944379092586,88.20944379092586,-0.0043139871822528335,0.0,5.649047449884154,323,0.12469353345716555,0.084855886333639,16941.2605152944
581,88.50117567309233,88.50117567309233,0.003301806626991899,0.0,5.649047449884154,323,0.1247634867227401,0.07661273254080309,16946.455825121964
582,88.21198598507958,88.21198598507958,-0.0032729870651378988,0.0,5.649047449884154,323,0.12506626313728045,0.04122730545675598,16927.21198154977
583,88.7365081857512,88.7365081857512,0.005928547054776793,0.0,5.649047449884154,323,0.12472983073200462,-0.0029012477356413465,16955.024918973715
584,89.1439445024037,89.1439445024037,0.004581020826344721,0.0,5.649047449884154,323,0.12474576228213584,0.0028930021183832884,16965.33921568731
585,88.65470200466868,88.65470200466868,-0.005503345971925206,0.0,5.649047449884154,323,0.1253908979081805,-0.01058817476913078,16934.079915550756
586,89.05611930349913,89.05611930349913,0.004517653776987999,0.0,5.649047449884154,323,0.125307220869778,-0.03198528494406002,16949.100359831147
587,88.35296693358077,88.35296693358077,-0.00792694519537739,0.0,5.649047449884154,323,0.1251327514442823,-0.05266298519705089,16934.282355368006
588,88.14912313467046,88.14912313467046,-0.002309818421543644,0.0,5.649047449884154,323,0.12535560958768874,-0.042627546025427614,16922.139240303128
589,87.93377585728216,87.93377585728216,-0.0024459772753195213,0.0,5.649047449884154,323,0.1256429853385626,-0.039888324585261786,16906.450934298937
590,87.96533129101361,87.96533129101361,0.00035879015626107445,0.0,5.649047449884154,323,0.12572010692781282,-0.03794134151029365,16905.04139793416
591,88.16737095307997,88.16737095307997,0.0022941764715755223,0.0,5.649047449884154,323,0.12557340226480834,-0.1045122863668295,16917.42318820842
592,88.08470755852201,88.08470755852201,-0.0009380133422210267,0.0,5.649047449884154,323,0.12568530827559296,-0.15013746072003312,16909.262723334286
593,88.43297703400911,88.43297703400911,0.0039460060695736005,0.0,5.649047449884154,323,0.12566887653308417,-0.15667497972287503,16919.094769055562
594,88.22489230675448,88.22489230675448,-0.00235579455663417,0.0,5.649047449884154,323,0.12584372406598834,-0.15020689950152025,16909.610587065654
595,88.83521900825552,88.83521900825552,0.006894032927587261,0.0,5.649047449884154,323,0.1260686212955834,-0.1490609142828822,16919.272927560523
596,89.14407229000078,89.14407229000078,0.003470668857233087,0.0,5.649047449884154,323,0.1258924085441539,-0.1485643375816681,16936.630929246516
597,89.36288402830948,89.36288402830948,0.0024515778254712343,0.0,5.649047449884154,323,0.12599167846047407,-0.14814703753845831,16940.883318207252
598,89.45070660722817,89.45070660722817,0.0009822808844455143,0.0,5.649047449884154,323,0.12605350689039696,-0.14467730447442634,16942.06699210218
599,89.68142884461602,89.68142884461602,0.0025760019484068635,0.0,5.649047449884154,323,0.12609099699250464,-0.14580042038004867,16947.795723395924
600,89.66428695354038,89.66428695354038,-0.00019116030791759936,0.0,5.407666808353409,264,0.18144519517922106,-0.1472168824605633,16177.798618481867
601,89.30610408951335,89.30610408951335,-0.004002710617818032,0.0,5.407666808353409,264,0.1815612225084713,-0.14756342737182387,16164.434434790785
602,88.9196737543799,88.9196737543799,-0.004336420301955327,0.0,5.407666808353409,264,0.1816171124047744,-0.1313597527466794,16152.150440121277
603,88.74356140840293,88.74356140840293,-0.001982541897307405,0.0,5.407666808353409,264,0.18178953652361007,-0.12001594505477797,16140.92090577167
604,88.27890397230576,88.27890397230576,-0.005249712258163833,0.0,5.407666808353409,264,0.18242471031992785,-0.1192433744777576,16105.559242160307
605,88.08123316851375,88.08123316851375,-0.0022416730875008924,0.0,5.407666808353409,264,0.18244037854847042,-0.09978259233067563,16100.715513794254
606,88.215529290158,88.215529290158,0.0015235236966106205,0.0,5.407666808353409,264,0.18247421182554263,-0.09800774407704937,16102.807627728154
607,89.13451533259023,89.13451533259023,0.010363620371810805,0.0,5.407666808353409,264,0.18272740548014005,-0.08208062507393159,16120.036734440044
608,89.3692763125635,89.3692763125635,0.002630320769780926,0.0,5.407666808353409,264,0.18249781072284732,-0.06005033341182787,16135.432758239873
609,89.12133129220307,89.12133129220307,-0.002778243440042122,0.0,5.407666808353409,264,0.1828859410056108,-0.0476245302688157,16113.84655410241
610,89.41232833829272,89.41232833829272,0.0032598592824043355,0.0,5.407666808353409,264,0.18288340814126208,-0.08177067618670698,16121.233096971813
611,89.88521753276994,89.88521753276994,0.005274922070833277,0.0,5.407666808353409,264,0.18293445569410624,-0.06220898166924647,16132.10944370155
612,89.75063186219471,89.75063186219471,-0.0014984280277069478,0.0,5.407666808353409,264,0.18291871668100695,-0.0802440087310745,16128.78931965774
613,90.03074422927732,90.03074422927732,0.003116146954024058,0.0,5.407666808353409,264,0.18277677370816697,-0.07737017397285365,16141.686804499199
614,89.89334995991888,89.89334995991888,-0.0015272473281960244,0.0,5.407666808353409,264,0.1829595629095624,-0.08518166970692084,16131.646657566625
615,90.24831599877167,90.24831599877167,0.00394097052878618,0.0,5.407666808353409,264,0.18297700324251026,-0.10561681479952088,16140.643859012001
616,90.02466777889875,90.02466777889875,-0.0024812185378656937,0.0,5.407666808353409,264,0.1830201031510151,-0.1440600045584692,16133.602146387826
617,89.86986643325405,89.86986643325405,-0.0017210237601913635,0.0,5.407666808353409,264,0.18298207081747964,-0.13153464697419565,16130.409061729686
618,89.8183428011235,89.8183428011235,-0.0005734781793657951,0.0,5.407666808353409,264,0.18301624505881142,-0.14127098840517074,16127.967017607358
619,89.85337950249334,89.85337950249334,0.0003900079696986307,0.0,5.407666808353409,264,0.18302684595352842,-0.12158027306402792,16128.63866735559
620,89.5530818279765,89.5530818279765,-0.0033476827171361433,0.0,5.407666808353409,264,0.18296478715929174,-0.14156679770656896,16122.31544121962
621,89.91637304486339,89.91637304486339,0.0040485074560672315,0.0,5.407666808353409,264,0.18301063294143172,-0.15154237577830473,16130.695202497835
622,90.40308390272304,90.40308390272304,0.005398330807716159,0.0,5.407666808353409,264,0.1829690673206168,-0.1319039797692401,16145.241960817295
623,90.2983988429536,90.2983988429536,-0.0011586520474565253,0.0,5.407666808353409,264,0.1829627039869731,-0.1503018417113227,16142.593635261619
624,91.10014159449895,91.10014159449895,0.008839629803233351,0.0,5.407666808353409,264,0.18308350354830316,-0.09360280086354783,16161.58827740108
625,90.69339889746878,90.69339889746878,-0.004474783588422687,0.0,5.407666808353409,264,0.18297107743343932,-0.07707494748323228,16152.7069436858
626,90.6233540251436,90.6233540251436,-0.0007726244230671391,0.0,5.407666808353409,264,0.1830023295263125,-0.03915534057231744,16149.639870845886
627,90.71751939775389,90.71751939775389,0.001038545577691242,0.0,5.407666808353409,264,0.18306350757807985,-0.0708492161664021,16150.526412963274
628,89.71926966344867,89.71926966344867,-0.011064926663100903,0.0,5.407666808353409,264,0.18300713096855625,-0.06824576473481533,16126.261338514423
629,89.54391900578551,89.54391900578551,-0.0019563493753687374,0.0,5.407666808353409,264,0.18304367228618074,-0.040337447263024274,16120.990887502852
630,89.25698922134052,89.25698922134052,-0.0032094918710581666,0.0,5.407666808353409,264,0.1830263888583645,-0.025712689024020227,16114.365000950695
631,89.97501058560954,89.97501058560954,0.008012243418763531,0.0,5.407666808353409,264,0.1831269388798297,-0.04643290055384078,16129.956369295525
632,90.4118550264714,90.4118550264714,0.00484342685777984,0.0,5.407666808353409,264,0.18329448900041456,-0.031800649825708176,16136.71102014855
633,89.3428041361071,89.3428041361071,-0.011894695801071149,0.0,5.407666808353409,264,0.18474245723830945,-0.07821702967349273,16048.966847867025
634,88.88617489687553,88.88617489687553,-0.005124085216926496,0.0,5.407666808353409,264,0.18473779720961062,-0.02060721451025145,16036.821214502708
635,89.20458041844277,89.20458041844277,0.003575770794706673,0.0,5.407666808353409,264,0.18443669071078456,-0.03125329090481488,16050.397947389776
636,89.03022791426979,89.03022791426979,-0.0019564366962574213,0.0,5.407666808353409,264,0.1844218042148481,-0.04192445624612406,16043.80391295073
637,88.1378004412547,88.1378004412547,-0.010074447735584283,0.0,5.407666808353409,264,0.18581248812685022,-0.02447998522551523,15976.475034281437
638,88.49786474613337,88.49786474613337,0.00407692074218539,0.0,5.407666808353409,264,0.18591799271888682,-0.056528636786029,15982.934106700697
639,88.7059897798764,88.7059897798764,0.0023489909968196143,0.0,5.407666808353409,264,0.18596667626473676,-0.04918900723180798,15987.039311194485
640,88.79216552829266,88.79216552829266,0.0009710045159345757,0.0,5.407666808353409,264,0.18597604755103095,-0.03701418874149574,15989.04339889085
641,88.93864053847174,88.93864053847174,0.0016482797392628696,0.0,5.407666808353409,264,0.18601648608924634,-0.027614826206541477,15991.778791314879
642,88.8824033477624,88.8824033477624,-0.000632514480347366,0.0,5.407666808353409,264,0.1860051802664767,-0.012952860032659169,15990.549965562237
643,88.79904362913605,88.79904362913605,-0.0009383053341876323,0.0,5.407666808353409,264,0.1860047680196257,-0.03489340424775224,15988.23404293607
644,88.52231626524483,88.52231626524483,-0.0031211985821647044,0.0,5.407666808353409,264,0.18597795886717663,-0.011734474259703297,15981.647791062553
645,88.40914960726323,88.40914960726323,-0.0012792147835954024,0.0,5.407666808353409,264,0.1859877678753772,0.012154069573592951,15978.37844119364
646,89.27575749990999,89.27575749990999,0.009754511829502148,0.0,5.407666808353409,264,0.18614174106329914,0.030297779091351677,15997.932592771716
647,90.16474771618537,90.16474771618537,0.009908548669826555,0.0,5.407666808353409,264,0.1863755554692883,0.08747365107905021,16017.112682971068
648,89.69180950624002,89.69180950624002,-0.005259072088179609,0.0,5.407666808353409,264,0.18632335123305396,0.03926838373309112,16005.913919622666
649,89.90798221987835,89.90798221987835,0.00240727248014483,0.0,5.407666808353409,264,0.1863757552756908,0.030300932848829613,16010.237611849645
650,89.98213781692337,89.98213781692337,0.0008244544083943867,0.0,5.407666808353409,264,0.18639399971217666,0.03103668326152151,16011.83877310463
651,89.46851254492685,89.46851254492685,-0.005724433693032739,0.0,5.407666808353409,264,0.18629480758301314,0.030052702734360538,16000.076832421088
652,88.85411870901495,88.85411870901495,-0.006890838955534674,0.0,5.407666808353409,264,0.1862382980449505,0.06281036802258398,15986.633403272319
653,88.20173694408768,88.20173694408768,-0.0073692532208665725,0.0,5.407666808353409,264,0.18620545948569325,0.1047533179579094,15972.125396273415
654,87.92603704116844,87.92603704116844,-0.0031306831610130184,0.0,5.407666808353409,264,0.18617871698528138,0.1315336168891785,15965.743652356014
655,88.26487300656095,88.26487300656095,0.0038462413641749756,0.0,5.407666808353409,264,0.1862322498082185,0.10805226681147287,15972.993689651072
656,88.40156273770215,88.40156273770215,0.001547433250025315,0.0,5.407666808353409,264,0.18623610103274676,0.10680927250251744,15976.128951950463
657,88.29802850846188,88.29802850846188,-0.0011718673524765753,0.0,5.407666808353409,264,0.18625783502804721,0.103720406624853,15973.18062017964
658,88.80032208296352,88.80032208296352,0.0056724968887749624,0.0,5.407666808353409,264,0.18633067680982154,0.09514310909550626,15984.359119556788
659,88.74577494509107,88.74577494509107,-0.0006144560821299896,0.0,5.407666808353409,264,0.18635342109042602,0.09362642466239454,15982.180916898538
660,89.29208367690326,89.29208367690326,0.006137014348212379,0.0,5.407666808353409,264,0.1864155709723079,0.0888207752848869,15994.395678367662
661,89.40822391477415,89.40822391477415,0.00129983272875478,0.0,5.407666808353409,264,0.1864436881052367,0.08337308537297212,15996.732749388879
662,89.30645407792159,89.30645407792159,-0.001138908667113565,0.0,5.407666808353409,264,0.18643688998305433,0.07694156914272696,15994.0909613194
663,88.99987382195577,88.99987382195577,-0.003438807379369268,0.0,5.407666808353409,264,0.18651910019412044,0.07191112491488068,15983.741673549568
664,89.43888978213805,89.43888978213805,0.004920644339039912,0.0,5.407666808353409,264,0.18647245916431193,0.05064148276739372,15996.79743944974
665,89.37064867391234,89.37064867391234,-0.0007632826763946319,0.0,5.407666808353409,264,0.18646225925651816,0.04980823895725084,15995.208138622746
666,89.6275655821337,89.6275655821337,0.0028706105892070725,0.0,5.407666808353409,264,0.18650913272806258,0.03873719071782569,16001.056711433834
667,90.60346052410833,90.60346052410833,0.01082948369768069,0.0,5.407666808353409,264,0.18673682925681567,0.04110628888670786,16023.020804655709
668,90.02733142603883,90.02733142603883,-0.006379101210226761,0.0,5.407666808353409,264,0.18659799702875546,-0.0031325441833335082,16009.932004164299
669,89.30857771500311,89.30857771500311,-0.008015768430915005,0.0,5.407666808353409,264,0.1864969663039657,0.03789985995031336,15992.854876244177
670,88.79250953624198,88.79250953624198,-0.005795243937750664,0.0,5.407666808353409,264,0.1864385010261869,0.05604848044600898,15981.1874939101
671,88.69314801356802,88.69314801356802,-0.0011196570407532955,0.0,5.407666808353409,264,0.1864263212202692,0.06554546821810545,15978.979717624345
672,89.61310585308671,89.61310585308671,0.01031894263595494,0.0,5.407666808353409,264,0.18658876797011614,0.058208001510232504,15998.887346138357
673,90.28396670656561,90.28396670656561,0.007458308839903799,0.0,5.407666808353409,264,0.18670287990307466,0.10610815290826904,16014.051289561678
674,90.6699781794379,90.6699781794379,0.004266412192772554,0.0,5.407666808353409,264,0.18678909854536474,0.12761620228195922,16022.747792078888
675,90.7626172328641,90.7626172328641,0.0010211953509932984,0.0,5.407666808353409,264,0.18682724319947167,0.13681227542208513,16024.472111706735
676,90.40659816983623,90.40659816983623,-0.003930243010837204,0.0,5.407666808353409,264,0.18685247932455565,0.1310675489146231,16013.653880625025
677,90.4489971929705,90.4489971929705,0.0004688715748711743,0.0,5.407666808353409,264,0.18690546078032436,0.1296130202029774,16013.46414670726
678,90.05854958893423,90.05854958893423,-0.004326115111987645,0.0,5.407666808353409,264,0.18688483485556648,0.1273334285211023,16002.148238463744
679,89.99011490288298,89.99011490288298,-0.0007601799162460555,0.0,5.407666808353409,264,0.18712866579295626,0.13010710526610925,15989.392963122396
680,89.61478032935523,89.61478032935523,-0.004179564475990975,0.0,5.407666808353409,264,0.18705347394513405,0.1395761085425162,15975.469569193283
681,89.68345658484544,89.68345658484544,0.0007660561534867317,0.0,5.407666808353409,264,0.18711105025260186,0.12575065626838108,15972.13568005191
682,89.78070106684348,89.78070106684348,0.0010837204797647742,0.0,5.407666808353409,264,0.18717070320145657,0.13197399732538115,15971.969854245608
683,89.35504325709157,89.35504325709157,-0.004752358190469284,0.0,5.407666808353409,264,0.18798187898265223,0.1323582627487432,15936.04420156767
684,89.89488241409914,89.89488241409914,0.006023330688946841,0.0,5.407666808353409,264,0.18794427629130336,0.14210128262623883,15949.454560411446
685,89.60284241642337,89.60284241642337,-0.0032539716660604998,0.0,5.407666808353409,264,0.18796501405994104,0.1296753564260981,15942.089117542286
686,89.37293680150991,89.37293680150991,-0.0025691268659262917,0.0,5.407666808353409,264,0.18801735472548733,0.1341324554476615,15935.43062524284
687,89.92429959236385,89.92429959236385,0.006150284744257328,0.0,5.407666808353409,264,0.18791727031126768,0.12981969711682417,15950.917424880203
688,90.01944980944336,90.01944980944336,0.0010575552222736996,0.0,5.407666808353409,264,0.1879129378518074,0.13034635969679623,15953.281089202317
689,89.80810295978947,89.80810295978947,-0.0023505513333023607,0.0,5.407666808353409,264,0.1879270881769047,0.12440451764089307,15947.90781774697
690,89.2952359081339,89.2952359081339,-0.00572706747627713,0.0,5.407666808353409,264,0.18802825263126333,0.1478948772160112,15933.33648215282
691,89.02311658754894,89.02311658754894,-0.0030520642212227595,0.0,5.407666808353409,264,0.18810804545436802,0.13783910717968897,15925.120608106174
692,88.9109367861927,88.9109367861927,-0.001260914525265663,0.0,5.407666808353409,264,0.18813002535806725,0.18229559798190895,15922.146228797135
693,88.91530228085261,88.91530228085261,4.9098430959260326e-05,0.0,5.407666808353409,264,0.18814239111338704,0.15639440784267913,15921.94673865894
694,89.11620274071612,89.11620274071612,0.0022569100352818902,0.0,5.407666808353409,264,0.1880965497013145,0.17284164479098388,15927.614464033595
695,89.48675011723785,89.48675011723785,0.004149404052420452,0.0,5.407666808353409,264,0.18803670657636215,0.18441949260949567,15937.547944759237
696,89.84396858987681,89.84396858987681,0.003983912490643462,0.0,5.407666808353409,264,0.187979726995388,0.1788688147652031,15947.242960493502
697,90.06265132165585,90.06265132165585,0.0024310705141334407,0.0,5.407666808353409,264,0.18796822277459965,0.23189924736861817,15952.689237527298
698,89.84564740495779,89.84564740495779,-0.002412384792404541,0.0,5.407666808353409,264,0.18800813715465148,0.2220233909757642,15946.312647266324
699,89.52902798383126,89.52902798383126,-0.003530261440408423,0.0,5.407666808353409,264,0.18807662722360274,0.22702243601499966,15936.771705515306
700,89.70113957646656,89.70113957646656,0.0019205655820327293,0.0,5.407666808353409,264,0.1880639179562084,0.2203984056615733,15941.175748504174
701,90.01446484646671,90.01446484646671,0.00348690463991759,0.0,5.407666808353409,264,0.18805180715400135,0.22445242155361894,15949.048936876126
702,90.02084667616683,90.02084667616683,7.08953110233063e-05,0.0,5.407666808353409,264,0.18806742080628203,0.22346006792274636,15948.836473454297
703,90.01126755473067,90.01126755473067,-0.00010641569684517983,0.0,5.407666808353409,264,0.1880747269209677,0.22060310243895942,15948.40836381512
704,90.95565376597878,90.95565376597878,0.010437208937695572,0.0,5.407666808353409,264,0.1877408354112107,0.19866707377169077,15983.699178053766
705,91.79178522487636,91.79178522487636,0.009150741570299787,0.0,5.407666808353409,264,0.18780785238943884,0.2624971325649995,16005.928200222026
706,92.00419847925798,92.00419847925798,0.0023114035972976173,0.0,5.407666808353409,264,0.18784078719298347,0.2239643495731362,16011.405479981262
707,92.36655840249007,92.36655840249007,0.003930779435198555,0.0,5.407666808353409,264,0.18791629886723327,0.28564214456124787,16020.887348257935
708,91.99880493429572,91.99880493429572,-0.0039894039670131725,0.0,5.407666808353409,264,0.18815386833933923,0.2851837634425365,16002.475474562212
709,91.24721060308354,91.24721060308354,-0.008203163858023152,0.0,5.407666808353409,264,0.18881174008456633,0.2983557321415099,15961.949961311188
710,91.78471141082946,91.78471141082946,0.005873318128996283,0.0,5.407666808353409,264,0.18882968956288482,0.25824554719068593,15977.506210740996
711,92.40239754281116,92.40239754281116,0.006707184352998043,0.0,5.407666808353409,264,0.18865008880205691,0.24964491452670928,16001.731897167765
712,92.80931617791069,92.80931617791069,0.004394098857575996,0.0,5.407666808353409,264,0.18862039663208627,0.22866028951264364,16016.265000587047
713,92.92554539510407,92.92554539510407,0.0012515607611931572,0.0,5.407666808353409,264,0.18866925921173142,0.21582811889974787,16018.915895926544
714,92.54339294364678,92.54339294364678,-0.004120937939189444,0.0,5.407666808353409,264,0.18891768198225045,0.22234925883563783,15999.65646566584
715,93.00916123403269,93.00916123403269,0.005020348770886226,0.0,5.407666808353409,264,0.188733568779444,0.20267685575622568,16019.965064800723
716,93.87157720238648,93.87157720238648,0.009229651998832899,0.0,5.407666808353409,264,0.18896712404220373,0.21934877900556898,16042.553458429527
717,94.04493115473547,94.04493115473547,0.0018450108831866506,0.0,5.407666808353409,264,0.1889693573649778,0.2331417535300361,16048.235858399436
718,94.40599618947623,94.40599618947623,0.0038319310140112082,0.0,5.407666808353409,264,0.18907905299335082,0.24313649586796135,16058.74350436821
719,94.24546508090718,94.24546508090718,-0.001701880772455791,0.0,5.407666808353409,264,0.1894060973644124,0.2427536014383946,16043.262629503604
720,94.43095062342431,94.43095062342431,0.0019661768703805923,0.0,5.407666808353409,264,0.18947575906577077,0.24410318356971894,16044.788593260233
721,94.81067033926122,94.81067033926122,0.0040130730598573515,0.0,5.407666808353409,264,0.18917228416503032,0.24535356245599046,16058.830809854928
722,95.22641135878416,95.22641135878416,0.00437537431168687,0.0,5.407666808353409,264,0.18933043789916945,0.2443859387778198,16067.797548143892
723,95.59592863785706,95.59592863785706,0.0038728981203726295,0.0,5.407666808353409,264,0.1890399696576305,0.26762204609137286,16081.813326990208
724,95.41330417849296,95.41330417849296,-0.0019122061517033505,0.0,5.407666808353409,264,0.18902963047829782,0.2677036096597629,16073.118586180653
725,95.00534413483089,95.00534413483089,-0.004284881459473262,0.0,5.407666808353409,264,0.18947922560450237,0.2773755609737473,16043.853658660411
726,95.26857131521267,95.26857131521267,0.0027668253705006884,0.0,5.407666808353409,264,0.18949043545803593,0.25637052583206776,16055.021462650198
727,94.98876144908498,94.98876144908498,-0.0029413853731602496,0.0,5.407666808353409,264,0.18946068350735532,0.32738074475343654,16043.793503747913
728,95.17178983485289,95.17178983485289,0.0019249885536300581,0.0,5.407666808353409,264,0.18952055917125185,0.2821465372128125,16049.868586674009
729,94.79194589811564,94.79194589811564,-0.003999125849033623,0.0,5.407666808353409,264,0.18942901079171398,0.23689464811883945,16035.979984505964
730,94.74338391174835,94.74338391174835,-0.0005124320355328962,0.0,5.407666808353409,264,0.18943720591747623,0.23958660827345898,16033.4983775223
731,94.78305949928608,94.78305949928608,0.00041868129220631856,0.0,5.407666808353409,264,0.189450256017973,0.2608869090919139,16034.791195526079
732,95.06722514266471,95.06722514266471,0.00299357839918266,0.0,5.407666808353409,264,0.18956539046043488,0.21979627560962123,16043.075283069149
733,95.1332094097594,95.1332094097594,0.0006938393163728655,0.0,5.407666808353409,264,0.18959061015259163,0.2053126172537571,16045.150182048146
734,95.6074908804073,95.6074908804073,0.0049730597339041355,0.0,5.407666808353409,264,0.18979703007230248,0.20289342232676694,16059.319341124372
735,95.80002465460022,95.80002465460022,0.002011768854427873,0.0,5.407666808353409,264,0.18988869658247273,0.2081316547979086,16064.670229355736
736,95.54690987647446,95.54690987647446,-0.0026456125506357296,0.0,5.407666808353409,264,0.18978347344706617,0.20396112997633034,16057.174425603715
737,95.82103437214053,95.82103437214053,0.0028648965659857444,0.0,5.407666808353409,264,0.18990189078833883,0.19302472767308368,16065.901248518445
738,95.99654402425293,95.99654402425293,0.0018299647254244168,0.0,5.407666808353409,264,0.18999803707772403,0.1899359130517923,16070.724581395629
739,96.32051833020846,96.32051833020846,0.0033691718087877714,0.0,5.407666808353409,264,0.1901476752643457,0.18047601654693182,16080.117407767413
740,96.21987768728142,96.21987768728142,-0.0010453977884555146,0.0,5.407666808353409,264,0.1901153834591207,0.1772594758013502,16076.81136243265
741,95.84853891646357,95.84853891646357,-0.0038667391553687367,0.0,5.407666808353409,264,0.1899579656304359,0.18474913142082824,16064.753460968594
742,95.63213605639605,95.63213605639605,-0.002260311148702833,0.0,5.407666808353409,264,0.18987774080035955,0.2008631614678732,16057.338049246953
743,95.93591295536785,95.93591295536785,0.0031714803711975644,0.0,5.407666808353409,264,0.1900051049516553,0.23197521581214495,16066.718424235833
744,95.70666542910881,95.70666542910881,-0.0023924499194191064,0.0,5.407666808353409,264,0.18992083867468704,0.2513023454309873,16059.351668585065
745,95.34279540051067,95.34279540051067,-0.0038091755610506297,0.0,5.407666808353409,264,0.1897828857274351,0.25124163912085595,16047.574698357263
746,94.77937045324273,94.77937045324273,-0.005926995351955022,0.0,5.407666808353409,264,0.1897755825782582,0.29812311643089145,16024.779672396766
747,95.10222300786094,95.10222300786094,0.0034005704276258066,0.0,5.407666808353409,264,0.1898427655040883,0.28578518222489907,16036.042995924809
748,94.88785448711293,94.88785448711293,-0.002256629551868241,0.0,5.407666808353409,264,0.18977440734767906,0.274647728191895,16029.000309121862
749,94.85675503617146,94.85675503617146,-0.0003278032645890389,0.0,5.407666808353409,264,0.18977846329703923,0.25757122906387403,16027.559732907192
750,94.98221750829657,94.98221750829657,0.0013217780175456607,0.0,5.407666808353409,264,0.1898172630573867,0.2382440823500213,16031.54945459725
751,95.06524042938032,95.06524042938032,0.0008737073072807755,0.0,5.407666808353409,264,0.1898534116572793,0.23135207556532042,16033.936454482893
752,95.01334661036161,95.01334661036161,-0.0005460248954520837,0.0,5.407666808353409,264,0.18983733165117844,0.22958645643736342,16032.257962771506
753,95.57816141037424,95.57816141037424,0.005926984463602428,0.0,5.407666808353409,264,0.19006175259199767,0.2159639830580265,16049.708138449272
754,94.63474758017529,94.63474758017529,-0.00991963764314763,0.0,5.407666808353409,264,0.18977658195977504,0.13173535632263747,16019.377720500719
755,94.32955731241059,94.32955731241059,-0.0032301395048764843,0.0,5.407666808353409,264,0.18970309286845866,0.1673609561261682,16009.277549223967
756,94.16046867594511,94.16046867594511,-0.0017941393019176776,0.0,5.407666808353409,264,0.1896516831278738,0.1736822171216545,16003.886436765304
757,95.15039618425062,95.15039618425062,0.010458317137921953,0.0,5.407666808353409,264,0.18999692673733387,0.1405962656699475,16034.958990694657
758,95.35979201514932,95.35979201514932,0.0021982647458483524,0.0,5.407666808353409,264,0.19008825878526805,0.1389136997534818,16040.985627229471
759,94.93939271223503,94.93939271223503,-0.004418305705468871,0.0,5.407666808353409,264,0.19019920593993137,0.13565020339480013,16021.50804905444
760,95.33694831341217,95.33694831341217,0.004178724244274747,0.0,5.407666808353409,264,0.1901840956517722,0.11643799795796479,16037.688592502629
761,95.81571625160154,95.81571625160154,0.005009283448064202,0.0,5.407666808353409,264,0.1904204073508292,0.129148993469701,16051.78607375346
762,95.98102753081785,95.98102753081785,0.001723817796820467,0.0,5.407666808353409,264,0.1904270005954032,0.1306212272605928,16055.572198225105
763,95.94762665372521,95.94762665372521,-0.0003480551413414377,0.0,5.407666808353409,264,0.1904278512499202,0.13975605723533283,16050.378389102401
764,95.57363665075563,95.57363665075563,-0.0039054721327562423,0.0,5.407666808353409,264,0.19094511454474142,0.07756637292241357,16018.885729045907
765,95.62327072012566,95.62327072012566,0.0005191932355757182,0.0,5.407666808353409,264,0.19096937364619748,0.07034293839775892,16015.941711102305
766,95.8261440612829,95.8261440612829,0.0021193422536659686,0.0,5.407666808353409,264,0.190896561785194,0.06456931905212221,16021.130719937835
767,95.08795947449248,95.08795947449248,-0.007733197829596303,0.0,5.407666808353409,264,0.19077046007999995,0.0641329926121795,16000.313513876154
768,94.84894143869113,94.84894143869113,-0.0025168164882247226,0.0,5.407666808353409,264,0.19106414660674254,0.05031546014571245,15984.886942167546
769,94.80962557377497,94.80962557377497,-0.0004145962515549742,0.0,5.407666808353409,264,0.1912833662093289,0.10757148032357791,15977.949284738805
770,94.47933123767862,94.47933123767862,-0.003489846178900152,0.0,5.407666808353409,264,0.1913201324234646,0.07694087660654861,15966.028780745162
771,94.82661375468814,94.82661375468814,0.003669012154968624,0.0,5.407666808353409,264,0.19131635232505814,0.03696802956028147,15977.566890424254
772,95.51463655382545,95.51463655382545,0.0072293924159343445,0.0,5.407666808353409,264,0.19138613809018346,0.05651163443127151,15998.623273234049
773,96.26288544867384,96.26288544867384,0.0078033409119465545,0.0,5.407666808353409,264,0.19152923041095304,0.10786137470360138,16021.134337129592
774,96.01260277983536,96.01260277983536,-0.002603377190753456,0.0,5.407666808353409,264,0.1915111864053586,0.10695390063970625,16012.507679285378
775,95.52546939960752,95.52546939960752,-0.005086554594458958,0.0,5.407666808353409,264,0.19152672037461327,0.08305433713509439,15994.905826744949
776,96.099689739879,96.099689739879,0.005993180244141793,0.0,5.407666808353409,264,0.19165087661894784,0.03987860315321683,16011.438149207652
777,95.70511155225479,95.70511155225479,-0.004114378176017699,0.0,5.407666808353409,264,0.19157249649077904,0.006305989218308989,15999.63357140953
778,96.04151922116371,96.04151922116371,0.0035088805755074544,0.0,5.407666808353409,264,0.19159896645483734,-0.0013061298209996327,16010.591949438547
779,95.86945709676989,95.86945709676989,-0.0017931456949330743,0.0,5.407666808353409,264,0.19160989357029884,-0.00490121709531775,16004.269337822348
780,96.07774057143543,96.07774057143543,0.002170217215404115,0.0,5.407666808353409,264,0.1916632762512533,-0.01576782498482677,16010.032727591752
781,95.47994709971724,95.47994709971724,-0.00624141395298716,0.0,5.407666808353409,264,0.19153175905004585,-0.04533099121645706,15993.221081310227
782,95.47185162238922,95.47185162238922,-8.479079419030783e-05,0.0,5.407666808353409,264,0.19153159681581533,-0.06243251256148305,15992.950945379822
783,95.89263351872539,95.89263351872539,0.004397708113708573,0.0,5.407666808353409,264,0.19156566586691634,-0.054822826798108036,16006.582894387177
784,95.16629522011628,95.16629522011628,-0.007603327440079201,0.0,5.407666808353409,264,0.19148428761721029,-0.09295296235059657,15984.072121493391
785,96.07641493058942,96.07641493058942,0.009518026392799998,0.0,5.407666808353409,264,0.1916187954671605,-0.14349368305017307,16011.793984866461
786,95.76678902595656,95.76678902595656,-0.0032279086992920264,0.0,5.407666808353409,264,0.19160313961364595,-0.16495405127265012,16001.317913036906
787,97.05912838127523,97.05912838127523,0.013404408733734934,0.0,5.407666808353409,264,0.1917813660924301,-0.1745999845261727,16044.431249423807
788,96.93439605213293,96.93439605213293,-0.0012859434014124045,0.0,5.407666808353409,264,0.19177509748171442,-0.18626678453701084,16039.88799045553
789,97.71387513081248,97.71387513081248,0.00800914635070691,0.0,5.407666808353409,264,0.19139022940896977,-0.19384599841322392,16079.556349846935
790,97.65551667217554,97.65551667217554,-0.0005974166151011379,0.0,5.407666808353409,264,0.19152194695189295,-0.2003572183808863,16073.864739391729
791,98.8986691855113,98.8986691855113,0.012649632309796871,0.0,5.407666808353409,264,0.1918698270168792,-0.18889353364532424,16113.884139763328
792,99.2269037956445,99.2269037956445,0.003313402762618441,0.0,5.407666808353409,264,0.19198811147225825,-0.16684255270657375,16124.124054768623
793,99.38625514789393,99.38625514789393,0.0016046407729427398,0.0,5.407666808353409,264,0.19207529938658696,-0.16502392607405458,16128.37159445536
794,99.65762237616698,99.65762237616698,0.0027267093043197264,0.0,5.407666808353409,264,0.19199642563736263,-0.16943446900279666,16141.196108602417
795,100.12095428290455,100.12095428290455,0.004638462694189989,0.0,5.407666808353409,264,0.19196442028544994,-0.15914823752115884,16160.58832283435
796,101.03652411450189,101.03652411450189,0.009103078457268383,0.0,5.407666808353409,264,0.19231969805389312,-0.12641533028650584,16188.350620036483
797,100.6939643613118,100.6939643613118,-0.0033962152676396597,0.0,5.407666808353409,264,0.1921879138196513,-0.15019122708484428,16177.628563390539
798,100.41752888785786,100.41752888785786,-0.0027490785641638062,0.0,5.407666808353409,264,0.1921175949182173,-0.1409174245003862,16168.013967332228
799,101.141900382154,101.141900382154,0.007187702560197015,0.0,5.407666808353409,264,0.19178248750998397,-0.14930250929060013,16203.974022631048
800,100.88448437249376,100.88448437249376,-0.0025483418839456666,0.0,5.199261935840938,218,0.23395663806793535,-0.16787796651820372,15598.161303541508
801,100.23362120947212,100.23362120947212,-0.006472469829078145,0.0,5.199261935840938,218,0.23385772121907122,-0.1580375410891693,15579.636247591769
802,100.46307394269226,100.46307394269226,0.0022865631446314697,0.0,5.199261935840938,218,0.23393493936176718,-0.1612050679128294,15584.991138782212
803,100.29283338657586,100.29283338657586,-0.001695995890610253,0.0,5.199261935840938,218,0.23389953491110976,-0.15866837441128215,15580.492466919804
804,101.1331030236873,101.1331030236873,0.008343260320338577,0.0,5.199261935840938,218,0.23410392027674182,-0.1752438373414552,15602.51340802174
805,100.82471437250906,100.82471437250906,-0.003053993104560449,0.0,5.199261935840938,218,0.23399212070894806,-0.21436743332319058,15595.176296239168
806,100.85590363424461,100.85590363424461,0.0003092935978919193,0.0,5.199261935840938,218,0.23400974155909549,-0.20874826049226167,15595.793571424156
807,100.84998886357181,100.84998886357181,-5.864747530424256e-05,0.0,5.199261935840938,218,0.2340099318217685,-0.20383872986731916,15595.607779618613
808,100.51339681422772,100.51339681422772,-0.003343133725187209,0.0,5.199261935840938,218,0.23392473474959014,-0.20256106591438203,15586.972367373504
809,100.40311602387946,100.40311602387946,-0.0010977773789276266,0.0,5.199261935840938,218,0.23389434339252044,-0.1962995975967504,15584.252278777994
810,100.29473118283038,100.29473118283038,-0.0010800798622819798,0.0,5.199261935840938,218,0.2338741498261843,-0.19318071249341462,15581.397794314815
811,99.15856214453862,99.15856214453862,-0.011392956303913486,0.0,5.199261935840938,218,0.23353840791151337,-0.16224492404424534,15554.465017076758
812,98.64026475773161,98.64026475773161,-0.005240663770938776,0.0,5.199261935840938,218,0.23343696143080014,-0.11478046297216835,15541.522992092769
813,98.00355364974574,98.00355364974574,-0.0064758031880713125,0.0,5.199261935840938,218,0.2333218628159649,-0.05809233099133111,15525.74379200249
814,98.44406314845757,98.44406314845757,0.004484760306331198,0.0,5.199261935840938,218,0.23342103724654215,-0.10235890352331733,15536.258256712354
815,98.11999034891869,98.11999034891869,-0.0032973790212588168,0.0,5.199261935840938,218,0.23335169429386668,-0.11695477578003745,15528.414538496254
816,97.45060684522545,97.45060684522545,-0.006845467849067968,0.0,5.199261935840938,218,0.23327908099193287,-0.08302855532617488,15511.017252980308
817,97.49065008087742,97.49065008087742,0.0004108236178074427,0.0,5.199261935840938,218,0.23329547641047366,-0.09835606063837914,15511.78726816876
818,96.70680455454787,96.70680455454787,-0.008072709136600948,0.0,5.199261935840938,218,0.2331819679391154,-0.08915688650631017,15492.949465887266
819,96.7854294169984,96.7854294169984,0.0008126927387641265,0.0,5.199261935840938,218,0.23319612814886012,-0.08229773565569266,15494.744894760537
820,96.91569384350973,96.91569384350973,0.0013450045508916343,0.0,5.199261935840938,218,0.23321137609511308,-0.09377444099833405,15497.923371195853
821,97.12072406985112,97.12072406985112,0.002113317745746651,0.0,5.199261935840938,218,0.23326976260842028,-0.0980184857707088,15501.719056080932
822,96.5634616579254,96.5634616579254,-0.005754356738342199,0.0,5.199261935840938,218,0.2334097250906926,-0.1024010224483643,15480.11206924315
823,96.27959711576601,96.27959711576601,-0.0029439975593472554,0.0,5.199261935840938,218,0.2335212757592253,-0.09225989228862864,15461.328627974832
824,96.67410428159968,96.67410428159968,0.004089143796595268,0.0,5.199261935840938,218,0.2336104621585708,-0.09865478966855837,15465.355022298296
825,97.26134348365348,97.26134348365348,0.006056046005032123,0.0,5.199261935840938,218,0.23349111539536402,-0.0837035393595289,15484.590524218707
826,97.74278521371156,97.74278521371156,0.004937769384327343,0.0,5.199261935840938,218,0.23363311235717835,-0.05911412842119448,15493.238339196037
827,98.36833676510474,98.36833676510474,0.006379583847103089,0.0,5.199261935840938,218,0.23365849084011317,-0.05886757786094029,15508.82323369466
828,99.06214756339189,99.06214756339189,0.007028434912355458,0.0,5.199261935840938,218,0.23372617811528273,-0.03835604985286988,15525.647280086183
829,98.90716817816109,98.90716817816109,-0.0015656912922070879,0.0,5.199261935840938,218,0.23369029224095278,-0.04923930599571697,15522.360870213122
830,98.77120372236854,98.77120372236854,-0.0013756130822601832,0.0,5.199261935840938,218,0.23366178210324,-0.03973185838809799,15519.439291523933
831,98.57544495755191,98.57544495755191,-0.001983908319023406,0.0,5.199261935840938,218,0.2336163305316782,-0.04794461194236907,15515.338832912217
832,98.0556548942721,98.0556548942721,-0.005286969095296779,0.0,5.199261935840938,218,0.23351102885720634,-0.06827434467805096,15504.27930776926
833,97.99124825075228,97.99124825075228,-0.0006570534377612721,0.0,5.199261935840938,218,0.23349827511568047,-0.05365417043235984,15502.92428390278
834,98.28844136383852,98.28844136383852,0.003028263808489658,0.0,5.199261935840938,218,0.2335584906895305,-0.06512971594276563,15509.186990900474
835,98.06133973733827,98.06133973733827,-0.002313236373335192,0.0,5.199261935840938,218,0.23351047750650133,-0.05167096374709018,15504.431487899525
836,97.01940065126492,97.01940065126492,-0.01068223333539569,0.0,5.199261935840938,218,0.23335146649170196,-0.016915686958634605,15482.301404222144
837,98.00229296480107,98.00229296480107,0.010079910778085404,0.0,5.199261935840938,218,0.23351700495138256,-0.06800666386413891,15502.835934030223
838,97.75596765812506,97.75596765812506,-0.0025166287838784248,0.0,5.199261935840938,218,0.23347313330817546,-0.07999379049168953,15497.576094658603
839,97.75655776084389,97.75655776084389,6.036469710219267e-06,0.0,5.199261935840938,218,0.2334756609863891,-0.07756200596290344,15497.541730081966
840,97.86352858117436,97.86352858117436,0.0010936589692091406,0.0,5.199261935840938,218,0.23349895431276407,-0.07102693009555604,15499.739526480342
841,98.3555542837749,98.3555542837749,0.005015075258330393,0.0,5.199261935840938,218,0.23361094447903175,-0.07205319683301158,15509.867585672375
842,99.39345729941259,99.39345729941259,0.01049727164843592,0.0,5.199261935840938,218,0.23386393093226943,-0.04261120465580014,15531.519565522445
843,99.25100134973997,99.25100134973997,-0.001434280876120258,0.0,5.199261935840938,218,0.2338256872896997,-0.03715402126943973,15528.575854473947
844,98.85603380342471,98.85603380342471,-0.003987420934608776,0.0,5.199261935840938,218,0.23373000947634226,0.007273245874353477,15520.283766190183
845,98.8013959250533,98.8013959250533,-0.0005528542978437463,0.0,5.199261935840938,218,0.23371652077460986,0.030033438563746694,15519.149346165204
846,98.43791466363383,98.43791466363383,-0.003685691983055028,0.0,5.199261935840938,218,0.2336334999696528,0.059847069686151916,15511.51557390741
847,98.3721538316581,98.3721538316581,-0.0006682669735933754,0.0,5.199261935840938,218,0.23362725117703892,0.08197168372275408,15509.951771372795
848,98.66881478971673,98.66881478971673,0.003011162442904859,0.0,5.199261935840938,218,0.23365927685268106,0.08787016583762645,15513.826199998593
849,99.29994390295008,99.29994390295008,0.00637606918963935,0.0,5.199261935840938,218,0.23373524928378242,0.10410535967162034,15530.168720700187
850,98.55708872580684,98.55708872580684,-0.0075090448674755336,0.0,5.199261935840938,218,0.23372809436037525,0.07663175266718804,15505.044226274029
851,98.20720198202618,98.20720198202618,-0.00355640864817262,0.0,5.199261935840938,218,0.2336815593750547,0.07381631533906317,15488.755645682893
852,98.33311540478802,98.33311540478802,0.0012812988364144969,0.0,5.199261935840938,218,0.23374006479632126,0.06682939564424392,15489.959785544637
853,99.40041734707913,99.40041734707913,0.010795460869722363,0.0,5.199261935840938,218,0.23377202044666362,0.06912520649266257,15522.494150660645
854,99.42157661626004,99.42157661626004,0.0002128463641170464,0.0,5.199261935840938,218,0.23377581263431632,0.06262677091060152,15523.08354654528
855,100.08749866148949,100.08749866148949,0.006675631344749852,0.0,5.199261935840938,218,0.23383849477561064,0.03609816582567283,15543.296928987438
856,100.59638310123594,100.59638310123594,0.005071513725923402,0.0,5.199261935840938,218,0.23391245246726466,0.0796181010184767,15558.612642406302
857,101.0215821860662,101.0215821860662,0.004217875273153554,0.0,5.199261935840938,218,0.23398061364273304,0.0873684465255738,15571.50232740537
858,101.02974557852133,101.02974557852133,8.08051355058583e-05,0.0,5.199261935840938,218,0.23398255709205246,0.10113315999072543,15571.7393757903
859,100.07025704942198,100.07025704942198,-0.009542474364733463,0.0,5.199261935840938,218,0.23384922994698026,0.10995727522038222,15542.529739418438
860,100.82027215874423,100.82027215874423,0.0074669383075795515,0.0,5.199261935840938,218,0.23396209026008744,0.05201080011694049,15565.106901759975
861,101.58005212551318,101.58005212551318,0.007507730417592427,0.0,5.199261935840938,218,0.23412113048132832,0.09468996073816528,15588.167065479323
862,101.63606995021641,101.63606995021641,0.000551312814651765,0.0,5.199261935840938,218,0.23413722533098433,0.09884886486383736,15589.845241282976
863,100.96350028122377,100.96350028122377,-0.006639423162683101,0.0,5.199261935840938,218,0.23399034628810206,0.10377775090070974,15569.361243847248
864,101.20327738732972,101.20327738732972,0.0023720734069292283,0.0,5.199261935840938,218,0.2340355249571051,0.11428941203569426,15576.573192114549
865,101.27995788455328,101.27995788455328,0.0007574009846918397,0.0,5.199261935840938,218,0.23405344995674435,0.11650608781646087,15578.866644976106
866,101.26759134795073,101.26759134795073,-0.0001221099604984699,0.0,5.199261935840938,218,0.23405063562242845,0.1164422024153582,15578.485582922234
867,100.66042846590764,100.66042846590764,-0.006013674698563963,0.0,5.199261935840938,218,0.23395128314442928,0.1144963520899044,15559.991241261232
868,100.61033628841419,100.61033628841419,-0.0004977591116012871,0.0,5.199261935840938,218,0.23394367881657274,0.11467852072526381,15558.474180343066
869,100.2260434398624,100.2260434398624,-0.003826929344986572,0.0,5.199261935840938,218,0.2338936712590364,0.11425881577749204,15546.755152685626
870,100.89567583068109,100.89567583068109,0.006659001003624064,0.0,5.199261935840938,218,0.23399950884780782,0.0880882762557202,15566.911821102518
871,101.02942762582352,101.02942762582352,0.0013247665833932608,0.0,5.199261935840938,218,0.234023455719132,0.05875874066084399,15570.940284961089
872,101.36554772471848,101.36554772471848,0.003321430359784011,0.0,5.199261935840938,218,0.23409663131052413,0.0356656813159248,15581.053614232762
873,101.26524061798999,101.26524061798999,-0.000990048114033088,0.0,5.199261935840938,218,0.23408206425795908,0.05276740453852914,15577.489164379753
874,100.81828607690115,100.81828607690115,-0.00442347060345485,0.0,5.199261935840938,218,0.23402034798509247,0.0678490974815439,15559.653087225428
875,101.05306695238727,101.05306695238727,0.0023260455514819353,0.0,5.199261935840938,218,0.23402431869862206,0.043089627332925796,15562.792656738913
876,100.30171932627854,100.30171932627854,-0.007462957570860848,0.0,5.199261935840938,218,0.23387120825703756,0.03259863647511424,15538.267891114823
877,100.90437547205494,100.90437547205494,0.005990454201693371,0.0,5.199261935840938,218,0.2339387282036078,0.002009904756083311,15554.996000083727
878,101.33698059388837,101.33698059388837,0.004278113933298692,0.0,5.199261935840938,218,0.23404985799352054,0.01618812854564218,15567.849513083753
879,102.29767360059626,102.29767360059626,0.00943552695362719,0.0,5.199261935840938,218,0.23402170853810358,0.035373654155850344,15603.586568079982
880,102.85525797766178,102.85525797766178,0.005435805822838558,0.0,5.199261935840938,218,0.2340756011204733,0.059623215223909565,15623.781180454438
881,103.04164274347171,103.04164274347171,0.0018104674336331555,0.0,5.199261935840938,218,0.2341219768216765,0.06695210754490004,15629.992894021581
882,103.68530648937084,103.68530648937084,0.00622720770844842,0.0,5.199261935840938,218,0.23430340844238112,0.051810314604449015,15651.531122089704
883,103.09060805307055,103.09060805307055,-0.005752121346846955,0.0,5.199261935840938,218,0.23413873615729996,0.03596782747262836,15631.49076239765
884,103.94237117185608,103.94237117185608,0.008228330845817875,0.0,5.199261935840938,218,0.23440102743288657,-0.004476685350361268,15660.00874663187
885,103.36399003378216,103.36399003378216,-0.005579979653533303,0.0,5.199261935840938,218,0.2342152226992563,-0.04629883746883974,15640.518977631555
886,103.66982907395,103.66982907395,0.002954486025114152,0.0,5.199261935840938,218,0.23430672383484422,-0.06800265307011652,15650.72826263855
887,104.14791697570504,104.14791697570504,0.00460103869136963,0.0,5.199261935840938,218,0.2344869872463948,-0.08502462500178438,15666.737639573366
888,103.87372213837412,103.87372213837412,-0.0026362160907376633,0.0,5.199261935840938,218,0.23438502373575262,-0.08539305104985574,15657.481909631633
889,104.83168346752525,104.83168346752525,0.009180098176944611,0.0,5.199261935840938,218,0.2347921628744993,-0.10349579466523608,15689.93042406999
890,105.0831616412642,105.0831616412642,0.0023960029498285105,0.0,5.199261935840938,218,0.23491179239157087,-0.10098037223295109,15698.248420459071
891,105.06721542448626,105.06721542448626,-0.00015176005897481293,0.0,5.199261935840938,218,0.2349050992490565,-0.11450073623384974,15697.605646891652
892,105.63310275696966,105.63310275696966,0.005371502976340243,0.0,5.199261935840938,218,0.23519986621008615,-0.12732931232890726,15716.293947780916
893,105.12544658043481,105.12544658043481,-0.004817428853268153,0.0,5.199261935840938,218,0.23494092135189054,-0.13811911776172264,15699.143134485243
894,104.71292670401048,104.71292670401048,-0.003931791896740431,0.0,5.199261935840938,218,0.23475113088742253,-0.11358624312229569,15685.359411900174
895,104.42644025835195,104.42644025835195,-0.0027396719136347325,0.0,5.199261935840938,218,0.23463450741905875,-0.1258605929794711,15675.739224360144
896,104.19552008572384,104.19552008572384,-0.002213767587596278,0.0,5.199261935840938,218,0.23454148587931362,-0.05864753196507254,15667.972578642217
897,103.99413672270167,103.99413672270167,-0.0019346150901038822,0.0,5.199261935840938,218,0.23447369443224625,-0.0320983816884673,15661.175114008145
898,103.79602550242606,103.79602550242606,-0.0019068398444127155,0.0,5.199261935840938,218,0.23440917664923208,-0.02872744351177669,15654.382065512567
899,103.22154918289395,103.22154918289395,-0.0055500388798792955,0.0,5.199261935840938,218,0.2342367261929066,-0.01494984047946897,15632.293161552743
900,102.62746909955935,102.62746909955935,-0.00577201424288758,0.0,5.199261935840938,218,0.23414103552417387,0.012944362408289872,15609.399119107784
901,102.44319431479303,102.44319431479303,-0.0017971837736010937,0.0,5.199261935840938,218,0.23407843720778443,-0.003873917222673596,15599.145163843785
902,103.13923412700612,103.13923412700612,0.006771419883130793,0.0,5.199261935840938,218,0.23416175135056935,-0.0004665956280354278,15616.504186962593
903,103.53996604950977,103.53996604950977,0.0038778205482525923,0.0,5.199261935840938,218,0.23429235988786423,0.00641574887019483,15626.38404989674
904,102.80923636595692,102.80923636595692,-0.007082486673513745,0.0,5.199261935840938,218,0.23425501611792815,-0.01399749489377971,15605.668510636862
905,103.48187842385705,103.48187842385705,0.006521312780730855,0.0,5.199261935840938,218,0.23431627940222238,-0.04725435759063459,15623.447768398299
906,103.33454762229931,103.33454762229931,-0.0014247497580027369,0.0,5.199261935840938,218,0.23427750831427815,-0.060455319158937246,15619.8397113672
907,103.45719502859299,103.45719502859299,0.0011861926313148548,0.0,5.199261935840938,218,0.23431351584800184,-0.05893017060946537,15622.547510640363
908,103.55354047417816,103.55354047417816,0.0009308256628103238,0.0,5.199261935840938,218,0.23434179863468774,-0.06725083609670626,15624.585339356601
909,104.39743834114904,104.39743834114904,0.008116359965623645,0.0,5.199261935840938,218,0.23463182926805204,-0.03543218741577237,15643.685464409127
910,104.66383562607814,104.66383562607814,0.002548510530518247,0.0,5.199261935840938,218,0.23473595802250616,-0.05510229139607377,15649.614883508755
911,104.48206497075545,104.48206497075545,-0.0017382191147030065,0.0,5.199261935840938,218,0.23466477612616837,-0.05774766472570105,15645.582295223317
912,105.07212340463056,105.07212340463056,0.005631574323623885,0.0,5.199261935840938,218,0.2349147432363279,-0.06677367795689407,15658.87226550882
913,105.85603294273899,105.85603294273899,0.007432987239678877,0.0,5.199261935840938,218,0.2353038744844697,-0.0433098839817433,15676.402614777684
914,105.61650144012087,105.61650144012087,-0.0022653684626674033,0.0,5.199261935840938,218,0.23518655516379586,-0.05469184155874532,15670.876277100164
915,105.31007778004108,105.31007778004108,-0.002905502727824358,0.0,5.199261935840938,218,0.23503730059582723,-0.06380412697582304,15663.925640109093
916,105.60373617524814,105.60373617524814,0.002784631119758953,0.0,5.199261935840938,218,0.23517996489457554,-0.08011203364508365,15670.490835154847
917,105.58462498280011,105.58462498280011,-0.0001809871755754647,0.0,5.199261935840938,218,0.23517107906829177,-0.08051181936024025,15669.909398138223
918,105.12543422348453,105.12543422348453,-0.004358515089113897,0.0,5.199261935840938,218,0.23499165886437082,-0.07996563206209228,15659.1981284401
919,104.72107746929842,104.72107746929842,-0.0038538382304794203,0.0,5.199261935840938,218,0.2348299532553206,-0.015631448289983196,15649.622465216658
920,104.66664064490217,104.66664064490217,-0.0005199619740162493,0.0,5.199261935840938,218,0.23481378646538736,-0.048439721148055864,15648.273888984337
921,103.85164733729154,103.85164733729154,-0.007817035767731127,0.0,5.199261935840938,218,0.23450647988907924,-0.041257325462774865,15629.404339773919
922,104.84594626145457,104.84594626145457,0.009528681478153042,0.0,5.199261935840938,218,0.23485453938555725,-0.09295498264376056,15651.990022331809
923,105.55324512084334,105.55324512084334,0.006723424355011338,0.0,5.199261935840938,218,0.23516371341112574,-0.04421663309407553,15668.126724616921
924,105.80023093110282,105.80023093110282,0.002337183445492472,0.0,5.199261935840938,218,0.23528104019953436,-0.037240170598159594,15673.668120006017
925,106.30770556188571,106.30770556188571,0.004785069408267993,0.0,5.199261935840938,218,0.2355202292366206,-0.032160283628141086,15681.968030203545
926,105.95093608226291,105.95093608226291,-0.0033616517361839513,0.0,5.199261935840938,218,0.2357604626213405,-0.04790114612934095,15663.325476854512
927,105.9657591927856,105.9657591927856,0.00013989563708155354,0.0,5.199261935840938,218,0.23572285271911564,-0.05455134661307014,15657.031911791693
928,104.87355639398743,104.87355639398743,-0.01036061576760276,0.0,5.199261935840938,218,0.23548173924622764,-0.04821453759695902,15647.99044707655
929,104.45709811380252,104.45709811380252,-0.003978956934087905,0.0,5.199261935840938,218,0.2354446631930844,0.00513361662582701,15623.337707841376
930,104.54641712662676,104.54641712662676,0.0008547130717783039,0.0,5.199261935840938,218,0.23549450311174086,0.0016357775700201799,15624.805433300302
931,104.32873248610139,104.32873248610139,-0.0020843524922935356,0.0,5.199261935840938,218,0.23537840458900153,-0.000379578308900616,15621.023084258108
932,104.86069004634167,104.86069004634167,0.005085904444433496,0.0,5.199261935840938,218,0.23563736473089958,-0.005615089460179302,15631.086217730619
933,105.21185600581553,105.21185600581553,0.003343285861683613,0.0,5.199261935840938,218,0.23581974977612,-0.0026382056324898637,15637.325484915686
934,105.0151633677136,105.0151633677136,-0.001871240871720844,0.0,5.199261935840938,218,0.2357250789626585,-0.0015556482523408843,15633.454271674667
935,104.25048874659117,104.25048874659117,-0.00730820387218683,0.0,5.199261935840938,218,0.23533632239227517,0.021666987080549642,15619.16459956604
936,104.88160163128956,104.88160163128956,0.0060355615382160464,0.0,5.199261935840938,218,0.23564200319146875,0.022120605707035276,15631.13683813205
937,105.2998447473628,105.2998447473628,0.0039798343319847225,0.0,5.199261935840938,218,0.2358604584152209,0.021198966464846952,15638.576261353428
938,105.28331174384114,105.28331174384114,-0.00015702113911776256,0.0,5.199261935840938,218,0.23585527410791715,-0.0028935976767018715,15638.070453706645
939,105.1919981721411,105.1919981721411,-0.0008676892074946514,0.0,5.199261935840938,218,0.23580726171830196,-0.03496999482609069,15636.381312927284
940,104.41555548746216,104.41555548746216,-0.007408571136858767,0.0,5.199261935840938,218,0.23542280513055028,-0.03237763274202156,15620.886674069225
941,104.19696191178153,104.19696191178153,-0.0020956906940158455,0.0,5.199261935840938,218,0.23531453688214324,-0.026472834345152546,15616.920899394423
942,104.16285538576858,104.16285538576858,-0.00032738103498012976,0.0,5.199261935840938,218,0.2353016427345774,2.4300768089982917e-05,15616.065377829993
943,104.45453568864974,104.45453568864974,0.0027963200138091094,0.0,5.199261935840938,218,0.23544932056521184,0.03509234814636997,15621.301842296514
944,104.65980373787013,104.65980373787013,0.001963214150805375,0.0,5.199261935840938,218,0.23555107730337937,0.07669684398998126,15625.068553166253
945,104.35096570484117,104.35096570484117,-0.002955237747991108,0.0,5.199261935840938,218,0.23539622096107948,0.0864303434107834,15619.488296061223
946,104.23298679895285,104.23298679895285,-0.0011312367711280582,0.0,5.199261935840938,218,0.2353428266634179,0.07970413469902922,15616.985683324448
947,104.21433726621547,104.21433726621547,-0.000178937608057857,0.0,5.199261935840938,218,0.23533419278348686,0.09127755225902971,15616.60215823483
948,104.17612864429695,104.17612864429695,-0.0003667022114446201,0.0,5.199261935840938,218,0.23531938987383036,0.11206071634127024,15615.667077088547
949,104.72219512419206,104.72219512419206,0.005228071856532426,0.0,5.199261935840938,218,0.23560598512745726,0.09651627585798309,15625.493423348831
950,104.99633494954965,104.99633494954965,0.002614361081054714,0.0,5.199261935840938,218,0.2357654584344247,0.1086348680149098,15630.356444889983
951,104.89797327498304,104.89797327498304,-0.000937249633865761,0.0,5.199261935840938,218,0.23569387002510458,0.10704486047727696,15623.727211442068
952,104.38474370396133,104.38474370396133,-0.004904663005833699,0.0,5.199261935840938,218,0.2356696263424712,0.1339041110642608,15600.554433777477
953,104.26185839378675,104.26185839378675,-0.0011779278756312607,0.0,5.199261935840938,218,0.23558966431071976,0.12471924143626999,15593.566808590125
954,103.97003427722346,103.97003427722346,-0.0028028781169933317,0.0,5.199261935840938,218,0.23563046112186858,0.11910450584535294,15579.927235666923
955,103.82640146588543,103.82640146588543,-0.0013824379008188837,0.0,5.199261935840938,218,0.23563597048677268,0.1176965110690348,15575.635825838237
956,104.00352868687854,104.00352868687854,0.0017045404745045464,0.0,5.199261935840938,218,0.2357162519728493,0.11205900696403978,15578.8744340274
957,104.59847528384563,104.59847528384563,0.005704146641008772,0.0,5.199261935840938,218,0.23599359927977154,0.11442730476771362,15589.773881016108
958,104.81879804254567,104.81879804254567,0.0021041515486232955,0.0,5.199261935840938,218,0.23609155616848743,0.1139539125966594,15593.971775316335
959,104.66615498119141,104.66615498119141,-0.0014573179234685066,0.0,5.199261935840938,218,0.23602883601136157,0.08308618612454265,15590.938937935181
960,105.61146296154043,105.61146296154043,0.008991107639653398,0.0,5.199261935840938,218,0.2364588238635195,0.05522101386955189,15608.76639344257
961,106.29584405938769,106.29584405938769,0.006459272093606619,0.0,5.199261935840938,218,0.2367856076441548,0.1095335717361483,15621.828739102366
962,105.74959503919918,105.74959503919918,-0.005152199744223124,0.0,5.199261935840938,218,0.23652478657346568,0.06274506428428618,15611.426318174153
963,106.53429447676618,106.53429447676618,0.007392958677992385,0.0,5.199261935840938,218,0.23690150880449767,0.05000482568670234,15626.469393570429
964,107.22000607460092,107.22000607460092,0.006415907874381955,0.0,5.199261935840938,218,0.23724757617161304,0.12392205550616534,15639.640785416726
965,106.81986658862354,106.81986658862354,-0.003738929080337335,0.0,5.199261935840938,218,0.23704742289724334,0.11392871566779221,15631.79341140351
966,107.959163304836,107.959163304836,0.010609112097403565,0.0,5.199261935840938,218,0.23763315969567897,0.07211195550863235,15652.830070150892
967,108.15527106982879,108.15527106982879,0.0018148516491893274,0.0,5.199261935840938,218,0.2377405264336407,0.08045746971759082,15656.4229775042
968,108.08324889237541,108.08324889237541,-0.0006661364508895767,0.0,5.199261935840938,218,0.23770446340750007,0.07787660272943633,15655.023777537232
969,109.68487220055188,109.68487220055188,0.014709702957002892,0.0,5.199261935840938,218,0.23857239806907618,0.04747109620653049,15685.065868660611
970,109.07620585450069,109.07620585450069,-0.005564682000193665,0.0,5.199261935840938,218,0.23823219631922868,-0.011996422121475624,15673.563029500525
971,108.75020532873462,108.75020532873462,-0.0029932161797191293,0.0,5.199261935840938,218,0.23807377479743244,0.012132280258407874,15667.70244135754
972,109.33314818921953,109.33314818921953,0.005346068275985988,0.0,5.199261935840938,218,0.238374324593054,-0.022858078161081402,15677.856043783537
973,110.70874228100774,110.70874228100774,0.012503183001257932,0.0,5.199261935840938,218,0.23906070240418734,0.027496530606461116,15701.446404043827
974,111.40565446738744,111.40565446738744,0.0062752751155303165,0.0,5.199261935840938,218,0.23944066053305516,0.06103525889931724,15713.607936569377
975,111.0390457124847,111.0390457124847,-0.0032961818063927677,0.0,5.199261935840938,218,0.23925528302494367,0.0511274887952264,15707.142229661167
976,110.69294319128619,110.69294319128619,-0.0031218120939080635,0.0,5.199261935840938,218,0.23904034782823647,0.06256498807635871,15697.870188245184
977,111.32569235326318,111.32569235326318,0.005699979856018394,0.0,5.199261935840938,218,0.23902507113664195,0.04621336450119473,15717.633355193659
978,112.40561315003093,112.40561315003093,0.00965380487407093,0.0,5.199261935840938,218,0.23943857215214134,0.054049458038705075,15729.793297795532
979,112.5544456376031,112.5544456376031,0.0013231905262589775,0.0,5.199261935840938,218,0.23945708244895603,0.0506099184467927,15730.374834780321
980,112.53891181491313,112.53891181491313,-0.00013802115611430876,0.0,5.199261935840938,218,0.23945953355630056,0.040926072661291106,15729.201217224145
981,112.89228853850038,112.89228853850038,0.0031351207151241746,0.0,5.199261935840938,218,0.23947446865243405,0.08995493164467075,15739.79881901104
982,112.94734355606701,112.94734355606701,0.0004875585223605298,0.0,5.199261935840938,218,0.23950382662731307,0.062153126969923304,15740.61429800788
983,112.66975931151337,112.66975931151337,-0.002460667928869753,0.0,5.199261935840938,218,0.23947165585839666,0.05999012455661397,15732.838298952855
984,112.23832520957627,112.23832520957627,-0.0038365417770324355,0.0,5.199261935840938,218,0.2394157743045971,0.06742997794283263,15720.77969917925
985,111.94721682080495,111.94721682080495,-0.0025970323487565874,0.0,5.199261935840938,218,0.23937714462832374,0.0904548921771638,15712.993829092644
986,112.68630612380082,112.68630612380082,0.006580424509294073,0.0,5.199261935840938,218,0.23951274564380973,0.07376612146475932,15732.491202598012
987,111.65501012681742,111.65501012681742,-0.009194055547917432,0.0,5.199261935840938,218,0.2393664142319721,0.02822464222393298,15705.18403412211
988,112.69903728962113,112.69903728962113,0.009307027985619467,0.0,5.199261935840938,218,0.23955355702304504,-0.06520351563598496,15732.782867732256
989,112.70422617878039,112.70422617878039,4.6040940848263975e-05,0.0,5.199261935840938,218,0.23955855327354,-0.07396675789296821,15732.827156585046
990,113.29767253566285,113.29767253566285,0.005251705620310639,0.0,5.199261935840938,218,0.2396726231398649,-0.07750905014760437,15748.275317712798
991,114.5213322242627,114.5213322242627,0.010742487945646494,0.0,5.199261935840938,218,0.23998223921506953,-0.04278814159461575,15780.923920007559
992,114.78259509657579,114.78259509657579,0.0022787484577391267,0.0,5.199261935840938,218,0.24006814893646175,-0.04305763577450686,15787.723096048685
993,114.67318891635408,114.67318891635408,-0.000953614562242014,0.0,5.199261935840938,218,0.24004421461158068,-0.040210750832831925,15784.628696892556
994,114.25173119492062,114.25173119492062,-0.003682064821876659,0.0,5.199261935840938,218,0.23993677629197155,-0.050030069852049094,15773.113626154112
995,114.2965564030577,114.2965564030577,0.0003922602893502992,0.0,5.199261935840938,218,0.23995290324371074,-0.02302363741823762,15774.231471107942
996,114.63073322559988,114.63073322559988,0.002919503921505439,0.0,5.199261935840938,218,0.24005974352217374,-0.03191429858322198,15782.941304297137
997,113.75293194050806,113.75293194050806,-0.007687113761088105,0.0,5.199261935840938,218,0.23985996273717797,-0.03626903807285307,15758.689505982777
998,113.95564868793994,113.95564868793994,0.0017804932991638141,0.0,5.199261935840938,218,0.23990862453893597,-0.041161505918114745,15764.07455731158
999,114.17574616560115,114.17574616560115,0.0019295682305544995,0.0,5.199261935840938,218,0.239958216711211,-0.05354663620038995,15769.982622169848
1000,114.4561483308238,114.4561483308238,0.002452871297144928,0.0,4.980432708168421,182,0.29333999645126435,-0.07755254470861751,14808.078200833625
1001,115.19792161703802,115.19792161703802,0.006459940953358082,0.0,4.980432708168421,182,0.29348010640018113,-0.07902464153794389,14827.6844694401
1002,114.39158271675092,114.39158271675092,-0.0070242079923228465,0.0,4.980432708168421,182,0.293334698081456,-0.10037820769334865,14802.989132829192
1003,114.821251447303,114.821251447303,0.0037490853022381335,0.0,4.980432708168421,182,0.2933847391331736,-0.11234792998809419,14803.834670766184
1004,115.32586921596261,115.32586921596261,0.004385182624468822,0.0,4.980432708168421,182,0.2934811866191727,-0.1069745337822168,14822.91117282318
1005,115.61692910990647,115.61692910990647,0.002520624588937348,0.0,4.980432708168421,182,0.2935376553025752,-0.11523023077699192,14823.055546538817
1006,115.58916508144215,115.58916508144215,-0.00024016692721601942,0.0,4.980432708168421,182,0.29362297959568184,-0.12002948706359605,14818.330285791691
1007,115.83881333221521,115.83881333221521,0.002157460384171495,0.0,4.980432708168421,182,0.29375393677568945,-0.12349508773856609,14823.564896340158
1008,115.3839042397746,115.3839042397746,-0.003934818206065726,0.0,4.980432708168421,182,0.29351881946219593,-0.11816365151551793,14813.179481687104
1009,114.97150509844866,114.97150509844866,-0.003580550446825564,0.0,4.980432708168421,182,0.2933665017335324,-0.1009533728041375,14804.784944466712
1010,114.13553548212703,114.13553548212703,-0.007297665966336901,0.0,4.980432708168421,182,0.293104817893043,-0.06760526048205873,14787.10671597267
1011,113.55812497791798,113.55812497791798,-0.005071829762773393,0.0,4.980432708168421,182,0.2929073176440536,-0.04163277568177129,14776.122676957424
1012,113.48484399289636,113.48484399289636,-0.0006455252756648583,0.0,4.980432708168421,182,0.29288567437354734,-0.04465614622263065,14774.49613285059
1013,113.6797654023039,113.6797654023039,0.001716125216554192,0.0,4.980432708168421,182,0.2929512345236434,-0.051874517911691884,14778.155247554267
1014,114.45856397639126,114.45856397639126,0.006827450709001297,0.0,4.980432708168421,182,0.29321951808534447,-0.05851871129615919,14793.582239081776
1015,115.54307252174671,115.54307252174671,0.009430511881388251,0.0,4.980432708168421,182,0.2936484509866886,-0.0333405223982477,14814.43798036188
1016,116.39216439747895,116.39216439747895,0.007321834148813074,0.0,4.980432708168421,182,0.2940080576321201,-0.008357254745940255,14831.84763001348
1017,115.47922289358516,115.47922289358516,-0.007874591445873758,0.0,4.980432708168421,182,0.2936103091058975,-0.037871335984466195,14813.74263752712
1018,116.22499736766993,116.22499736766993,0.006437319515310751,0.0,4.980432708168421,182,0.29393135502281603,-0.06125019702758133,14829.139894195947
1019,117.13141445426773,117.13141445426773,0.007768560015801833,0.0,4.980432708168421,182,0.2943521562449807,-0.032761626458990355,14847.333298427844
1020,117.56906868068354,117.56906868068354,0.003729474501686889,0.0,4.980432708168421,182,0.2945607704282019,-0.04596387525232087,14856.427218746063
1021,118.63335927972064,118.63335927972064,0.009011743113213573,0.0,4.980432708168421,182,0.29513684180727306,-0.02043167046199094,14878.541877576932
1022,118.8555069709736,118.8555069709736,0.0018708056470312711,0.0,4.980432708168421,182,0.29526166098666967,0.0004118657937001038,14883.105463318734
1023,118.59288097318864,118.59288097318864,-0.0022120689649651835,0.0,4.980432708168421,182,0.2951135078130988,-0.013773748695759008,14877.684758644942
1024,117.7511432087842,117.7511432087842,-0.007123017611965461,0.0,4.980432708168421,182,0.29465808770663016,0.019601777097857157,14860.767373775607
1025,118.10843617461836,118.10843617461836,0.0030297114925078813,0.0,4.980432708168421,182,0.29484968259111927,0.039300807797966054,14867.948306923356
1026,117.61161791274037,117.61161791274037,-0.004215330761445047,0.0,4.980432708168421,182,0.2945976303911529,0.033911692250129806,14857.415870679648
1027,118.12919042595509,118.12919042595509,0.004391037330197637,0.0,4.980432708168421,182,0.2948030960773778,0.024840555752840117,14862.728291424417
1028,118.94595870658267,118.94595870658267,0.006890401757692075,0.0,4.980432708168421,182,0.29474930573494496,0.04953900017903698,14889.236126833488
1029,120.2902487156156,120.2902487156156,0.011238300189359614,0.0,4.980432708168421,182,0.29543680722061816,0.13495149470487897,14908.544519074892
1030,120.44346394213548,120.44346394213548,0.0012729022912160816,0.0,4.980432708168421,182,0.2954842929611323,0.11765331275177011,14909.868161045464
1031,120.26167096380814,120.26167096380814,-0.0015105038200668398,0.0,4.980432708168421,182,0.2953487339294019,0.12940720306138193,14905.188680878355
1032,119.59267983440132,119.59267983440132,-0.005578325862920005,0.0,4.980432708168421,182,0.29498925036561596,0.1153518784455835,14885.255198399687
1033,120.16443740146795,120.16443740146795,0.004769482195296906,0.0,4.980432708168421,182,0.2953100270771779,0.0747868349192385,14901.625304800382
1034,119.23733423258045,119.23733423258045,-0.007745204199268203,0.0,4.980432708168421,182,0.29476145323665065,0.06730871839777014,14876.396101122895
1035,119.11930512752052,119.11930512752052,-0.0009903572648430206,0.0,4.980432708168421,182,0.29468774140452964,0.06773018700028836,14873.027579554837
1036,119.56836133224994,119.56836133224994,0.0037627141879752438,0.0,4.980432708168421,182,0.2949487951840351,0.07675002563794081,14885.126114772052
1037,120.91543573063336,120.91543573063336,0.011203153843674561,0.0,4.980432708168421,182,0.2957643748228754,0.0666668112039121,14921.90347075797
1038,120.99605473215979,120.99605473215979,0.0006665165375711731,0.0,4.980432708168421,182,0.2958068806132356,0.06473420162348914,14923.89436703015
1039,120.75500514867224,120.75500514867224,-0.001994197365593103,0.0,4.980432708168421,182,0.29565181965632226,0.0655501166300822,14917.070976881076
1040,120.39665115867571,120.39665115867571,-0.002972023989053442,0.0,4.980432708168421,182,0.29544305045944114,0.0743557324805945,14907.24447741355
1041,119.8334954335206,119.8334954335206,-0.004688476985442997,0.0,4.980432708168421,182,0.2951135828703107,0.08780159142921815,14892.06942191081
1042,119.60372177536452,119.60372177536452,-0.0019192816502646777,0.0,4.980432708168421,182,0.2949893513021049,0.09617792919526857,14885.937825346553
1043,120.19849444911489,120.19849444911489,0.004960537085449345,0.0,4.980432708168421,182,0.29533033465284314,0.07902707281219695,14901.712068295748
1044,119.78131659923768,119.78131659923768,-0.0034767780530481286,0.0,4.980432708168421,182,0.295101675752625,0.05814445988827535,14890.60307601302
1045,120.97496658419072,120.97496658419072,0.009915917870684519,0.0,4.980432708168421,182,0.29583821477243294,0.04492454686485787,14923.554434732298
1046,121.19567572466217,121.19567572466217,0.0018227577007273621,0.0,4.980432708168421,182,0.2959605324431638,0.08047862876745593,14929.264059345427
1047,120.5708513202975,120.5708513202975,-0.005168836257969257,0.0,4.980432708168421,182,0.2955762154257423,0.1318482117863807,14912.031397041965
1048,119.9211787452089,119.9211787452089,-0.0054028747255910415,0.0,4.980432708168421,182,0.29519388114601103,0.1649195893132899,14894.122504079069
1049,119.46734791405093,119.46734791405093,-0.003791588353760473,0.0,4.980432708168421,182,0.2949187158680316,0.18376497681886547,14881.574343388796
1050,119.51777994737344,119.51777994737344,0.0004220516525226318,0.0,4.980432708168421,182,0.29494828056152406,0.1613292285754741,14882.856287139135
1051,119.71011190581262,119.71011190581262,0.0016079395959084806,0.0,4.980432708168421,182,0.2950642321893742,0.16136471413269507,14888.115236588834
1052,119.65437195154585,119.65437195154585,-0.00046573288046789966,0.0,4.980432708168421,182,0.29496054622209905,0.1624839270946834,14882.672296573579
1053,119.04062854674899,119.04062854674899,-0.00514250198846871,0.0,4.980432708168421,182,0.2949306069441479,0.15927320098647485,14869.483969974974
1054,118.9278128871892,118.9278128871892,-0.0009481565482528877,0.0,4.980432708168421,182,0.29485734154908566,0.16594760996938798,14856.078132920695
1055,118.79498160424623,118.79498160424623,-0.0011175310053988658,0.0,4.980432708168421,182,0.29483955411385177,0.16782997066224048,14853.456480828207
1056,119.50283503309115,119.50283503309115,0.005940931568628413,0.0,4.980432708168421,182,0.29500779842748787,0.17129728458498233,14882.154158130134
1057,119.80814035601715,119.80814035601715,0.0025515377058363035,0.0,4.980432708168421,182,0.29521824539015545,0.19057939825717204,14888.508334547303
1058,119.540527650429,119.540527650429,-0.00223617552863881,0.0,4.980432708168421,182,0.29503270942412846,0.18537077353514336,14882.954412421901
1059,119.6086509624068,119.6086509624068,0.0005697139686243063,0.0,4.980432708168421,182,0.2950763098728755,0.18470755747527465,14884.412304147858
1060,120.36797774012102,120.36797774012102,0.006328360523721195,0.0,4.980432708168421,182,0.2956011690459464,0.17484834448078446,14900.545543096443
1061,120.3595606574345,120.3595606574345,-6.99303681330172e-05,0.0,4.980432708168421,182,0.2955950264252444,0.20433344029310518,14900.371701453474
1062,120.34915065567304,120.34915065567304,-8.649459931178702e-05,0.0,4.980432708168421,182,0.29558742950808103,0.2287987543037886,14900.156699192365
1063,120.48896027206533,120.48896027206533,0.0011610258157131509,0.0,4.980432708168421,182,0.2956896244119346,0.22267315951987113,14903.044247565356
1064,120.42859522674625,120.42859522674625,-0.0005011261753620689,0.0,4.980432708168421,182,0.29564546506826467,0.2195632943519091,14901.797502220546
1065,119.59591624929035,119.59591624929035,-0.006938310698135709,0.0,4.980432708168421,182,0.29504499117374,0.21895887444142276,14884.599823773076
1066,119.42710533103316,119.42710533103316,-0.0014125078430388173,0.0,4.980432708168421,182,0.2949309592793333,0.22920721066510458,14881.113298990766
1067,119.45556116492355,119.45556116492355,0.00023824109503116795,0.0,4.980432708168421,182,0.2949501465523076,0.23488180157948066,14881.701009614488
1068,119.17792770971057,119.17792770971057,-0.002326861848165777,0.0,4.980432708168421,182,0.2947634050788701,0.2248664102364012,14875.966925990087
1069,119.44374825624931,119.44374825624931,0.0022279673916477637,0.0,4.980432708168421,182,0.294942180363945,0.20109783349581686,14881.457032511176
1070,119.83185381099008,119.83185381099008,0.0032440072597685766,0.0,4.980432708168421,182,0.2952115284011322,0.1785421570535565,14889.472744105698
1071,120.46980344940278,120.46980344940278,0.005309585829956984,0.0,4.980432708168421,182,0.29567560932925674,0.18137150500606367,14902.648593435559
1072,120.46693047890955,120.46693047890955,-2.3848339325638462e-05,0.0,4.980432708168421,182,0.29567350777066514,0.17930873595977886,14902.5892567355
1073,120.32361972839999,120.32361972839999,-0.0011903354787600677,0.0,4.980432708168421,182,0.29556880319325757,0.17714076270396753,14899.629397927896
1074,120.81289612104007,120.81289612104007,0.004058091843710291,0.0,4.980432708168421,182,0.2959271046347128,0.13877309493060758,14909.734634520119
1075,120.8741615315266,120.8741615315266,0.0005069813203391034,0.0,4.980432708168421,182,0.29597208069526043,0.10189068419671661,14910.999975495484
1076,121.21991731317283,121.21991731317283,0.002856377309004682,0.0,4.980432708168421,182,0.29622793055948526,0.14964681959853432,14918.114075177646
1077,121.46420326731607,121.46420326731607,0.0020132016554367145,0.0,4.980432708168421,182,0.29632716535876935,0.20227944813588092,14919.766580880181
1078,122.10533932912634,122.10533932912634,0.005264513253484642,0.0,4.980432708168421,182,0.2961409229547793,0.17558315662916815,14934.706883286954
1079,121.57117050259141,121.57117050259141,-0.004384252569427514,0.0,4.980432708168421,182,0.2955812257956461,0.13987255166474474,14917.668625988637
1080,121.73236844078927,121.73236844078927,0.0013250770003942218,0.0,4.980432708168421,182,0.29557054404122896,0.11472644356191035,14917.70295026345
1081,121.62034824610632,121.62034824610632,-0.0009206406578912291,0.0,4.980432708168421,182,0.2954957864121595,0.10955838544023486,14914.209612280365
1082,121.4098115485428,121.4098115485428,-0.0017325977188084327,0.0,4.980432708168421,182,0.29542581847591964,0.11560459625411487,14904.178559812182
1083,120.45403311965677,120.45403311965677,-0.007903483097447652,0.0,4.980432708168421,182,0.29521146649473307,0.10850923406423801,14857.946767211799
1084,120.7835408545924,120.7835408545924,0.0027318127473099523,0.0,4.980432708168421,182,0.29534033316742786,0.11302495564058196,14872.47905630441
1085,121.03647323955965,121.03647323955965,0.002091906893251111,0.0,4.980432708168421,182,0.29544487500380634,0.12818279720735978,14883.625540937435
1086,121.94603769881857,121.94603769881857,0.007486701032257323,0.0,4.980432708168421,182,0.2958815297048312,0.15230750165390622,14923.709163559293
1087,121.86067282669613,121.86067282669613,-0.0007002668255260587,0.0,4.980432708168421,182,0.2958385848776467,0.12344950617056225,14919.946220837282
1088,121.15481757902698,121.15481757902698,-0.0058091542352977175,0.0,4.980432708168421,182,0.2954958672619613,0.06506420651867945,14888.844301803963
1089,121.6810918807659,121.6810918807659,0.004334409411196846,0.0,4.980432708168421,182,0.2957485425660501,0.03494679245995168,14912.033391601128
1090,122.4688308096524,122.4688308096524,0.006452933948793024,0.0,4.980432708168421,182,0.2961533886438457,0.0606514345993694,14946.743330312394
1091,122.57079794230204,122.57079794230204,0.0008322501878942623,0.0,4.980432708168421,182,0.2962102335134829,0.053651596865198894,14951.236281968135
1092,122.54715040301515,122.54715040301515,-0.0001929482481383892,0.0,4.980432708168421,182,0.29619704480466913,0.08167664628962466,14950.194306499841
1093,123.59519872409149,123.59519872409149,0.008515841816351176,0.0,4.980432708168421,182,0.29681592700712855,0.10741958757910201,14996.374191303079
1094,124.01705441366803,124.01705441366803,0.0034073927472287025,0.0,4.980432708168421,182,0.29709305201516706,0.12420589944177143,15014.96231053047
1095,124.71547511631677,124.71547511631677,0.005615852011970807,0.0,4.980432708168421,182,0.2975760632923644,0.14055652824514517,15045.736643110278
1096,124.83120577361913,124.83120577361913,0.0009275271879925368,0.0,4.980432708168421,182,0.29766284674452054,0.11030196564360276,15050.83605342844
1097,125.04872586565168,125.04872586565168,0.001740997330588368,0.0,4.980432708168421,182,0.2978294628129013,0.12314605196184515,15060.420585544416
1098,125.4476222526784,125.4476222526784,0.003184850615183385,0.0,4.980432708168421,182,0.2981372216151476,0.1258995943500549,15077.997054902626
1099,124.9069925350879,124.9069925350879,-0.004318918254531635,0.0,4.980432708168421,182,0.29772081942681783,0.0993201576505969,15054.17542609271
1100,124.33418566821383,124.33418566821383,-0.0045964144406501085,0.0,4.980432708168421,182,0.297307428863163,0.1052918605536192,15028.884176337035
1101,124.34024488934406,124.34024488934406,4.8732160502738135e-05,0.0,4.980432708168421,182,0.2973113541313595,0.09621859466915704,15029.111632986309
1102,124.38741504881045,124.38741504881045,0.0003792916320091811,0.0,4.980432708168421,182,0.2973854156060837,0.10965485648158169,15028.866021754437
1103,124.42269141845829,124.42269141845829,0.000283560586706608,0.0,4.980432708168421,182,0.29730195049938557,0.1327717334744421,15023.9703268738
1104,125.62434818065117,125.62434818065117,0.009611519616394105,0.0,4.980432708168421,182,0.2973154668457728,0.16309750263096942,15043.958066109813
1105,125.23445799403939,125.23445799403939,-0.003108445794651094,0.0,4.980432708168421,182,0.2969328645482243,0.12268917083525879,15024.06949452875
1106,125.38915180756727,125.38915180756727,0.0012344713516448873,0.0,4.980432708168421,182,0.2969479907614883,0.12845687354664934,15024.031976560578
1107,125.6054221491444,125.6054221491444,0.001723307334424796,0.0,4.980432708168421,182,0.2970383213857849,0.09106282094787986,15028.907913467108
1108,125.8849228145658,125.8849228145658,0.002222755553798938,0.0,4.980432708168421,182,0.29713550203670946,0.0608197015774477,15036.282164730499
1109,125.37163441815206,125.37163441815206,-0.004085776833991582,0.0,4.980432708168421,182,0.29692539441294774,0.0495858675432848,15021.916035576287
1110,124.46933946412614,124.46933946412614,-0.007222985588339307,0.0,4.980432708168421,182,0.29661763499943145,0.09231248661955367,14999.860586288341
1111,124.70294274396082,124.70294274396082,0.0018750347848127966,0.0,4.980432708168421,182,0.29669672651522977,0.08237817800571559,15005.267656026997
1112,125.76045517348,125.76045517348,0.008444497060496964,0.0,4.980432708168421,182,0.29706655834885115,0.07884274552647198,15030.216053057886
1113,125.41027327892223,125.41027327892223,-0.0027883991387773546,0.0,4.980432708168421,182,0.29692946556581096,0.03744840843722809,15021.890144498228
1114,126.03145653982327,126.03145653982327,0.004940981953230748,0.0,4.980432708168421,182,0.29717777800655515,0.01591152978892821,15036.982729003683
1115,126.63226930861317,126.63226930861317,0.004755838213053775,0.0,4.980432708168421,182,0.29741160591416516,0.04403715567106179,15050.989771589284
1116,126.0878447670773,126.0878447670773,-0.004308524358843018,0.0,4.980432708168421,182,0.2971708992977748,0.012946430957834733,15036.978453388188
1117,125.95291839001558,125.95291839001558,-0.0010706711744629357,0.0,4.980432708168421,182,0.2971188687061188,0.0299121882151487,15033.789218952588
1118,125.92165482000242,125.92165482000242,-0.00024824713169955664,0.0,4.980432708168421,182,0.29710500263127976,0.03144636210424742,15032.84081406271
1119,126.929525334688,126.929525334688,0.007972087390918628,0.0,4.980432708168421,182,0.29752178054791495,0.02386150687570415,15057.056113421373
1120,126.88625621396336,126.88625621396336,-0.00034094902121355284,0.0,4.980432708168421,182,0.29749832112947144,0.020118523860342012,15055.690132282645
1121,125.8776249581452,125.8776249581452,-0.007980860277923057,0.0,4.980432708168421,182,0.2971034910566335,0.028680920000711457,15031.967851712654
1122,125.82231617258637,125.82231617258637,-0.0004394819180376599,0.0,4.980432708168421,182,0.2970759277380282,0.03932645601940276,15030.303964459976
1123,125.98170847383386,125.98170847383386,0.0012660029779930715,0.0,4.980432708168421,182,0.2971341102822006,0.039223430982413716,15033.913490178229
1124,126.80840246980918,126.80840246980918,0.006540579771851766,0.0,4.980432708168421,182,0.29746857547797817,0.03071012572198558,15054.097395555296
1125,127.3779739192071,127.3779739192071,0.004481533674373549,0.0,4.980432708168421,182,0.2976940995703755,0.03316972984194233,15067.30289401337
1126,128.17559916819124,128.17559916819124,0.006242353252455286,0.0,4.980432708168421,182,0.298049719584988,0.04781354538211871,15086.757085839037
1127,128.02849030323858,128.02849030323858,-0.0011483726229579504,0.0,4.980432708168421,182,0.2979621963343819,0.03276569297503429,15081.951254130707
1128,127.1620561694339,127.1620561694339,-0.006790513795509114,0.0,4.980432708168421,182,0.2976886137136923,0.05215192776228278,15061.384114861736
1129,127.10503187374592,127.10503187374592,-0.0004485385590631087,0.0,4.980432708168421,182,0.2975754460355686,0.06097255212219687,15052.5281405587
1130,125.66838117375598,125.66838117375598,-0.011367225312413269,0.0,4.980432708168421,182,0.29711927168505037,0.05970937591878504,15023.191282581249
1131,125.20307186472243,125.20307186472243,-0.003709547953593971,0.0,4.980432708168421,182,0.29694129420738735,0.10779760841672159,15001.174042102833
1132,124.64231771228012,124.64231771228012,-0.004488816823609159,0.0,4.980432708168421,182,0.2966315176930082,0.12286059500478978,14986.051958919827
1133,125.15316505809875,125.15316505809875,0.004090130472526681,0.0,4.980432708168421,182,0.296972297002041,0.1126801828180514,14998.201290597319
1134,124.24137603603818,124.24137603603818,-0.0073120532674219455,0.0,4.980432708168421,182,0.2963975343501799,0.08699070777474152,14977.034865858339
1135,124.44146999767436,124.44146999767436,0.0016092304556439702,0.0,4.980432708168421,182,0.29651699793995134,0.07997425232457968,14981.597885768098
1136,124.97213333692675,124.97213333692675,0.0042552942815263905,0.0,4.980432708168421,182,0.2968292969077154,0.07999026971306666,14993.502302962845
1137,124.65892108080071,124.65892108080071,-0.00250940269604993,0.0,4.980432708168421,182,0.2966198642517009,0.06508066853027938,14985.804452703303
1138,124.07066706500838,124.07066706500838,-0.00473007748662935,0.0,4.980432708168421,182,0.29626816648466653,0.09440293364393514,14972.593771175838
1139,124.83935049966088,124.83935049966088,0.006176415765211485,0.0,4.980432708168421,182,0.2967425392750156,0.07442004923443243,14990.954716479915
1140,123.0575510831717,123.0575510831717,-0.014375573798096794,0.0,4.980432708168421,182,0.29573259702568166,0.009403143294061755,14950.037628317217
1141,122.53700959304268,122.53700959304268,-0.004239037445960162,0.0,4.980432708168421,182,0.295419182565066,0.04950814664924799,14937.285736847043
1142,123.42105456314025,123.42105456314025,0.007188613881248719,0.0,4.980432708168421,182,0.29590126686301016,0.018522774997752643,14957.261152708745
1143,122.43169306729754,122.43169306729754,-0.008048450514173237,0.0,4.980432708168421,182,0.2953417409260151,-0.0049174675603659386,14932.390179828019
1144,121.76533939234716,121.76533939234716,-0.00545752192119528,0.0,4.980432708168421,182,0.29501282386095984,0.021372440791672852,14916.758360442884
1145,122.57888018579949,122.57888018579949,0.006658997712656939,0.0,4.980432708168421,182,0.2954869523318916,-0.009291265838711687,14935.719108048217
1146,122.48401337234219,122.48401337234219,-0.0007742242558119122,0.0,4.980432708168421,182,0.2954379406904957,-0.009981524321872248,14933.447850978546
1147,122.61426138309255,122.61426138309255,0.0010628228463943816,0.0,4.980432708168421,182,0.29550235144677794,-0.013448801919958125,14936.416296167237
1148,122.58245743476532,122.58245743476532,-0.0002594157756998369,0.0,4.980432708168421,182,0.2954936323604608,0.0018106094678712642,14935.41707653299
1149,122.81939665451333,122.81939665451333,0.0019310309961089954,0.0,4.980432708168421,182,0.2956243056293393,-0.015544024141120952,14940.851682845398
1150,123.33057613806925,123.33057613806925,0.004153404630596978,0.0,4.980432708168421,182,0.2959122566225229,-0.014113739038650076,14952.241040171542
1151,122.48700718530682,122.48700718530682,-0.006863400516786992,0.0,4.980432708168421,182,0.2954231351524359,-0.031383874305795506,14931.251469226234
1152,123.02895243430112,123.02895243430112,0.004414752752081591,0.0,4.980432708168421,182,0.2956813586593638,-0.048562989189519075,14943.050615745973
1153,122.23121115956069,122.23121115956069,-0.0065052887214575575,0.0,4.980432708168421,182,0.29533899385345874,-0.08763304954851114,14923.922343627051
1154,122.52725055851316,122.52725055851316,0.0024190341877148047,0.0,4.980432708168421,182,0.2953752076779087,-0.11190609850661122,14929.298064131628
1155,122.08597655872175,122.08597655872175,-0.0036079363628142872,0.0,4.980432708168421,182,0.29518033643006064,-0.12438311433961814,14917.729086610656
1156,121.89754402325032,121.89754402325032,-0.001544633608753182,0.0,4.980432708168421,182,0.2951696362729174,-0.12373542889084695,14906.197558291473
1157,121.50824037532875,121.50824037532875,-0.0031988063130168175,0.0,4.980432708168421,182,0.2949825535642309,-0.12668735045135318,14896.978125545113
1158,122.10392289829319,122.10392289829319,0.004890426669736715,0.0,4.980432708168421,182,0.29528088727220275,-0.12578699477953498,14910.194658766817
1159,122.83584752384874,122.83584752384874,0.005976381890242079,0.0,4.980432708168421,182,0.2955806033132565,-0.11317999462935706,14926.51662321311
1160,123.49239084295338,123.49239084295338,0.005330650502292789,0.0,4.980432708168421,182,0.29588909084134235,-0.08993499259760802,14941.30635398355
1161,123.89189317065735,123.89189317065735,0.003229814509742214,0.0,4.980432708168421,182,0.29610107685424386,-0.07801850952569585,14949.613746590989
1162,122.98239348437394,122.98239348437394,-0.007368153348872497,0.0,4.980432708168421,182,0.2956225378670688,-0.09022304506250459,14929.795863906567
1163,122.78424981492944,122.78424981492944,-0.0016124540720073035,0.0,4.980432708168421,182,0.2955341857647424,-0.08696219073159074,14925.067607485074
1164,123.485974506521,123.485974506521,0.005698834218927855,0.0,4.980432708168421,182,0.2958564600014573,-0.07800507290725732,14940.701306209057
1165,124.65191440637595,124.65191440637595,0.0093975852357266,0.0,4.980432708168421,182,0.29649133350869594,-0.03730909630131949,14965.569242000987
1166,123.90687648518505,123.90687648518505,-0.0059948807267568,0.0,4.980432708168421,182,0.2960806360272843,-0.07092529993799346,14949.298415733501
1167,124.23292682617165,124.23292682617165,0.0026279583064222167,0.0,4.980432708168421,182,0.2962370235087517,-0.08295367341067333,14956.551470099786
1168,124.64379367565678,124.64379367565678,0.00330177303782409,0.0,4.980432708168421,182,0.2964476032807673,-0.07153855537457697,14965.522616032451
1169,123.92209335045989,123.92209335045989,-0.00580693000020604,0.0,4.980432708168421,182,0.29605020233004614,-0.0978156169090937,14949.809011334575
1170,124.54169246320264,124.54169246320264,0.004987450344709024,0.0,4.980432708168421,182,0.2963902709631222,-0.10833100880983314,14962.824383945841
1171,126.1534445217125,126.1534445217125,0.012858440614545663,0.0,4.980432708168421,182,0.29717266533333037,-0.07240912179110819,14998.852670194847
1172,126.27495922879176,126.27495922879176,0.0009627657954494068,0.0,4.980432708168421,182,0.2972407860207185,-0.05651200230939943,15001.108103434137
1173,126.1472254847431,126.1472254847431,-0.0010120644118224431,0.0,4.980432708168421,182,0.29716518950108817,-0.04950395049759861,14998.115624889331
1174,126.45848019812163,126.45848019812163,0.002464353448065736,0.0,4.980432708168421,182,0.29733486669144704,-0.06435905199579033,15004.256069995194
1175,126.33441909596192,126.33441909596192,-0.0009815237094560256,0.0,4.980432708168421,182,0.2972687448115695,-0.05493766074997077,15001.434933311193
1176,126.56178501332244,126.56178501332244,0.0017980972029246942,0.0,4.980432708168421,182,0.2973983483302275,-0.05925577199607234,15006.129672639352
1177,126.48573701435792,126.48573701435792,-0.000601057071372326,0.0,4.980432708168421,182,0.29736663754657633,-0.060153377123334136,15003.32195721878
1178,127.1352565978691,127.1352565978691,0.005121981380604675,0.0,4.980432708168421,182,0.29764702572040763,-0.059420448619820244,15017.343781988378
1179,126.78687987339643,126.78687987339643,-0.002743966697048375,0.0,4.980432708168421,182,0.29745694735258954,-0.06821250264550799,15000.35034426722
1180,125.69546348834119,125.69546348834119,-0.008645540664020497,0.0,4.980432708168421,182,0.29709634222555936,-0.053073422100814484,14969.725644286538
1181,125.44950129086676,125.44950129086676,-0.00195872751284616,0.0,4.980432708168421,182,0.2969473412724024,-0.04778066332119017,14956.345849430056
1182,125.20280115054297,125.20280115054297,-0.001968465620156016,0.0,4.980432708168421,182,0.2969232763742853,-0.04530837542238018,14948.078850147504
1183,125.704886951444,125.704886951444,0.0040021609132040465,0.0,4.980432708168421,182,0.29704124845790814,-0.05423899141161499,14962.555995997756
1184,124.8947480462124,124.8947480462124,-0.0064656257580939834,0.0,4.980432708168421,182,0.29699831966480267,-0.0877493645655817,14936.660051937233
1185,125.2929045434482,125.2929045434482,0.0031828655750667876,0.0,4.980432708168421,182,0.29704706741273856,-0.11851452330205149,14946.85265126796
1186,124.81099234667519,124.81099234667519,-0.003853700795325709,0.0,4.980432708168421,182,0.29699747482982836,-0.12520592138264397,14933.984871299059
1187,124.27867044778017,124.27867044778017,-0.004274145328299105,0.0,4.980432708168421,182,0.2969554861403757,-0.11895991560945213,14919.76117541741
1188,124.05165223328085,124.05165223328085,-0.0018283572887094243,0.0,4.980432708168421,182,0.29694303339768363,-0.1188067376257521,14913.565509356375
1189,122.8905333602631,122.8905333602631,-0.009404042709634176,0.0,4.980432708168421,182,0.2969063735599853,-0.10547922491380289,14882.84929096058
1190,121.99234593854743,121.99234593854743,-0.007335681874313298,0.0,4.980432708168421,182,0.29695746919679183,-0.095128386482161,14859.076867671762
1191,122.36951457765281,122.36951457765281,0.00308697059208903,0.0,4.980432708168421,182,0.2969356773340036,-0.11766673672480642,14868.814926671555
1192,122.52366656282308,122.52366656282308,0.0012589326073690302,0.0,4.980432708168421,182,0.2969251165086482,-0.104297133360222,14872.718643667642
1193,121.70672267360598,121.70672267360598,-0.0066899695707520095,0.0,4.980432708168421,182,0.2969717194899224,-0.09047768046945096,14851.125817823002
1194,121.75659764913158,121.75659764913158,0.0004097124458598074,0.0,4.980432708168421,182,0.29696841279564057,-0.08812767269966666,14852.23561769118
1195,122.23555426696711,122.23555426696711,0.003926005236435487,0.0,4.980432708168421,182,0.2969331966758084,-0.09068579935362693,14864.64368585703
1196,122.12165246623277,122.12165246623277,-0.000932256596860364,0.0,4.980432708168421,182,0.29694749379313984,-0.0874526393247634,14861.36434983669
1197,122.15377136712537,122.15377136712537,0.0002629728408504006,0.0,4.980432708168421,182,0.2969434917317488,-0.09373194952630577,14862.049195569683
1198,122.15979295405512,122.15979295405512,4.929392232233363e-05,0.0,4.980432708168421,182,0.2969464319820519,-0.0768956272649437,14861.98415183534
1199,122.79706271215956,122.79706271215956,0.0052031301110643784,0.0,4.980432708168421,182,0.29692307567594584,-0.01964044810930608,14878.544707703024
1200,121.71560739020109,121.71560739020109,-0.008845859590157306,0.0,4.850792048615383,159,0.34494396012627143,-0.09209327880982647,13886.784671019817
1201,121.66884468664156,121.66884468664156,-0.00038427026653441366,0.0,4.850792048615383,159,0.3449600578140894,-0.07132689556998557,13885.709567128119
1202,121.66337957775295,121.66337957775295,-4.491890793381589e-05,0.0,4.850792048615383,159,0.3449652568759102,-0.03283292901252307,13885.550937838625
1203,122.66685561737647,122.66685561737647,0.008214142478424474,0.0,4.850792048615383,159,0.3448067618077898,-0.06294679226026231,13897.809204684077
1204,121.84978417616968,121.84978417616968,-0.006683181014561453,0.0,4.850792048615383,159,0.344780128009089,-0.07531633810537548,13893.02492695297
1205,121.4175290743572,121.4175290743572,-0.003553749584800193,0.0,4.850792048615383,159,0.3444846309441371,-0.05697269258612525,13869.144344218135
1206,121.26702916358907,121.26702916358907,-0.001240292593430934,0.0,4.850792048615383,159,0.3444725574784472,-0.05377112651704536,13867.41858412633
1207,120.57352696547122,120.57352696547122,-0.005735217534629462,0.0,4.850792048615383,159,0.3443355739358771,-0.04850262834677456,13842.743962027052
1208,120.09227053294975,120.09227053294975,-0.00399938070968322,0.0,4.850792048615383,159,0.3441881906938001,-0.034050026468757315,13830.744574955905
1209,120.1531388334319,120.1531388334319,0.0005067177095709834,0.0,4.850792048615383,159,0.3442063057879873,-0.043571185601238634,13831.712109762655
1210,121.09396179740213,121.09396179740213,0.007799701891654372,0.0,4.850792048615383,159,0.34446735547136964,-0.017615152071504388,13852.88452497075
1211,120.95903215017728,120.95903215017728,-0.001114877027548669,0.0,4.850792048615383,159,0.34442466027433427,-0.0012783748087859996,13849.927951926973
1212,120.22542846268288,120.22542846268288,-0.0060833599977208426,0.0,4.850792048615383,159,0.34422502316429204,0.022714322888354996,13833.301326454022
1213,120.86502222721307,120.86502222721307,0.005305853161669016,0.0,4.850792048615383,159,0.3444067060016426,0.011741069675349072,13847.63558030557
1214,120.89192432207952,120.89192432207952,0.0002225548871416094,0.0,4.850792048615383,159,0.3444154944290394,0.01961113362508117,13848.217612206608
1215,120.62451947768152,120.62451947768152,-0.0022143829998410337,0.0,4.850792048615383,159,0.3443302207868103,0.015877668501070315,13842.395002001356
1216,120.15480415215707,120.15480415215707,-0.003901630042855025,0.0,4.850792048615383,159,0.34420730007534317,0.0182474456244943,13831.749036925174
1217,119.78427076082244,119.78427076082244,-0.003088564761861393,0.0,4.850792048615383,159,0.34413602390512393,0.036090736801491656,13823.190684627509
1218,118.84541550040514,118.84541550040514,-0.007868762008725692,0.0,4.850792048615383,159,0.3439243828580309,0.026787253841695335,13802.878373830437
1219,118.8342085883697,118.8342085883697,-9.430267391829239e-05,0.0,4.850792048615383,159,0.34392328598524785,-0.0012610120515324204,13802.617896456008
1220,119.70411262149308,119.70411262149308,0.007293653154697735,0.0,4.850792048615383,159,0.34409393265339117,-0.013882531932926474,13821.877988138269
1221,119.219001414838,119.219001414838,-0.004060819944069802,0.0,4.850792048615383,159,0.34398958951126685,-0.015031773116123774,13811.137393819236
1222,118.87112372587279,118.87112372587279,-0.0029222374201132244,0.0,4.850792048615383,159,0.3439293985839565,-0.014972892693965933,13803.435215270152
1223,119.08811183698258,119.08811183698258,0.0018237423795639275,0.0,4.850792048615383,159,0.34396674752456075,-0.01406405256748457,13808.239435913812
1224,118.96313620355582,118.96313620355582,-0.0010499894114176145,0.0,4.850792048615383,159,0.34394518981964095,-0.061504303678818636,13805.472415568816
1225,118.7765353610625,118.7765353610625,-0.0015697916934473283,0.0,4.850792048615383,159,0.3439151111515471,-0.024452681917476862,13801.340983597514
1226,118.85761317642934,118.85761317642934,0.0006823751469381578,0.0,4.850792048615383,159,0.3439270840706781,-0.011735334425264742,13803.136085238504
1227,118.1208091736868,118.1208091736868,-0.006218341481457523,0.0,4.850792048615383,159,0.3438491459387127,-0.028944109953852104,13786.725548461627
1228,118.4265593741349,118.4265593741349,0.002585109042616774,0.0,4.850792048615383,159,0.34391448928085144,-0.02735382946522961,13791.273524231765
1229,119.21189943582314,119.21189943582314,0.006609560798102475,0.0,4.850792048615383,159,0.3440431846775583,0.015762034090737995,13805.103551815553
1230,120.07588216384914,120.07588216384914,0.007221317167020915,0.0,4.850792048615383,159,0.34417762831202026,0.0015256153887258748,13819.995272326103
1231,120.46908457962402,120.46908457962402,0.003269266210918148,0.0,4.850792048615383,159,0.34422883545023,0.007639280667405672,13824.932766830398
1232,119.70451453740982,119.70451453740982,-0.006366833222110384,0.0,4.850792048615383,159,0.34417697166982225,-0.01155070311028275,13806.99829098629
1233,119.99420360190065,119.99420360190065,0.0024171110115242555,0.0,4.850792048615383,159,0.34423758035153457,-0.026199463426002486,13813.5163720207
1234,120.30603785026904,120.30603785026904,0.0025953733672999524,0.0,4.850792048615383,159,0.34430382220420097,-0.01638759354536305,13820.431689848685
1235,120.51666652962727,120.51666652962727,0.0017492431505434455,0.0,4.850792048615383,159,0.34435529725032316,-0.00847718246534556,13824.884023554856
1236,120.94693544129322,120.94693544129322,0.003563844517825174,0.0,4.850792048615383,159,0.34446689210279186,0.00041170927183399055,13833.87308981001
1237,122.06689157052091,122.06689157052091,0.009217286704428356,0.0,4.850792048615383,159,0.34479301150644326,0.033427427468485746,13857.270677493829
1238,121.62950827782826,121.62950827782826,-0.003589579186298264,0.0,4.850792048615383,159,0.34466081307054575,0.02029791507274115,13848.133653727036
1239,121.81613989714477,121.81613989714477,0.0015332511160307117,0.0,4.850792048615383,159,0.344716803607184,0.0022920095122831836,13852.031985008192
1240,122.4099268731072,122.4099268731072,0.004862610726376481,0.0,4.850792048615383,159,0.3448990113576911,0.002129876661684151,13864.43466189969
1241,122.31159444614744,122.31159444614744,-0.0008036271736276057,0.0,4.850792048615383,159,0.34486843583016474,-0.0013236951961223644,13862.380751374689
1242,123.72110648478076,123.72110648478076,0.011458049715658326,0.0,4.850792048615383,159,0.3453389091854312,0.0009128966517881924,13891.821818790337
1243,123.90564202561013,123.90564202561013,0.001490433292040792,0.0,4.850792048615383,159,0.345405031378248,0.03472551471113542,13895.676289805291
1244,124.45913920362612,124.45913920362612,0.004457138339780869,0.0,4.850792048615383,159,0.3456058932144257,0.056692027765058196,13907.237416837694
1245,123.93922860488786,123.93922860488786,-0.004186109293281916,0.0,4.850792048615383,159,0.3454179901749541,0.05180286034718284,13896.359949839254
1246,123.62438608365935,123.62438608365935,-0.002543529600383253,0.0,4.850792048615383,159,0.3453128632175723,0.04783359092655408,13889.63232699949
1247,123.01559939166405,123.01559939166405,-0.004936652320936884,0.0,4.850792048615383,159,0.34512197718232995,0.05102564749516142,13876.527808476842
1248,121.96124259240466,121.96124259240466,-0.008607861061069201,0.0,4.850792048615383,159,0.34481538201317474,0.06703312551229762,13853.963790284297
1249,121.60529191891031,121.60529191891031,-0.0029228229371702982,0.0,4.850792048615383,159,0.3447172892604878,0.037949917339153635,13846.34618163605
1250,120.92121833963378,120.92121833963378,-0.0056412422104900545,0.0,4.850792048615383,159,0.34454091221005295,0.06760291084253339,13831.70649922619
1251,120.45003355802201,120.45003355802201,-0.003904237778380748,0.0,4.850792048615383,159,0.3444315983617244,0.07922516275808607,13821.622795121655
1252,122.22772263143024,122.22772263143024,0.014650876119433153,0.0,4.850792048615383,159,0.3448903545881363,0.03834960373094637,13859.66666093752
1253,122.05553397771996,122.05553397771996,-0.0014097460842587264,0.0,4.850792048615383,159,0.3448457149170814,0.027622483519996754,13855.467256256135
1254,122.04139917778676,122.04139917778676,-0.00011581300728587768,0.0,4.850792048615383,159,0.3447937112442348,0.02681985967120818,13851.559877805536
1255,122.72322138159842,122.72322138159842,0.005571262430333866,0.0,4.850792048615383,159,0.34485430155936075,0.028530463922306293,13864.056125027362
1256,122.3515260358797,122.3515260358797,-0.003033324605123063,0.0,4.850792048615383,159,0.34470487057303323,0.017283423069769755,13854.099472731637
1257,122.11226360864615,122.11226360864615,-0.001957447391108149,0.0,4.850792048615383,159,0.34470437301699547,0.0212329065318501,13845.387323304787
1258,122.88798174235619,122.88798174235619,0.006332407747174475,0.0,4.850792048615383,159,0.34494230002875087,0.012940298893271328,13858.882029891422
1259,123.32699034520101,123.32699034520101,0.003566063138685887,0.0,4.850792048615383,159,0.34508464543530926,0.056572970893647934,13866.519201213003
1260,122.4586767082384,122.4586767082384,-0.007065645932869837,0.0,4.850792048615383,159,0.34480852539527523,0.03836658463125562,13851.413665778446
1261,123.7862202629141,123.7862202629141,0.01078240753574133,0.0,4.850792048615383,159,0.3452352909864817,-0.011324113389577211,13874.508150711583
1262,124.20829855380576,124.20829855380576,0.003403935703494182,0.0,4.850792048615383,159,0.3453767907798973,0.010544525444063702,13881.85079547474
1263,124.44179793213702,124.44179793213702,0.0018781367895551915,0.0,4.850792048615383,159,0.34545899531210084,0.048842657462822216,13885.912845157234
1264,124.45296857856835,124.45296857856835,8.976200339945571e-05,0.0,4.850792048615383,159,0.34546294704362057,0.03229437499133947,13886.107174243307
1265,124.95492720237819,124.95492720237819,0.0040252077824414565,0.0,4.850792048615383,159,0.34564138300578623,0.027188382259278672,13894.839449605426
1266,124.81202290021861,124.81202290021861,-0.0011443012591892119,0.0,4.850792048615383,159,0.3455903931811471,0.016434245523851785,13892.35342853178
1267,125.63911352944818,125.63911352944818,0.006604830369335661,0.0,4.850792048615383,159,0.3458929698728528,-0.009775875481561438,13906.741831840889
1268,126.5389830294119,126.5389830294119,0.00713680792850766,0.0,4.850792048615383,159,0.3462550555942568,0.013933711576053723,13922.396325838848
1269,125.90625338442136,125.90625338442136,-0.005012817662414508,0.0,4.850792048615383,159,0.3459994307046865,-0.008534118334398837,13911.389104869324
1270,126.03764042784324,126.03764042784324,0.0010429866216979833,0.0,4.850792048615383,159,0.34605212568811416,-0.0014888148136254437,13913.674767048942
1271,127.34615623392969,127.34615623392969,0.010328422382236802,0.0,4.850792048615383,159,0.34660818016504014,-0.007636226747489487,13936.438237567103
1272,125.81685533839219,125.81685533839219,-0.012081697783072116,0.0,4.850792048615383,159,0.3459637126011494,-0.059860840700273636,13909.833900281272
1273,125.64840560985162,125.64840560985162,-0.0013397457215481117,0.0,4.850792048615383,159,0.34589666105686473,-0.043613070884306944,13906.903480632085
1274,125.18786559759806,125.18786559759806,-0.0036720409494653728,0.0,4.850792048615383,159,0.3457250479864846,-0.03878788128536568,13898.891740198686
1275,125.14994617623692,125.14994617623692,-0.0003029460182818823,0.0,4.850792048615383,159,0.34571138744126967,-0.04416073731084896,13898.232078598721
1276,125.64991552430891,125.64991552430891,0.003987003876180981,0.0,4.850792048615383,159,0.34589726084685274,-0.05659321086180974,13906.929747715047
1277,125.61234040010116,125.61234040010116,-0.0002990908789672215,0.0,4.850792048615383,159,0.34588233404090307,-0.07876217323543974,13906.2760756477
1278,126.473029503401,126.473029503401,0.006828579128449571,0.0,4.850792048615383,159,0.3462299454263844,-0.09078658553276123,13921.212519170267
1279,125.76124397672163,125.76124397672163,-0.005643859624959398,0.0,4.850792048615383,159,0.34591953183538854,-0.10733785033677636,13904.461030336253
1280,125.699164641126,125.699164641126,-0.0004937503855818601,0.0,4.850792048615383,159,0.3458833645916084,-0.08520852833250667,13898.492023131454
1281,125.95941855849995,125.95941855849995,0.0020683102228705517,0.0,4.850792048615383,159,0.3459279510577688,-0.09902621980132359,13899.669249970862
1282,126.76896695909863,126.76896695909863,0.006406491837519617,0.0,4.850792048615383,159,0.3460529329454653,-0.09256194698322821,13916.80630496417
1283,127.29799468815371,127.29799468815371,0.004164480814016961,0.0,4.850792048615383,159,0.34625299907045093,-0.08123542557190433,13926.182641617352
1284,127.76577203597654,127.76577203597654,0.003667928834230674,0.0,4.850792048615383,159,0.346428654070026,-0.08018677285291645,13934.361269943733
1285,127.69874333052401,127.69874333052401,-0.0005247594320058645,0.0,4.850792048615383,159,0.3464033710923019,-0.08384665867675191,13933.189338742604
1286,127.23356391213473,127.23356391213473,-0.0036494388624794508,0.0,4.850792048615383,159,0.3462290041800885,-0.07968538069976906,13925.05613266541
1287,127.20064057004117,127.20064057004117,-0.0002587965116114834,0.0,4.850792048615383,159,0.34621676717778205,-0.07200607322810366,13924.480500306341
1288,126.66092606086835,126.66092606086835,-0.004252044368116515,0.0,4.850792048615383,159,0.346017755054466,-0.07072207415297342,13915.044121239625
1289,125.71125520235583,125.71125520235583,-0.007525990671742186,0.0,4.850792048615383,159,0.3457066248250555,-0.06302291573155694,13898.440057318365
1290,124.89343226689581,124.89343226689581,-0.006526819964509925,0.0,4.850792048615383,159,0.34545131399111856,-0.03621701042787866,13884.1412250704
1291,125.09253709832551,125.09253709832551,0.0015929283874317776,0.0,4.850792048615383,159,0.34551105342658145,-0.029462774461207153,13887.622377849237
1292,125.70162158413659,125.70162158413659,0.0048572557392715585,0.0,4.850792048615383,159,0.3457035092064609,-0.020730339437668298,13898.271622948423
1293,126.1715127854894,126.1715127854894,0.003731177981078748,0.0,4.850792048615383,159,0.34585636671782216,-0.01529242326451314,13906.487209931392
1294,126.4268861807657,126.4268861807657,0.002021972295363071,0.0,4.850792048615383,159,0.34594026111175397,-0.01423478720122487,13910.952163384423
1295,125.87102873314417,125.87102873314417,-0.004406364968895476,0.0,4.850792048615383,159,0.34575839027078237,-0.019396777896744787,13901.23354086517
1296,125.42574451676205,125.42574451676205,-0.0035438949466600534,0.0,4.850792048615383,159,0.3456147743388553,-0.021375373928530547,13893.448182890179
1297,125.24309124877222,125.24309124877222,-0.0014573275513779444,0.0,4.850792048615383,159,0.34555640772956664,0.004423617005988549,13890.25466956928
1298,125.87810509355567,125.87810509355567,0.00505744005323519,0.0,4.850792048615383,159,0.34576068871484067,0.0015384620314735323,13901.35726408943
1299,126.50957135444042,126.50957135444042,0.005003949379819183,0.0,4.850792048615383,159,0.345967561485029,0.011171041696846542,13912.397832583101
1300,127.06999465627473,127.06999465627473,0.004420105476808667,0.0,4.850792048615383,159,0.34616825734307793,0.02482281381774009,13922.196284586984
1301,125.89949633309004,125.89949633309004,-0.009254133152198113,0.0,4.850792048615383,159,0.34576763646823605,0.010153128008349097,13901.731268941114
1302,125.8513501289438,125.8513501289438,-0.0003824909064643036,0.0,4.850792048615383,159,0.34575199832770426,0.007813378794229853,13900.889479763267
1303,125.83909706602053,125.83909706602053,-9.736613422970838e-05,0.0,4.850792048615383,159,0.3457480181660243,0.004803387517880989,13900.675246970732
1304,126.75690473498169,126.75690473498169,0.007267032744099175,0.0,4.850792048615383,159,0.3460528404395795,0.014431336723619646,13916.722214260772
1305,126.77667355444126,126.77667355444126,0.00015594636129079021,0.0,4.850792048615383,159,0.34606009541094745,0.005862195158500465,13917.067852688035
1306,127.39766390521334,127.39766390521334,0.0048863437006287655,0.0,4.850792048615383,159,0.34629203594979213,-0.004796648797095223,13927.889071213705
1307,127.19738043569427,127.19738043569427,-0.001573349641217001,0.0,4.850792048615383,159,0.3461718204671546,-0.041400740277092465,13920.483167137674
1308,127.1658851239865,127.1658851239865,-0.0002476404114362346,0.0,4.850792048615383,159,0.34613371029279894,-0.06438331977187013,13915.291236000161
1309,127.23309856819046,127.23309856819046,0.0005284097034696415,0.0,4.850792048615383,159,0.3461052936426845,-0.08021067372231135,13913.149627316589
1310,128.55221337871544,128.55221337871544,0.01031432567414201,0.0,4.850792048615383,159,0.34634529799010516,-0.10003905839053429,13941.73074711536
1311,129.0380052773416,129.0380052773416,0.0037718239232329104,0.0,4.850792048615383,159,0.3465163073763325,-0.04097860624857361,13949.505232151158
1312,129.19756901378162,129.19756901378162,0.0012357999643169797,0.0,4.850792048615383,159,0.3465713867376214,-0.02300593187861433,13952.150277720973
1313,129.15027985987624,129.15027985987624,-0.00036608901246674487,0.0,4.850792048615383,159,0.34655384077056883,-0.025179634200041177,13951.312649463189
1314,129.47824980057297,129.47824980057297,0.0025362253493934274,0.0,4.850792048615383,159,0.346665248044546,-0.02299102451682383,13956.644365491955
1315,129.1630527905077,129.1630527905077,-0.002437330487786409,0.0,4.850792048615383,159,0.3465581682532598,-0.013586482737401942,13951.520295440856
1316,129.54507826009905,129.54507826009905,0.00295333390345749,0.0,4.850792048615383,159,0.3466883374391493,-0.027422347546895407,13957.730777155402
1317,129.82597339351318,129.82597339351318,0.0021659721965120544,0.0,4.850792048615383,159,0.34679311704206417,-0.013967745299219247,13962.297211146413
1318,129.95163011462796,129.95163011462796,0.0009674177390045608,0.0,4.850792048615383,159,0.3468401924896808,-0.025158555851641236,13964.33997748246
1319,128.7967129340122,128.7967129340122,-0.008927012530862328,0.0,4.850792048615383,159,0.34643473652392526,-0.008025885108692801,13945.564810372
1320,128.61022033483138,128.61022033483138,-0.0014490101680088515,0.0,4.850792048615383,159,0.3463723454986308,0.06568428842358802,13942.533052101144
1321,129.2239306629518,129.2239306629518,0.004760513568601982,0.0,4.850792048615383,159,0.3465788077973786,0.04151318222347842,13952.50997006658
1322,128.40282243567833,128.40282243567833,-0.0063744234459756225,0.0,4.850792048615383,159,0.34630330010200433,0.015247856349012929,13939.161442188059
1323,128.35022831099468,128.35022831099468,-0.00040968646928505773,0.0,4.850792048615383,159,0.34628599250530295,0.02083736586988672,13938.306434143726
1324,129.82875176520673,129.82875176520673,0.011453601815928294,0.0,4.850792048615383,159,0.3467941560360407,0.013414823759971075,13962.342378361618
1325,129.10353280655582,129.10353280655582,-0.005601625584763826,0.0,4.850792048615383,159,0.34653801482350943,-0.029691234296107274,13950.552695630355
1326,129.05087915523725,129.05087915523725,-0.0004079237046430485,0.0,4.850792048615383,159,0.3465202541768903,-0.018543903596065475,13949.696719878091
1327,128.92894095234973,128.92894095234973,-0.0009453313977622336,0.0,4.850792048615383,159,0.3464791928443842,-0.04739691090658862,13947.714404457738
1328,128.24635386292988,128.24635386292988,-0.00530835353195754,0.0,4.850792048615383,159,0.34625497947124856,-0.01623324099241758,13936.617776157113
1329,126.79895252887397,126.79895252887397,-0.011350272572357675,0.0,4.850792048615383,159,0.345836410163979,0.030800102442632617,13913.087775583122
1330,126.51221237696382,126.51221237696382,-0.002263937118511891,0.0,4.850792048615383,159,0.34576023186001925,0.04217931664870754,13908.426320753502
1331,126.22517823301312,126.22517823301312,-0.002271403266965889,0.0,4.850792048615383,159,0.34568443077783734,0.13839996088277504,13903.66630259722
1332,127.30673815344059,127.30673815344059,0.008531994684075572,0.0,4.850792048615383,159,0.3458715765205081,0.1180259186376217,13918.39422449257
1333,126.69222288652716,126.69222288652716,-0.004838732122243524,0.0,4.850792048615383,159,0.3457008653838558,0.08075618470000792,13897.941543125311
1334,127.42525000554987,127.42525000554987,0.005769214874067457,0.0,4.850792048615383,159,0.3458662141517534,0.05755777127663421,13906.444936185035
1335,126.97237168914285,126.97237168914285,-0.003560401168829517,0.0,4.850792048615383,159,0.3458202960027761,0.04313596472048124,13892.225264323804
1336,127.21642624577399,127.21642624577399,0.0019202626835482842,0.0,4.850792048615383,159,0.3458877871559027,0.040222774048609605,13896.299869201617
1337,126.44286284378278,126.44286284378278,-0.006099250714359156,0.0,4.850792048615383,159,0.3456697673982595,0.03338173234237616,13883.235913728964
1338,126.45730052853588,126.45730052853588,0.00011417695090641291,0.0,4.850792048615383,159,0.3456737963506237,0.06279967075521457,13883.479737661504
1339,125.48015319527312,125.48015319527312,-0.007757101761635049,0.0,4.850792048615383,159,0.34541900742347725,0.05903259618174825,13866.977652352003
1340,124.60742964295318,124.60742964295318,-0.006979371667008474,0.0,4.850792048615383,159,0.34520176036130046,0.09492923227985697,13852.239078114784
1341,125.49387343262025,125.49387343262025,0.0070887075815263935,0.0,4.850792048615383,159,0.3454224757140563,0.04931423681687387,13867.209360017227
1342,125.60638759109541,125.60638759109541,0.0008961692476674071,0.0,4.850792048615383,159,0.34545102426725266,0.03583923863941071,13869.10950156035
1343,125.03236968159048,125.03236968159048,-0.004580448126614971,0.0,4.850792048615383,159,0.34530668514527896,0.0203431083604137,13859.415474682946
1344,125.69131858592523,125.69131858592523,0.005256387428692732,0.0,4.850792048615383,159,0.3454726732951555,0.004489582815983912,13870.543818038932
1345,125.42271546483575,125.42271546483575,-0.002139292808106051,0.0,4.850792048615383,159,0.34540450400535094,-0.0031036051125154667,13866.00764271743
1346,125.57741453620527,125.57741453620527,0.0012326614409088811,0.0,4.850792048615383,159,0.34544365793602955,-0.005161612314468973,13868.620203982391
1347,125.95559031911407,125.95559031911407,0.003006969745998519,0.0,4.850792048615383,159,0.3455402800136699,-0.002188294405540159,13875.006844787837
1348,125.0558864278209,125.0558864278209,-0.007168658229547234,0.0,4.850792048615383,159,0.3453125274559052,-0.03679261476264714,13859.812626002185
1349,125.04043640196141,125.04043640196141,-0.00012355260328755067,0.0,4.850792048615383,159,0.3453086892139081,-0.07187957946212703,13859.551705631133
1350,124.23973332218223,124.23973332218223,-0.006424143840961092,0.0,4.850792048615383,159,0.34511256553650366,-0.06426812135677988,13846.029414692695
1351,124.29104132860294,124.29104132860294,0.00041289057439038824,0.0,4.850792048615383,159,0.3451248587017997,-0.07247377797048161,13846.89590541543
1352,123.79335598643084,123.79335598643084,-0.004012231443840984,0.0,4.850792048615383,159,0.3450066836423517,-0.0887488487094975,13838.490984586973
1353,124.43037093461861,124.43037093461861,0.005132598358148637,0.0,4.850792048615383,159,0.3451584890181943,-0.108231989660848,13849.2489068169
1354,124.8581538307457,124.8581538307457,0.0034320337562996797,0.0,4.850792048615383,159,0.3452635208740073,-0.08754381252386283,13856.473313623868
1355,125.19407604105746,125.19407604105746,0.0026868179705407456,0.0,4.850792048615383,159,0.3453470102716984,-0.09120296121710741,13862.146375180931
1356,125.59675505109117,125.59675505109117,0.0032112765393018457,0.0,4.850792048615383,159,0.34546970880526556,-0.0886061453516704,13867.402152920027
1357,126.12979281172687,126.12979281172687,0.004235060321313423,0.0,4.850792048615383,159,0.3454976017019224,-0.07305064053649012,13874.422124096802
1358,126.08686071705547,126.08686071705547,-0.000340438226305629,0.0,4.850792048615383,159,0.34542953022661227,-0.0932123036872408,13869.574576152658
1359,125.82171477146895,125.82171477146895,-0.002105097398824747,0.0,4.850792048615383,159,0.34538894190052616,-0.11042841068211462,13860.375940100745
1360,126.2449960965206,126.2449960965206,0.0033584896748893134,0.0,4.850792048615383,159,0.34552532378191186,-0.08638775991206403,13866.729996876515
1361,126.54175847167564,126.54175847167564,0.0023479276989311635,0.0,4.850792048615383,159,0.3455503495840024,-0.08847545876347138,13872.475200071523
1362,126.58738945909131,126.58738945909131,0.0003605352309915949,0.0,4.850792048615383,159,0.34555337177021167,-0.08808206286472466,13873.364114731909
1363,125.71077907898585,125.71077907898585,-0.0069490310828471845,0.0,4.850792048615383,159,0.3455098610830026,-0.0858596609372523,13856.057805720136
1364,126.30173921224863,126.30173921224863,0.004689935408561397,0.0,4.850792048615383,159,0.34554459222699585,-0.11352758429092749,13867.315913851118
1365,126.57203175754344,126.57203175754344,0.0021377673706191925,0.0,4.850792048615383,159,0.3455693085848285,-0.10599366608062111,13872.368205381163
1366,128.56285682636388,128.56285682636388,0.015606375801033402,0.0,4.850792048615383,159,0.34583189613608883,-0.06411599965520759,13910.26044557256
1367,129.48524388362344,129.48524388362344,0.007148984884319504,0.0,4.850792048615383,159,0.346038675089322,0.0046055181764690185,13927.624344663585
1368,128.8764046954579,128.8764046954579,-0.00471308585105184,0.0,4.850792048615383,159,0.34588193424350966,-0.016501548236253178,13915.642758089047
1369,128.41958175442232,128.41958175442232,-0.0035509564479138263,0.0,4.850792048615383,159,0.345791218299192,-0.007313286817936802,13906.98167081988
1370,129.43208729763728,129.43208729763728,0.007853435666412488,0.0,4.850792048615383,159,0.3460181890184725,-0.04880255468810717,13926.41352109151
1371,130.14714239531705,130.14714239531705,0.005509353789174144,0.0,4.850792048615383,159,0.3461947832869891,-0.024859675339687012,13939.883235638643
1372,130.38334476644602,130.38334476644602,0.001813242192256462,0.0,4.850792048615383,159,0.34625285163565606,-0.01892513297753549,13944.266134858233
1373,129.88430537237318,129.88430537237318,-0.003834821618232952,0.0,4.850792048615383,159,0.34612343994777695,-0.022123899902746196,13934.611186683214
1374,129.6008695465426,129.6008695465426,-0.002184602173465984,0.0,4.850792048615383,159,0.3460429163127904,-0.012831403057504185,13928.925717060867
1375,128.6273992378352,128.6273992378352,-0.00753964641283138,0.0,4.850792048615383,159,0.34583722229040403,0.0017378058026769033,13910.199543141527
1376,129.24316228997134,129.24316228997134,0.004775762063283429,0.0,4.850792048615383,159,0.34597655041009534,-0.02357853310305493,13922.360011680348
1377,129.61619883588324,129.61619883588324,0.002882158114884023,0.0,4.850792048615383,159,0.3460584821654436,-0.016516489845864832,13929.211190917953
1378,130.04155327960422,130.04155327960422,0.0032762728686797356,0.0,4.850792048615383,159,0.3461623855080021,-0.00577234846201932,13937.315943430012
1379,131.02254611509912,131.02254611509912,0.0075153761474149785,0.0,4.850792048615383,159,0.34639939009636056,-0.0007886172347139122,13955.715406841407
1380,130.87968872269818,130.87968872269818,-0.0010909216307941013,0.0,4.850792048615383,159,0.34635092877008955,-0.002086213168013069,13952.448469685158
1381,130.880599541554,130.880599541554,6.959182860549294e-06,0.0,4.850792048615383,159,0.34635127436336294,0.016224307525050302,13951.916324522945
1382,130.79986040552507,130.79986040552507,-0.0006170819067447209,0.0,4.850792048615383,159,0.3463074531394012,0.013788956920172145,13946.92016290086
1383,130.37740277041007,130.37740277041007,-0.003235028948619709,0.0,4.850792048615383,159,0.3461788358505898,0.020330613895163312,13935.214905738156
1384,130.86475341932464,130.86475341932464,0.0037310304077501732,0.0,4.850792048615383,159,0.3462713008897676,0.05683264931745256,13942.628122447493
1385,130.5359226509191,130.5359226509191,-0.0025159150068202697,0.0,4.850792048615383,159,0.34617019958034767,0.04909830140616531,13933.011385947024
1386,130.43291494756963,130.43291494756963,-0.0007894253555087054,0.0,4.850792048615383,159,0.3461654125071867,0.05040613738229354,13929.2565321847
1387,130.92782812914209,130.92782812914209,0.0037872081881080706,0.0,4.850792048615383,159,0.3462167136612219,0.04321722372579618,13936.028454618023
1388,130.642378965262,130.642378965262,-0.002182582491838863,0.0,4.850792048615383,159,0.3461941465674677,-0.006432251405766409,13931.177644877158
1389,130.2437502638885,130.2437502638885,-0.003055961716177311,0.0,4.850792048615383,159,0.34618990037449066,-0.02458128512215642,13924.598462036605
1390,129.60380978883873,129.60380978883873,-0.004925516858452903,0.0,4.850792048615383,159,0.3461545611175898,-0.015640564578439636,13914.259220786429
1391,129.83347792062435,129.83347792062435,0.001770510274822071,0.0,4.850792048615383,159,0.34616061339617676,-0.004818846537925194,13917.328486591381
1392,130.40141681863344,130.40141681863344,0.004364824327351653,0.0,4.850792048615383,159,0.3461952134659993,0.031372288407486425,13925.618038011802
1393,130.18905354795558,130.18905354795558,-0.00162986249950104,0.0,4.850792048615383,159,0.3461968644975549,0.047550266802371996,13921.901468202592
1394,129.14375543103284,129.14375543103284,-0.008061485023651348,0.0,4.850792048615383,159,0.3461481616329711,0.0752408126062073,13905.320320439476
1395,128.44233167771495,128.44233167771495,-0.00544614419904652,0.0,4.850792048615383,159,0.3461619983617924,0.1139674246521443,13894.091950987977
1396,128.27211385354133,128.27211385354133,-0.0013261259900425575,0.0,4.850792048615383,159,0.3461574689577427,0.12866971882048983,13891.003810769424
1397,129.23564627631293,129.23564627631293,0.007483556371710917,0.0,4.850792048615383,159,0.34615315863762697,0.11841792401123144,13905.347587327078
1398,128.47379146205404,128.47379146205404,-0.005912527227192438,0.0,4.850792048615383,159,0.34612874262083815,0.0822547976530742,13893.14984376712
1399,128.76745711689802,128.76745711689802,0.002283193570539825,0.0,4.850792048615383,159,0.34613199480598333,0.03122806874024715,13897.207693660863
1400,128.86511118244644,128.86511118244644,0.0007580879301856081,0.0,4.687789866366049,140,0.4034426603384703,0.07158339863026893,12536.171114927141
1401,129.37248024452632,129.37248024452632,0.003929479919056627,0.0,4.687789866366049,140,0.4035381309769514,0.07187119583514041,12538.638701747672
1402,130.12254653438575,130.12254653438575,0.0057809846153112675,0.0,4.687789866366049,140,0.4036513214942925,0.08574933527814957,12542.974369154554
1403,131.37134903617704,131.37134903617704,0.009551366336313429,0.0,4.687789866366049,140,0.40385446465211167,0.13573268842284522,12550.190549287709
1404,131.52942673321937,131.52942673321937,0.001202565611533377,0.0,4.687789866366049,140,0.4038843427544867,0.15031320759458075,12550.991849366876
1405,132.48482872547825,132.48482872547825,0.0072375346632471355,0.0,4.687789866366049,140,0.40406455649268685,0.14958959338759423,12555.734674057725
1406,132.51613891455244,132.51613891455244,0.00023630245201532846,0.0,4.687789866366049,140,0.4040662317006461,0.14581910404264214,12555.826383796251
1407,132.5047354656123,132.5047354656123,-8.605698682304952e-05,0.0,4.687789866366049,140,0.404064897104429,0.15970181773108455,12555.372425996131
1408,132.76112024289256,132.76112024289256,0.0019330407709685802,0.0,4.687789866366049,140,0.40410708398533307,0.15980289660497562,12556.318386130097
1409,133.82965067363872,133.82965067363872,0.008016302658532351,0.0,4.687789866366049,140,0.4042815978261535,0.15188847839696196,12560.866804838519
1410,134.7403913076942,134.7403913076942,0.0067821721167696065,0.0,4.687789866366049,140,0.40441373287500937,0.17973715619988523,12565.90981300965
1411,135.6633116196717,135.6633116196717,0.00682626669553874,0.0,4.687789866366049,140,0.4045323693484501,0.19409573860013857,12570.309346268166
1412,136.3689463857161,136.3689463857161,0.005187887303138575,0.0,4.687789866366049,140,0.4046524131922545,0.22736397281630913,12573.492430121201
1413,135.83229654781655,135.83229654781655,-0.0039430424888332915,0.0,4.687789866366049,140,0.4045642371225881,0.2038101411531851,12571.087831939443
1414,134.35136885482166,134.35136885482166,-0.01096248747511577,0.0,4.687789866366049,140,0.4043600252204557,0.22701518023661593,12563.155946252924
1415,134.32825903371838,134.32825903371838,-0.00017202510917463555,0.0,4.687789866366049,140,0.40436024326633696,0.23656976996590479,12562.825809650129
1416,134.39945755738577,134.39945755738577,0.0005298934269715811,0.0,4.687789866366049,140,0.404369062450316,0.23335467035544724,12563.060777105506
1417,134.50151768210355,134.50151768210355,0.0007590908104935364,0.0,4.687789866366049,140,0.40438605443754283,0.238154932612288,12563.442740170582
1418,133.53533919521848,133.53533919521848,-0.007209326977263889,0.0,4.687789866366049,140,0.4042422434886755,0.22689337841939838,12557.937636915372
1419,134.2209849640246,134.2209849640246,0.005121427250016486,0.0,4.687789866366049,140,0.40434891251279464,0.20825379989514733,12561.628362549742
1420,133.3232642309316,133.3232642309316,-0.006710845812583243,0.0,4.687789866366049,140,0.40418112625021757,0.17891609811489367,12557.066143107062
1421,131.51368725865817,131.51368725865817,-0.01366580550175177,0.0,4.687789866366049,140,0.40387749734124007,0.22083296469994862,12545.009122307538
1422,131.20506715899862,131.20506715899862,-0.0023494344155583122,0.0,4.687789866366049,140,0.4038236610461938,0.24266844470394394,12540.598808797486
1423,131.79013474137392,131.79013474137392,0.004449271646894811,0.0,4.687789866366049,140,0.4039513361144644,0.2596143338360283,12543.959862187174
1424,131.70523060355066,131.70523060355066,-0.0006444450410015282,0.0,4.687789866366049,140,0.4039246173357275,0.25531730534659686,12541.655557038948
1425,131.44266292832108,131.44266292832108,-0.0019955908355758587,0.0,4.687789866366049,140,0.4038591024895979,0.24367377445738647,12538.90904515327
1426,132.04965034540004,132.04965034540004,0.004607257670922939,0.0,4.687789866366049,140,0.40398721008424476,0.20386865985833733,12546.525791188891
1427,132.08679106652886,132.08679106652886,0.00028122375825971575,0.0,4.687789866366049,140,0.40399549974169807,0.23291828887730365,12546.88222793127
1428,132.19849228696373,132.19849228696373,0.0008453079616752573,0.0,4.687789866366049,140,0.4040261369677142,0.22298075794550012,12548.237552902736
1429,131.13604900115536,131.13604900115536,-0.008069196281019769,0.0,4.687789866366049,140,0.4037864378774093,0.23171792435014982,12534.404446633536
1430,130.56541397701463,130.56541397701463,-0.0043609685785492595,0.0,4.687789866366049,140,0.40372783917531907,0.2363205293193023,12526.649716586016
1431,131.0063136312497,131.0063136312497,0.003371159993664891,0.0,4.687789866366049,140,0.40379169478903865,0.22301364097843396,12532.275209500662
1432,129.7400234126513,129.7400234126513,-0.009712889455045408,0.0,4.687789866366049,140,0.40368220991930664,0.19374180777988842,12515.237066477406
1433,129.98035297764017,129.98035297764017,0.001850679849794195,0.0,4.687789866366049,140,0.4037130647049387,0.1774983542334604,12518.267274939853
1434,130.59618745208874,130.59618745208874,0.004726715766550397,0.0,4.687789866366049,140,0.4037721311515737,0.169767716751912,12526.353097261386
1435,132.20673519640144,132.20673519640144,0.012256849283062178,0.0,4.687789866366049,140,0.4040995825814256,0.21651355993158233,12547.11919328003
1436,131.7900692038784,131.7900692038784,-0.003156601379670293,0.0,4.687789866366049,140,0.40401455436685435,0.1842203536821602,12541.42851469227
1437,132.31353462491475,132.31353462491475,0.003964096656978533,0.0,4.687789866366049,140,0.4041524986850501,0.17116437715956917,12548.122948137727
1438,131.39581484160777,131.39581484160777,-0.00696011339705979,0.0,4.687789866366049,140,0.4039746208626406,0.1374404996729261,12535.874097945962
1439,130.22922909433646,130.22922909433646,-0.008918056631171106,0.0,4.687789866366049,140,0.4038319838313268,0.1780034992770223,12519.77866195976
1440,129.37204196900643,129.37204196900643,-0.00660389864104331,0.0,4.687789866366049,140,0.40372905109824564,0.2068314853297883,12508.939165944435
1441,128.43270991226854,128.43270991226854,-0.00728719084245396,0.0,4.687789866366049,140,0.40360801065991264,0.22655728441045386,12496.72329843055
1442,128.58285299063206,128.58285299063206,0.0011683580071747235,0.0,4.687789866366049,140,0.4036226816033173,0.21998971898797232,12498.548566623409
1443,127.9055686607306,127.9055686607306,-0.005281220101354829,0.0,4.687789866366049,140,0.403551879947954,0.22053497896763036,12489.952181727824
1444,128.45535641715279,128.45535641715279,0.004289176278536808,0.0,4.687789866366049,140,0.40360584802939886,0.21226396229447916,12496.826023180587
1445,127.97764177072462,127.97764177072462,-0.003725848096289393,0.0,4.687789866366049,140,0.4035543390862705,0.20230227383318536,12490.744282429885
1446,127.56960645440762,127.56960645440762,-0.0031934263891468533,0.0,4.687789866366049,140,0.40349753361529916,0.20769589580140535,12483.751529886726
1447,128.98696541011304,128.98696541011304,0.011049207316958796,0.0,4.687789866366049,140,0.40356833094020006,0.18311494026720634,12491.39573532073
1448,128.78710563905017,128.78710563905017,-0.0015506587632886227,0.0,4.687789866366049,140,0.4035235246063575,0.17290610855906202,12487.11454591349
1449,127.93046542887164,127.93046542887164,-0.006673819685705062,0.0,4.687789866366049,140,0.40345394787262945,0.16780758899260256,12480.726430382549
1450,127.87365492890072,127.87365492890072,-0.00044417189860333377,0.0,4.687789866366049,140,0.4034529834034331,0.17495404919017277,12480.059085378534
1451,128.00721993927357,128.00721993927357,0.0010439625280493092,0.0,4.687789866366049,140,0.40344548986905593,0.17028887185877797,12481.403297833116
1452,128.19221790990136,128.19221790990136,0.0014441718087596473,0.0,4.687789866366049,140,0.4034332938419131,0.17627152956107262,12483.22605360128
1453,127.52515941580992,127.52515941580992,-0.005217166030031647,0.0,4.687789866366049,140,0.40347369256325266,0.1648156446917989,12476.384857189627
1454,127.57281392917457,127.57281392917457,0.00037361734626208484,0.0,4.687789866366049,140,0.40346920792979285,0.1464527927056954,12476.800276852535
1455,126.90236071630943,126.90236071630943,-0.005269313716725747,0.0,4.687789866366049,140,0.40352696691913964,0.14192699610085208,12469.925653979048
1456,127.64217760839715,127.64217760839715,0.005812884300198003,0.0,4.687789866366049,140,0.40348307174156095,0.12847490429899897,12477.399126619182
1457,126.93077338780235,126.93077338780235,-0.0055890154052891,0.0,4.687789866366049,140,0.40354457077662664,0.13641186989020476,12470.11054280434
1458,127.21460286372917,127.21460286372917,0.0022336002969206505,0.0,4.687789866366049,140,0.40352627092534454,0.1386802410713177,12472.93464529381
1459,126.07078395769233,126.07078395769233,-0.009031920048933538,0.0,4.687789866366049,140,0.40363702042903526,0.12116995269136886,12461.257121995443
1460,125.97534925955041,125.97534925955041,-0.0007572796415045621,0.0,4.687789866366049,140,0.4036428032248606,0.12052612425522967,12460.21324512138
1461,125.0101055976727,125.0101055976727,-0.0076916681981822645,0.0,4.687789866366049,140,0.40374942332578273,0.10543157787872157,12450.349556597743
1462,124.72308905338271,124.72308905338271,-0.0022985864659442767,0.0,4.687789866366049,140,0.4037720634562576,0.07946575498271065,12447.351000854811
1463,124.67331530150558,124.67331530150558,-0.00039915373011671873,0.0,4.687789866366049,140,0.4037793837108449,0.07200248498496059,12446.782010719173
1464,124.2145463825899,124.2145463825899,-0.0036865553457971294,0.0,4.687789866366049,140,0.40382464719658484,0.061494294304081314,12442.031508331404
1465,124.81020480283748,124.81020480283748,0.004783938571847982,0.0,4.687789866366049,140,0.403750826301538,0.04829007310326824,12448.015877744092
1466,124.56781352917905,124.56781352917905,-0.0019439672478986261,0.0,4.687789866366049,140,0.4037698375571371,0.04458446560072615,12445.473816159905
1467,124.7583301911325,124.7583301911325,0.0015282528834791647,0.0,4.687789866366049,140,0.4037498223583393,0.04164978898379277,12447.344596599401
1468,124.4998167753036,124.4998167753036,-0.0020742632621191573,0.0,4.687789866366049,140,0.40377039383117214,0.02508936236203908,12444.638578539085
1469,124.562004714211,124.562004714211,0.0004993775427148125,0.0,4.687789866366049,140,0.4037649747315128,-0.017589884127611012,12445.206456146068
1470,124.75761246614032,124.75761246614032,0.0015691327804575018,0.0,4.687789866366049,140,0.40374636247810675,-0.054876584752860925,12447.132190812317
1471,125.90902607412218,125.90902607412218,0.00918687634562277,0.0,4.687789866366049,140,0.403621663727526,-0.06643775775720884,12458.758427159424
1472,126.1887127199753,126.1887127199753,0.002218875599138282,0.0,4.687789866366049,140,0.40360902689391176,-0.03568695236504212,12460.67046362954
1473,126.3948431709758,126.3948431709758,0.001632176695227688,0.0,4.687789866366049,140,0.40358898765932394,-0.04554635096792041,12460.903191599886
1474,126.03154060957648,126.03154060957648,-0.002878485258227002,0.0,4.687789866366049,140,0.40353838564013855,-0.04565634707291664,12454.154066046469
1475,127.33966147676435,127.33966147676435,0.010325818240782636,0.0,4.687789866366049,140,0.4035303629094137,-0.05497072601069825,12460.836436255324
1476,126.572892595414,126.572892595414,-0.006039647901291404,0.0,4.687789866366049,140,0.403483538709076,-0.08920415453740152,12449.811253448173
1477,126.75197368701876,126.75197368701876,0.0014138455814788555,0.0,4.687789866366049,140,0.4035125550509163,-0.08980974654275163,12451.312332835167
1478,126.46009843548434,126.46009843548434,-0.002305382822857687,0.0,4.687789866366049,140,0.4034601674686585,-0.07121719859793352,12448.669408457095
1479,125.84401191576335,125.84401191576335,-0.004883691695371919,0.0,4.687789866366049,140,0.4033724642438952,-0.047932833824594956,12442.97102907414
1480,126.16210176680679,126.16210176680679,0.0025244627229478326,0.0,4.687789866366049,140,0.403418908643376,-0.10154650602585441,12445.536406458848
1481,126.0450464723328,126.0450464723328,-0.0009282473054093096,0.0,4.687789866366049,140,0.4034057647843471,-0.12717833474095736,12444.538376948605
1482,125.7544153620828,125.7544153620828,-0.002308434157832753,0.0,4.687789866366049,140,0.40336432519945414,-0.12125024308830029,12442.264320067208
1483,126.14932934905359,126.14932934905359,0.003135438188550784,0.0,4.687789866366049,140,0.40341823441170566,-0.12669948687458743,12445.409910609887
1484,125.82973124241668,125.82973124241668,-0.002536705052140338,0.0,4.687789866366049,140,0.4033726086876076,-0.13105889515643412,12442.910345173847
1485,126.49563218593238,126.49563218593238,0.005278125673854336,0.0,4.687789866366049,140,0.40346208337177847,-0.1304935653857932,12448.249227633281
1486,127.0283424328521,127.0283424328521,0.004202450925746003,0.0,4.687789866366049,140,0.4035399203003601,-0.115062342831759,12452.384326561814
1487,127.37698967432871,127.37698967432871,0.0027408817012957607,0.0,4.687789866366049,140,0.40358824590533077,-0.10428694151772705,12455.154679709916
1488,128.3082920648751,128.3082920648751,0.007284787788705057,0.0,4.687789866366049,140,0.4037252653745829,-0.077156298547699,12462.39256513465
1489,129.91749361643545,129.91749361643545,0.012463684669099863,0.0,4.687789866366049,140,0.4039444981605704,-0.032163417614349925,12475.358630198232
1490,129.97956830956124,129.97956830956124,0.000477686772187104,0.0,4.687789866366049,140,0.40395432548878385,-0.01881335365751012,12475.829972987682
1491,130.13134548401527,130.13134548401527,0.0011670190186663357,0.0,4.687789866366049,140,0.4039773944875731,0.0017254906729248234,12476.98143949169
1492,132.2553476393421,132.2553476393421,0.01619021548442111,0.0,4.687789866366049,140,0.4044190957308615,0.02152405024000079,12494.740320422632
1493,132.6874958060072,132.6874958060072,0.0032622020982895493,0.0,4.687789866366049,140,0.40453421794445993,0.04346760138112601,12498.169015818354
1494,131.6264188813321,131.6264188813321,-0.008028957734167943,0.0,4.687789866366049,140,0.40424817205785135,-0.0005481760116443461,12489.49569714369
1495,131.3443380032217,131.3443380032217,-0.002145341099076854,0.0,4.687789866366049,140,0.4041977100157596,0.03204810058620697,12487.150716367458
1496,130.9167451465544,130.9167451465544,-0.0032608210902897276,0.0,4.687789866366049,140,0.40410868130683925,0.04295681236659716,12483.657804850574
1497,130.80444336375209,130.80444336375209,-0.0008581788148966779,0.0,4.687789866366049,140,0.40408999048571376,0.06121903963295107,12482.361227058745
1498,131.0962981234826,131.0962981234826,0.0022287442096119076,0.0,4.687789866366049,140,0.4041021526202046,0.02488256269055524,12483.846040588749
1499,131.24867532891173,131.24867532891173,0.0011616553620925386,0.0,4.687789866366049,140,0.4040984931230915,-0.0105498751270715,12483.650418546791
1500,130.63022534723572,130.63022534723572,-0.004723184111445667,0.0,4.687789866366049,140,0.40402934860233036,-0.04608587097585305,12475.554667361746
1501,130.03615913534023,130.03615913534023,-0.004558065602506619,0.0,4.687789866366049,140,0.40400077939448964,-0.027338963461394864,12471.20002875002
1502,130.05620638355117,130.05620638355117,0.00015415483811414294,0.0,4.687789866366049,140,0.4040002953829595,-0.023695609453704566,12471.271888024903
1503,130.54721777736407,130.54721777736407,0.0037682695568405705,0.0,4.687789866366049,140,0.40394371374686894,-0.009394805984141457,12474.872764992004
1504,129.25434886956626,129.25434886956626,-0.009952823587316589,0.0,4.687789866366049,140,0.4040872576304067,-0.02092009003521571,12465.606677307378
1505,129.80429339151254,129.80429339151254,0.004245720916786387,0.0,4.687789866366049,140,0.4040007799953025,-0.055406440665066475,12470.035709829517
1506,130.3548605711447,130.3548605711447,0.004232547601512059,0.0,4.687789866366049,140,0.403928720463795,-0.021630296753163962,12474.222484473436
1507,130.06002879121894,130.06002879121894,-0.002264324490958318,0.0,4.687789866366049,140,0.4039678133464943,-0.017696726516296946,12471.950868083428
1508,129.8819795476521,129.8819795476521,-0.001369915332651255,0.0,4.687789866366049,140,0.4039997755670231,-0.022997593627901075,12470.423146418418
1509,128.9051417104021,128.9051417104021,-0.007549390185496913,0.0,4.687789866366049,140,0.40412767825748785,-0.01766511654323511,12463.079176581248
1510,129.16889690379054,129.16889690379054,0.0020440280365792546,0.0,4.687789866366049,140,0.4040881866005716,-0.027023349729631087,12465.137505699542
1511,128.92837276941825,128.92837276941825,-0.0018638260242389338,0.0,4.687789866366049,140,0.40413609828846464,-0.030295431587142926,12463.008059209968
1512,128.0558522622917,128.0558522622917,-0.006790485756291293,0.0,4.687789866366049,140,0.40423912784253757,-0.015742891416117892,12456.769468665194
1513,128.20155110258014,128.20155110258014,0.0011371289498380316,0.0,4.687789866366049,140,0.4042222777908269,-0.02013349207011931,12457.8029610462
1514,128.65091903294962,128.65091903294962,0.003499038873249895,0.0,4.687789866366049,140,0.40416791055661383,-0.01684685194500142,12460.94283458583
1515,127.23296192772499,127.23296192772499,-0.011082930382351652,0.0,4.687789866366049,140,0.4043734777060739,-0.02015763940137668,12450.805957397246
1516,127.98049596521597,127.98049596521597,0.005858125049212655,0.0,4.687789866366049,140,0.40428392466051005,-0.039795994490906955,12456.07605354075
1517,127.60804358380969,127.60804358380969,-0.002914470622993871,0.0,4.687789866366049,140,0.4043391877692458,-0.0434730761003231,12453.368344144012
1518,126.70973991554631,126.70973991554631,-0.007064448201986263,0.0,4.687789866366049,140,0.40444354234065893,-0.01694730557213511,12446.887377024106
1519,126.7557888837938,126.7557888837938,0.00036335488279027293,0.0,4.687789866366049,140,0.40443864724461015,-0.024622312464175383,12447.152374675105
1520,128.14588967670346,128.14588967670346,0.01090706488663456,0.0,4.687789866366049,140,0.40427332866366555,-0.026128424698615347,12457.010091768132
1521,127.5871343714286,127.5871343714286,-0.00436983996491689,0.0,4.687789866366049,140,0.4043552732541872,-0.06956906848888422,12452.980658619084
1522,126.87825387559742,126.87825387559742,-0.005571542239785283,0.0,4.687789866366049,140,0.40444071662406245,-0.05288920022305573,12447.88000155603
1523,126.46053010023087,126.46053010023087,-0.0032977513144944156,0.0,4.687789866366049,140,0.4045170847777592,-0.04157467978329191,12444.240302624115
1524,126.19802979482746,126.19802979482746,-0.002077906245979606,0.0,4.687789866366049,140,0.40456594219031367,-0.02633602849714434,12441.281092244328
1525,126.06493476826343,126.06493476826343,-0.0010552087116258242,0.0,4.687789866366049,140,0.40450017832694884,-0.018918822750801544,12438.415092067818
1526,125.74887684838191,125.74887684838191,-0.0025102521884625,0.0,4.687789866366049,140,0.4045454712954253,-0.015192798375703264,12434.757656219084
1527,125.69556930754403,125.69556930754403,-0.00042401049179246477,0.0,4.687789866366049,140,0.404499245493496,-0.012419455082757713,12432.787918809068
1528,125.27263776740658,125.27263776740658,-0.003370402533677356,0.0,4.687789866366049,140,0.4045834032008954,-0.01070020608751266,12429.25184477291
1529,125.5015340567168,125.5015340567168,0.0018255177653418975,0.0,4.687789866366049,140,0.40458679189479385,-0.014580687659973645,12430.268614656916
1530,125.75391873472854,125.75391873472854,0.0020089893380933004,0.0,4.687789866366049,140,0.4045912540434378,-0.020422037314147597,12431.332452179695
1531,125.26936972550241,125.26936972550241,-0.003860594879589483,0.0,4.687789866366049,140,0.40459248206440895,-0.039264723493065805,12429.076153462102
1532,125.2139885411409,125.2139885411409,-0.0004421945285879499,0.0,4.687789866366049,140,0.40459216760288047,-0.04113586019220064,12428.82910735196
1533,125.33737394575856,125.33737394575856,0.0009849111445024905,0.0,4.687789866366049,140,0.40459453107451143,-0.03836642080706281,12429.342936598536
1534,125.17737051395406,125.17737051395406,-0.001277397495358112,0.0,4.687789866366049,140,0.4045926935838806,-0.021194071259966082,12428.650253449732
1535,124.6917198437687,124.6917198437687,-0.0038872457656332665,0.0,4.687789866366049,140,0.4045946964798703,0.021000372022719052,12426.389443294767
1536,123.91987111938798,123.91987111938798,-0.006209293792744585,0.0,4.687789866366049,140,0.40458458919310986,0.041537304070715556,12423.0906342914
1537,123.14414548996825,123.14414548996825,-0.006279572308139726,0.0,4.687789866366049,140,0.4045875589927272,0.06568089460872421,12419.507498600979
1538,123.93054736976023,123.93054736976023,0.00636572306345374,0.0,4.687789866366049,140,0.4045980008610054,0.03291535195311406,12422.846226075922
1539,123.71273999437646,123.71273999437646,-0.0017590416753403256,0.0,4.687789866366049,140,0.4046002013336878,0.03549830542509082,12421.806518973106
1540,123.80511858572814,123.80511858572814,0.0007464398421256487,0.0,4.687789866366049,140,0.4046019439340721,0.035800664292712975,12422.189055038774
1541,123.49103391954932,123.49103391954932,-0.002540151408579772,0.0,4.687789866366049,140,0.4046042623830722,0.03342525308982021,12420.711199229338
1542,123.83916976528728,123.83916976528728,0.0028151521364420027,0.0,4.687789866366049,140,0.4046093377311405,0.03331669877683679,12422.183191906346
1543,123.17962410641306,123.17962410641306,-0.0053400570527267635,0.0,4.687789866366049,140,0.40461211010561593,0.027897589511414835,12419.133114123935
1544,122.97373561848833,122.97373561848833,-0.0016728476602419677,0.0,4.687789866366049,140,0.40460974935361665,0.039776502076940744,12418.25612140217
1545,123.18118956043524,123.18118956043524,0.0016855562886873635,0.0,4.687789866366049,140,0.40461262903846135,0.02146843991597759,12419.128947679315
1546,122.75875759611563,122.75875759611563,-0.0034352481947538685,0.0,4.687789866366049,140,0.4046187795917187,0.007102089068868739,12417.158935908046
1547,123.82002274156086,123.82002274156086,0.008607972649129176,0.0,4.687789866366049,140,0.4046290887861812,-0.025325347104779974,12421.66866985247
1548,123.65536013462446,123.65536013462446,-0.001330739480608683,0.0,4.687789866366049,140,0.40463123464824663,-0.09873305688462028,12420.87284241951
1549,123.5164542642139,123.5164542642139,-0.0011239621748264596,0.0,4.687789866366049,140,0.40462947416463607,-0.12398501985363732,12420.257740193916
1550,123.19059255113172,123.19059255113172,-0.002641691080912634,0.0,4.687789866366049,140,0.4046163387367156,-0.1255666818579638,12417.727115836231
1551,122.56571800736721,122.56571800736721,-0.005085329357186505,0.0,4.687789866366049,140,0.4045397865818799,-0.1461521263235437,12408.052747766318
1552,122.52402070019804,122.52402070019804,-0.00034026155310588413,0.0,4.687789866366049,140,0.40453372502523577,-0.2630344199172539,12406.991856085846
1553,122.14484173456617,122.14484173456617,-0.0030995302420229196,0.0,4.687789866366049,140,0.4045479865267298,-0.23991365577525875,12401.577747464471
1554,122.4082825514726,122.4082825514726,0.0021544678243414035,0.0,4.687789866366049,140,0.4045857143017606,-0.2599141052641804,12403.959392097096
1555,122.29714964897596,122.29714964897596,-0.0009082994941122608,0.0,4.687789866366049,140,0.4045702491287675,-0.26106231508577205,12402.971960564546
1556,122.44356810054032,122.44356810054032,0.0011965190784693023,0.0,4.687789866366049,140,0.4045914485603015,-0.2595958197011738,12404.255110698175
1557,122.09817782272108,122.09817782272108,-0.002824797918939027,0.0,4.687789866366049,140,0.4045423409460616,-0.26369091998952265,12401.20880333144
1558,122.51267378482306,122.51267378482306,0.0033890267427011574,0.0,4.687789866366049,140,0.40459934512620066,-0.2761228035150455,12404.9262383309
1559,122.13856153477853,122.13856153477853,-0.003058333559261949,0.0,4.687789866366049,140,0.4045451852730666,-0.27699339820815894,12401.627475392821
1560,121.13696742795436,121.13696742795436,-0.00823428291682362,0.0,4.687789866366049,140,0.40441866571359075,-0.26592659100004123,12392.485933264274
1561,120.50522283135352,120.50522283135352,-0.005228772634864387,0.0,4.687789866366049,140,0.4043307712828159,-0.23462668383792198,12386.922953118776
1562,119.92068588517317,119.92068588517317,-0.004862521689436034,0.0,4.687789866366049,140,0.4042592060719288,-0.22636644855257748,12381.568411235347
1563,120.41204786932964,120.41204786932964,0.004089019927619785,0.0,4.687789866366049,140,0.4043283489817984,-0.20279969541107395,12385.876445175347
1564,119.19425855206879,119.19425855206879,-0.010165006266681431,0.0,4.687789866366049,140,0.40417760956694765,-0.20192612270337607,12374.773185529755
1565,120.03814271973465,120.03814271973465,0.007054961312603375,0.0,4.687789866366049,140,0.40429475469935217,-0.2874580404751164,12382.19005496272
1566,121.11942338086031,121.11942338086031,0.008967480677433021,0.0,4.687789866366049,140,0.40444646244190524,-0.1939190189910244,12391.682987424114
1567,121.16285693406968,121.16285693406968,0.0003585367746926224,0.0,4.687789866366049,140,0.4044540887064788,-0.18052677823100693,12392.03205100064
1568,121.87581533746999,121.87581533746999,0.005867053517660606,0.0,4.687789866366049,140,0.40455546161931544,-0.1664932551838971,12398.28782450904
1569,121.44108562247602,121.44108562247602,-0.003573366057724689,0.0,4.687789866366049,140,0.4045015918674881,-0.16935529596656604,12394.298538575096
1570,121.02638251593253,121.02638251593253,-0.0034206940345653893,0.0,4.687789866366049,140,0.40444377376407925,-0.16274770567430707,12390.643386835181
1571,121.2010250643105,121.2010250643105,0.0014419720739575074,0.0,4.687789866366049,140,0.40446805430244326,-0.17075478756905563,12392.183178859792
1572,120.86667018005892,120.86667018005892,-0.0027624925048013874,0.0,4.687789866366049,140,0.40442169608506146,-0.16844392620209941,12389.234206573139
1573,121.3715559347408,121.3715559347408,0.004168512078995427,0.0,4.687789866366049,140,0.40448745073312803,-0.18047346105656434,12393.757991189968
1574,121.35538081064662,121.35538081064662,-0.0001332783607374233,0.0,4.687789866366049,140,0.40448878967804713,-0.14221855153145962,12393.429005023816
1575,120.61554937474781,120.61554937474781,-0.006115063001727516,0.0,4.687789866366049,140,0.4044951582855087,-0.09429824387055978,12382.548491641774
1576,121.38466358197122,121.38466358197122,0.006356331569836504,0.0,4.687789866366049,140,0.4045177373907475,-0.11517061080447459,12385.693595926821
1577,122.22064882924155,122.22064882924155,0.006863467144747336,0.0,4.687789866366049,140,0.4044928140076055,-0.07418464859493012,12394.155578372814
1578,123.40170357766507,123.40170357766507,0.009616908553447856,0.0,4.687789866366049,140,0.40451504860392373,-0.00311624804340608,12399.337078431754
1579,123.63006334175095,123.63006334175095,0.0018488296625275742,0.0,4.687789866366049,140,0.4044971446340548,0.008285985779170292,12401.258093162201
1580,123.13508813853073,123.13508813853073,-0.004011716112178174,0.0,4.687789866366049,140,0.40452355972239556,0.03995214957170849,12397.005781871387
1581,123.01555525986022,123.01555525986022,-0.0009712173522371478,0.0,4.687789866366049,140,0.4045335702712624,0.024609605745108586,12395.903138862146
1582,122.85476543066818,122.85476543066818,-0.0013079240443655067,0.0,4.687789866366049,140,0.4045426299252626,0.012639756674242069,12394.514844096695
1583,122.02449519781331,122.02449519781331,-0.006781083969747343,0.0,4.687789866366049,140,0.40461540729367507,0.013007240305306308,12387.122593181233
1584,121.74560029101555,121.74560029101555,-0.002288180819918208,0.0,4.687789866366049,140,0.4046373786050455,0.02173602386589575,12384.722216503893
1585,122.90102705085863,122.90102705085863,0.009445749268584557,0.0,4.687789866366049,140,0.4045405398776665,0.0049888254085559075,12394.903160674477
1586,123.48484814416899,123.48484814416899,0.004739088111406765,0.0,4.687789866366049,140,0.4045101384470128,0.045721043268715955,12399.896234503813
1587,123.18660720123158,123.18660720123158,-0.0024181240415169975,0.0,4.687789866366049,140,0.4045317689388378,0.036786919827546394,12397.212717607115
1588,122.88799349611784,122.88799349611784,-0.0024270188865288607,0.0,4.687789866366049,140,0.4045481511062281,0.045710810561297034,12394.643310346491
1589,122.51938346026894,122.51938346026894,-0.0030040687254669755,0.0,4.687789866366049,140,0.4045788672089529,0.04586188589891736,12391.337261519462
1590,122.64966758146481,122.64966758146481,0.0010628106027738766,0.0,4.687789866366049,140,0.4045694617140268,0.04966271773528551,12392.443583153294
1591,121.89683441575394,121.89683441575394,-0.006156992946504472,0.0,4.687789866366049,140,0.40463876507923696,0.042133975071711474,12385.73859697075
1592,121.14894028483806,121.14894028483806,-0.0061543673610760284,0.0,4.687789866366049,140,0.4046974950483287,0.06610470496843035,12379.318954036693
1593,121.28414517883142,121.28414517883142,0.0011153998040517347,0.0,4.687789866366049,140,0.40468711244834193,0.05973030892984459,12380.471399512313
1594,120.51853727317685,120.51853727317685,-0.0063325225042936625,0.0,4.687789866366049,140,0.40474857774651196,0.04942352495989359,12373.899953323444
1595,119.9218384292648,119.9218384292648,-0.00496339325003017,0.0,4.687789866366049,140,0.4048047440029098,0.05414018023751708,12368.521611178372
1596,119.68345104439777,119.68345104439777,-0.001989834732341957,0.0,4.687789866366049,140,0.40482695943289765,0.035191680373180434,12366.538123146156
1597,120.17122050626242,120.17122050626242,0.004067213960108082,0.0,4.687789866366049,140,0.40478126569347744,0.06125490705706999,12370.757694210535
1598,119.3440481101829,119.3440481101829,-0.006907081034130469,0.0,4.687789866366049,140,0.40485827779448647,0.045090297785695815,12363.93056162669
1599,119.22183699872843,119.22183699872843,-0.0010245481837360972,0.0,4.687789866366049,140,0.4048699654585199,0.04827927702368178,12362.75123192725
1600,119.37474963406953,119.37474963406953,0.001281767341557092,0.0,4.571741612553551,128,0.43914556717735515,0.04964626508574398,11417.820818964306
1601,119.3795807134227,119.3795807134227,4.0469040681289726e-05,0.0,4.571741612553551,128,0.43914556717735515,0.055940334897436474,11417.820818964306
1602,119.66320026930012,119.66320026930012,0.0023729617585493295,0.0,4.571741612553551,128,0.43914556717735515,0.07007238013509112,11417.820818964306
1603,120.07401112814804,120.07401112814804,0.0034271797736657944,0.0,4.571741612553551,128,0.43914556717735515,0.07495492954157422,11417.820818964306
1604,120.36050558702128,120.36050558702128,0.0023831403109617617,0.0,4.571741612553551,128,0.4391443451162574,0.08517281284876077,11417.794196353852
1605,121.11987224074498,121.11987224074498,0.0062892824967393166,0.0,4.571741612553551,128,0.4391647855093491,0.10115065728370223,11418.237986371874
1606,120.14188206667633,120.14188206667633,-0.008107339961336068,0.0,4.571741612553551,128,0.4391647855093491,0.07996191503282278,11418.237986371874
1607,119.56480181460194,119.56480181460194,-0.004814895918725808,0.0,4.571741612553551,128,0.4391647855093491,0.11558936301822659,11418.237986371874
1608,119.52476120633965,119.52476120633965,-0.00033494233818236446,0.0,4.571741612553551,128,0.4391647855093491,0.1145035314697017,11418.237986371874
1609,119.38174128469572,119.38174128469572,-0.0011972879535515637,0.0,4.571741612553551,128,0.4391647855093491,0.11349890495215177,11418.237986371874
1610,119.44077816201298,119.44077816201298,0.0004943995956207728,0.0,4.571741612553551,128,0.4391647855093491,0.10580535024011858,11418.237986371874
1611,119.74137093533074,119.74137093533074,0.0025135064026065336,0.0,4.571741612553551,128,0.4391647855093491,0.10939625516005372,11418.237986371874
1612,119.16708835091694,119.16708835091694,-0.004807562630715065,0.0,4.571741612553551,128,0.4391647855093491,0.09822862865613506,11418.237986371874
1613,118.6034401747126,118.6034401747126,-0.0047411193936944636,0.0,4.571741612553551,128,0.4391647855093491,0.11671438375639898,11418.237986371874
1614,118.108353893137,118.108353893137,-0.004183036214437437,0.0,4.571741612553551,128,0.4391647855093491,0.12868638408618321,11418.237986371874
1615,117.61801013262645,117.61801013262645,-0.00416028533571097,0.0,4.571741612553551,128,0.4391647855093491,0.13740861637675855,11418.237986371874
1616,117.69409790716662,117.69409790716662,0.0006466966602421378,0.0,4.571741612553551,128,0.4391647855093491,0.1371875350105142,11418.237986371874
1617,117.37123517379457,117.37123517379457,-0.0027470059678157315,0.0,4.571741612553551,128,0.4391647855093491,0.14174764005530194,11418.237986371874
1618,116.7429546554717,116.7429546554717,-0.005367312652640039,0.0,4.571741612553551,128,0.4391647855093491,0.1556697467034304,11418.237986371874
1619,116.71762508110871,116.71762508110871,-0.00021699230329132546,0.0,4.571741612553551,128,0.4391647855093491,0.1413354081660727,11418.237986371874
1620,116.28272024723347,116.28272024723347,-0.0037330875053395033,0.0,4.571741612553551,128,0.4391647855093491,0.11861213953164153,11418.237986371874
1621,116.41086922421292,116.41086922421292,0.0011014397966533612,0.0,4.571741612553551,128,0.4391647855093491,0.10030826492035802,11418.237986371874
1622,115.74165904317009,115.74165904317009,-0.005765278885063612,0.0,4.571741612553551,128,0.4391647855093491,0.10847089608210164,11418.237986371874
1623,116.17354887168342,116.17354887168342,0.0037245537424802186,0.0,4.571741612553551,128,0.4391647855093491,0.1264115625668389,11418.237986371874
1624,116.99684987613975,116.99684987613975,0.007061826289569798,0.0,4.571741612553551,128,0.4391647855093491,0.21574563930632004,11418.237986371874
1625,117.6068649334928,117.6068649334928,0.005200398745821233,0.0,4.571741612553551,128,0.4391647855093491,0.1967299963887947,11418.237986371874
1626,117.0120610561213,117.0120610561213,-0.0050703936110392655,0.0,4.571741612553551,128,0.4391647855093491,0.1776707886581042,11418.237986371874
1627,117.23592989685429,117.23592989685429,0.0019113838114801062,0.0,4.571741612553551,128,0.4391647855093491,0.16207720521585825,11418.237986371874
1628,116.81253001805594,116.81253001805594,-0.0036180570538491283,0.0,4.571741612553551,128,0.4391940015332375,0.17700981951519051,11416.938687227446
1629,117.24327446991452,117.24327446991452,0.0036807028913124797,0.0,4.571741612553551,128,0.4393936000426727,0.15657205471662616,11428.519924966604
1630,116.88761058201933,116.88761058201933,-0.00303816526721235,0.0,4.571741612553551,128,0.43931184714600047,0.15266039330482029,11425.220812050755
1631,116.76034944067702,116.76034944067702,-0.0010893410232610719,0.0,4.571741612553551,128,0.43932597677490776,0.15825318662668422,11424.066395600674
1632,117.06672545328513,117.06672545328513,0.0026205364633338593,0.0,4.571741612553551,128,0.4393399487732403,0.1654474592839689,11426.845606168283
1633,117.17631990592459,117.17631990592459,0.000935732887762838,0.0,4.571741612553551,128,0.43937146416903256,0.17069182595137153,11427.839763832046
1634,116.72969636512643,116.72969636512643,-0.0038188336554625733,0.0,4.571741612553551,128,0.43933314530830675,0.16727308801994584,11423.788334172907
1635,115.6373298286278,115.6373298286278,-0.00940214798558623,0.0,4.571741612553551,128,0.43959559549254934,0.21728979275336366,11413.87921434301
1636,115.68092384848113,115.68092384848113,0.00037691811758435996,0.0,4.571741612553551,128,0.4395845824800491,0.1692060232327579,11414.274666191963
1637,115.22319603218206,115.22319603218206,-0.003964662181891408,0.0,4.571741612553551,128,0.43970026067077417,0.09554907284945603,11410.122506976502
1638,114.54964441459566,114.54964441459566,-0.005862777737883169,0.0,4.571741612553551,128,0.43987078497908116,0.08509260286006706,11404.012558101944
1639,114.6658429857042,114.6658429857042,0.0010138807144345185,0.0,4.571741612553551,128,0.4398413247082915,0.08355728508011459,11405.06662331422
1640,114.06290604885598,114.06290604885598,-0.005272081764425875,0.0,4.571741612553551,128,0.4399942812750487,0.07433198303827487,11399.597237208482
1641,113.32771128140736,113.32771128140736,-0.006466382279716627,0.0,4.571741612553551,128,0.4401810067168585,0.09307551067520116,11392.928108481494
1642,112.47659402964499,112.47659402964499,-0.007538574442528772,0.0,4.571741612553551,128,0.44039817518110663,0.12085712709208064,11385.207418992015
1643,112.04056156560662,112.04056156560662,-0.0038841843607001336,0.0,4.571741612553551,128,0.44050962227675783,0.13338260740223926,11381.252063539869
1644,112.02802379983807,112.02802379983807,-0.00011191007218785508,0.0,4.571741612553551,128,0.4405128280308776,0.13969894498717175,11381.13833044823
1645,112.92040183981638,112.92040183981638,0.00793410950718407,0.0,4.571741612553551,128,0.4402848220225193,0.08835929237411942,11389.233306480777
1646,113.17500781473416,113.17500781473416,0.002252200369117336,0.0,4.571741612553551,128,0.44021987865446593,0.13242209251466652,11391.542898573332
1647,112.97770525797041,112.97770525797041,-0.0017448617276443255,0.0,4.571741612553551,128,0.4402701919899913,0.13041378588528993,11389.75311958213
1648,113.3039579873914,113.3039579873914,0.0028836004721891637,0.0,4.571741612553551,128,0.44018704334580916,0.12496010679481116,11392.712636633087
1649,113.13043867600817,113.13043867600817,-0.00153262355813052,0.0,4.571741612553551,128,0.440231242406697,0.12863792969283366,11391.13860118633
1650,112.4731170967059,112.4731170967059,-0.0058272436096395,0.0,4.571741612553551,128,0.44039906354433056,0.139721905854986,11385.175878896285
1651,112.19293567204012,112.19293567204012,-0.002494204767163761,0.0,4.571741612553551,128,0.44047066729858714,0.12402251718965736,11382.63428574201
1652,112.00026238784233,112.00026238784233,-0.0017188151406921487,0.0,4.571741612553551,128,0.4405199265140639,0.13986524039564016,11380.886499996708
1653,111.6094703900513,111.6094703900513,-0.0034953075682410953,0.0,4.571741612553551,128,0.4406200761200383,0.15414340147736355,11377.341531705124
1654,111.35586293496647,111.35586293496647,-0.0022748609451603897,0.0,4.571741612553551,128,0.4406851550571882,0.14031937732489003,11375.040997426358
1655,112.17031083345401,112.17031083345401,0.007287303218325297,0.0,4.571741612553551,128,0.44047645081353903,0.12008778546628966,11382.42905038447
1656,111.99695844825573,111.99695844825573,-0.0015466345315245272,0.0,4.571741612553551,128,0.44052077133925993,0.12111507580755802,11380.856529165325
1657,112.42951513169855,112.42951513169855,0.003854778914159154,0.0,4.571741612553551,128,0.4404102043810777,0.14992220300635,11384.780354974926
1658,112.73259646364176,112.73259646364176,0.0026921182506618817,0.0,4.571741612553551,128,0.44033277965983947,0.17248355004080612,11387.52967870106
1659,113.1388657273653,113.1388657273653,0.0035973530955027873,0.0,4.571741612553551,128,0.44022395681555476,0.18621464577158256,11391.098350460534
1660,112.66377170126329,112.66377170126329,-0.004208052949079479,0.0,4.571741612553551,128,0.4403605750359126,0.16757515206600987,11387.139830710381
1661,111.91095790763657,111.91095790763657,-0.00670437510725879,0.0,4.571741612553551,128,0.440553320540811,0.1770033792798567,11380.334187100063
1662,112.07916346328582,112.07916346328582,0.0015019018360124439,0.0,4.571741612553551,128,0.4405102342965893,0.14796200356732808,11381.854811555559
1663,112.25979555726725,112.25979555726725,0.001610350104191157,0.0,4.571741612553551,128,0.44046397778375457,0.14092867414323856,11383.487775333097
1664,112.5102039258943,112.5102039258943,0.002228130736310451,0.0,4.571741612553551,128,0.440399874813876,0.12410001547931922,11385.751535811909
1665,112.92349815329617,112.92349815329617,0.003666662851486357,0.0,4.571741612553551,128,0.4402941901687623,0.198867994791445,11389.48782922432
1666,113.30180571775269,113.30180571775269,0.00334452345182972,0.0,4.571741612553551,128,0.44019759106469136,0.19931030128848387,11392.907833587384
1667,113.24861734992047,113.24861734992047,-0.0004695499402671411,0.0,4.571741612553551,128,0.44021113739246887,0.2073579382006528,11392.426996123
1668,112.19646677559753,112.19646677559753,-0.00933405327869749,0.0,4.571741612553551,128,0.4404801935936472,0.18913072784940488,11382.915265740461
1669,112.23144146834986,112.23144146834986,0.0003116786437936221,0.0,4.571741612553551,128,0.44047123785938613,0.17757889092313428,11383.231446575972
1670,112.17528238361172,112.17528238361172,-0.000500511615218437,0.0,4.571741612553551,128,0.44048561838031924,0.1731018906791256,11382.723753014237
1671,112.74003582601928,112.74003582601928,0.005021931221193588,0.0,4.571741612553551,128,0.4403410751499796,0.1855212143807108,11387.829279359883
1672,113.56126820607979,113.56126820607979,0.0072578988316587675,0.0,4.571741612553551,128,0.44013154480674194,0.20862267510826987,11395.253445796872
1673,112.92618529105413,112.92618529105413,-0.005608121507124853,0.0,4.571741612553551,128,0.44029350355483876,0.1584933985865946,11389.51212168823
1674,113.13654745414597,113.13654745414597,0.0018610959998244826,0.0,4.571741612553551,128,0.44023976117833125,0.13589910407213418,11391.413853462034
1675,112.46377491963027,112.46377491963027,-0.0059643046766047125,0.0,4.571741612553551,128,0.44041175842287433,0.12579748374012,11385.331804833959
1676,112.3746928449693,112.3746928449693,-0.0007924095926106559,0.0,4.571741612553551,128,0.4404345616345737,0.1288513176215547,11384.526478394217
1677,113.36765237619012,113.36765237619012,0.008797338702789011,0.0,4.571741612553551,128,0.44018082720211843,0.11026236395368604,11393.503105478056
1678,113.45872812065114,113.45872812065114,0.0008030437126046243,0.0,4.571741612553551,128,0.44015764316799993,0.12482565506796515,11394.326455240764
1679,113.14266430232692,113.14266430232692,-0.002789603540464234,0.0,4.571741612553551,128,0.4402381987420195,0.12252436225937414,11391.469151450847
1680,113.17478614867863,113.17478614867863,0.0002838653979478249,0.0,4.571741612553551,128,0.4402299940564261,0.12648238112434967,11391.75954177077
1681,113.52550425074514,113.52550425074514,0.003094114976649604,0.0,4.571741612553551,128,0.440140646917144,0.13473761829408587,11394.930129810682
1682,113.50373121052117,113.50373121052117,-0.00019180825100783354,0.0,4.571741612553551,128,0.4401461885207126,0.15868929707627424,11394.73329554259
1683,113.6516648968636,113.6516648968636,0.0013024890431072467,0.0,4.571741612553551,128,0.4401085406869429,0.13332648884946194,11396.070656727694
1684,114.68976409106303,114.68976409106303,0.0090925799217645,0.0,4.571741612553551,128,0.43984182915362474,0.10721217188529382,11405.396019068854
1685,114.47146706307353,114.47146706307353,-0.0019051834633623972,0.0,4.571741612553551,128,0.4398984190887683,0.12019709358558811,11403.441581516825
1686,113.8216928510478,113.8216928510478,-0.005692469865393409,0.0,4.571741612553551,128,0.4400703772721022,0.13619711611580176,11397.73249704451
1687,113.41896007068206,113.41896007068206,-0.0035445524103525413,0.0,4.571741612553551,128,0.4401804659437158,0.15698197238015596,11394.251508032121
1688,114.30765264638237,114.30765264638237,0.007804947137983108,0.0,4.571741612553551,128,0.439937686732393,0.13912681967030008,11401.932852194359
1689,115.03271392959323,115.03271392959323,0.006323036016243229,0.0,4.571741612553551,128,0.4397399515392801,0.19024183148166857,11408.199862190102
1690,115.92375632173277,115.92375632173277,0.007716145056588154,0.0,4.571741612553551,128,0.43949892974501825,0.22207644782241517,11415.901516805337
1691,115.88913361557854,115.88913361557854,-0.00029871252130139026,0.0,4.571741612553551,128,0.4395080775501788,0.22333480956127055,11415.602258176346
1692,115.46630029071129,115.46630029071129,-0.0036552743846869845,0.0,4.571741612553551,128,0.4396219419452888,0.22043532104696356,11411.947531693446
1693,115.66359373533132,115.66359373533132,0.0017072087829232414,0.0,4.571741612553551,128,0.43956827006355514,0.21805636982781862,11413.652822016014
1694,114.86334206332607,114.86334206332607,-0.006942831940821334,0.0,4.571741612553551,128,0.4397860800940452,0.17768036612804364,11406.735909827077
1695,113.99415624187388,113.99415624187388,-0.007595905810905693,0.0,4.571741612553551,128,0.44002327313790546,0.22490034144434848,11399.223170756144
1696,113.78909064054794,113.78909064054794,-0.001800533266015928,0.0,4.571741612553551,128,0.440079286719688,0.23549896983700552,11397.450702410293
1697,114.22599511551157,114.22599511551157,0.0038322465219103982,0.0,4.571741612553551,128,0.4399599758116357,0.2129765386774471,11401.22705176887
1698,113.66955662851237,113.66955662851237,-0.004883286123830921,0.0,4.571741612553551,128,0.4401119564338494,0.20496027270784073,11396.417519608227
1699,112.92666710060365,112.92666710060365,-0.0065569688437030925,0.0,4.571741612553551,128,0.44031537727981845,0.22720600302723046,11389.996412586046
1700,112.18731182882168,112.18731182882168,-0.0065687429434189565,0.0,4.571741612553551,128,0.44051838465213805,0.2314167897928925,11383.60585362785
1701,112.4078822206357,112.4078822206357,0.001964160129601366,0.0,4.571741612553551,128,0.4404577907871775,0.19003702548649207,11385.512336406993
1702,112.14120777759426,112.14120777759426,-0.0023752006157368964,0.0,4.571741612553551,128,0.44053106235645206,0.17063116046127189,11383.207356898572
1703,111.15913407841555,111.15913407841555,-0.008796045925972508,0.0,4.571741612553551,128,0.440801956921804,0.17832533598943195,11374.718880363107
1704,111.1953805627468,111.1953805627468,0.000326024274441258,0.0,4.571741612553551,128,0.4407918225011376,0.17514964685521411,11375.03217399066
1705,111.11465247601271,111.11465247601271,-0.0007262658295627512,0.0,4.571741612553551,128,0.440814394622545,0.16746578783029134,11374.334407142236
1706,110.5198712138071,110.5198712138071,-0.005367238642583916,0.0,4.571741612553551,128,0.44098453695260753,0.16969820110432918,11369.193462229254
1707,110.8561355435081,110.8561355435081,0.003037949715018273,0.0,4.571741612553551,128,0.44088669635070754,0.15843538128815413,11372.09993643253
1708,109.36082510890343,109.36082510890343,-0.01358054721976562,0.0,4.571741612553551,128,0.44140891201777854,0.11127238540039296,11359.175338667626
1709,109.3607434100953,109.3607434100953,-7.470576284736307e-07,0.0,4.571741612553551,128,0.4414089444573968,0.10230461385075629,11359.174632510423
1710,109.54629207859608,109.54629207859608,0.0016952284107486363,0.0,4.571741612553551,128,0.4413374201504207,0.09699388060108709,11360.77840778724
1711,108.62887677510558,108.62887677510558,-0.008409946150045158,0.0,4.571741612553551,128,0.4417012579306132,0.07973865969158091,11352.783589213379
1712,107.96271152905969,107.96271152905969,-0.006151368590669697,0.0,4.571741612553551,128,0.44194107039258135,0.10583748810824277,11346.921091451428
1713,108.25654600839442,108.25654600839442,0.002717932376280153,0.0,4.571741612553551,128,0.4418233852679012,0.08967770174189021,11349.447835261219
1714,107.94070799073086,107.94070799073086,-0.0029217599808076754,0.0,4.571741612553551,128,0.44194295764001745,0.0935020576700375,11346.586299744695
1715,108.24743536268193,108.24743536268193,0.0028375985195710266,0.0,4.571741612553551,128,0.4418268329336551,0.0963761429629186,11349.36529156848
1716,108.15326231071774,108.15326231071774,-0.0008703581727927193,0.0,4.571741612553551,128,0.44186247299566145,0.09875458040477911,11348.512070873618
1717,108.28325915177474,108.28325915177474,0.0012012469597151472,0.0,4.571741612553551,128,0.44181327672468895,0.08905734579517047,11349.689859983593
1718,107.99252867136701,107.99252867136701,-0.002688517826740869,0.0,4.571741612553551,128,0.44192333192408445,0.076415466467504,11347.055802178973
1719,108.1520586239611,108.1520586239611,0.001476141351104092,0.0,4.571741612553551,128,0.4418629285690589,0.08484534114163535,11348.501165307434
1720,107.91597673708517,107.91597673708517,-0.002185255958190248,0.0,4.571741612553551,128,0.44195232453079636,0.0680744781706347,11346.362231213621
1721,107.49778984156005,107.49778984156005,-0.003882643412363475,0.0,4.571741612553551,128,0.4421109299262311,0.08242655773777341,11342.573400904523
1722,108.0832283716702,108.0832283716702,0.005431275667069388,0.0,4.571741612553551,128,0.44188898571358926,0.06308821868180427,11347.877553834063
1723,107.8989149873782,107.8989149873782,-0.0017067469205307123,0.0,4.571741612553551,128,0.44195879339831673,0.05375121515043421,11346.20764943426
1724,108.07207054539157,108.07207054539157,0.0016035079405525004,0.0,4.571741612553551,128,0.44189321069681536,0.04308954173563286,11347.776462406186
1725,108.64864113567775,108.64864113567775,0.005320875389543223,0.0,4.571741612553551,128,0.4416751607136321,0.04002733825749816,11353.000270591443
1726,108.3792840168009,108.3792840168009,-0.002482235933381764,0.0,4.571741612553551,128,0.44177695244722487,0.03171306135904901,11350.559858357363
1727,108.54477688009914,108.54477688009914,0.0015258141002994702,0.0,4.571741612553551,128,0.44171440326310935,0.03023770600868852,11352.059246270072
1728,109.10850784545136,109.10850784545136,0.005180093896854543,0.0,4.571741612553551,128,0.44150465565649566,0.046036586132233416,11357.166725702256
1729,108.74910938980192,108.74910938980192,-0.0032993914671811523,0.0,4.571741612553551,128,0.441637207448991,0.03399611882478775,11353.910526676465
1730,108.7128986541043,108.7128986541043,-0.00033303045766952007,0.0,4.571741612553551,128,0.44165088585094486,0.03351254418075006,11353.58245247234
1731,108.66390079714415,108.66390079714415,-0.0004508103708735463,0.0,4.571741612553551,128,0.44166939577467784,0.0008801097887223082,11353.138525205564
1732,108.31524948948562,108.31524948948562,-0.003213687649383093,0.0,4.571741612553551,128,0.44180117180116557,0.03112436942089324,11349.979696806351
1733,107.46061524823648,107.46061524823648,-0.00792154128420544,0.0,4.571741612553551,128,0.4421250342368514,0.05370262357503179,11342.236594018845
1734,107.94873193940096,107.94873193940096,0.004531999497609407,0.0,4.571741612553551,128,0.4419399186748317,0.03439123127373745,11346.658997814016
1735,109.4200747688761,109.4200747688761,0.013537961803787673,0.0,4.571741612553551,128,0.4413954323949247,0.0802382049734325,11359.989564522451
1736,107.86413411934197,107.86413411934197,-0.014321954212925094,0.0,4.571741612553551,128,0.44197062329518405,-0.04368720432030187,11345.767460876918
1737,107.52796293471941,107.52796293471941,-0.00312148367727367,0.0,4.571741612553551,128,0.4420916747639171,-0.03541075009191071,11342.799719550698
1738,107.8898234215247,107.8898234215247,0.003359618843802526,0.0,4.571741612553551,128,0.4419600791429411,-0.03899453433910247,11346.192254087722
1739,108.66638591003927,108.66638591003927,0.007171956136249152,0.0,4.571741612553551,128,0.4416689838736972,-0.016234396071996813,11353.27503986511
1740,108.02200044545344,108.02200044545344,-0.005947594838444923,0.0,4.571741612553551,128,0.4419104697226306,-0.042840519047836534,11347.397799757293
1741,108.35201457274817,108.35201457274817,0.003050406798292072,0.0,4.571741612553551,128,0.44178672825001697,-0.0558756239173923,11350.407756330924
1742,107.98431957597988,107.98431957597988,-0.0033992935331990893,0.0,4.571741612553551,128,0.44192460882571755,-0.06237381388582187,11347.054124225273
1743,107.12672210040333,107.12672210040333,-0.007973575066863341,0.0,4.571741612553551,128,0.4422469901998176,-0.06346452554437165,11339.2322434461
1744,107.62830909708234,107.62830909708234,0.004671256416771795,0.0,4.571741612553551,128,0.44205832844058884,-0.08458876504083968,11343.807062985732
1745,107.89577068793713,107.89577068793713,0.002481966083993827,0.0,4.571741612553551,128,0.44195784636555957,-0.07454327800574048,11346.24649726143
1746,106.7535882931774,106.7535882931774,-0.010642409374458445,0.0,4.571741612553551,128,0.44238743567609917,-0.09712199063893875,11335.829005635916
1747,107.23332074555708,107.23332074555708,0.0044837626586722015,0.0,4.571741612553551,128,0.44220688254757035,-0.11287786312401953,11340.204496650384
1748,106.9782568778662,106.9782568778662,-0.0023814211263756945,0.0,4.571741612553551,128,0.4423028615788439,-0.16133501510764406,11337.878138165232
1749,106.74802705519437,106.74802705519437,-0.00215443704431612,0.0,4.571741612553551,128,0.4423895295327388,-0.20705715400846464,11335.77828330787
1750,105.94198136016881,105.94198136016881,-0.007579571414421726,0.0,4.571741612553551,128,0.4426932113695111,-0.21606190131070965,11328.426590341638
1751,105.38617947275057,105.38617947275057,-0.005260095642237159,0.0,4.571741612553551,128,0.44290284227187393,-0.1986465719716069,11323.35729358642
1752,105.72252522518579,105.72252522518579,0.003186472462231996,0.0,4.571741612553551,128,0.4427759608679941,-0.20297779844827554,11326.424998950595
1753,105.48661349142205,105.48661349142205,-0.002233916896823267,0.0,4.571741612553551,128,0.4428649478418773,-0.19559975260523008,11324.273321143164
1754,104.74949244237607,104.74949244237607,-0.007012345156473349,0.0,4.571741612553551,128,0.44314321126942424,-0.21330298533722114,11317.550268511064
1755,103.63434946829692,103.63434946829692,-0.010702879925384084,0.0,4.571741612553551,128,0.4435648070429495,-0.17805486208234197,11307.37939506124
1756,103.56247088363698,103.56247088363698,-0.000693819407279419,0.0,4.571741612553551,128,0.44359200779184155,-0.18210014154282309,11306.723812767917
1757,102.95331772960876,102.95331772960876,-0.005899354473406611,0.0,4.571741612553551,128,0.44382265408428995,-0.17514653443748335,11301.16791564513
1758,103.12750022615269,103.12750022615269,0.0016904294125937018,0.0,4.571741612553551,128,0.4437566794637644,-0.19328839160503578,11302.756580211651
1759,103.40261912060475,103.40261912060475,0.002664202761849117,0.0,4.571741612553551,128,0.44365251121674876,-0.20125130980580128,11305.265854380228
1760,103.17628964819673,103.17628964819673,-0.0021912165604484495,0.0,4.571741612553551,128,0.44373820295472954,-0.19560688812591379,11303.201573408787
1761,102.61070250596617,102.61070250596617,-0.005496834959486581,0.0,4.571741612553551,128,0.44395391550185515,-0.19123565371850249,11297.980532282365
1762,102.59166479968734,102.59166479968734,-0.00018555055269021815,0.0,4.571741612553551,128,0.4439581462724918,-0.1983550961452511,11297.736087438687
1763,102.48570878900378,102.48570878900378,-0.001033327258462762,0.0,4.571741612553551,128,0.4439976708464161,-0.19688730420781833,11296.756342261608
1764,103.36352076274295,103.36352076274295,0.008528740152242047,0.0,4.571741612553551,128,0.4436833690290983,-0.18442956818361897,11305.144966493644
1765,103.78976530010715,103.78976530010715,0.0041152631176333805,0.0,4.571741612553551,128,0.44353091974371395,-0.14987406311501456,11309.21828214879
1766,103.61926342330592,103.61926342330592,-0.0016441127588101587,0.0,4.571741612553551,128,0.44359188773053543,-0.14256751273869656,11307.588917070469
1767,103.51770012447363,103.51770012447363,-0.0009806391407096333,0.0,4.571741612553551,128,0.4436282130416915,-0.11289168196957386,11306.618348913327
1768,103.16314033094291,103.16314033094291,-0.00343099186711108,0.0,4.571741612553551,128,0.4437550744342152,-0.1163129376371572,11303.230073331884
1769,102.7353854469897,102.7353854469897,-0.0041550127446346565,0.0,4.571741612553551,128,0.443908226274313,-0.1123717721344207,11299.142324369408
1770,101.92816206794997,101.92816206794997,-0.007888337465902813,0.0,4.571741612553551,128,0.4441975437463362,-0.08265502836190713,11291.428265094008
1771,102.36001174620516,102.36001174620516,0.004227854343786332,0.0,4.571741612553551,128,0.444042715059847,-0.1325077393395791,11295.555145091073
1772,102.02769275331643,102.02769275331643,-0.0032518520284361974,0.0,4.571741612553551,128,0.4441618495225313,-0.12960833917809747,11292.379409011013
1773,102.400059027825,102.400059027825,0.0036430150318389953,0.0,4.571741612553551,128,0.444028362860548,-0.13113874628632696,11295.937848457028
1774,102.36223588858198,102.36223588858198,-0.0003694346138153728,0.0,4.571741612553551,128,0.44404191794316805,-0.12480022604841341,11295.57639963669
1775,103.14059419558352,103.14059419558352,0.007575195229784017,0.0,4.571741612553551,128,0.4437631440069828,-0.11735254171723206,11303.014615963937
1776,103.1826286095766,103.1826286095766,0.0004074617874143223,0.0,4.571741612553551,128,0.4437480995584162,-0.11069927185815791,11303.416308939599
1777,103.00644643200276,103.00644643200276,-0.0017089384625855377,0.0,4.571741612553551,128,0.4438111637030127,-0.109229862644058,11301.732661269865
1778,103.92742816845501,103.92742816845501,0.008901276499203973,0.0,4.571741612553551,128,0.4434817071319981,-0.10590569645189708,11310.533828197173
1779,103.4112947722366,103.4112947722366,-0.00497865960604335,0.0,4.571741612553551,128,0.4436662768603818,-0.12780428330486912,11305.601508698226
1780,103.87027504310083,103.87027504310083,0.0044285753085556495,0.0,4.571741612553551,128,0.44350213721068393,-0.14182029572525615,11309.987656458092
1781,103.76486517663199,103.76486517663199,-0.0010153375330685017,0.0,4.571741612553551,128,0.4435398224235324,-0.13211632619928818,11308.980329391921
1782,103.48238878319594,103.48238878319594,-0.0027259861152542264,0.0,4.571741612553551,128,0.44364084402028203,-0.13053524142027106,11306.28090355832
1783,103.88664559741812,103.88664559741812,0.0038989169963634016,0.0,4.571741612553551,128,0.4434962851556048,-0.1330680342498614,11310.144098193618
1784,103.91548137022592,103.91548137022592,0.00027753106682469825,0.0,4.571741612553551,128,0.4434859774969843,-0.13899450846275477,11310.41966114988
1785,104.03600982475741,104.03600982475741,0.0011591979200096317,0.0,4.571741612553551,128,0.44344289873499754,-0.13425919226398272,11311.571465801195
1786,104.13796787479838,104.13796787479838,0.0009795466207654787,0.0,4.571741612553551,128,0.44340646417614593,-0.1299145382872343,11312.545806314665
1787,103.02081507184191,103.02081507184191,-0.010785578258272723,0.0,4.571741612553551,128,0.4438060197663613,-0.1407345809730383,11301.869972133629
1788,103.44865611593904,103.44865611593904,0.004144357555701619,0.0,4.571741612553551,128,0.4436522050003613,-0.16200896366451212,11305.850499967106
1789,104.24933875975367,104.24933875975367,0.00771010438226816,0.0,4.571741612553551,128,0.44335845088659304,-0.1313423813393816,11312.76950771373
1790,104.05945258586574,104.05945258586574,-0.0018231225408801338,0.0,4.571741612553551,128,0.4434279193613759,-0.13657704734904624,11310.98806832697
1791,103.43281471343369,103.43281471343369,-0.0060401265621095514,0.0,4.571741612553551,128,0.4436794035380097,-0.13082501380903844,11305.572843723554
1792,102.36491437800248,102.36491437800248,-0.01037824785772554,0.0,4.571741612553551,128,0.44410853204907874,-0.10715377058286839,11296.344355588964
1793,103.10465224685748,103.10465224685748,0.00720049277475604,0.0,4.571741612553551,128,0.4438111988178048,-0.1267497188512907,11302.736957893634
1794,103.1806393513969,103.1806393513969,0.0007367186229086324,0.0,4.571741612553551,128,0.4437806753012346,-0.1624051902659465,11303.393616637299
1795,103.52253970751208,103.52253970751208,0.003308131684063302,0.0,4.571741612553551,128,0.4436433800591659,-0.06318365492795945,11306.348221364851
1796,103.39308043108399,103.39308043108399,-0.0012513245083555788,0.0,4.571741612553551,128,0.44369535794113224,-0.09328746959203454,11305.229471462084
1797,102.7374029645283,102.7374029645283,-0.006361792464236096,0.0,4.571741612553551,128,0.443958770428748,-0.08343861064672352,11299.563295022706
1798,102.2386838208357,102.2386838208357,-0.004866129855636483,0.0,4.571741612553551,128,0.4441593032850572,-0.09083736073278573,11295.253507351179
1799,102.38418062359457,102.38418062359457,0.001422097454011337,0.0,4.571741612553551,128,0.44410078382828777,-0.073489793157003,11296.510848952576
1800,103.34621460669767,103.34621460669767,0.009352443952662909,0.0,4.519690378382599,121,0.46466036862407356,-0.041217147390248204,10889.517525024927
1801,103.42432762199157,103.42432762199157,0.0007555526833552958,0.0,4.519690378382599,121,0.46466036862407356,-0.0253689043907378,10889.517525024927
1802,103.3335323712218,103.3335323712218,-0.0008782762271685737,0.0,4.519690378382599,121,0.46466036862407356,-0.038073945331266096,10889.517525024927
1803,103.97140720113525,103.97140720113525,0.006153995600326877,0.0,4.519690378382599,121,0.46466036862407356,-0.01378387508414035,10889.517525024927
1804,104.98661105455422,104.98661105455422,0.009716897678133286,0.0,4.519690378382599,121,0.46466036862407356,0.019850304710804942,10889.517525024927
1805,104.81225761877167,104.81225761877167,-0.0016621012022024686,0.0,4.519690378382599,121,0.46466036862407356,0.030816330181266508,10889.517525024927
1806,104.49425992885254,104.49425992885254,-0.003038586072883261,0.0,4.519690378382599,121,0.46466036862407356,0.0677905546480544,10889.517525024927
1807,104.35970912430601,104.35970912430601,-0.0012884679546294132,0.0,4.519690378382599,121,0.46466036862407356,0.0769326522756403,10889.517525024927
1808,104.30367622047308,104.30367622047308,-0.0005370650446141249,0.0,4.519690378382599,121,0.46466036862407356,0.07488599276783824,10889.517525024927
1809,105.10345869648702,105.10345869648702,0.007638577979951612,0.0,4.519690378382599,121,0.46466036862407356,0.06235957705160221,10889.517525024927
1810,105.09401446642534,105.09401446642534,-8.986054804492354e-05,0.0,4.519690378382599,121,0.46466036862407356,0.03989531997730767,10889.517525024927
1811,105.27034102182644,105.27034102182644,0.001676392336391155,0.0,4.519690378382599,121,0.46466036862407356,0.05206840227531706,10889.517525024927
1812,105.54404483017511,105.54404483017511,0.0025966345800365717,0.0,4.519690378382599,121,0.46466036862407356,0.06007688943509334,10889.517525024927
1813,105.37765577016782,105.37765577016782,-0.001577733292012357,0.0,4.519690378382599,121,0.46466036862407356,0.04675986873479329,10889.517525024927
1814,105.61582178086663,105.61582178086663,0.0022575684766801664,0.0,4.519690378382599,121,0.4646609225449481,-0.009088701884117577,10889.505525024926
1815,105.00277932524277,105.00277932524277,-0.005821367948052387,0.0,4.519690378382599,121,0.46467418803044847,-0.026629868732883935,10889.22164859198
1816,104.74232238077225,104.74232238077225,-0.002483558149660826,0.0,4.519690378382599,121,0.46467418803044847,-0.01831679348306553,10889.22164859198
1817,104.21497856522966,104.21497856522966,-0.005047394206509128,0.0,4.519690378382599,121,0.46467418803044847,-0.0010757892719036506,10889.22164859198
1818,105.25981937706769,105.25981937706769,0.009975896739572278,0.0,4.519690378382599,121,0.46467418803044847,-0.039349222471044484,10889.22164859198
1819,104.60343553075134,104.60343553075134,-0.006255368401119673,0.0,4.519690378382599,121,0.46467418803044847,-0.07793905350645773,10889.22164859198
1820,104.17445208626697,104.17445208626697,-0.004109477810092266,0.0,4.519690378382599,121,0.46467418803044847,-0.06744007415435965,10889.22164859198
1821,104.04527210546453,104.04527210546453,-0.0012408046151980957,0.0,4.519690378382599,121,0.46467418803044847,-0.06636404539328632,10889.22164859198
1822,103.41439692203048,103.41439692203048,-0.006081925523677957,0.0,4.519690378382599,121,0.46467418803044847,-0.058572634320001045,10889.22164859198
1823,104.05607078114221,104.05607078114221,0.006185708378104297,0.0,4.519690378382599,121,0.46467418803044847,-0.07506878555336069,10889.22164859198
1824,104.05656508954479,104.05656508954479,4.7503929832613325e-06,0.0,4.519690378382599,121,0.46467418803044847,-0.10306798504285711,10889.22164859198
1825,102.9853466118601,102.9853466118601,-0.010347934171213047,0.0,4.519690378382599,121,0.46467418803044847,-0.09210366651906184,10889.22164859198
1826,101.85470275402794,101.85470275402794,-0.01103939726414425,0.0,4.519690378382599,121,0.46467418803044847,-0.018598406943703488,10889.22164859198
1827,101.87962980896319,101.87962980896319,0.0002447015654754216,0.0,4.519690378382599,121,0.46467418803044847,-0.023438410462569132,10889.22164859198
1828,102.16946850625418,102.16946850625418,0.002840874030949121,0.0,4.519690378382599,121,0.46467418803044847,-0.03041856628361691,10889.22164859198
1829,102.17338058385167,102.17338058385167,3.8289351600817646e-05,0.0,4.519690378382599,121,0.46467418803044847,-0.04978214662296517,10889.22164859198
1830,101.06512084358117,101.06512084358117,-0.010906109988656171,0.0,4.519690378382599,121,0.46467418803044847,-0.028892922667128212,10889.22164859198
1831,101.03611431818592,101.03611431818592,-0.0002870494638115205,0.0,4.519690378382599,121,0.46467418803044847,-0.020200652113838112,10889.22164859198
1832,100.64218557868509,100.64218557868509,-0.0039065109203653605,0.0,4.519690378382599,121,0.46467418803044847,-0.012990913927001916,10889.22164859198
1833,100.50499626215925,100.50499626215925,-0.0013640692008954894,0.0,4.519690378382599,121,0.46467418803044847,-0.010441449305131762,10889.22164859198
1834,99.58893327997062,99.58893327997062,-0.009156393544448896,0.0,4.519690378382599,121,0.46467418803044847,-0.005019219218569614,10889.22164859198
1835,98.84924828009093,98.84924828009093,-0.007455101835200036,0.0,4.519690378382599,121,0.46467418803044847,0.0250217825993418,10889.22164859198
1836,98.00362496543784,98.00362496543784,-0.0085914775053923,0.0,4.519690378382599,121,0.46467418803044847,0.054756538418587096,10889.22164859198
1837,97.87626419882288,97.87626419882288,-0.0013003967391032039,0.0,4.519690378382599,121,0.46467418803044847,0.06141333882345966,10889.22164859198
1838,98.14691612799183,98.14691612799183,0.0027614295483376775,0.0,4.519690378382599,121,0.46466114462162755,0.08690542187562202,10887.76583836385
1839,98.77862689592497,98.77862689592497,0.006415754148490106,0.0,4.519690378382599,121,0.46506405374336085,0.11361454268195408,10912.769320285084
1840,98.66524992203071,98.66524992203071,-0.0011484477329239174,0.0,4.519690378382599,121,0.46506258111946297,0.11430978802829139,10912.59940270903
1841,99.02885713887397,99.02885713887397,0.0036784872574550285,0.0,4.519690378382599,121,0.4650670787870789,0.1119323926217064,10913.090197079322
1842,99.21991718159508,99.21991718159508,0.0019274782659085526,0.0,4.519690378382599,121,0.4650695782753498,0.12412890220484517,10913.348088531999
1843,100.17668877233504,100.17668877233504,0.009596742423686046,0.0,4.519690378382599,121,0.46509881977199763,0.1311082479525849,10914.639531849507
1844,99.61288528484714,99.61288528484714,-0.005643988048849175,0.0,4.519690378382599,121,0.46507763610119035,0.10033109854210738,10913.8785140127
1845,99.84185035942542,99.84185035942542,0.0022959111441054917,0.0,4.519690378382599,121,0.4650860540390336,0.09029174799449922,10914.187569401016
1846,99.06334846756853,99.06334846756853,-0.007827908689607914,0.0,4.519690378382599,121,0.4650675089741418,0.08631265775179914,10913.136753223322
1847,99.34140260935753,99.34140260935753,0.002802899853135845,0.0,4.519690378382599,121,0.46507163743126667,0.1033565469297958,10913.512068676662
1848,100.4273819182717,100.4273819182717,0.010872469483316197,0.0,4.519690378382599,121,0.4651109301832274,0.09803564957403828,10914.977915630128
1849,102.04272020180679,102.04272020180679,0.015956652765586103,0.0,4.519690378382599,121,0.4651961068544881,0.1830268385624347,10917.158287468066
1850,102.04007143420169,102.04007143420169,-2.595777511677997e-05,0.0,4.519690378382599,121,0.4651959654888594,0.18170858373034027,10917.154712180863
1851,102.597238731894,102.597238731894,0.005445426095863773,0.0,4.519690378382599,121,0.46522596430929153,0.1538968995377323,10917.90677253707
1852,102.75550459061975,102.75550459061975,0.001541405169473776,0.0,4.519690378382599,121,0.46523452304074914,0.20392727887106354,10918.120398639287
1853,102.28137054208707,102.28137054208707,-0.004624874363191656,0.0,4.519690378382599,121,0.46520892093102983,0.20040256962649236,10917.480415957414
1854,102.94324162113833,102.94324162113833,0.0064502338863133,0.0,4.519690378382599,121,0.4652446778878044,0.18019563620069032,10918.37380471432
1855,102.72048215479371,102.72048215479371,-0.0021662503174175174,0.0,4.519690378382599,121,0.4652326290113417,0.17586965049777686,10918.073125610752
1856,102.43351280001822,102.43351280001822,-0.002797601304368705,0.0,4.519690378382599,121,0.46521711092982904,0.17467820643961393,10917.685776467924
1857,103.30330477625839,103.30330477625839,0.00845543513877804,0.0,4.519690378382599,121,0.4652641595670954,0.14509515807337214,10918.859815335936
1858,103.39650752304075,103.39650752304075,0.0009018174913873358,0.0,4.519690378382599,121,0.4652692025213618,0.15331757930850157,10918.985619724017
1859,103.8595295153317,103.8595295153317,0.004468123285828019,0.0,4.519690378382599,121,0.46529428264825845,0.1482559103657506,10919.610603433392
1860,104.8169114149411,104.8169114149411,0.009175818914821474,0.0,4.519690378382599,121,0.46534691342890583,0.1647888231634571,10920.902870541362
1861,104.97101702693615,104.97101702693615,0.0014691564081721197,0.0,4.519690378382599,121,0.46535543393044726,0.1704040782402209,10921.110881172874
1862,105.28855918249117,105.28855918249117,0.0030204797583916285,0.0,4.519690378382599,121,0.4653735653319036,0.17496861545863948,10921.527506430419
1863,105.90553660165298,105.90553660165298,0.005842769155694997,0.0,4.519690378382599,121,0.4654004971048969,0.155570485220822,10922.411836216814
1864,105.61049416784893,105.61049416784893,-0.002789789729775645,0.0,4.519690378382599,121,0.46539553073640455,0.16196877440334984,10922.292981737612
1865,105.95314982608396,105.95314982608396,0.0032392707119853615,0.0,4.519690378382599,121,0.46540130117397005,0.15377595765803012,10922.430712368448
1866,107.35310291325078,107.35310291325078,0.013126414912327463,0.0,4.519690378382599,121,0.4654252355675601,0.1585279939024322,10922.993424284048
1867,107.64344708447064,107.64344708447064,0.0027009209936378216,0.0,4.519690378382599,121,0.46543025264917803,0.17100758724515483,10923.110128283824
1868,108.25371688052861,108.25371688052861,0.005653352829851865,0.0,4.519690378382599,121,0.46544102961158823,0.17808841710096748,10923.355426564975
1869,107.88678194559363,107.88678194559363,-0.003395340433100067,0.0,4.519690378382599,121,0.46543448689471023,0.17325262913136844,10923.207936865478
1870,107.13600553609056,107.13600553609056,-0.006983254838376005,0.0,4.519690378382599,121,0.4654215241089795,0.18236013661740394,10922.906161873549
1871,107.78173393668929,107.78173393668929,0.006009093016173434,0.0,4.519690378382599,121,0.465432657404605,0.159532562033166,10923.165712760352
1872,107.70244405979145,107.70244405979145,-0.0007359229917812823,0.0,4.519690378382599,121,0.4654312785869894,0.15888522362277135,10923.133842150597
1873,108.30329067349255,108.30329067349255,0.00556326121729628,0.0,4.519690378382599,121,0.46544191353483977,0.15635991920276643,10923.375352778401
1874,107.5894618634436,107.5894618634436,-0.006612833482775765,0.0,4.519690378382599,121,0.46542931386020664,0.14246662963710474,10923.088428894454
1875,108.31844895508203,108.31844895508203,0.0067527851020380315,0.0,4.519690378382599,121,0.46544218381324387,0.11411529472167405,10923.381445658048
1876,108.52670356630146,108.52670356630146,0.0019207685560407388,0.0,4.519690378382599,121,0.46544589704820816,0.11065894336482729,10923.4651537139
1877,108.94163842156496,108.94163842156496,0.003816052994223697,0.0,4.519690378382599,121,0.46545338758095933,0.13778610335234326,10923.63193700785
1878,108.64114811408838,108.64114811408838,-0.0027620796966504185,0.0,4.519690378382599,121,0.4654479414487871,0.16750435061278504,10923.511154763011
1879,109.54157507928115,109.54157507928115,0.00825392647025116,0.0,4.519690378382599,121,0.46546426056421125,0.13902320804628715,10923.873081878346
1880,109.37811795683297,109.37811795683297,-0.0014933069798935379,0.0,4.519690378382599,121,0.4654612981881205,0.12759157008285812,10923.807380197813
1881,108.70935267744235,108.70935267744235,-0.006133019688707333,0.0,4.519690378382599,121,0.46544917760926385,0.12622265534411242,10923.538569624872
1882,108.35179324946799,108.35179324946799,-0.0032945532454677186,0.0,4.519690378382599,121,0.46544277835468484,0.15811128465820878,10923.394848415568
1883,108.25705365981838,108.25705365981838,-0.0008747527817314393,0.0,4.519690378382599,121,0.46544108910798027,0.16502315472083046,10923.356767785252
1884,108.91006289322024,108.91006289322024,0.00601390497681066,0.0,4.519690378382599,121,0.46545281530692995,0.15518059097300296,10923.619245206815
1885,109.95927696576346,109.95927696576346,0.009587657279581186,0.0,4.519690378382599,121,0.4654718305226382,0.11499171227254726,10924.040977382021
1886,110.43941495586004,110.43941495586004,0.004357001808558555,0.0,4.519690378382599,121,0.4654805317152115,0.13042554747653143,10924.233969111983
1887,109.93449956553725,109.93449956553725,-0.004582359712924218,0.0,4.519690378382599,121,0.4654711620269286,0.12007439740996217,10923.994810906544
1888,109.46289675563068,109.46289675563068,-0.0042990805193201045,0.0,4.519690378382599,121,0.4654630126777869,0.13549309844908505,10923.074573317706
1889,109.93788178205719,109.93788178205719,0.004329845788695734,0.0,4.519690378382599,121,0.46546301148639363,0.11930021903423686,10923.075720038345
1890,110.7191685952692,110.7191685952692,0.007081487555789247,0.0,4.519690378382599,121,0.46546301148639363,0.12445875402749461,10923.075720038345
1891,111.3829099228691,111.3829099228691,0.005976921134302358,0.0,4.519690378382599,121,0.46546301148639363,0.13080697070085842,10923.075720038345
1892,111.43202603299756,111.43202603299756,0.0004408691070307628,0.0,4.519690378382599,121,0.46546301148639363,0.12107532404344136,10923.075720038345
1893,112.53339461896465,112.53339461896465,0.009835245645368512,0.0,4.519690378382599,121,0.46546301148639363,0.09404881178659659,10923.075720038345
1894,112.19902948211083,112.19902948211083,-0.002975675494223345,0.0,4.519690378382599,121,0.46546301148639363,0.021379584244874402,10923.075720038345
1895,111.44124309093606,111.44124309093606,-0.0067768589495732995,0.0,4.519690378382599,121,0.46546301148639363,-0.009259448752479684,10923.075720038345
1896,111.67669871505085,111.67669871505085,0.002110594151363553,0.0,4.519690378382599,121,0.46546301148639363,-0.03214521408762055,10923.075720038345
1897,111.9239902228434,111.9239902228434,0.0022119038164897793,0.0,4.519690378382599,121,0.46546301148639363,-0.03129124431471647,10923.075720038345
1898,110.26033678934377,110.26033678934377,-0.014975714518956488,0.0,4.519690378382599,121,0.46546301148639363,-0.02838653701596209,10923.075720038345
1899,110.8742188746235,110.8742188746235,0.0055521278472537615,0.0,4.519690378382599,121,0.46546301148639363,-0.05217787281512726,10923.075720038345
1900,110.2872562826153,110.2872562826153,-0.005308012796799009,0.0,4.519690378382599,121,0.46546301148639363,-0.06126789378846988,10923.075720038345
1901,110.20243891759236,110.20243891759236,-0.0007693544964047774,0.0,4.519690378382599,121,0.46546301148639363,-0.05209778396610827,10923.075720038345
1902,109.49738463395458,109.49738463395458,-0.0064183638626043584,0.0,4.519690378382599,121,0.46546301148639363,-0.04161826132771258,10923.075720038345
1903,110.4309304623901,110.4309304623901,0.008489597485385218,0.0,4.519690378382599,121,0.46546301148639363,-0.040628903029229904,10923.075720038345
1904,110.59181093333734,110.59181093333734,0.0014557823176400328,0.0,4.519690378382599,121,0.46546301148639363,-0.04026029531520239,10923.075720038345
1905,110.30857609888723,110.30857609888723,-0.0025643684329184086,0.0,4.519690378382599,121,0.46546301148639363,-0.036382792405024546,10923.075720038345
1906,110.42220183968146,110.42220183968146,0.001029541524674695,0.0,4.519690378382599,121,0.46546301148639363,-0.03183502031261886,10923.075720038345
1907,109.94600687474174,109.94600687474174,-0.00432181855013985,0.0,4.519690378382599,121,0.46546301148639363,-0.03398191031617416,10923.075720038345
1908,110.3632050346203,110.3632050346203,0.003787391865871347,0.0,4.519690378382599,121,0.46546301148639363,-0.11163701763649164,10923.075720038345
1909,110.95088676769943,110.95088676769943,0.005310851284673507,0.0,4.519690378382599,121,0.46546301148639363,-0.10745150400581262,10923.075720038345
1910,109.64642057107926,109.64642057107926,-0.011826811644618827,0.0,4.519690378382599,121,0.46546301148639363,-0.12235532997880064,10923.075720038345
1911,109.10950554646085,109.10950554646085,-0.00490881424145116,0.0,4.519690378382599,121,0.46546301148639363,-0.08085893755705999,10923.075720038345
1912,109.5049962856434,109.5049962856434,0.003618160436002819,0.0,4.519690378382599,121,0.46546301148639363,-0.0871789800665495,10923.075720038345
1913,108.6701362194624,108.6701362194624,-0.007653155806155327,0.0,4.519690378382599,121,0.46546301148639363,-0.08098787757933355,10923.075720038345
1914,108.09595269206561,108.09595269206561,-0.005297737051028702,0.0,4.519690378382599,121,0.46546241723178244,-0.04442242951970556,10923.062541169678
1915,108.15679776727204,108.15679776727204,0.0005627218769034389,0.0,4.519690378382599,121,0.46546095565347445,-0.049481297699513205,10923.030127675873
1916,108.7255512993918,108.7255512993918,0.005244823641460263,0.0,4.519690378382599,121,0.46546095565347445,-0.03564127295021736,10923.030127675873
1917,108.08025020096613,108.08025020096613,-0.005952820446102756,0.0,4.519690378382599,121,0.46546095565347445,-0.05152029523291578,10923.030127675873
1918,107.86839721119777,107.86839721119777,-0.0019620688554576695,0.0,4.519690378382599,121,0.46546095565347445,-0.04243169040306774,10923.030127675873
1919,107.50390666229819,107.50390666229819,-0.003384751802600691,0.0,4.519690378382599,121,0.46546095565347445,-0.05388688843285156,10923.030127675873
1920,108.20846942415184,108.20846942415184,0.006532451036082418,0.0,4.519690378382599,121,0.46546095565347445,-0.07142405123113464,10923.030127675873
1921,108.05989916008527,108.05989916008527,-0.0013739437571086166,0.0,4.519690378382599,121,0.46546095565347445,-0.07855017185958842,10923.030127675873
1922,108.54021869479652,108.54021869479652,0.004435088279655436,0.0,4.519690378382599,121,0.46546095565347445,-0.08888665912039412,10923.030127675873
1923,108.86893632920989,108.86893632920989,0.003023956234670951,0.0,4.519690378382599,121,0.46546095565347445,-0.07562826786085058,10923.030127675873
1924,110.0324750605673,110.0324750605673,0.010630810299264467,0.0,4.519690378382599,121,0.46546095565347445,-0.054811294461807304,10923.030127675873
1925,110.50113428727937,110.50113428727937,0.004250235903777762,0.0,4.519690378382599,121,0.46546095565347445,-0.05268932898818248,10923.030127675873
1926,110.34725046738983,110.34725046738983,-0.0013935700273696636,0.0,4.519690378382599,121,0.46546095565347445,-0.0763286741739231,10923.030127675873
1927,110.57995323160094,110.57995323160094,0.0021066020514610476,0.0,4.519690378382599,121,0.46546095565347445,-0.08438476917234522,10923.030127675873
1928,111.02946840452793,111.02946840452793,0.0040568292278642,0.0,4.519690378382599,121,0.46546095565347445,-0.07094140127000219,10923.030127675873
1929,111.70413172546415,111.70413172546415,0.006058047675638042,0.0,4.519690378382599,121,0.46546095565347445,-0.07549591537909686,10923.030127675873
1930,112.39863851752537,112.39863851752537,0.006198129676857296,0.0,4.519690378382599,121,0.46546095565347445,-0.037677137421193906,10923.030127675873
1931,112.4464802553241,112.4464802553241,0.00042555283193902396,0.0,4.519690378382599,121,0.46546095565347445,-0.035127747165458925,10923.030127675873
1932,112.88536154080825,112.88536154080825,0.003895426735642972,0.0,4.519690378382599,121,0.46546095565347445,-0.03145852235572321,10923.030127675873
1933,112.7819470437151,112.7819470437151,-0.0009165218035427757,0.0,4.519690378382599,121,0.46546095565347445,-0.014862726235761873,10923.030127675873
1934,113.20477833223774,113.20477833223774,0.003742093976868623,0.0,4.519690378382599,121,0.46546095565347445,0.0072218267704613585,10923.030127675873
1935,113.14606984055834,113.14606984055834,-0.0005187388823130667,0.0,4.519690378382599,121,0.46546095565347445,0.000841323225060094,10923.030127675873
1936,113.91231386586179,113.91231386586179,0.006749338399717237,0.0,4.519690378382599,121,0.46546095565347445,-0.005398486177084096,10923.030127675873
1937,114.08492945297316,114.08492945297316,0.0015141904137030593,0.0,4.519690378382599,121,0.46546095565347445,0.003196936730341986,10923.030127675873
1938,115.16009945553085,115.16009945553085,0.009380163147893519,0.0,4.519690378382599,121,0.46546095565347445,0.021821091295351223,10923.030127675873
1939,115.74482727453257,115.74482727453257,0.005064673822099379,0.0,4.519690378382599,121,0.46546036201065627,0.05191819362244836,10923.016962484915
1940,115.21122829215052,115.21122829215052,-0.0046207918689149296,0.0,4.519690378382599,121,0.46544870748080397,0.029051008753154577,10922.757865415477
1941,114.8084443116018,114.8084443116018,-0.003502173424345637,0.0,4.519690378382599,121,0.46544870748080397,0.026328352027277274,10922.757865415477
1942,115.82142720973961,115.82142720973961,0.008784546473744333,0.0,4.519690378382599,121,0.46544870748080397,0.0014764478902484376,10922.757865415477
1943,116.18110264576141,116.18110264576141,0.003100618983774859,0.0,4.519690378382599,121,0.46544870748080397,0.0155172293883913,10922.757865415477
1944,115.08933222444739,115.08933222444739,-0.009441574598606619,0.0,4.519690378382599,121,0.46544870748080397,-0.01954546925589053,10922.757865415477
1945,115.22708663466146,115.22708663466146,0.0011962189002674706,0.0,4.519690378382599,121,0.46544870748080397,-0.03943084690572952,10922.757865415477
1946,114.84506523395304,114.84506523395304,-0.003320886501842465,0.0,4.519690378382599,121,0.46544870748080397,-0.029573633469895604,10922.757865415477
1947,115.48855370398256,115.48855370398256,0.005587461761975912,0.0,4.519690378382599,121,0.46544870748080397,-0.05589373923801377,10922.757865415477
1948,115.43636771868982,115.43636771868982,-0.0004519736186082783,0.0,4.519690378382599,121,0.46544870748080397,-0.050040718016207276,10922.757865415477
1949,115.83446788699756,115.83446788699756,0.003442721694383603,0.0,4.519690378382599,121,0.46544870748080397,-0.06424977638839612,10922.757865415477
1950,116.7730656229769,116.7730656229769,0.00807027026160403,0.0,4.519690378382599,121,0.46544870748080397,-0.07106269244783413,10922.757865415477
1951,115.8968431253522,115.8968431253522,-0.007531929201101073,0.0,4.519690378382599,121,0.46544870748080397,-0.10189496344215959,10922.757865415477
1952,117.34203054268076,117.34203054268076,0.012392496069080786,0.0,4.519690378382599,121,0.46544870748080397,-0.14194635532067995,10922.757865415477
1953,117.56191768857668,117.56191768857668,0.001872145715520544,0.0,4.519690378382599,121,0.46544870748080397,-0.12389783826826962,10922.757865415477
1954,117.81832669411713,117.81832669411713,0.0021786799281857112,0.0,4.519690378382599,121,0.46544870748080397,-0.1392033255522058,10922.757865415477
1955,118.26031155822659,118.26031155822659,0.003744391138343301,0.0,4.519690378382599,121,0.46544870748080397,-0.1361138716668705,10922.757865415477
1956,118.1337475306381,118.1337475306381,-0.0010707886667657093,0.0,4.519690378382599,121,0.46544870748080397,-0.13984167547726647,10922.757865415477
1957,118.40459776347397,118.40459776347397,0.0022901179161888504,0.0,4.519690378382599,121,0.46544870748080397,-0.13018789806401412,10922.757865415477
1958,118.04173910159057,118.04173910159057,-0.0030692710367285986,0.0,4.519690378382599,121,0.46544870748080397,-0.10835156869046947,10922.757865415477
1959,117.98132018889964,117.98132018889964,-0.0005119746705452192,0.0,4.519690378382599,121,0.46544870748080397,-0.08680909792394931,10922.757865415477
1960,117.73816355075374,117.73816355075374,-0.002063102468542283,0.0,4.519690378382599,121,0.46544870748080397,-0.09318167221084184,10922.757865415477
1961,117.74194188803096,117.74194188803096,3.209050098322313e-05,0.0,4.519690378382599,121,0.46544870748080397,-0.1003439756572412,10922.757865415477
1962,117.71347371051986,117.71347371051986,-0.00024181374276274032,0.0,4.519690378382599,121,0.46544870748080397,-0.06550601293900252,10922.757865415477
1963,117.66249477098275,117.66249477098275,-0.00043317030759877444,0.0,4.519690378382599,121,0.46544870748080397,-0.06829795062603064,10922.757865415477
1964,117.27803520560997,117.27803520560997,-0.003272827456259028,0.0,4.519690378382599,121,0.46544812707423827,-0.06178852100325495,10922.744781903197
1965,117.0431375087563,117.0431375087563,-0.00200492147438208,0.0,4.519690378382599,121,0.4654417419120721,-0.05302680620820854,10922.600849784474
1966,116.96831642811365,116.96831642811365,-0.0006394651367147417,0.0,4.519690378382599,121,0.4654417419120721,-0.04929728843551614,10922.600849784474
1967,116.6992950679709,116.6992950679709,-0.0023025996395659803,0.0,4.519690378382599,121,0.4654417419120721,-0.03580366375096735,10922.600849784474
1968,116.95036718884522,116.95036718884522,0.0021491340076111574,0.0,4.519690378382599,121,0.4654417419120721,-0.04730279409787542,10922.600849784474
1969,117.26948209429666,117.26948209429666,0.002724919377118536,0.0,4.519690378382599,121,0.4654417419120721,-0.006439360181306899,10922.600849784474
1970,116.87856656555172,116.87856656555172,-0.0033390488981945737,0.0,4.519690378382599,121,0.4654417419120721,-0.0746129148201235,10922.600849784474
1971,116.56251528350056,116.56251528350056,-0.002707762255507511,0.0,4.519690378382599,121,0.4654417419120721,-0.05020284572592855,10922.600849784474
1972,115.42107816892063,115.42107816892063,-0.009840750451447925,0.0,4.519690378382599,121,0.4654417419120721,0.0022977569243099404,10922.600849784474
1973,116.02910511637985,116.02910511637985,0.005254075305181191,0.0,4.519690378382599,121,0.4654417419120721,-0.0773845083442066,10922.600849784474
1974,116.26218026495948,116.26218026495948,0.002006749641201446,0.0,4.519690378382599,121,0.4654417419120721,-0.08026726367554565,10922.600849784474
1975,116.45241527317359,116.45241527317359,0.0016349215239254528,0.0,4.519690378382599,121,0.4654417419120721,-0.07786423405681848,10922.600849784474
1976,116.88866256274045,116.88866256274045,0.0037391427337522187,0.0,4.519690378382599,121,0.4654417419120721,-0.05430278271622338,10922.600849784474
1977,116.67141427001415,116.67141427001415,-0.0018603209788816476,0.0,4.519690378382599,121,0.4654417419120721,-0.08228768408724645,10922.600849784474
1978,116.66878326469333,116.66878326469333,-2.2550810779524277e-05,0.0,4.519690378382599,121,0.4654417419120721,-0.09240222636168503,10922.600849784474
1979,116.8616937855365,116.8616937855365,0.0016521232445473578,0.0,4.519690378382599,121,0.4654417419120721,-0.07347485354104429,10922.600849784474
1980,116.96768750235492,116.96768750235492,0.0009065902966887101,0.0,4.519690378382599,121,0.4654417419120721,-0.06301730662532157,10922.600849784474
1981,116.76470660214069,116.76470660214069,-0.0017368662313129299,0.0,4.519690378382599,121,0.4654417419120721,-0.05450897238246965,10922.600849784474
1982,117.00585223319412,117.00585223319412,0.002063097404468775,0.0,4.519690378382599,121,0.4654417419120721,-0.0620221074649799,10922.600849784474
1983,117.0010834077577,117.0010834077577,-4.07579837240129e-05,0.0,4.519690378382599,121,0.4654417419120721,-0.0782780350982574,10922.600849784474
1984,116.65972747750631,116.65972747750631,-0.0029218093680623215,0.0,4.519690378382599,121,0.4654417419120721,-0.10901630943976028,10922.600849784474
1985,115.77171336324233,115.77171336324233,-0.007641121457018634,0.0,4.519690378382599,121,0.4654417419120721,-0.0661512464064256,10922.600849784474
1986,115.96800638784434,115.96800638784434,0.0016940822381092057,0.0,4.519690378382599,121,0.4654417419120721,-0.07078781294275822,10922.600849784474
1987,115.42872614997324,115.42872614997324,-0.004661096190209001,0.0,4.519690378382599,121,0.4654417419120721,-0.07732397912853378,10922.600849784474
1988,115.44013891029837,115.44013891029837,9.886790348665275e-05,0.0,4.519690378382599,121,0.4654417419120721,-0.09149220630652961,10922.600849784474
1989,115.48554223676669,115.48554223676669,0.00039322891094525155,0.0,4.519690378382599,121,0.4654417419120721,-0.12213808761540283,10922.600849784474
1990,116.06648900316118,116.06648900316118,0.005017861275077927,0.0,4.519690378382599,121,0.4654417419120721,-0.12357531075719845,10922.600849784474
1991,116.01873414874181,116.01873414874181,-0.0004115286138840467,0.0,4.519690378382599,121,0.4654417419120721,-0.1270850515043097,10922.600849784474
1992,115.8417765484174,115.8417765484174,-0.001526414602907083,0.0,4.519690378382599,121,0.4654417419120721,-0.12189223370092621,10922.600849784474
1993,115.02600442445043,115.02600442445043,-0.007067036515034187,0.0,4.519690378382599,121,0.4654417419120721,-0.09939423681821723,10922.600849784474
1994,114.44542486414271,114.44542486414271,-0.005060157605922268,0.0,4.519690378382599,121,0.4654417419120721,-0.061136865950090186,10922.600849784474
1995,115.13418776565926,115.13418776565926,0.006000227634075232,0.0,4.519690378382599,121,0.4654417419120721,-0.0808422709080498,10922.600849784474
1996,115.61967796396767,115.61967796396767,0.004207868094604825,0.0,4.519690378382599,121,0.4654417419120721,-0.07045438111296663,10922.600849784474
1997,115.2212368143525,115.2212368143525,-0.003452087734793398,0.0,4.519690378382599,121,0.4654417419120721,-0.09296684101292686,10922.600849784474
1998,115.14027164237196,115.14027164237196,-0.0007029401383665195,0.0,4.519690378382599,121,0.4654417419120721,-0.14144863992621307,10922.600849784474
1999,114.74710070731847,114.74710070731847,-0.0034205560260497803,0.0,4.519690378382599,121,0.4654417419120721,-0.11933477771024548,10922.600849784474
