step,price,fundamental,log_return,volume,strategy_entropy,n_families,wealth_gini,acf1,mean_fitness
0,100.57453703979218,100.57453703979218,0.0,0.0,6.214608098422218,500,0.0,0.0,20000.0
1,100.20688114364317,100.20688114364317,-0.003662254310137648,0.0,6.214608098422218,500,0.0,0.0,20000.0
2,100.51180636284448,100.51180636284448,0.00303833646548284,0.0,6.214608098422218,500,0.0,0.0,20000.0
3,100.57349155389326,100.57349155389326,0.0006135226555372478,0.0,6.214608098422218,500,0.0,0.0,20000.0
4,100.30993003251588,100.30993003251588,-0.0026240261194842656,0.0,6.214608098422218,500,0.0,0.0,20000.0
5,101.18820206763327,101.18820206763327,0.00871747631539361,0.0,6.214608098422218,500,0.0,0.0,20000.0
6,101.06407896507804,101.06407896507804,-0.0012274088332097889,0.0,6.214608098422218,500,0.0,0.0,20000.0
7,100.79893938304767,100.79893938304767,-0.00262692727644512,0.0,6.214608098422218,500,0.0,0.0,20000.0
8,101.0250740955387,101.0250740955387,0.00224091081358249,0.0,6.214608098422218,500,0.0,0.0,20000.0
9,100.7443649328682,100.7443649328682,-0.0027824763267467333,0.0,6.214608098422218,500,5.988003592802156e-07,0.0,19999.988
10,100.66023974003055,100.66023974003055,-0.0008353850485854874,0.0,6.214608098422218,500,4.858189175766357e-06,0.0,19999.90264197342
11,100.81084365942068,100.81084365942068,0.001495042811115899,0.0,6.214608098422218,500,5.455537899234345e-06,0.0,19999.890671180827
12,101.87155770837329,101.87155770837329,0.010466855786789322,0.0,6.214608098422218,500,1.2879051565676183e-05,0.0,20000.258100556515
13,103.0729000901434,103.0729000901434,0.01172372412105704,0.0,6.214608098422218,500,1.2879051565676183e-05,0.0,20000.258100556515
14,103.00514886873833,103.00514886873833,-0.0006575297484457695,0.0,6.214608098422218,500,1.2879051565676183e-05,0.0,20000.258100556515
15,103.43984612454165,103.43984612454165,0.004211270883621416,0.0,6.214608098422218,500,1.4668254878816423e-05,0.0,20000.222100556515
16,103.12040554785503,103.12040554785503,-0.0030929554815854704,0.0,6.214608098422218,500,4.176378934359406e-05,0.0,19999.675840460262
17,103.60761465570167,103.60761465570167,0.004713536262871886,0.0,6.214608098422218,500,7.765856203969821e-05,0.0,20000.65304632993
18,102.47322429570505,102.47322429570505,-0.01100928959246873,0.0,6.214608098422218,500,0.0002660785383432815,0.0,19996.24136890052
19,102.59413964806434,102.59413964806434,0.0011792745958875929,0.0,6.214608098422218,500,0.00027351475743910193,0.0,19996.460838850515
20,102.40363866026294,102.40363866026294,-0.0018585668997027618,0.0,6.214608098422218,500,0.0002737461424442003,0.0,19995.51035005835
21,102.71349390270136,102.71349390270136,0.003021253995340326,0.0,6.214608098422218,500,0.00037940877589264177,0.0,19994.575533057297
22,102.96452823261629,102.96452823261629,0.002441043062955568,0.0,6.214608098422218,500,0.00047575643474127036,0.0,20003.643724750014
23,102.52459009716978,102.52459009716978,-0.004281869630754259,0.0,6.214608098422218,500,0.0005616662094323737,0.0,19996.36365519678
24,103.1906336741503,103.1906336741503,0.00647541676393677,0.0,6.214608098422218,500,0.001768804800655472,0.0,20036.175801264504
25,103.48636541665056,103.48636541665056,0.0028617789655613073,0.0,6.214608098422218,500,0.0016748716121817691,0.0,20036.14515791562
26,103.73875342051441,103.73875342051441,0.0024358835461267313,0.0,6.214608098422218,500,0.0019360752643663005,0.0,20043.750387295426
27,103.81143182596254,103.81143182596254,0.0007003453967767202,0.0,6.214608098422218,500,0.0019209379842879768,0.0,20041.892264185448
28,104.06374576629223,104.06374576629223,0.002427553565169718,0.0,6.214608098422218,500,0.0021568842432433265,0.0,20048.307606374423
29,103.5686737265938,103.5686737265938,-0.004768744487078227,0.0,6.214608098422218,500,0.0023063499551342482,0.0,20040.491606402007
30,104.35975429704878,104.35975429704878,0.007609198943389006,0.0,6.214608098422218,500,0.003272975863615752,0.0,20065.315603034982
31,104.19794931708311,104.19794931708311,-0.0015516570198628246,0.0,6.214608098422218,500,0.0030015095804883387,0.0,20054.727788889566
32,104.20659485052569,104.20659485052569,8.29687613777301e-05,0.0,6.214608098422218,500,0.0030773063722678677,0.0,20052.005169160508
33,102.98794440124345,102.98794440124345,-0.011763480897411343,0.0,6.214608098422218,500,0.0043005088283278,0.0,19979.592472544984
34,102.9625293441989,102.9625293441989,-0.0002468074650314007,0.0,6.214608098422218,500,0.004396445109604857,0.0,19976.336355195042
35,103.1392235151822,103.1392235151822,0.0017146308735503208,0.0,6.214608098422218,500,0.004338281540922129,0.0,19978.873171704938
36,102.99185954356969,102.99185954356969,-0.0014298085910297504,0.0,6.214608098422218,500,0.0045297275181056034,0.0,19972.498041731084
37,102.78608628543421,102.78608628543421,-0.001999955105922472,0.0,6.214608098422218,500,0.004937531298922003,0.0,19959.823097578406
38,103.25482152370881,103.25482152370881,0.004549931874210528,0.0,6.214608098422218,500,0.00488902208107471,0.0,19971.46680129533
39,104.04702750742304,104.04702750742304,0.007643056189726138,0.0,6.214608098422218,500,0.005500999706804575,0.0,20014.38108735378
40,104.32802389889063,104.32802389889063,0.002697026922375883,0.0,6.214608098422218,500,0.005686885354356044,0.0,20021.999842801702
41,103.6232350755048,103.6232350755048,-0.006778429959443965,0.0,6.214608098422218,500,0.0065024379022669675,0.0,19994.61192322628
42,102.71311888717132,102.71311888717132,-0.008821732798662833,0.0,6.214608098422218,500,0.007943403976818367,0.0,19940.10813063904
43,103.23051169348462,103.23051169348462,0.005024616623447621,0.0,6.214608098422218,500,0.007890029310138815,0.0,19954.46505878437
44,104.80756882593994,104.80756882593994,0.015161525606175633,0.0,6.214608098422218,500,0.008078040139072977,0.0,20010.853022148818
45,104.14191976738631,104.14191976738631,-0.006371408849673283,0.0,6.214608098422218,500,0.009078754506972417,0.0,19976.644840530513
46,104.2683371374907,104.2683371374907,0.0012131589633489473,0.0,6.214608098422218,500,0.009117799640878122,0.0,19979.20383977561
47,104.4518113887936,104.4518113887936,0.0017580889996139718,0.0,6.214608098422218,500,0.00920150163659942,0.0,19982.78943421498
48,103.86854371414584,103.86854371414584,-0.005599733146444921,0.0,6.214608098422218,500,0.009285931713254345,0.0,19955.405170325965
49,103.41966217507606,103.41966217507606,-0.004330996438538738,0.0,6.214608098422218,500,0.009641773219805517,0.0,19930.61154061569
50,103.49634801317814,103.49634801317814,0.0007412267571112635,0.0,6.214608098422218,500,0.009596614089434555,0.0,19927.54905305051
51,104.4143580159455,104.4143580159455,0.008830867694607024,0.0,6.214608098422218,500,0.00981090891813053,0.0,19937.181218842212
52,104.15061012627271,104.15061012627271,-0.002529169041330575,0.0,6.214608098422218,500,0.009484410081332485,0.0,19913.664914681955
53,104.36007632150847,104.36007632150847,0.002009165758050693,0.0,6.214608098422218,500,0.009544693220472624,0.0,19914.532464182776
54,103.9965918945778,103.9965918945778,-0.003489063237422425,0.0,6.214608098422218,500,0.009390877560235633,0.0,19886.003448549145
55,103.31930805261584,103.31930805261584,-0.006533857283912174,0.0,6.214608098422218,500,0.00923095563466316,0.0,19875.528620197776
56,104.15689717640335,104.15689717640335,0.008074117927472766,0.0,6.214608098422218,500,0.009335626813381947,0.0,19892.498582322412
57,104.03638650673953,104.03638650673953,-0.0011576807953757435,0.0,6.214608098422218,500,0.009593903018263834,0.0,19874.879512417956
58,103.80301021776107,103.80301021776107,-0.002245737725757161,0.0,6.214608098422218,500,0.009534412174331092,0.0,19850.722422503615
59,103.15137155287397,103.15137155287397,-0.006297434370320998,0.0,6.214608098422218,500,0.009435047927764841,0.0,19838.76865116075
60,102.49907653293847,102.49907653293847,-0.006343747008947936,0.0,6.214608098422218,500,0.009797531486669986,-0.04368464986272176,19814.84541247265
61,102.44191720634868,102.44191720634868,-0.0005578125393949522,0.0,6.214608098422218,500,0.009955781661328275,-0.03439856048990564,19800.12536786013
62,102.00740923476336,102.00740923476336,-0.004250526361086451,0.0,6.214608098422218,500,0.01008106732572359,-0.032252971450969475,19759.730562036548
63,101.85047501053835,101.85047501053835,-0.0015396437160826492,0.0,6.214608098422218,500,0.010116453331343428,-0.026895928934391505,19754.874976450465
64,101.77726606212708,101.77726606212708,-0.0007190469351559905,0.0,6.214608098422218,500,0.01026274590692897,-0.011967207001534362,19745.415321661956
65,101.27420825532482,101.27420825532482,-0.004954988263397625,0.0,6.214608098422218,500,0.010657199521594454,-0.002877163691913107,19709.950809749895
66,100.66147852346454,100.66147852346454,-0.0060685817557525725,0.0,6.214608098422218,500,0.011050484564372721,0.013118024428745632,19657.884567986486
67,100.42541071301682,100.42541071301682,-0.0023479195465417784,0.0,6.214608098422218,500,0.011183993848499439,0.024598162446447563,19641.42978846344
68,100.62075128012104,100.62075128012104,0.0019432415584348785,0.0,6.214608098422218,500,0.011121525889674258,0.025602415469947,19648.423046348256
69,101.05560543105162,101.05560543105162,0.004312402622997658,0.0,6.214608098422218,500,0.011020882489160715,0.02909895892587028,19675.199776510482
70,101.55346507445869,101.55346507445869,0.00491449513292659,0.0,6.214608098422218,500,0.010838473519966372,0.041390127053271164,19701.310045680733
71,101.44308187464831,101.44308187464831,-0.001087537816272169,0.0,6.214608098422218,500,0.01086295932094864,0.029736204446156277,19697.328900107314
72,100.95584534378584,100.95584534378584,-0.004814625045317324,0.0,6.214608098422218,500,0.01114843667769882,-0.04140569401350683,19671.909793260227
73,100.92821281196447,100.92821281196447,-0.00027374654785881,0.0,6.214608098422218,500,0.011268556592201337,-0.042501208326090334,19663.326385040207
74,100.00373508967144,100.00373508967144,-0.009201963703351424,0.0,6.214608098422218,500,0.012067178678487507,-0.040377746083664665,19585.44889564421
75,100.36117398773362,100.36117398773362,0.003567883007905684,0.0,6.214608098422218,500,0.011964207745994847,-0.05516571885416186,19596.2172790422
76,99.85720803780771,99.85720803780771,-0.005034173277767193,0.0,6.214608098422218,500,0.012352539484908909,-0.05783898311945613,19564.89539292995
77,99.94218330426453,99.94218330426453,0.0008506059103539091,0.0,6.214608098422218,500,0.012394711760787784,-0.027519646747113585,19565.663431566194
78,100.15348173897218,100.15348173897218,0.0021119749216183988,0.0,6.214608098422218,500,0.012366427363983551,-0.015463982062173193,19579.003501307914
79,100.82375488082145,100.82375488082145,0.0066701646238111105,0.0,6.214608098422218,500,0.012311242533127285,-0.0018326643835880135,19620.901157589495
80,101.51208937589085,101.51208937589085,0.006803907167582081,0.0,6.214608098422218,500,0.012083381306176378,0.033378771151971215,19643.814539075844
81,100.60310450840441,100.60310450840441,-0.008994781426804106,0.0,6.214608098422218,500,0.012488570041841222,-0.011604359670071734,19586.369562443124
82,100.93176986792332,100.93176986792332,0.0032616255812132284,0.0,6.214608098422218,500,0.012481466921982428,-0.023990194838555395,19598.76145348605
83,100.57391960192385,100.57391960192385,-0.0035517671300741437,0.0,6.214608098422218,500,0.012739533570476932,-0.014618312706918529,19576.109025122318
84,100.15915144082527,100.15915144082527,-0.004132540285705781,0.0,6.214608098422218,500,0.013190525358075914,-0.021901504265611837,19542.494400004332
85,99.72296756782453,99.72296756782453,-0.004364418063389883,0.0,6.214608098422218,500,0.013391005696611788,-0.01970627784127688,19524.322499035337
86,99.4531047046603,99.4531047046603,-0.0027097936536090318,0.0,6.214608098422218,500,0.013660868081822784,-0.017610963003138486,19505.409176030957
87,99.74553124519578,99.74553124519578,0.0029360316571209175,0.0,6.214608098422218,500,0.01343214895954206,-0.024694631515669238,19516.757784088008
88,99.77413503670873,99.77413503670873,0.00028672653921239355,0.0,6.214608098422218,500,0.013483560472934851,-0.014674253625920218,19512.473118832084
89,100.2938656413529,100.2938656413529,0.005195551232635607,0.0,6.214608098422218,500,0.013164843649848245,0.01055031717170912,19543.787306199527
90,100.72707082260519,100.72707082260519,0.004310057046746846,0.0,6.214608098422218,500,0.013180978880129961,0.033628039217275967,19555.018880976735
91,99.75784771268869,99.75784771268869,-0.009668863551362239,0.0,6.214608098422218,500,0.013431301655092322,0.005344119331015492,19513.04261839252
92,99.8399786260151,99.8399786260151,0.0008229640519475227,0.0,6.214608098422218,500,0.013494310055452768,0.0022715717294507277,19509.75561832494
93,99.35168541059109,99.35168541059109,-0.004902757310437221,0.0,6.214608098422218,500,0.014162264639782169,0.0008026353542734896,19464.67369368805
94,98.29617770329243,98.29617770329243,-0.010680790826148458,0.0,6.214608098422218,500,0.014319930244680104,0.026396057380142515,19445.47723542548
95,98.68718346795399,98.68718346795399,0.003969942190769872,0.0,6.214608098422218,500,0.014120276341614248,-0.0011914387624444409,19461.34151966051
96,98.73599663241468,98.73599663241468,0.0004945028788471814,0.0,6.214608098422218,500,0.014162980391347063,0.0017312307257615124,19458.068588644768
97,98.19824348051107,98.19824348051107,-0.005461259435140678,0.0,6.214608098422218,500,0.014536086841028016,0.002234351375999386,19427.86216701318
98,98.77622930940461,98.77622930940461,0.005868653735463445,0.0,6.214608098422218,500,0.01411352193485083,-0.04233394860686364,19464.48678910028
99,98.42720747463068,98.42720747463068,-0.003539717206666669,0.0,6.214608098422218,500,0.01421117882810932,-0.074401285298454,19455.948657304332
100,98.4629648120214,98.4629648120214,0.00036322115389056495,0.0,6.214608098422218,500,0.014267806354423974,-0.0638620557793382,19451.851615922078
101,98.8348337996304,98.8348337996304,0.0037696257189178957,0.0,6.214608098422218,500,0.014134110610653571,-0.09044747307848543,19465.883101981384
102,98.86446505533375,98.86446505533375,0.00029976086002168504,0.0,6.214608098422218,500,0.014224064927524253,-0.06095134024429747,19460.31295797685
103,99.02914541210586,99.02914541210586,0.001664332611819852,0.0,6.214608098422218,500,0.01424781744854959,-0.12049243543679573,19462.35751443877
104,98.85936963639796,98.85936963639796,-0.001715873377705426,0.0,6.214608098422218,500,0.014383702287345746,-0.07763012175554294,19450.87577989327
105,98.49483873575579,98.49483873575579,-0.003694183348927091,0.0,6.214608098422218,500,0.01481418200426112,-0.06794271699954772,19416.45284544233
106,97.48928469826086,97.48928469826086,-0.010261676749781071,0.0,6.214608098422218,500,0.0157948306500676,-0.04930811106152976,19337.352775038093
107,98.33229964945903,98.33229964945903,0.008610084143420781,0.0,6.214608098422218,500,0.01547294197968399,-0.10065798054111606,19376.33022122436
108,97.60247683099291,97.60247683099291,-0.007449685113281068,0.0,6.214608098422218,500,0.016269404108219955,-0.15331968722985684,19319.80715995162
109,97.35254591409948,97.35254591409948,-0.002563986813935893,0.0,6.214608098422218,500,0.01647729514230895,-0.14321750670355368,19301.112852642098
110,97.04081596684931,97.04081596684931,-0.0032072104874725487,0.0,6.214608098422218,500,0.016703285160157025,-0.15333841856965136,19272.61963323415
111,96.31339929992376,96.31339929992376,-0.00752422281298571,0.0,6.214608098422218,500,0.01767527768260407,-0.14119069507313575,19214.016262529305
112,96.48224813456986,96.48224813456986,0.0017515839186477077,0.0,6.214608098422218,500,0.017595053283393936,-0.1513918396558779,19225.6774045335
113,96.09184549302564,96.09184549302564,-0.0040545762831139635,0.0,6.214608098422218,500,0.017888958386732195,-0.152726789955789,19188.69550971718
114,96.49604735942238,96.49604735942238,0.004197589515153491,0.0,6.214608098422218,500,0.01763527720325196,-0.16923859116132106,19206.574430030923
115,97.03550605213998,97.03550605213998,0.0055749058010046105,0.0,6.214608098422218,500,0.01731307660288107,-0.10504890756309844,19243.350041393125
116,96.94549338456659,96.94549338456659,-0.0009280566065269032,0.0,6.214608098422218,500,0.01741401188090636,-0.11146841028352272,19228.950662434654
117,96.87516357478306,96.87516357478306,-0.0007257205085730658,0.0,6.214608098422218,500,0.01768271845058089,-0.1113296513257583,19216.10199026516
118,96.49460063994648,96.49460063994648,-0.003936121324054836,0.0,6.214608098422218,500,0.01801631393347059,-0.11570458961723883,19186.863007356234
119,96.31438770545954,96.31438770545954,-0.0018693421765452862,0.0,6.214608098422218,500,0.018222585545788907,-0.13729111491652343,19166.468182087312
120,96.17041623169645,96.17041623169645,-0.0014959258878254871,0.0,6.214608098422218,500,0.018528086681599647,-0.13794442792534067,19150.602940770677
121,96.31451126385276,96.31451126385276,0.001497208752378933,0.0,6.214608098422218,500,0.018490495179454353,-0.1369542907871136,19159.395440326498
122,96.85546604094318,96.85546604094318,0.005600830923646464,0.0,6.214608098422218,500,0.018358175763712833,-0.12256646070549407,19190.127671108665
123,96.50955038853273,96.50955038853273,-0.0035778552688039964,0.0,6.214608098422218,500,0.018823285569885852,-0.13518283567787961,19167.641528131713
124,95.77199477984394,95.77199477984394,-0.007671659028977645,0.0,6.214608098422218,500,0.019367230977581223,-0.11650487763197546,19115.60274425384
125,96.5180464534656,96.5180464534656,0.007759688565451867,0.0,6.214608098422218,500,0.019174764582894653,-0.1682648000781713,19152.76845945601
126,96.37600598218285,96.37600598218285,-0.0014727307054031246,0.0,6.214608098422218,500,0.019503052293104915,-0.18196972585309779,19135.29693976292
127,95.80777212253516,95.80777212253516,-0.005913459722060429,0.0,6.214608098422218,500,0.020076719120280948,-0.17312100356363458,19091.768412872083
128,95.79106303500903,95.79106303500903,-0.00017441742330790068,0.0,6.214608098422218,500,0.020146287718518813,-0.18629107219644694,19086.3036932942
129,95.2024418071071,95.2024418071071,-0.00616380218777143,0.0,6.214608098422218,500,0.02107645606306863,-0.21094933095704319,19044.058298714815
130,95.15818614397718,95.15818614397718,-0.00046496656796723995,0.0,6.214608098422218,500,0.02120410442821738,-0.21832040672058822,19037.808703213734
131,96.08290710244961,96.08290710244961,0.009670810282187355,0.0,6.214608098422218,500,0.020612630565885866,-0.19762746042530357,19093.13140922889
132,95.05516955773982,95.05516955773982,-0.010753979189327325,0.0,6.214608098422218,500,0.02130811695732977,-0.2520438923670358,19057.31346392658
133,95.05959016012241,95.05959016012241,4.650456797732352e-05,0.0,6.214608098422218,500,0.021457049678747363,-0.25469035111498506,19052.04510392745
134,95.49547216299055,95.49547216299055,0.004574874661274375,0.0,6.214608098422218,500,0.02128714463435746,-0.23353302511083673,19068.95262961066
135,95.36175372938064,95.36175372938064,-0.0014012406904072288,0.0,6.214608098422218,500,0.02152669635028104,-0.22644332734275693,19052.541326647788
136,95.38670243384595,95.38670243384595,0.00026158748657173036,0.0,6.214608098422218,500,0.021545290026683935,-0.22477359194938157,19052.37840175822
137,95.61911838377209,95.61911838377209,0.0024336019042416556,0.0,6.214608098422218,500,0.021499648477990917,-0.22446978294371747,19058.292651472308
138,95.54123496560229,95.54123496560229,-0.0008148491160912372,0.0,6.214608098422218,500,0.021758382900203283,-0.24034368624616415,19046.806742007582
139,95.32334839740922,95.32334839740922,-0.0022831544648435815,0.0,6.214608098422218,500,0.022014126886723554,-0.2903598366093377,19029.05134171403
140,96.12617233861502,96.12617233861502,0.008386844155510302,0.0,6.214608098422218,500,0.021849294391217248,-0.25104032775211416,19066.874096166386
141,96.23876635855994,96.23876635855994,0.0011706294667361732,0.0,6.214608098422218,500,0.021893398702113584,-0.22495361830186417,19065.373397843738
142,95.79662580862488,95.79662580862488,-0.004604790046363777,0.0,6.214608098422218,500,0.02244643855455345,-0.22265065148493135,19024.298499116994
143,96.55049110565439,96.55049110565439,0.007838632251638035,0.0,6.214608098422218,500,0.022515557766824176,-0.241482898940875,19036.15054182248
144,95.98487557800804,95.98487557800804,-0.005875462410103029,0.0,6.214608098422218,500,0.022947433678713304,-0.27733452435828404,19001.954071282005
145,97.0048094271112,97.0048094271112,0.010569926003310129,0.0,6.214608098422218,500,0.022975556187998517,-0.30025695877685715,19036.230578468647
146,96.88017570589109,96.88017570589109,-0.0012856461092304288,0.0,6.214608098422218,500,0.023235536574994158,-0.3019944929070775,19017.62820292381
147,96.52088129984513,96.52088129984513,-0.0037155414241703474,0.0,6.214608098422218,500,0.023763052692718514,-0.3023323047981215,18983.142162213615
148,96.72419379969938,96.72419379969938,0.002104194114811013,0.0,6.214608098422218,500,0.023809374236043297,-0.3092981688615017,18985.385738011395
149,96.79077729100679,96.79077729100679,0.0006881482456852414,0.0,6.214608098422218,500,0.02387892940853476,-0.3316928658697477,18983.596346660146
150,96.14137381441489,96.14137381441489,-0.0067319617327881425,0.0,6.214608098422218,500,0.024515667579714257,-0.3054848415030264,18945.051146621045
151,96.28189709664807,96.28189709664807,0.00146056458295062,0.0,6.214608098422218,500,0.024500768795402243,-0.3213473017338572,18945.142852325167
152,95.72117023181058,95.72117023181058,-0.0058408281362492456,0.0,6.214608098422218,500,0.024604757359537027,-0.3189738454767371,18916.823690467063
153,95.33863944394832,95.33863944394832,-0.00400430943223414,0.0,6.214608098422218,500,0.02512846725668623,-0.3370041856643083,18879.481460030278
154,95.7533046784743,95.7533046784743,0.0043399619726625545,0.0,6.214608098422218,500,0.025187965016371303,-0.33557068059512896,18887.126934063683
155,95.55101059512394,95.55101059512394,-0.002114893837730449,0.0,6.214608098422218,500,0.025318972807822398,-0.34856994534526226,18876.26444182445
156,95.50843637195322,95.50843637195322,-0.00044566468239293596,0.0,6.214608098422218,500,0.025512642473481645,-0.34530888526018705,18863.87051547349
157,95.37476704486586,95.37476704486586,-0.0014005354745104067,0.0,6.214608098422218,500,0.025754162513302998,-0.3285582359750241,18849.014308280184
158,94.57985101011427,94.57985101011427,-0.008369585148337933,0.0,6.214608098422218,500,0.026157982996721917,-0.306044200758934,18814.93569207321
159,94.09438198733243,94.09438198733243,-0.005146119705273533,0.0,6.214608098422218,500,0.02686137718042237,-0.27763833735472915,18779.44768992801
160,94.10337197640405,94.10337197640405,9.553768723712495e-05,0.0,6.214608098422218,500,0.02705140074387382,-0.2839037680859756,18771.043211484706
161,94.00136379800792,94.00136379800792,-0.0010845892632719682,0.0,6.214608098422218,500,0.02711896252819371,-0.2920285693162522,18763.364206818722
162,93.74217211441,93.74217211441,-0.0027611267360817095,0.0,6.214608098422218,500,0.027388322370359267,-0.29337097734285794,18742.2978825824
163,94.04674486838755,94.04674486838755,0.0032437805801691618,0.0,6.214608098422218,500,0.027394535419781787,-0.2951354336207055,18752.894664196243
164,93.44235796563707,93.44235796563707,-0.006447190659320905,0.0,6.214608098422218,500,0.028291963306865793,-0.3063254314470252,18707.05798903648
165,94.34255421026018,94.34255421026018,0.009587598171097896,0.0,6.214608098422218,500,0.02755149007231093,-0.34232143355457995,18771.63939022764
166,94.45574011432416,94.45574011432416,0.0011990141969120832,0.0,6.214608098422218,500,0.02758808684861384,-0.28876256596608557,18770.0542896854
167,95.25673732073739,95.25673732073739,0.008444378324482754,0.0,6.214608098422218,500,0.026954754739053424,-0.23520676392612408,18810.16897907643
168,95.85645310297998,95.85645310297998,0.00627604771201294,0.0,6.214608098422218,500,0.026629966577109695,-0.20499141578389285,18850.397295071856
169,95.87235619814702,95.87235619814702,0.00016589155548892137,0.0,6.214608098422218,500,0.026687596073859378,-0.20829839681293183,18843.7102609263
170,96.10803073706833,96.10803073706833,0.002455195148530311,0.0,6.214608098422218,500,0.02657347404071443,-0.22333347568043144,18851.62737571983
171,96.19790448347698,96.19790448347698,0.0009346955708756668,0.0,6.214608098422218,500,0.026571928857937254,-0.2204127607396486,18856.160526361025
172,96.3631812747671,96.3631812747671,0.0017166171578793757,0.0,6.214608098422218,500,0.026588637536311594,-0.21408685899007016,18858.71881901237
173,96.27309706245113,96.27309706245113,-0.0009352778164141895,0.0,6.214608098422218,500,0.02681203020752752,-0.20527365275132436,18849.076253510466
174,95.52386774112634,95.52386774112634,-0.00781277360809677,0.0,6.214608098422218,500,0.027302758820503887,-0.21158288092579655,18797.78468464785
175,95.63470377664355,95.63470377664355,0.0011596241492866847,0.0,6.214608098422218,500,0.027349301350393363,-0.22087072372008254,18796.611207744478
176,95.43175618830105,95.43175618830105,-0.0021243672458667053,0.0,6.214608098422218,500,0.02775926633907219,-0.22251182244512602,18776.990376630838
177,95.43865977702131,95.43865977702131,7.233796487909308e-05,0.0,6.214608098422218,500,0.027829030774676643,-0.22424849509011224,18773.228076837117
178,95.27623180221025,95.27623180221025,-0.0017033595304373245,0.0,6.214608098422218,500,0.027928550486168116,-0.2309692028201318,18764.411889369912
179,96.0235369279291,96.0235369279291,0.007812962160025746,0.0,6.214608098422218,500,0.027232130090691063,-0.23147180983599813,18802.934531554034
180,95.88071047678835,95.88071047678835,-0.0014885181484397296,0.0,6.214608098422218,500,0.027600213350301994,-0.23780124861407145,18787.189993386066
181,96.44468026114406,96.44468026114406,0.005864762823983742,0.0,6.214608098422218,500,0.02750852036928795,-0.24397928009038974,18806.63652454214
182,96.23814308427545,96.23814308427545,-0.0021438055804320474,0.0,6.214608098422218,500,0.02779510485292928,-0.2436561862764335,18786.53827273584
183,96.534773953678,96.534773953678,0.003077518440653036,0.0,6.214608098422218,500,0.027790702444935603,-0.26776852335831985,18793.637150237206
184,96.24760578886234,96.24760578886234,-0.002979197347793717,0.0,6.214608098422218,500,0.027961994367177955,-0.2411632048621313,18778.644037788992
185,95.48388516780189,95.48388516780189,-0.007966606387804038,0.0,6.214608098422218,500,0.028818735001711886,-0.21570146968623913,18731.311315911913
186,95.99778838981595,95.99778838981595,0.0053676620465898835,0.0,6.214608098422218,500,0.02845420114755006,-0.24770884188112177,18760.915657575086
187,95.96958150451034,95.96958150451034,-0.00029387166708727704,0.0,6.214608098422218,500,0.028476376676521753,-0.25569681906636016,18759.803132491732
188,95.4217612575067,95.4217612575067,-0.00572462406254272,0.0,6.214608098422218,500,0.028907175032981052,-0.24897581597445545,18736.896643030344
189,95.31237820634436,95.31237820634436,-0.001146968900913877,0.0,6.214608098422218,500,0.029186037266974194,-0.2532897676196855,18721.66967919762
190,95.6346586399223,95.6346586399223,0.0033756034649691066,0.0,6.214608098422218,500,0.02900066043984515,-0.2503550352549742,18738.729245891653
191,95.21403632538635,95.21403632538635,-0.0044079211090409754,0.0,6.214608098422218,500,0.02909312704202014,-0.19661166403057187,18727.77907816482
192,95.10885303601404,95.10885303601404,-0.001105314241854395,0.0,6.214608098422218,500,0.029242313754566207,-0.21141974901088928,18718.90902939866
193,95.10821512796622,95.10821512796622,-6.707158868345408e-06,0.0,6.214608098422218,500,0.029401899271836444,-0.21154952081464273,18710.731605574863
194,95.32703908395145,95.32703908395145,0.0022981464561303735,0.0,6.214608098422218,500,0.02931910556846807,-0.20904916104301266,18720.413165875303
195,95.61454307788487,95.61454307788487,0.0030114363561189856,0.0,6.214608098422218,500,0.02931094296341313,-0.201608420262159,18726.53523936792
196,95.286389001901,95.286389001901,-0.0034379549185823773,0.0,6.214608098422218,500,0.029509805846786624,-0.20877949000048573,18711.741003792933
197,95.52278831646709,95.52278831646709,0.002477862321322004,0.0,6.214608098422218,500,0.029431953714498034,-0.2142094466132531,18718.170026094485
198,96.23362834874183,96.23362834874183,0.007414023486045144,0.0,6.214608098422218,500,0.028973827210272658,-0.1921377126434109,18766.015622570638
199,96.0838105411918,96.0838105411918,-0.0015580265494488494,0.0,6.214608098422218,500,0.0290282069826202,-0.1864532035622877,18760.153771888672
200,95.91041266536321,95.91041266536321,-0.0018062827107756811,0.0,5.921651781885288,400,0.06918053451461095,-0.2026406544766377,18200.50205605434
201,95.53491695780099,95.53491695780099,-0.003922751104047704,0.0,5.921651781885288,400,0.06935596560865584,-0.18986395426160305,18188.63091749477
202,95.08907658814633,95.08907658814633,-0.004677702678556364,0.0,5.921651781885288,400,0.06970014990518701,-0.1456571101698745,18169.50498565425
203,94.78464854686597,94.78464854686597,-0.0032066395908288744,0.0,5.921651781885288,400,0.06991671422987406,-0.10092087901430666,18155.44268856817
204,94.74030358882429,94.74030358882429,-0.0004679590560632344,0.0,5.921651781885288,400,0.06998958479826418,-0.04857390722438479,18151.568919153397
205,95.00601759038614,95.00601759038614,0.0028007307187926677,0.0,5.921651781885288,400,0.06982058976031354,-0.044366498550859675,18162.61276764657
206,94.30230284345872,94.30230284345872,-0.007434622912682305,0.0,5.921651781885288,400,0.0703744057980147,-0.06606025802531443,18134.50092109786
207,94.06472973460309,94.06472973460309,-0.0025224502565273097,0.0,5.921651781885288,400,0.07076025594553424,-0.044707119560974395,18114.334239848726
208,94.58718212854534,94.58718212854534,0.0055388119256290355,0.0,5.921651781885288,400,0.0704057425771626,-0.057536603115374216,18132.471002511273
209,94.83722524676917,94.83722524676917,0.0026400321575980133,0.0,5.921651781885288,400,0.07031321618801721,-0.034653453455344985,18139.809939704613
210,93.7225144671744,93.7225144671744,-0.011823560716823611,0.0,5.921651781885288,400,0.0712417760576757,-0.05097530133423488,18097.305943769818
211,93.85578596151136,93.85578596151136,0.0014209694453678119,0.0,5.921651781885288,400,0.07119064299785473,-0.06019018261112308,18100.746958023752
212,93.59862406308197,93.59862406308197,-0.0027437290989624124,0.0,5.921651781885288,400,0.07146502595741899,-0.08240577762308378,18090.123864644524
213,94.19491916846499,94.19491916846499,0.006350560292436021,0.0,5.921651781885288,400,0.07108511582490919,-0.07916759009804272,18107.256924490313
214,93.64159756876164,93.64159756876164,-0.005891540258602599,0.0,5.921651781885288,400,0.07142997144634597,-0.10289409920110713,18088.526180373447
215,93.80946293336893,93.80946293336893,0.0017910318461871516,0.0,5.921651781885288,400,0.0713435731845936,-0.11299115834349281,18094.70498398142
216,94.50366824248604,94.50366824248604,0.007372916052356814,0.0,5.921651781885288,400,0.07122247982358375,-0.09514611614413036,18109.443340948445
217,93.76835823226462,93.76835823226462,-0.007811184302908205,0.0,5.921651781885288,400,0.07161090027595672,-0.14206847707953837,18086.848948859097
218,93.61718898547856,93.61718898547856,-0.0016134571937354264,0.0,5.921651781885288,400,0.07186950198552369,-0.1741958479462598,18073.541743781403
219,93.93712964033246,93.93712964033246,0.0034117152570534185,0.0,5.921651781885288,400,0.0716074437169546,-0.1797480060069509,18089.89452065383
220,93.47676878698314,93.47676878698314,-0.004912781636037419,0.0,5.921651781885288,400,0.07168421992347045,-0.18963533049686526,18083.530274969584
221,93.0271145177708,93.0271145177708,-0.004821938637313313,0.0,5.921651781885288,400,0.0720609543421002,-0.17060601372650727,18069.53890765985
222,93.67725868621517,93.67725868621517,0.006964451717393011,0.0,5.921651781885288,400,0.07153936549003088,-0.18347679229359387,18092.41861144343
223,94.00580031808308,94.00580031808308,0.003501029546240522,0.0,5.921651781885288,400,0.07123050720254571,-0.14877088049545623,18113.340745631245
224,93.39436870375366,93.39436870375366,-0.006525434711704631,0.0,5.921651781885288,400,0.07170979110738958,-0.11916180805315452,18083.173358383938
225,92.63050139667233,92.63050139667233,-0.008212575017577496,0.0,5.921651781885288,400,0.07255773326141379,-0.09201743841699017,18055.226196281496
226,92.60344447052334,92.60344447052334,-0.0002921378823384107,0.0,5.921651781885288,400,0.0727414056909136,-0.10268614324273781,18049.404780573168
227,92.4393400789097,92.4393400789097,-0.0017736917982043173,0.0,5.921651781885288,400,0.0729441016959704,-0.15930671668861207,18040.027748337096
228,93.22295330675695,93.22295330675695,0.008441325016999818,0.0,5.921651781885288,400,0.07209490326713451,-0.16752222782274087,18092.16459576195
229,92.43223312184968,92.43223312184968,-0.008518210358975022,0.0,5.921651781885288,400,0.07258405646621433,-0.216090009848689,18072.46980802153
230,91.63229516215135,91.63229516215135,-0.008691984310776113,0.0,5.921651781885288,400,0.07351498955168181,-0.1647141680913465,18044.739964378638
231,91.63863246442523,91.63863246442523,6.915774758686061e-05,0.0,5.921651781885288,400,0.07352238526366872,-0.1732478867570645,18044.664104338673
232,91.2318547703447,91.2318547703447,-0.004448813705714887,0.0,5.921651781885288,400,0.07403439716907725,-0.17475352862415147,18029.126963124927
233,91.30335919252359,91.30335919252359,0.0007834589752192801,0.0,5.921651781885288,400,0.07407238001263862,-0.17903804854884306,18026.878253125324
234,91.47167849561194,91.47167849561194,0.001841819898382676,0.0,5.921651781885288,400,0.07393541951728368,-0.17124015793629987,18033.95638749347
235,91.477701445472,91.477701445472,6.584280158991731e-05,0.0,5.921651781885288,400,0.0739487423246688,-0.1681060342117026,18033.712100174518
236,90.61480357361204,90.61480357361204,-0.009477647978628162,0.0,5.921651781885288,400,0.07499746432701565,-0.16345794283523304,18001.846171749272
237,90.04137553976223,90.04137553976223,-0.006348301646474542,0.0,5.921651781885288,400,0.07548479964419234,-0.12649898331484777,17986.007484769336
238,89.8397499951185,89.8397499951185,-0.002241765260068044,0.0,5.921651781885288,400,0.07574947668624014,-0.1171458220834072,17978.622050639817
239,90.36456400000871,90.36456400000871,0.005824671752034387,0.0,5.921651781885288,400,0.0752480485749374,-0.12289965416518937,17992.538842063575
240,90.76471251187404,90.76471251187404,0.004418381948509663,0.0,5.921651781885288,400,0.07505972738033481,-0.09161373467695044,18002.16141507398
241,91.06451983332342,91.06451983332342,0.0032976830983192508,0.0,5.921651781885288,400,0.07485201493425404,-0.07157979843146635,18017.671289504084
242,90.88223565342203,90.88223565342203,-0.002003709716073154,0.0,5.921651781885288,400,0.07488551720069878,-0.07135127149853365,18014.78390239756
243,90.4753123329646,90.4753123329646,-0.004487533139467909,0.0,5.921651781885288,400,0.07508497517573509,-0.06325034783405464,17992.69402150798
244,90.63384344864139,90.63384344864139,0.0017506697050410725,0.0,5.921651781885288,400,0.07507734379900359,-0.07985979141347727,17994.177076974986
245,91.17960994436554,91.17960994436554,0.0060036056167015114,0.0,5.921651781885288,400,0.0746014944832068,-0.03443156508858278,18018.466776447287
246,92.02292321170964,92.02292321170964,0.009206414444980411,0.0,5.921651781885288,400,0.07356211181569323,0.01178683468624405,18088.65777416049
247,93.52773066974541,93.52773066974541,0.01622026566807071,0.0,5.921651781885288,400,0.0724707109852568,0.10695447469663756,18160.19585750744
248,94.09401896214281,94.09401896214281,0.0060365071012153755,0.0,5.921651781885288,400,0.07193742801214957,0.16501378080755405,18189.46752277934
249,94.26552017794154,94.26552017794154,0.0018209989679706248,0.0,5.921651781885288,400,0.0719005169640747,0.17402798079215237,18194.34282433478
250,95.02812365697659,95.02812365697659,0.00805740318984447,0.0,5.921651781885288,400,0.07165996736852825,0.1861897334019192,18218.87717290445
251,94.98129199367564,94.98129199367564,-0.0004929404586492619,0.0,5.921651781885288,400,0.07172220080550624,0.18375899537265641,18214.62751031255
252,95.65106868337976,95.65106868337976,0.007026922851111533,0.0,5.921651781885288,400,0.07147371408857894,0.17716912192570136,18254.31016566155
253,95.27135826731563,95.27135826731563,-0.003977646028978308,0.0,5.921651781885288,400,0.07171271346000024,0.16039343771799736,18237.29795293941
254,95.32410514140936,95.32410514140936,0.0005534956026442871,0.0,5.921651781885288,400,0.07169029923581895,0.15593026426988105,18240.966578960404
255,94.9066208500096,94.9066208500096,-0.00438924847158586,0.0,5.921651781885288,400,0.07209582699179871,0.1594418428253743,18201.419955678703
256,94.73448624817516,94.73448624817516,-0.0018153727505810008,0.0,5.921651781885288,400,0.07229122642632443,0.1687130562132505,18191.754391240138
257,94.39394391084822,94.39394391084822,-0.0036011794214891235,0.0,5.921651781885288,400,0.07251772397976676,0.16050516605982143,18167.52188702412
258,93.85701133653268,93.85701133653268,-0.005704449463479245,0.0,5.921651781885288,400,0.07309506325502567,0.17839027017430645,18121.414359819
259,93.23564755595693,93.23564755595693,-0.006642335074306574,0.0,5.921651781885288,400,0.07362988373136677,0.19181037052866254,18095.209706334983
260,93.32295460408668,93.32295460408668,0.0009359745784181154,0.0,5.921651781885288,400,0.07359275759819678,0.18451602278736526,18099.718913055043
261,93.02710308771714,93.02710308771714,-0.0031752259011890794,0.0,5.921651781885288,400,0.07408670187508037,0.1749874542927587,18072.738223469983
262,92.84247042474941,92.84247042474941,-0.001986691207242793,0.0,5.921651781885288,400,0.07413535247299209,0.17223523683810626,18068.012006980454
263,92.82403800907412,92.82403800907412,-0.00019855401915331452,0.0,5.921651781885288,400,0.07417967805066727,0.1726275248228029,18066.21349278852
264,93.95962817399183,93.95962817399183,0.012159565983299675,0.0,5.921651781885288,400,0.07338072194712861,0.16067949150934188,18126.064762515893
265,93.73506792318055,93.73506792318055,-0.0023928258243427905,0.0,5.921651781885288,400,0.0736477273466236,0.15801511262143778,18112.727973997047
266,93.45746553474339,93.45746553474339,-0.0029659579558289095,0.0,5.921651781885288,400,0.07405825075224766,0.1558143832077629,18081.786599783896
267,93.2665019074031,93.2665019074031,-0.0020454117008570317,0.0,5.921651781885288,400,0.07409457280088133,0.16573608001006998,18077.90459047358
268,93.22154566056454,93.22154566056454,-0.0004821354322241177,0.0,5.921651781885288,400,0.0741470505385765,0.1601645690029155,18074.697993086927
269,93.21352289335414,93.21352289335414,-8.606500137111452e-05,0.0,5.921651781885288,400,0.07422841637780393,0.17871018338610267,18067.79659881252
270,93.50117346414146,93.50117346414146,0.0030811800460331445,0.0,5.921651781885288,400,0.07407774562443618,0.20152781852049598,18075.82559827281
271,93.65894263810735,93.65894263810735,0.0016859276925145533,0.0,5.921651781885288,400,0.07402445300081645,0.2067100604373931,18081.504740284297
272,94.4595555300105,94.4595555300105,0.008511844752048829,0.0,5.921651781885288,400,0.07401303533012751,0.21736833377955217,18099.389006576796
273,94.26846369511979,94.26846369511979,-0.0020250506626224465,0.0,5.921651781885288,400,0.07410294270768927,0.23228543845641458,18091.37241398455
274,94.19939410370843,94.19939410370843,-0.0007329588749002698,0.0,5.921651781885288,400,0.0743243186740748,0.24348728789187712,18080.978620144277
275,93.80130259892069,93.80130259892069,-0.004235006643698858,0.0,5.921651781885288,400,0.07489626780209548,0.23597715395854205,18043.188474156803
276,93.78823080057346,93.78823080057346,-0.0001393659670824366,0.0,5.921651781885288,400,0.07489957543051676,0.2773810294669334,18042.91078459819
277,93.57292842339928,93.57292842339928,-0.0022982615269351928,0.0,5.921651781885288,400,0.0749876320688186,0.2791593983652539,18035.773553514067
278,93.90529198493569,93.90529198493569,0.003545626889395225,0.0,5.921651781885288,400,0.07481655565182616,0.27601600444460467,18045.75463467087
279,94.26409368013645,94.26409368013645,0.0038136079233968435,0.0,5.921651781885288,400,0.07451010541153334,0.29330415305064317,18066.739958242513
280,94.13737875997396,94.13737875997396,-0.001345158693595963,0.0,5.921651781885288,400,0.07454352795028775,0.27918517832896894,18063.806877704767
281,94.33904832302224,94.33904832302224,0.0021399985465895195,0.0,5.921651781885288,400,0.07451788675861867,0.30179261752989694,18065.794739800836
282,93.67499761687253,93.67499761687253,-0.007063870830248613,0.0,5.921651781885288,400,0.07519177394289046,0.2775765751334736,18031.62724018454
283,93.3401464284373,93.3401464284373,-0.003581009954873824,0.0,5.921651781885288,400,0.07565600639120493,0.3071952240767254,18001.047450595328
284,93.74863856739044,93.74863856739044,0.004366833512742113,0.0,5.921651781885288,400,0.07547576003095234,0.26821187454577405,18015.569902786407
285,93.27934849575054,93.27934849575054,-0.005018404613204155,0.0,5.921651781885288,400,0.0760573137866264,0.2594536653230521,17992.463715509795
286,93.07482046011633,93.07482046011633,-0.0021950474078701256,0.0,5.921651781885288,400,0.07639490489659488,0.26568689138026447,17973.711322865023
287,93.44379225412084,93.44379225412084,0.003956412391601382,0.0,5.921651781885288,400,0.07607452131910135,0.26845109406890855,17988.731708164632
288,93.1158492247858,93.1158492247858,-0.0035156946542088414,0.0,5.921651781885288,400,0.07631278257231393,0.3162345445470511,17976.22290969578
289,93.05125722513411,93.05125722513411,-0.0006939142308785763,0.0,5.921651781885288,400,0.07647678598224769,0.2815870079411702,17971.087053154886
290,92.91066414289635,92.91066414289635,-0.001512063415890663,0.0,5.921651781885288,400,0.07654539552218724,0.29689126749905065,17966.87166041773
291,92.34010147876398,92.34010147876398,-0.006159914819913041,0.0,5.921651781885288,400,0.07697602090412574,0.2961526617568338,17945.12945829705
292,92.12603464997119,92.12603464997119,-0.002320934664527034,0.0,5.921651781885288,400,0.07728663713287316,0.3122600916821027,17933.102472790055
293,91.49185102252268,91.49185102252268,-0.0069076729300789974,0.0,5.921651781885288,400,0.0780931455776774,0.3129622926951162,17878.134281322134
294,91.97822767024563,91.97822767024563,0.0053019848311773796,0.0,5.921651781885288,400,0.07798666246977685,0.28319786094867233,17888.691230296772
295,91.95819863450026,91.95819863450026,-0.00021778215687795022,0.0,5.921651781885288,400,0.07807021639602092,0.2819525186780699,17886.168325461378
296,91.79746576714528,91.79746576714528,-0.001749419903560932,0.0,5.921651781885288,400,0.07819747903388193,0.25471662378069126,17879.99332370226
297,91.85591060298141,91.85591060298141,0.0006364689717580181,0.0,5.921651781885288,400,0.07820865365370146,0.2496140939512398,17879.78262313468
298,91.85337262495293,91.85337262495293,-2.763037320766333e-05,0.0,5.921651781885288,400,0.07826615683849096,0.26136177948700545,17878.54468546577
299,92.32584483387858,92.32584483387858,0.005130581526471387,0.0,5.921651781885288,400,0.0779568936182808,0.24471933385960742,17894.43147321436
300,91.83862153977867,91.83862153977867,-0.0052911882559376015,0.0,5.921651781885288,400,0.07857103811486978,0.21253070744441663,17870.46729685749
301,91.83871653479876,91.83871653479876,1.0343684319642269e-06,0.0,5.921651781885288,400,0.07863725304084078,0.21993009271316305,17866.86228889535
302,91.82440750616695,91.82440750616695,-0.00015581819960301853,0.0,5.921651781885288,400,0.07878412547054667,0.213122918048357,17857.57119831077
303,91.84271402845138,91.84271402845138,0.00019934457721220984,0.0,5.921651781885288,400,0.07880238246994017,0.22211143586160167,17856.465720258035
304,92.06933323241107,92.06933323241107,0.0024644314717938943,0.0,5.921651781885288,400,0.07866142691376261,0.2150846767562316,17868.539726425704
305,92.54567257914842,92.54567257914842,0.005160364962687139,0.0,5.921651781885288,400,0.07856279716196811,0.18536696803812533,17884.84833982913
306,93.5698620044794,93.5698620044794,0.011006064230313911,0.0,5.921651781885288,400,0.07748651164301577,0.11381137854433096,17926.829615628933
307,93.95443471363893,93.95443471363893,0.004101583155124079,0.0,5.921651781885288,400,0.07711053428325886,0.08866935543281505,17950.79570591766
308,93.63393602931204,93.63393602931204,-0.0034170454693757506,0.0,5.921651781885288,400,0.07728600970774077,0.06682043054263277,17940.224294368094
309,94.05361145674662,94.05361145674662,0.004472072148575601,0.0,5.921651781885288,400,0.07691922712207583,0.03811164710920414,17956.34727454604
310,93.881348358611,93.881348358611,-0.0018332208818258552,0.0,5.921651781885288,400,0.07711646584387825,0.03494157865283418,17946.426628333775
311,94.53509373912165,94.53509373912165,0.006939394425097934,0.0,5.921651781885288,400,0.07671164145772988,0.025254728578709595,17967.881818094374
312,94.47265836722146,94.47265836722146,-0.000660664692060255,0.0,5.921651781885288,400,0.07693266779786023,0.04908099275706107,17955.218332369896
313,94.28074521180638,94.28074521180638,-0.0020334809111457026,0.0,5.921651781885288,400,0.07695134775535223,0.05314783877304146,17952.08742008187
314,93.99262310212775,93.99262310212775,-0.0030606807237854297,0.0,5.921651781885288,400,0.07725234656580891,0.06119038429783942,17939.099309411577
315,94.39281567622847,94.39281567622847,0.004248663577080319,0.0,5.921651781885288,400,0.07696741487144095,0.04151564382270108,17952.511889452515
316,94.30896204110894,94.30896204110894,-0.0008887424554583419,0.0,5.921651781885288,400,0.07716697843158815,0.032230685852743836,17942.574760204407
317,94.40477064907174,94.40477064907174,0.0010153857361478735,0.0,5.921651781885288,400,0.07714365731049512,0.011403862574372618,17945.035872729
318,95.09694760886543,95.09694760886543,0.007305263977881016,0.0,5.921651781885288,400,0.07687170692605783,-0.021070172617376173,17966.130091084044
319,95.66204716312582,95.66204716312582,0.0059247660429894424,0.0,5.921651781885288,400,0.07656842712885306,0.022048243372783053,17983.89492055124
320,95.3373559534451,95.3373559534451,-0.003399921854771277,0.0,5.921651781885288,400,0.07665436690747258,0.003247504027666327,17973.72608045834
321,94.82953745290038,94.82953745290038,-0.005340779338918844,0.0,5.921651781885288,400,0.07751311604463584,0.015925788921440222,17927.74238571359
322,94.65000651957388,94.65000651957388,-0.0018949907022898641,0.0,5.921651781885288,400,0.07753186781647785,0.02676823403213201,17924.220359699804
323,95.11439858133997,95.11439858133997,0.004894416195423088,0.0,5.921651781885288,400,0.07750431710017745,0.02342249149450034,17930.699596023704
324,94.55750406247664,94.55750406247664,-0.005872204700568322,0.0,5.921651781885288,400,0.07804399187344546,0.027971436280707244,17899.574915472993
325,94.52138787571438,94.52138787571438,-0.00038202241224573607,0.0,5.921651781885288,400,0.07825757763590442,0.022975856402699404,17889.090637118177
326,95.0325558363868,95.0325558363868,0.005393390290495891,0.0,5.921651781885288,400,0.07832688984292248,0.01201556695284958,17894.91274067616
327,95.47302178029432,95.47302178029432,0.0046241872211327025,0.0,5.921651781885288,400,0.07830231817766008,0.03225429676060397,17900.17988175123
328,95.72239640860705,95.72239640860705,0.00260858520654131,0.0,5.921651781885288,400,0.07822179002959562,0.04112459940277726,17905.585544123744
329,95.016570308086,95.016570308086,-0.00740099765093929,0.0,5.921651781885288,400,0.07935327362957614,0.023642411518683966,17848.13293985851
330,94.4781568071937,94.4781568071937,-0.005682637801857357,0.0,5.921651781885288,400,0.07985264776194856,0.061978479567786425,17820.92682706668
331,93.59649756758023,93.59649756758023,-0.009375699250528245,0.0,5.921651781885288,400,0.08079620175887617,0.09296448296369549,17782.780373185946
332,93.237596673824,93.237596673824,-0.003841925497304536,0.0,5.921651781885288,400,0.08143863527299113,0.14486935530353376,17756.006174988514
333,93.15404039398958,93.15404039398958,-0.0008965668926565605,0.0,5.921651781885288,400,0.08154831520012036,0.14659196268885827,17752.379051693682
334,93.38414617234245,93.38414617234245,0.002467118387965434,0.0,5.921651781885288,400,0.08150947382572253,0.1418591035789996,17755.13641516895
335,93.77326067773204,93.77326067773204,0.004158158339513552,0.0,5.921651781885288,400,0.08136456276222873,0.15141141762255791,17763.99419741791
336,93.74300400361663,93.74300400361663,-0.00032270986657506926,0.0,5.921651781885288,400,0.08154321796631521,0.14993503349650922,17755.90292134478
337,94.41647401333903,94.41647401333903,0.007158532674434808,0.0,5.921651781885288,400,0.08128882649406041,0.1493860272647366,17773.45382507277
338,94.33391553772091,94.33391553772091,-0.0008747900449832276,0.0,5.921651781885288,400,0.08141536553945589,0.1331555424510158,17769.304958358203
339,94.6810750607259,94.6810750607259,0.0036733585233000073,0.0,5.921651781885288,400,0.08133991152831209,0.13492876945386095,17776.382180297045
340,94.61709825040411,94.61709825040411,-0.000675936926792318,0.0,5.921651781885288,400,0.08146806040910076,0.13531277251114887,17771.965151908815
341,94.98940247364018,94.98940247364018,0.003927130138451074,0.0,5.921651781885288,400,0.08112140472136461,0.1441813262550892,17790.85764648396
342,95.35342552510359,95.35342552510359,0.0038249247328821095,0.0,5.921651781885288,400,0.08087414465149974,0.13638237768906888,17804.430668420213
343,95.33254494159165,95.33254494159165,-0.00021900492778040512,0.0,5.921651781885288,400,0.0808985845969022,0.1510027795034062,17803.443095790568
344,96.17526382511973,96.17526382511973,0.008800939538239082,0.0,5.921651781885288,400,0.0803703398781239,0.15824992045469766,17835.3552664082
345,96.11331429030993,96.11331429030993,-0.0006443392276365974,0.0,5.921651781885288,400,0.08039621642572552,0.1410684754306223,17833.228422620203
346,96.11501646286452,96.11501646286452,1.7709903092429702e-05,0.0,5.921651781885288,400,0.08047920837497669,0.15084529468705538,17829.182053649994
347,96.53975162070329,96.53975162070329,0.004409294928967075,0.0,5.921651781885288,400,0.08043063523083474,0.16100119702540816,17836.665107123812
348,96.09848776683597,96.09848776683597,-0.004581277601417936,0.0,5.921651781885288,400,0.08127367235670667,0.1376605368849197,17796.096620995166
349,95.72683904931004,95.72683904931004,-0.0038748708390923354,0.0,5.921651781885288,400,0.08133875909427812,0.1531357261796338,17791.123350291142
350,95.56407877577496,95.56407877577496,-0.0017017045520232533,0.0,5.921651781885288,400,0.08177813734302626,0.14981596805183697,17773.96574343628
351,95.0177472670208,95.0177472670208,-0.005733316934068533,0.0,5.921651781885288,400,0.08182623032891242,0.14606470772608404,17768.96530570316
352,95.6085426880373,95.6085426880373,0.006198487236423013,0.0,5.921651781885288,400,0.08173383319887284,0.09355983613165963,17773.931722952384
353,95.44078748239956,95.44078748239956,-0.0017561458980448362,0.0,5.921651781885288,400,0.08195567334272333,0.11743279181207686,17758.253358582868
354,95.50398432318023,95.50398432318023,0.0006619384494335712,0.0,5.921651781885288,400,0.08206395682864706,0.1234612711955919,17755.466760551368
355,95.10195804293475,95.10195804293475,-0.004218408633279698,0.0,5.921651781885288,400,0.08202762797314503,0.1192010176954751,17749.489979645376
356,95.36349975634923,95.36349975634923,0.002746344463970167,0.0,5.921651781885288,400,0.08202697838909442,0.10991079190770542,17751.57106257872
357,95.8972294919759,95.8972294919759,0.005581188811548264,0.0,5.921651781885288,400,0.08179498230811791,0.11671740115920738,17769.705632781766
358,96.15884195724455,96.15884195724455,0.002724335920254756,0.0,5.921651781885288,400,0.08157182731666919,0.12796588331608275,17782.370428991573
359,96.35673605169193,96.35673605169193,0.0020558768926249925,0.0,5.921651781885288,400,0.08155256847194371,0.15585501808116606,17786.55833534445
360,96.57855575759176,96.57855575759176,0.00229942175489028,0.0,5.921651781885288,400,0.08148560947683042,0.1580349190685291,17792.226914100855
361,95.78301429998612,95.78301429998612,-0.008271360989312249,0.0,5.921651781885288,400,0.08164369301963749,0.13517201746658705,17773.986735995106
362,95.6762644919374,95.6762644919374,-0.0011151177397526488,0.0,5.921651781885288,400,0.08175767111911793,0.14843479880250032,17769.643110463057
363,94.77233485117026,94.77233485117026,-0.009492707552020455,0.0,5.921651781885288,400,0.08204442823882144,0.15145038491065477,17747.783143404064
364,93.97701248982872,93.97701248982872,-0.008427335824173444,0.0,5.921651781885288,400,0.08276441864970281,0.20201717218196635,17713.375109498702
365,94.18422331632497,94.18422331632497,0.002202482454712071,0.0,5.921651781885288,400,0.08262868562417595,0.15348696498417289,17722.146406080486
366,94.50182958809073,94.50182958809073,0.003366508195380355,0.0,5.921651781885288,400,0.08245013182734495,0.13671796241031728,17732.930268278204
367,94.61475354514539,94.61475354514539,0.0011942260018085306,0.0,5.921651781885288,400,0.08242867102262283,0.15276350057258645,17735.977208624117
368,95.05151978373466,95.05151978373466,0.004605637080081956,0.0,5.921651781885288,400,0.08219152611915274,0.16867578209235404,17751.15212331502
369,95.23694885119458,95.23694885119458,0.0019489265690484923,0.0,5.921651781885288,400,0.08213278483193903,0.184226006842901,17756.907497882847
370,95.24460193524115,95.24460193524115,8.035512120826663e-05,0.0,5.921651781885288,400,0.08219422783772506,0.1963184792202902,17752.67618631204
371,96.05820961428566,96.05820961428566,0.008506018055705604,0.0,5.921651781885288,400,0.08207705889100418,0.19654004387959825,17774.124787414974
372,95.42383164140638,95.42383164140638,-0.006626003041231361,0.0,5.921651781885288,400,0.08324267487508835,0.1430052073080296,17721.32276675717
373,95.14401424842009,95.14401424842009,-0.0029366716381356997,0.0,5.921651781885288,400,0.08324882164700621,0.1535507710387537,17717.691905517968
374,95.2410746129235,95.2410746129235,0.001019621583736393,0.0,5.921651781885288,400,0.08328321946826774,0.1631218578105459,17716.67525470099
375,95.92540458191264,95.92540458191264,0.007159549049075675,0.0,5.921651781885288,400,0.08299540966589854,0.1669730213189922,17740.561130071346
376,96.19392422633447,96.19392422633447,0.0027953441326010933,0.0,5.921651781885288,400,0.08275682453700829,0.1804385320398111,17752.659774401644
377,95.94296558051427,95.94296558051427,-0.0026122915675973646,0.0,5.921651781885288,400,0.0827721397883507,0.16974335138017854,17748.468475284477
378,95.69867255815194,95.69867255815194,-0.00254947888211776,0.0,5.921651781885288,400,0.08283033628993858,0.1487549644068291,17741.309528239108
379,95.82328663319392,95.82328663319392,0.0013013034448181285,0.0,5.921651781885288,400,0.08287480654468747,0.16661051854735676,17739.834310210565
380,96.56479335562544,96.56479335562544,0.007708485829388952,0.0,5.921651781885288,400,0.08194313714487794,0.15261113084144304,17785.88789587307
381,96.843145977421,96.843145977421,0.0028784011136170156,0.0,5.921651781885288,400,0.08199008893854523,0.16142250149746074,17789.3329463188
382,97.25072977889268,97.25072977889268,0.0041998687387124565,0.0,5.921651781885288,400,0.08199399616624507,0.17628428252328748,17794.018182066262
383,97.16149232406585,97.16149232406585,-0.0009180231585107366,0.0,5.921651781885288,400,0.08217387565950705,0.19758580936830863,17784.421695137902
384,97.7010536866287,97.7010536866287,0.005537880444987202,0.0,5.921651781885288,400,0.08145115766068807,0.18961111917191373,17821.562955326488
385,97.64035211686395,97.64035211686395,-0.0006214921149861902,0.0,5.921651781885288,400,0.08160197685992625,0.188435411799387,17813.160479646707
386,97.36475479684071,97.36475479684071,-0.0028265670358585734,0.0,5.921651781885288,400,0.08186300031080512,0.17636151442332762,17800.766298607377
387,97.75880962326615,97.75880962326615,0.00403903406856297,0.0,5.921651781885288,400,0.08157352595257543,0.15954457786124218,17816.476656656585
388,98.1178188485782,98.1178188485782,0.003665670888024612,0.0,5.921651781885288,400,0.08148233059183556,0.1827670157683093,17825.147583177106
389,98.12818992428221,98.12818992428221,0.00010569464091033181,0.0,5.921651781885288,400,0.08154190719162283,0.14882936895737633,17822.159379437126
390,97.43356786482917,97.43356786482917,-0.0071038938133561255,0.0,5.921651781885288,400,0.08193537426515363,0.09679875419439077,17795.276008752768
391,97.17795159362082,97.17795159362082,-0.0026269402645471905,0.0,5.921651781885288,400,0.08230234428147382,0.0855412060769944,17777.807828980243
392,97.05852136735794,97.05852136735794,-0.0012297406299968284,0.0,5.921651781885288,400,0.08262758008462752,0.08591110955991017,17762.068569387364
393,96.90049243834791,96.90049243834791,-0.0016295088418645824,0.0,5.921651781885288,400,0.0828018913569834,0.09240479306303392,17753.980201086983
394,97.20236553269551,97.20236553269551,0.0031104471194833105,0.0,5.921651781885288,400,0.08258791297041888,0.08106488228145006,17768.977983523262
395,96.78621093124897,96.78621093124897,-0.004290512848030599,0.0,5.921651781885288,400,0.08292270929268625,0.07188304957898525,17750.81641393658
396,97.30517154770786,97.30517154770786,0.005347603242868619,0.0,5.921651781885288,400,0.08285632538407872,0.0550070786723111,17765.080351951776
397,98.02822222412334,98.02822222412334,0.007403280769335634,0.0,5.921651781885288,400,0.08283240821839742,0.09264489381604095,17781.656303644326
398,97.68232153726039,97.68232153726039,-0.003534822809065352,0.0,5.921651781885288,400,0.08312672597467405,0.07029522471312645,17769.12297096705
399,97.07975739643133,97.07975739643133,-0.006187714432897929,0.0,5.921651781885288,400,0.08421692939430918,0.09535262800077582,17722.338214695545
400,97.4963958680714,97.4963958680714,0.00428253001628795,0.0,5.647267153315932,319,0.11316783943672883,0.07589052311488591,17408.698352119893
401,97.38254985409257,97.38254985409257,-0.0011683768763005658,0.0,5.647267153315932,319,0.113317570679997,0.06074946978175788,17403.457653489913
402,97.67819252590455,97.67819252590455,0.003031290608107614,0.0,5.647267153315932,319,0.11318727080631802,0.05925555360727945,17413.704176975836
403,97.87020190576031,97.87020190576031,0.0019638048384012096,0.0,5.647267153315932,319,0.11298886671496759,0.06744682470724553,17423.800476551824
404,98.31247695898604,98.31247695898604,0.004508816018326801,0.0,5.647267153315932,319,0.11266188867229289,0.08407065032446566,17441.720286335654
405,98.1317272606394,98.1317272606394,-0.0018402146306335482,0.0,5.647267153315932,319,0.1127179585740087,0.07523764057483381,17437.89828057519
406,98.64761135277014,98.64761135277014,0.005243287000132508,0.0,5.647267153315932,319,0.11262344784168347,0.06567823933783092,17446.610042296154
407,98.38054741587317,98.38054741587317,-0.002710923170807019,0.0,5.647267153315932,319,0.11280052202875923,0.07045034712191446,17435.336472361316
408,98.27594653940844,98.27594653940844,-0.0010637928524533128,0.0,5.647267153315932,319,0.11291529106155622,0.05656452716088341,17429.927642751467
409,98.238034019858,98.238034019858,-0.0003858506139146089,0.0,5.647267153315932,319,0.11313055811443407,0.05002317182027737,17421.545686796922
410,98.96919923812462,98.96919923812462,0.0074152307345279845,0.0,5.647267153315932,319,0.11276966526923922,0.030258442083797778,17441.91391965175
411,98.80850290381727,98.80850290381727,-0.0016250200900245922,0.0,5.647267153315932,319,0.1129732264606901,0.049846668764550316,17433.346846783217
412,99.5071598456343,99.5071598456343,0.007045936993010796,0.0,5.647267153315932,319,0.11270904575680761,0.04833902169454863,17452.150424623236
413,99.95465536780519,99.95465536780519,0.004487037005013438,0.0,5.647267153315932,319,0.1126240161417013,0.06969226452984896,17462.794518017894
414,100.28497026244939,100.28497026244939,0.0032991990793006455,0.0,5.647267153315932,319,0.11253247846633756,0.07703248216777522,17471.558272616945
415,99.52403447021368,99.52403447021368,-0.0076166684476649486,0.0,5.647267153315932,319,0.11273133219929458,0.0645020594750345,17451.278085405604
416,99.92891658923126,99.92891658923126,0.004059931658144372,0.0,5.647267153315932,319,0.11257034175036847,0.032390122249173856,17462.273996786415
417,99.68028556300817,99.68028556300817,-0.0024911792855781692,0.0,5.647267153315932,319,0.11272000700959339,0.014602545093345515,17453.076089507787
418,100.14234345264823,100.14234345264823,0.004624688559521495,0.0,5.647267153315932,319,0.11267723587981145,0.0013467291227126767,17462.76373003097
419,100.22774729823207,100.22774729823207,0.0008524610677735003,0.0,5.647267153315932,319,0.11272573665490923,-2.7945890282957762e-05,17462.746897555055
420,99.57321850362794,99.57321850362794,-0.006551831552578406,0.0,5.647267153315932,319,0.11277273858445772,0.011765842416289533,17451.31059165608
421,100.12163191132504,100.12163191132504,0.005492528077333542,0.0,5.647267153315932,319,0.11265600227078261,-0.03248274254471729,17463.50024087464
422,100.15092736137386,100.15092736137386,0.00029255580858563086,0.0,5.647267153315932,319,0.11265769752258437,-0.05107967576338503,17464.086050164813
423,99.7271202807937,99.7271202807937,-0.004240662951208801,0.0,5.647267153315932,319,0.11300185819184767,-0.1420535528766218,17445.417854129242
424,99.80258827576795,99.80258827576795,0.0007564587661551496,0.0,5.647267153315932,319,0.11303593840881346,-0.14269607185185348,17445.5946049451
425,99.950316329495,99.950316329495,0.0014791082107344735,0.0,5.647267153315932,319,0.11293945253515653,-0.14591502347577473,17450.414919376846
426,100.09647084051542,100.09647084051542,0.0014612035423587802,0.0,5.647267153315932,319,0.11293814002492829,-0.14707598794071464,17452.55857736829
427,99.8144098510279,99.8144098510279,-0.0028218691817220253,0.0,5.647267153315932,319,0.11315534028312854,-0.14805158640214766,17441.86931433339
428,100.28042531826539,100.28042531826539,0.004657954408666364,0.0,5.647267153315932,319,0.11279196350985025,-0.16600602558751867,17460.8761027241
429,100.75877819205901,100.75877819205901,0.004758810900397605,0.0,5.647267153315932,319,0.11253720021367253,-0.1484454651002234,17477.236714406747
430,101.41525338883717,101.41525338883717,0.006494182253253366,0.0,5.647267153315932,319,0.11230355857171856,-0.11683561024929953,17498.31175346953
431,101.42853545282692,101.42853545282692,0.00013095854780248984,0.0,5.647267153315932,319,0.11234956231403648,-0.07025186135569067,17497.028520701704
432,102.06269850157555,102.06269850157555,0.006232849341395143,0.0,5.647267153315932,319,0.112259723139563,-0.10998118885537245,17512.687331248315
433,102.10716662023508,102.10716662023508,0.0004355992431706799,0.0,5.647267153315932,319,0.11230667007069878,-0.11633163047400898,17511.116444705513
434,101.78531630725787,101.78531630725787,-0.0031570617580459737,0.0,5.647267153315932,319,0.11252693313835198,-0.11014272861608242,17496.730322650274
435,101.51141721442727,101.51141721442727,-0.0026945760889681386,0.0,5.647267153315932,319,0.11295954544748446,-0.1079007580165023,17477.88578423598
436,101.452450319931,101.452450319931,-0.0005810580658683962,0.0,5.647267153315932,319,0.1129455528721514,-0.09487209046625213,17474.656106105154
437,101.90965188267283,101.90965188267283,0.004496435944511248,0.0,5.647267153315932,319,0.11260439818308772,-0.11446049169324227,17489.621456721485
438,101.53022515467983,101.53022515467983,-0.0037301159778139934,0.0,5.647267153315932,319,0.11255379024783434,-0.1297180393846636,17483.671684180885
439,101.78525768494295,101.78525768494295,0.0025087382471890686,0.0,5.647267153315932,319,0.11244912677191349,-0.1391674555454436,17490.860584063772
440,101.44936903149514,101.44936903149514,-0.0033054304248988893,0.0,5.647267153315932,319,0.11242405316462654,-0.1661519461740811,17486.137988449216
441,102.16337595128917,102.16337595128917,0.007013410153295874,0.0,5.647267153315932,319,0.1124532714839527,-0.19421145318255403,17497.639796839747
442,102.84870554131035,102.84870554131035,0.00668577322719226,0.0,5.647267153315932,319,0.11224364477551187,-0.1467665917967305,17523.236549598907
443,103.10896054992284,103.10896054992284,0.0025272683661094445,0.0,5.647267153315932,319,0.11226502724475518,-0.12845637953957378,17528.894812258564
444,103.27403533670653,103.27403533670653,0.001599694018172508,0.0,5.647267153315932,319,0.11230390877466584,-0.12271759395030589,17531.714130579472
445,103.44993340118442,103.44993340118442,0.001701767898537053,0.0,5.647267153315932,319,0.11233931857406963,-0.1287691655494939,17535.013513780767
446,103.47917508903423,103.47917508903423,0.00028262517784761196,0.0,5.647267153315932,319,0.11234458711754049,-0.11876256880710451,17535.82940209575
447,103.5778878561125,103.5778878561125,0.0009534837706356353,0.0,5.647267153315932,319,0.11239952739698117,-0.12894104027116163,17535.79700137658
448,103.83065218013003,103.83065218013003,0.0024373581638128705,0.0,5.647267153315932,319,0.11244189184030355,-0.12719245464603515,17541.35620397586
449,103.59370473696801,103.59370473696801,-0.002284664633891368,0.0,5.647267153315932,319,0.11250621018254903,-0.13798918966491408,17531.638803704278
450,104.1475529644181,104.1475529644181,0.005332109238199152,0.0,5.647267153315932,319,0.11238809847196404,-0.19644807345356088,17549.59402027849
451,103.90128651380518,103.90128651380518,-0.0023673918705640726,0.0,5.647267153315932,319,0.11249859332331884,-0.22364546584410347,17538.455067984887
452,103.46395561574262,103.46395561574262,-0.0042179831293284445,0.0,5.647267153315932,319,0.11251483360756927,-0.2041910794182938,17525.420001237355
453,103.54000845268817,103.54000845268817,0.0007347959804510129,0.0,5.647267153315932,319,0.11256852428674272,-0.19774125980303023,17525.207855350032
454,102.35227343302186,102.35227343302186,-0.011537568909854598,0.0,5.647267153315932,319,0.11292259631238975,-0.15331923878221193,17482.387262727912
455,102.17003779856601,102.17003779856601,-0.0017820616399870364,0.0,5.647267153315932,319,0.11307728589078463,-0.10173017689135136,17472.29370491595
456,102.40178905398666,102.40178905398666,0.002265721122281195,0.0,5.647267153315932,319,0.11314020003786697,-0.13648242809542796,17476.326772943554
457,102.43556498877618,102.43556498877618,0.0003297829661339466,0.0,5.647267153315932,319,0.11313981658704517,-0.11384033608561896,17477.28316505849
458,102.36111416412314,102.36111416412314,-0.0007270706560354924,0.0,5.647267153315932,319,0.11328380737625965,-0.1469359212188651,17470.6239964152
459,102.65442336853091,102.65442336853091,0.0028613382971279726,0.0,5.647267153315932,319,0.11324865256449629,-0.13136370237177836,17479.47721424279
460,102.33191656695469,102.33191656695469,-0.003146620089695077,0.0,5.647267153315932,319,0.1134408220928017,-0.13182764442784123,17464.84243569666
461,102.51874157658062,102.51874157658062,0.0018240123133271033,0.0,5.647267153315932,319,0.11344219276205549,-0.13184471249771904,17469.35894679655
462,101.18144305922128,101.18144305922128,-0.013130255454792966,0.0,5.647267153315932,319,0.11336929568082961,-0.12477139141236611,17442.26701289028
463,101.7485930203584,101.7485930203584,0.005589625358162547,0.0,5.647267153315932,319,0.1133811089780276,-0.18849887061595744,17451.742714868804
464,101.60351324561005,101.60351324561005,-0.0014268826817434232,0.0,5.647267153315932,319,0.11356596421859971,-0.1911355053254457,17440.8688191441
465,101.7765333186637,101.7765333186637,0.0017014463091777024,0.0,5.647267153315932,319,0.11356136185229111,-0.18365872963798968,17444.055984023522
466,101.49455728421249,101.49455728421249,-0.002774385816341041,0.0,5.647267153315932,319,0.11355135449385777,-0.17494801967891332,17439.587844215574
467,102.01593910918979,102.01593910918979,0.00512389262396998,0.0,5.647267153315932,319,0.1131729236851779,-0.19212176653645743,17459.962384113616
468,102.26078147362364,102.26078147362364,0.0023971647966749923,0.0,5.647267153315932,319,0.11325849255170138,-0.186339186515079,17462.27275801839
469,102.32255797634456,102.32255797634456,0.0006039250778155155,0.0,5.647267153315932,319,0.1132441683831015,-0.1800667611858049,17464.037499404796
470,103.283843534647,103.283843534647,0.009350803823202839,0.0,5.647267153315932,319,0.11300400691251525,-0.16194488083010955,17491.723478122807
471,103.96973628382717,103.96973628382717,0.006618898972448285,0.0,5.647267153315932,319,0.11285857436512209,-0.10037343012494755,17518.87947089735
472,105.31711375740123,105.31711375740123,0.012876070223784711,0.0,5.647267153315932,319,0.11199612546076639,-0.05394732235828092,17592.293974155164
473,105.60675140520249,105.60675140520249,0.0027463732435290718,0.0,5.647267153315932,319,0.11195439944968204,-0.043960082388704344,17602.020545210155
474,105.94980569013863,105.94980569013863,0.003243147745770634,0.0,5.647267153315932,319,0.11199395407639581,-0.0242712584594194,17608.650933294502
475,105.73403515968252,105.73403515968252,-0.002038611963173973,0.0,5.647267153315932,319,0.11206547487489053,-0.009173577521551117,17600.702081456187
476,104.98828970739012,104.98828970739012,-0.007078021430783655,0.0,5.647267153315932,319,0.11224695822413853,0.019800698857098644,17576.827440277306
477,104.45441028588415,104.45441028588415,-0.005098106335022285,0.0,5.647267153315932,319,0.11248222818586524,0.06646759715951121,17556.633892271613
478,105.34073559868582,105.34073559868582,0.008449486114058078,0.0,5.647267153315932,319,0.11264408635846557,0.029684028644607344,17579.164689035435
479,104.57739887530936,104.57739887530936,-0.007272740774572211,0.0,5.647267153315932,319,0.11322316317386977,-0.015999667771488854,17543.462177097776
480,104.78110392799205,104.78110392799205,0.0019459932530958555,0.0,5.647267153315932,319,0.1132376216952854,0.0019406503676089489,17547.195016553356
481,104.71863813082489,104.71863813082489,-0.0005963329444173335,0.0,5.647267153315932,319,0.11330892506980189,0.0024147501342473726,17543.371466495755
482,105.43443535841587,105.43443535841587,0.006812177274374338,0.0,5.647267153315932,319,0.11299338230701556,-0.005919359475861717,17575.408181026865
483,105.83532776279569,105.83532776279569,0.003795080560663731,0.0,5.647267153315932,319,0.11300469009524834,0.0063683486010709936,17587.755665172182
484,104.97851655562332,104.97851655562332,-0.008128649498802685,0.0,5.647267153315932,319,0.1129804730782409,-0.012268791339669623,17560.670320703503
485,105.30473696119994,105.30473696119994,0.0031026785235687736,0.0,5.647267153315932,319,0.11292378559357265,-0.026948222872529057,17571.06876119432
486,104.50529618808795,104.50529618808795,-0.007620652168293939,0.0,5.647267153315932,319,0.11311616755639602,-0.03675152914836056,17543.29840143175
487,105.07570959516399,105.07570959516399,0.005443382747487989,0.0,5.647267153315932,319,0.11316132845884948,-0.05370160437511091,17558.346563655035
488,103.91663361155254,103.91663361155254,-0.011092156294357962,0.0,5.647267153315932,319,0.11424932600675224,-0.09424264312066402,17502.238747284744
489,104.13719303001677,104.13719303001677,0.00212021576000972,0.0,5.647267153315932,319,0.11431709456287555,-0.12209769650550746,17505.197062956235
490,104.21167107129295,104.21167107129295,0.0007149359298864762,0.0,5.647267153315932,319,0.1143171303988147,-0.12349546795055089,17507.01087938702
491,104.53883750950448,104.53883750950448,0.003134523679101665,0.0,5.647267153315932,319,0.11431404293705114,-0.12113050086145852,17513.95924692171
492,104.23251868344369,104.23251868344369,-0.0029344930402550417,0.0,5.647267153315932,319,0.11445976778502433,-0.12909878981449888,17501.052131073247
493,103.91694723328357,103.91694723328357,-0.0030321643204907545,0.0,5.647267153315932,319,0.11470407776198353,-0.12067456529219081,17486.50491017352
494,104.32898993872533,104.32898993872533,0.003957275217503463,0.0,5.647267153315932,319,0.11456702136943195,-0.1356281804798522,17499.26350870911
495,105.13699053559078,105.13699053559078,0.0077149005551542015,0.0,5.647267153315932,319,0.1144870493033983,-0.11819820679489094,17523.46632945247
496,106.0211489724675,106.0211489724675,0.008374421238683146,0.0,5.647267153315932,319,0.11393343942888995,-0.07739421030938544,17560.48183927521
497,105.70325877584564,105.70325877584564,-0.00300286999384368,0.0,5.647267153315932,319,0.11425066908379042,-0.08453153721440983,17542.12896535791
498,105.48131222940806,105.48131222940806,-0.002101920865674287,0.0,5.647267153315932,319,0.11445351563167201,-0.07415466257223581,17527.74786675761
499,105.67496162382926,105.67496162382926,0.001834181340458208,0.0,5.647267153315932,319,0.11443697486372206,-0.07172770858061939,17533.015729821695
500,105.37765129664652,105.37765129664652,-0.0028174067094832145,0.0,5.647267153315932,319,0.11439815792431576,-0.059038855124820246,17526.762347260938
501,104.56517661436365,104.56517661436365,-0.007739999946466476,0.0,5.647267153315932,319,0.11475679537453065,-0.06586745529820871,17496.196556035844
502,104.9349598604177,104.9349598604177,0.003530151686726845,0.0,5.647267153315932,319,0.11470737765164969,-0.09132547978591858,17505.208239555846
503,104.85264980666241,104.85264980666241,-0.0007846989448945171,0.0,5.647267153315932,319,0.114834861932392,-0.09556523179815683,17496.906041399914
504,104.69358344141037,104.69358344141037,-0.0015181985697329504,0.0,5.647267153315932,319,0.11507664262322727,-0.09555477685502008,17486.394580904478
505,104.44053196764855,104.44053196764855,-0.0024199934741754433,0.0,5.647267153315932,319,0.11515156626759869,-0.09256951928851696,17478.961511565172
506,104.43246256330362,104.43246256330362,-7.72661335858079e-05,0.0,5.647267153315932,319,0.11520267661753658,-0.09225756553034088,17477.468163994097
507,103.87017065372083,103.87017065372083,-0.00539881101516352,0.0,5.647267153315932,319,0.11536270660839881,-0.0911531670394975,17459.80321643453
508,103.764628000964,103.764628000964,-0.001016618240590156,0.0,5.647267153315932,319,0.11548097923111729,-0.0845521465225986,17452.78381377519
509,104.26193814353171,104.26193814353171,0.004781226736234194,0.0,5.647267153315932,319,0.11559112820018005,-0.07910239240364557,17466.13755285946
510,103.33498605984283,103.33498605984283,-0.00893036587818099,0.0,5.647267153315932,319,0.11661858445067984,-0.09418911023232826,17412.70113282166
511,103.02262465260458,103.02262465260458,-0.003027381880676842,0.0,5.647267153315932,319,0.11655162522902401,-0.08449275911529702,17407.68673985147
512,103.67111365046124,103.67111365046124,0.00627489861085145,0.0,5.647267153315932,319,0.11613229803733127,-0.09227824016157558,17433.131791256914
513,103.50145925381804,103.50145925381804,-0.0016378078641249977,0.0,5.647267153315932,319,0.11634163153482974,-0.09323891867608088,17423.20144203675
514,103.96736585206042,103.96736585206042,0.004491348338252744,0.0,5.647267153315932,319,0.11627119030867814,-0.11915990168711894,17442.55034502303
515,103.75638005127848,103.75638005127848,-0.0020314083247369163,0.0,5.647267153315932,319,0.11646612180881462,-0.12250718844285809,17429.920997188292
516,103.08188479787913,103.08188479787913,-0.006521981266511459,0.0,5.647267153315932,319,0.11715590109898383,-0.11056249136614693,17386.307987724325
517,103.09577797413336,103.09577797413336,0.00013476897631359587,0.0,5.647267153315932,319,0.11717793284201147,-0.11055155764534363,17385.867962789795
518,103.87981364239498,103.87981364239498,0.007576153422868433,0.0,5.647267153315932,319,0.1171814592434405,-0.10551314994868183,17406.3052057174
519,103.51057919421817,103.51057919421817,-0.003560770904150231,0.0,5.647267153315932,319,0.11725134400150967,-0.11600728273428683,17392.883659048883
520,104.15903902335644,104.15903902335644,0.006245130532685014,0.0,5.647267153315932,319,0.11729528275693599,-0.12419540632971118,17411.052937404937
521,103.90153423027468,103.90153423027468,-0.0024752880426469827,0.0,5.647267153315932,319,0.11733014587368992,-0.1210728665452067,17402.811715083124
522,104.90997683174027,104.90997683174027,0.009658954495173577,0.0,5.647267153315932,319,0.11702806792428348,-0.10239871485328039,17437.898123877647
523,104.02998472155257,104.02998472155257,-0.008423446686976433,0.0,5.647267153315932,319,0.11728002523954775,-0.1412512432360108,17409.489471023186
524,104.16632092418854,104.16632092418854,0.0013096891580384172,0.0,5.647267153315932,319,0.11725559622480415,-0.14488350992897672,17413.746882423355
525,103.95496071292153,103.95496071292153,-0.0020311261036625025,0.0,5.647267153315932,319,0.11742192765899714,-0.14336193181310888,17403.224125923178
526,103.48900391847818,103.48900391847818,-0.004492370543622643,0.0,5.647267153315932,319,0.11742984926204011,-0.12702541284179608,17388.762989455885
527,103.78945462410927,103.78945462410927,0.0028990076264110883,0.0,5.647267153315932,319,0.1172686082082817,-0.14137993078785024,17402.160828644624
528,104.70241283420783,104.70241283420783,0.008757790473664779,0.0,5.647267153315932,319,0.11690437985239602,-0.12396908489321266,17438.308858032156
529,104.04689684037459,104.04689684037459,-0.006280434167919098,0.0,5.647267153315932,319,0.1171350242891858,-0.15310810922077686,17413.132148049008
530,104.70262308878777,104.70262308878777,0.006282442281802526,0.0,5.647267153315932,319,0.11669671756270523,-0.21182915896076915,17440.123491571845
531,103.88329166082328,103.88329166082328,-0.007856097502269883,0.0,5.647267153315932,319,0.1171960719371615,-0.2838204740449919,17409.369965079968
532,103.14087802311816,103.14087802311816,-0.007172271927547991,0.0,5.647267153315932,319,0.11754910899954618,-0.2952788173537447,17382.416620421096
533,103.14072379200569,103.14072379200569,-1.495345305835625e-06,0.0,5.647267153315932,319,0.11761555952927674,-0.30520081435842233,17379.685020742243
534,102.76348989389285,102.76348989389285,-0.0036641729027962755,0.0,5.647267153315932,319,0.11776497251331852,-0.30314174909025926,17368.520380137732
535,102.50978155937864,102.50978155937864,-0.0024719093908812393,0.0,5.647267153315932,319,0.11787726704125602,-0.30513777821954985,17359.56948295357
536,102.36619933351496,102.36619933351496,-0.0014016503910806188,0.0,5.647267153315932,319,0.11796163810075483,-0.33118954905707265,17354.998085446405
537,101.76696739075838,101.76696739075838,-0.00587100737819052,0.0,5.647267153315932,319,0.11823104127937613,-0.3010484726959611,17337.272094027965
538,101.50807707932192,101.50807707932192,-0.0025471936517236895,0.0,5.647267153315932,319,0.11843842357721983,-0.26978682392674425,17325.11545500541
539,100.91292251158521,100.91292251158521,-0.005880380829261864,0.0,5.647267153315932,319,0.11922514271111372,-0.25513250194730647,17292.9134916397
540,101.76674080537755,101.76674080537755,0.008425347966440707,0.0,5.647267153315932,319,0.11931734912088846,-0.27272525768310907,17307.83430479857
541,101.16988378439825,101.16988378439825,-0.005882218088005743,0.0,5.647267153315932,319,0.12007049784188234,-0.2970757176843499,17277.13133731508
542,100.72410133796723,100.72410133796723,-0.004416012399778768,0.0,5.647267153315932,319,0.12002202758851363,-0.31362767817202497,17265.815844463505
543,101.04451224905667,101.04451224905667,0.0031760259906532403,0.0,5.647267153315932,319,0.11988269716495324,-0.30265585841245174,17274.535906264457
544,100.39060068535832,100.39060068535832,-0.006492550888576358,0.0,5.647267153315932,319,0.119881328782948,-0.3030769208632878,17260.722172438316
545,100.08577397441623,100.08577397441623,-0.003041026119662151,0.0,5.647267153315932,319,0.12011797340739765,-0.27957042971809015,17248.326576205338
546,99.47579646129125,99.47579646129125,-0.006113195154982617,0.0,5.647267153315932,319,0.12075126408217397,-0.24792536246669195,17218.44549946599
547,99.87332194621385,99.87332194621385,0.00398823947675217,0.0,5.647267153315932,319,0.12055250829135446,-0.22512243747453678,17236.984255343163
548,99.6259351956109,99.6259351956109,-0.002480078181233834,0.0,5.647267153315932,319,0.120879880391092,-0.22643611442352032,17218.6953736643
549,100.17166322786402,100.17166322786402,0.005462822313307964,0.0,5.647267153315932,319,0.1207852530475092,-0.23188994128398122,17235.967834124083
550,99.62632764172463,99.62632764172463,-0.005458883124782435,0.0,5.647267153315932,319,0.120882092637914,-0.2523440428939761,17216.998779418318
551,100.3109342449342,100.3109342449342,0.006848241016478304,0.0,5.647267153315932,319,0.12054594866544183,-0.2631659439596306,17243.2525302587
552,100.31856003892482,100.31856003892482,7.601867334113948e-05,0.0,5.647267153315932,319,0.12063277041422575,-0.2637942672221029,17240.17803911495
553,100.72095603213657,100.72095603213657,0.004003158567542895,0.0,5.647267153315932,319,0.12061203435557023,-0.25172714231812054,17249.10279291988
554,100.54929992813955,100.54929992813955,-0.0017057279010015546,0.0,5.647267153315932,319,0.12063293392091558,-0.2835951698954737,17243.865525599944
555,100.8070694533247,100.8070694533247,0.0025603328743968095,0.0,5.647267153315932,319,0.12058522185765953,-0.3501069829929661,17253.791869995468
556,100.83952036850019,100.83952036850019,0.00032185930329192843,0.0,5.647267153315932,319,0.12062094322795754,-0.354148658759359,17253.801661688543
557,100.21940087741636,100.21940087741636,-0.0061685545072100835,0.0,5.647267153315932,319,0.12111430659914788,-0.3544263944480137,17221.071620161874
558,99.999014837817,99.999014837817,-0.002201457121902547,0.0,5.647267153315932,319,0.12117198134740152,-0.3470313616931484,17214.910012141652
559,99.95122266307325,99.95122266307325,-0.0004780406990380824,0.0,5.647267153315932,319,0.12123443047211244,-0.3454965351520818,17211.146780976385
560,100.39068102932775,100.39068102932775,0.004387090898045275,0.0,5.647267153315932,319,0.1211365915157318,-0.3478378115814368,17225.753926156332
561,100.22625137403114,100.22625137403114,-0.0016392404185111638,0.0,5.647267153315932,319,0.12132087709929225,-0.3413986646952263,17216.794395468387
562,100.1999947516385,100.1999947516385,-0.00026200782632412975,0.0,5.647267153315932,319,0.1215281425790605,-0.34621734280294003,17209.355116427854
563,100.72919701115586,100.72919701115586,0.005267561955842533,0.0,5.647267153315932,319,0.12141735295405416,-0.33510135687610143,17225.15957754824
564,100.3652412970755,100.3652412970755,-0.0036197531323067036,0.0,5.647267153315932,319,0.12165460080021635,-0.3467953594069772,17209.749195831184
565,100.96634937309095,100.96634937309095,0.005971341707003094,0.0,5.647267153315932,319,0.12145013475789607,-0.34996617806704977,17229.056006368497
566,101.67199168691104,101.67199168691104,0.006964577013522435,0.0,5.647267153315932,319,0.12132077158413877,-0.3025575342909732,17253.21954315411
567,101.2434585050629,101.2434585050629,-0.004223767273867253,0.0,5.647267153315932,319,0.12144678013428287,-0.32560794230410434,17235.605264245205
568,101.33366321349135,101.33366321349135,0.0008905715870095207,0.0,5.647267153315932,319,0.12152360620511647,-0.3265233584698179,17235.19706227424
569,100.02505093130239,100.02505093130239,-0.012998004200212823,0.0,5.647267153315932,319,0.1232313411321233,-0.2827275887788741,17164.948306821443
570,100.01129852748322,100.01129852748322,-0.00013749904832843833,0.0,5.647267153315932,319,0.12324723206100979,-0.3133969217131539,17164.278650305616
571,100.55768002510084,100.55768002510084,0.005448328581404638,0.0,5.647267153315932,319,0.12305333760514216,-0.2949140600867106,17179.7290697288
572,101.44176030243614,101.44176030243614,0.008753350215536504,0.0,5.647267153315932,319,0.12292473925784311,-0.2490179389525111,17202.233043968507
573,101.53564297350458,101.53564297350458,0.0009250554618205399,0.0,5.647267153315932,319,0.12292104956208368,-0.23775645396381995,17204.60871910915
574,101.43949603822722,101.43949603822722,-0.0009473765401680093,0.0,5.647267153315932,319,0.12299963971802673,-0.2367195748045052,17199.304104873354
575,101.2223572841241,101.2223572841241,-0.002142868365537089,0.0,5.647267153315932,319,0.12311578981518846,-0.24233436704227726,17186.666764442944
576,101.78742379771886,101.78742379771886,0.005566903918488711,0.0,5.647267153315932,319,0.12265622152606806,-0.24813306328492477,17209.688261850242
577,101.55829680492465,101.55829680492465,-0.002253571789809337,0.0,5.647267153315932,319,0.12264863660638484,-0.25688677287314704,17205.58800461684
578,101.0917767202881,101.0917767202881,-0.004604201722257333,0.0,5.647267153315932,319,0.12305107991651339,-0.24245064901544547,17186.88161828049
579,100.37400112115054,100.37400112115054,-0.007125563893117434,0.0,5.647267153315932,319,0.12367571536711576,-0.20634972822619999,17159.602840506002
580,100.58726025276846,100.58726025276846,0.002122391253048957,0.0,5.647267153315932,319,0.12368053608760145,-0.214543310271799,17164.495034870757
581,100.08774000360116,100.08774000360116,-0.004978410666285154,0.0,5.647267153315932,319,0.12431647355736826,-0.20774984088895582,17140.331751155063
582,100.13243746455313,100.13243746455313,0.00044648308936404065,0.0,5.647267153315932,319,0.12442893582533628,-0.17088830826099496,17137.524011369766
583,100.19748832310586,100.19748832310586,0.000649437277863721,0.0,5.647267153315932,319,0.12445351151776743,-0.16585881584318893,17138.114559032838
584,100.14342467270704,100.14342467270704,-0.000539716535207268,0.0,5.647267153315932,319,0.12452835518596266,-0.16427637044539,17135.110337057744
585,100.42335293649872,100.42335293649872,0.0027913740140796625,0.0,5.647267153315932,319,0.12438598550928959,-0.16695264063217802,17143.3900183716
586,100.0065088342828,100.0065088342828,-0.00415950696702828,0.0,5.647267153315932,319,0.12453256206877897,-0.16614282680045953,17130.62792146371
587,99.54396568896213,99.54396568896213,-0.004635859421623623,0.0,5.647267153315932,319,0.12494621325611885,-0.17967295708329692,17112.371557054572
588,100.02028512273668,100.02028512273668,0.004773603852788418,0.0,5.647267153315932,319,0.12461439197286546,-0.16444984136254126,17127.432687633973
589,99.99760836781647,99.99760836781647,-0.00022674726367360383,0.0,5.647267153315932,319,0.12472083224530502,-0.13603893299191355,17122.396688880373
590,100.59206725198428,100.59206725198428,0.005927130822181438,0.0,5.647267153315932,319,0.12407278410028615,-0.09574605594480814,17146.73899711755
591,100.07328178802568,100.07328178802568,-0.005170664714004695,0.0,5.647267153315932,319,0.12459931577627303,-0.1591440730049772,17127.02821216823
592,99.16076776219384,99.16076776219384,-0.009160285691132827,0.0,5.647267153315932,319,0.12529490947237445,-0.12213912703588417,17093.8394220669
593,98.8888377118029,98.8888377118029,-0.0027460819285622536,0.0,5.647267153315932,319,0.12559385724914662,-0.10647553168279947,17080.315116040587
594,98.76461028431753,98.76461028431753,-0.0012570227851074467,0.0,5.647267153315932,319,0.12567430502490953,-0.11052105499709662,17073.439600250673
595,98.42239503135661,98.42239503135661,-0.003470975138424081,0.0,5.647267153315932,319,0.12630293335795126,-0.10983772066064576,17052.194171801704
596,97.42449146990957,97.42449146990957,-0.0101907384424518,0.0,5.647267153315932,319,0.12654319010457135,-0.0856685778010831,17030.505397719302
597,97.28572315132446,97.28572315132446,-0.0014253832789398275,0.0,5.647267153315932,319,0.1266266711534783,-0.08990952434742334,17024.894994899536
598,96.91622931939762,96.91622931939762,-0.0038052581148792495,0.0,5.647267153315932,319,0.12697749370618677,-0.09465409108086464,17002.49124887511
599,96.72658071522535,96.72658071522535,-0.0019587472911966435,0.0,5.647267153315932,319,0.12741971081804687,-0.058398814724814015,16988.3769973795
600,96.85868000618339,96.85868000618339,0.0013647662117418154,0.0,5.35971476099007,251,0.1629633412277377,-0.02696800577533229,16563.910267309322
601,97.05846557165147,97.05846557165147,0.0020605257524769095,0.0,5.35971476099007,251,0.1629412928498171,-0.03787403254394933,16565.876683214083
602,98.29479016982154,98.29479016982154,0.012657491676941485,0.0,5.35971476099007,251,0.16181272720116965,0.002979792666606615,16612.377208014543
603,98.68500959929864,98.68500959929864,0.003962030019281664,0.0,5.35971476099007,251,0.16161793416321915,0.059091369779872484,16622.626180234813
604,99.16904226824641,99.16904226824641,0.0048928351986443535,0.0,5.35971476099007,251,0.16148861977195564,0.06329764843867032,16632.903813672812
605,98.79134923521508,98.79134923521508,-0.003815849104484525,0.0,5.35971476099007,251,0.1616361127588194,0.03800138325766469,16622.693819601678
606,98.87865602144203,98.87865602144203,0.0008833590285068719,0.0,5.35971476099007,251,0.1615796409979613,0.05407817929916021,16625.529733922158
607,99.72900866971918,99.72900866971918,0.008563192622336013,0.0,5.35971476099007,251,0.16097364558240176,0.06479520939294585,16653.577230476178
608,100.2868647495081,100.2868647495081,0.00557813254270473,0.0,5.35971476099007,251,0.16089869023023284,0.10655541357690328,16661.42784641947
609,99.34185200145062,99.34185200145062,-0.009467774201770012,0.0,5.35971476099007,251,0.16103509103013242,0.08736407949341284,16647.402714768214
610,99.4149429143533,99.4149429143533,0.0007354809301328513,0.0,5.35971476099007,251,0.1609896284175808,0.10877825224738874,16649.971678375554
611,98.85887267121481,98.85887267121481,-0.005609128965760365,0.0,5.35971476099007,251,0.16152555997497248,0.10569134654335628,16625.130850671998
612,98.7388691012445,98.7388691012445,-0.0012146250624876103,0.0,5.35971476099007,251,0.16155316255700214,0.10820889838745044,16623.028230520165
613,98.8564435992501,98.8564435992501,0.0011900536533458058,0.0,5.35971476099007,251,0.1615756119651452,0.112636479892147,16623.490420396934
614,99.42721553860945,99.42721553860945,0.005757141242444492,0.0,5.35971476099007,251,0.1611563137061015,0.11904028652088311,16644.493050857593
615,99.27379134441534,99.27379134441534,-0.0015442722419078772,0.0,5.35971476099007,251,0.16134632354235887,0.11293604117848857,16636.26306274232
616,99.24287528649431,99.24287528649431,-0.0003114706557958765,0.0,5.35971476099007,251,0.16135970229509788,0.11537008177146785,16635.54559612835
617,99.14134197094667,99.14134197094667,-0.0010236028431748984,0.0,5.35971476099007,251,0.16140469289339923,0.10975443020532032,16632.84779317333
618,98.05492315130569,98.05492315130569,-0.011018766618920898,0.0,5.35971476099007,251,0.16212690216916087,0.10752953564649469,16596.48328539226
619,97.2307602943406,97.2307602943406,-0.008440636666203954,0.0,5.35971476099007,251,0.1628174912665967,0.15704656351241056,16567.1808197339
620,96.60386497476166,96.60386497476166,-0.006468374826999622,0.0,5.35971476099007,251,0.16306934557146305,0.1886423127477449,16554.82965982734
621,96.95678773471836,96.95678773471836,0.003646641464713278,0.0,5.35971476099007,251,0.16296743638228348,0.17165942592211897,16560.49300955496
622,96.63997256933311,96.63997256933311,-0.003272941630860452,0.0,5.35971476099007,251,0.1633369430168233,0.1627657722883186,16547.219778373266
623,96.56057468074864,96.56057468074864,-0.000821922030598571,0.0,5.35971476099007,251,0.16340339722549088,0.17745996630061073,16544.66842394194
624,96.7104567349673,96.7104567349673,0.0015510041330797407,0.0,5.35971476099007,251,0.16336713777331066,0.19001461609997491,16546.896553676514
625,96.09682535006058,96.09682535006058,-0.006365251873431424,0.0,5.35971476099007,251,0.16394490418158894,0.15058015826353183,16526.57046702365
626,96.06363350483772,96.06363350483772,-0.0003454596825044457,0.0,5.35971476099007,251,0.16401666385920013,0.17176728817036935,16524.51503026242
627,96.59992431120145,96.59992431120145,0.005567136801041554,0.0,5.35971476099007,251,0.16355190679482903,0.17464398756502097,16541.325957649937
628,96.79665562064972,96.79665562064972,0.0020344866220045775,0.0,5.35971476099007,251,0.163393802681624,0.19836072297619903,16547.34312966715
629,97.70238929073533,97.70238929073533,0.009313569818593487,0.0,5.35971476099007,251,0.16267400067528603,0.22650543655468725,16575.81101710812
630,97.22422371579484,97.22422371579484,-0.004906118530305538,0.0,5.35971476099007,251,0.1630346411679757,0.19369664870923167,16560.938030199908
631,96.62642507990887,96.62642507990887,-0.006167640238602432,0.0,5.35971476099007,251,0.1635390260616554,0.17317202349776464,16541.9257223802
632,97.04237861947674,97.04237861947674,0.004295520715807375,0.0,5.35971476099007,251,0.16320516312342626,0.15135917163662296,16554.770852060778
633,97.5410932148024,97.5410932148024,0.005125982002786242,0.0,5.35971476099007,251,0.16288000058346383,0.16823020615264972,16568.500755062512
634,97.06208495608227,97.06208495608227,-0.004922933228840187,0.0,5.35971476099007,251,0.16306869057833864,0.1497665500894764,16558.56948935976
635,97.64535437141646,97.64535437141646,0.005991257057872918,0.0,5.35971476099007,251,0.16278017570017012,0.13371359096544366,16570.876489491886
636,97.37395215965708,97.37395215965708,-0.0027833386529683584,0.0,5.35971476099007,251,0.16284420979571687,0.13355676414830764,16563.678915098797
637,96.4311231431483,96.4311231431483,-0.009729739564238372,0.0,5.35971476099007,251,0.163193787889261,0.13531880590126918,16536.82856138127
638,96.49078893189045,96.49078893189045,0.0006185486138174216,0.0,5.35971476099007,251,0.16322109512597546,0.11275832086368058,16535.268441100794
639,96.82384344519437,96.82384344519437,0.0034457282280119846,0.0,5.35971476099007,251,0.16320929839034062,0.12966185171793218,16541.879626889433
640,96.14223552988993,96.14223552988993,-0.007064565479430889,0.0,5.35971476099007,251,0.1633218536910015,0.11820029533371802,16527.028047705797
641,97.11545032190516,97.11545032190516,0.010071765215004818,0.0,5.35971476099007,251,0.1630460081994749,0.07361410780823313,16547.333390433298
642,96.27520792125587,96.27520792125587,-0.008689640911212822,0.0,5.35971476099007,251,0.16302704881924315,0.02075418617366492,16534.531331393904
643,96.15909202549066,96.15909202549066,-0.001206810946799625,0.0,5.35971476099007,251,0.1630611250917954,0.023189890327256293,16532.505222981352
644,96.58065664256333,96.58065664256333,0.004374450960266175,0.0,5.35971476099007,251,0.16303307683289092,0.021256908578338715,16538.839547737694
645,96.54384188883364,96.54384188883364,-0.00038125410764114137,0.0,5.35971476099007,251,0.16304144428846512,0.028858289815499427,16538.075358084992
646,96.49320972268343,96.49320972268343,-0.0005245849632352149,0.0,5.35971476099007,251,0.16304223296103876,0.02088012941806696,16537.238863837
647,97.1546693582755,97.1546693582755,0.006831597756672675,0.0,5.35971476099007,251,0.16307361573002033,0.03297996866434543,16547.53957804257
648,96.9372943226031,96.9372943226031,-0.0022399188759299714,0.0,5.35971476099007,251,0.16305495082954177,0.025034167918630678,16544.223278307727
649,96.97285081121154,96.97285081121154,0.00036673160120037976,0.0,5.35971476099007,251,0.16306540488665552,0.023122023923638206,16544.60923524501
650,98.12421748109288,98.12421748109288,0.011803150572734115,0.0,5.35971476099007,251,0.16323684405193384,0.043601421037366736,16561.648706677504
651,97.82747882903848,97.82747882903848,-0.0030286941575274656,0.0,5.35971476099007,251,0.16320181451348803,0.004204863603813494,16556.776340275675
652,98.13029479349643,98.13029479349643,0.0030906271274760305,0.0,5.35971476099007,251,0.1632671535456464,-0.013644969210116412,16561.196364920448
653,97.73224072602653,97.73224072602653,-0.0040646325183397135,0.0,5.35971476099007,251,0.16322245044542205,-0.022128395912417224,16554.72410556393
654,97.24437221016677,97.24437221016677,-0.005004390287540931,0.0,5.35971476099007,251,0.16316020188641142,-0.013425983645051232,16547.429728069234
655,97.42115185962702,97.42115185962702,0.0018162404349786022,0.0,5.35971476099007,251,0.16317897044338384,-0.03708515374873266,16550.11429147357
656,96.9524849625615,96.9524849625615,-0.004822339211871062,0.0,5.35971476099007,251,0.1631342262744663,-0.05190985392155185,16542.951726346342
657,97.34516094195175,97.34516094195175,0.004042010001565844,0.0,5.35971476099007,251,0.16316019672996965,-0.06574929655706145,16549.143111757305
658,97.1224636543056,97.1224636543056,-0.002290328639093479,0.0,5.35971476099007,251,0.16313527261158003,-0.0758107206058267,16545.802566221355
659,97.22149724744617,97.22149724744617,0.0010191580047365062,0.0,5.35971476099007,251,0.1631509483266529,-0.0757600311294511,16547.183902382974
660,96.64314632197288,96.64314632197288,-0.005966561314028871,0.0,5.35971476099007,251,0.1631061493704543,-0.07914682628831565,16538.380292360893
661,96.354509927212,96.354509927212,-0.0029910892760418007,0.0,5.35971476099007,251,0.1631539792011355,-0.08480113507074781,16530.32375028774
662,96.10556953312505,96.10556953312505,-0.00258693162358871,0.0,5.35971476099007,251,0.16344431319865796,-0.12381776007691898,16498.047764075724
663,96.15275939712828,96.15275939712828,0.0004909006045507578,0.0,5.35971476099007,251,0.16349911391724123,-0.14106641316406898,16495.247874006414
664,95.8282524159669,95.8282524159669,-0.003380618605467122,0.0,5.35971476099007,251,0.16350062117688108,-0.13342133620820085,16492.710386779978
665,96.21374437867433,96.21374437867433,0.004014668529878307,0.0,5.35971476099007,251,0.16336608268534294,-0.13792392989593172,16503.873143691126
666,96.19576134111243,96.19576134111243,-0.00018692462773080314,0.0,5.35971476099007,251,0.1633792604622055,-0.1449910819039929,16503.337606828412
667,96.1074206913627,96.1074206913627,-0.0009187643702020717,0.0,5.35971476099007,251,0.16341875243815615,-0.19086475306679263,16501.35382944285
668,96.24729182823631,96.24729182823631,0.0014543044950007591,0.0,5.35971476099007,251,0.16341586618053872,-0.15831614827977955,16503.163651857267
669,96.38148205681468,96.38148205681468,0.001393252395048811,0.0,5.35971476099007,251,0.16337801033782676,-0.15564824822782078,16505.820021337262
670,96.37366230990601,96.37366230990601,-8.113658329225299e-05,0.0,5.35971476099007,251,0.16338759083763682,-0.1506446099680549,16505.502482065785
671,96.45733903197278,96.45733903197278,0.0008678762930923549,0.0,5.35971476099007,251,0.16337252509737318,-0.15597921324200903,16507.02258023243
672,96.46862841771319,96.46862841771319,0.00011703334602939023,0.0,5.35971476099007,251,0.16337262014401674,-0.15457891395128318,16507.18492503496
673,96.32117994661978,96.32117994661978,-0.0015296296115855567,0.0,5.35971476099007,251,0.1634224301815701,-0.16249984693881245,16504.06758313384
674,96.60694227656413,96.60694227656413,0.002962373091394316,0.0,5.35971476099007,251,0.16335997880705347,-0.16358786529354885,16509.48072362537
675,96.8627995900416,96.8627995900416,0.0026449351735001406,0.0,5.35971476099007,251,0.1633040596345326,-0.1545161885499839,16514.368052149595
676,96.66014624745488,96.66014624745488,-0.0020943606018950906,0.0,5.35971476099007,251,0.16334980833144708,-0.15795266351279422,16510.43383060983
677,96.50715288887939,96.50715288887939,-0.0015840506260702677,0.0,5.35971476099007,251,0.16339801082808592,-0.160933035289071,16507.249110967565
678,96.22735899767146,96.22735899767146,-0.002903414495101013,0.0,5.35971476099007,251,0.16347384240674528,-0.24237623658318097,16501.722142278068
679,97.10288026471837,97.10288026471837,0.00905732342409773,0.0,5.35971476099007,251,0.1632667677163017,-0.3014233145385214,16518.75729372828
680,97.20633920718818,97.20633920718818,0.001064889792957688,0.0,5.35971476099007,251,0.16325652482756117,-0.28446417300486954,16520.64306672971
681,97.66961857332268,97.66961857332268,0.004754616671716246,0.0,5.35971476099007,251,0.1632139382326887,-0.2689992761512962,16529.58863903182
682,98.60338411018253,98.60338411018253,0.009515038431457417,0.0,5.35971476099007,251,0.16319701633733244,-0.2235524071857655,16547.524978008
683,99.03581688894747,99.03581688894747,0.00437598883868439,0.0,5.35971476099007,251,0.16319310955253372,-0.19187665492374703,16555.87011664666
684,99.05077799660336,99.05077799660336,0.00015105623571328236,0.0,5.35971476099007,251,0.16319677615060443,-0.18694970297845348,16556.081313243463
685,99.59726978343988,99.59726978343988,0.005502124703689316,0.0,5.35971476099007,251,0.16319826154844824,-0.19617283644204805,16566.671652214387
686,100.47288142963944,100.47288142963944,0.008753102163716081,0.0,5.35971476099007,251,0.16330425713843696,-0.15357244784675617,16582.51195793344
687,99.55688410548152,99.55688410548152,-0.009158674206511322,0.0,5.35971476099007,251,0.16330351052919725,-0.20678818052507422,16562.59065957509
688,99.93244750599565,99.93244750599565,0.003765252419074396,0.0,5.35971476099007,251,0.1632554175736918,-0.23669182681315037,16569.4327309692
689,99.78547556752955,99.78547556752955,-0.001471795447649019,0.0,5.35971476099007,251,0.16326828096731602,-0.2199131697248974,16563.605554871618
690,100.09025597612046,100.09025597612046,0.0030497013565287706,0.0,5.35971476099007,251,0.16327083078552276,-0.2538059740587982,16569.23775391032
691,100.0072384823773,100.0072384823773,-0.0008297704949387624,0.0,5.35971476099007,251,0.16329272752309518,-0.2454859201401138,16566.935505221765
692,99.4929744047822,99.4929744047822,-0.005155535517758804,0.0,5.35971476099007,251,0.16348103353517446,-0.250004565342025,16549.855580052004
693,99.70605223772691,99.70605223772691,0.0021393469416402027,0.0,5.35971476099007,251,0.16348928971076374,-0.24173186258196128,16554.78373278974
694,99.97030427167057,99.97030427167057,0.0026468049881612013,0.0,5.35971476099007,251,0.16351352331283298,-0.21967461250916764,16560.666239728944
695,99.9060583022684,99.9060583022684,-0.000642857122146763,0.0,5.35971476099007,251,0.16352752812887789,-0.21260966728777914,16558.833586097553
696,99.69644561388621,99.69644561388621,-0.0021003019633967887,0.0,5.35971476099007,251,0.16355304195307482,-0.2371529797524461,16553.337715406466
697,99.62825175413694,99.62825175413694,-0.0006842489998521895,0.0,5.35971476099007,251,0.16356802000279075,-0.2555254335462228,16551.44645232215
698,98.92688773562422,98.92688773562422,-0.007064706936394564,0.0,5.35971476099007,251,0.1636495516217592,-0.23604185625677573,16533.855987779752
699,98.28140925414999,98.28140925414999,-0.0065461828569731845,0.0,5.35971476099007,251,0.16381649759661698,-0.16757311143680484,16516.55072562726
700,97.81263699469447,97.81263699469447,-0.004781105407261359,0.0,5.35971476099007,251,0.16395866777895693,-0.08333526341060583,16504.40034512674
701,98.0120035602576,98.0120035602576,0.002036175160382542,0.0,5.35971476099007,251,0.16389881725391858,-0.019326650505872834,16509.455065049726
702,97.81979076447463,97.81979076447463,-0.001963040354816001,0.0,5.35971476099007,251,0.1639553685715458,-0.03729993505733553,16504.600060341832
703,98.22586005073822,98.22586005073822,0.0041426052074484765,0.0,5.35971476099007,251,0.16382387617261848,-0.0391150589446598,16515.247279951323
704,98.01312672284845,98.01312672284845,-0.0021681054791404127,0.0,5.35971476099007,251,0.16388334225149206,-0.0462305354850695,16509.777997233105
705,98.3275591004966,98.3275591004966,0.0032029290835630373,0.0,5.35971476099007,251,0.16379556572339132,-0.05324434017666511,16517.883218865714
706,98.07570669508365,98.07570669508365,-0.0025646472062219425,0.0,5.35971476099007,251,0.1638578907182281,-0.055806925176270075,16511.536335925393
707,97.5561285687151,97.5561285687151,-0.0053118077365933375,0.0,5.35971476099007,251,0.16405878290660886,-0.026294773752865746,16497.53805746679
708,97.60646989806907,97.60646989806907,0.0005158911683484531,0.0,5.35971476099007,251,0.16404436727549507,-0.02818287262049157,16498.775806552247
709,97.56008701917872,97.56008701917872,-0.0004753158583748467,0.0,5.35971476099007,251,0.16406899427640878,-0.03141794843376393,16497.42085724365
710,98.23209430403573,98.23209430403573,0.0068645225683216385,0.0,5.35971476099007,251,0.16386718164373035,-0.00048291304304160843,16514.563594688596
711,96.63101960925968,96.63101960925968,-0.016433184231236582,0.0,5.35971476099007,251,0.16445077812976844,-0.08646986963679504,16472.89648385653
712,96.79515677573501,96.79515677573501,0.001697156082392726,0.0,5.35971476099007,251,0.16442567967697388,-0.10220164300827304,16476.104428590515
713,96.5659086262545,96.5659086262545,-0.002371193563888814,0.0,5.35971476099007,251,0.16471342846712342,-0.12226718380282274,16460.966868032327
714,97.05965650323999,97.05965650323999,0.005100038797765437,0.0,5.35971476099007,251,0.16463406899193656,-0.12388044201168315,16470.96306630826
715,96.59980831146302,96.59980831146302,-0.004749048093058974,0.0,5.35971476099007,251,0.1648127193755921,-0.13451079968931495,16457.608305538597
716,95.95660493272749,95.95660493272749,-0.006680699543278758,0.0,5.35971476099007,251,0.16504170541145013,-0.09162941509565345,16439.09334230977
717,95.58378775692755,95.58378775692755,-0.0038928357760561307,0.0,5.35971476099007,251,0.16519020420655622,-0.0650768060867711,16429.785844519516
718,96.25290988321228,96.25290988321228,0.00697598371997034,0.0,5.35971476099007,251,0.16489211927557995,-0.0812675694884299,16445.64493457426
719,97.15409993289687,97.15409993289687,0.009319171757702542,0.0,5.35971476099007,251,0.16484025091232704,-0.021703364553172372,16460.32886150791
720,97.2057634574239,97.2057634574239,0.000531627516531721,0.0,5.35971476099007,251,0.1648466079376702,-0.032646370441615516,16461.023348750867
721,97.31591523679364,97.31591523679364,0.0011325400015360127,0.0,5.35971476099007,251,0.16484762283173296,-0.03915186959297828,16462.772845470008
722,97.83933405861016,97.83933405861016,0.005364140383380777,0.0,5.35971476099007,251,0.1648345258427757,-0.03440664067012917,16471.55664282723
723,97.654684178924,97.654684178924,-0.001889059688494136,0.0,5.35971476099007,251,0.1648345962136865,-0.041962560859367774,16468.496114737874
724,97.26568083895837,97.26568083895837,-0.003991413174056446,0.0,5.35971476099007,251,0.16485429543877203,-0.02477618038677663,16461.832242097953
725,96.87059059715638,96.87059059715638,-0.004070241839197289,0.0,5.35971476099007,251,0.1648775336990387,-0.01019181274471463,16455.234779499566
726,96.15850918520083,96.15850918520083,-0.007378003036128653,0.0,5.35971476099007,251,0.16500078332730708,0.012534811704166414,16442.885132877273
727,94.9556717658053,94.9556717658053,-0.012587797473729614,0.0,5.35971476099007,251,0.16520553301955845,0.07181459873304578,16423.376571876062
728,94.19679155388984,94.19679155388984,-0.00802404864650969,0.0,5.35971476099007,251,0.16540845614385635,0.1275338615539147,16410.23897998316
729,93.56662451131783,93.56662451131783,-0.006712376903270313,0.0,5.35971476099007,251,0.165589007163911,0.15386002941334198,16399.581102512944
730,94.5877793935568,94.5877793935568,0.010854541665323212,0.0,5.35971476099007,251,0.1652705111837137,0.10287355929348836,16417.58308727087
731,94.36656597441261,94.36656597441261,-0.002341449409677873,0.0,5.35971476099007,251,0.1653322589826287,0.08961494805085733,16413.605494970237
732,95.15103781799282,95.15103781799282,0.008278664443575513,0.0,5.35971476099007,251,0.1651136362109762,0.07705319360383064,16427.8023122533
733,95.29492143136125,95.29492143136125,0.0015110180474451928,0.0,5.35971476099007,251,0.16508062125419337,0.08730832433096217,16430.322772991763
734,94.74166893405759,94.74166893405759,-0.0058226056287727585,0.0,5.35971476099007,251,0.1652513158847758,0.07601749767868046,16419.907532407586
735,95.0939809748054,95.0939809748054,0.0037117627316661495,0.0,5.35971476099007,251,0.16515889545620707,0.06670207449964219,16426.22188582476
736,95.12578888640785,95.12578888640785,0.000334433291787899,0.0,5.35971476099007,251,0.1651552724605797,0.0668957679809307,16426.708376487837
737,95.01277961156048,95.01277961156048,-0.0011887045226765592,0.0,5.35971476099007,251,0.16518573089566693,0.06476314667857101,16424.656608258712
738,95.83515544094469,95.83515544094469,0.008618179905169325,0.0,5.35971476099007,251,0.16501799995074495,0.07151682557696287,16437.428356329496
739,95.8008299842518,95.8008299842518,-0.0003582360273704817,0.0,5.35971476099007,251,0.1651880410671854,0.06697508637106175,16425.99369179233
740,95.50651331413843,95.50651331413843,-0.0030769012546840303,0.0,5.35971476099007,251,0.16545770639932686,0.06327649788364406,16409.33572474783
741,95.16088259694821,95.16088259694821,-0.0036254871382066815,0.0,5.35971476099007,251,0.16548381678066054,0.04090225913078568,16403.49868103698
742,94.9722034580499,94.9722034580499,-0.0019847066573000977,0.0,5.35971476099007,251,0.1657020855458267,0.017057297120110393,16393.327346616534
743,95.2983219016175,95.2983219016175,0.003427948309891163,0.0,5.35971476099007,251,0.16568562846305784,0.011694561686470498,16396.33678810463
744,96.09835045876808,96.09835045876808,0.008359949070117272,0.0,5.35971476099007,251,0.1651039894088867,0.029141730445570318,16418.967489700823
745,95.76861690665399,95.76861690665399,-0.0034371093811166307,0.0,5.35971476099007,251,0.16523153646397087,-0.01721536880430442,16412.304432712415
746,95.00447633201317,95.00447633201317,-0.008011031831878306,0.0,5.35971476099007,251,0.16559912450242573,0.03954667716437285,16396.05181429993
747,95.64418487129926,95.64418487129926,0.0067108883542531216,0.0,5.35971476099007,251,0.16530107832976434,0.03038742052946942,16409.475740710004
748,95.13112111060471,95.13112111060471,-0.0053787359427750325,0.0,5.35971476099007,251,0.16557727966892408,0.012111001898160006,16397.971685670425
749,94.45782486479915,94.45782486479915,-0.007102725034057424,0.0,5.35971476099007,251,0.16587998848089555,0.029187522646965156,16384.48413617636
750,93.95486284588343,93.95486284588343,-0.0053389526973614395,0.0,5.35971476099007,251,0.16615093640321765,0.04399447785985387,16373.805319673014
751,94.10151543550599,94.10151543550599,0.0015596665286359813,0.0,5.35971476099007,251,0.16607667513456312,0.03799465384721856,16376.885598127861
752,93.36533281749904,93.36533281749904,-0.007854043626490479,0.0,5.35971476099007,251,0.16651369471922803,0.03490038146989669,16360.393554960965
753,93.4908246196024,93.4908246196024,0.001343191711655869,0.0,5.35971476099007,251,0.16645163399152557,0.019394812194991853,16362.855856405344
754,93.49443982731538,93.49443982731538,3.8668370196064785e-05,0.0,5.35971476099007,251,0.16645610496869498,0.02003373580922664,16362.81188885676
755,94.01285860023377,94.01285860023377,0.005529599095250263,0.0,5.35971476099007,251,0.1661911654117856,0.023943926109177536,16373.548492565029
756,93.41593342321276,93.41593342321276,-0.006369642452437639,0.0,5.35971476099007,251,0.16652282827331213,0.005082950567089921,16360.986622972916
757,93.55535172860023,93.55535172860023,0.0014913341491343758,0.0,5.35971476099007,251,0.16645819984205917,-0.0010189500904145862,16363.606408459582
758,94.38711625944596,94.38711625944596,0.008851325303876865,0.0,5.35971476099007,251,0.1659579672676646,-0.006705729624671449,16383.44449757558
759,94.57504714053638,94.57504714053638,0.001989085430339721,0.0,5.35971476099007,251,0.16585871372851332,-0.005617934188941557,16387.76090405292
760,94.6667579411051,94.6667579411051,0.0009692446942033053,0.0,5.35971476099007,251,0.16580879854519437,0.0023487535075861045,16389.911208713947
761,94.2617791563667,94.2617791563667,-0.004287117353803472,0.0,5.35971476099007,251,0.16605486051256074,0.0012144402546759069,16379.843426020474
762,94.02591810495045,94.02591810495045,-0.0025053275196978845,0.0,5.35971476099007,251,0.16619096824270996,0.008053443330414991,16374.126088687884
763,94.10545396653464,94.10545396653464,0.0008455353878194633,0.0,5.35971476099007,251,0.1661790860991977,0.010420825747874993,16374.928196695622
764,94.64381168805043,94.64381168805043,0.005704490341182978,0.0,5.35971476099007,251,0.16585343575831457,0.018559762664012026,16388.851020515613
765,94.03758128470898,94.03758128470898,-0.006425991242657833,0.0,5.35971476099007,251,0.16616542622742933,0.003128562322622229,16365.137998580316
766,93.26339963498368,93.26339963498368,-0.008266759253888738,0.0,5.35971476099007,251,0.1665367602916462,0.02065103005796457,16347.213101954721
767,92.12528166511625,92.12528166511625,-0.012278336090119654,0.0,5.35971476099007,251,0.1672168836099572,0.0630903910202187,16311.168675457026
768,92.08616371131576,92.08616371131576,-0.00042470710013205404,0.0,5.35971476099007,251,0.16727208494180779,0.059936291683131006,16308.807416104984
769,92.8775450052565,92.8775450052565,0.008557204313753203,0.0,5.35971476099007,251,0.16692502102010645,0.05865918404897341,16327.050370165976
770,92.43713679982287,92.43713679982287,-0.004753093821619212,0.0,5.35971476099007,251,0.1669948837880631,0.09942206791494453,16319.173713297438
771,92.4889084802201,92.4889084802201,0.0005599176867855853,0.0,5.35971476099007,251,0.1670032747803003,0.12893392909036375,16319.47781090555
772,92.49414670657248,92.49414670657248,5.6634661466502334e-05,0.0,5.35971476099007,251,0.16700182368002317,0.13192044446763124,16319.495526746023
773,92.09792881441395,92.09792881441395,-0.004292909102776589,0.0,5.35971476099007,251,0.1672029768109922,0.13461753913505808,16306.669322695805
774,91.71965312073226,91.71965312073226,-0.00411577852006135,0.0,5.35971476099007,251,0.16725849167545062,0.15483664125490382,16299.556393596284
775,93.13044985606177,93.13044985606177,0.0152645208861833,0.0,5.35971476099007,251,0.16697357924702017,0.10114002575555522,16330.003210432425
776,92.88490130481227,92.88490130481227,-0.0026400906413526003,0.0,5.35971476099007,251,0.16701564826226364,0.07746396521428987,16324.36131247791
777,92.34889241343312,92.34889241343312,-0.005787393074507142,0.0,5.35971476099007,251,0.16715806711062822,0.09399570688680323,16312.409387494925
778,92.31529445692345,92.31529445692345,-0.0003638816757033692,0.0,5.35971476099007,251,0.16716785448260704,0.058588143289909585,16311.190499366452
779,91.9953243002096,91.9953243002096,-0.003472078606397544,0.0,5.35971476099007,251,0.16730789151167638,0.0534264665886467,16301.757450042738
780,91.5023169452676,91.5023169452676,-0.005373459166620887,0.0,5.35971476099007,251,0.16747145295368002,0.05709400981642514,16289.053069246356
781,91.3424577248723,91.3424577248723,-0.0017485789398669913,0.0,5.35971476099007,251,0.16757056312289548,0.05171217622033872,16283.448388040464
782,91.36526807786049,91.36526807786049,0.0002496922667773148,0.0,5.35971476099007,251,0.16757270153515508,0.05484284535202834,16283.326728570186
783,91.21671285612913,91.21671285612913,-0.001627271801442591,0.0,5.35971476099007,251,0.16763776285018447,0.053384959561321665,16278.388158716565
784,91.00828802652707,91.00828802652707,-0.002287555708399474,0.0,5.35971476099007,251,0.1677198102111196,0.049418373902317556,16272.42144700847
785,90.98911964193448,90.98911964193448,-0.0002106445900415206,0.0,5.35971476099007,251,0.1677518200988072,0.039039991090313086,16270.753286642512
786,91.34484861828288,91.34484861828288,0.0039019545406825938,0.0,5.35971476099007,251,0.1676725623320981,0.001145147686287393,16279.077061541233
787,90.76956624329034,90.76956624329034,-0.0063178336427964915,0.0,5.35971476099007,251,0.16784173042108724,-0.06161674564729663,16264.693874105606
788,90.77635154838464,90.77635154838464,7.475029105570482e-05,0.0,5.35971476099007,251,0.16785144880029798,-0.09226939596017728,16264.270638861084
789,91.60624162479189,91.60624162479189,0.009100603184248804,0.0,5.35971476099007,251,0.1674438917363713,-0.04579207328712954,16287.696276848932
790,92.08566785717115,92.08566785717115,0.005219906770255352,0.0,5.35971476099007,251,0.16724575666891325,-0.004484968467904238,16301.917159075503
791,93.13892718499282,93.13892718499282,0.011372903044481547,0.0,5.35971476099007,251,0.1670312428561354,0.0425226186469728,16327.861463037874
792,93.90325737147296,93.90325737147296,0.008172856222542914,0.0,5.35971476099007,251,0.16689661669166586,0.08793358026685813,16349.327876000778
793,94.03266579177358,94.03266579177358,0.0013771549214753602,0.0,5.35971476099007,251,0.16692919644831378,0.1006601565534261,16350.327706697755
794,94.58003278966855,94.58003278966855,0.005804153576737465,0.0,5.35971476099007,251,0.1667623903859284,0.1176972924502208,16371.320290288848
795,94.75066133892761,94.75066133892761,0.0018024398657500015,0.0,5.35971476099007,251,0.16670993313273014,0.12346680819696308,16372.922525507533
796,94.50176202930214,94.50176202930214,-0.002630343629960246,0.0,5.35971476099007,251,0.1666876277999869,0.12066814222170671,16366.058491779066
797,93.82073452036576,93.82073452036576,-0.007232598230702317,0.0,5.35971476099007,251,0.16743963413522733,0.13175010386175895,16338.875231170141
798,94.29586267397495,94.29586267397495,0.005051432686050939,0.0,5.35971476099007,251,0.167427744800669,0.11549640721837834,16344.910748605671
799,94.79635477689463,94.79635477689463,0.005293642207233348,0.0,5.35971476099007,251,0.16710986110295853,0.12934187359697197,16358.270195309608
800,95.4856232487622,95.4856232487622,0.007244737455168648,0.0,5.159216129770025,209,0.2149345184691841,0.14184742369401393,15481.140647666232
801,95.72389446922263,95.72389446922263,0.0024922540115771634,0.0,5.159216129770025,209,0.21484680134998987,0.14789947636259643,15487.231437730421
802,96.03267526347811,96.03267526347811,0.0032205526160000632,0.0,5.159216129770025,209,0.21478982620451084,0.15519448535797087,15493.14081231337
803,96.0747665477384,96.0747665477384,0.0004382056680053242,0.0,5.159216129770025,209,0.2147795703579152,0.14205941451319545,15493.903128234322
804,96.01701166637436,96.01701166637436,-0.0006013259249438906,0.0,5.159216129770025,209,0.21483444175361632,0.16314942471517968,15491.354683298689
805,96.62209330236149,96.62209330236149,0.006282043575726109,0.0,5.159216129770025,209,0.21466507770203067,0.14286227327655515,15506.638914167464
806,96.5026288376239,96.5026288376239,-0.0012371743881520558,0.0,5.159216129770025,209,0.21473791662709107,0.17347665350965008,15501.58900803001
807,96.18203792985496,96.18203792985496,-0.003327625482347883,0.0,5.159216129770025,209,0.21479038951687637,0.20040716999661382,15496.453830705184
808,96.03254223804612,96.03254223804612,-0.0015555086593499225,0.0,5.159216129770025,209,0.21485706101969682,0.18344858882375506,15492.942992536922
809,95.12558007054007,95.12558007054007,-0.009489201527570672,0.0,5.159216129770025,209,0.21524078645358202,0.16618653908470532,15467.007463156271
810,95.62572327049443,95.62572327049443,0.005243941585828021,0.0,5.159216129770025,209,0.2150722109865639,0.14259443394592464,15478.974515285563
811,95.41272797315514,95.41272797315514,-0.002229869266729993,0.0,5.159216129770025,209,0.21513180855497938,0.1412284945755688,15475.408683820737
812,94.96382882659309,94.96382882659309,-0.004715916560974353,0.0,5.159216129770025,209,0.2153074496949422,0.1567730793279103,15466.682518797708
813,95.20377730959123,95.20377730959123,0.002523548728534957,0.0,5.159216129770025,209,0.2151910116804458,0.15004778613354028,15473.749470555586
814,95.03656774185711,95.03656774185711,-0.0017578774969864374,0.0,5.159216129770025,209,0.2153241875063328,0.14774141819997919,15466.606023334522
815,95.0031306371695,95.0031306371695,-0.0003518960019181612,0.0,5.159216129770025,209,0.2153332426236119,0.17164373711191439,15466.069471935676
816,94.29047075906843,94.29047075906843,-0.0075297129956421885,0.0,5.159216129770025,209,0.2155572485144001,0.1774649679878288,15454.118620395127
817,93.79979389211856,93.79979389211856,-0.0052174734397975155,0.0,5.159216129770025,209,0.21587195070013188,0.19122758807364418,15439.342683293053
818,93.51876646605157,93.51876646605157,-0.003000531675824227,0.0,5.159216129770025,209,0.21612917465629444,0.19737517514357047,15428.344840657275
819,94.33757272544125,94.33757272544125,0.008717421495940505,0.0,5.159216129770025,209,0.21591798860579428,0.1733155737677186,15443.237948484228
820,94.63680476701242,94.63680476701242,0.0031669086109198876,0.0,5.159216129770025,209,0.21580591879526886,0.19089172359197293,15448.536634238035
821,94.72619530195497,94.72619530195497,0.0009441183499408746,0.0,5.159216129770025,209,0.21582008418125748,0.1880692819514065,15448.096755700733
822,95.2743632777601,95.2743632777601,0.0057701882651607925,0.0,5.159216129770025,209,0.21561953906032985,0.18920928016060223,15457.857229356234
823,95.1992940540657,95.1992940540657,-0.0007882373723779016,0.0,5.159216129770025,209,0.21563577609442303,0.1839022828176951,15455.15063913829
824,95.45552693513264,95.45552693513264,0.0026879261065613264,0.0,5.159216129770025,209,0.21556660692549987,0.20620450739711288,15459.141569969652
825,96.24982894434463,96.24982894434463,0.008286743486782829,0.0,5.159216129770025,209,0.2156560076206653,0.1820270962916299,15469.18180225029
826,96.70016454764897,96.70016454764897,0.004667908123389918,0.0,5.159216129770025,209,0.21553288991486608,0.14079655205958994,15479.80462153901
827,96.96957885608066,96.96957885608066,0.0027822051858375717,0.0,5.159216129770025,209,0.21555366632628747,0.1508286076096112,15484.022129496921
828,97.56601661251081,97.56601661251081,0.006131933067165107,0.0,5.159216129770025,209,0.21528648547267826,0.1617157654509047,15508.611022191415
829,96.94543045536699,96.94543045536699,-0.006380994766146031,0.0,5.159216129770025,209,0.2156732222121745,0.16568739694044107,15480.110614660487
830,97.29679260705365,97.29679260705365,0.0036177771174062657,0.0,5.159216129770025,209,0.2157559170568201,0.15351281848537857,15485.03023495042
831,97.64830792764086,97.64830792764086,0.003606304550259394,0.0,5.159216129770025,209,0.21587060734626692,0.15756610235127597,15488.996414740195
832,98.17309813099598,98.17309813099598,0.005359898800518751,0.0,5.159216129770025,209,0.2156446829137797,0.16024840353598946,15510.705018123654
833,98.00944282074721,98.00944282074721,-0.0016683987006873844,0.0,5.159216129770025,209,0.21580673497691916,0.13681562285049523,15500.31538965223
834,98.32247364131894,98.32247364131894,0.003188794684682282,0.0,5.159216129770025,209,0.21589977134935054,0.1845605144428978,15504.431716124745
835,98.33476878348299,98.33476878348299,0.0001250413361691633,0.0,5.159216129770025,209,0.21592699094120138,0.25075572557332027,15503.71376199239
836,98.1488641576864,98.1488641576864,-0.001892317222444439,0.0,5.159216129770025,209,0.21600753806520132,0.2349379893162039,15495.908448069727
837,97.58737815155958,97.58737815155958,-0.005737185302270368,0.0,5.159216129770025,209,0.21635912560734752,0.24286325352471969,15468.981380396817
838,97.29495010248037,97.29495010248037,-0.003001075276320157,0.0,5.159216129770025,209,0.21628161123827286,0.25616807105647416,15464.654757999715
839,97.53082494076797,97.53082494076797,0.0024213937142827887,0.0,5.159216129770025,209,0.21636702947790434,0.23306035457191343,15467.245697143617
840,97.97099936454111,97.97099936454111,0.004503028748008437,0.0,5.159216129770025,209,0.21616266995223105,0.22765002344091753,15486.062678225053
841,98.06362433801593,98.06362433801593,0.0009449859276713938,0.0,5.159216129770025,209,0.21621646294154984,0.22647552014601832,15486.466930184217
842,98.03505200798024,98.03505200798024,-0.00029140768076849223,0.0,5.159216129770025,209,0.216207760010765,0.2244563992307342,15486.032837767068
843,97.57314700405514,97.57314700405514,-0.004722765863650805,0.0,5.159216129770025,209,0.21610056066265607,0.2191937748248966,15478.286335392826
844,97.85575459182415,97.85575459182415,0.002892180045584777,0.0,5.159216129770025,209,0.21599761777571308,0.2087038282595001,15489.185906977049
845,97.38961958302282,97.38961958302282,-0.004774872607400127,0.0,5.159216129770025,209,0.2163633106042088,0.1984942669596466,15466.756192126442
846,97.3738407091379,97.3738407091379,-0.0001620311520013211,0.0,5.159216129770025,209,0.21647284980425072,0.22145557229528323,15462.981593093327
847,97.53292858756687,97.53292858756687,0.0016324513954279227,0.0,5.159216129770025,209,0.21646893783393142,0.2239449141835826,15466.703269707616
848,97.90808766909286,97.90808766909286,0.0038391075680289937,0.0,5.159216129770025,209,0.21651856755716897,0.23132052236700887,15473.809038018426
849,97.51155501087607,97.51155501087607,-0.004058273743683235,0.0,5.159216129770025,209,0.21664121849443818,0.19914467508985378,15459.72655100192
850,97.5056587566285,97.5056587566285,-6.0469064606675404e-05,0.0,5.159216129770025,209,0.21670395871780773,0.1694760973882192,15458.03995971465
851,97.44096166852206,97.44096166852206,-0.0006637415959358658,0.0,5.159216129770025,209,0.2167115394008064,0.11546038664653073,15456.21804976398
852,96.45451103636452,96.45451103636452,-0.010175164270836546,0.0,5.159216129770025,209,0.2170947686484403,0.11677327966647907,15422.758473173544
853,96.34266710095494,96.34266710095494,-0.001160223910291867,0.0,5.159216129770025,209,0.217248811241601,0.126895146069327,15415.755258144358
854,95.70033095333939,95.70033095333939,-0.006689528381549918,0.0,5.159216129770025,209,0.21766075319433573,0.1266696029704559,15389.450911993928
855,94.75586742701762,94.75586742701762,-0.009917989294190282,0.0,5.159216129770025,209,0.21814033250500928,0.17571851196027335,15362.863477806613
856,94.7594361117294,94.7594361117294,3.7661177177409094e-05,0.0,5.159216129770025,209,0.21814559474481268,0.16093094212485926,15362.768138819702
857,94.69783373370117,94.69783373370117,-0.0006503036832466968,0.0,5.159216129770025,209,0.2182138290476202,0.19806989060207136,15359.861169412845
858,93.98690535990717,93.98690535990717,-0.007535657005913693,0.0,5.159216129770025,209,0.2189601428752992,0.17579487830877885,15323.97736886953
859,93.31637610621661,93.31637610621661,-0.007159854466119572,0.0,5.159216129770025,209,0.21947737893560024,0.18220435187747272,15302.874494179694
860,93.09112720744156,93.09112720744156,-0.0024167375712211185,0.0,5.159216129770025,209,0.21953613673465175,0.18404122775192502,15298.115350929545
861,92.59018679222987,92.59018679222987,-0.005395713976535295,0.0,5.159216129770025,209,0.21998307617059693,0.1804413667214078,15282.026999948419
862,92.5670499232497,92.5670499232497,-0.000249915904028691,0.0,5.159216129770025,209,0.22000376938366645,0.17802269380363062,15280.322813818277
863,92.80568152670946,92.80568152670946,0.0025746152997822174,0.0,5.159216129770025,209,0.2199155623650621,0.17767837975116244,15283.781456420129
864,92.30617833339791,92.30617833339791,-0.005396784474383183,0.0,5.159216129770025,209,0.21996874178380246,0.1617910165200115,15275.636355186887
865,91.77074446082328,91.77074446082328,-0.005817517747758098,0.0,5.159216129770025,209,0.22041171075948685,0.18740310741364857,15260.384163209437
866,91.70863583718764,91.70863583718764,-0.0006770093283180546,0.0,5.159216129770025,209,0.22042504408691635,0.18588461448630783,15259.433855422607
867,91.93691756520256,91.93691756520256,0.002486113509040716,0.0,5.159216129770025,209,0.2204063474161015,0.18398089631653525,15261.640148087745
868,91.23455968157323,91.23455968157323,-0.007668894048738286,0.0,5.159216129770025,209,0.2212592814836154,0.15466323470795604,15219.702814761145
869,90.94074712696428,90.94074712696428,-0.0032256052096690333,0.0,5.159216129770025,209,0.22182704472050754,0.22112684001056473,15195.039784581179
870,90.6482636707714,90.6482636707714,-0.003221381160018831,0.0,5.159216129770025,209,0.22187105503573987,0.23935998384775392,15190.446781172872
871,90.28033993316119,90.28033993316119,-0.004067065543360682,0.0,5.159216129770025,209,0.22196246897155392,0.2397577258263993,15183.108653308436
872,90.76293278903415,90.76293278903415,0.005331255800327083,0.0,5.159216129770025,209,0.22137061126190757,0.22953405228358545,15211.914669915332
873,91.1684942020086,91.1684942020086,0.004458406021141792,0.0,5.159216129770025,209,0.22088601229051685,0.25542688539758923,15234.05186630517
874,90.59924835091049,90.59924835091049,-0.006263462417555622,0.0,5.159216129770025,209,0.22101322495369813,0.22656557350144854,15222.08945748184
875,90.38248690364034,90.38248690364034,-0.0023953969787286807,0.0,5.159216129770025,209,0.22109464963696446,0.2357721196180124,15216.492718548045
876,91.22072801524253,91.22072801524253,0.009231632436565582,0.0,5.159216129770025,209,0.22016298529024864,0.18899330959525878,15262.803553168756
877,90.47331870159701,90.47331870159701,-0.008227165863985359,0.0,5.159216129770025,209,0.22111560844470426,0.11895759589687611,15215.980865675534
878,89.6360578169679,89.6360578169679,-0.009297316240607605,0.0,5.159216129770025,209,0.22135021635024438,0.1759088350837938,15195.916557968188
879,89.39647814218746,89.39647814218746,-0.0026763829993973923,0.0,5.159216129770025,209,0.22145760513744736,0.17070741128711278,15188.418117125577
880,89.91446925655158,89.91446925655158,0.00577758985471837,0.0,5.159216129770025,209,0.22093401564049017,0.15289604355439118,15217.29539258412
881,90.1098937950412,90.1098937950412,0.0021710907561654754,0.0,5.159216129770025,209,0.22083727710176998,0.1584087020288442,15224.302285019603
882,89.36415019279721,89.36415019279721,-0.00831037043088261,0.0,5.159216129770025,209,0.22099174684955478,0.1393703098976821,15207.251755846586
883,88.94315341518373,88.94315341518373,-0.004722157212897157,0.0,5.159216129770025,209,0.2211209931371231,0.15643108138225695,15196.685737480853
884,89.08711252616143,89.08711252616143,0.001617243468050968,0.0,5.159216129770025,209,0.22098808718068808,0.12337066738937802,15204.307057215887
885,89.57966440086375,89.57966440086375,0.005513650953866815,0.0,5.159216129770025,209,0.22036712744958864,0.09932500008154622,15233.712394249971
886,89.75417887629717,89.75417887629717,0.0019462531704144109,0.0,5.159216129770025,209,0.22023794628445414,0.09913486147219351,15241.606973350967
887,89.62133697992034,89.62133697992034,-0.001481160012600735,0.0,5.159216129770025,209,0.22034775208063326,0.07590232634830939,15235.21236899806
888,90.08859886612831,90.08859886612831,0.005200190373242947,0.0,5.159216129770025,209,0.2199431943358752,0.10568442439892672,15259.490369569032
889,90.21793325182422,90.21793325182422,0.0014346059053830739,0.0,5.159216129770025,209,0.21991804804831444,0.14188250558485008,15262.78372249343
890,90.3403327194227,90.3403327194227,0.0013557893424516133,0.0,5.159216129770025,209,0.21988410673554756,0.13013904787981895,15266.185006154521
891,89.89082708490469,89.89082708490469,-0.004988111567697268,0.0,5.159216129770025,209,0.22012259785935753,0.09563842451138836,15250.933509475275
892,89.47778731681574,89.47778731681574,-0.004605493547840758,0.0,5.159216129770025,209,0.22049849208168543,0.10920301501943706,15230.588816219148
893,89.87482064530286,89.87482064530286,0.0044274123644085644,0.0,5.159216129770025,209,0.22010977116154445,0.09185501388584162,15250.363001477299
894,89.40441048060141,89.40441048060141,-0.005247805240092135,0.0,5.159216129770025,209,0.2206758914286538,0.06719280508035427,15223.461501752943
895,89.56094632411963,89.56094632411963,0.001749342847490496,0.0,5.159216129770025,209,0.2205669524629927,0.05714709557025809,15229.352856647027
896,89.58444121949991,89.58444121949991,0.0002622997537043611,0.0,5.159216129770025,209,0.22057756516009083,0.06066128330639051,15229.614140765487
897,89.22714823850959,89.22714823850959,-0.003996312068874036,0.0,5.159216129770025,209,0.22089902202987768,0.05227766050366099,15214.122925167261
898,89.34682688662544,89.34682688662544,0.0013403819447946829,0.0,5.159216129770025,209,0.2208684576365319,0.05120053638447342,15216.852156857227
899,89.46010612940574,89.46010612940574,0.0012670566630136031,0.0,5.159216129770025,209,0.22084406898355582,0.03862197481314486,15220.262702468806
900,88.53721948520916,88.53721948520916,-0.010369761579044323,0.0,5.159216129770025,209,0.22174020961856025,0.004833441839617225,15178.016097406326
901,89.13220202421236,89.13220202421236,0.006697660836889032,0.0,5.159216129770025,209,0.22149274481597084,-0.0536212086516937,15197.921702430705
902,89.97691348768852,89.97691348768852,0.009432437025277402,0.0,5.159216129770025,209,0.22099743637355312,0.0175699603859241,15231.205852971254
903,90.263528063286,90.263528063286,0.003180360797122115,0.0,5.159216129770025,209,0.2209088496033813,0.06235908882911781,15239.939269130478
904,90.66195643197315,90.66195643197315,0.004404343742574663,0.0,5.159216129770025,209,0.2207518915250217,0.08939464298755895,15252.164404527608
905,90.89243953161625,90.89243953161625,0.002538999094321662,0.0,5.159216129770025,209,0.22066764642757625,0.10669253701771655,15255.788943890093
906,90.3106563152367,90.3106563152367,-0.006421360658957025,0.0,5.159216129770025,209,0.2207493090745698,0.08950168278671912,15247.693173082658
907,89.55044358937502,89.55044358937502,-0.008453381562824774,0.0,5.159216129770025,209,0.22136670315288934,0.10093755810451743,15224.251771724072
908,89.30713737757283,89.30713737757283,-0.0027206715037435573,0.0,5.159216129770025,209,0.22142343114438331,0.11795089907213747,15220.804424068052
909,89.3244345379597,89.3244345379597,0.0001936629707218042,0.0,5.159216129770025,209,0.22148160661885727,0.11931058593674138,15219.802397753147
910,89.0179958821231,89.0179958821231,-0.0034365232849364867,0.0,5.159216129770025,209,0.22153173240685434,0.11614177526942446,15215.274314427803
911,89.01812258501491,89.01812258501491,1.4233391840899064e-06,0.0,5.159216129770025,209,0.221565465625162,0.11896404217772968,15214.135792525272
912,88.65178288064743,88.65178288064743,-0.0041238297793961196,0.0,5.159216129770025,209,0.22190079401169713,0.12346500912253724,15197.239199769318
913,88.31458514897398,88.31458514897398,-0.003810872580076197,0.0,5.159216129770025,209,0.22231279877935653,0.1286193525774269,15178.012035126281
914,88.05412884180433,88.05412884180433,-0.0029535453382349766,0.0,5.159216129770025,209,0.22236496073016115,0.10124756332136149,15174.083025777527
915,87.99842271710087,87.99842271710087,-0.0006328352082296144,0.0,5.159216129770025,209,0.22240110440093988,0.11426723031106059,15172.300032728393
916,87.93209748093122,87.93209748093122,-0.0007539935565152108,0.0,5.159216129770025,209,0.22246714285705668,0.11402768087628841,15169.209777521162
917,87.5302722772014,87.5302722772014,-0.004580194679315336,0.0,5.159216129770025,209,0.22297332608687126,0.1149825228631203,15146.7949921064
918,86.20934930814583,86.20934930814583,-0.015206069972876742,0.0,5.159216129770025,209,0.22332137853311115,0.11023073845768008,15126.83228726831
919,86.50162573055891,86.50162573055891,0.0033845758945932314,0.0,5.159216129770025,209,0.2232615619599895,0.06162630533057505,15130.294721673856
920,86.48129605364387,86.48129605364387,-0.00023504837123741073,0.0,5.159216129770025,209,0.22328389725959566,0.061522994155803326,15129.325317026398
921,86.54712908403835,86.54712908403835,0.0007609505030029644,0.0,5.159216129770025,209,0.22330838834939015,0.06600730902684256,15128.695096849753
922,86.13622638242667,86.13622638242667,-0.004759039758377645,0.0,5.159216129770025,209,0.2234283018666027,0.05840480636360889,15122.46891047112
923,85.83700306481809,85.83700306481809,-0.0034798860325723434,0.0,5.159216129770025,209,0.22354629109204027,0.0751222683587436,15116.984255865951
924,85.82169311806088,85.82169311806088,-0.00017837659423325353,0.0,5.159216129770025,209,0.22356367428823457,0.06100890299954792,15116.25146294252
925,86.09880814724539,86.09880814724539,0.0032237606002910235,0.0,5.159216129770025,209,0.2233374221983929,0.0655659707372639,15126.442032737534
926,86.18190176654466,86.18190176654466,0.0009646306401238827,0.0,5.159216129770025,209,0.22330893424586926,0.07050004829402734,15128.137710163805
927,86.59704625296588,86.59704625296588,0.00480550773213075,0.0,5.159216129770025,209,0.22319266531531717,0.09313962793740034,15135.979239141945
928,86.3975818299401,86.3975818299401,-0.0023060197143420793,0.0,5.159216129770025,209,0.2234133700996946,0.07970909710559891,15126.84168291382
929,86.31696287109197,86.31696287109197,-0.0009335515412757682,0.0,5.159216129770025,209,0.22356477387117857,0.07615567161916327,15121.832091963091
930,85.46670506364858,85.46670506364858,-0.009899250156700243,0.0,5.159216129770025,209,0.2246502742931628,0.06811982046388335,15080.94571937974
931,85.51746896290318,85.51746896290318,0.000593784787804458,0.0,5.159216129770025,209,0.22460275924547013,0.07225828143300135,15083.013565640826
932,84.92965504201248,84.92965504201248,-0.006897344319271313,0.0,5.159216129770025,209,0.22521057602788053,0.04243084837006845,15057.777954291798
933,85.7690871264069,85.7690871264069,0.009835325562402358,0.0,5.159216129770025,209,0.22455529411611558,0.018099245892839143,15086.226282251992
934,85.86013415054316,85.86013415054316,0.001060973556828645,0.0,5.159216129770025,209,0.22451806840963703,0.027719088534663882,15088.643637837618
935,86.1717407798927,86.1717407798927,0.003622665511976762,0.0,5.159216129770025,209,0.22426698963645833,0.043251476267088286,15100.166479662814
936,85.80818865927087,85.80818865927087,-0.004227849881550397,0.0,5.159216129770025,209,0.22458861035218014,0.08563871316248993,15086.067709102263
937,86.13488179720592,86.13488179720592,0.0038000197413303465,0.0,5.159216129770025,209,0.22432903358924877,0.03342070733646717,15097.797206327732
938,86.80348884429796,86.80348884429796,0.007732354316793246,0.0,5.159216129770025,209,0.22385166814268628,0.04786207804453548,15121.217803184176
939,86.99619437139181,86.99619437139181,0.002217559922994391,0.0,5.159216129770025,209,0.22371676775825863,0.07307827690493661,15128.115667959677
940,87.73016794460874,87.73016794460874,0.008401455633179263,0.0,5.159216129770025,209,0.22325509678931016,0.07630723767620036,15153.798293422
941,88.15782344871111,88.15782344871111,0.004862825977462556,0.0,5.159216129770025,209,0.22297879612083385,0.1194327770910066,15169.24999851403
942,88.49764272039613,88.49764272039613,0.0038472592805003734,0.0,5.159216129770025,209,0.22276010744712033,0.11298067267385878,15181.902351019826
943,88.55167314594891,88.55167314594891,0.0006103432477632083,0.0,5.159216129770025,209,0.22272839176848233,0.12221948669966519,15183.872871377856
944,88.50734488389234,88.50734488389234,-0.000500717370693308,0.0,5.159216129770025,209,0.22278390788908747,0.11549247172501002,15181.457207531468
945,88.00887197203231,88.00887197203231,-0.005647914348053065,0.0,5.159216129770025,209,0.2233183544757671,0.10816609711673915,15155.26523657186
946,87.62607129140783,87.62607129140783,-0.004359056115557845,0.0,5.159216129770025,209,0.22378957138135988,0.12417872679721939,15139.243479412327
947,87.19984695254595,87.19984695254595,-0.004875995362832805,0.0,5.159216129770025,209,0.22390254365863432,0.13867243606825125,15130.616626865889
948,86.82485354276643,86.82485354276643,-0.00430966396281028,0.0,5.159216129770025,209,0.2242538759880122,0.14400329982209592,15118.630794794677
949,87.19871257664697,87.19871257664697,0.004296654957436994,0.0,5.159216129770025,209,0.2242412166825544,0.1270286985413039,15122.833208313348
950,87.05267622898063,87.05267622898063,-0.001676157451118472,0.0,5.159216129770025,209,0.2243959993179268,0.12946861909828186,15117.984481806334
951,86.85422077585206,86.85422077585206,-0.002282319363894535,0.0,5.159216129770025,209,0.2244542433391412,0.11983679988344516,15114.495747226412
952,87.1963114527777,87.1963114527777,0.003930940205149542,0.0,5.159216129770025,209,0.2242517766894971,0.12829725729724414,15122.639234218896
953,87.65524458572787,87.65524458572787,0.005249414957745514,0.0,5.159216129770025,209,0.22405605353996882,0.16061957830245743,15132.147815066925
954,87.3167890619871,87.3167890619871,-0.003868686198769675,0.0,5.159216129770025,209,0.22425365271610503,0.15555503630864262,15123.15417021117
955,86.80812543935227,86.80812543935227,-0.00584253058827022,0.0,5.159216129770025,209,0.22461555208292208,0.1646803648598743,15108.516708778769
956,86.67240830880068,86.67240830880068,-0.001564638467575379,0.0,5.159216129770025,209,0.22464188135093136,0.17032282306308055,15106.25864853248
957,87.60626313613058,87.60626313613058,0.01071690250441659,0.0,5.159216129770025,209,0.22448391955425742,0.15492647349599104,15121.65954431592
958,88.25930635224591,88.25930635224591,0.007426652295514452,0.0,5.159216129770025,209,0.22425383452558525,0.20025411918962102,15135.918350440174
959,88.24906360531905,88.24906360531905,-0.00011605961735207472,0.0,5.159216129770025,209,0.224273213368429,0.21020257984753915,15135.345959427903
960,88.46148273070446,88.46148273070446,0.002404148842316168,0.0,5.159216129770025,209,0.22423883047042703,0.26913512089899827,15139.338274233676
961,88.24948781787813,88.24948781787813,-0.0023993418616846747,0.0,5.159216129770025,209,0.2242748909281092,0.2285604045005497,15135.319838403866
962,88.26636971984578,88.26636971984578,0.00019127915479793956,0.0,5.159216129770025,209,0.22427089373683362,0.218874801644612,15135.658865842797
963,88.35501019821176,88.35501019821176,0.00100373449521323,0.0,5.159216129770025,209,0.22425241397428705,0.2089264254273336,15137.398201994747
964,88.5114753035032,88.5114753035032,0.0017693023713851814,0.0,5.159216129770025,209,0.22422087905506616,0.20352692829318994,15140.475452970055
965,88.97486500564969,88.97486500564969,0.005221706123928073,0.0,5.159216129770025,209,0.22413367280029659,0.22150741946525782,15149.78083112608
966,88.81416643775975,88.81416643775975,-0.0018077449474590299,0.0,5.159216129770025,209,0.22416150693493875,0.184364411594062,15146.553826001838
967,87.96999665588918,87.96999665588918,-0.009550359980645231,0.0,5.159216129770025,209,0.22435226458650837,0.17775926753621593,15129.601962350554
968,87.58439859053416,87.58439859053416,-0.004392925450973671,0.0,5.159216129770025,209,0.22446571234532464,0.2045127843929391,15121.858726370689
969,86.9326391075791,86.9326391075791,-0.007469328172588355,0.0,5.159216129770025,209,0.224690377158595,0.21895531516749037,15108.7706745051
970,86.9119336361332,86.9119336361332,-0.00023820670633581002,0.0,5.159216129770025,209,0.22469990551171873,0.22013622250723083,15108.314917882257
971,87.58463309842489,87.58463309842489,0.007710212382915203,0.0,5.159216129770025,209,0.22447968680834982,0.21220383847440294,15121.585504972554
972,87.56891549665009,87.56891549665009,-0.00017947226240129182,0.0,5.159216129770025,209,0.22453469516489366,0.2053175679434835,15118.899932996519
973,88.25800987131323,88.25800987131323,0.007838366067991175,0.0,5.159216129770025,209,0.22412699546423007,0.19151557040151834,15158.596202989133
974,88.00173574154184,88.00173574154184,-0.0029079164895839064,0.0,5.159216129770025,209,0.224420730938404,0.17549278735502682,15148.880794604502
975,87.98625958585197,87.98625958585197,-0.00017587740233048694,0.0,5.159216129770025,209,0.22444694707404403,0.17553909211558186,15147.375747140393
976,87.32344829944722,87.32344829944722,-0.007561639941157439,0.0,5.159216129770025,209,0.22501714895351535,0.16839301325739633,15127.681722527463
977,87.78241958536985,87.78241958536985,0.005242226803094081,0.0,5.159216129770025,209,0.22496816643172549,0.09827947508379296,15133.143222267045
978,88.3404055120345,88.3404055120345,0.006336348434686991,0.0,5.159216129770025,209,0.22463799539425303,0.16931189370923344,15145.854310660481
979,88.48754744390278,88.48754744390278,0.0016642387515102622,0.0,5.159216129770025,209,0.22461846569724123,0.17692281872089385,15147.930021877815
980,88.11566395609721,88.11566395609721,-0.0042115206686133,0.0,5.159216129770025,209,0.22468475925833736,0.17032616564635733,15142.328679705875
981,87.95076499062239,87.95076499062239,-0.0018731454335277422,0.0,5.159216129770025,209,0.2247899708947959,0.1785563826451882,15138.123065031969
982,87.98639823269059,87.98639823269059,0.0004050678310664492,0.0,5.159216129770025,209,0.22482359560652937,0.16749560564767663,15137.647498101986
983,87.50286025948729,87.50286025948729,-0.005510755484955578,0.0,5.159216129770025,209,0.22493210366239325,0.16359076450067994,15130.204835437007
984,87.62980271373992,87.62980271373992,0.0014496722008201955,0.0,5.159216129770025,209,0.2249181903637603,0.15986519663549711,15131.67587485925
985,87.8283650690727,87.8283650690727,0.0022633593249959073,0.0,5.159216129770025,209,0.22478917688357344,0.1605927295755367,15136.659129008316
986,88.4041432363703,88.4041432363703,0.006534324700004437,0.0,5.159216129770025,209,0.22449188855182325,0.16308598645768368,15149.769412615442
987,88.05555122460916,88.05555122460916,-0.003950958504015117,0.0,5.159216129770025,209,0.2245536920720721,0.1527706367540477,15144.398077873362
988,87.7910971009568,87.7910971009568,-0.0030077834925102613,0.0,5.159216129770025,209,0.22462657331961544,0.1598395289074035,15139.888436362642
989,87.92851411411422,87.92851411411422,0.0015640490007942343,0.0,5.159216129770025,209,0.2245376827184407,0.14807573205955343,15143.394100021496
990,88.07076326738147,88.07076326738147,0.0016164746396491823,0.0,5.159216129770025,209,0.2245040068169315,0.16163842662381042,15145.6009054214
991,88.16699571074096,88.16699571074096,0.0010920753132768793,0.0,5.159216129770025,209,0.2244881647826213,0.16256452427240012,15147.0524360919
992,87.91883427910325,87.91883427910325,-0.002818643566610763,0.0,5.159216129770025,209,0.22455057788986585,0.2201571212158617,15142.766210809881
993,87.35925985802683,87.35925985802683,-0.006385011485981903,0.0,5.159216129770025,209,0.22495472594934168,0.2406381724781632,15126.372786217627
994,87.16609466035521,87.16609466035521,-0.002213607038144813,0.0,5.159216129770025,209,0.22513907782285844,0.2508156151348912,15119.868737617418
995,86.97399220927171,86.97399220927171,-0.0022062987616738405,0.0,5.159216129770025,209,0.2252280231431579,0.2690003340540462,15115.67343192306
996,86.40558913839122,86.40558913839122,-0.006556771020253963,0.0,5.159216129770025,209,0.22550691467730577,0.2885312876573912,15103.11456129755
997,86.80089850624377,86.80089850624377,0.004564610247639445,0.0,5.159216129770025,209,0.22522002456583742,0.24220721519050062,15113.967712183043
998,87.43173458082516,87.43173458082516,0.0072413395814275965,0.0,5.159216129770025,209,0.2248277102812919,0.255808100652963,15129.896592841435
999,87.23963116397229,87.23963116397229,-0.002199599155674091,0.0,5.159216129770025,209,0.22495773684794038,0.2285066160385066,15124.927667466898
1000,87.0496857199768,87.0496857199768,-0.0021796576243748684,0.0,4.912362829208827,169,0.28026183662723475,0.2100203249094159,14255.74744236391
1001,87.07212604428517,87.07212604428517,0.0002577543181435903,0.0,4.912362829208827,169,0.2802656308219536,0.19644770135978815,14255.084755447126
1002,86.99038048579965,86.99038048579965,-0.0009392667740448101,0.0,4.912362829208827,169,0.28028487371103283,0.1957207131665522,14254.091934294342
1003,87.21309736578307,87.21309736578307,0.002556975372432252,0.0,4.912362829208827,169,0.28027439659393194,0.19311941927050535,14255.538154069072
1004,86.856409900927,86.856409900927,-0.004098224550454427,0.0,4.912362829208827,169,0.2803321619774122,0.1808393928808875,14252.126250326779
1005,86.94866285260217,86.94866285260217,0.0010615680989877524,0.0,4.912362829208827,169,0.2803172684705023,0.16112585895197215,14253.044864693857
1006,86.9334160078571,86.9334160078571,-0.0001753699390306348,0.0,4.912362829208827,169,0.28031958159382975,0.14610761423846275,14252.892616611065
1007,86.69930170574456,86.69930170574456,-0.0026966627841621196,0.0,4.912362829208827,169,0.2803708461656558,0.13042707536944448,14250.27697115669
1008,86.85734258088395,86.85734258088395,0.001821202748776437,0.0,4.912362829208827,169,0.2802741871498903,0.14430009518829331,14253.543589341263
1009,86.4639794195641,86.4639794195641,-0.004539128044647364,0.0,4.912362829208827,169,0.28055513463502646,0.14288738075272323,14244.635502328534
1010,86.74226654830346,86.74226654830346,0.003213364121410185,0.0,4.912362829208827,169,0.28047595304837325,0.1254703006218054,14248.375137638466
1011,86.80198340214652,86.80198340214652,0.0006882032244462169,0.0,4.912362829208827,169,0.2804677426108422,0.13617229126867422,14249.017739229183
1012,87.07673187418366,87.07673187418366,0.003160233847618105,0.0,4.912362829208827,169,0.2803973333437515,0.12010425477320069,14252.708788980835
1013,85.97010693253274,85.97010693253274,-0.012790063486984948,0.0,4.912362829208827,169,0.2809212015030593,0.09076012011227008,14233.658222578093
1014,86.53052433382288,86.53052433382288,0.0064975921403799845,0.0,4.912362829208827,169,0.2806960740375061,0.005177577761582758,14242.322303020152
1015,86.58128334020422,86.58128334020422,0.0005864303367635128,0.0,4.912362829208827,169,0.2806860810112237,0.0021587430817438477,14242.912153600806
1016,86.15555129207823,86.15555129207823,-0.004929266083362671,0.0,4.912362829208827,169,0.2808605613217707,0.012224679414171116,14236.24061099182
1017,86.06238433646519,86.06238433646519,-0.0010819658749460187,0.0,4.912362829208827,169,0.280901413262586,-0.05662456510791778,14234.730415404289
1018,86.35721202826936,86.35721202826936,0.0034198894484175893,0.0,4.912362829208827,169,0.28081191606347006,-0.06340538517195302,14238.722644945374
1019,86.70859932292437,86.70859932292437,0.004060741688553297,0.0,4.912362829208827,169,0.2806586401102121,-0.04778257761413788,14244.466099073
1020,86.57884183903737,86.57884183903737,-0.0014975985249550104,0.0,4.912362829208827,169,0.28071419438534384,-0.04768855635205182,14242.34520236513
1021,86.75051106862634,86.75051106862634,0.001980844938740879,0.0,4.912362829208827,169,0.28064091499819094,-0.04913420861442037,14245.151149991201
1022,86.76089029149384,86.76089029149384,0.00011963735868095894,0.0,4.912362829208827,169,0.28063655357135114,-0.04886629091167402,14245.320799239556
1023,87.97773696538178,87.97773696538178,0.013927845992039738,0.0,4.912362829208827,169,0.28019381434879065,-0.03860438531357266,14265.210257845883
1024,87.53897475095602,87.53897475095602,-0.004999673525140701,0.0,4.912362829208827,169,0.28034001884199783,-0.09778219891626815,14258.038653494155
1025,86.72845717042155,86.72845717042155,-0.009302064258235,0.0,4.912362829208827,169,0.28065021580957966,-0.056786165310016144,14244.790677217708
1026,86.24231487709577,86.24231487709577,-0.005621106590635042,0.0,4.912362829208827,169,0.28086311994131474,-0.03148903252826628,14236.844641593521
1027,86.53225513857485,86.53225513857485,0.0033562871390856804,0.0,4.912362829208827,169,0.280734464978424,-0.07649481688254882,14241.58373892825
1028,86.93481300814132,86.93481300814132,0.004641325832301741,0.0,4.912362829208827,169,0.28058317255736165,-0.08622466874909948,14247.777219962823
1029,87.21736839567998,87.21736839567998,0.0032449278922939695,0.0,4.912362829208827,169,0.28050834380317485,-0.0785076508846603,14251.102223831962
1030,87.59070127566092,87.59070127566092,0.004271352555830893,0.0,4.912362829208827,169,0.2804996858005486,-0.06511999613181717,14252.167129946138
1031,87.39676231650364,87.39676231650364,-0.0022166049451013475,0.0,4.912362829208827,169,0.2805463254755379,-0.07470859269116632,14249.042800128462
1032,87.11792523430744,87.11792523430744,-0.003195574233810484,0.0,4.912362829208827,169,0.2805518950007246,-0.06812890603320247,14247.70909542924
1033,87.41837818902364,87.41837818902364,0.003442874010793886,0.0,4.912362829208827,169,0.28050897841151107,-0.061937115086231294,14250.594660157903
1034,87.23170490863147,87.23170490863147,-0.0021376840842889087,0.0,4.912362829208827,169,0.28053491663481844,-0.0680458758454996,14248.9042340117
1035,87.71698571284936,87.71698571284936,0.005547707126237909,0.0,4.912362829208827,169,0.28046961846550783,-0.07613895673260214,14253.295627754896
1036,88.67193757033182,88.67193757033182,0.01082790426800357,0.0,4.912362829208827,169,0.2803885899734747,0.0036861289882215136,14261.937159782448
1037,89.19996646381378,89.19996646381378,0.0059371989910127375,0.0,4.912362829208827,169,0.28036322786501866,0.02642677771881831,14266.715388714874
1038,89.1866588427335,89.1866588427335,-0.00014919976295421554,0.0,4.912362829208827,169,0.28036368538751993,0.0180577177323194,14266.594965645507
1039,88.75996856000722,88.75996856000722,-0.004795720005923422,0.0,4.912362829208827,169,0.2803833014012031,0.024236834795718618,14262.733768125305
1040,88.9734188649669,88.9734188649669,0.002401916833657787,0.0,4.912362829208827,169,0.2803713902248581,0.008678393030490832,14264.665318529807
1041,89.75127264855311,89.75127264855311,0.008704546511562503,0.0,4.912362829208827,169,0.2803483959571086,0.022532898382563837,14271.704258064761
1042,89.44666492339229,89.44666492339229,-0.003399682191346494,0.0,4.912362829208827,169,0.28035513223736963,-6.409787419010837e-05,14268.947807682272
1043,89.34445705212252,89.34445705212252,-0.0011433216736284712,0.0,4.912362829208827,169,0.28035841154872176,0.008691688821542405,14268.02291017448
1044,89.72793935213777,89.72793935213777,0.004282992732914708,0.0,4.912362829208827,169,0.28034875703476747,0.0027785291867072483,14271.493110846499
1045,89.75218238270125,89.75218238270125,0.0002701472505879236,0.0,4.912362829208827,169,0.2803483819061397,-0.006318413644531486,14271.712490413562
1046,90.24836294133992,90.24836294133992,0.005513114579795594,0.0,4.912362829208827,169,0.2803534251550515,0.013245787384972773,14276.202518005346
1047,90.31677607146334,90.31677607146334,0.0007577667956403441,0.0,4.912362829208827,169,0.28035557126560284,0.0036332785971732264,14276.821600789923
1048,90.65549423516747,90.65549423516747,0.0037433199976171457,0.0,4.912362829208827,169,0.28036824450018005,0.007266701470794794,14279.886722698455
1049,90.7857858273816,90.7857858273816,0.0014361849140885896,0.0,4.912362829208827,169,0.2803739614618438,0.008621108884412546,14281.065754875017
1050,91.6021442388313,91.6021442388313,0.008951950525278786,0.0,4.912362829208827,169,0.280414836735873,0.013398225801453672,14288.453129749705
1051,91.20452492513357,91.20452492513357,-0.004350168870322016,0.0,4.912362829208827,169,0.28039410627729294,-0.015140400494974955,14284.855000684696
1052,90.68245304241779,90.68245304241779,-0.005740634346488908,0.0,4.912362829208827,169,0.28036939614421974,-0.009272805895846888,14280.130677819809
1053,90.47176982906782,90.47176982906782,-0.0023260104567160143,0.0,4.912362829208827,169,0.28036087762470896,-0.010767224267589325,14278.224167327613
1054,90.47545048258411,90.47545048258411,4.0682067516245735e-05,0.0,4.912362829208827,169,0.28036100882875503,-0.015473526414680087,14278.257474226799
1055,90.96898253607016,90.96898253607016,0.005440048640922742,0.0,4.912362829208827,169,0.28042599118502826,-0.03274358369377444,14281.425317456797
1056,90.60088434432475,90.60088434432475,-0.004054623185699903,0.0,4.912362829208827,169,0.28113277740119796,-0.029674163399230357,14255.160065897662
1057,90.97472757261379,90.97472757261379,0.004117774987343364,0.0,4.912362829208827,169,0.2811290498676782,-0.05943763165583728,14256.800214013158
1058,90.26604424195489,90.26604424195489,-0.007820392016607247,0.0,4.912362829208827,169,0.28109205524146685,-0.06565750033209602,14249.670888362925
1059,91.16851554239452,91.16851554239452,0.009948256213885074,0.0,4.912362829208827,169,0.2811081876104146,-0.12135332827750539,14254.653533297324
1060,91.2616618420864,91.2616618420864,0.0010211721451097353,0.0,4.912362829208827,169,0.2811039882014802,-0.12133192373892485,14255.409431998623
1061,91.30646613428398,91.30646613428398,0.0004908227256715834,0.0,4.912362829208827,169,0.28110341024293717,-0.12202619640730988,14255.79416592389
1062,90.72074994116899,90.72074994116899,-0.006435501539033667,0.0,4.912362829208827,169,0.28113248769116794,-0.11464692241177685,14250.643655976697
1063,90.47750970401052,90.47750970401052,-0.002684798228679841,0.0,4.912362829208827,169,0.2811519819230693,-0.09216666648659103,14248.504716886797
1064,90.92776161847053,90.92776161847053,0.0049640546359368395,0.0,4.912362829208827,169,0.28111851802665205,-0.10095850371720953,14252.46401832225
1065,91.2039164061999,91.2039164061999,0.003032476308888306,0.0,4.912362829208827,169,0.2811057964707641,-0.09418954554489092,14254.892392333219
1066,91.42899160084602,91.42899160084602,0.002464783713400899,0.0,4.912362829208827,169,0.2811013606670442,-0.09399204281519173,14256.862813854337
1067,91.51209420679,91.51209420679,0.0009085177481395838,0.0,4.912362829208827,169,0.28110031239513017,-0.0925167853888644,14257.585998377363
1068,91.42085590398705,91.42085590398705,-0.0009975054828887718,0.0,4.912362829208827,169,0.28110203313518217,-0.08891558217444177,14256.780698572993
1069,91.22287989562282,91.22287989562282,-0.0021678935227004707,0.0,4.912362829208827,169,0.2811069663322119,-0.07791530487295673,14255.026162296892
1070,90.74595699501164,90.74595699501164,-0.00524182053126944,0.0,4.912362829208827,169,0.2811392937360976,-0.0638961438028739,14250.692361110861
1071,91.01651600904658,91.01651600904658,0.0029770635202256935,0.0,4.912362829208827,169,0.2811175211756194,-0.07226213340175354,14253.15093245313
1072,91.30093885115238,91.30093885115238,0.003120086039599296,0.0,4.912362829208827,169,0.28110403248860344,-0.04786655911799643,14255.735484482133
1073,91.07432707036928,91.07432707036928,-0.002485116567357809,0.0,4.912362829208827,169,0.28111310407881296,-0.003428424660551655,14253.676261905346
1074,91.76127465253852,91.76127465253852,0.007514409755485188,0.0,4.912362829208827,169,0.2810922751571461,-0.018361588650226388,14259.890861111251
1075,91.76788649630583,91.76788649630583,7.205224203918547e-05,0.0,4.912362829208827,169,0.2810925334175925,-0.024346011600669706,14259.94342178554
1076,92.1574494060129,92.1574494060129,0.004236104725225239,0.0,4.912362829208827,169,0.2810917603469624,-0.03695414230600583,14263.477634608007
1077,92.2327354089469,92.2327354089469,0.0008165945187712071,0.0,4.912362829208827,169,0.28109373270930876,-0.03400603186265599,14264.160648186284
1078,91.9167785108858,91.9167785108858,-0.0034315291023967226,0.0,4.912362829208827,169,0.2810904334719588,-0.037804453795068194,14261.294207638042
1079,92.28575823288564,92.28575823288564,0.0040062446699442355,0.0,4.912362829208827,169,0.28109515122125217,-0.04196141755556455,14264.641684598062
1080,92.19286803020324,92.19286803020324,-0.0010070566158749887,0.0,4.912362829208827,169,0.2810926804966982,-0.044773476791988634,14263.798961286315
1081,91.69240880826955,91.69240880826955,-0.005443181381137288,0.0,4.912362829208827,169,0.28109383251007175,-0.0332541603858193,14259.258669191744
1082,91.4766551238695,91.4766551238695,-0.0023557884672202297,0.0,4.912362829208827,169,0.28110362729304145,-0.010966284223432167,14257.220762438516
1083,91.01901759635345,91.01901759635345,-0.0050153352127535605,0.0,4.912362829208827,169,0.2811843045230855,0.062183260680880766,14251.08487130843
1084,91.54067588291998,91.54067588291998,0.005714949411142314,0.0,4.912362829208827,169,0.2812351983616191,-0.0066539858646306235,14253.471879113478
1085,91.6306234822912,91.6306234822912,0.0009821146316353708,0.0,4.912362829208827,169,0.2812340334815218,-0.0644379162894927,14253.53283118686
1086,91.31072912128505,91.31072912128505,-0.0034972375845807886,0.0,4.912362829208827,169,0.2812106630007414,-0.05197470599151524,14251.31258271689
1087,91.50998030955242,91.50998030955242,0.0021797450385060858,0.0,4.912362829208827,169,0.28121703877449544,-0.0650813841027044,14252.951131471145
1088,91.46995091702485,91.46995091702485,-0.000437527688395217,0.0,4.912362829208827,169,0.28121629282283445,-0.07555954611790172,14252.622298094775
1089,91.06978859123697,91.06978859123697,-0.0043843928767407165,0.0,4.912362829208827,169,0.28120781711737897,-0.076162763054055,14249.395838990818
1090,90.67523270098891,90.67523270098891,-0.004341868704672466,0.0,4.912362829208827,169,0.28120260115301243,-0.04365477099384358,14246.214583879899
1091,90.72397038367075,90.72397038367075,0.0005373527890509127,0.0,4.912362829208827,169,0.28120306556110175,-0.05336556241957379,14246.607549758646
1092,91.55409547991373,91.55409547991373,0.009108400744090113,0.0,4.912362829208827,169,0.28121847166430386,-0.042643385776669665,14253.300745248556
1093,92.86369362221377,92.86369362221377,0.0142027530288678,0.0,4.912362829208827,169,0.28127882504161694,0.049956482057801566,14263.859872323868
1094,92.24501684649839,92.24501684649839,-0.006684494509352493,0.0,4.912362829208827,169,0.2812428213728799,-0.01389159677235908,14258.871558365321
1095,92.3329647122245,92.3329647122245,0.0009529616874030265,0.0,4.912362829208827,169,0.2812464267399531,-0.04803648492520738,14259.580671077236
1096,91.84989166488896,91.84989166488896,-0.00524559304306098,0.0,4.912362829208827,169,0.2812277957247559,-0.09249587369234745,14255.685713128902
1097,92.57510239199671,92.57510239199671,0.007864600660956213,0.0,4.912362829208827,169,0.28125834954351636,-0.11940627610248761,14261.532997098366
1098,93.21996830260156,93.21996830260156,0.006941718073885304,0.0,4.912362829208827,169,0.2813110879943819,-0.08644269360908349,14266.73247079696
1099,93.1766411970663,93.1766411970663,-0.00046489157106330905,0.0,4.912362829208827,169,0.2813070930592451,-0.08724217525906898,14266.383129729364
1100,92.78329249304205,92.78329249304205,-0.004230473552688161,0.0,4.912362829208827,169,0.2812717293549329,-0.09108833177532864,14263.211608010948
1101,91.96796500333697,91.96796500333697,-0.008826275867293731,0.0,4.912362829208827,169,0.2812320733223792,-0.03337680575263478,14256.63772378363
1102,91.95678683117171,91.95678683117171,-0.00012155158093213637,0.0,4.912362829208827,169,0.28123166557964563,-0.03467988493892987,14256.54759557059
1103,92.34771470561812,92.34771470561812,0.004242201980495216,0.0,4.912362829208827,169,0.28124705411714357,-0.03143958941266905,14259.699598440962
1104,92.81783174630885,92.81783174630885,0.005077813446732059,0.0,4.912362829208827,169,0.2812747717063012,-0.018559505562710764,14263.490093717784
1105,92.42155807974204,92.42155807974204,-0.004278509786093968,0.0,4.912362829208827,169,0.2812505516977767,-0.03286679223456504,14260.294988389878
1106,92.74350441632454,92.74350441632454,0.0034774018021087832,0.0,4.912362829208827,169,0.2812682273149003,-0.04448414142449543,14262.890801692907
1107,92.41960929257867,92.41960929257867,-0.0034984878749912095,0.0,4.912362829208827,169,0.28125045551130134,-0.05330688655273605,14260.279275561157
1108,92.0022721507778,92.0022721507778,-0.004525903877805954,0.0,4.912362829208827,169,0.28123333888588986,-0.04246838386839337,14256.914338050034
1109,92.05473463181107,92.05473463181107,0.0005700677564099379,0.0,4.912362829208827,169,0.28127481748160027,-0.05093481324434805,14256.223049888267
1110,92.7474408091405,92.7474408091405,0.00749676696104803,0.0,4.912362829208827,169,0.28049081687884736,-0.021707263014992786,14284.108084510002
1111,92.26317599690964,92.26317599690964,-0.005235006796282811,0.0,4.912362829208827,169,0.2804871343531055,-0.06862232841230434,14280.117707683246
1112,92.10097858370258,92.10097858370258,-0.0017595335212789464,0.0,4.912362829208827,169,0.28047581786669856,-0.07374054606061259,14278.096896715038
1113,92.62522405379993,92.62522405379993,0.00567593411271105,0.0,4.912362829208827,169,0.2804880495295234,-0.08106365438713832,14281.289430138866
1114,92.51043821952939,92.51043821952939,-0.0012400187794116978,0.0,4.912362829208827,169,0.2804884200548605,-0.08585409394354085,14280.508619606362
1115,93.00565657767537,93.00565657767537,0.00533883095112524,0.0,4.912362829208827,169,0.2804992006518184,-0.07566307508609968,14284.034508425555
1116,93.39098852247267,93.39098852247267,0.004134543231825333,0.0,4.912362829208827,169,0.2805239997156279,-0.050897562962839205,14286.780924961757
1117,93.06774560641267,93.06774560641267,-0.003467182606255978,0.0,4.912362829208827,169,0.28050303762377626,-0.03925651909744908,14284.477042032082
1118,93.62616337241009,93.62616337241009,0.005982192288701634,0.0,4.912362829208827,169,0.28054019030997984,0.0015468135748536096,14288.457111183761
1119,93.15482218531763,93.15482218531763,-0.005047003967717801,0.0,4.912362829208827,169,0.2805085050562655,-0.0265419844051209,14285.097672009557
1120,92.61747937119462,92.61747937119462,-0.005784977719262407,0.0,4.912362829208827,169,0.280489678735783,-0.0011944197394270356,14281.267812559172
1121,92.68017506665068,92.68017506665068,0.0006767025523206575,0.0,4.912362829208827,169,0.2804908029209091,-0.0019260661163646479,14281.71467012464
1122,92.80727684817056,92.80727684817056,0.0013704625310335988,0.0,4.912362829208827,169,0.2804936713874306,-0.017720391262372726,14282.620575900843
1123,93.52051758686464,93.52051758686464,0.0076558006229420815,0.0,4.912362829208827,169,0.2805328360909645,-0.0011106497960261255,14287.704130964186
1124,94.03745860644794,94.03745860644794,0.005512347051872161,0.0,4.912362829208827,169,0.2805722360265607,0.01702068900885105,14291.379093622963
1125,94.73257986472655,94.73257986472655,0.007364774684035009,0.0,4.912362829208827,169,0.2806333268587585,0.037703381431138605,14296.52720585957
1126,94.53681328841719,94.53681328841719,-0.0020686561399134184,0.0,4.912362829208827,169,0.2806129883353923,0.02401376901171151,14295.12104582382
1127,94.61467821692825,94.61467821692825,0.0008233076280782743,0.0,4.912362829208827,169,0.2806199929132778,0.02390586226630049,14295.700593978734
1128,94.38387915668346,94.38387915668346,-0.0024423379540954573,0.0,4.912362829208827,169,0.2805996102603863,0.020256429104362816,14293.982758079075
1129,94.14978069642753,94.14978069642753,-0.002483361122327113,0.0,4.912362829208827,169,0.2805800974121012,0.015519374620594642,14292.240364766658
1130,93.40003038884127,93.40003038884127,-0.00799525520361757,0.0,4.912362829208827,169,0.28053373941555365,0.04292730175998604,14286.659978118698
1131,93.19717317479797,93.19717317479797,-0.002174280108022096,0.0,4.912362829208827,169,0.2805235030096218,0.053689989334276454,14285.150113198022
1132,94.09726191914686,94.09726191914686,0.009611558114085494,0.0,4.912362829208827,169,0.28057575965622916,0.04047467378367563,14291.849467849992
1133,93.31133653140273,93.31133653140273,-0.008387341899579168,0.0,4.912362829208827,169,0.2805291510894615,0.0004833101297781366,14285.999830316425
1134,93.20186524634715,93.20186524634715,-0.0011738718394502527,0.0,4.912362829208827,169,0.28052372809239334,0.010443198047538642,14285.18503625595
1135,93.82272388548218,93.82272388548218,0.006639350715183726,0.0,4.912362829208827,169,0.2805572708074285,0.0050914040431712035,14289.806083056525
1136,93.85700706510714,93.85700706510714,0.00036533705406167563,0.0,4.912362829208827,169,0.2805593837593974,0.0038331074721513502,14290.061252538808
1137,92.7244763151932,92.7244763151932,-0.012139946993317713,0.0,4.912362829208827,169,0.2805114922451926,0.004549652726469452,14281.631833555877
1138,92.84728619498843,92.84728619498843,0.00132358389081365,0.0,4.912362829208827,169,0.280512435260949,0.0038222301765268698,14282.545906689977
1139,92.96532007022435,92.96532007022435,0.0012704616062886817,0.0,4.912362829208827,169,0.2805137093460721,0.007214825948504024,14283.4244320533
1140,93.97546326276934,93.97546326276934,0.01080719793936444,0.0,4.912362829208827,169,0.2805669759446217,0.009348225829306339,14290.942921245194
1141,94.18737789054767,94.18737789054767,0.002252460858653867,0.0,4.912362829208827,169,0.2805832236447048,0.011643118848106458,14292.52020043721
1142,94.14932848222352,94.14932848222352,-0.00040405728203080115,0.0,4.912362829208827,169,0.2805800598308573,0.0019455770712227137,14292.236998939288
1143,94.12212270306658,94.12212270306658,-0.0002890058920248668,0.0,4.912362829208827,169,0.2805778059176416,0.019017049449201278,14292.034506502514
1144,93.91239264749301,93.91239264749301,-0.0022307621784847347,0.0,4.912362829208827,169,0.2805628879631811,0.018901647787462478,14290.47348706717
1145,94.08198051616105,94.08198051616105,0.0018041807509003133,0.0,4.912362829208827,169,0.2805745171572724,0.01799060267444911,14291.735728467267
1146,94.46927166778435,94.46927166778435,0.004108078751084805,0.0,4.912362829208827,169,0.280607016614134,0.024799751814834622,14294.618333982095
1147,94.5332729285386,94.5332729285386,0.0006772529262738658,0.0,4.912362829208827,169,0.28061267309423854,0.02600971367518954,14295.094694948342
1148,94.10533024724162,94.10533024724162,-0.004537177525990201,0.0,4.912362829208827,169,0.28058505842658865,0.022679881104983233,14291.728579279596
1149,93.86687190183105,93.86687190183105,-0.002537167417327267,0.0,4.912362829208827,169,0.28064518646190356,0.017848940847500824,14287.40563763156
1150,93.30802141343432,93.30802141343432,-0.005971443489326032,0.0,4.912362829208827,169,0.2805847666957852,0.029203004613584372,14282.63010023115
1151,93.67560472349702,93.67560472349702,0.003931721629093589,0.0,4.912362829208827,169,0.2806133545940174,0.016206786392672468,14284.732808832798
1152,93.84914522141896,93.84914522141896,0.0018508548606397267,0.0,4.912362829208827,169,0.2806453907387155,-0.05219959880709801,14285.91177618234
1153,93.2148569019242,93.2148569019242,-0.006781537261721806,0.0,4.912362829208827,169,0.2805504524845263,-0.0013972991186738696,14279.986200827754
1154,92.59210253262363,92.59210253262363,-0.006703265615946868,0.0,4.912362829208827,169,0.2804837036669762,0.03291351635511136,14274.484797680281
1155,92.65967748787135,92.65967748787135,0.0007295471950382524,0.0,4.912362829208827,169,0.28048946868772007,0.03307202208090522,14275.081459635843
1156,93.52806876417567,93.52806876417567,0.009328192544471838,0.0,4.912362829208827,169,0.28058862366203624,0.06244784699494449,14282.749034630348
1157,93.38774907154645,93.38774907154645,-0.0015014215555837192,0.0,4.912362829208827,169,0.28057130736780794,0.019597782201841954,14281.510063447888
1158,94.00083044363329,94.00083044363329,0.006543446363498583,0.0,4.912362829208827,169,0.28065120543798855,0.015430383366246395,14286.923346061936
1159,94.14886979260137,94.14886979260137,0.0015736339662689649,0.0,4.912362829208827,169,0.2806729573325588,0.01961136473341276,14288.230478965414
1160,93.95633267147767,93.95633267147767,-0.0020471224170358804,0.0,4.912362829208827,169,0.28064517731594163,-0.008918376879901439,14286.530447129851
1161,94.01574094433374,94.01574094433374,0.0006320968183339904,0.0,4.912362829208827,169,0.2806532252923228,-0.013267546015677902,14287.055000289063
1162,94.032585954198,94.032585954198,0.00017915617955378878,0.0,4.912362829208827,169,0.28065550716059345,-0.01196108562260539,14287.2037355193
1163,93.94107944768682,93.94107944768682,-0.0009736099314115572,0.0,4.912362829208827,169,0.280643110882372,-0.02535849167497775,14286.395766784119
1164,94.23972104342025,94.23972104342025,0.003173988479894566,0.0,4.912362829208827,169,0.28068672891037066,-0.012547040148408186,14289.032662034275
1165,93.40375854155799,93.40375854155799,-0.008910174063881159,0.0,4.912362829208827,169,0.28057325516260684,-0.020280517106316537,14281.651421169096
1166,93.61182787344075,93.61182787344075,0.002225155899813604,0.0,4.912362829208827,169,0.2805992130872632,-0.0248430408302377,14283.488596702522
1167,93.11936501403434,93.11936501403434,-0.005274576716738258,0.0,4.912362829208827,169,0.28053944315194507,-0.04373509911583819,14279.140331111259
1168,93.54785059444191,93.54785059444191,0.004590911495527496,0.0,4.912362829208827,169,0.28059110810505455,-0.05934906227501821,14282.923700902606
1169,93.83962898691505,93.83962898691505,0.003114174211985745,0.0,4.912362829208827,169,0.2806293843512721,-0.051934183373170975,14285.499996596853
1170,93.493610300978,93.493610300978,-0.003694155727577928,0.0,4.912362829208827,169,0.28058432236406117,-0.03353932112992551,14282.444779097186
1171,93.05927441868276,93.05927441868276,-0.0046564454657212935,0.0,4.912362829208827,169,0.280532511303921,-0.028002350430158696,14278.609753295827
1172,93.67068271458771,93.67068271458771,0.006548606236211844,0.0,4.912362829208827,169,0.28060678271628864,-0.04078950781009911,14284.008263263666
1173,93.68693187848632,93.68693187848632,0.00017345613600639967,0.0,4.912362829208827,169,0.28060891460813303,-0.03663407266945254,14284.151737393577
1174,94.39340964626459,94.39340964626459,0.0075125458062307695,0.0,4.912362829208827,169,0.280710240178884,-0.030163275495283533,14290.389675767905
1175,93.43895889264894,93.43895889264894,-0.010162880615251706,0.0,4.912362829208827,169,0.2805888856359336,-0.09035655560436238,14281.689203843354
1176,93.63749912243593,93.63749912243593,0.002122557872145042,0.0,4.912362829208827,169,0.2805688140731856,-0.09531060549858407,14283.285616564826
1177,93.76914991607461,93.76914991607461,0.0014049748604990846,0.0,4.912362829208827,169,0.2805687659357033,-0.08050737957597104,14283.409710173904
1178,92.8739072263121,92.8739072263121,-0.009593172863185898,0.0,4.912362829208827,169,0.2804677021533406,-0.06666569180710015,14274.857218424482
1179,92.8676894906802,92.8676894906802,-6.695038423399683e-05,0.0,4.912362829208827,169,0.28047053226607055,-0.08630764799096678,14274.54139964257
1180,92.81592715220837,92.81592715220837,-0.0005575326541836597,0.0,4.912362829208827,169,0.2804707954919849,-0.08573356273078256,14274.14228023664
1181,93.01294433015693,93.01294433015693,0.002120415952541534,0.0,4.912362829208827,169,0.28047640656530215,-0.08684108978242111,14275.701090111777
1182,92.99455197465242,92.99455197465242,-0.00019775929389758773,0.0,4.912362829208827,169,0.2804756834613399,-0.09388348183908853,14275.555601868617
1183,93.66288141591663,93.66288141591663,0.007161057399725195,0.0,4.912362829208827,169,0.2805086283880542,-0.12266412756093521,14280.842258938657
1184,92.93633779019405,92.93633779019405,-0.007787249060876698,0.0,4.912362829208827,169,0.2804734250734028,-0.18371916896905766,14275.095112758243
1185,92.03714178213181,92.03714178213181,-0.009722508257230878,0.0,4.912362829208827,169,0.28048607542780396,-0.12717836260678764,14267.982242009375
1186,92.25203031384395,92.25203031384395,0.0023320808993737173,0.0,4.912362829208827,169,0.2804757893155504,-0.1417677262583039,14269.67146902508
1187,93.69656870404837,93.69656870404837,0.015537277052416068,0.0,4.912362829208827,169,0.28049261295114897,-0.09777036588741062,14281.604579715868
1188,93.15420424485393,93.15420424485393,-0.0058053383870176264,0.0,4.912362829208827,169,0.2804643272314087,-0.14637250650626182,14277.314337919373
1189,92.32800573019067,92.32800573019067,-0.008908713984487712,0.0,4.912362829208827,169,0.2804562749991473,-0.12465048925119877,14270.768150974678
1190,92.60605610328015,92.60605610328015,0.0030070240154598986,0.0,4.912362829208827,169,0.28045126397216374,-0.15146343210329064,14273.028762806709
1191,92.74830797832762,92.74830797832762,0.001534918302903362,0.0,4.912362829208827,169,0.28045140992878453,-0.1380667652437327,14274.1432513838
1192,92.66889034305864,92.66889034305864,-0.000856637257433883,0.0,4.912362829208827,169,0.280454033481471,-0.10141329077174326,14273.437737860628
1193,93.30192711385561,93.30192711385561,0.006807941422790982,0.0,4.912362829208827,169,0.2804729372835703,-0.11048681000346847,14278.434487093447
1194,92.36961499614839,92.36961499614839,-0.010042680131019057,0.0,4.912362829208827,169,0.28047144768624266,-0.1374692480215259,14270.656089911843
1195,92.51657354241146,92.51657354241146,0.001589719365997896,0.0,4.912362829208827,169,0.28047592437214286,-0.1523799956560483,14271.66562242547
1196,93.03423779719192,93.03423779719192,0.00557977185996687,0.0,4.912362829208827,169,0.2804180749318943,-0.14070195269584337,14277.543237511056
1197,93.43229200914664,93.43229200914664,0.004269450576671326,0.0,4.912362829208827,169,0.2803912235161039,-0.12811220863889508,14282.016357955681
1198,93.14797439241362,93.14797439241362,-0.0030476731787947593,0.0,4.912362829208827,169,0.2804070243770616,-0.13592912087490183,14278.896867343725
1199,93.3728878688626,93.3728878688626,0.0024116721607798522,0.0,4.912362829208827,169,0.2803942733043965,-0.14715411153665162,14281.36458456205
1200,93.13527628877185,93.13527628877185,-0.0025480032975299634,0.0,4.83492130719965,158,0.2914584721126291,-0.17699861877914852,14080.170888838391
1201,92.93190013108168,92.93190013108168,-0.0021860517539407705,0.0,4.83492130719965,158,0.29147625372846075,-0.17394824387300098,14077.93947587883
1202,93.64355277925839,93.64355277925839,0.007628614464938994,0.0,4.83492130719965,158,0.29142082982491085,-0.1768626005287021,14085.736925527313
1203,93.75222403776607,93.75222403776607,0.001159804906333172,0.0,4.83492130719965,158,0.29141273043884497,-0.1713069475661775,14086.97063066363
1204,94.31613811698631,94.31613811698631,0.0059969232758339775,0.0,4.83492130719965,158,0.29137965888945794,-0.1616277385573605,14093.372541394483
1205,93.92810084946534,93.92810084946534,-0.004122705898084383,0.0,4.83492130719965,158,0.29140053948159517,-0.1789503063885328,14088.967295917462
1206,94.1185117336755,94.1185117336755,0.0020251462833700182,0.0,4.83492130719965,158,0.2913891562877788,-0.18693955451673377,14091.12896119204
1207,94.92799624345747,94.92799624345747,0.008563918643984855,0.0,4.83492130719965,158,0.29135985550940957,-0.16783073328999443,14100.271752247685
1208,94.0984961212854,94.0984961212854,-0.008776605188029741,0.0,4.83492130719965,158,0.291379957241268,-0.209343585432518,14091.170600256246
1209,93.53033613582485,93.53033613582485,-0.006056230433267906,0.0,4.83492130719965,158,0.29141244660220617,-0.18562572309934341,14084.926006578251
1210,93.60871688069903,93.60871688069903,0.0008376738921572102,0.0,4.83492130719965,158,0.29140566898676373,-0.17941782975600593,14085.816232225978
1211,93.56378469239405,93.56378469239405,-0.0004801152817905164,0.0,4.83492130719965,158,0.2914112398382017,-0.18513994261524785,14085.258972600328
1212,94.16920952870937,94.16920952870937,0.006449872465679062,0.0,4.83492130719965,158,0.2913791329495658,-0.17643597124881297,14091.901603875982
1213,93.82879609455182,93.82879609455182,-0.0036214618880880418,0.0,4.83492130719965,158,0.29139484815022465,-0.21787685445812485,14088.166638296852
1214,92.99237000860134,92.99237000860134,-0.008954356641115473,0.0,4.83492130719965,158,0.2914564281952838,-0.1933632187911364,14078.989495660746
1215,92.82229789731933,92.82229789731933,-0.0018305568735820816,0.0,4.83492130719965,158,0.2914735934314328,-0.18738047079262252,14077.123489745967
1216,92.35109084476701,92.35109084476701,-0.005089371349107343,0.0,4.83492130719965,158,0.29156105762976803,-0.1819411884201326,14071.442279835775
1217,92.19729428020993,92.19729428020993,-0.001666734716284772,0.0,4.83492130719965,158,0.29160313770846097,-0.17320358006210598,14068.420294531608
1218,92.50951643436038,92.50951643436038,0.0033807356677082716,0.0,4.83492130719965,158,0.291597562917467,-0.18634270650734186,14070.25785772071
1219,93.23479482597898,93.23479482597898,0.007809467464030936,0.0,4.83492130719965,158,0.2916196510330105,-0.16244011428747598,14074.907410600237
1220,93.2185293784349,93.2185293784349,-0.0001744720578702788,0.0,4.83492130719965,158,0.2916226892469132,-0.16201589387599818,14074.620871837815
1221,94.19997339662271,94.19997339662271,0.01047338416432453,0.0,4.83492130719965,158,0.29169758675452084,-0.15314692953193668,14083.983389206363
1222,94.25117124772939,94.25117124772939,0.0005433541140108969,0.0,4.83492130719965,158,0.29170119626537083,-0.1503253263523995,14084.460550268357
1223,94.40790919460353,94.40790919460353,0.0016616002004073832,0.0,4.83492130719965,158,0.2917130215571836,-0.14812093950092703,14085.910560376878
1224,94.65827984895051,94.65827984895051,0.002648498940678879,0.0,4.83492130719965,158,0.29173062773507885,-0.13199988335026389,14088.29245287668
1225,93.83798905340707,93.83798905340707,-0.008703577832646015,0.0,4.83492130719965,158,0.2916733020800821,-0.13394008945691246,14080.636599342555
1226,94.05345554148099,94.05345554148099,0.002293522017343393,0.0,4.83492130719965,158,0.2916859689826362,-0.13800990929633675,14082.669792524512
1227,93.10874717704033,93.10874717704033,-0.010095162098134727,0.0,4.83492130719965,158,0.2916604187575783,-0.1320983686802076,14073.497354433674
1228,94.05774679186605,94.05774679186605,0.010140786710944368,0.0,4.83492130719965,158,0.29167702336238815,-0.18212025139760138,14082.973974838513
1229,94.12497502818945,94.12497502818945,0.0007144995941524071,0.0,4.83492130719965,158,0.29168181393012554,-0.17442087698829656,14083.589648118983
1230,94.7776645614209,94.7776645614209,0.006910354794100762,0.0,4.83492130719965,158,0.2917236978292069,-0.1787302245667807,14089.876875968348
1231,94.4600120472938,94.4600120472938,-0.003357183602825058,0.0,4.83492130719965,158,0.29169916965660897,-0.17637806129488398,14086.90542454046
1232,94.88512555836628,94.88512555836628,0.00449036326739392,0.0,4.83492130719965,158,0.2917287042608244,-0.18539320404405402,14090.98404081086
1233,94.96986300981068,94.96986300981068,0.0008926545223831209,0.0,4.83492130719965,158,0.2917358675114279,-0.1837838779043066,14091.762809298083
1234,94.99826842224458,94.99826842224458,0.00029905450384191116,0.0,4.83492130719965,158,0.29173940611366794,-0.15133787611542351,14091.990899784287
1235,94.83471823192811,94.83471823192811,-0.0017230960083905618,0.0,4.83492130719965,158,0.2917270798705023,-0.14951111774306486,14090.445009374116
1236,94.70898621664917,94.70898621664917,-0.0013266811903490272,0.0,4.83492130719965,158,0.29172230501637825,-0.1492184924911008,14089.130229714641
1237,95.65791792235828,95.65791792235828,0.009969585519323546,0.0,4.83492130719965,158,0.2917942000686575,-0.14444319795282376,14098.271852004278
1238,95.46599186482115,95.46599186482115,-0.0020083946824275153,0.0,4.83492130719965,158,0.29177673432650636,-0.16585566304651017,14096.409990292057
1239,95.35367219446476,95.35367219446476,-0.0011772338441313154,0.0,4.83492130719965,158,0.29176814949394236,-0.1638291485961508,14095.320384761419
1240,95.69994865561623,95.69994865561623,0.0036249178506455124,0.0,4.83492130719965,158,0.2917982594199812,-0.16484751821668095,14098.679589306832
1241,95.80491570763643,95.80491570763643,0.0010962339038336295,0.0,4.83492130719965,158,0.29180846635459684,-0.16352176532800952,14099.69786758394
1242,96.05621798617354,96.05621798617354,0.0026196282426917033,0.0,4.83492130719965,158,0.2918681439800874,-0.16002609950394614,14100.558338327237
1243,95.84588993576195,95.84588993576195,-0.0021920356884913717,0.0,4.83492130719965,158,0.29217688538308295,-0.13717090407043783,14080.690097363664
1244,95.22626365865793,95.22626365865793,-0.006485805885676481,0.0,4.83492130719965,158,0.292153873126484,-0.1731377812262402,14075.677275805521
1245,95.28189973391773,95.28189973391773,0.0005840807643170965,0.0,4.83492130719965,158,0.29215839912365565,-0.17382017193378027,14075.295352930585
1246,96.32186159892184,96.32186159892184,0.0108554453235716,0.0,4.83492130719965,158,0.29229331200895214,-0.1771114960012585,14082.64193969571
1247,96.67175294666734,96.67175294666734,0.0036259410127888864,0.0,4.83492130719965,158,0.2923274971180053,-0.12533219439857654,14085.95819955713
1248,96.91499684546149,96.91499684546149,0.0025130235108368807,0.0,4.83492130719965,158,0.2923571001968213,-0.162209060678164,14088.415551007736
1249,96.86139720365041,96.86139720365041,-0.000553211276750962,0.0,4.83492130719965,158,0.29235018386934497,-0.15936953141622962,14087.874065041553
1250,97.19423382215615,97.19423382215615,0.003430325037453285,0.0,4.83492130719965,158,0.292398399420968,-0.16249593081851116,14091.214878166735
1251,97.5387237841388,97.5387237841388,0.0035380792812651054,0.0,4.83492130719965,158,0.2924641910889771,-0.15640423011932422,14094.856629823813
1252,97.79192564815409,97.79192564815409,0.002592547627028618,0.0,4.83492130719965,158,0.29252098879032623,-0.1466888310395352,14097.40359817211
1253,98.22716322910422,98.22716322910422,0.00444077460721414,0.0,4.83492130719965,158,0.2926180838630541,-0.10256221427547375,14101.90497876524
1254,97.75273466399378,97.75273466399378,-0.004841613828520467,0.0,4.83492130719965,158,0.2925175127017267,-0.11794977758570437,14096.882664520035
1255,96.96910352350444,96.96910352350444,-0.008048767187638904,0.0,4.83492130719965,158,0.29237814824785197,-0.08022795277436635,14088.581811898453
1256,96.83859759523968,96.83859759523968,-0.0013467570920753925,0.0,4.83492130719965,158,0.2923709971991111,-0.08050817726941153,14087.015214840076
1257,96.71765204330839,96.71765204330839,-0.001249720098402537,0.0,4.83492130719965,158,0.2923655625713518,-0.06949497233851064,14085.546046207803
1258,96.01336326168463,96.01336326168463,-0.0073085477753985885,0.0,4.83492130719965,158,0.2923577928692422,-0.05358261590409482,14076.722685413208
1259,95.99494920806173,95.99494920806173,-0.00019180475514323417,0.0,4.83492130719965,158,0.29236033385966476,-0.04634941991020203,14076.421843531567
1260,96.03895836408934,96.03895836408934,0.0004583477715418109,0.0,4.83492130719965,158,0.2923837299235885,-0.052019356030799824,14076.428192563159
1261,96.45372832789083,96.45372832789083,0.0043094687163265,0.0,4.83492130719965,158,0.2923756435307355,-0.039138950383134787,14082.006101213485
1262,96.62255516182665,96.62255516182665,0.0017488100963188363,0.0,4.83492130719965,158,0.2923971228590165,-0.040659272303676094,14083.6739139404
1263,96.50643180649917,96.50643180649917,-0.0012025472834955918,0.0,4.83492130719965,158,0.29240319506715134,-0.044515033249739856,14082.045008896854
1264,96.63834261755383,96.63834261755383,0.0013659270043154706,0.0,4.83492130719965,158,0.2924216682121181,-0.029119659063797102,14083.286335496601
1265,96.01181763564702,96.01181763564702,-0.006504299709807486,0.0,4.83492130719965,158,0.2924216310810853,-0.028043474399570455,14075.258898075093
1266,95.76109877821763,95.76109877821763,-0.002614748786877796,0.0,4.83492130719965,158,0.2924261487641294,-0.023850608899252015,14071.989416755012
1267,96.29091895599167,96.29091895599167,0.0055174793591352906,0.0,4.83492130719965,158,0.29242145949245674,0.016684144943370963,14078.77293805966
1268,95.02341711331749,95.02341711331749,-0.013250657680119383,0.0,4.83492130719965,158,0.29247316343929153,-0.06604300331852433,14062.002410381567
1269,94.57885714618676,94.57885714618676,-0.004689403474104029,0.0,4.83492130719965,158,0.29256900906403865,-0.021727900907834836,14054.547526690447
1270,95.1222356096518,95.1222356096518,0.005728801470489596,0.0,4.83492130719965,158,0.292597269582812,-0.03827700378679851,14057.666813442407
1271,94.84471088111901,94.84471088111901,-0.0029218233076472484,0.0,4.83492130719965,158,0.29257668793440605,-0.0462997271245977,14053.628717783316
1272,94.74333256891916,94.74333256891916,-0.0010694590230224939,0.0,4.83492130719965,158,0.29257678568677287,-0.029438863356857164,14052.628338727594
1273,94.48839614632463,94.48839614632463,-0.002694437963039373,0.0,4.83492130719965,158,0.29257227802794344,-0.049535210375408346,14049.891704029895
1274,94.58695637975603,94.58695637975603,0.001042549872754932,0.0,4.83492130719965,158,0.29257037206278885,-0.06763293047158687,14050.831835038627
1275,94.11142535151882,94.11142535151882,-0.005040128384029923,0.0,4.83492130719965,158,0.29258444624520974,-0.0767231020336035,14046.040857161079
1276,94.19886806878523,94.19886806878523,0.0009287089087179467,0.0,4.83492130719965,158,0.29259579950284725,-0.08826529844905999,14046.559401576182
1277,93.58668944518053,93.58668944518053,-0.006519998666243949,0.0,4.83492130719965,158,0.29283449165456427,-0.08446508492139293,14034.419459630295
1278,94.31299035095866,94.31299035095866,0.0077307691405440575,0.0,4.83492130719965,158,0.2926082435863861,-0.12988754104463363,14046.667065255766
1279,94.06684226218721,94.06684226218721,-0.0026133182670839404,0.0,4.83492130719965,158,0.29262361482270227,-0.1471796086130724,14043.795767452819
1280,93.8256307606538,93.8256307606538,-0.0025675497284646832,0.0,4.83492130719965,158,0.2927134390614576,-0.13948131166816377,14039.37783844425
1281,93.60077054601855,93.60077054601855,-0.0023994519550202377,0.0,4.83492130719965,158,0.2927510623473045,-0.15004184442309365,14036.373231831169
1282,93.84437300936449,93.84437300936449,0.00259918817707482,0.0,4.83492130719965,158,0.29271964292439034,-0.15452044086203173,14039.359150185033
1283,94.02507234625679,94.02507234625679,0.0019236698365026022,0.0,4.83492130719965,158,0.2927200508485861,-0.15395812623228172,14041.029611778618
1284,94.01193518634346,94.01193518634346,-0.00013972951502563073,0.0,4.83492130719965,158,0.2927529357974556,-0.13780016145845206,14040.166228856571
1285,93.52503351605435,93.52503351605435,-0.005192605678670303,0.0,4.83492130719965,158,0.2928044377356934,-0.12749889006472026,14034.496956190154
1286,93.87486132998299,93.87486132998299,0.0037334943071288037,0.0,4.83492130719965,158,0.2927438636068809,-0.12374946932310765,14039.163411243213
1287,93.71039142164851,93.71039142164851,-0.00175354883250602,0.0,4.83492130719965,158,0.29277736530274057,-0.05685820765340916,14036.908238834483
1288,94.45314729826202,94.45314729826202,0.007894831693316609,0.0,4.83492130719965,158,0.29258408002422487,-0.07609572374806825,14048.466748347568
1289,94.506558352201,94.506558352201,0.0005653168772416275,0.0,4.83492130719965,158,0.29260419013093214,-0.07656246907810152,14048.497642992934
1290,94.2795235370975,94.2795235370975,-0.0024052082895266017,0.0,4.83492130719965,158,0.292633951367909,-0.06077727377684433,14045.698756499512
1291,94.6325395429381,94.6325395429381,0.0037373623578285334,0.0,4.83492130719965,158,0.2926216221574299,-0.055279486563727435,14049.306188420846
1292,94.96969642091062,94.96969642091062,0.0035564689586606232,0.0,4.83492130719965,158,0.2925525456815194,-0.047771113409762526,14054.231454459383
1293,94.82420653662257,94.82420653662257,-0.0015331357911797948,0.0,4.83492130719965,158,0.2926140098503368,-0.05267394011571762,14051.331070861992
1294,94.98042462844685,94.98042462844685,0.001646093945545471,0.0,4.83492130719965,158,0.29259139991481375,-0.05426836141554508,14053.576292292528
1295,95.32972053287865,95.32972053287865,0.0036708111000762697,0.0,4.83492130719965,158,0.29260015107889475,-0.05082976961678937,14056.521559536604
1296,94.98003745195557,94.98003745195557,-0.0036748874903634737,0.0,4.83492130719965,158,0.2930328240449137,-0.05018467606617081,14029.04455649355
1297,94.63976105798334,94.63976105798334,-0.003589042514662137,0.0,4.83492130719965,158,0.2930079259626527,-0.025036578459148046,14025.131138312103
1298,94.61274953146363,94.61274953146363,-0.00028545488373167,0.0,4.83492130719965,158,0.2930165668568768,-0.02652174149376136,14024.05118099826
1299,94.45110513214485,94.45110513214485,-0.0017099454466595885,0.0,4.83492130719965,158,0.2930083628942304,-0.022787314764485672,14022.322930372096
1300,93.93874236025542,93.93874236025542,-0.0054394017722903315,0.0,4.83492130719965,158,0.2929974199028874,-0.02014067970553093,14017.472590579699
1301,94.69405563645358,94.69405563645358,0.008008334933809954,0.0,4.83492130719965,158,0.29301159535524207,-0.05833544343258753,14025.569167833519
1302,94.69515181359888,94.69515181359888,1.157591987495877e-05,0.0,4.83492130719965,158,0.29302782075045114,-0.052513345568945206,14025.185580943193
1303,94.06512894140064,94.06512894140064,-0.0066754002400538715,0.0,4.83492130719965,158,0.2932493066115806,-0.061837651041489756,14012.255264753163
1304,94.72988204096701,94.72988204096701,0.007042091242299662,0.0,4.83492130719965,158,0.2930866824512694,-0.09603510999552345,14024.191556536982
1305,95.43824295903086,95.43824295903086,0.0074498730454010415,0.0,4.83492130719965,158,0.29315059599938464,-0.054435223854543906,14032.332978640956
1306,94.84797954000511,94.84797954000511,-0.006203973198975967,0.0,4.83492130719965,158,0.2932843193570915,-0.13325537108867896,14021.193805796713
1307,94.31490621502398,94.31490621502398,-0.005636145103120422,0.0,4.83492130719965,158,0.29330672087016896,-0.11511924653522002,14013.915082260213
1308,94.32476491452819,94.32476491452819,0.00010452413804742393,0.0,4.83492130719965,158,0.2933294283346008,-0.11792818278545075,14013.52248259873
1309,93.91745909514238,93.91745909514238,-0.004327471768499391,0.0,4.83492130719965,158,0.29339345931731814,-0.11814269586289816,14007.089604196864
1310,93.34215442097937,93.34215442097937,-0.006144480097917188,0.0,4.83492130719965,158,0.29352476916926584,-0.11332216312034428,13997.355631376866
1311,92.71603290478548,92.71603290478548,-0.006730409327503445,0.0,4.83492130719965,158,0.2936242053827159,-0.0972153415268864,13988.575237719699
1312,91.17307398116012,91.17307398116012,-0.016781800307736877,0.0,4.83492130719965,158,0.2942486178733756,-0.032522781336987334,13961.589893298724
1313,91.05918067691857,91.05918067691857,-0.0012499798049979878,0.0,4.83492130719965,158,0.2943098033469852,-0.01824415759387019,13959.410904342307
1314,90.95621065036373,90.95621065036373,-0.0011314431904780049,0.0,4.83492130719965,158,0.29438033319436896,-0.035802393302169604,13957.138677092962
1315,91.35509371187561,91.35509371187561,0.0043758526043606765,0.0,4.83492130719965,158,0.29428544224488895,-0.03775169230359806,13962.124683702888
1316,91.2440352331482,91.2440352331482,-0.0012164186440894414,0.0,4.83492130719965,158,0.29436517700706505,-0.03866268553204627,13959.670300463653
1317,92.4185294184893,92.4185294184893,0.012789870357251749,0.0,4.83492130719965,158,0.2941159084583806,-0.03810330960173319,13974.521324888095
1318,92.51937779588333,92.51937779588333,0.0010906188883526705,0.0,4.83492130719965,158,0.2940866402391032,-0.021224932731993704,13976.011666279908
1319,93.5115931528283,93.5115931528283,0.010667307284035577,0.0,4.83492130719965,158,0.2938302846907443,-0.008342971608823387,13991.69541675686
1320,93.3005164481387,93.3005164481387,-0.0022597763599368167,0.0,4.83492130719965,158,0.29384973592506947,-0.022989742063627597,13988.827885908171
1321,92.96833637045512,92.96833637045512,-0.003566677142213583,0.0,4.83492130719965,158,0.2939355268975821,-0.026860197965635237,13982.58904677448
1322,93.24501886263405,93.24501886263405,0.002971674028904028,0.0,4.83492130719965,158,0.2937853600334128,-0.032193390209856315,13992.116818787845
1323,92.97048845991704,92.97048845991704,-0.002948525668533604,0.0,4.83492130719965,158,0.29379879957440186,-0.036390757824609495,13989.161074816546
1324,92.75080020496964,92.75080020496964,-0.002365785408790312,0.0,4.83492130719965,158,0.29381462551325793,-0.026927002809460008,13985.640957358979
1325,92.66323632221122,92.66323632221122,-0.0009445227654638559,0.0,4.83492130719965,158,0.29382110959389396,-0.034468007550947095,13984.671733059473
1326,93.22720147408508,93.22720147408508,0.0060677341865384435,0.0,4.83492130719965,158,0.29374986806622716,-0.02741138694779424,13989.858420649372
1327,92.77701071482309,92.77701071482309,-0.004840660682208133,0.0,4.83492130719965,158,0.29380664542485685,0.0015405592225333328,13986.121528918637
1328,93.65444957873031,93.65444957873031,0.009413060878861679,0.0,4.83492130719965,158,0.29374040691711767,-0.06085725528500443,13994.383669089055
1329,93.8714147138658,93.8714147138658,0.0023139766108037285,0.0,4.83492130719965,158,0.293695821290604,-0.029075279657231532,13997.332572772233
1330,93.47730135062565,93.47730135062565,-0.004207276707038499,0.0,4.83492130719965,158,0.29373643776917163,-0.025687854765870627,13992.432721535819
1331,93.29157273598422,93.29157273598422,-0.001988861118016414,0.0,4.83492130719965,158,0.2938577189233223,-0.02285133175654703,13988.254530187209
1332,93.21175714330167,93.21175714330167,-0.0008559160590527405,0.0,4.83492130719965,158,0.2938811407845328,-0.02345425992674728,13986.889443571132
1333,92.9875869859196,92.9875869859196,-0.0024078523663693466,0.0,4.83492130719965,158,0.2940256776917953,-0.020645703532396555,13981.849696524985
1334,94.08524455893141,94.08524455893141,0.01173521735829716,0.0,4.83492130719965,158,0.2939589771269483,-0.030727196713194595,13994.312214659261
1335,93.50559225695385,93.50559225695385,-0.006179983592640935,0.0,4.83492130719965,158,0.29420666192477163,-0.06944349759852955,13983.405909312
1336,93.42372092589841,93.42372092589841,-0.000875960381990856,0.0,4.83492130719965,158,0.2942298735844614,-0.06278684634755502,13981.962922145372
1337,93.91306099313547,93.91306099313547,0.0052241868911330185,0.0,4.83492130719965,158,0.2940862747389003,-0.03600814445489507,13989.9953893811
1338,93.45338505628447,93.45338505628447,-0.004906714823280687,0.0,4.83492130719965,158,0.2941494455312176,-0.04055523077321819,13983.373360017995
1339,93.29024747835153,93.29024747835153,-0.0017471826719747314,0.0,4.83492130719965,158,0.2942498187541343,-0.039698509587291105,13979.808413415167
1340,93.07985664384363,93.07985664384363,-0.002257775461058912,0.0,4.83492130719965,158,0.294288306189237,-0.041000414323823696,13977.043994385971
1341,93.18916991359552,93.18916991359552,0.001173714001961532,0.0,4.83492130719965,158,0.2942768586406489,-0.039015632141795265,13978.28215036632
1342,92.61980679320897,92.61980679320897,-0.006128497261122658,0.0,4.83492130719965,158,0.29440864152206314,-0.04642109658618816,13970.331608450851
1343,92.61292354260816,92.61292354260816,-7.43200253162564e-05,0.0,4.83492130719965,158,0.2944388050538034,-0.047202763205250936,13969.652037858401
1344,93.03022911521059,93.03022911521059,0.004495789578163207,0.0,4.83492130719965,158,0.29435719033084384,-0.04598899463066841,13974.54479979646
1345,92.84983862981262,92.84983862981262,-0.0019409347566669377,0.0,4.83492130719965,158,0.2944233598682727,-0.03987724017294446,13971.681462662556
1346,92.87464065268449,92.87464065268449,0.00026708404961068726,0.0,4.83492130719965,158,0.2944539593011674,-0.03696048611574925,13971.08061924515
1347,92.51075846937572,92.51075846937572,-0.0039256883481491546,0.0,4.83492130719965,158,0.2946568741567386,-0.030266292918464072,13962.469194861318
1348,92.7980309684775,92.7980309684775,0.0031004760227646773,0.0,4.83492130719965,158,0.2946278191624053,-0.043214566542501366,13964.038381002176
1349,92.51399780750708,92.51399780750708,-0.0030654608367227877,0.0,4.83492130719965,158,0.2946304886367964,-0.04765095656576811,13959.695897240272
1350,92.32923364837804,92.32923364837804,-0.001999145104845768,0.0,4.83492130719965,158,0.2946654760090306,-0.039796941104744944,13958.011662173867
1351,91.68404473035474,91.68404473035474,-0.007012445706130854,0.0,4.83492130719965,158,0.2947434438392282,-0.04305628051496348,13951.740167102553
1352,91.75030724648222,91.75030724648222,0.0007224657573193025,0.0,4.83492130719965,158,0.294734446582355,-0.04598762597088453,13952.317720449264
1353,92.05638396213568,92.05638396213568,0.0033304228105132273,0.0,4.83492130719965,158,0.29469051627048637,-0.04118860300534708,13955.166281039195
1354,92.3720062999515,92.3720062999515,0.003422712148519504,0.0,4.83492130719965,158,0.2946628843748181,-0.037165145524189175,13957.745458832465
1355,92.02804249818945,92.02804249818945,-0.003730630256695395,0.0,4.83492130719965,158,0.2948523170508514,-0.03705772067860156,13951.1689196821
1356,92.5549262518004,92.5549262518004,0.005708925240361843,0.0,4.83492130719965,158,0.29462371628638107,-0.05425568698142121,13959.873731173175
1357,92.38811259882964,92.38811259882964,-0.0018039467637698183,0.0,4.83492130719965,158,0.29465558187257324,-0.05932674469145269,13958.037429560187
1358,92.3785444832249,92.3785444832249,-0.00010356972155465829,0.0,4.83492130719965,158,0.2946846441772656,-0.05948492305815722,13957.37292236186
1359,92.49423573135256,92.49423573135256,0.001251577036872326,0.0,4.83492130719965,158,0.29467697392811854,-0.06329488149713816,13958.337125380944
1360,92.0114293544315,92.0114293544315,-0.005233524712564445,0.0,4.83492130719965,158,0.29485135745613217,-0.04263974187372472,13951.477670624865
1361,92.1479896747763,92.1479896747763,0.001483066639706923,0.0,4.83492130719965,158,0.2948334846071461,-0.05242899377797658,13952.760645733504
1362,92.166937567648,92.166937567648,0.0002056034551507527,0.0,4.83492130719965,158,0.29483606261510764,-0.04983698911619084,13952.842459585994
1363,92.28866075320468,92.28866075320468,0.0013198103428020886,0.0,4.83492130719965,158,0.29480856160935537,-0.020490731941197424,13954.265203601688
1364,93.48290066812957,93.48290066812957,0.012857257131273543,0.0,4.83492130719965,158,0.29458982847988446,-0.0392418325554664,13968.292692248297
1365,93.58055265042165,93.58055265042165,0.0010440520521792995,0.0,4.83492130719965,158,0.2945669775985077,-0.0025101201557835694,13969.627562131092
1366,93.15487635492947,93.15487635492947,-0.004559145900645595,0.0,4.83492130719965,158,0.29471812980153117,-0.025620924642602738,13962.787691370713
1367,93.62999902663952,93.62999902663952,0.005087389388255917,0.0,4.83492130719965,158,0.29465434033692883,-0.039081122713319524,13968.24378948168
1368,93.19245567039678,93.19245567039678,-0.004684063882402966,0.0,4.83492130719965,158,0.29476102557558514,-0.05235724479270587,13962.221833041065
1369,92.53913719960097,92.53913719960097,-0.007035110777267637,0.0,4.83492130719965,158,0.29496792619932033,-0.04748438049258426,13952.894644373006
1370,92.69005932784592,92.69005932784592,0.0016295720596126218,0.0,4.83492130719965,158,0.2949157376040485,-0.08064644965676766,13955.051880795108
1371,92.26685514635369,92.26685514635369,-0.004576254110428741,0.0,4.83492130719965,158,0.295085746784391,-0.1557322219927959,13948.560775954847
1372,91.67172215885489,91.67172215885489,-0.006471019542910381,0.0,4.83492130719965,158,0.2953466213809867,-0.17856816695809055,13939.148735536117
1373,90.75055025864026,90.75055025864026,-0.010099421718913858,0.0,4.83492130719965,158,0.2956828239480449,-0.1216880169904595,13925.572223310155
1374,90.0931992121156,90.0931992121156,-0.007269855259836422,0.0,4.83492130719965,158,0.29583240928697535,-0.06708872813601909,13918.271735723878
1375,90.65830536911068,90.65830536911068,0.006252871858879809,0.0,4.83492130719965,158,0.29580452580008215,-0.09261783193287548,13923.428926665647
1376,91.1864261384655,91.1864261384655,0.005808496620331162,0.0,4.83492130719965,158,0.295707985123074,-0.056776117257090836,13927.873668749047
1377,91.37990688515615,91.37990688515615,0.0021195673476227983,0.0,4.83492130719965,158,0.29568120636368256,-0.06623519364062404,13929.287067158406
1378,91.74794137482712,91.74794137482712,0.004019432201708564,0.0,4.83492130719965,158,0.29560347751101085,-0.06800555222119099,13932.798402684668
1379,91.40794903710672,91.40794903710672,-0.0037126049015131003,0.0,4.83492130719965,158,0.29567739619037825,-0.06906197685387223,13929.5029736674
1380,91.65818383809723,91.65818383809723,0.002733820318484889,0.0,4.83492130719965,158,0.29563650142425396,-0.08143027174325147,13931.632603204676
1381,91.61517248621766,91.61517248621766,-0.00046936830897670903,0.0,4.83492130719965,158,0.2956645095637049,-0.07437728558230541,13930.825294845245
1382,91.9396521183208,91.9396521183208,0.0035355101212644503,0.0,4.83492130719965,158,0.29554066757288483,-0.06820470237203871,13935.183931943733
1383,91.67463133070908,91.67463133070908,-0.00288671411255129,0.0,4.83492130719965,158,0.2955985401939233,-0.08018922332524575,13932.525811872474
1384,91.59322598311782,91.59322598311782,-0.0008883756719619121,0.0,4.83492130719965,158,0.2956207801283431,-0.08032793798395446,13931.64821024895
1385,91.39087019575743,91.39087019575743,-0.0022117317742433025,0.0,4.83492130719965,158,0.29571323023611135,-0.07567529489058238,13928.72151734752
1386,91.67219840660256,91.67219840660256,0.003073568409668305,0.0,4.83492130719965,158,0.2955949712818998,-0.059997000964655635,13932.580615367257
1387,91.79292739379271,91.79292739379271,0.0013160975862829814,0.0,4.83492130719965,158,0.29554750751679215,-0.021476012527567707,13934.207680364932
1388,92.56708012207852,92.56708012207852,0.008398321185927681,0.0,4.83492130719965,158,0.29524117135438593,-0.030810106215432943,13944.915524588985
1389,92.80334878394626,92.80334878394626,0.002549152971216859,0.0,4.83492130719965,158,0.29515369095041877,-0.003941240692418838,13948.157898873471
1390,92.73267458010325,92.73267458010325,-0.0007618381161765153,0.0,4.83492130719965,158,0.29517960052218994,-0.011366446543258866,13947.19039676163
1391,92.79734378594101,92.79734378594101,0.0006971293273870133,0.0,4.83492130719965,158,0.2951572546310365,-0.012997056236411,13948.047202532409
1392,92.01753679638773,92.01753679638773,-0.008438840150281991,0.0,4.83492130719965,158,0.29544905780178154,-0.01843222633838501,13937.469631295153
1393,92.09445920448496,92.09445920448496,0.0008356045694349364,0.0,4.83492130719965,158,0.29542008446713974,-0.004557718154856645,13938.496995316824
1394,91.96305900781947,91.96305900781947,-0.0014278169157676715,0.0,4.83492130719965,158,0.29547086284452556,0.05457375985296318,13936.716276452618
1395,91.82253160399806,91.82253160399806,-0.001529254069813156,0.0,4.83492130719965,158,0.29552557850331507,0.054233647604580326,13934.81186683016
1396,93.05214449474468,93.05214449474468,0.013302319695514028,0.0,4.83492130719965,158,0.29507409306371574,0.03718521788906551,13951.475425377164
1397,92.36751243867644,92.36751243867644,-0.007384709676364285,0.0,4.83492130719965,158,0.2953161543710711,-0.01796583311711351,13942.197378249239
1398,91.77854711678351,91.77854711678351,-0.006396741060889211,0.0,4.83492130719965,158,0.2955427950509917,0.00967043291015974,13934.215794616395
1399,91.69887123861321,91.69887123861321,-0.0008685088758368861,0.0,4.83492130719965,158,0.29557416278253296,0.010114168424409119,13933.136037181623
1400,91.4825177189694,91.4825177189694,-0.002362179056260949,0.0,4.638767656394965,134,0.3633284576875585,0.013155820117806858,12698.459374641421
1401,91.47731409336157,91.47731409336157,-5.6882710895479245e-05,0.0,4.638767656394965,134,0.3633300190868136,0.019256855296922684,12698.412486843363
1402,91.80169039195397,91.80169039195397,0.003539703177596502,0.0,4.638767656394965,134,0.3632355623503225,0.020626423620710748,12701.335312490202
1403,91.38025781400091,91.38025781400091,-0.004601253842002461,0.0,4.638767656394965,134,0.3633592285852956,0.007536597407775044,12697.537951361785
1404,91.35360973418257,91.35360973418257,-0.0002916600011240246,0.0,4.638767656394965,134,0.36336729277939844,0.013864410965986038,12697.297836126885
1405,90.22281571727868,90.22281571727868,-0.012455456518492914,0.0,4.638767656394965,134,0.36372886820090616,0.0131561907242123,12687.108701568526
1406,90.44551136272437,90.44551136272437,0.002465244039502315,0.0,4.638767656394965,134,0.3636562327541174,-0.009256892735777355,12689.115323343214
1407,90.49481745163034,90.49481745163034,0.0005449983477921089,0.0,4.638767656394965,134,0.3636402025659369,0.001114827842135944,12689.559600874667
1408,90.47499287826163,90.47499287826163,-0.00021909260347761835,0.0,4.638767656394965,134,0.363646647712894,0.00766658772661938,12689.380969538986
1409,89.76913108961868,89.76913108961868,-0.007832326308834998,0.0,4.638767656394965,134,0.3638786485069583,0.0038380276691746887,12683.020730064269
1410,89.46455206042017,89.46455206042017,-0.0033986839641911865,0.0,4.638767656394965,134,0.3639807354674721,0.011617196999813026,12680.276289727863
1411,89.4492792318178,89.4492792318178,-0.0001707283168569415,0.0,4.638767656394965,134,0.36398587431959595,0.016402613981384116,12680.138672351586
1412,89.21825742374185,89.21825742374185,-0.002586053864627842,0.0,4.638767656394965,134,0.3640640361428792,0.012911161180396211,12678.057026841252
1413,88.75840643701837,88.75840643701837,-0.005167553993367837,0.0,4.638767656394965,134,0.36422107862539205,0.008818298468786534,12673.913492731166
1414,88.29858902085316,88.29858902085316,-0.005194016183481778,0.0,4.638767656394965,134,0.36438224642679684,0.0315106789578949,12669.684700493543
1415,88.34066966342843,88.34066966342843,0.000476458559493316,0.0,4.638767656394965,134,0.3643943942820458,0.041282486882223225,12669.126492651838
1416,88.28123114182405,88.28123114182405,-0.0006730594968940667,0.0,4.638767656394965,134,0.36441886452568395,0.04714961321695778,12667.16740241095
1417,88.15361214587892,88.15361214587892,-0.0014466418970711366,0.0,4.638767656394965,134,0.36447941362257325,0.04760506783751813,12665.266868003684
1418,88.60501575853938,88.60501575853938,0.0051075820098895235,0.0,4.638767656394965,134,0.3643937762714893,0.04300880690017652,12669.177963595574
1419,88.73448208809646,88.73448208809646,0.0014600960770691407,0.0,4.638767656394965,134,0.36436826237021114,0.05766563054184914,12670.524219658273
1420,88.77474133838402,88.77474133838402,0.0004536017926362089,0.0,4.638767656394965,134,0.364364356861304,0.06691380818262986,12670.862696949456
1421,88.79995062557526,88.79995062557526,0.0002839288310939985,0.0,4.638767656394965,134,0.3643603040289058,0.0665202001363412,12671.107326125875
1422,88.87286932905819,88.87286932905819,0.0008208200623550401,0.0,4.638767656394965,134,0.36434905826916436,0.06626743728091625,12671.814924172711
1423,88.269638047638,88.269638047638,-0.006810715532194521,0.0,4.638767656394965,134,0.3644563375982765,0.039550565302113115,12665.961209609304
1424,88.67816078990546,88.67816078990546,0.004617446170987011,0.0,4.638767656394965,134,0.36437999625445355,-0.0007830461924887387,12669.925485998061
1425,88.93749743516358,88.93749743516358,0.0029202023306114126,0.0,4.638767656394965,134,0.3643402087818499,0.020399806680321927,12672.442070836962
1426,89.35792974558021,89.35792974558021,0.004716139907060815,0.0,4.638767656394965,134,0.3642845866682243,0.05263782998898751,12676.521916849952
1427,89.32164856957122,89.32164856957122,-0.0004061032251107621,0.0,4.638767656394965,134,0.36428927771055925,0.07282026720872113,12676.169846831499
1428,89.06340103353092,89.06340103353092,-0.00289539641387189,0.0,4.638767656394965,134,0.3643232689137637,0.053669492831428654,12673.663830632993
1429,89.32487984041828,89.32487984041828,0.0029315714336293494,0.0,4.638767656394965,134,0.36428885789911375,0.05992207694510463,12676.201202859938
1430,89.61981886472454,89.61981886472454,0.003296429494907619,0.0,4.638767656394965,134,0.3642511324680264,0.07712056800331316,12679.06327071861
1431,89.43535289823663,89.43535289823663,-0.00206043790785502,0.0,4.638767656394965,134,0.36427461998801786,0.05418147625108837,12677.2732257595
1432,89.27931317068757,89.27931317068757,-0.0017462446774322122,0.0,4.638767656394965,134,0.36429478685280686,0.009634600573567196,12675.7590270537
1433,89.29735578432246,89.29735578432246,0.00020207134338286116,0.0,4.638767656394965,134,0.3642924377307566,-0.05127406886218301,12675.934111326435
1434,89.5253072586521,89.5253072586521,0.0025494710113427403,0.0,4.638767656394965,134,0.36426311421671337,-0.010121181001314967,12678.14613664099
1435,89.53682825795931,89.53682825795931,0.00012868158072460622,0.0,4.638767656394965,134,0.36426165024539187,-0.04711386835479202,12678.257935620099
1436,88.72794667737384,88.72794667737384,-0.009075120223245225,0.0,4.638767656394965,134,0.36437191313981293,-0.0630629935853912,12670.40860480092
1437,88.22349236758866,88.22349236758866,-0.005701628413960529,0.0,4.638767656394965,134,0.36446742703920765,-0.03224439360530067,12665.513415127049
1438,88.23591085305888,88.23591085305888,0.00014075175665416903,0.0,4.638767656394965,134,0.3644644366566805,-0.023093737201699875,12665.633923249707
1439,88.11420826400978,88.11420826400978,-0.001380238459483997,0.0,4.638767656394965,134,0.3645042151879129,-0.014162364446515143,12664.207482695736
1440,88.5773982541551,88.5773982541551,0.005242932138082188,0.0,4.638767656394965,134,0.36430883618192683,-0.01827100867096982,12670.826544454403
1441,89.01171184556996,89.01171184556996,0.004891228488631496,0.0,4.638767656394965,134,0.36423269621014254,0.010354366310855921,12674.447446269378
1442,89.4875022662869,89.4875022662869,0.005331021202593205,0.0,4.638767656394965,134,0.3641797412616991,0.04598123568504419,12677.8778911922
1443,89.48181969479565,89.48181969479565,-6.350330247540816e-05,0.0,4.638767656394965,134,0.3641890626435887,0.047128961100793905,12677.586478176574
1444,90.0328867041827,90.0328867041827,0.006139538664331347,0.0,4.638767656394965,134,0.3640258824583764,0.04636406453134165,12683.702967559953
1445,90.21934602584557,90.21934602584557,0.002068871884095164,0.0,4.638767656394965,134,0.36397821361270016,0.06467786583217033,12685.7725461084
1446,90.6414648919873,90.6414648919873,0.004667894946065577,0.0,4.638767656394965,134,0.3638725544915488,0.06920391557014945,12690.457794035237
1447,91.26211162300449,91.26211162300449,0.006823935530358058,0.0,4.638767656394965,134,0.3637220404607113,0.08439345790005164,12697.346573578254
1448,90.95385412160113,90.95385412160113,-0.0033834334352820013,0.0,4.638767656394965,134,0.36379612974241937,0.04863911372986893,12693.925113569645
1449,91.17209634914275,91.17209634914275,0.002396608846108578,0.0,4.638767656394965,134,0.36374359087567676,0.0427335276760696,12696.34746193205
1450,91.06183534098521,91.06183534098521,-0.0012101041841110763,0.0,4.638767656394965,134,0.36377009565201673,0.041008544753157496,12695.123635656282
1451,90.21386294354703,90.21386294354703,-0.009355678567127181,0.0,4.638767656394965,134,0.36397960985870514,0.052368029977354014,12685.71168742135
1452,89.93796449836388,89.93796449836388,-0.0030629571156798197,0.0,4.638767656394965,134,0.36405040758142465,0.08226627741629249,12682.649392124938
1453,89.64853152245479,89.64853152245479,-0.003223329514404813,0.0,4.638767656394965,134,0.36413695047801964,0.08920496381981778,12679.436872242253
1454,89.61252398785219,89.61252398785219,-0.00040173293618477897,0.0,4.638767656394965,134,0.36414802640909205,0.08826064309620404,12679.037211766545
1455,90.00057462364215,90.00057462364215,0.004320968153842956,0.0,4.638767656394965,134,0.3640342220224833,0.10018445311018047,12683.34432424759
1456,90.31733215921582,90.31733215921582,0.0035133267355287163,0.0,4.638767656394965,134,0.363953298703396,0.2240085856768284,12686.86012916866
1457,90.60464611605312,90.60464611605312,0.0031761116156693884,0.0,4.638767656394965,134,0.36388166911888603,0.20416651416605147,12690.049129302504
1458,90.06109876495974,90.06109876495974,-0.006017178203238867,0.0,4.638767656394965,134,0.3640203691647227,0.18205016692471254,12683.980819956221
1459,89.56366146928025,89.56366146928025,-0.005538641406323267,0.0,4.638767656394965,134,0.3641574388456337,0.20516913241243503,12678.609494783694
1460,89.5092271262539,89.5092271262539,-0.0006079574091857752,0.0,4.638767656394965,134,0.36417378522355665,0.20760274641188492,12678.021713048214
1461,89.37399171310234,89.37399171310234,-0.001511996930655273,0.0,4.638767656394965,134,0.36421499653767553,0.20638089109511548,12676.561441803602
1462,89.04256187775431,89.04256187775431,-0.0037152406534599,0.0,4.638767656394965,134,0.3643178425134719,0.2271385593059706,12672.982664271252
1463,89.21039439086526,89.21039439086526,0.0018830830772037575,0.0,4.638767656394965,134,0.3642656342563569,0.22267439031561845,12674.794918821264
1464,89.07522274441027,89.07522274441027,-0.0015163497148805672,0.0,4.638767656394965,134,0.36430766324406794,0.22143769675672945,12673.33533612909
1465,88.83210400995208,88.83210400995208,-0.002733095822764765,0.0,4.638767656394965,134,0.36438538457984343,0.29766934373224757,12670.710141376605
1466,89.33562857208938,89.33562857208938,0.005652268178926797,0.0,4.638767656394965,134,0.3642268107029966,0.2703317318983374,12676.147196818738
1467,89.86128964424535,89.86128964424535,0.005866870760570037,0.0,4.638767656394965,134,0.3640708167185604,0.29788175229260827,12681.82328217384
1468,89.28524045529127,89.28524045529127,-0.006431061478139267,0.0,4.638767656394965,134,0.3642424054053414,0.24748378258654274,12675.60310621173
1469,89.9884702255621,89.9884702255621,0.007845359752522393,0.0,4.638767656394965,134,0.3640380156312013,0.16831670191226403,12683.196577388768
1470,89.85541598065302,89.85541598065302,-0.0014796640796821275,0.0,4.638767656394965,134,0.3640725082262009,0.1569299727681757,12681.759858386798
1471,89.25229927483942,89.25229927483942,-0.0067347069281253474,0.0,4.638767656394965,134,0.3642526216341905,0.1599444446715901,12675.247407527071
1472,88.8605638450879,88.8605638450879,-0.004398739703885216,0.0,4.638767656394965,134,0.3643758317508018,0.17386181432022121,12671.017450519283
1473,87.91955191206702,87.91955191206702,-0.010646229266268962,0.0,4.638767656394965,134,0.36470354839910507,0.17900710989872282,12660.856408861606
1474,89.07042984185938,89.07042984185938,0.013005189779474758,0.0,4.638767656394965,134,0.36430915684914705,0.05066313344839663,12673.283582393806
1475,88.41651676170818,88.41651676170818,-0.007368609933555161,0.0,4.638767656394965,134,0.36452693704529504,-0.024659594336906284,12666.222632564417
1476,88.17630747139937,88.17630747139937,-0.0027204892328130783,0.0,4.638767656394965,134,0.3646116431529739,-0.009970857836628051,12663.628853973794
1477,87.76624413786095,87.76624413786095,-0.004661340560072313,0.0,4.638767656394965,134,0.3647586805273142,0.004813991298091741,12659.200992362099
1478,87.72728648943577,87.72728648943577,-0.0004439781788635053,0.0,4.638767656394965,134,0.3647727244533914,-0.0003146868126589113,12658.780327889479
1479,87.25713872834457,87.25713872834457,-0.005373608443434075,0.0,4.638767656394965,134,0.3649436815660651,-0.0001806789247790106,12653.70367496078
1480,87.16811466292549,87.16811466292549,-0.0010207704609084072,0.0,4.638767656394965,134,0.364976299178693,0.002305808476579258,12652.742393593862
1481,88.23107197904936,88.23107197904936,0.012120584474429057,0.0,4.638767656394965,134,0.364602564654642,-0.00414519808524745,12663.918911030172
1482,87.82248530813453,87.82248530813453,-0.004641626227648043,0.0,4.638767656394965,134,0.36498606253621757,-0.036361437721841715,12652.45396009515
1483,88.03365870552948,88.03365870552948,0.002401661882023128,0.0,4.638767656394965,134,0.36499066586100976,-0.023720229081900926,12653.438358551904
1484,87.58231178933134,87.58231178933134,-0.005140169298859716,0.0,4.638767656394965,134,0.36519261207308734,-0.042374683616961124,12647.399034996828
1485,87.53921026859754,87.53921026859754,-0.00049224699622992,0.0,4.638767656394965,134,0.3652039253648466,-0.05253442501813923,12646.799642968803
1486,88.24985797911756,88.24985797911756,0.008085276165954827,0.0,4.638767656394965,134,0.3651363295704583,-0.051592947860817605,12653.384459277398
1487,88.43868897933446,88.43868897933446,0.002137445526150123,0.0,4.638767656394965,134,0.36511707623774353,-0.03899588394707371,12655.215318462368
1488,88.75225909422392,88.75225909422392,0.003539350577890194,0.0,4.638767656394965,134,0.36508839124135894,-0.027654638506911387,12658.206357925834
1489,89.020551808443,89.020551808443,0.0030183796560273603,0.0,4.638767656394965,134,0.3650689517187965,-0.026955724883525226,12660.693113079746
1490,89.35653876199754,89.35653876199754,0.0037671581011439136,0.0,4.638767656394965,134,0.3650473426500474,-0.014759219094529711,12663.807313518733
1491,89.47399489678804,89.47399489678804,0.001313602876165896,0.0,4.638767656394965,134,0.3650424109098169,-0.013747064877726015,12664.895992536347
1492,89.1791741542717,89.1791741542717,-0.0033004845277658647,0.0,4.638767656394965,134,0.3650585904007935,-0.016253677036015452,12662.163354033411
1493,89.34301269595164,89.34301269595164,0.0018354983273400917,0.0,4.638767656394965,134,0.36504819448065556,-0.020510711450482222,12663.681942934036
1494,89.4986510530788,89.4986510530788,0.0017405160873075385,0.0,4.638767656394965,134,0.36504142290369573,-0.018710621124206923,12665.12452585269
1495,89.6716196508765,89.6716196508765,0.0019307740157121338,0.0,4.638767656394965,134,0.3650345685408828,-0.015845526947913507,12666.72773954148
1496,89.61971984338088,89.61971984338088,-0.0005789438473898546,0.0,4.638767656394965,134,0.365036612171497,-0.054990268729173036,12666.246689900781
1497,89.36702520582251,89.36702520582251,-0.0028236147361548457,0.0,4.638767656394965,134,0.36504673946727684,-0.05472121721668822,12663.904510411701
1498,88.9653252343797,88.9653252343797,-0.004505078858106292,0.0,4.638767656394965,134,0.36507280023403227,-0.04396414652711417,12660.181228259897
1499,90.13725942746296,90.13725942746296,0.013086923580042964,0.0,4.638767656394965,134,0.36501733398945035,-0.07162189780259619,12671.043667827727
1500,89.20369321852446,89.20369321852446,-0.01041117076472292,0.0,4.638767656394965,134,0.3650570178121039,-0.1631760247130671,12662.390616669212
1501,89.39098257674489,89.39098257674489,0.0020973685362442613,0.0,4.638767656394965,134,0.3650457626883963,-0.19258237256455707,12664.126566816733
1502,89.59981047491739,89.59981047491739,0.002333393683138838,0.0,4.638767656394965,134,0.36503739617311365,-0.19218232983834743,12666.062153675928
1503,89.73253092284845,89.73253092284845,0.0014801621517660628,0.0,4.638767656394965,134,0.3650321702686936,-0.1894976058882366,12667.292314766522
1504,89.67291480057135,89.67291480057135,-0.0006645965982919253,0.0,4.638767656394965,134,0.36503451754445937,-0.2026939296281843,12666.739744042565
1505,88.68296417557129,88.68296417557129,-0.011100960582173398,0.0,4.638767656394965,134,0.3650937342961679,-0.19225056953133865,12657.56407624256
1506,88.1672622148176,88.1672622148176,-0.005832092307777106,0.0,4.638767656394965,134,0.36513499762495155,-0.17875193934564643,12652.784130903681
1507,87.85893619408975,87.85893619408975,-0.003503186898741889,0.0,4.638767656394965,134,0.36516137327534376,-0.16178933501543286,12649.926314494609
1508,87.99742714620047,87.99742714620047,0.0015750465676705693,0.0,4.638767656394965,134,0.3651492488543747,-0.16089485594614913,12651.209961312727
1509,88.23293737448402,88.23293737448402,0.0026727558457227095,0.0,4.638767656394965,134,0.3651295221373455,-0.15552269612620284,12653.392861715696
1510,88.41292537513169,88.41292537513169,0.0020378406845627185,0.0,4.638767656394965,134,0.3651149219278759,-0.15381597163389382,12655.061136940969
1511,87.8807267870226,87.8807267870226,-0.006037655902864448,0.0,4.638767656394965,134,0.36515942349858405,-0.18101650843364941,12650.128287438378
1512,87.88732920838868,87.88732920838868,7.512652207250483e-05,0.0,4.638767656394965,134,0.365158835703557,-0.18814509091831458,12650.18948405122
1513,87.89468445648485,87.89468445648485,8.368601482165589e-05,0.0,4.638767656394965,134,0.36515818244648596,-0.18906578846021355,12650.257658474684
1514,88.07622176803056,88.07622176803056,0.002063265795942953,0.0,4.638767656394965,134,0.3651425972550135,-0.18749576073337293,12651.940293973854
1515,87.88741711912262,87.88741711912262,-0.0021459515449609797,0.0,4.638767656394965,134,0.36515882789571474,-0.2037088249620254,12650.190298879426
1516,88.84027185178884,88.84027185178884,0.010783414546077879,0.0,4.638767656394965,134,0.3650818187499017,-0.20976250804109658,12659.022131768674
1517,88.94206372640271,88.94206372640271,0.0011451293561455067,0.0,4.638767656394965,134,0.36508315348192893,-0.19027669963499422,12659.709378909847
1518,89.53838327362274,89.53838327362274,0.006682208344298704,0.0,4.638767656394965,134,0.3649012257893406,-0.20150795907239544,12668.837154703004
1519,89.08652093057772,89.08652093057772,-0.005059353945297872,0.0,4.638767656394965,134,0.3649818118794323,-0.22319336954946667,12663.682358877077
1520,89.26276960730539,89.26276960730539,0.0019764444654636927,0.0,4.638767656394965,134,0.3649682097012036,-0.22909573475872883,12664.366744415493
1521,89.92442086153216,89.92442086153216,0.007385062064430708,0.0,4.638767656394965,134,0.3648496422819032,-0.21747866411104735,12667.946113608243
1522,89.42356679511802,89.42356679511802,-0.005585291198294708,0.0,4.638767656394965,134,0.3650030820075366,-0.23452482127718088,12663.662867412851
1523,89.3580180986932,89.3580180986932,-0.0007332824507726101,0.0,4.638767656394965,134,0.36502440123665103,-0.23076091324070772,12663.091709164488
1524,89.07414195162069,89.07414195162069,-0.00318189710308236,0.0,4.638767656394965,134,0.3651172934367495,-0.23069744358465852,12660.618155733862
1525,89.51067611639053,89.51067611639053,0.004888825813359584,0.0,4.638767656394965,134,0.3649749578270868,-0.2286037168524772,12664.421894061252
1526,89.09030610235044,89.09030610235044,-0.004707373779009879,0.0,4.638767656394965,134,0.3651119855533521,-0.2610112719401517,12660.759001982846
1527,89.0274552656289,89.0274552656289,-0.0007057223136802784,0.0,4.638767656394965,134,0.36513264699604897,-0.24319714790220331,12660.211351521919
1528,88.82139567039518,88.82139567039518,-0.002317245080352751,0.0,4.638767656394965,134,0.36520078153701185,-0.21852291142671737,12658.415852238306
1529,88.51327568690466,88.51327568690466,-0.0034750146849065644,0.0,4.638767656394965,134,0.36530358520210804,-0.21519087196236114,12655.731050256643
1530,87.81056767442556,87.81056767442556,-0.007970694370627683,0.0,4.638767656394965,134,0.365542794206773,-0.1980463768442411,12649.60800739827
1531,88.2978105420558,88.2978105420558,0.005533457474437784,0.0,4.638767656394965,134,0.3653760814061139,-0.2406725687881191,12653.853595762079
1532,87.6367896964779,87.6367896964779,-0.007514428147130294,0.0,4.638767656394965,134,0.36560347042591584,-0.2838910119749137,12648.093793830301
1533,87.8882824257696,87.8882824257696,0.00286560658656352,0.0,4.638767656394965,134,0.36551581506367453,-0.2318993826007959,12650.285174507164
1534,87.84632754103882,87.84632754103882,-0.0004774800539951365,0.0,4.638767656394965,134,0.36553037286398105,-0.19643100507070352,12649.919600822557
1535,88.25891426700841,88.25891426700841,0.004685692221532935,0.0,4.638767656394965,134,0.365389289401103,-0.21457836806207925,12653.514673258112
1536,88.60565437712908,88.60565437712908,0.00392097249337515,0.0,4.638767656394965,134,0.3652727095042325,-0.20985692837501732,12656.535991525847
1537,88.57024245500057,88.57024245500057,-0.0003997374725707004,0.0,4.638767656394965,134,0.3652845414088168,-0.21634580061280254,12656.22742991414
1538,88.05267886680546,88.05267886680546,-0.005860678395998293,0.0,4.638767656394965,134,0.36545939842672676,-0.21084294124940176,12651.717642098754
1539,87.45542395193377,87.45542395193377,-0.0068060358557511975,0.0,4.638767656394965,134,0.3656671622933259,-0.18522914177174482,12646.5134642949
1540,86.9058950070942,86.9058950070942,-0.006303356359349767,0.0,4.638767656394965,134,0.365861646765495,-0.1449339708250241,12641.725146499435
1541,87.5937712811582,87.5937712811582,0.007884024671996644,0.0,4.638767656394965,134,0.36561856426082695,-0.1494894691131563,12647.718953077067
1542,87.7215084946334,87.7215084946334,0.001457228785110873,0.0,4.638767656394965,134,0.36557380491306146,-0.134910867492972,12648.831990667117
1543,87.76195073038502,87.76195073038502,0.0004609236294546566,0.0,4.638767656394965,134,0.36558604219298624,-0.12627079546335268,12648.223494464222
1544,88.02984113874233,88.02984113874233,0.0030478171123078444,0.0,4.638767656394965,134,0.3654213887260202,-0.12882295984485104,12653.854652536125
1545,88.92410476849348,88.92410476849348,0.01010738967438611,0.0,4.638767656394965,134,0.3653861958063429,-0.09705524188506533,12663.388432008342
1546,88.72778678461309,88.72778678461309,-0.002210143242241985,0.0,4.638767656394965,134,0.36545653505893017,-0.1286742861428443,12661.140903479212
1547,88.16376184091148,88.16376184091148,-0.006377092173489802,0.0,4.638767656394965,134,0.3654905376210266,-0.12086599811100127,12656.262130276144
1548,88.17329498928315,88.17329498928315,0.0001081241634891988,0.0,4.638767656394965,134,0.36548996306504317,-0.13029297330945475,12656.334939137692
1549,88.70975668162572,88.70975668162572,0.006065740410055197,0.0,4.638767656394965,134,0.3654315960108739,-0.13475625865109134,12660.977784964769
1550,89.0874812224784,89.0874812224784,0.004248942374767652,0.0,4.638767656394965,134,0.365393270313813,-0.12045642061027922,12664.246828837453
1551,88.93846733581239,88.93846733581239,-0.0016740696811205296,0.0,4.638767656394965,134,0.365408137560298,-0.12202499163630678,12662.957177569227
1552,88.58298751660438,88.58298751660438,-0.004004927682065475,0.0,4.638767656394965,134,0.3654450725100416,-0.11351209707160416,12659.880652220301
1553,89.2335625105903,89.2335625105903,0.0073174054582924985,0.0,4.638767656394965,134,0.36537882684074313,-0.13029380812699345,12665.511099723157
1554,89.00169036937129,89.00169036937129,-0.002601867680847619,0.0,4.638767656394965,134,0.36540182027151197,-0.14438779383282693,12663.504345804582
1555,89.57185076493478,89.57185076493478,0.006385742584558502,0.0,4.638767656394965,134,0.3653457863513344,-0.15042072709097926,12668.438839452667
1556,89.2236651609152,89.2236651609152,-0.0038947961571045406,0.0,4.638767656394965,134,0.3653798034790667,-0.16516876040881082,12665.425442407277
1557,89.82346488649584,89.82346488649584,0.006699933912670705,0.0,4.638767656394965,134,0.36532162113517563,-0.1850674253231881,12670.6164517426
1558,90.34152109739472,90.34152109739472,0.005750924752452813,0.0,4.638767656394965,134,0.36527309914842465,-0.12520728247599006,12675.100006022982
1559,90.93107398016832,90.93107398016832,0.006504623174739825,0.0,4.638767656394965,134,0.36522056126789326,-0.025053157936747925,12680.202333329287
1560,91.24852409751794,91.24852409751794,0.003485027324642006,0.0,4.638767656394965,134,0.36519313164080636,0.0006744887252192122,12682.949727921818
1561,91.91157849085742,91.91157849085742,0.007240193474796857,0.0,4.638767656394965,134,0.3651380761917003,0.012921850883968876,12688.688179272925
1562,92.46231920233915,92.46231920233915,0.005974190017236536,0.0,4.638767656394965,134,0.3650948547474918,0.03618974576366685,12693.454603885535
1563,92.06659173232887,92.06659173232887,-0.004289063157181656,0.0,4.638767656394965,134,0.36512571873412447,0.019365704359711185,12690.029752383514
1564,91.88385440084805,91.88385440084805,-0.0019868110725889516,0.0,4.638767656394965,134,0.3651402895926691,0.018706133385776914,12688.448239166395
1565,92.12725715832772,92.12725715832772,0.0026455239292646053,0.0,4.638767656394965,134,0.3651208932418488,-0.037127131494066615,12690.554785622544
1566,91.89212481079426,91.89212481079426,-0.0025555185870293545,0.0,4.638767656394965,134,0.36513962930133825,-0.06245027886478481,12688.519816016811
1567,91.39364225017137,91.39364225017137,-0.005439416247930667,0.0,4.638767656394965,134,0.3651807149231592,-0.04462374340232506,12684.205663283274
1568,90.82506402229836,90.82506402229836,-0.006240633410258348,0.0,4.638767656394965,134,0.365229841012266,-0.01567218455733193,12679.284862617864
1569,90.16169467070506,90.16169467070506,-0.007330617190526597,0.0,4.638767656394965,134,0.3653021100907214,0.017754056257935344,12673.20595591266
1570,90.61873372196864,90.61873372196864,0.00505629983350327,0.0,4.638767656394965,134,0.36517437891684296,0.0006732892968632887,12679.133574771806
1571,90.6083557152049,90.6083557152049,-0.0001145304138285267,0.0,4.638767656394965,134,0.36520193887860275,-0.002882128309372634,12677.769433410806
1572,91.31798643038995,91.31798643038995,0.007801336583509704,0.0,4.638767656394965,134,0.3651268460241029,-0.005961847533306923,12682.35624334125
1573,92.31098777224257,92.31098777224257,0.010815406726268276,0.0,4.638767656394965,134,0.36489312304550187,0.03965341254019616,12689.35953834331
1574,92.48840719974756,92.48840719974756,0.0019201305506712076,0.0,4.638767656394965,134,0.3648466639692288,0.04868946241905621,12690.623595996429
1575,92.67994544422598,92.67994544422598,0.002068801823398615,0.0,4.638767656394965,134,0.3647966933515731,0.06824580083464685,12691.988245782546
1576,92.45196669485034,92.45196669485034,-0.002462880245556137,0.0,4.638767656394965,134,0.36485619116144796,0.06647968177878807,12690.363968853297
1577,92.7122656739462,92.7122656739462,0.0028115489393779483,0.0,4.638767656394965,134,0.3647882843621905,0.06016221543864414,12692.218517260157
1578,93.0739053251126,93.0739053251126,0.0038930788656051023,0.0,4.638767656394965,134,0.3646960629518444,0.08844260959826881,12694.79508610133
1579,93.19946090478146,93.19946090478146,0.0013480789146036313,0.0,4.638767656394965,134,0.3646646609265996,0.09674919005180338,12695.689630140865
1580,92.63624129059914,92.63624129059914,-0.006061497677794537,0.0,4.638767656394965,134,0.3648080703268128,0.08526786275663817,12691.676867425384
1581,91.92837691793375,91.92837691793375,-0.007670677623764286,0.0,4.638767656394965,134,0.3649943609553051,0.14717697668604393,12686.633556271576
1582,91.72845277473886,91.72845277473886,-0.0021771498778364092,0.0,4.638767656394965,134,0.3650476811061771,0.1589290138737821,12685.209159593023
1583,91.5843127485253,91.5843127485253,-0.0015726134021088448,0.0,4.638767656394965,134,0.36508652150818777,0.15936956951658446,12684.182207213466
1584,91.09758293617631,91.09758293617631,-0.005328726880810652,0.0,4.638767656394965,134,0.3652183026676708,0.17515751678250507,12680.714410293176
1585,90.35134523499762,90.35134523499762,-0.00822536584837937,0.0,4.638767656394965,134,0.36542370362364723,0.21497153201512545,12675.397701235514
1586,90.01268658603853,90.01268658603853,-0.003755283617520453,0.0,4.638767656394965,134,0.36551865638688624,0.2341652141922111,12672.9848648115
1587,90.10142183249054,90.10142183249054,0.000985322631417066,0.0,4.638767656394965,134,0.36549362618859127,0.2307197589739992,12673.617075550519
1588,89.63064011601068,89.63064011601068,-0.005238717990099864,0.0,4.638767656394965,134,0.3656276211118825,0.21913518766600132,12670.262903800369
1589,90.1568744480192,90.1568744480192,0.005853975300549706,0.0,4.638767656394965,134,0.3654780367708388,0.17839954173030487,12674.012158005864
1590,90.3432770137121,90.3432770137121,0.002065401391053312,0.0,4.638767656394965,134,0.3654259485585698,0.2199206212616343,12675.340217694922
1591,90.22951931247839,90.22951931247839,-0.0012599651619452413,0.0,4.638767656394965,134,0.3654576994133151,0.2481197191006356,12674.529729830836
1592,90.44197799806025,90.44197799806025,0.002351879368646426,0.0,4.638767656394965,134,0.3653985499828512,0.2688077024431423,12676.043431183942
1593,90.149583133516,90.149583133516,-0.0032381925070450444,0.0,4.638767656394965,134,0.3654800818987943,0.2641762521207831,12673.96020968189
1594,89.98909426120538,89.98909426120538,-0.001781837383216657,0.0,4.638767656394965,134,0.36552532102943397,0.2714521580727135,12672.816776912789
1595,89.86171197784307,89.86171197784307,-0.001416533040091906,0.0,4.638767656394965,134,0.36558063381668593,0.2662274097472323,12671.164270580255
1596,90.29971772064367,90.29971772064367,0.004862379328409624,0.0,4.638767656394965,134,0.3653207601087197,0.26127328484069634,12681.595454281825
1597,90.41670568905538,90.41670568905538,0.0012947133696703834,0.0,4.638767656394965,134,0.3653171003742537,0.2610924402034977,12681.74328984295
1598,90.3183137821104,90.3183137821104,-0.0010887974776888276,0.0,4.638767656394965,134,0.3653665800196699,0.23521907713181062,12680.395835230034
1599,89.90231052783348,89.90231052783348,-0.00461660805724519,0.0,4.638767656394965,134,0.3654019172852491,0.21026697131409985,12677.29706884418
1600,89.75772380327302,89.75772380327302,-0.0016095594806447733,0.0,4.561265170892778,127,0.37260212139204546,0.2611065565202566,12562.655439914057
1601,89.08175767646031,89.08175767646031,-0.007559509122817919,0.0,4.561265170892778,127,0.3725749367241594,0.26579665648066525,12560.635458394712
1602,88.8477798399894,88.8477798399894,-0.00263000707588267,0.0,4.561265170892778,127,0.37256553390771485,0.28076969263464924,12559.936265214963
1603,88.88909865143745,88.88909865143745,0.0004649436013851647,0.0,4.561265170892778,127,0.372567194453919,0.2797415069471406,12560.0597377267
1604,88.53233542855047,88.53233542855047,-0.004021652801816487,0.0,4.561265170892778,127,0.37255291736771534,0.25590784460089233,12558.993626440308
1605,88.46339706124661,88.46339706124661,-0.0007789834231614146,0.0,4.561265170892778,127,0.3725501890112459,0.29559879916494464,12558.787618739028
1606,88.68553679407603,88.68553679407603,0.0025079445236188447,0.0,4.561265170892778,127,0.37255903377445293,0.2829293071228406,12559.45143625477
1607,88.59231017851168,88.59231017851168,-0.001051757179481705,0.0,4.561265170892778,127,0.37255531185095364,0.28999976210913464,12559.172848270728
1608,88.530048401686,88.530048401686,-0.0007030369275705917,0.0,4.561265170892778,127,0.3725528260571452,0.29037342433122515,12558.98679214519
1609,88.0858649988214,88.0858649988214,-0.0050299469715072995,0.0,4.561265170892778,127,0.37253541362812376,0.2745962832345063,12557.659444177003
1610,87.4534483719222,87.4534483719222,-0.00720544419282462,0.0,4.561265170892778,127,0.37251079475067084,0.3006524700933449,12555.769601109147
1611,87.43125375701284,87.43125375701284,-0.0002538199711963391,0.0,4.561265170892778,127,0.37250995224694994,0.29672783686793375,12555.703277205968
1612,86.84014552381747,86.84014552381747,-0.006783792435536378,0.0,4.561265170892778,127,0.37248847771644505,0.3117809354739499,12553.936875518628
1613,87.58488134588194,87.58488134588194,0.008539374893535005,0.0,4.561265170892778,127,0.37251583130611177,0.27679539711973644,12556.16236069857
1614,87.35233673152784,87.35233673152784,-0.0026586080867454713,0.0,4.561265170892778,127,0.37250695649829807,0.27260741421719326,12555.46745039939
1615,86.82827883584537,86.82827883584537,-0.0060174259379392235,0.0,4.561265170892778,127,0.3724880714119934,0.3039183482111183,12553.90141443641
1616,86.89220095623234,86.89220095623234,0.0007359192577453558,0.0,4.561265170892778,127,0.37249026678701064,0.32007082352704896,12554.09243214682
1617,87.14099502478176,87.14099502478176,0.002859158410939842,0.0,4.561265170892778,127,0.3724990119284755,0.2974677702212931,12554.83590049628
1618,87.46744811949713,87.46744811949713,0.003739263339290694,0.0,4.561265170892778,127,0.372511326293831,0.278183253396756,12555.811436387949
1619,87.20723888302044,87.20723888302044,-0.002979360472004539,0.0,4.561265170892778,127,0.37250149707437447,0.25455182618566674,12555.033856228238
1620,87.44454102200532,87.44454102200532,0.0027174333424212368,0.0,4.561265170892778,127,0.37251045663028715,0.22091434174837934,12555.742983381564
1621,87.38633684304423,87.38633684304423,-0.0006658341114817157,0.0,4.561265170892778,127,0.3725343877984403,0.18436398257789444,12554.495695896769
1622,87.29624894698416,87.29624894698416,-0.0010314468799456273,0.0,4.561265170892778,127,0.3726991641942614,0.2141243547904541,12546.2170352705
1623,87.15204445905874,87.15204445905874,-0.0016532637603478143,0.0,4.561265170892778,127,0.3726857864665347,0.21292090303988193,12544.973527788823
1624,87.57444660335877,87.57444660335877,0.004835019173341429,0.0,4.561265170892778,127,0.37270457933264634,0.2066800923839217,12545.690275054969
1625,87.74647808714612,87.74647808714612,0.0019624758345675904,0.0,4.561265170892778,127,0.37270713369055053,0.22742517688639727,12546.041268991064
1626,88.27547313765476,88.27547313765476,0.0060105758334280945,0.0,4.561265170892778,127,0.372726303288636,0.22770439122022726,12547.152337444808
1627,88.7486100728962,88.7486100728962,0.005345465467499114,0.0,4.561265170892778,127,0.3727294195769071,0.2357005951438491,12548.438196560608
1628,88.66039185256868,88.66039185256868,-0.0009945180530999064,0.0,4.561265170892778,127,0.37272874180589305,0.20349473046041164,12548.198443131234
1629,89.80213108712366,89.80213108712366,0.012795457479690034,0.0,4.561265170892778,127,0.3727379816987152,0.20765731191451894,12551.301383724682
1630,90.06485142950072,90.06485142950072,0.00292127577319499,0.0,4.561265170892778,127,0.37274042057111106,0.242569261706308,12552.015387054353
1631,90.41380424843847,90.41380424843847,0.003866975321437585,0.0,4.561265170892778,127,0.37274386666674336,0.24982243346300503,12552.963747095166
1632,90.67928216178436,90.67928216178436,0.0029319518352315796,0.0,4.561265170892778,127,0.3727466036689062,0.1969863287960088,12553.685244762104
1633,90.92584181109103,90.92584181109103,0.002715339693116539,0.0,4.561265170892778,127,0.3727491531518113,0.20340176942353952,12554.355327668416
1634,91.04364347121081,91.04364347121081,0.0012947409989479601,0.0,4.561265170892778,127,0.37275037115171994,0.2033790512879798,12554.675480941683
1635,90.93833862367654,90.93833862367654,-0.001157310829078207,0.0,4.561265170892778,127,0.3727492823644521,0.2078641676865077,12554.389290648654
1636,90.48952289813617,90.48952289813617,-0.004947604379108328,0.0,4.561265170892778,127,0.3727446413295715,0.2145163652787769,12553.169530048677
1637,89.64021726676073,89.64021726676073,-0.00943000222276591,0.0,4.561265170892778,127,0.3727365070626597,0.2247777306161046,12550.86134544743
1638,89.89096206527428,89.89096206527428,0.002793330523276154,0.0,4.561265170892778,127,0.37273880558584366,0.1924338575999877,12551.542802465246
1639,90.6620950981779,90.6620950981779,0.008541951422132094,0.0,4.561265170892778,127,0.37274642594060864,0.2138120491263384,12553.638534939291
1640,90.9652762759224,90.9652762759224,0.0033384996660459684,0.0,4.561265170892778,127,0.3727495608879108,0.21019853181494416,12554.462499952597
1641,91.72208155000556,91.72208155000556,0.008285298034844924,0.0,4.561265170892778,127,0.3727573908561188,0.21996558609408542,12556.519293426287
1642,92.79938870532088,92.79938870532088,0.011676900197025225,0.0,4.561265170892778,127,0.3727705174652272,0.2686545866670835,12559.447124933404
1643,92.20580290145297,92.20580290145297,-0.006416985767657116,0.0,4.561265170892778,127,0.3727627250843212,0.19876220791061672,12557.833918142594
1644,92.1931855375477,92.1931855375477,-0.00013684851562111434,0.0,4.561265170892778,127,0.3727625707202092,0.16971211059737862,12557.799627536246
1645,92.64406747093496,92.64406747093496,0.00487870080692067,0.0,4.561265170892778,127,0.3727684164538926,0.14736482247136304,12559.025003534212
1646,92.63685500016553,92.63685500016553,-7.785443505879155e-05,0.0,4.561265170892778,127,0.3727683188882512,0.14932700996542733,12559.005401975772
1647,92.39889428715377,92.39889428715377,-0.0025720526451037955,0.0,4.561265170892778,127,0.3727670433655837,0.1521205047370135,12558.316463847972
1648,92.77289029599487,92.77289029599487,0.00403945469586545,0.0,4.561265170892778,127,0.3727476836546762,0.17032647679597382,12559.335730880986
1649,91.75742627381209,91.75742627381209,-0.011006042709441341,0.0,4.561265170892778,127,0.37264487820877007,0.12095317097215863,12554.9367946543
1650,91.6183579187116,91.6183579187116,-0.0015167584135940275,0.0,4.561265170892778,127,0.37265089222351905,0.13798057674598987,12554.553486525554
1651,91.47551758592176,91.47551758592176,-0.0015602964476574492,0.0,4.561265170892778,127,0.372643419109295,0.14250214402553255,12554.044560005097
1652,91.85546512241055,91.85546512241055,0.004144941295256904,0.0,4.561265170892778,127,0.37266554193639406,0.1416132065389697,12555.288155618104
1653,91.34283756635192,91.34283756635192,-0.005596437155767956,0.0,4.561265170892778,127,0.37263223437854415,0.11813125243944828,12553.68450216348
1654,90.55149662882482,90.55149662882482,-0.008701160855144953,0.0,4.561265170892778,127,0.37258813271951585,0.14544674810362376,12551.208949272786
1655,90.4595146074472,90.4595146074472,-0.0010163141862664143,0.0,4.561265170892778,127,0.37258476247079503,0.15719887640318075,12550.92120179491
1656,90.74312174985097,90.74312174985097,0.0031302786723806544,0.0,4.561265170892778,127,0.3725952444119031,0.15233846596900524,12551.808410389722
1657,90.88110301552027,90.88110301552027,0.0015194150713440306,0.0,4.561265170892778,127,0.37260354245653027,0.15625957924369038,12552.240057363724
1658,90.87203370964683,90.87203370964683,-9.979806725079794e-05,0.0,4.561265170892778,127,0.37260298917972884,0.15236335709801407,12552.21168584229
1659,90.45447355367018,90.45447355367018,-0.004605624410659352,0.0,4.561265170892778,127,0.3725845781525053,0.14747722541586147,12550.905431859783
1660,90.14669151860608,90.14669151860608,-0.0034084202381303237,0.0,4.561265170892778,127,0.3725837972493491,0.14905785927085835,12549.94259691662
1661,90.79155897482013,90.79155897482013,0.007128069215830538,0.0,4.561265170892778,127,0.3725980835305052,0.11741161651742782,12551.959936623995
1662,90.82928725522824,90.82928725522824,0.0004154620103795638,0.0,4.561265170892778,127,0.37260038138070606,0.11879672466340513,12552.07796205298
1663,90.38744956844435,90.38744956844435,-0.004876354911364033,0.0,4.561265170892778,127,0.3725822367628901,0.11698914841493468,12550.695760639068
1664,90.0296337511392,90.0296337511392,-0.003966545516224501,0.0,4.561265170892778,127,0.3725887925415606,0.12881279748819538,12549.576404949428
1665,90.50386060899916,90.50386060899916,0.005253628422650315,0.0,4.561265170892778,127,0.37258638406250166,0.11433706653049755,12551.059929449611
1666,89.71229206183934,89.71229206183934,-0.00878471353367639,0.0,4.561265170892778,127,0.3726069140851705,0.082106232766542,12548.583664527407
1667,90.20581656693665,90.20581656693665,0.0054861152851991835,0.0,4.561265170892778,127,0.37258133667764426,0.05016367500899601,12550.127557882704
1668,89.7324227286528,89.7324227286528,-0.005261749057178463,0.0,4.561265170892778,127,0.3726056102300344,0.028515138068850452,12548.64663931875
1669,89.71239607295199,89.71239607295199,-0.0002232068433928561,0.0,4.561265170892778,127,0.37260690734837926,0.005481116916746921,12548.583989905506
1670,89.7684537463076,89.7684537463076,0.0006246646952574204,0.0,4.561265170892778,127,0.37260328700340983,0.0021578028663263313,12548.759355198443
1671,90.62607884211303,90.62607884211303,0.009508398563468051,0.0,4.561265170892778,127,0.37259088048279143,-0.0007693148565274702,12551.44226490824
1672,90.61853026181068,90.61853026181068,-8.329715674344033e-05,0.0,4.561265170892778,127,0.3725906023820981,0.032781747723014,12551.418650674601
1673,91.55300573822556,91.55300573822556,0.010259381826936595,0.0,4.561265170892778,127,0.3726596797897715,0.04402503288496014,12553.937080912787
1674,91.62900345978049,91.62900345978049,0.000829750980982628,0.0,4.561265170892778,127,0.37267414196366644,0.03004124746213654,12553.192722899663
1675,90.76568037354201,90.76568037354201,-0.00946660851544644,0.0,4.561265170892778,127,0.37271052207965893,0.028747970337632465,12550.101296371538
1676,90.6752803280836,90.6752803280836,-0.0009964679705073659,0.0,4.561265170892778,127,0.3726906212789907,0.03942239974189491,12549.421008599105
1677,91.3712585252504,91.3712585252504,0.007646194125629575,0.0,4.561265170892778,127,0.3727256208218743,0.027797164931363597,12551.437353397645
1678,91.33030621450739,91.33030621450739,-0.0004482973256106705,0.0,4.561265170892778,127,0.3727235487875767,0.029513115716960314,12551.320057276562
1679,90.86300187892604,90.86300187892604,-0.005129775239438596,0.0,4.561265170892778,127,0.3727013402982165,0.037549420308413226,12549.952908522888
1680,91.23527342558408,91.23527342558408,0.004088694026933031,0.0,4.561265170892778,127,0.37271902442550064,0.02742445608651463,12551.042028700658
1681,91.08276725458009,91.08276725458009,-0.0016729689064766205,0.0,4.561265170892778,127,0.3727117799323007,0.02130428617738552,12550.595855605869
1682,91.05987890694463,91.05987890694463,-0.0002513233252978496,0.0,4.561265170892778,127,0.3727106927045814,0.02024181048257261,12550.528893299805
1683,90.92614540962234,90.92614540962234,-0.001469711994612215,0.0,4.561265170892778,127,0.37270433994918956,0.0271598274440569,12550.137641667267
1684,91.55418567079603,91.55418567079603,0.006883402032751551,0.0,4.561265170892778,127,0.37273439990761964,0.01617848283120698,12551.975040541929
1685,91.29674626873243,91.29674626873243,-0.002815840963292923,0.0,4.561265170892778,127,0.3727219510740718,-0.0004548994030364309,12551.221874070145
1686,91.22356758048066,91.22356758048066,-0.0008018690153398036,0.0,4.561265170892778,127,0.3727184678845589,-0.012778405586665152,12551.00778200033
1687,90.78901548787131,90.78901548787131,-0.0047749766631176435,0.0,4.561265170892778,127,0.3726978254417901,-0.0046047010300896505,12549.736453432237
1688,90.87834194827157,90.87834194827157,0.0009834069131604694,0.0,4.561265170892778,127,0.37270206904059433,0.003718202822742792,12549.997787534467
1689,90.25045784732811,90.25045784732811,-0.0069330400984762754,0.0,4.561265170892778,127,0.3726722366395993,-0.02103523318998907,12548.16084552324
1690,90.6203272754799,90.6203272754799,0.004089880446656279,0.0,4.561265170892778,127,0.3726898111518247,-0.04484538481980126,12549.242938046717
1691,89.80407605172208,89.80407605172208,-0.009048186138341982,0.0,4.561265170892778,127,0.37265102257093957,-0.07189592954216166,12546.854907895318
1692,89.31584653012864,89.31584653012864,-0.00545143972444586,0.0,4.561265170892778,127,0.37262792073244677,-0.04868755632189895,12545.426540274628
1693,89.85332796221643,89.85332796221643,0.005999726748835547,0.0,4.561265170892778,127,0.37265336345977546,-0.06909236052387759,12546.99899962082
1694,89.57146725149514,89.57146725149514,-0.0031418282210264473,0.0,4.561265170892778,127,0.3726399908507973,-0.07853650644728645,12546.174386001749
1695,88.97469842095947,88.97469842095947,-0.00668478150252264,0.0,4.561265170892778,127,0.3726118574608752,-0.06848280200960512,12544.428475038
1696,88.77847463658566,88.77847463658566,-0.002207824037186681,0.0,4.561265170892778,127,0.3726026169260561,-0.08649250909688243,12543.854401395147
1697,88.6988200185584,88.6988200185584,-0.0008976317058524427,0.0,4.561265170892778,127,0.3725988714188512,-0.07379358827282274,12543.62136330098
1698,88.07824660831608,88.07824660831608,-0.0070210007589454546,0.0,4.561265170892778,127,0.37257000940340296,-0.08556975705197267,12541.805809496365
1699,88.18154256292657,88.18154256292657,0.001172087711233034,0.0,4.561265170892778,127,0.37257473096954735,-0.11668786611289955,12542.108012846202
1700,88.3605624783815,88.3605624783815,0.002028071170593542,0.0,4.561265170892778,127,0.37258303236037527,-0.1353581659269192,12542.631754732723
1701,88.70619085340152,88.70619085340152,0.0039039380062659327,0.0,4.561265170892778,127,0.3725952364670384,-0.20218561113574735,12543.393906485608
1702,88.39575998148612,88.39575998148612,-0.0035056778130234485,0.0,4.561265170892778,127,0.37257095438253945,-0.1828523702819264,12541.566420903604
1703,88.84012392368263,88.84012392368263,0.005014389450933175,0.0,4.561265170892778,127,0.37258230300787504,-0.19185403562218775,12542.546556241678
1704,88.62412358660193,88.62412358660193,-0.002434298139211039,0.0,4.561265170892778,127,0.3725631546711167,-0.2006243336335664,12541.631622554622
1705,89.31696731126782,89.31696731126782,0.007787377525047007,0.0,4.561265170892778,127,0.3726338991067288,-0.20728199391962507,12544.58600277285
1706,89.16055965862225,89.16055965862225,-0.0017526878071455398,0.0,4.561265170892778,127,0.37261655942825234,-0.21293280545380075,12543.921772256508
1707,89.52085922364518,89.52085922364518,0.004032876564395372,0.0,4.561265170892778,127,0.37265652385746306,-0.20767808274649055,12545.451888987147
1708,90.14485959039435,90.14485959039435,0.006946265318714375,0.0,4.561265170892778,127,0.37272633463972554,-0.149331259841359,12548.10188774867
1709,90.56515020142612,90.56515020142612,0.004651556040904996,0.0,4.561265170892778,127,0.37277516183590204,-0.141765665022442,12549.886773877048
1710,90.09012777798819,90.09012777798819,-0.005258894437158266,0.0,4.561265170892778,127,0.37272014095386635,-0.15739951179966638,12547.869453213658
1711,89.58668573133527,89.58668573133527,-0.005603876808626203,0.0,4.561265170892778,127,0.37266382759175803,-0.13307840856678202,12545.731440367483
1712,89.2968115988319,89.2968115988319,-0.00324092932614885,0.0,4.561265170892778,127,0.3726316623698581,-0.10782598241896077,12544.500405686953
1713,88.98443165967844,88.98443165967844,-0.003504353605859831,0.0,4.561265170892778,127,0.3725973414813833,-0.13263709430059895,12543.173793562999
1714,89.04669073699624,89.04669073699624,0.000699417933422935,0.0,4.561265170892778,127,0.37260413505068857,-0.14618020848671062,12543.438194814307
1715,88.70938314380945,88.70938314380945,-0.0037951783102157005,0.0,4.561265170892778,127,0.3725697336802792,-0.14571191079840737,12542.005720168734
1716,88.18305373432425,88.18305373432425,-0.005950858860931438,0.0,4.561265170892778,127,0.3725393824510332,-0.1351316322359859,12539.770509490005
1717,87.52660053961205,87.52660053961205,-0.007472056691018703,0.0,4.561265170892778,127,0.3725492920838942,-0.10564497505128392,12536.982690370529
1718,87.81986327737307,87.81986327737307,0.0033449549516250143,0.0,4.561265170892778,127,0.37254277625584287,-0.12169312688035212,12538.228115747304
1719,87.05654119418013,87.05654119418013,-0.0087299019361739,0.0,4.561265170892778,127,0.3725607286016146,-0.14585000073251903,12534.986446859126
1720,87.4152608466414,87.4152608466414,0.004112070302876143,0.0,4.561265170892778,127,0.37255195401533225,-0.15512600377832525,12536.509854032278
1721,87.68158756883845,87.68158756883845,0.003042052783831366,0.0,4.561265170892778,127,0.37254576092815883,-0.15404095455581504,12537.640887796982
1722,87.19372088745445,87.19372088745445,-0.00557960928138338,0.0,4.561265170892778,127,0.37255732041680684,-0.16057297454490643,12535.569020262368
1723,86.30422665355984,86.30422665355984,-0.010253746973839765,0.0,4.561265170892778,127,0.3725821791685381,-0.1319074607706542,12531.79152469697
1724,86.4355567605522,86.4355567605522,0.001520554555535109,0.0,4.561265170892778,127,0.37257797548157523,-0.13376502882859875,12532.349256133402
1725,86.3131393333093,86.3131393333093,-0.0014172893978677936,0.0,4.561265170892778,127,0.37258189345916587,-0.10668307289677126,12531.82937497969
1726,86.37894721172404,86.37894721172404,0.0007621412528711028,0.0,4.561265170892778,127,0.3725948350766327,-0.07830393547422862,12531.73112600183
1727,86.29536220238805,86.29536220238805,-0.0009681233548641595,0.0,4.561265170892778,127,0.3726878239034956,-0.061242734950530196,12528.579687382895
1728,86.34550828629152,86.34550828629152,0.0005809294771487696,0.0,4.561265170892778,127,0.372692241842694,-0.06092949870910605,12528.369933299042
1729,86.18001034098126,86.18001034098126,-0.0019185335293052006,0.0,4.561265170892778,127,0.3727012482521037,-0.062364601666686906,12527.331559232603
1730,86.4806642518505,86.4806642518505,0.003482602109044667,0.0,4.561265170892778,127,0.3726927927614408,-0.07401964758671968,12527.73833226307
1731,86.33098830147762,86.33098830147762,-0.0017322441581772102,0.0,4.561265170892778,127,0.3726957205636946,-0.08870108573636001,12527.533405452821
1732,86.1507364783747,86.1507364783747,-0.0020900984026258253,0.0,4.561265170892778,127,0.37270428283338036,-0.0940274040984585,12527.242085323964
1733,86.52753753283206,86.52753753283206,0.004364204526246577,0.0,4.561265170892778,127,0.37269350695774317,-0.12243997914308889,12527.770088193349
1734,86.91775100168965,86.91775100168965,0.004499564450693979,0.0,4.561265170892778,127,0.37269519192655876,-0.08571037522258691,12528.119835612228
1735,88.0249839151471,88.0249839151471,0.012658401604905138,0.0,4.561265170892778,127,0.3727007849212979,-0.029560220355278798,12529.112245881184
1736,87.92424782374061,87.92424782374061,-0.001145058735610024,0.0,4.561265170892778,127,0.37270015354443403,-0.03276443457015763,12529.02195635822
1737,87.42843837900388,87.42843837900388,-0.005655011927906649,0.0,4.561265170892778,127,0.37269765733234944,-0.033191881572375306,12528.5775635133
1738,86.91060096230464,86.91060096230464,-0.005940596455710728,0.0,4.561265170892778,127,0.37269516042865264,-0.01248496357723205,12528.11342704866
1739,87.00415920552935,87.00415920552935,0.0010759092806099464,0.0,4.561265170892778,127,0.3726955725761091,-0.004081810378857024,12528.1972830831
1740,86.14898033213755,86.14898033213755,-0.009877797527019047,0.0,4.561265170892778,127,0.37269481240812635,-0.013097424397065335,12527.430788260344
1741,87.34006463312939,87.34006463312939,0.013731161129695963,0.0,4.561265170892778,127,0.3726972157001787,-0.09244640528777322,12528.498354331701
1742,86.902655252265,86.902655252265,-0.005020701008140146,0.0,4.561265170892778,127,0.37269512542555866,-0.1294741726737753,12528.106305327348
1743,86.48658028685273,86.48658028685273,-0.00479932635677171,0.0,4.561265170892778,127,0.3726933382404639,-0.11490198798759649,12527.733378309635
1744,86.15025131164366,86.15025131164366,-0.0038963805996771106,0.0,4.561265170892778,127,0.372694785481086,-0.10210306884967724,12527.4319274363
1745,86.4018792735791,86.4018792735791,0.002916546315010618,0.0,4.561265170892778,127,0.37269298932410866,-0.10828594914886784,12527.657460989672
1746,86.54576556124596,86.54576556124596,0.0016639292313228543,0.0,4.561265170892778,127,0.37269358204507563,-0.10151430831010536,12527.786425932556
1747,86.3698917153896,86.3698917153896,-0.0020342160944125773,0.0,4.561265170892778,127,0.37269285755383813,-0.09976170915077974,12527.62879061613
1748,86.11020528884202,86.11020528884202,-0.00301120682653421,0.0,4.561265170892778,127,0.37269563390063914,-0.09094075556805452,12527.396034279787
1749,86.28064867008494,86.28064867008494,0.001977406954798393,0.0,4.561265170892778,127,0.3726925049426549,-0.07744429440387202,12527.54880228349
1750,86.32082619649412,86.32082619649412,0.0004655525355841818,0.0,4.561265170892778,127,0.37269265543105873,-0.05030530762941069,12527.584813306377
1751,86.59675001134588,86.59675001134588,0.0031913939009911426,0.0,4.561265170892778,127,0.3726937967194452,-0.07613354542620758,12527.832123175856
1752,86.27863088343133,86.27863088343133,-0.0036803330276520187,0.0,4.561265170892778,127,0.37269249752692146,-0.06306566388291841,12527.546993746035
1753,86.9003565444469,86.9003565444469,0.0071801820918006715,0.0,4.561265170892778,127,0.3726951152990954,-0.06712059873624744,12528.104245000912
1754,87.48879100633691,87.48879100633691,0.006748547182013366,0.0,4.561265170892778,127,0.3726979589307252,-0.039685428023155105,12528.631657431928
1755,87.16162095003973,87.16162095003973,-0.0037465750619724257,0.0,4.561265170892778,127,0.3726963239423995,-0.06410724122619352,12528.33841567618
1756,87.56070266072972,87.56070266072972,0.004568190216997229,0.0,4.561265170892778,127,0.37269831828927996,-0.07505361151884808,12528.696111679457
1757,88.30805527470729,88.30805527470729,0.00849903213517178,0.0,4.561265170892778,127,0.3727028132910906,-0.04905724386650535,12529.365962078256
1758,88.14985646667144,88.14985646667144,-0.0017930491056942104,0.0,4.561265170892778,127,0.37270166226511037,-0.054722156015123764,12529.224168856863
1759,88.53064133307997,88.53064133307997,0.004310441285022645,0.0,4.561265170892778,127,0.37270943365619796,-0.06043390749620665,12529.446105770972
1760,88.60918818274547,88.60918818274547,0.0008868344858197984,0.0,4.561265170892778,127,0.37271789686403717,-0.06319875334723149,12529.107512447225
1761,88.48558910881346,88.48558910881346,-0.0013958525021541056,0.0,4.561265170892778,127,0.3727342350173608,-0.05575255471803787,12527.827184938686
1762,89.14350455606018,89.14350455606018,0.007407778109676494,0.0,4.561265170892778,127,0.3727340884534393,-0.049511677503484904,12528.487084608341
1763,89.24340016441444,89.24340016441444,0.0011199882519738595,0.0,4.561265170892778,127,0.37272976870951774,-0.03787299986434283,12528.724702223897
1764,89.43766810274272,89.43766810274272,0.002174466682551094,0.0,4.561265170892778,127,0.3727167854404463,-0.024008500370562003,12529.316202695212
1765,89.32450368634956,89.32450368634956,-0.0012660892444671026,0.0,4.561265170892778,127,0.3727243239262662,-0.017815924883505942,12528.971643494098
1766,89.49726441525621,89.49726441525621,0.0019322119951061941,0.0,4.561265170892778,127,0.37271283075213546,-0.014677434876366281,12529.49765953901
1767,89.73543341009567,89.73543341009567,0.002657652737628966,0.0,4.561265170892778,127,0.3726971585311565,-0.029814679418192,12530.222828467617
1768,89.84352449985934,89.84352449985934,0.0012038281553197988,0.0,4.561265170892778,127,0.37269014436772585,-0.051214194901589925,12530.551940574793
1769,88.74049540585675,88.74049540585675,-0.012353211911929536,0.0,4.561265170892778,127,0.3727640130899979,-0.0414969232269908,12527.193474764168
1770,88.5482350732976,88.5482350732976,-0.002168895985744076,0.0,4.561265170892778,127,0.3727774203334744,-0.0448917398115003,12526.608086983237
1771,89.06588517405659,89.06588517405659,0.005828946096218762,0.0,4.561265170892778,127,0.3727417210103415,-0.06300822116107324,12528.184210563946
1772,88.88378189137858,88.88378189137858,-0.0020466837533219045,0.0,4.561265170892778,127,0.3727541591966369,-0.07754240275609944,12527.629748626177
1773,89.37911291052713,89.37911291052713,0.005557323575485359,0.0,4.561265170892778,127,0.3727206765917286,-0.0822166177359789,12529.137915819409
1774,89.42799821005686,89.42799821005686,0.0005467936978720483,0.0,4.561265170892778,127,0.3727174275505181,-0.07905798254615318,12529.28676013186
1775,89.69561290687433,89.69561290687433,0.002988047128611959,0.0,4.561265170892778,127,0.37269974644683457,-0.09400615747280984,12530.101584341457
1776,90.08377352553066,90.08377352553066,0.004318194977989095,0.0,4.561265170892778,127,0.3726746326352548,-0.1196240425941438,12531.283442711174
1777,89.4295644948403,89.4295644948403,-0.007288727781125439,0.0,4.561265170892778,127,0.3727173235442747,-0.12428829895349358,12529.29152910298
1778,89.74818203668823,89.74818203668823,0.0035564447465871118,0.0,4.561265170892778,127,0.37269633001452485,-0.122469569943416,12530.261645056205
1779,89.4500530743548,89.4500530743548,-0.0033273680090302295,0.0,4.561265170892778,127,0.3727159630453434,-0.11351167262270352,12529.35391203937
1780,88.58772629586831,88.58772629586831,-0.009687084672631189,0.0,4.561265170892778,127,0.37277462631829356,-0.08987840698709054,12526.72832852677
1781,88.43838785325171,88.43838785325171,-0.0016871915057295325,0.0,4.561265170892778,127,0.3727852982489205,-0.06748338030349463,12526.273627869765
1782,88.56811537410451,88.56811537410451,0.0014657941003824023,0.0,4.561265170892778,127,0.3727760132262533,-0.11046595744359997,12526.66861785312
1783,89.05528436450702,89.05528436450702,0.005485428301585926,0.0,4.561265170892778,127,0.3727424389895122,-0.10535786320986046,12528.151933576304
1784,88.767284023818,88.767284023818,-0.0032391905607491163,0.0,4.561265170892778,127,0.37276217076929324,-0.11584783707504649,12527.275039845294
1785,88.46025919467156,88.46025919467156,-0.0034647564448690763,0.0,4.561265170892778,127,0.372784681341449,-0.10470812814674449,12526.319493075936
1786,88.73923590536184,88.73923590536184,0.003148732912879509,0.0,4.561265170892778,127,0.37276567368493163,-0.11106648775906129,12526.93968650808
1787,88.60488375085535,88.60488375085535,-0.0015151579930550811,0.0,4.561265170892778,127,0.3727779317683013,-0.11437445140458444,12526.319929537704
1788,88.90753505833759,88.90753505833759,0.0034099203060878156,0.0,4.561265170892778,127,0.3727648411915154,-0.11745557194485844,12526.996204742367
1789,89.31360033201244,89.31360033201244,0.004556877897247648,0.0,4.561265170892778,127,0.3727559573599999,-0.10389844879098072,12527.579574998217
1790,90.22371412663482,90.22371412663482,0.010138522938360898,0.0,4.561265170892778,127,0.372725697997402,-0.07033454909883072,12529.234085067093
1791,90.73620745411507,90.73620745411507,0.005664179042443028,0.0,4.561265170892778,127,0.3727076638306114,-0.044996312013909266,12530.203476757302
1792,90.51017360783838,90.51017360783838,-0.0024942176735812996,0.0,4.561265170892778,127,0.37271558091473234,-0.048516448486901904,12529.775929079045
1793,90.2426911980707,90.2426911980707,-0.002959649965233058,0.0,4.561265170892778,127,0.37272502305254607,-0.04934563627271166,12529.269980588786
1794,89.855420764438,89.855420764438,-0.004300667300916051,0.0,4.561265170892778,127,0.37273898752232465,-0.06732793725953419,12528.53745058284
1795,89.28375012962522,89.28375012962522,-0.006382440786882503,0.0,4.561265170892778,127,0.3727604163558822,-0.03827768917276049,12527.456123796306
1796,89.08138594371184,89.08138594371184,-0.0022691012066195894,0.0,4.561265170892778,127,0.37276806216077835,-0.03249323733959372,12527.073347768403
1797,88.97250660835999,88.97250660835999,-0.0012229931888853988,0.0,4.561265170892778,127,0.3727721907795282,-0.055840721146034895,12526.867400261835
1798,88.88511612699429,88.88511612699429,-0.000982701635774137,0.0,4.561265170892778,127,0.3727755046560478,-0.05288671729696984,12526.702099365422
1799,89.1008738366342,89.1008738366342,0.0024244359386636654,0.0,4.561265170892778,127,0.3727673255126866,-0.04985036445605018,12527.110209519464
1800,88.92197200760707,88.92197200760707,-0.0020098756247045398,0.0,4.337737491991278,108,0.45414895718304377,0.04495036359864259,10931.199070683613
1801,89.64285739689196,89.64285739689196,0.008074258610881157,0.0,4.337737491991278,108,0.45414464568119367,0.09277896920425648,10931.950480015561
1802,90.24823128900756,90.24823128900756,0.0067304743307353195,0.0,4.337737491991278,108,0.45414123056100203,0.1063320836486779,10932.581486828316
1803,90.67540669914158,90.67540669914158,0.00472217128374247,0.0,4.337737491991278,108,0.454138820956335,0.10658280330662467,10933.026749826186
1804,90.00711232966258,90.00711232966258,-0.007397477305933785,0.0,4.337737491991278,108,0.45414259074788677,0.08534535913001423,10932.33015833858
1805,90.62680955002303,90.62680955002303,0.006861387330997896,0.0,4.337737491991278,108,0.4541390950725132,0.04338196207364732,10932.976094962185
1806,90.56837664642829,90.56837664642829,-0.0006449719426541922,0.0,4.337737491991278,108,0.4541394246714288,0.03856158214813055,10932.91518787528
1807,90.84916955533069,90.84916955533069,0.0030955454861309657,0.0,4.337737491991278,108,0.4541378408535686,0.027559637086390608,10933.207870200695
1808,90.6773338460234,90.6773338460234,-0.0018932305466554332,0.0,4.337737491991278,108,0.45413881008615853,0.026288627021895133,10933.028758572891
1809,90.7208286511207,90.7208286511207,0.0004795506782658227,0.0,4.337737491991278,108,0.45413856475241177,0.027457206802649983,10933.074095047908
1810,90.95296458372646,90.95296458372646,0.0025555260866943212,0.0,4.337737491991278,108,0.4541372554171597,0.027652800233804575,10933.316060148927
1811,91.8768250911119,91.8768250911119,0.010106322087164457,0.0,4.337737491991278,108,0.4541320450655548,0.04492836930266275,10934.27903903154
1812,91.44825816196281,91.44825816196281,-0.004675494506904431,0.0,4.337737491991278,108,0.4541370346643923,0.028099809958283276,10933.780288116359
1813,91.75300332687242,91.75300332687242,0.0033268924407506358,0.0,4.337737491991278,108,0.4541397479419532,-0.008317697396492076,10933.897331650713
1814,92.2802418164818,92.2802418164818,0.005729833559997729,0.0,4.337737491991278,108,0.45412665584093265,0.02069836482511374,10934.135553275615
1815,92.44840274556275,92.44840274556275,0.0018206269626415692,0.0,4.337737491991278,108,0.45412985755787366,0.03736558439395245,10934.225733221278
1816,92.2561952749875,92.2561952749875,-0.0020812426113385246,0.0,4.337737491991278,108,0.45413087417071457,0.013995552783474792,10934.028034154799
1817,93.16528948905972,93.16528948905972,0.009805783829118687,0.0,4.337737491991278,108,0.4541260661654479,0.009302138533458983,10934.963102271164
1818,93.25599777655216,93.25599777655216,0.000973153827886826,0.0,4.337737491991278,108,0.4541255864737914,0.016851322781879237,10935.05640220225
1819,93.3652761042384,93.3652761042384,0.0011711241478924795,0.0,4.337737491991278,108,0.45412500858926297,0.017003094158994637,10935.168802741653
1820,92.87092882176903,92.87092882176903,-0.0053088328739315845,0.0,4.337737491991278,108,0.45412762288616765,0.015388778714341026,10934.660331369716
1821,92.68660254428023,92.68660254428023,-0.0019867297949186596,0.0,4.337737491991278,108,0.45412859773603054,0.03845045954050871,10934.47073867138
1822,92.6021257445543,92.6021257445543,-0.0009118396608286985,0.0,4.337737491991278,108,0.45412904452137287,0.04072969431659694,10934.383848269073
1823,93.3331074590318,93.3331074590318,0.007862796823075155,0.0,4.337737491991278,108,0.4541251787019277,0.03060368610921347,10935.135715000015
1824,93.56792551296276,93.56792551296276,0.002512754196690574,0.0,4.337737491991278,108,0.45412393697218584,0.04189990768563349,10935.377242084862
1825,92.55604076673018,92.55604076673018,-0.010873341418580814,0.0,4.337737491991278,108,0.4541292882610211,0.02622672344426153,10934.336446588652
1826,92.41610643403125,92.41610643403125,-0.0015130316808465861,0.0,4.337737491991278,108,0.4541300283751211,0.040340468338275454,10934.192514165736
1827,93.30007363400765,93.30007363400765,0.009519621556973923,0.0,4.337737491991278,108,0.4541253533908657,0.02598274796449483,10935.101737359346
1828,92.62006581400189,92.62006581400189,-0.00731508543740449,0.0,4.337737491991278,108,0.45412894963839606,-0.012779140205450018,10934.402300907628
1829,92.37119567355883,92.37119567355883,-0.002690616719745548,0.0,4.337737491991278,108,0.45413026591271793,-0.02221691471076144,10934.146320251453
1830,92.57120667196904,92.57120667196904,0.0021629553185291707,0.0,4.337737491991278,108,0.4541292080495655,-0.015654363843217493,10934.352045801832
1831,92.94851270753725,92.94851270753725,0.004067562812652144,0.0,4.337737491991278,108,0.45412721257691563,-0.0028636309633709536,10934.740131919321
1832,93.32548033671105,93.32548033671105,0.004047458667032531,0.0,4.337737491991278,108,0.45412521903545605,0.014125655994810108,10935.127869961743
1833,93.85638459587659,93.85638459587659,0.00567261879779293,0.0,4.337737491991278,108,0.4541224116610465,0.02575833803950954,10935.673942786652
1834,93.48248790348407,93.48248790348407,-0.00399166690669181,0.0,4.337737491991278,108,0.4541243887642366,0.009900190599310871,10935.289363421327
1835,93.39435622995593,93.39435622995593,-0.0009432059971965261,0.0,4.337737491991278,108,0.45412485481004256,0.009593788469621882,10935.198713721129
1836,92.96835103657793,92.96835103657793,-0.0045717938060818334,0.0,4.337737491991278,108,0.4541271076611166,0.03505240108494931,10934.760537053004
1837,93.59451510450513,93.59451510450513,0.006712658656164027,0.0,4.337737491991278,108,0.4541263691080406,0.02952166665708789,10935.352533914285
1838,94.25916124167905,94.25916124167905,0.007076240651889024,0.0,4.337737491991278,108,0.45413468700464865,0.0615775098212112,10935.683567474942
1839,94.04220139920052,94.04220139920052,-0.002304390530629629,0.0,4.337737491991278,108,0.45414257742127434,0.019406006675992172,10935.498242151803
1840,93.69053678223932,93.69053678223932,-0.003746443286272696,0.0,4.337737491991278,108,0.4541375862278961,0.011050685240892874,10935.274926856586
1841,94.1152064853533,94.1152064853533,0.0045224434516348035,0.0,4.337737491991278,108,0.45413552962294734,-0.00010799286474133558,10935.708209071838
1842,94.18067774261475,94.18067774261475,0.0006954082949644466,0.0,4.337737491991278,108,0.45413523913665527,-0.002356649268913215,10935.774478110812
1843,94.95171150405558,94.95171150405558,0.008153421377731736,0.0,4.337737491991278,108,0.4541319600044666,0.00930761395399349,10936.554907088735
1844,94.72142620200135,94.72142620200135,-0.002428234361410976,0.0,4.337737491991278,108,0.4541329128245711,-0.021710729545637908,10936.321815709473
1845,95.49922227657294,95.49922227657294,0.008177875699113622,0.0,4.337737491991278,108,0.4541296948068379,-0.0322998841723341,10937.109089400803
1846,95.13395088080934,95.13395088080934,-0.00383219601013419,0.0,4.337737491991278,108,0.45413120600622614,-0.05205953460298599,10936.7393670925
1847,94.85250401834904,94.85250401834904,-0.0029628119382932596,0.0,4.337737491991278,108,0.45413237047677757,-0.033849539007353144,10936.45449073793
1848,96.03532192893958,96.03532192893958,0.012392964751202728,0.0,4.337737491991278,108,0.45412759167591665,-0.06430703530294053,10937.651721545704
1849,96.47025445222432,96.47025445222432,0.004518656254094375,0.0,4.337737491991278,108,0.45412592249095285,-0.06000217574593944,10938.091953817737
1850,97.06647052387322,97.06647052387322,0.006161290140936859,0.0,4.337737491991278,108,0.454123634549968,-0.07748824199003415,10938.69543491375
1851,96.63162605266947,96.63162605266947,-0.0044899274634884676,0.0,4.337737491991278,108,0.4541253032128548,-0.08451687480983917,10938.255291766733
1852,96.1941948297694,96.1941948297694,-0.004537068441087662,0.0,4.337737491991278,108,0.45412698193758333,-0.07279690358096415,10937.81253034788
1853,96.6468963693513,96.6468963693513,0.004695082032274396,0.0,4.337737491991278,108,0.45412524461259257,-0.09999772691719205,10938.270748155592
1854,96.49963268737481,96.49963268737481,-0.0015248910889737865,0.0,4.337737491991278,108,0.45412580974794353,-0.13420881674929216,10938.121690033164
1855,96.77925778543835,96.77925778543835,0.002893490256191254,0.0,4.337737491991278,108,0.45412473667894016,-0.16085768968858946,10938.404722424735
1856,97.00714500903878,97.00714500903878,0.002351943432184479,0.0,4.337737491991278,108,0.45412386219652107,-0.16769322753070834,10938.635386504431
1857,97.56354368892553,97.56354368892553,0.00571926018514314,0.0,4.337737491991278,108,0.4541217272564987,-0.16846274603467026,10939.198565024979
1858,97.84268942793122,97.84268942793122,0.002857083158916873,0.0,4.337737491991278,108,0.4541228855561057,-0.16389147319848527,10939.481112216397
1859,97.45599164923196,97.45599164923196,-0.003960070615131546,0.0,4.337737491991278,108,0.4541221399239365,-0.16315939340593788,10939.089702439955
1860,98.47454128659614,98.47454128659614,0.010397142268418678,0.0,4.337737491991278,108,0.4541408336769236,-0.17221566004096875,10940.120663329353
1861,98.77584036154346,98.77584036154346,0.003054993422722219,0.0,4.337737491991278,108,0.45415128042498304,-0.19027029629469996,10940.4256338
1862,99.38018340802357,99.38018340802357,0.006099687597252791,0.0,4.337737491991278,108,0.45417310271125283,-0.19718011107481723,10941.027434293475
1863,99.1056251458696,99.1056251458696,-0.0027665296503517297,0.0,4.337737491991278,108,0.454164569460579,-0.19022774496807834,10940.503228355388
1864,99.41752942544652,99.41752942544652,0.0031422484383596292,0.0,4.337737491991278,108,0.4541611430047404,-0.1731140165563184,10940.520584483756
1865,100.3196161860296,100.3196161860296,0.00903280049750311,0.0,4.337737491991278,108,0.4541873470789905,-0.1546398133090529,10941.318020203118
1866,100.58152514150846,100.58152514150846,0.002607343115372922,0.0,4.337737491991278,108,0.45418552018625447,-0.14850385995164503,10941.354483432588
1867,100.12643354716063,100.12643354716063,-0.004534871235164906,0.0,4.337737491991278,108,0.4541887197263691,-0.1450947232434373,10941.290623485598
1868,99.9059265683116,99.9059265683116,-0.002204713957692506,0.0,4.337737491991278,108,0.45419074786495245,-0.13214696110995308,10941.250072073568
1869,99.60283759126852,99.60283759126852,-0.003038354846075439,0.0,4.337737491991278,108,0.45419782252283497,-0.11832284018752494,10941.108144127094
1870,99.4437467312715,99.4437467312715,-0.0015985292529938284,0.0,4.337737491991278,108,0.4542015360715154,-0.1142853946468086,10941.033646402757
1871,99.00334207005102,99.00334207005102,-0.004438516955768464,0.0,4.337737491991278,108,0.4542118163988213,-0.07101959761610237,10940.82741742738
1872,99.13880697883779,99.13880697883779,0.0013673509704320932,0.0,4.337737491991278,108,0.4542086542120886,-0.06516684685786774,10940.890851790815
1873,98.3315926055379,98.3315926055379,-0.008175593620109042,0.0,4.337737491991278,108,0.45422749773396814,-0.06811909530967995,10940.512856261308
1874,98.25990268280867,98.25990268280867,-0.0007293288634064348,0.0,4.337737491991278,108,0.4542291713184467,-0.059934044768849074,10940.479285909738
1875,98.38300733595348,98.38300733595348,0.001252063135307288,0.0,4.337737491991278,108,0.45422629747543614,-0.05861715744684862,10940.53693231705
1876,99.09289735088218,99.09289735088218,0.007189667762062602,0.0,4.337737491991278,108,0.4542097258863789,-0.03893876135567989,10940.869353617958
1877,98.47570741733315,98.47570741733315,-0.006247874676115374,0.0,4.337737491991278,108,0.4542241334384689,-0.06847189534020724,10940.580341128272
1878,98.1376724505741,98.1376724505741,-0.003438578799248107,0.0,4.337737491991278,108,0.4542320247783138,-0.04781883883371254,10940.422048968867
1879,98.37223501336906,98.37223501336906,0.002387285986975317,0.0,4.337737491991278,108,0.45422654895102454,-0.050753185867613654,10940.531887944806
1880,98.18597222570781,98.18597222570781,-0.0018952436128861444,0.0,4.337737491991278,108,0.4542308972184334,-0.06622633277351733,10940.444666379659
1881,97.51518210818432,97.51518210818432,-0.006855276319406339,0.0,4.337737491991278,108,0.4542465572536084,-0.053454993693812805,10940.130554448493
1882,97.82221316104201,97.82221316104201,0.003143599875284438,0.0,4.337737491991278,108,0.4542393893007369,-0.05651904776745035,10940.274328356934
1883,97.30170011408467,97.30170011408467,-0.005335217738315449,0.0,4.337737491991278,108,0.45425154131939416,-0.07393604957409183,10940.030586903229
1884,96.86556060290562,96.86556060290562,-0.00449241796042948,0.0,4.337737491991278,108,0.45426172395081144,-0.03971745496963398,10939.826355176292
1885,96.49658502651997,96.49658502651997,-0.003816424595740203,0.0,4.337737491991278,108,0.4542703387900589,-0.04488467029866185,10939.653574409514
1886,96.08130052617732,96.08130052617732,-0.0043129058446310774,0.0,4.337737491991278,108,0.454280044938712,-0.016780712596450333,10939.459108490926
1887,96.9006389670906,96.9006389670906,0.008491399414692393,0.0,4.337737491991278,108,0.45426091979539834,0.00415949108589432,10939.842485266661
1888,97.35225950802435,97.35225950802435,0.004649828735452586,0.0,4.337737491991278,108,0.45425098844453704,0.00630363210640097,10939.990029845085
1889,96.74683574241482,96.74683574241482,-0.006238315827756435,0.0,4.337737491991278,108,0.4542234324636022,-0.008751474393283585,10939.252768571669
1890,95.99453182591496,95.99453182591496,-0.007806396171471781,0.0,4.337737491991278,108,0.4542284158678681,0.02675179513985867,10939.12954719644
1891,95.92165960044964,95.92165960044964,-0.0007594172062910976,0.0,4.337737491991278,108,0.4542274922625019,0.02628672380525979,10939.0885787047
1892,95.65087947063068,95.65087947063068,-0.002826921973889713,0.0,4.337737491991278,108,0.45422414929275656,0.016726023338533777,10938.935811731588
1893,96.34638950614138,96.34638950614138,0.007245030947772775,0.0,4.337737491991278,108,0.4542330230866816,0.01720109981480752,10939.32820006143
1894,96.54802224474858,96.54802224474858,0.0020906029388341974,0.0,4.337737491991278,108,0.4542356673250981,0.020337962653197435,10939.441955908944
1895,96.19241750552978,96.19241750552978,-0.0036899899488976235,0.0,4.337737491991278,108,0.45423100384045884,0.011288372509361662,10939.241333139204
1896,96.5859266269235,96.5859266269235,0.004082509056833176,0.0,4.337737491991278,108,0.45423616440204084,0.022123400850167545,10939.463340556837
1897,96.01469019104236,96.01469019104236,-0.005931840928791593,0.0,4.337737491991278,108,0.45422867301831943,-0.019426355810384276,10939.141064098445
1898,96.28645427646907,96.28645427646907,0.002826444606987333,0.0,4.337737491991278,108,0.4542322370775454,-0.018200534396395938,10939.294386193234
1899,96.42920398069576,96.42920398069576,0.0014814544041253884,0.0,4.337737491991278,108,0.4542341091333149,-0.02394256995862586,10939.37492179325
1900,96.66482262857416,96.66482262857416,0.0024404562788175287,0.0,4.337737491991278,108,0.45423719903563325,-0.011298206994123093,10939.50785159009
1901,96.4512646934821,96.4512646934821,-0.0022117061826135366,0.0,4.337737491991278,108,0.45423439844063,-0.01569554276621656,10939.387367862757
1902,96.87686439250787,96.87686439250787,0.004402881138625622,0.0,4.337737491991278,108,0.45423997968656143,-0.023658107236259933,10939.627479933835
1903,96.35411088787208,96.35411088787208,-0.005410672685307162,0.0,4.337737491991278,108,0.454233124346916,-0.025450298709396937,10939.332556260373
1904,96.04863155746895,96.04863155746895,-0.00317541822124527,0.0,4.337737491991278,108,0.454229118148969,0.0020190443689795568,10939.16021291788
1905,96.23775583141092,96.23775583141092,0.001967111010771435,0.0,4.337737491991278,108,0.4542315984274994,0.0204325484641832,10939.266911821123
1906,97.51549388881176,97.51549388881176,0.013189524124240916,0.0,4.337737491991278,108,0.45424835411132536,0.024660429251055285,10939.987777770888
1907,97.8181180469029,97.8181180469029,0.0030985389274817356,0.0,4.337737491991278,108,0.45425235626603855,0.07314039466461515,10940.158510300831
1908,98.65816618468061,98.65816618468061,0.008551192424599044,0.0,4.337737491991278,108,0.4542635063095785,0.05818899389956041,10940.632443197468
1909,98.49216688748052,98.49216688748052,-0.0016839873800051756,0.0,4.337737491991278,108,0.45426129797102405,0.03047738974524241,10940.538790793249
1910,98.12100045558213,98.12100045558213,-0.0037756054473351962,0.0,4.337737491991278,108,0.45425637427900517,0.05582259556437839,10940.329388528911
1911,98.7333415780314,98.7333415780314,0.006221281086753252,0.0,4.337737491991278,108,0.45426450744652963,0.022868742527298272,10940.674855162122
1912,97.85580941771116,97.85580941771116,-0.008927633944573363,0.0,4.337737491991278,108,0.45425285628348255,0.0002448802893031412,10940.179774773356
1913,98.00690465599793,98.00690465599793,0.0015428691364170724,0.0,4.337737491991278,108,0.4542548825198651,-0.0022281600592800243,10940.264583459264
1914,97.63506433299634,97.63506433299634,-0.0038012372566305643,0.0,4.337737491991278,108,0.454249889610583,-0.0026312422912622246,10940.055998891567
1915,98.68645887917195,98.68645887917195,0.010711047681972242,0.0,4.337737491991278,108,0.4542606029048941,-0.031504669240691674,10940.580295094796
1916,98.19850074863143,98.19850074863143,-0.004956794369149582,0.0,4.337737491991278,108,0.45424933569842024,-0.07151359105210264,10940.21437660996
1917,97.99009644694945,97.99009644694945,-0.002124531018105747,0.0,4.337737491991278,108,0.4542438701504156,-0.07494536809132918,10940.04416414429
1918,97.88822141213197,97.88822141213197,-0.001040187041798145,0.0,4.337737491991278,108,0.454244604365828,-0.06675262031212353,10940.029513112662
1919,97.27605869847889,97.27605869847889,-0.006273327485182886,0.0,4.337737491991278,108,0.45424881997570116,-0.03679601698501844,10939.945392737483
1920,96.84788932751944,96.84788932751944,-0.004411305968662137,0.0,4.337737491991278,108,0.45425176856857397,-0.04433282491853603,10939.886555818275
1921,96.41619048944654,96.41619048944654,-0.004467457754954354,0.0,4.337737491991278,108,0.45425474149926864,-0.04750359029127701,10939.827233897136
1922,96.02647000262105,96.02647000262105,-0.004050255994127039,0.0,4.337737491991278,108,0.4542574253701755,-0.029099324117912693,10939.773680433596
1923,95.37425480326583,95.37425480326583,-0.006815206415441796,0.0,4.337737491991278,108,0.4542619170106401,-0.009336344848521503,10939.684056243746
1924,95.82188947559204,95.82188947559204,0.0046824740310651486,0.0,4.337737491991278,108,0.45425883425639535,-0.05327829118383311,10939.745567988482
1925,96.23173169173948,96.23173169173948,0.004268004277054372,0.0,4.337737491991278,108,0.45425601180026937,-0.0599147695724583,10939.801886480636
1926,95.89649121272227,95.89649121272227,-0.003489761308094569,0.0,4.337737491991278,108,0.4542583204952249,-0.06083100995698438,10939.755819390562
1927,95.83368231616184,95.83368231616184,-0.0006551801174659967,0.0,4.337737491991278,108,0.45425875304235713,-0.06545354764570581,10939.74718850236
1928,96.52182043027322,96.52182043027322,0.007154888109829534,0.0,4.337737491991278,108,0.454254014066735,-0.06518932871925406,10939.841749041647
1929,96.37660568061384,96.37660568061384,-0.0015056087291005227,0.0,4.337737491991278,108,0.45425501410502866,-0.07180214318619664,10939.82179434831
1930,96.02950193566242,96.02950193566242,-0.003608036416298861,0.0,4.337737491991278,108,0.4542574044901946,-0.07206368223119963,10939.774097066853
1931,95.68921795580361,95.68921795580361,-0.0035498290139430915,0.0,4.337737491991278,108,0.4542597479301967,-0.06163709936336609,10939.727336923814
1932,95.71857043571889,95.71857043571889,0.0003067010009574629,0.0,4.337737491991278,108,0.4542595457871389,-0.05379846072982727,10939.731370396561
1933,96.07555303567653,96.07555303567653,0.003722564651475998,0.0,4.337737491991278,108,0.45425708735076825,-0.05450435978818437,10939.78042518146
1934,95.53695277094496,95.53695277094496,-0.005621780070935561,0.0,4.337737491991278,108,0.4542607965441603,-0.06739799155401623,10939.706413394513
1935,95.02287680598049,95.02287680598049,-0.005395441559762563,0.0,4.337737491991278,108,0.45426433689218954,-0.05925058933549335,10939.635771615653
1936,95.68999163734142,95.68999163734142,0.006996041303096701,0.0,4.337737491991278,108,0.45425974260204693,-0.05445597910002534,10939.72744323931
1937,95.20177544067606,95.20177544067606,-0.005115121187581849,0.0,4.337737491991278,108,0.45426310484451865,-0.08808880237015809,10939.660354982027
1938,95.61537306617811,95.61537306617811,0.0043350220506541215,0.0,4.337737491991278,108,0.4542602564818147,-0.09621645368857797,10939.717189523979
1939,96.11761380445564,96.11761380445564,0.005238972126990951,0.0,4.337737491991278,108,0.4542567976918169,-0.07477199118546397,10939.786204964468
1940,94.78495870257743,94.78495870257743,-0.01396185219032287,0.0,4.337737491991278,108,0.45426597540653857,-0.11555103911905985,10939.603078085529
1941,95.19285359530028,95.19285359530028,0.004294138505699247,0.0,4.337737491991278,108,0.45426316628777885,-0.141281950606559,10939.65912898612
1942,94.57881280169889,94.57881280169889,-0.006471386885108166,0.0,4.337737491991278,108,0.4542673951173377,-0.14562762132974713,10939.574750534475
1943,94.51402011853506,94.51402011853506,-0.0006853002802799737,0.0,4.337737491991278,108,0.45426784134102993,-0.15841715998296144,10939.565847044121
1944,94.73467759875699,94.73467759875699,0.0023319323501446976,0.0,4.337737491991278,108,0.4542663216879151,-0.16783671131973787,10939.5961687047
1945,95.28687116812402,95.28687116812402,0.005811921093181958,0.0,4.337737491991278,108,0.45426251880513735,-0.1643481609371635,10939.672048416402
1946,95.5931624708169,95.5931624708169,0.0032092572464146344,0.0,4.337737491991278,108,0.45426040944091445,-0.13217974477025907,10939.714137453715
1947,95.05061758179401,95.05061758179401,-0.005691728873112758,0.0,4.337737491991278,108,0.4542635489296517,-0.1725672205256316,10939.627084540843
1948,95.58376913334295,95.58376913334295,0.005593460348739131,0.0,4.337737491991278,108,0.45426775141283304,-0.17291736309830913,10939.866202397894
1949,94.67945462367415,94.67945462367415,-0.009506002280389433,0.0,4.337737491991278,108,0.4542521648094378,-0.2240641925821114,10939.299747714627
1950,94.55451283421174,94.55451283421174,-0.0013205008518941698,0.0,4.337737491991278,108,0.45424482482578865,-0.22844362947731506,10939.114489974658
1951,94.79390972204345,94.79390972204345,0.00252864018784887,0.0,4.337737491991278,108,0.45424878714754996,-0.2300788343862821,10939.261234648497
1952,95.74232993878114,95.74232993878114,0.009955356015250638,0.0,4.337737491991278,108,0.4542644836588383,-0.1912555091738873,10939.84259398289
1953,95.89895757985316,95.89895757985316,0.0016345921901733279,0.0,4.337737491991278,108,0.4542670757116747,-0.19663008030453238,10939.938603050974
1954,96.6918800145498,96.6918800145498,0.008234316075149713,0.0,4.337737491991278,108,0.4542801971983159,-0.17759562304876914,10940.424645894354
1955,96.90980227177762,96.90980227177762,0.0022512443765152117,0.0,4.337737491991278,108,0.4542838032282559,-0.15998441407303715,10940.558227123618
1956,97.60467410329555,97.60467410329555,0.007144710258949615,0.0,4.337737491991278,108,0.4542953009087503,-0.1359030335999875,10940.984167248398
1957,97.80548072682917,97.80548072682917,0.002055232947252102,0.0,4.337737491991278,108,0.4542986233841146,-0.12251066970946604,10941.107256995896
1958,97.44984773879658,97.44984773879658,-0.003642752124486628,0.0,4.337737491991278,108,0.45429273915544705,-0.12761137848575327,10940.889262320577
1959,97.73471605935197,97.73471605935197,0.0029189656935681195,0.0,4.337737491991278,108,0.4542974525454874,-0.13450915865958318,10941.063879915508
1960,97.73569592780417,97.73569592780417,1.00257470401712e-05,0.0,4.337737491991278,108,0.4542974687579897,-0.1322076623493801,10941.064480551873
1961,98.22679359053656,98.22679359053656,0.005012170360214654,0.0,4.337737491991278,108,0.4543055940347714,-0.12580536796851197,10941.365511893559
1962,97.61072122077424,97.61072122077424,-0.006291689338904331,0.0,4.337737491991278,108,0.454295400963309,-0.1281055029954802,10940.987873989492
1963,98.21706504210809,98.21706504210809,0.006192642735929415,0.0,4.337737491991278,108,0.4543054330789719,-0.15964544616302323,10941.359548521692
1964,97.93006282266667,97.93006282266667,-0.0029263994572351726,0.0,4.337737491991278,108,0.454300684637828,-0.16697896110442542,10941.183622896828
1965,98.58365222785608,98.58365222785608,0.0066518697179718395,0.0,4.337737491991278,108,0.4543115024244056,-0.18519946249846334,10941.584257863125
1966,98.24109027930379,98.24109027930379,-0.003480886499109085,0.0,4.337737491991278,108,0.4543058305687097,-0.2379130477429077,10941.374275428245
1967,97.55673155029731,97.55673155029731,-0.006990491615152729,0.0,4.337737491991278,108,0.45429450765717205,-0.23331994207198942,10940.954779588572
1968,97.55453863165562,97.55453863165562,-2.2478646566546614e-05,0.0,4.337737491991278,108,0.45429447137330803,-0.23602574266114115,10940.953435380912
1969,97.53505856663092,97.53505856663092,-0.00019970378092112263,0.0,4.337737491991278,108,0.45429414905725374,-0.23957945448913476,10940.941494558228
1970,97.73645142335316,97.73645142335316,0.002062696479771818,0.0,4.337737491991278,108,0.45429748125810854,-0.22705249252494603,10941.064943652913
1971,98.12387655938473,98.12387655938473,0.003956142066368314,0.0,4.337737491991278,108,0.4543038912957008,-0.19161377678219,10941.302426168824
1972,97.6919716508202,97.6919716508202,-0.004411344770267096,0.0,4.337737491991278,108,0.45429315433302137,-0.20091233620543617,10940.965122275333
1973,98.57768679154519,98.57768679154519,0.009025553519797136,0.0,4.337737491991278,108,0.45430194299255783,-0.21175065618142674,10941.395321179602
1974,97.98133695255467,97.98133695255467,-0.006067914435159991,0.0,4.337737491991278,108,0.4542916245471074,-0.21708612134921582,10941.019846259287
1975,98.40290272959993,98.40290272959993,0.0042932816325971885,0.0,4.337737491991278,108,0.45430743299900117,-0.21337404853320444,10941.453436957363
1976,98.10473480950729,98.10473480950729,-0.0030346723684790476,0.0,4.337737491991278,108,0.4542963652994134,-0.23005934516852442,10941.144503479554
1977,98.53860282970054,98.53860282970054,0.0044127477639199575,0.0,4.337737491991278,108,0.45431247119867446,-0.23785453526002337,10941.59403660286
1978,98.72509368680544,98.72509368680544,0.0018907778365459852,0.0,4.337737491991278,108,0.4543194027680651,-0.2374751900169481,10941.787260840558
1979,98.49026547666398,98.49026547666398,-0.0023814404934634275,0.0,4.337737491991278,108,0.45431067569975825,-0.26451630864683656,10941.543953996465
1980,98.15254913425416,98.15254913425416,-0.0034348234397454393,0.0,4.337737491991278,108,0.4542981401621425,-0.27372292791912495,10941.194044173362
1981,98.58619094263739,98.58619094263739,0.004408308302339178,0.0,4.337737491991278,108,0.45431423999662435,-0.2982080910594763,10941.643342917327
1982,98.7555920932003,98.7555920932003,0.0017168304610018826,0.0,4.337737491991278,108,0.45432053632216945,-0.3195078076172227,10941.818860412879
1983,98.26543533486229,98.26543533486229,-0.004975689914832373,0.0,4.337737491991278,108,0.4543023304223242,-0.3087954847404046,10941.311006207843
1984,98.4896965650248,98.4896965650248,0.002279598251011213,0.0,4.337737491991278,108,0.45431065458326325,-0.32889989429084787,10941.543364543879
1985,98.190667952721,98.190667952721,-0.0030407594926311846,0.0,4.337737491991278,108,0.4542995551171793,-0.3238302584341144,10941.233539297973
1986,98.16446671941497,98.16446671941497,-0.0002668759694548415,0.0,4.337737491991278,108,0.45429858253915384,-0.32832422710408843,10941.206392051128
1987,98.18389573981796,98.18389573981796,0.00019790356510277686,0.0,4.337737491991278,108,0.4542993037361368,-0.3236730644174438,10941.226522569668
1988,97.7429689204149,97.7429689204149,-0.004500940333449873,0.0,4.337737491991278,108,0.45428294416151915,-0.320107594744973,10940.769675784353
1989,97.6429474541394,97.6429474541394,-0.0010238350528903718,0.0,4.337737491991278,108,0.45427926216380815,-0.3209536941045208,10940.666042974282
1990,97.32925059967558,97.32925059967558,-0.0032178651959645465,0.0,4.337737491991278,108,0.45426771387923787,-0.328557343818206,10940.341019879248
1991,97.10325655525203,97.10325655525203,-0.002324653932651413,0.0,4.337737491991278,108,0.45425939381834196,-0.32411468118518494,10940.1068661645
1992,97.35086350310287,97.35086350310287,0.0025466889732172235,0.0,4.337737491991278,108,0.45426850954824033,-0.32707086705411575,10940.36341313141
1993,97.75580413552412,97.75580413552412,0.004150972580985381,0.0,4.337737491991278,108,0.45428341664737015,-0.30648622445932927,10940.782974423728
1994,98.04383329908752,98.04383329908752,0.0029420827852250967,0.0,4.337737491991278,108,0.45429410461844805,-0.3301924467533097,10941.081403078233
1995,98.42612597948866,98.42612597948866,0.0038916195053992097,0.0,4.337737491991278,108,0.45430829499693426,-0.30230126024688525,10941.477498698654
1996,98.6321530016865,98.6321530016865,0.002091027063996618,0.0,4.337737491991278,108,0.45431326669034927,-0.2806914120325008,10941.636304819554
1997,98.6352301980637,98.6352301980637,3.1198227781239e-05,0.0,4.337737491991278,108,0.45430972805493625,-0.27195486124862955,10941.56521411556
1998,97.9386675641207,97.9386675641207,-0.00708706046283814,0.0,4.337737491991278,108,0.45429687263360174,-0.27421515965849785,10941.100846464733
1999,97.68218239811782,97.68218239811782,-0.002622269691852961,0.0,4.337737491991278,108,0.45429217955375933,-0.20890983813601177,10940.929305673413
