step,price,fundamental,log_return,volume,strategy_entropy,n_families,wealth_gini,acf1,mean_fitness
0,100.39161347679652,100.39161347679652,0.0,0.0,6.214608098422218,500,0.0,0.0,20000.0
1,100.40857667550118,100.40857667550118,0.0001689560028020831,0.0,6.214608098422218,500,0.0,0.0,20000.0
2,101.1213033719267,101.1213033719267,0.007073191010023293,0.0,6.214608098422218,500,5.988003592802156e-07,0.0,19999.988
3,100.25257758160387,100.25257758160387,-0.008628042280594144,0.0,6.214608098422218,500,2.0915638018737196e-05,0.0,19999.580809626514
4,99.75408915931327,99.75408915931327,-0.0049847283852713,0.0,6.214608098422218,500,3.080113410582514e-05,0.0,19999.38191661675
5,99.43091650128925,99.43091650128925,-0.003244952505621935,0.0,6.214608098422218,500,3.72100581100454e-05,0.0,19999.252973235616
6,100.21188183374282,100.21188183374282,0.007823666293205628,0.0,6.214608098422218,500,2.487987663961321e-05,0.0,19999.50100165364
7,100.15203928406545,100.15203928406545,-0.0005973385939234956,0.0,6.214608098422218,500,2.6071634298357838e-05,0.0,19999.47692773364
8,100.30314889556774,100.30314889556774,0.0015076650447205186,0.0,6.214608098422218,500,2.5490670915965357e-05,0.0,19999.537717267474
9,100.7897042692378,100.7897042692378,0.004839120988023575,0.0,6.214608098422218,500,3.510588970583527e-05,0.0,19999.733452496075
10,101.37778736112008,101.37778736112008,0.005817797370533789,0.0,6.214608098422218,500,4.6727229586077046e-05,0.0,19999.970031074077
11,101.82927543185954,101.82927543185954,0.004443633084919782,0.0,6.214608098422218,500,5.564907529285263e-05,0.0,20000.15165915901
12,102.0456668152013,102.0456668152013,0.002122786274916397,0.0,6.214608098422218,500,5.812670014954666e-05,0.0,20000.178762474356
13,102.44697184893272,102.44697184893272,0.003924889927776289,0.0,6.214608098422218,500,6.544643702216631e-05,0.0,20000.35245934299
14,103.38203318082155,103.38203318082155,0.009085869743417192,0.0,6.214608098422218,500,8.527489460748957e-05,0.0,20000.75718196463
15,103.8347671991592,103.8347671991592,0.004369672129709644,0.0,6.214608098422218,500,9.546562135840308e-05,0.0,20000.941256985854
16,104.23829391432287,104.23829391432287,0.0038787070167033803,0.0,6.214608098422218,500,0.00010182844809004195,0.0,20001.205843983713
17,104.54209506096485,104.54209506096485,0.0029102480606963536,0.0,6.214608098422218,500,0.00010456253702636142,0.0,20001.38815155327
18,104.7859048139434,104.7859048139434,0.0023294529482345075,0.0,6.214608098422218,500,0.00011440693381095043,0.0,20001.58625552624
19,105.02725027383995,105.02725027383995,0.0023005761125130565,0.0,6.214608098422218,500,0.0001220780063824993,0.0,20001.71683783197
20,104.57241118392244,104.57241118392244,-0.004340081474476527,0.0,6.214608098422218,500,0.0001910824167108634,0.0,19999.153704302844
21,104.62197246966082,104.62197246966082,0.0004738299929477389,0.0,6.214608098422218,500,0.0003818174436867591,0.0,19992.77783735829
22,104.0319391541689,104.0319391541689,-0.0056556321771454995,0.0,6.214608098422218,500,0.0010086066856889796,0.0,19976.222096535013
23,103.98341982378432,103.98341982378432,-0.00046649758462903807,0.0,6.214608098422218,500,0.001299211142048235,0.0,19963.457182502458
24,104.1161862340807,104.1161862340807,0.0012759892325128728,0.0,6.214608098422218,500,0.0012987366163570925,0.0,19962.519927920006
25,103.2966360833781,103.2966360833781,-0.007902639834258377,0.0,6.214608098422218,500,0.0032481314143844274,0.0,19891.96870614321
26,103.18535966200353,103.18535966200353,-0.0010778318152685226,0.0,6.214608098422218,500,0.0033555114329763503,0.0,19888.500374268857
27,102.82125856609925,102.82125856609925,-0.003534852211658393,0.0,6.214608098422218,500,0.004421103738551582,0.0,19853.965465251345
28,102.78918819041968,102.78918819041968,-0.00031195278688950424,0.0,6.214608098422218,500,0.004479826036577808,0.0,19852.23573349718
29,103.14224838588153,103.14224838588153,0.003428913499128357,0.0,6.214608098422218,500,0.004048826737722873,0.0,19868.77156371458
30,102.65611003159847,102.65611003159847,-0.004724423093025067,0.0,6.214608098422218,500,0.00461233037813559,0.0,19849.592177408023
31,102.29810563292773,102.29810563292773,-0.003493509627197073,0.0,6.214608098422218,500,0.005020371830355319,0.0,19827.477064668008
32,102.5988131081354,102.5988131081354,0.0029352094989965453,0.0,6.214608098422218,500,0.0047397570019137355,0.0,19835.140063580966
33,102.32369569817271,102.32369569817271,-0.0026850888841654544,0.0,6.214608098422218,500,0.004865269213114889,0.0,19820.964062587278
34,102.30031533627114,102.30031533627114,-0.0002285202199401603,0.0,6.214608098422218,500,0.004878769997701712,0.0,19815.178607396418
35,101.68431932594498,101.68431932594498,-0.006039649837723759,0.0,6.214608098422218,500,0.005117812315490515,0.0,19785.305913341566
36,101.51506734000509,101.51506734000509,-0.0016658714168213023,0.0,6.214608098422218,500,0.005396929685697536,0.0,19772.96836653829
37,101.72046156741986,101.72046156741986,0.002021244006359322,0.0,6.214608098422218,500,0.005228637521989348,0.0,19779.475445963697
38,101.56845336247777,101.56845336247777,-0.0014954896416748157,0.0,6.214608098422218,500,0.005279849503549217,0.0,19773.343869161446
39,101.46246394849514,101.46246394849514,-0.0010440717602474316,0.0,6.214608098422218,500,0.005301488766008486,0.0,19764.00865578949
40,100.45239988556904,100.45239988556904,-0.010004934448526378,0.0,6.214608098422218,500,0.005965312753135437,0.0,19709.21698240988
41,100.56770231522708,100.56770231522708,0.0011471732532277997,0.0,6.214608098422218,500,0.005810074586238616,0.0,19717.094887624662
42,100.48328526818025,100.48328526818025,-0.0008397576457828632,0.0,6.214608098422218,500,0.006053847419308195,0.0,19701.77100389983
43,100.82835587482461,100.82835587482461,0.003428226431868342,0.0,6.214608098422218,500,0.005916945635470283,0.0,19715.914658334896
44,99.89907344470357,99.89907344470357,-0.009259213575798208,0.0,6.214608098422218,500,0.007743826043574878,0.0,19652.314023628616
45,99.91357550506821,99.91357550506821,0.00014515658008954985,0.0,6.214608098422218,500,0.00787500551644658,0.0,19645.68464332904
46,100.09298565023785,100.09298565023785,0.0017940430779266197,0.0,6.214608098422218,500,0.007845334615113374,0.0,19650.024195840175
47,99.18476016856684,99.18476016856684,-0.009115235285776483,0.0,6.214608098422218,500,0.010048216608537367,0.0,19570.112858182474
48,98.75769006163833,98.75769006163833,-0.00431510036483154,0.0,6.214608098422218,500,0.010399999416264459,0.0,19557.33771144023
49,99.29332297183512,99.29332297183512,0.00540905303081135,0.0,6.214608098422218,500,0.009467746176463569,0.0,19587.929412517162
50,99.54136140504332,99.54136140504332,0.002494922479425088,0.0,6.214608098422218,500,0.009301899711663585,0.0,19594.659480163507
51,99.77748820407332,99.77748820407332,0.0023693384740723395,0.0,6.214608098422218,500,0.00902837475578074,0.0,19604.81610324022
52,100.84464199450377,100.84464199450377,0.010638545750406186,0.0,6.214608098422218,500,0.008309219675228538,0.0,19665.85812223049
53,100.00156768215008,100.00156768215008,-0.008395271839115327,0.0,6.214608098422218,500,0.008656566595502109,0.0,19626.38753755464
54,99.70333241973832,99.70333241973832,-0.0029867618067091007,0.0,6.214608098422218,500,0.009116415787645568,0.0,19603.074841489823
55,99.40359513491705,99.40359513491705,-0.0030108195122074562,0.0,6.214608098422218,500,0.009240199381055683,0.0,19585.398896761486
56,99.6625913112147,99.6625913112147,0.0026021126647352,0.0,6.214608098422218,500,0.009097033167370221,0.0,19592.44571606559
57,99.93807968466284,99.93807968466284,0.002760397016742969,0.0,6.214608098422218,500,0.009098217008625814,0.0,19598.985541862803
58,99.43473984902043,99.43473984902043,-0.005049242983076258,0.0,6.214608098422218,500,0.010322435925459393,0.0,19549.406518032705
59,98.96979236154506,98.96979236154506,-0.0046868721536849674,0.0,6.214608098422218,500,0.010541567905319491,0.0,19540.137010513194
60,99.4286926248647,99.4286926248647,0.0046260542940877464,0.0,6.214608098422218,500,0.009853876688132106,0.059348741621623215,19564.390436043057
61,99.8245753945662,99.8245753945662,0.003973669235679028,0.0,6.214608098422218,500,0.009743159367388239,0.07194952521045309,19570.929246585998
62,99.42506914503662,99.42506914503662,-0.004010112899567801,0.0,6.214608098422218,500,0.009938347064839648,0.10897065637533655,19557.5848785044
63,99.91716840983428,99.91716840983428,0.004937240300550535,0.0,6.214608098422218,500,0.010051631582683684,0.06380502298604626,19583.890826020615
64,100.35579220198366,100.35579220198366,0.004380266733187249,0.0,6.214608098422218,500,0.00932556415616277,0.06822540973266027,19612.31959901383
65,100.26410226933635,100.26410226933635,-0.0009140662671863233,0.0,6.214608098422218,500,0.009377338042878684,0.08625698126690624,19609.61338723043
66,100.07848959890632,100.07848959890632,-0.0018529532018786222,0.0,6.214608098422218,500,0.009632218894184566,0.09597028409493367,19597.820655405787
67,99.81771895273364,99.81771895273364,-0.0026090619325765878,0.0,6.214608098422218,500,0.009678468281138221,0.10015449422533301,19572.74423951552
68,100.1133992888282,100.1133992888282,0.0029578242172995446,0.0,6.214608098422218,500,0.00916090626637324,0.08690474943082624,19594.034859577332
69,99.38050716658668,99.38050716658668,-0.007347546924588332,0.0,6.214608098422218,500,0.01062795442596942,0.0420002278045745,19529.103012212956
70,98.90972872256496,98.90972872256496,-0.0047483863889780905,0.0,6.214608098422218,500,0.01057685763721909,0.04418200325377032,19491.810361066287
71,99.3149839135745,99.3149839135745,0.0040888519925896954,0.0,6.214608098422218,500,0.009957346214993895,0.017805783620898432,19521.088773881886
72,99.90767289605257,99.90767289605257,0.005950033400257433,0.0,6.214608098422218,500,0.009460786703249473,0.03195600707719033,19551.76358933869
73,99.55877128735045,99.55877128735045,-0.003498352476934952,0.0,6.214608098422218,500,0.009627511864450121,-0.018266823694329026,19519.020099675257
74,100.64856374848657,100.64856374848657,0.010886746227850044,0.0,6.214608098422218,500,0.00842495606759219,-0.08118536008492556,19602.03645294663
75,100.03846148577193,100.03846148577193,-0.0060801553218270766,0.0,6.214608098422218,500,0.009092522295284778,-0.14864459123700005,19543.20508845438
76,99.68546419280517,99.68546419280517,-0.003534856020197602,0.0,6.214608098422218,500,0.009331080121680308,-0.1509244643109927,19520.134182966056
77,99.87253070924599,99.87253070924599,0.0018748090882164225,0.0,6.214608098422218,500,0.009207556550960774,-0.16661218769910627,19528.184281189137
78,99.89552296811448,99.89552296811448,0.00023018954779571848,0.0,6.214608098422218,500,0.009293025516102378,-0.1734541858380294,19523.42468378115
79,99.72799146105227,99.72799146105227,-0.0016784750721695256,0.0,6.214608098422218,500,0.009398829371105416,-0.16655176795039545,19516.601236448598
80,99.83223809802047,99.83223809802047,0.001044763745571032,0.0,6.214608098422218,500,0.009391066958758732,-0.1654060962068994,19516.015728216167
81,101.16883618922786,101.16883618922786,0.013299608445363695,0.0,6.214608098422218,500,0.008916924479745278,-0.12108651093215765,19578.92581579146
82,101.46152423527226,101.46152423527226,0.0028888884073230486,0.0,6.214608098422218,500,0.008709686600888927,-0.08854861562255097,19595.45636406132
83,101.46624114473607,101.46624114473607,4.64885567120915e-05,0.0,6.214608098422218,500,0.008713089444634845,-0.08737459320584473,19595.09207390993
84,102.04218966111574,102.04218966111574,0.005660208294887198,0.0,6.214608098422218,500,0.008748049960544447,-0.07492692348635666,19618.42291866384
85,102.1624644231959,102.1624644231959,0.001177982710802517,0.0,6.214608098422218,500,0.008813747989485112,-0.07640936742484544,19618.6713448304
86,102.82312041422043,102.82312041422043,0.006445899881669059,0.0,6.214608098422218,500,0.008425635215930096,-0.07028933979524338,19665.023329082775
87,102.32137787339313,102.32137787339313,-0.004891610991118468,0.0,6.214608098422218,500,0.008229207456548381,-0.09220354971564759,19646.011398477673
88,102.19437206309082,102.19437206309082,-0.0012420151178416468,0.0,6.214608098422218,500,0.00823669538794643,-0.08770478666210489,19633.540823420117
89,102.49885517228914,102.49885517228914,0.0029750210877615463,0.0,6.214608098422218,500,0.008261119399716875,-0.07895249612867458,19643.235480259278
90,102.82123387647916,102.82123387647916,0.003140257444890565,0.0,6.214608098422218,500,0.00816194581272731,-0.08434931902793279,19662.01519683299
91,102.80236126588999,102.80236126588999,-0.0001835646403234501,0.0,6.214608098422218,500,0.008174221847145594,-0.07832269356381404,19659.9314564055
92,102.7732974278835,102.7732974278835,-0.00028275563736284895,0.0,6.214608098422218,500,0.008208596211037126,-0.07307921951718113,19656.941702406453
93,103.54621003498396,103.54621003498396,0.007492420201173359,0.0,6.214608098422218,500,0.008354276652423952,-0.0731788492073956,19694.481095269817
94,103.60771793937644,103.60771793937644,0.0005938377012829661,0.0,6.214608098422218,500,0.008427845521063789,-0.07308658378466996,19690.320291136413
95,103.11076688634034,103.11076688634034,-0.004808007477288229,0.0,6.214608098422218,500,0.009146064027696344,-0.08344028031091691,19642.38203113429
96,103.39126700924093,103.39126700924093,0.0027166831253445066,0.0,6.214608098422218,500,0.009189825793620501,-0.089676696759697,19645.544413422333
97,103.5986593717823,103.5986593717823,0.002003889131875079,0.0,6.214608098422218,500,0.008965421220911839,-0.08467391205486495,19656.704695419525
98,102.82818331974586,102.82818331974586,-0.007464917061021839,0.0,6.214608098422218,500,0.010069582876660564,-0.09173779835184723,19607.362332414326
99,103.57244139270325,103.57244139270325,0.007211812461758138,0.0,6.214608098422218,500,0.010442589339185238,-0.13323669980146727,19653.5641240344
100,103.52194395389336,103.52194395389336,-0.00048767560478470763,0.0,6.214608098422218,500,0.010673568760903905,-0.14253463673321637,19645.378682138016
101,103.20563736174017,103.20563736174017,-0.003060131956998309,0.0,6.214608098422218,500,0.01078771729520532,-0.1382776001587209,19626.579504290585
102,103.22199603400873,103.22199603400873,0.00015849304701791173,0.0,6.214608098422218,500,0.010796187722565657,-0.13510168771088,19624.338916967317
103,102.80648472030516,102.80648472030516,-0.004033538232447406,0.0,6.214608098422218,500,0.01128719225970249,-0.11274917075352886,19587.09649747428
104,103.97836149567527,103.97836149567527,0.011334382983408525,0.0,6.214608098422218,500,0.012173036488927064,-0.14711698113069102,19643.747425951093
105,103.28192019537865,103.28192019537865,-0.006720476454358445,0.0,6.214608098422218,500,0.012859873838602183,-0.19323818133095919,19595.816066664836
106,102.67037076671834,102.67037076671834,-0.005938765946172768,0.0,6.214608098422218,500,0.012584099484650724,-0.14987230543017463,19553.07815558675
107,102.38459929399262,102.38459929399262,-0.002787268776281191,0.0,6.214608098422218,500,0.012584012451944512,-0.17578242877611416,19534.782567235845
108,102.31778465533742,102.31778465533742,-0.0006527978789389356,0.0,6.214608098422218,500,0.012599155329290145,-0.15962372186917761,19526.214267921954
109,102.59920059782549,102.59920059782549,0.002746635366095538,0.0,6.214608098422218,500,0.012358628968887559,-0.17010832170958934,19542.72828923811
110,102.38782342509444,102.38782342509444,-0.002062347591600663,0.0,6.214608098422218,500,0.012498812415602231,-0.17642134392725817,19528.60195460634
111,102.15036473242976,102.15036473242976,-0.0023219018559470063,0.0,6.214608098422218,500,0.012503916080585941,-0.18505210996899082,19509.356028991
112,102.91821136069588,102.91821136069588,0.007488716519622177,0.0,6.214608098422218,500,0.012158128494912074,-0.1416682057658402,19549.544829965213
113,103.10153054737827,103.10153054737827,0.0017796278489304305,0.0,6.214608098422218,500,0.012271135432340551,-0.1655966804768269,19554.488049717405
114,103.47210773403565,103.47210773403565,0.003587849710801888,0.0,6.214608098422218,500,0.011899760774525538,-0.17299772250527404,19580.034409145977
115,102.86575221133141,102.86575221133141,-0.005877324387349439,0.0,6.214608098422218,500,0.012704053901428978,-0.17821237445629393,19528.030479759425
116,103.3367204780616,103.3367204780616,0.004568025587242281,0.0,6.214608098422218,500,0.012889794143699358,-0.1988324997320961,19548.50528332206
117,103.22784073408333,103.22784073408333,-0.0010541958738980602,0.0,6.214608098422218,500,0.013302513007445815,-0.19483834019436727,19532.77705757112
118,102.16480507492096,102.16480507492096,-0.010351345804157032,0.0,6.214608098422218,500,0.013505960198283179,-0.19065660747205307,19509.32453447554
119,102.59451863998304,102.59451863998304,0.004197261332193257,0.0,6.214608098422218,500,0.013259179557870586,-0.20591197804789554,19520.274759766417
120,102.67679384353177,102.67679384353177,0.0008016240258724645,0.0,6.214608098422218,500,0.013304329082281132,-0.2177510596932426,19516.682370836585
121,103.08973853319517,103.08973853319517,0.004013726034760129,0.0,6.214608098422218,500,0.012811270171646415,-0.2059869491226311,19540.983812117032
122,103.04930665646208,103.04930665646208,-0.00039227771928770845,0.0,6.214608098422218,500,0.0128164077945303,-0.1969061840797575,19539.230541307203
123,103.659412523129,103.659412523129,0.005903066312276192,0.0,6.214608098422218,500,0.012803447663376462,-0.21096944863169945,19562.020844705447
124,103.93662362841899,103.93662362841899,0.0026706797990656114,0.0,6.214608098422218,500,0.012950386320641412,-0.2005748513497713,19570.707522609526
125,103.87392856390699,103.87392856390699,-0.0006033867457906848,0.0,6.214608098422218,500,0.013246818026381063,-0.20511838237179508,19559.748740401963
126,103.80590729965068,103.80590729965068,-0.0006550589411417847,0.0,6.214608098422218,500,0.013235281899788379,-0.21042206827059826,19557.56773026267
127,103.70619287525969,103.70619287525969,-0.0009610469170880266,0.0,6.214608098422218,500,0.013218795894526052,-0.20472671151251745,19548.699639837294
128,103.54692507913433,103.54692507913433,-0.001536940230854176,0.0,6.214608098422218,500,0.01314721101431062,-0.18859292648921933,19528.262185931006
129,103.93550525949414,103.93550525949414,0.0037456726725493216,0.0,6.214608098422218,500,0.012732336196634886,-0.23504101437194744,19552.428637035744
130,103.51095973552584,103.51095973552584,-0.004093066774468012,0.0,6.214608098422218,500,0.012769374299924611,-0.23334352601589486,19540.026203608624
131,102.77207714002157,102.77207714002157,-0.007163805290577142,0.0,6.214608098422218,500,0.012986251523946064,-0.210597472677093,19513.502063419608
132,102.70462802337238,102.70462802337238,-0.000656513535372812,0.0,6.214608098422218,500,0.012969437134588336,-0.19168750914188137,19498.218242665196
133,102.38005244513776,102.38005244513776,-0.003165286148995908,0.0,6.214608098422218,500,0.013599063039663918,-0.15806898569950714,19468.08355569602
134,102.53633702055238,102.53633702055238,0.001525349984198952,0.0,6.214608098422218,500,0.013588073073928222,-0.12012081743736938,19473.266817123524
135,102.27642236776033,102.27642236776033,-0.00253807226751921,0.0,6.214608098422218,500,0.013607127034681655,-0.14744126748392455,19452.79929448685
136,102.67630092927863,102.67630092927863,0.003902159117408205,0.0,6.214608098422218,500,0.01359595798993572,-0.15185266502087277,19473.802267777493
137,102.96069606985341,102.96069606985341,0.002765993727237306,0.0,6.214608098422218,500,0.01376246009736161,-0.1446219159065093,19480.1753356702
138,103.84251188798346,103.84251188798346,0.008528118797408921,0.0,6.214608098422218,500,0.013146447200266987,-0.12369622448398845,19540.36752728065
139,103.36534229911686,103.36534229911686,-0.004605717618574945,0.0,6.214608098422218,500,0.012882278188068166,-0.1531647261884148,19523.469477559836
140,102.71380974962392,102.71380974962392,-0.006323150244210002,0.0,6.214608098422218,500,0.012581887267786598,-0.126094015177501,19481.97727733264
141,102.88893350248152,102.88893350248152,0.0017035161344432757,0.0,6.214608098422218,500,0.012637645493625024,-0.18056284325631716,19490.335587869085
142,103.41294850925593,103.41294850925593,0.005080090676982596,0.0,6.214608098422218,500,0.012788735688654422,-0.17168048492756463,19511.868081173612
143,103.53539591958751,103.53539591958751,0.0011833622052748673,0.0,6.214608098422218,500,0.012872682135277196,-0.1667656938733171,19512.60792185839
144,103.2025008819353,103.2025008819353,-0.0032204576956294953,0.0,6.214608098422218,500,0.013286310813867906,-0.1764833472547427,19489.266687059924
145,102.98976816945047,102.98976816945047,-0.0020634409713267228,0.0,6.214608098422218,500,0.013634731597473368,-0.17495160878832366,19469.77640796252
146,102.88140369872131,102.88140369872131,-0.0010527406994756837,0.0,6.214608098422218,500,0.01366375150615502,-0.15068209255711038,19456.610466382463
147,102.7977016474344,102.7977016474344,-0.0008139091792211254,0.0,6.214608098422218,500,0.013797984441302561,-0.15908324911576105,19449.235315626498
148,102.62682893555886,102.62682893555886,-0.00166360610195219,0.0,6.214608098422218,500,0.014087359562196833,-0.15402648777001393,19427.843506171765
149,102.53939035312314,102.53939035312314,-0.0008523682703008244,0.0,6.214608098422218,500,0.014121293310714338,-0.1621736273735863,19420.370703439883
150,102.58581270596822,102.58581270596822,0.00045262457216686125,0.0,6.214608098422218,500,0.014071429418294484,-0.1635586556633287,19423.084518693086
151,102.11271565977876,102.11271565977876,-0.004622386807894163,0.0,6.214608098422218,500,0.014836739168900808,-0.16254648885442985,19385.803468716316
152,101.61034009697046,101.61034009697046,-0.004931956074043859,0.0,6.214608098422218,500,0.014735111336046635,-0.13933238171020818,19343.41487469515
153,101.34089984026014,101.34089984026014,-0.002655223147141257,0.0,6.214608098422218,500,0.015355884581998507,-0.14250418423016883,19313.717550276
154,101.69250676821899,101.69250676821899,0.003463541151431996,0.0,6.214608098422218,500,0.015453948915888447,-0.14505983739035283,19320.403835692374
155,101.33584880871646,101.33584880871646,-0.0035133843779331596,0.0,6.214608098422218,500,0.015996369295239038,-0.14501731427253978,19297.384331314228
156,101.27562998263787,101.27562998263787,-0.0005944266160138836,0.0,6.214608098422218,500,0.01621643306226237,-0.15207417028325648,19288.17536908246
157,101.15951485335005,101.15951485335005,-0.0011471836287730794,0.0,6.214608098422218,500,0.016249998333030754,-0.13662624982923427,19269.20773957678
158,102.13763441133425,102.13763441133425,0.009622634738691833,0.0,6.214608098422218,500,0.015182654041231201,-0.08916525188640484,19343.69240371818
159,102.28518601002456,102.28518601002456,0.0014435924913908914,0.0,6.214608098422218,500,0.01523186192145461,-0.07722836100604182,19348.55478383185
160,103.02883549496059,103.02883549496059,0.007244052125415828,0.0,6.214608098422218,500,0.01549579312374308,-0.06344523840827668,19371.693445439298
161,103.81844595001428,103.81844595001428,0.00763475628042163,0.0,6.214608098422218,500,0.01565314271982056,-0.011864231701774404,19419.504145013685
162,104.38296148550074,104.38296148550074,0.005422796376050916,0.0,6.214608098422218,500,0.01522483770307989,0.02212368018032894,19456.985497249247
163,104.63055759874989,104.63055759874989,0.0023691886548596122,0.0,6.214608098422218,500,0.015336196109645732,0.07285070700894461,19464.90477356426
164,104.90008151463314,104.90008151463314,0.0025726458495762754,0.0,6.214608098422218,500,0.015447803222300403,0.15830367742587725,19472.74955630947
165,104.62753088897368,104.62753088897368,-0.0026015738570745496,0.0,6.214608098422218,500,0.01548618234311293,0.11590558629831973,19452.416816289715
166,105.26301803325565,105.26301803325565,0.006055433075906839,0.0,6.214608098422218,500,0.015082150163962187,0.08013793051296096,19499.72701583503
167,105.69359093094464,105.69359093094464,0.004082104824400582,0.0,6.214608098422218,500,0.01510695992849267,0.09651307231973624,19519.93044624604
168,105.84119259962615,105.84119259962615,0.0013955311762218095,0.0,6.214608098422218,500,0.015222302201632924,0.10225132606591376,19522.503749963536
169,105.55931504834103,105.55931504834103,-0.0026667648197453092,0.0,6.214608098422218,500,0.015512597526748575,0.10475937418346913,19501.85569019862
170,105.79370589749634,105.79370589749634,0.002218004211131467,0.0,6.214608098422218,500,0.015528583068111923,0.09234312769150103,19509.889239618627
171,105.78136148885416,105.78136148885416,-0.00011669057993160763,0.0,6.214608098422218,500,0.015597731156674309,0.11193471472810121,19506.017679312048
172,106.00137678423833,106.00137678423833,0.0020777460555023177,0.0,6.214608098422218,500,0.015526491935519717,0.10681017883165725,19519.833061087804
173,105.79343903227817,105.79343903227817,-0.0019635779843767153,0.0,6.214608098422218,500,0.01577246850976771,0.09787516868864772,19493.986715939573
174,105.78834173836128,105.78834173836128,-4.81827300943862e-05,0.0,6.214608098422218,500,0.015849218637909498,0.12120799937182239,19490.459070315283
175,105.89363649259647,105.89363649259647,0.0009948391809200536,0.0,6.214608098422218,500,0.015796251385611443,0.15460706334284188,19496.01494666425
176,105.76478001820477,105.76478001820477,-0.0012175890988441796,0.0,6.214608098422218,500,0.016032407211624324,0.1628120434902985,19481.176082631362
177,105.66233043778084,105.66233043778084,-0.0009691244251636732,0.0,6.214608098422218,500,0.016131653658126383,0.14803297905192075,19465.74826509044
178,105.89441796967142,105.89441796967142,0.002194093327150707,0.0,6.214608098422218,500,0.016183132298935258,0.2168526661346429,19476.897497946127
179,105.85401009239416,105.85401009239416,-0.0003816592938853985,0.0,6.214608098422218,500,0.016150948640650958,0.21696127885152305,19475.488786762806
180,106.18497850780348,106.18497850780348,0.0031217719569483263,0.0,6.214608098422218,500,0.01635758839735053,0.2110317813352863,19481.524540751525
181,105.15478054911307,105.15478054911307,-0.009749288285202072,0.0,6.214608098422218,500,0.016710844776931476,0.16157192632554354,19404.193294418845
182,105.55533932781319,105.55533932781319,0.0038019935772004533,0.0,6.214608098422218,500,0.01660205510619914,0.12472340697450963,19426.646207902188
183,105.08929879783308,105.08929879783308,-0.004424905324353913,0.0,6.214608098422218,500,0.01648944380719463,0.09125008904840748,19417.378805416025
184,105.4580472478776,105.4580472478776,0.0035027639530527234,0.0,6.214608098422218,500,0.01624779680614657,0.07571462258281689,19436.670858082965
185,105.66231273690454,105.66231273690454,0.0019350625660209738,0.0,6.214608098422218,500,0.016274196656703474,0.0808719655683897,19439.288839937566
186,105.10558012832428,105.10558012832428,-0.005282909990118097,0.0,6.214608098422218,500,0.01676169703083219,0.06699546922100347,19389.80284273152
187,106.26847171640243,106.26847171640243,0.01100327415508579,0.0,6.214608098422218,500,0.017216759270224865,-0.0010595503055713944,19477.99283913467
188,105.34696078383236,105.34696078383236,-0.008709353061914176,0.0,6.214608098422218,500,0.016327026952517067,-0.08310107147941251,19439.427795561078
189,104.91409499082918,104.91409499082918,-0.00411741872924862,0.0,6.214608098422218,500,0.016344452590535682,-0.03299687717030525,19408.0527455309
190,105.0651530779657,105.0651530779657,0.0014387908765731215,0.0,6.214608098422218,500,0.016384941164725143,-0.06809211240887995,19416.032047466262
191,104.92198443101279,104.92198443101279,-0.0013635946547503745,0.0,6.214608098422218,500,0.016389791065946558,-0.0806793376219885,19400.41098697914
192,104.80301681546806,104.80301681546806,-0.001134510693508888,0.0,6.214608098422218,500,0.016602786274044944,-0.08150507119857567,19388.462546146446
193,104.83348795994435,104.83348795994435,0.00029070456716045594,0.0,6.214608098422218,500,0.0166660438210916,-0.07850210629965462,19385.465726796236
194,105.52405924285331,105.52405924285331,0.006565714165114646,0.0,6.214608098422218,500,0.017176967525070592,-0.07344025742422992,19409.413237197576
195,105.76326864533861,105.76326864533861,0.0022643052669553427,0.0,6.214608098422218,500,0.017299396973899615,-0.05376048027507694,19419.02863056458
196,105.5184179087938,105.5184179087938,-0.0023177668651794816,0.0,6.214608098422218,500,0.017219801031815526,-0.06618508422928225,19407.80148585514
197,105.80136747360066,105.80136747360066,0.0026779294081525767,0.0,6.214608098422218,500,0.017271817067676994,-0.08984088207964494,19418.915621365788
198,104.83768545221812,104.83768545221812,-0.009150143163736545,0.0,6.214608098422218,500,0.017213906298751764,-0.07075492935325675,19381.450308076575
199,105.4832548401225,105.4832548401225,0.006138917165668648,0.0,6.214608098422218,500,0.01726935933555643,-0.15176733838349596,19414.061127388835
200,105.87901607360189,105.87901607360189,0.003744866047114969,0.0,5.92793075961046,400,0.0572817017201154,-0.13012561186157828,18749.82325947471
201,106.39570164114595,106.39570164114595,0.004868093510978146,0.0,5.92793075961046,400,0.05756436988577919,-0.11960876026338976,18764.08564911008
202,106.36875300472711,106.36875300472711,-0.0002533189729252122,0.0,5.92793075961046,400,0.05760170655869632,-0.12841056394434533,18761.85205776211
203,106.80003654155784,106.80003654155784,0.004046409666391353,0.0,5.92793075961046,400,0.05786715700428219,-0.12702877987675376,18773.338050115894
204,107.16477787735668,107.16477787735668,0.0034093613951841346,0.0,5.92793075961046,400,0.05805175392874033,-0.12793817690656945,18782.137573559194
205,106.32924990748931,106.32924990748931,-0.007827218815208606,0.0,5.92793075961046,400,0.05867842983122012,-0.1453923739160359,18725.97290765874
206,105.91557979147676,105.91557979147676,-0.003898051513454834,0.0,5.92793075961046,400,0.058660144371176524,-0.11229562718070386,18708.99714776774
207,105.97132972462312,105.97132972462312,0.0005262234893146886,0.0,5.92793075961046,400,0.05872849865426231,-0.11516107143884151,18708.528711101793
208,105.38318099276752,105.38318099276752,-0.005565532980820814,0.0,5.92793075961046,400,0.05943511944129944,-0.1144459382354033,18661.554203033407
209,105.98731433023535,105.98731433023535,0.0057163605699838615,0.0,5.92793075961046,400,0.05937422201212108,-0.13876942994271457,18687.008893520604
210,106.75200555089921,106.75200555089921,0.007189028473854667,0.0,5.92793075961046,400,0.059610207616040085,-0.10696938847295422,18707.713626220313
211,106.1678203140093,106.1678203140093,-0.0054873866292441086,0.0,5.92793075961046,400,0.06039960942388668,-0.1621268558674219,18644.118509729495
212,106.60748535137262,106.60748535137262,0.004132675657466776,0.0,5.92793075961046,400,0.06065635437500742,-0.1985465452321815,18649.29515079509
213,106.49723531624836,106.49723531624836,-0.0010347029818494195,0.0,5.92793075961046,400,0.06098682661533232,-0.1974290655456816,18635.60332148485
214,106.52165831129847,106.52165831129847,0.00022930355839533497,0.0,5.92793075961046,400,0.061004786785454616,-0.1880527019735862,18633.10336190147
215,106.74914744550426,106.74914744550426,0.002133336718789644,0.0,5.92793075961046,400,0.0611269117401623,-0.19675771754350868,18635.31959614708
216,107.1645292561816,107.1645292561816,0.0038836444604354948,0.0,5.92793075961046,400,0.06086718872891125,-0.1951581664389334,18661.114851585182
217,107.88537395372656,107.88537395372656,0.006704001132433373,0.0,5.92793075961046,400,0.06123657906767254,-0.16135618822409284,18668.97193145273
218,108.51954519747161,108.51954519747161,0.0058609856153688,0.0,5.92793075961046,400,0.060769772673732535,-0.14848791220844187,18699.143670837744
219,108.5904823744339,108.5904823744339,0.0006534675554135216,0.0,5.92793075961046,400,0.0608315907460522,-0.15235029657146218,18697.297442735224
220,107.86028491571093,107.86028491571093,-0.006747032943280916,0.0,5.92793075961046,400,0.060645423980730064,-0.18524741549690776,18671.236372753945
221,107.34573643185625,107.34573643185625,-0.004781924419575428,0.0,5.92793075961046,400,0.06143078549200775,-0.18209984685279476,18615.309124895346
222,107.42303902981469,107.42303902981469,0.0007198681570960609,0.0,5.92793075961046,400,0.061465324928526424,-0.19481461282359908,18616.21662858714
223,107.61174691471167,107.61174691471167,0.001755138662902077,0.0,5.92793075961046,400,0.06150207514555416,-0.19836894308098132,18616.57417475381
224,107.66230903602263,107.66230903602263,0.00046974654718530927,0.0,5.92793075961046,400,0.06157058527721321,-0.19346058433307348,18611.58410133808
225,107.37600749652354,107.37600749652354,-0.0026627971543285254,0.0,5.92793075961046,400,0.06215563338729024,-0.1785527210240412,18575.349544533845
226,106.42561278464993,106.42561278464993,-0.008890493632537624,0.0,5.92793075961046,400,0.061932219938516844,-0.1658435155644102,18552.125742676853
227,105.74382004020498,105.74382004020498,-0.006426892716357988,0.0,5.92793075961046,400,0.061978394219981435,-0.11768745680409755,18527.416223723973
228,105.30931359648332,105.30931359648332,-0.004117513444284031,0.0,5.92793075961046,400,0.06202433184166943,-0.09169586328645966,18510.808223639884
229,105.12887081409653,105.12887081409653,-0.0017149247615418656,0.0,5.92793075961046,400,0.062497144312341775,-0.08182074583313853,18490.894600365635
230,104.21129693987466,104.21129693987466,-0.008766399304410265,0.0,5.92793075961046,400,0.06296376859769995,-0.0667369898041467,18443.129327156064
231,103.40496386792277,103.40496386792277,-0.007767571990726684,0.0,5.92793075961046,400,0.06314278477423316,-0.017217906819442356,18422.011555299196
232,103.12750099275686,103.12750099275686,-0.0026868709699124195,0.0,5.92793075961046,400,0.06374632156895284,-0.0018074411295697032,18399.222354415717
233,103.06649260396931,103.06649260396931,-0.0005917572040162305,0.0,5.92793075961046,400,0.06381661302539202,-0.0011521078941877185,18395.434361802934
234,102.55890452717404,102.55890452717404,-0.004937027379718398,0.0,5.92793075961046,400,0.06396161903334863,-0.0011381533043340942,18382.438542473432
235,102.40394191095223,102.40394191095223,-0.0015121047393818346,0.0,5.92793075961046,400,0.0640758186643354,0.0028217189099370445,18375.157353757346
236,102.05620322713993,102.05620322713993,-0.0034015335249604718,0.0,5.92793075961046,400,0.06412315473959963,0.004606062956245056,18355.53252741965
237,102.89806560018523,102.89806560018523,0.00821517026761689,0.0,5.92793075961046,400,0.06336573317008622,-0.011697198315872763,18429.805996559342
238,103.40455552799354,103.40455552799354,0.004910174603240321,0.0,5.92793075961046,400,0.06342862781921674,0.019870543037429116,18445.6190257689
239,103.76003477650136,103.76003477650136,0.003431856736496291,0.0,5.92793075961046,400,0.06343664125260418,0.03343636238632905,18457.211004528715
240,103.8190859456656,103.8190859456656,0.0005689509672431784,0.0,5.92793075961046,400,0.06348275244257776,0.05817419134297017,18457.752715106904
241,103.79766376814302,103.79766376814302,-0.00020636271040878237,0.0,5.92793075961046,400,0.06352896926170426,0.08962648922533581,18455.163891027063
242,103.79053001324387,103.79053001324387,-6.872987111659613e-05,0.0,5.92793075961046,400,0.06374810916074995,0.10303005739062594,18444.44050848624
243,103.04719499496149,103.04719499496149,-0.007187646435846928,0.0,5.92793075961046,400,0.0639159929538511,0.11094222841420348,18420.259521555312
244,102.39724173322415,102.39724173322415,-0.006327311077253483,0.0,5.92793075961046,400,0.06481857929914922,0.13153809422500476,18374.604582249292
245,102.35972505381422,102.35972505381422,-0.00036645082624990453,0.0,5.92793075961046,400,0.06489414275403932,0.13985101180356665,18371.499186563324
246,101.85293704286579,101.85293704286579,-0.004963346015178339,0.0,5.92793075961046,400,0.06497578929243493,0.1784500745646594,18353.90312163039
247,102.21377687852348,102.21377687852348,0.0035364925989380563,0.0,5.92793075961046,400,0.06452281633539114,0.2531760962865435,18382.40784891888
248,102.97168701775811,102.97168701775811,0.0073875953184050795,0.0,5.92793075961046,400,0.06399568849595783,0.256038320370752,18428.936263960386
249,102.76968184356383,102.76968184356383,-0.001963681297777097,0.0,5.92793075961046,400,0.06415145867516746,0.2539913322035023,18418.733332706615
250,103.06274662472828,103.06274662472828,0.002847607457975257,0.0,5.92793075961046,400,0.06407681738267501,0.2500227380991339,18438.29612265311
251,103.34331780471213,103.34331780471213,0.0027186347801096654,0.0,5.92793075961046,400,0.06422542755057978,0.25518462291628935,18448.579012433183
252,103.02891157461251,103.02891157461251,-0.0030469843185178007,0.0,5.92793075961046,400,0.06424991981876403,0.24781385381296991,18434.609271879493
253,102.80689442310961,102.80689442310961,-0.0021572265964658814,0.0,5.92793075961046,400,0.06434915010899742,0.24794079479023362,18419.587165490946
254,102.82174176675687,102.82174176675687,0.0001444092996789492,0.0,5.92793075961046,400,0.06441138314022937,0.241699368196352,18416.03543664225
255,103.24610149027448,103.24610149027448,0.0041186467202922955,0.0,5.92793075961046,400,0.06423183060327552,0.24524201380560282,18445.893585370533
256,103.87976978636321,103.87976978636321,0.0061186974774857135,0.0,5.92793075961046,400,0.06439735021930151,0.2653422447075278,18459.424340875947
257,103.22157252006807,103.22157252006807,-0.006356303392691525,0.0,5.92793075961046,400,0.06428503341846474,0.2510356361418038,18441.991909088494
258,104.40170770815529,104.40170770815529,0.011368165422924197,0.0,5.92793075961046,400,0.06395540179063453,0.23121435010002028,18485.08847690542
259,104.38641238064642,104.38641238064642,-0.00014651530489111382,0.0,5.92793075961046,400,0.06413365520894224,0.2189556653917736,18472.95732677923
260,104.40786530995258,104.40786530995258,0.00020549346101759764,0.0,5.92793075961046,400,0.06416201714115345,0.20629677931165857,18472.57088491396
261,104.28683402691753,104.28683402691753,-0.0011598885547995895,0.0,5.92793075961046,400,0.06437815902760774,0.2097263972414201,18464.10320338536
262,104.97046049239864,104.97046049239864,0.006533859659480008,0.0,5.92793075961046,400,0.06422052156958959,0.19847114538193103,18482.12981048986
263,104.76254417353904,104.76254417353904,-0.001982676854325547,0.0,5.92793075961046,400,0.06428098206502021,0.179762459229537,18475.28004654908
264,105.45101635891149,105.45101635891149,0.006550240100960236,0.0,5.92793075961046,400,0.06437756862793273,0.18735371148292468,18494.701738874213
265,105.09611543815689,105.09611543815689,-0.0033712286066450653,0.0,5.92793075961046,400,0.06487851562271313,0.15683158574332026,18454.055354936365
266,105.16493179247823,105.16493179247823,0.0006545801772120506,0.0,5.92793075961046,400,0.06491822386552681,0.1582276848885977,18456.245787631557
267,104.66149280571648,104.66149280571648,-0.0047986325247414766,0.0,5.92793075961046,400,0.06495522295883285,0.15596791081258585,18432.69316465495
268,104.33842056120456,104.33842056120456,-0.003091604169923033,0.0,5.92793075961046,400,0.06489454833793448,0.19268239825576775,18419.13790029134
269,104.67986034544458,104.67986034544458,0.0032670834959018596,0.0,5.92793075961046,400,0.06489432163229755,0.1543584475459335,18431.450399041274
270,105.00446451147148,105.00446451147148,0.0030961248586674375,0.0,5.92793075961046,400,0.06474146719943796,0.20025537866661222,18448.870883203843
271,104.79356566092991,104.79356566092991,-0.002010494773545715,0.0,5.92793075961046,400,0.06483118043530837,0.21822637841037967,18438.549018567726
272,104.8177361485959,104.8177361485959,0.0002306219899829686,0.0,5.92793075961046,400,0.06484092100937257,0.22376457980871262,18439.263185886997
273,104.17471827982564,104.17471827982564,-0.006153522619387702,0.0,5.92793075961046,400,0.06493575371934607,0.2155915838567015,18411.074522686707
274,104.22670260977506,104.22670260977506,0.0004988865316340894,0.0,5.92793075961046,400,0.06500314902715491,0.21027275392772557,18408.91565928956
275,103.50149274690679,103.50149274690679,-0.00698232426231857,0.0,5.92793075961046,400,0.06600836141951838,0.19065534521395422,18336.84721728029
276,103.61516343092696,103.61516343092696,0.0010976490015889274,0.0,5.92793075961046,400,0.06603031712034424,0.15919472345643473,18339.75630445825
277,104.26931667177416,104.26931667177416,0.006293451051647246,0.0,5.92793075961046,400,0.06596783759139022,0.13162616972320648,18360.16016920101
278,105.51983618325464,105.51983618325464,0.011921820606720432,0.0,5.92793075961046,400,0.06616046472836626,0.17825269813029673,18397.79367981893
279,105.39356750886708,105.39356750886708,-0.0011973510195425342,0.0,5.92793075961046,400,0.06650963983224206,0.17699739763384661,18379.813408576312
280,106.14294974901422,106.14294974901422,0.0070851632119649155,0.0,5.92793075961046,400,0.06684795070891648,0.14997006680195454,18408.164511290317
281,105.76714619453263,105.76714619453263,-0.0035468243905459294,0.0,5.92793075961046,400,0.06680844115726381,0.136615548196992,18390.52072277725
282,105.95616282331932,105.95616282331932,0.0017855065640098595,0.0,5.92793075961046,400,0.06684505301769421,0.13003829517018647,18394.213264327667
283,106.74202817023881,106.74202817023881,0.007389521455371531,0.0,5.92793075961046,400,0.0673536559935641,0.1351156893513613,18413.6864736165
284,106.08628084790503,106.08628084790503,-0.0061622384768778805,0.0,5.92793075961046,400,0.06833704400920723,0.10199568833809788,18341.365274557913
285,106.52378982655188,106.52378982655188,0.00411560557607002,0.0,5.92793075961046,400,0.06860423780888182,0.06858106848529634,18347.306752171047
286,107.09400189110255,107.09400189110255,0.005338632276515752,0.0,5.92793075961046,400,0.06801242623781693,0.046049555309945166,18383.466145585884
287,107.49694922361151,107.49694922361151,0.0037554967160070983,0.0,5.92793075961046,400,0.0678069338164401,0.03966575795765458,18400.920897286505
288,107.22652570663318,107.22652570663318,-0.00251880852840136,0.0,5.92793075961046,400,0.0678358621173167,0.02650288076479255,18383.682476425405
289,106.91194573347671,106.91194573347671,-0.002938100728375718,0.0,5.92793075961046,400,0.0683202451237318,0.019950013939184708,18348.231800223573
290,106.58055476546218,106.58055476546218,-0.003104476582512112,0.0,5.92793075961046,400,0.06814514196285056,-0.027254608473018655,18333.33205311867
291,107.19964324114834,107.19964324114834,0.005791838646315224,0.0,5.92793075961046,400,0.06830587187253585,-0.06444102199980978,18364.469326202572
292,106.8655346086593,106.8655346086593,-0.0031215623871701822,0.0,5.92793075961046,400,0.06823618213198385,-0.08243486132881588,18342.481366860666
293,106.73230518008342,106.73230518008342,-0.0012474793376687908,0.0,5.92793075961046,400,0.06822768785457534,-0.08202845381831342,18335.77864429237
294,107.14256717762005,107.14256717762005,0.0038364721972053714,0.0,5.92793075961046,400,0.06801860711706878,-0.09821027421261751,18365.003462001077
295,107.74569860196729,107.74569860196729,0.005613456890501287,0.0,5.92793075961046,400,0.06833680683190514,-0.09279339507672489,18389.412410384135
296,107.64963217910923,107.64963217910923,-0.0008920010371574408,0.0,5.92793075961046,400,0.06831716020296238,-0.0755765388764162,18385.343303061363
297,106.6393268471036,106.6393268471036,-0.009429443518482019,0.0,5.92793075961046,400,0.06836255830847357,-0.08389516850773304,18338.529999265367
298,106.33959446634258,106.33959446634258,-0.002814668952165696,0.0,5.92793075961046,400,0.06825379763032066,-0.06828009923777087,18326.982496858363
299,106.09347765589149,106.09347765589149,-0.002317124335777291,0.0,5.92793075961046,400,0.0686742824462765,-0.06180875618152872,18296.617308256005
300,106.35128368420284,106.35128368420284,0.002427041770635592,0.0,5.92793075961046,400,0.0688164239751119,-0.06577087293728748,18304.556346053134
301,106.65566262019439,106.65566262019439,0.002857926921600983,0.0,5.92793075961046,400,0.06893769229921227,-0.0619600444294661,18315.147256989796
302,105.61294746068388,105.61294746068388,-0.009824566582770136,0.0,5.92793075961046,400,0.06856118908411643,-0.07679122447910881,18275.608158839765
303,105.08581091066894,105.08581091066894,-0.005003709124061433,0.0,5.92793075961046,400,0.06859253708813011,-0.0757816448516842,18249.059778017087
304,105.44703742396278,105.44703742396278,0.003431548764200368,0.0,5.92793075961046,400,0.06874349899928844,-0.09439545423640532,18256.442539264463
305,105.77858300416787,105.77858300416787,0.003139257934839476,0.0,5.92793075961046,400,0.06860532332896836,-0.09193603635224018,18276.678308781284
306,105.97016092089987,105.97016092089987,0.0018094838765355934,0.0,5.92793075961046,400,0.06869383247523962,-0.07932470702523489,18281.293743334052
307,106.24063625704544,106.24063625704544,0.0025491208383853236,0.0,5.92793075961046,400,0.06880350594325588,-0.09272359828423667,18286.886119091403
308,105.82757197083104,105.82757197083104,-0.00389558446350919,0.0,5.92793075961046,400,0.06879919225365722,-0.08838231196975822,18267.47786996919
309,105.67066970652148,105.67066970652148,-0.0014837219624080588,0.0,5.92793075961046,400,0.06914803073035934,-0.07751961162841159,18245.37914816016
310,105.91451794745318,105.91451794745318,0.0023049661613516767,0.0,5.92793075961046,400,0.06926068641516092,-0.08463398074623484,18251.844044615384
311,105.24003955082256,105.24003955082256,-0.0063885023233719385,0.0,5.92793075961046,400,0.06925267534192019,-0.08550238723646306,18227.314539742907
312,105.25190893798818,105.25190893798818,0.00011277758853407456,0.0,5.92793075961046,400,0.06928428763368728,-0.09175412697545263,18227.03708085271
313,104.62764349558451,104.62764349558451,-0.005948814700084416,0.0,5.92793075961046,400,0.0697683352309081,-0.08863803747191125,18190.57561737095
314,104.79006137386746,104.79006137386746,0.0015511382951063153,0.0,5.92793075961046,400,0.0698092603383084,-0.09385708181805058,18194.999692272486
315,104.57245390672101,104.57245390672101,-0.0020787631942258437,0.0,5.92793075961046,400,0.06996315292698428,-0.11386506600651103,18183.466463525823
316,104.38309123968571,104.38309123968571,-0.001812468951147846,0.0,5.92793075961046,400,0.07007855582787638,-0.08348644019655675,18172.02389002485
317,104.29064013422253,104.29064013422253,-0.0008860828902941256,0.0,5.92793075961046,400,0.07037415056904239,-0.027272202633661667,18156.98273800065
318,105.03458449500356,105.03458449500356,0.007108053932597734,0.0,5.92793075961046,400,0.07070878143954255,-0.03285398531071336,18187.050966733314
319,105.7431529911824,105.7431529911824,0.006723396633901882,0.0,5.92793075961046,400,0.07083170900953538,0.005790746709818945,18220.050161153962
320,105.82483321968586,105.82483321968586,0.0007721417027641306,0.0,5.92793075961046,400,0.07087556016562825,0.008696409472269677,18218.963093044895
321,106.22815811425299,106.22815811425299,0.003804005577925305,0.0,5.92793075961046,400,0.07105234226951178,0.017513130880078078,18226.289452188514
322,106.90505499975853,106.90505499975853,0.006351888112429372,0.0,5.92793075961046,400,0.07052049149241427,0.045943553254493195,18276.2986583139
323,107.10498543932884,107.10498543932884,0.0018684216621163677,0.0,5.92793075961046,400,0.07061275317172208,0.06536034339631341,18279.646710436464
324,107.10898803194833,107.10898803194833,3.737004225339754e-05,0.0,5.92793075961046,400,0.07068217719766424,0.08602486579619412,18277.559705048498
325,107.85729799377164,107.85729799377164,0.006962142746135159,0.0,5.92793075961046,400,0.07081617626076783,0.08341293685861541,18300.455744100393
326,108.88488515834392,108.88488515834392,0.009482186152892652,0.0,5.92793075961046,400,0.07017170335905772,0.12356376316976099,18379.80547032948
327,108.46944122819797,108.46944122819797,-0.0038227390544360953,0.0,5.92793075961046,400,0.06995106921068442,0.0791963309213801,18370.66791714733
328,108.15647072102188,108.15647072102188,-0.0028895040497717824,0.0,5.92793075961046,400,0.06990497582909723,0.09865103689319579,18360.480465630757
329,107.65093347929079,107.65093347929079,-0.004685086392817492,0.0,5.92793075961046,400,0.06985710823984154,0.1055432523879652,18339.237237632773
330,107.5612069001606,107.5612069001606,-0.000833843148168551,0.0,5.92793075961046,400,0.0701118537770449,0.1159971551047108,18323.836591953663
331,107.38664244028665,107.38664244028665,-0.0016242497776776707,0.0,5.92793075961046,400,0.07004175850784827,0.1177237456300861,18317.981093951053
332,106.00482902410877,106.00482902410877,-0.012951152369946659,0.0,5.92793075961046,400,0.07009145932142477,0.12224812838163299,18262.81012948766
333,105.59955180159649,105.59955180159649,-0.00383052294551054,0.0,5.92793075961046,400,0.0700114134008431,0.1614216203875181,18247.956486216928
334,106.8577022605774,106.8577022605774,0.011843937004249957,0.0,5.92793075961046,400,0.06996818426379127,0.118963112813132,18292.4089845385
335,106.30874185085678,106.30874185085678,-0.005150544454422078,0.0,5.92793075961046,400,0.07055384365026328,0.08347820388000814,18248.000716466977
336,106.38694299727749,106.38694299727749,0.0007353336763767464,0.0,5.92793075961046,400,0.07066713881161499,0.08002652359228811,18244.359411623907
337,106.16392468250588,106.16392468250588,-0.0020984943420634733,0.0,5.92793075961046,400,0.07072354989403351,0.03601962569082738,18232.24408654821
338,106.36289031393856,106.36289031393856,0.0018723819821423744,0.0,5.92793075961046,400,0.07074453132311667,0.047871706061339274,18244.920364651283
339,106.58384934402835,106.58384934402835,0.0020752523353447295,0.0,5.92793075961046,400,0.07088123753795748,0.056950166497188724,18252.68692446691
340,105.76896180347586,105.76896180347586,-0.007674883474772754,0.0,5.92793075961046,400,0.07085728377516054,0.06359500940584538,18216.201079509116
341,106.0401464806062,106.0401464806062,0.002560653104163637,0.0,5.92793075961046,400,0.0709297361602175,0.054211625932035254,18224.267453117358
342,106.02280309738356,106.02280309738356,-0.0001635682545755066,0.0,5.92793075961046,400,0.07100917990139177,0.04471310608789538,18220.096657873048
343,105.97693386298255,105.97693386298255,-0.0004327291700871461,0.0,5.92793075961046,400,0.07123779212051376,0.07992544441339529,18206.591609811076
344,105.54346277918314,105.54346277918314,-0.004098627815519008,0.0,5.92793075961046,400,0.07102050003767985,0.10113997936024831,18197.16937017003
345,106.0715595830564,106.0715595830564,0.004991119196308112,0.0,5.92793075961046,400,0.07128212835623149,0.06862541737454969,18206.847928758103
346,106.5065883567675,106.5065883567675,0.004092888993696876,0.0,5.92793075961046,400,0.07140114039385302,0.06937832205630737,18218.471887356267
347,106.85508937100394,106.85508937100394,0.0032667658773064103,0.0,5.92793075961046,400,0.07120267897660157,0.08710277150136227,18240.210064343384
348,107.75276793329564,107.75276793329564,0.008365805511736005,0.0,5.92793075961046,400,0.07152768113081345,0.09790473214583092,18257.597174056904
349,107.77173210980602,107.77173210980602,0.00017598163137395572,0.0,5.92793075961046,400,0.07157322662991551,0.09195403959165654,18255.86852283866
350,109.03339384562733,109.03339384562733,0.01163880210366416,0.0,5.92793075961046,400,0.07190294189613551,0.09757922432006245,18304.985160960896
351,109.61195038991195,109.61195038991195,0.00529220410917104,0.0,5.92793075961046,400,0.0715990780966073,0.1473979900518186,18349.86057842507
352,109.8125079693539,109.8125079693539,0.0018280335455033824,0.0,5.92793075961046,400,0.07171304511625727,0.14916680966974163,18357.165409756457
353,109.52673699174052,109.52673699174052,-0.0026057456280626345,0.0,5.92793075961046,400,0.07172230323458545,0.14953468649233423,18343.16200455297
354,109.91980184119632,109.91980184119632,0.0035823328260246893,0.0,5.92793075961046,400,0.07193231358274996,0.1314670637519998,18357.624432333436
355,109.3946416527581,109.3946416527581,-0.0047891163373608514,0.0,5.92793075961046,400,0.07190227147654335,0.1246878732903833,18332.71558258118
356,108.84627708487923,108.84627708487923,-0.005025324536556383,0.0,5.92793075961046,400,0.07204675639450717,0.13323866805629403,18300.279502438563
357,108.5612434187499,108.5612434187499,-0.00262211563593766,0.0,5.92793075961046,400,0.07195509985311342,0.13024989336453402,18288.784815666637
358,108.5098869015559,108.5098869015559,-0.0004731768621320077,0.0,5.92793075961046,400,0.07206410175900657,0.12680002654820965,18282.74083094651
359,107.77034005285037,107.77034005285037,-0.0068388103846551175,0.0,5.92793075961046,400,0.07233850581066381,0.13075000019695204,18221.45240658855
360,107.18722086201353,107.18722086201353,-0.0054254488069290655,0.0,5.92793075961046,400,0.07236791690501962,0.15122930523726424,18200.634720182392
361,107.89062786344773,107.89062786344773,0.006540975869924461,0.0,5.92793075961046,400,0.07235941812428086,0.14209565461130574,18225.05590551593
362,108.57001846167681,108.57001846167681,0.006277287263740398,0.0,5.92793075961046,400,0.07263412278660926,0.13665608454714268,18245.649185662827
363,109.16781959174679,109.16781959174679,0.005491031209456757,0.0,5.92793075961046,400,0.07220474442368847,0.16820098106458742,18289.9025562242
364,109.50259525934277,109.50259525934277,0.0030619224770548504,0.0,5.92793075961046,400,0.07218930473389513,0.17169240249469528,18305.88268095668
365,110.76197699688808,110.76197699688808,0.011435297545228418,0.0,5.92793075961046,400,0.07253318416533658,0.1749229401115409,18345.22084666155
366,110.21822062287325,110.21822062287325,-0.004921323062670063,0.0,5.92793075961046,400,0.07297386469166962,0.1321075157638245,18310.663293469086
367,110.37936475537126,110.37936475537126,0.0014609784679614462,0.0,5.92793075961046,400,0.07306183017882761,0.13497744321312416,18314.84570017827
368,110.21647424852121,110.21647424852121,-0.001476823290874695,0.0,5.92793075961046,400,0.0729922955420837,0.12897964070962697,18309.826511169053
369,109.27080372680757,109.27080372680757,-0.008617140657710343,0.0,5.92793075961046,400,0.0727727001798213,0.13693024146388147,18278.07327086901
370,109.15233280005687,109.15233280005687,-0.0010847837848327062,0.0,5.92793075961046,400,0.0727789865578533,0.1535985656812816,18272.77146838204
371,109.01180305909332,109.01180305909332,-0.0012882938787951441,0.0,5.92793075961046,400,0.07307572610198132,0.15757474422377868,18255.24200447508
372,108.58656248869119,108.58656248869119,-0.003908495458361277,0.0,5.92793075961046,400,0.07285513987233663,0.15922565793177051,18242.873626366993
373,108.4660745011156,108.4660745011156,-0.0011102191765330243,0.0,5.92793075961046,400,0.07286728771100003,0.17164649123485148,18237.417196538907
374,107.8986843103371,107.8986843103371,-0.005244768089987524,0.0,5.92793075961046,400,0.07263710524534006,0.17605524241257436,18221.321636825618
375,108.32504695374497,108.32504695374497,0.003943722490725401,0.0,5.92793075961046,400,0.07236538740884267,0.15942981765555114,18247.155551277017
376,107.86489666190045,107.86489666190045,-0.004256913888092815,0.0,5.92793075961046,400,0.07272554082682306,0.14578110252603418,18215.58206449635
377,108.40177628891702,108.40177628891702,0.0049649881101003195,0.0,5.92793075961046,400,0.07295852527035186,0.13747885238924393,18229.98373725045
378,108.81017537917694,108.81017537917694,0.0037603784540299686,0.0,5.92793075961046,400,0.07278581829619885,0.12391561442358295,18255.673739354883
379,108.7233676198039,108.7233676198039,-0.0007981092275165747,0.0,5.92793075961046,400,0.07279323665381315,0.12279171756294974,18252.037512044495
380,109.76454440969327,109.76454440969327,0.009530821743099181,0.0,5.92793075961046,400,0.07202876353350642,0.10971387365937735,18327.26769925877
381,110.75811801720734,110.75811801720734,0.009011140349981841,0.0,5.92793075961046,400,0.07250382006541833,0.1390232705568198,18346.8759788441
382,110.77377685668884,110.77377685668884,0.00014136871366978433,0.0,5.92793075961046,400,0.07253962152543837,0.13463392158341317,18346.61442859241
383,110.1700565141929,110.1700565141929,-0.005464935009221748,0.0,5.92793075961046,400,0.07297240891546228,0.13390645046381403,18306.8439437378
384,110.66072509130572,110.66072509130572,0.0044438495486359645,0.0,5.92793075961046,400,0.07309115927112374,0.12112160185006782,18321.195517646556
385,110.21220670156491,110.21220670156491,-0.004061330671926659,0.0,5.92793075961046,400,0.07369446816768765,0.0774304212842728,18275.06102779107
386,109.77970139527017,109.77970139527017,-0.003932016111631542,0.0,5.92793075961046,400,0.073515040637374,0.11429832877887064,18259.815242080203
387,109.67198726080939,109.67198726080939,-0.0009816661131247764,0.0,5.92793075961046,400,0.07355455338050576,0.1105926300636119,18254.16437096022
388,109.49864730887093,109.49864730887093,-0.0015817811398012116,0.0,5.92793075961046,400,0.07350273198265224,0.10304516922119072,18246.14124676972
389,109.69594451666782,109.69594451666782,0.0018002019067707153,0.0,5.92793075961046,400,0.07362646084015419,0.09914381976239957,18249.86480916987
390,110.01035534797099,110.01035534797099,0.0028621031451993156,0.0,5.92793075961046,400,0.07343666125078964,0.09968620018387245,18272.271704992392
391,110.30552006710906,110.30552006710906,0.0026794700579611985,0.0,5.92793075961046,400,0.07347193352062673,0.08606264170510798,18283.284598915547
392,109.72621833739919,109.72621833739919,-0.00526563188046389,0.0,5.92793075961046,400,0.07355460899799271,0.045665046774805824,18259.736236959518
393,110.02110604605981,110.02110604605981,0.002683881467041351,0.0,5.92793075961046,400,0.07337741504183243,0.07222279030387178,18281.1616185559
394,109.19114025012156,109.19114025012156,-0.0075722937544365045,0.0,5.92793075961046,400,0.0737977301934428,0.10892906872150253,18219.467214304594
395,109.11104861140991,109.11104861140991,-0.0007337685684499316,0.0,5.92793075961046,400,0.07388957287903677,0.11885178938003498,18213.415994670027
396,108.93851751746426,108.93851751746426,-0.0015824945952822502,0.0,5.92793075961046,400,0.07406165443941813,0.12084953263092785,18199.396004245667
397,109.8045348282641,109.8045348282641,0.007918165411489876,0.0,5.92793075961046,400,0.07365481998275177,0.10868733614012596,18251.24371236235
398,109.80924407866863,109.80924407866863,4.2886657009338e-05,0.0,5.92793075961046,400,0.07377016261168853,0.10465291597052288,18246.880352328364
399,110.11031074908315,110.11031074908315,0.0027379726075657017,0.0,5.92793075961046,400,0.07369451505088044,0.11257235464127918,18263.657675822546
400,109.7787010182661,109.7787010182661,-0.0030161578293091845,0.0,5.6686840281420965,326,0.11146505988971736,0.12318501044438719,17677.555812571132
401,109.43124632263928,109.43124632263928,-0.0031700658735159862,0.0,5.6686840281420965,326,0.11141084517357264,0.13331699216862428,17666.198561713518
402,109.83450077942959,109.83450077942959,0.003678229881030103,0.0,5.6686840281420965,326,0.11162825281375717,0.12346569637287713,17675.170645119084
403,108.36259956992701,108.36259956992701,-0.0134916874152479,0.0,5.6686840281420965,326,0.1132939739878712,0.07846914968681237,17562.47483634354
404,107.656717926678,107.656717926678,-0.006535379926647308,0.0,5.6686840281420965,326,0.1134583827944031,0.14951783887987063,17523.181373362208
405,107.7405516659827,107.7405516659827,0.0007784104570711948,0.0,5.6686840281420965,326,0.1134846277562975,0.13820094717403955,17525.276960023846
406,108.76395662443495,108.76395662443495,0.009453960926353434,0.0,5.6686840281420965,326,0.11339822760591874,0.1286904717866012,17560.75452183836
407,108.4685873454847,108.4685873454847,-0.0027193850016670323,0.0,5.6686840281420965,326,0.11333889212010667,0.09699675283700614,17553.633987342848
408,108.15620414602841,108.15620414602841,-0.0028840966339946754,0.0,5.6686840281420965,326,0.11368122242199245,0.10576298265567596,17536.256983388383
409,108.82739469865008,108.82739469865008,0.006186575362749576,0.0,5.6686840281420965,326,0.11379754865431606,0.09223837096287915,17552.0895026441
410,108.85117924224471,108.85117924224471,0.0002185290289134762,0.0,5.6686840281420965,326,0.11381602996351095,0.05932382290399486,17551.3464190714
411,109.70875022590344,109.70875022590344,0.007847507882630174,0.0,5.6686840281420965,326,0.11407666508817921,0.053050197286825994,17574.046050444987
412,109.52505647271197,109.52505647271197,-0.0016757798347404272,0.0,5.6686840281420965,326,0.11428988106735298,0.0475637706393896,17562.48040525411
413,109.34686554147197,109.34686554147197,-0.0016282670611131248,0.0,5.6686840281420965,326,0.11439835137037653,0.05546785625527854,17552.71087262537
414,109.72720209812395,109.72720209812395,0.0034722223663593626,0.0,5.6686840281420965,326,0.11453323609752294,0.0630781242304979,17562.034056622677
415,109.4543007460726,109.4543007460726,-0.002490187260626946,0.0,5.6686840281420965,326,0.11449108701222303,0.04209518253838203,17552.6085794926
416,109.92440409435768,109.92440409435768,0.004285776672751199,0.0,5.6686840281420965,326,0.11471330308657178,0.025603258756973623,17561.714746769176
417,109.81244110652457,109.81244110652457,-0.00101906439423165,0.0,5.6686840281420965,326,0.11488316201558194,0.021206280044443877,17553.238506388363
418,109.16587751267357,109.16587751267357,-0.005905292148248643,0.0,5.6686840281420965,326,0.11556559560940502,0.02292045439993658,17508.822043105232
419,108.87662810224761,108.87662810224761,-0.002653148561871882,0.0,5.6686840281420965,326,0.11551742895572163,0.008347115428547104,17499.990520396284
420,109.13033197183327,109.13033197183327,0.0023274851778086313,0.0,5.6686840281420965,326,0.11540713060700969,0.02874431496841415,17511.02283205852
421,110.56613498243372,110.56613498243372,0.013070974447041288,0.0,5.6686840281420965,326,0.11522795879705498,0.020154746220476537,17565.55937765774
422,109.70038652004071,109.70038652004071,-0.007860957849628487,0.0,5.6686840281420965,326,0.11495197150025672,-0.06497864638422947,17546.667426285305
423,110.08896972210131,110.08896972210131,0.003535963829886594,0.0,5.6686840281420965,326,0.11462973303169231,-0.0923034472309824,17567.235840774792
424,109.73195844865009,109.73195844865009,-0.0032482038022412156,0.0,5.6686840281420965,326,0.1150383359463949,-0.12086377359998428,17542.99815043489
425,110.06718522927837,110.06718522927837,0.003050303426493227,0.0,5.6686840281420965,326,0.11523909903631468,-0.09998904024544186,17548.74796439089
426,110.12185515314073,110.12185515314073,0.0004965726258745883,0.0,5.6686840281420965,326,0.11539702508636401,-0.09532271989969891,17545.817264576526
427,110.64518724051894,110.64518724051894,0.004741043427222869,0.0,5.6686840281420965,326,0.11562080616404842,-0.09091521256961224,17557.143478354963
428,110.71100261304905,110.71100261304905,0.0005946558306148221,0.0,5.6686840281420965,326,0.115651797352157,-0.09840891307703124,17556.626475136927
429,110.4335351364389,110.4335351364389,-0.0025093780297209822,0.0,5.6686840281420965,326,0.1156091205676231,-0.1121052545029507,17545.248707258837
430,110.36693990923851,110.36693990923851,-0.0006032163581709106,0.0,5.6686840281420965,326,0.11594941058784694,-0.11202412311341747,17531.601092712852
431,110.27529544596693,110.27529544596693,-0.0008307064909323461,0.0,5.6686840281420965,326,0.11595523107048288,-0.11586652243504986,17528.187143037394
432,110.86826595854937,110.86826595854937,0.005362778187510515,0.0,5.6686840281420965,326,0.11552044056003166,-0.12329745615539071,17560.83709747514
433,111.19425521387424,111.19425521387424,0.002936015386817382,0.0,5.6686840281420965,326,0.1156731314368872,-0.11984485380206569,17567.246669297132
434,110.35064312257312,110.35064312257312,-0.007615758025340048,0.0,5.6686840281420965,326,0.11532098577946671,-0.1173046501662738,17547.014618256606
435,110.87723330069987,110.87723330069987,0.004760622225123946,0.0,5.6686840281420965,326,0.11562111074281298,-0.12950328695307875,17560.435553558986
436,111.33737299778784,111.33737299778784,0.004141405125578765,0.0,5.6686840281420965,326,0.1153156568524154,-0.10428247326559276,17588.6200940544
437,111.65026289458294,111.65026289458294,0.002806344853084006,0.0,5.6686840281420965,326,0.11542986978586361,-0.10979809009321206,17598.307476315098
438,110.32855584099472,110.32855584099472,-0.011908547678012436,0.0,5.6686840281420965,326,0.11501626163589744,-0.1160328420022151,17557.268120523484
439,110.81775061083674,110.81775061083674,0.004424180314138679,0.0,5.6686840281420965,326,0.11519139907602068,-0.14043101107884265,17571.035361168433
440,110.63191568181178,110.63191568181178,-0.0016783495388239713,0.0,5.6686840281420965,326,0.11516113205527533,-0.20905833699117712,17562.77954682171
441,111.3627356237221,111.3627356237221,0.0065841458589837405,0.0,5.6686840281420965,326,0.115575691540173,-0.222631889405702,17577.822821077098
442,111.77914223091437,111.77914223091437,0.0037322182152029876,0.0,5.6686840281420965,326,0.11529372382867796,-0.2047430970376889,17601.531894885033
443,112.75211553135075,112.75211553135075,0.008666761148097083,0.0,5.6686840281420965,326,0.11543801265895333,-0.1639538754420264,17636.17875632077
444,112.86430299878235,112.86430299878235,0.0009944974519925267,0.0,5.6686840281420965,326,0.11546998850687532,-0.1503561598838685,17639.461668148786
445,113.61704984706516,113.61704984706516,0.006647343020825412,0.0,5.6686840281420965,326,0.11571059458666678,-0.15906819107526,17658.9298435995
446,112.8069008354906,112.8069008354906,-0.0071560668948016225,0.0,5.6686840281420965,326,0.11542080777753078,-0.18930004585714114,17632.156649196255
447,113.27297122090172,113.27297122090172,0.004123065369996057,0.0,5.6686840281420965,326,0.1150965604687426,-0.20780217205236373,17661.278432713207
448,113.60811435634065,113.60811435634065,0.0029543527469692906,0.0,5.6686840281420965,326,0.11517497383522589,-0.20050516551357003,17672.41318362283
449,113.71426530851028,113.71426530851028,0.0009339244120324868,0.0,5.6686840281420965,326,0.11522426423339123,-0.20192593091938055,17675.59496303013
450,113.31421026125395,113.31421026125395,-0.0035242756251303072,0.0,5.6686840281420965,326,0.11517121847357416,-0.2046405803759947,17658.024165464318
451,113.22498145775904,113.22498145775904,-0.0007877560384332011,0.0,5.6686840281420965,326,0.11519465306201275,-0.19371010655060783,17653.757529088492
452,112.60699593097607,112.60699593097607,-0.005472981076445892,0.0,5.6686840281420965,326,0.11600846923766348,-0.18072982380512592,17606.58436298068
453,111.5272581076412,111.5272581076412,-0.009634816245260979,0.0,5.6686840281420965,326,0.11573127806914695,-0.12368151516413642,17577.477919024077
454,111.95047344594686,111.95047344594686,0.003787543763750033,0.0,5.6686840281420965,326,0.11583334841730998,-0.1547790856338481,17587.65386158219
455,111.72300315609561,111.72300315609561,-0.0020339503076214505,0.0,5.6686840281420965,326,0.11577406456155359,-0.16077573335757767,17581.301565973055
456,112.51805893856124,112.51805893856124,0.007091110848076824,0.0,5.6686840281420965,326,0.11593789291003068,-0.1573165205422784,17603.38139028605
457,111.5667935810725,111.5667935810725,-0.008490275546057005,0.0,5.6686840281420965,326,0.11565507990272783,-0.18918529523329222,17576.246798715554
458,112.25704271936577,112.25704271936577,0.006167808915244403,0.0,5.6686840281420965,326,0.11509743175198807,-0.214941752962707,17617.050836009083
459,112.58326861438478,112.58326861438478,0.0029018472889061025,0.0,5.6686840281420965,326,0.11521631763387742,-0.20168270381896658,17624.277154395324
460,111.56396023246417,111.56396023246417,-0.009095052511562809,0.0,5.6686840281420965,326,0.1149304368116519,-0.21256306726616694,17597.856948793582
461,111.05054639756696,111.05054639756696,-0.004612590194154566,0.0,5.6686840281420965,326,0.11482607445804903,-0.17953444423749024,17579.653944170776
462,111.3907289138863,111.3907289138863,0.003058630023135627,0.0,5.6686840281420965,326,0.1146560700188217,-0.16137534078978688,17596.059224411114
463,111.9198493437295,111.9198493437295,0.004738883613816077,0.0,5.6686840281420965,326,0.11488038821804067,-0.23128921958891854,17604.8520459737
464,111.38599907059236,111.38599907059236,-0.004781346247480191,0.0,5.6686840281420965,326,0.11470856495429246,-0.24730272037048076,17593.516450826854
465,111.98491350694313,111.98491350694313,0.005362523389195586,0.0,5.6686840281420965,326,0.11488565672015397,-0.26026256598683933,17608.99507553221
466,112.35738814714573,112.35738814714573,0.0033205951771850453,0.0,5.6686840281420965,326,0.11463523435792292,-0.24547136066309877,17630.50309745366
467,112.90713651941267,112.90713651941267,0.004880923567412386,0.0,5.6686840281420965,326,0.11469494145219646,-0.2443302656328827,17649.90649327837
468,112.8666116336849,112.8666116336849,-0.0003589866979176718,0.0,5.6686840281420965,326,0.11469556226064916,-0.2363333438723797,17648.41096726994
469,113.6714626368745,113.6714626368745,0.007105687573643585,0.0,5.6686840281420965,326,0.1148695950041129,-0.2372822087005669,17672.32240924541
470,113.91887019004092,113.91887019004092,0.0021741490295280603,0.0,5.6686840281420965,326,0.1150039604799227,-0.22872520714097497,17676.626692358874
471,114.36884725890421,114.36884725890421,0.003942197649934142,0.0,5.6686840281420965,326,0.11462908910145814,-0.2207680911479045,17706.318333410578
472,114.71283037804797,114.71283037804797,0.0030031505026634152,0.0,5.6686840281420965,326,0.11459498707000729,-0.2197972681874219,17719.994645392067
473,114.87399963825806,114.87399963825806,0.0014039941809673951,0.0,5.6686840281420965,326,0.11465248774508288,-0.21542133258658075,17723.729345167976
474,115.98766978655617,115.98766978655617,0.009648018138501033,0.0,5.6686840281420965,326,0.11490537643551388,-0.19731664392146758,17753.08138310542
475,116.20296190155436,116.20296190155436,0.0018544432661330673,0.0,5.6686840281420965,326,0.11504568607882228,-0.18637521665283333,17756.52837321741
476,116.42521599229364,116.42521599229364,0.0019108102928539663,0.0,5.6686840281420965,326,0.11487281945775145,-0.18290169248978952,17770.257454911138
477,116.76691163828482,116.76691163828482,0.0029305954194450874,0.0,5.6686840281420965,326,0.11480452094580282,-0.19070687479962012,17783.718875375227
478,116.61489090704968,116.61489090704968,-0.001302764406460932,0.0,5.6686840281420965,326,0.11480163126139438,-0.21605115645037215,17778.664602670717
479,116.6728840748998,116.6728840748998,0.0004971813808006686,0.0,5.6686840281420965,326,0.11488369102230539,-0.21413281022217887,17778.76611894329
480,117.13439611679922,117.13439611679922,0.003947803857224697,0.0,5.6686840281420965,326,0.11500538226188325,-0.22336822644412602,17791.44325719125
481,116.86099969336618,116.86099969336618,-0.0023367686094243694,0.0,5.6686840281420965,326,0.11488814578893171,-0.17515505361464426,17785.319807553555
482,117.32444656576628,117.32444656576628,0.00395795285154905,0.0,5.6686840281420965,326,0.11510213725889211,-0.17553468804431946,17794.024946449164
483,116.18316459899982,116.18316459899982,-0.009775193613057634,0.0,5.6686840281420965,326,0.11478826260961543,-0.17601601518871593,17761.14772698527
484,115.70395598156544,115.70395598156544,-0.004133125620922189,0.0,5.6686840281420965,326,0.11556086238618672,-0.1316074793854239,17719.261228585303
485,115.73499685910976,115.73499685910976,0.0002682424660969984,0.0,5.6686840281420965,326,0.11561412817395066,-0.12934606172386504,17718.662816603926
486,115.69971527071404,115.69971527071404,-0.00030489452808833743,0.0,5.6686840281420965,326,0.11564055800349207,-0.12789968645076255,17717.04787557546
487,116.22196882118841,116.22196882118841,0.004503713702123782,0.0,5.6686840281420965,326,0.11543828537862598,-0.13033496187658802,17735.42598419381
488,117.05439141399734,117.05439141399734,0.00713682368159279,0.0,5.6686840281420965,326,0.11575734386769188,-0.1119005231131221,17758.51332111613
489,116.35942210134671,116.35942210134671,-0.005954843510128308,0.0,5.6686840281420965,326,0.11637064555482418,-0.14083603926536575,17711.29281695136
490,117.372022358446,117.372022358446,0.008664701445585796,0.0,5.6686840281420965,326,0.11573418069744904,-0.1715312553136657,17770.76718702241
491,118.49401023838462,118.49401023838462,0.009513844197645992,0.0,5.6686840281420965,326,0.1162031691029318,-0.11973617850107549,17792.241002280312
492,118.93330534025988,118.93330534025988,0.0037004638838010803,0.0,5.6686840281420965,326,0.11618129623252117,-0.11230649843037852,17805.81199293865
493,118.96420286160453,118.96420286160453,0.0002597548982493944,0.0,5.6686840281420965,326,0.11619785279924223,-0.1041413149336023,17806.365827484824
494,119.20956033031453,119.20956033031453,0.0020603239602521484,0.0,5.6686840281420965,326,0.11631225176552733,-0.08985234554946993,17810.985662429124
495,120.05192094068701,120.05192094068701,0.007041368182699914,0.0,5.6686840281420965,326,0.11673344870103279,-0.0919860441055653,17826.544031587808
496,120.45671508137664,120.45671508137664,0.003366153744924034,0.0,5.6686840281420965,326,0.11696597091598107,-0.08744766376032488,17832.873632169925
497,119.91250551885388,119.91250551885388,-0.004528121287999275,0.0,5.6686840281420965,326,0.11680442357752685,-0.0799899834597037,17812.762406423248
498,120.87457485672189,120.87457485672189,0.007991080384903296,0.0,5.6686840281420965,326,0.11607880473667793,-0.08714341077421249,17868.87794983218
499,120.79483629143039,120.79483629143039,-0.0006598978977628481,0.0,5.6686840281420965,326,0.11606129208868908,-0.09068547418562314,17867.179681803405
500,121.84463410001226,121.84463410001226,0.008653203515795772,0.0,5.6686840281420965,326,0.11604404096288032,-0.0874115264959259,17895.74455216138
501,121.97224952648229,121.97224952648229,0.001046813790952544,0.0,5.6686840281420965,326,0.1161012484730971,-0.09919848372591235,17898.023766013557
502,121.31626449248088,121.31626449248088,-0.0053926641490776766,0.0,5.6686840281420965,326,0.1158352146378809,-0.10575409592726692,17884.670477468146
503,120.84121372341262,120.84121372341262,-0.003923491291456085,0.0,5.6686840281420965,326,0.11573493803727967,-0.0829042830218164,17867.027080352087
504,121.72700397027506,121.72700397027506,0.007303464507118448,0.0,5.6686840281420965,326,0.11515264626229044,-0.10043507055556682,17918.684762100667
505,122.60779707098477,122.60779707098477,0.0072097540939364225,0.0,5.6686840281420965,326,0.11564894303155032,-0.046913337822654444,17928.232818320743
506,122.53408051982456,122.53408051982456,-0.0006014195053628778,0.0,5.6686840281420965,326,0.11569128018950223,-0.04068232263010872,17924.951190503554
507,121.62727934711609,121.62727934711609,-0.007427918508624507,0.0,5.6686840281420965,326,0.11644455433390342,-0.030877933091975965,17878.479545467206
508,120.46668480960497,120.46668480960497,-0.009588041013024186,0.0,5.6686840281420965,326,0.11621521027632589,0.027828936816399644,17841.031668009837
509,120.66797051146652,120.66797051146652,0.0016694883474575608,0.0,5.6686840281420965,326,0.11612529021137866,0.023209783973783225,17852.9026868249
510,120.58958089875742,120.58958089875742,-0.000649841756326461,0.0,5.6686840281420965,326,0.11628196223557738,0.01764876221608989,17842.128024114343
511,121.33652542540493,121.33652542540493,0.00617500038710646,0.0,5.6686840281420965,326,0.1165944980555392,0.004324671183067881,17857.647074642995
512,121.27629611657967,121.27629611657967,-0.0004965055818547232,0.0,5.6686840281420965,326,0.11663427059526815,-0.046209594848246126,17854.079261873267
513,120.34666481799793,120.34666481799793,-0.007694930002414668,0.0,5.6686840281420965,326,0.11636624383223543,-0.019910429953426796,17830.096880476234
514,120.71119164280483,120.71119164280483,0.003024395122551528,0.0,5.6686840281420965,326,0.11613398235562489,-0.02469657776738539,17848.91883946953
515,120.94638791972338,120.94638791972338,0.0019465257543901872,0.0,5.6686840281420965,326,0.1161607519655725,-0.011597235145951007,17855.094920337608
516,121.1057874038405,121.1057874038405,0.0013170673384455967,0.0,5.6686840281420965,326,0.11624354457827546,0.025697040537133065,17857.843417933498
517,122.15007832382608,122.15007832382608,0.00858599920891779,0.0,5.6686840281420965,326,0.11602140459084904,0.058574345726659836,17896.076331630764
518,122.41175990878563,122.41175990878563,0.0021400042354723274,0.0,5.6686840281420965,326,0.11610058997307349,0.05776568613486375,17902.77469996825
519,121.53128570922466,121.53128570922466,-0.007218717965729225,0.0,5.6686840281420965,326,0.11588797094655982,0.062185030698384554,17877.967058902017
520,121.4536602403978,121.4536602403978,-0.0006389323516670617,0.0,5.6686840281420965,326,0.11592760710002288,0.03354983098936673,17873.665575671545
521,121.28693143443306,121.28693143443306,-0.0013737202421230962,0.0,5.6686840281420965,326,0.1162826042282771,0.04533465534634616,17854.159548339216
522,121.61992329907027,121.61992329907027,0.002741726441569066,0.0,5.6686840281420965,326,0.11645170799921856,0.03899362390954323,17859.080123027346
523,122.02923875601837,122.02923875601837,0.0033598789222325566,0.0,5.6686840281420965,326,0.11663192583118194,0.055818565349165614,17865.36151252709
524,122.35361357041708,122.35361357041708,0.0026546461979948966,0.0,5.6686840281420965,326,0.11680005933645765,0.07709976477723508,17869.727890023783
525,123.70196609073027,123.70196609073027,0.010959849144327575,0.0,5.6686840281420965,326,0.11591869581243112,0.0759873097074761,17950.82294069593
526,124.29129943338948,124.29129943338948,0.004752826257614156,0.0,5.6686840281420965,326,0.11626295742648501,0.09217965110829851,17957.754354839253
527,124.65925120757663,124.65925120757663,0.00295602513167822,0.0,5.6686840281420965,326,0.1161965334982446,0.10010471005889003,17969.732682864764
528,125.30289201941517,125.30289201941517,0.005149917712045214,0.0,5.6686840281420965,326,0.11633969470498695,0.11070769593105952,17983.79851360016
529,125.22869128360267,125.22869128360267,-0.0005923463780799215,0.0,5.6686840281420965,326,0.11638139687502694,0.10473551144421163,17979.440629559922
530,125.8860062617527,125.8860062617527,0.005235189224991925,0.0,5.6686840281420965,326,0.11595963570379247,0.09730442590674909,18020.893971896174
531,125.49183794644789,125.49183794644789,-0.0031360650704675606,0.0,5.6686840281420965,326,0.11630937888730307,0.08168098444626615,17990.669488534473
532,125.54036713048853,125.54036713048853,0.0003866371219606642,0.0,5.6686840281420965,326,0.11633312249811174,0.08564767608393653,17991.465495325865
533,125.5136812439948,125.5136812439948,-0.00021259076893625632,0.0,5.6686840281420965,326,0.11636519171148228,0.08722935722253386,17989.126514684267
534,126.58732722780007,126.58732722780007,0.008517637286763973,0.0,5.6686840281420965,326,0.1168169109580335,0.07756289822937756,18010.86001194192
535,126.4101300361573,126.4101300361573,-0.0014007826207713475,0.0,5.6686840281420965,326,0.11713137291201633,0.0627527910206693,17991.851216871666
536,127.42395771931,127.42395771931,0.007988155438014717,0.0,5.6686840281420965,326,0.117586594810949,0.04789885619069232,18013.016005726135
537,126.44263456922278,126.44263456922278,-0.00773105298319074,0.0,5.6686840281420965,326,0.11720399582481922,0.009296631777113028,17989.886994495613
538,125.77359410586472,125.77359410586472,-0.005305305182945007,0.0,5.6686840281420965,326,0.117119689651134,0.04586971875545074,17968.165561067653
539,126.52783502531399,126.52783502531399,0.005978905223687595,0.0,5.6686840281420965,326,0.1166481690403617,0.027296193108947164,18015.541441991652
540,125.14522188418677,125.14522188418677,-0.010987485650817001,0.0,5.6686840281420965,326,0.11755854262017383,-0.002073349149898729,17927.123273686142
541,124.9037685798089,124.9037685798089,-0.0019312485843349634,0.0,5.6686840281420965,326,0.11751566692433259,0.02464385334451432,17920.224112899912
542,124.36032935315912,124.36032935315912,-0.004360355880985233,0.0,5.6686840281420965,326,0.11765181928348754,0.052031968948492664,17897.650021006466
543,124.28235212483645,124.28235212483645,-0.0006272232137745474,0.0,5.6686840281420965,326,0.11763124703595891,0.02602504184622984,17895.971690660765
544,124.53244497319913,124.53244497319913,0.002010273790003594,0.0,5.6686840281420965,326,0.11774954621397504,0.022338899538770097,17899.58902906847
545,124.08107241388134,124.08107241388134,-0.003631122394382021,0.0,5.6686840281420965,326,0.1177231506760461,0.018915131428816404,17884.734576211322
546,123.4238826949541,123.4238826949541,-0.005310530151835855,0.0,5.6686840281420965,326,0.11843350972458654,0.039739726815177394,17834.54214654511
547,122.75943599998656,122.75943599998656,-0.0053979961915902284,0.0,5.6686840281420965,326,0.11818987421263157,0.050194223702275456,17820.092996578125
548,122.52104771329839,122.52104771329839,-0.0019438021169812696,0.0,5.6686840281420965,326,0.11815679924942345,0.08742447637174791,17812.69887936651
549,122.5330941000563,122.5330941000563,9.831612457950383e-05,0.0,5.6686840281420965,326,0.11825829120021378,0.12353936289917412,17809.05663315625
550,121.87697191513666,121.87697191513666,-0.00536904041444409,0.0,5.6686840281420965,326,0.1190010162823549,0.08399697406855625,17758.32231185555
551,121.93037968576746,121.93037968576746,0.0004381145288227103,0.0,5.6686840281420965,326,0.1190197617755525,0.07007173304719938,17759.6301629765
552,122.59312906218648,122.59312906218648,0.005420754860718805,0.0,5.6686840281420965,326,0.11925990913658613,0.06982067109906986,17775.781519624372
553,122.99934339329037,122.99934339329037,0.0033080386990701326,0.0,5.6686840281420965,326,0.1194265743170643,0.07866453774960207,17786.008488947864
554,122.64568887401975,122.64568887401975,-0.0028793968300516405,0.0,5.6686840281420965,326,0.11970990393022515,0.06543879661441512,17765.174655155304
555,124.85580535829422,124.85580535829422,0.017859894047318893,0.0,5.6686840281420965,326,0.11824632686435542,0.014481875181769995,17889.030656628896
556,125.15927188713883,125.15927188713883,0.0024275870177105953,0.0,5.6686840281420965,326,0.11841739886871333,0.03916157447875761,17894.44158808776
557,124.82353309045918,124.82353309045918,-0.002686096738340887,0.0,5.6686840281420965,326,0.11864607192502227,0.05739632022404572,17877.518207659632
558,125.20049048318438,125.20049048318438,0.003015371666769702,0.0,5.6686840281420965,326,0.11880590806322344,0.059766976130738066,17885.70090811611
559,125.03246049511237,125.03246049511237,-0.0013429887044872054,0.0,5.6686840281420965,326,0.11873484029787773,0.06271776743473934,17881.94617872719
560,125.82509582826246,125.82509582826246,0.006319426710519812,0.0,5.6686840281420965,326,0.11910087134974433,0.05506137361776995,17897.99009892108
561,125.19297289039777,125.19297289039777,-0.005036484244361586,0.0,5.6686840281420965,326,0.11896785773350516,0.037694027011776515,17879.84844484321
562,124.43081774693319,124.43081774693319,-0.00610644930784205,0.0,5.6686840281420965,326,0.11984778973650369,0.04349518064169927,17821.635366453265
563,124.4022012062857,124.4022012062857,-0.00023000597665074224,0.0,5.6686840281420965,326,0.1198349294154334,0.06373155015305536,17821.12669093652
564,124.0420421397095,124.0420421397095,-0.002899317078296723,0.0,5.6686840281420965,326,0.11969423256307081,0.03816804705938523,17813.610923322314
565,124.21337036204467,124.21337036204467,0.0013802579191213053,0.0,5.6686840281420965,326,0.11984501350637543,0.04064289041990202,17814.551084843573
566,124.34068777906845,124.34068777906845,0.0010244646907898267,0.0,5.6686840281420965,326,0.11995154636461046,0.037287643918686046,17815.71433678023
567,124.20576319513125,124.20576319513125,-0.0010857093043335543,0.0,5.6686840281420965,326,0.11988740954155662,-0.010489594771747397,17812.809504180364
568,124.26083563132698,124.26083563132698,0.00044329851463112375,0.0,5.6686840281420965,326,0.11993342150124617,-0.0034882795635208844,17811.99269135562
569,123.7343800867704,123.7343800867704,-0.004245697513587874,0.0,5.6686840281420965,326,0.119896364360322,-0.002326964810457106,17792.5286808236
570,123.77050327443787,123.77050327443787,0.00029189878949773787,0.0,5.6686840281420965,326,0.12008211820806695,0.002171396260645807,17787.06015541746
571,123.50667470666903,123.50667470666903,-0.002133869935209015,0.0,5.6686840281420965,326,0.11995233533895892,0.005590387532491337,17782.797433508167
572,123.60505388943537,123.60505388943537,0.000796232445322098,0.0,5.6686840281420965,326,0.12002060522375901,0.00038593789789816927,17783.300266890583
573,123.4532498236005,123.4532498236005,-0.0012288927970253646,0.0,5.6686840281420965,326,0.12006679342121904,0.014714209681574532,17774.49886891915
574,122.88387089339246,122.88387089339246,-0.0046227701494569555,0.0,5.6686840281420965,326,0.12071408695442191,0.017204505024097805,17729.239225968417
575,123.78994396924432,123.78994396924432,0.00734635860186265,0.0,5.6686840281420965,326,0.1210419312642022,-0.007625079181089475,17756.423397972438
576,123.357982711989,123.357982711989,-0.003495572088353283,0.0,5.6686840281420965,326,0.12090788212802668,-0.031124105400547275,17743.025141103182
577,122.7749686093251,122.7749686093251,-0.004737400578947924,0.0,5.6686840281420965,326,0.1206961519351592,-0.030931570586911608,17726.03844621492
578,121.79700645207045,121.79700645207045,-0.007997378844280678,0.0,5.6686840281420965,326,0.12047999288120029,0.006492795218657231,17694.032052320632
579,121.6004542329287,121.6004542329287,-0.0016150724113017372,0.0,5.6686840281420965,326,0.1204868086585831,0.011780250633734573,17686.270973873718
580,122.31709659282043,122.31709659282043,0.0058761201851239425,0.0,5.6686840281420965,326,0.11993202647022169,0.004406079377661502,17731.626085819516
581,122.66959966542755,122.66959966542755,0.0028777343525823117,0.0,5.6686840281420965,326,0.11989346097933504,0.01761019602253056,17745.51920898237
582,123.00038116708846,123.00038116708846,0.0026928947560745436,0.0,5.6686840281420965,326,0.1200362684599125,0.016704086876250072,17753.110831847906
583,121.78347801105987,121.78347801105987,-0.009942756725795069,0.0,5.6686840281420965,326,0.11973923959464515,-0.005888563682833094,17718.151281448794
584,121.99364708730758,121.99364708730758,0.0017242727613128626,0.0,5.6686840281420965,326,0.11986589039822014,-0.035596981185313376,17721.505922087897
585,122.110049928087,122.110049928087,0.0009537164002491377,0.0,5.6686840281420965,326,0.11979390669520204,-0.07518778966921293,17728.027896655873
586,122.57032704559711,122.57032704559711,0.003762276861983409,0.0,5.6686840281420965,326,0.11970489805614783,-0.08335437592341183,17747.04134359046
587,122.05635540127952,122.05635540127952,-0.004202095989439614,0.0,5.6686840281420965,326,0.11955233224585343,-0.10636094468123473,17734.416953716096
588,121.8542479390994,121.8542479390994,-0.0016572260956914033,0.0,5.6686840281420965,326,0.11971240699086641,-0.10453286450773057,17723.693591029514
589,122.22665740755765,122.22665740755765,0.0030515271722169612,0.0,5.6686840281420965,326,0.11984652406084992,-0.10582229185654926,17732.2108397049
590,122.50885567864947,122.50885567864947,0.002306149954305739,0.0,5.6686840281420965,326,0.11998560978570216,-0.09032538378352152,17736.81570115634
591,122.43357739933882,122.43357739933882,-0.0006146610102198161,0.0,5.6686840281420965,326,0.1200425336735792,-0.08956781895979588,17731.682780959534
592,122.09901390350245,122.09901390350245,-0.002736352670300603,0.0,5.6686840281420965,326,0.12056388642367369,-0.08909361743853712,17701.861420154102
593,122.07887464695618,122.07887464695618,-0.00016495561257810168,0.0,5.6686840281420965,326,0.12058950647903963,-0.09115163099358801,17700.575525627944
594,123.11985417355667,123.11985417355667,0.008490955771541617,0.0,5.6686840281420965,326,0.12022310401076236,-0.08336491308920378,17741.97429457699
595,123.0087746052356,123.0087746052356,-0.0009026140227059399,0.0,5.6686840281420965,326,0.12041194863439687,-0.08054738859280122,17732.70270360925
596,122.85737971563941,122.85737971563941,-0.001231522973536386,0.0,5.6686840281420965,326,0.12043764382007359,-0.03909269064902212,17726.121386695875
597,122.77559025434044,122.77559025434044,-0.000665948584440295,0.0,5.6686840281420965,326,0.12062782821690957,-0.0675681114798639,17717.33123649308
598,121.27689768983258,121.27689768983258,-0.012281877691272121,0.0,5.6686840281420965,326,0.12085045223460514,-0.03861890304141434,17644.198696237614
599,121.59809582196137,121.59809582196137,0.002644968217922744,0.0,5.6686840281420965,326,0.12093054384693558,-0.01729873427536088,17652.774386104196
600,121.68030501962629,121.68030501962629,0.0006758446332245202,0.0,5.401849526847752,265,0.18772916639262952,-0.027402707966506245,16475.260549016974
601,121.85117784401582,121.85117784401582,0.0014032916846798763,0.0,5.401849526847752,265,0.18783317168543015,-0.030413748647964756,16477.302627207406
602,121.73082825001518,121.73082825001518,-0.0009881649775668195,0.0,5.401849526847752,265,0.18798702950195617,-0.03248663308637076,16470.336085327508
603,121.8369395808414,121.8369395808414,0.000871308535479441,0.0,5.401849526847752,265,0.18806123037192002,-0.03251632507549146,16471.140708399194
604,121.44544397608767,121.44544397608767,-0.00321844875875664,0.0,5.401849526847752,265,0.1879059134485765,-0.029012680953447462,16463.861980451748
605,121.1550735252101,121.1550735252101,-0.002393816736492126,0.0,5.401849526847752,265,0.1878912198485915,-0.03743258149624623,16455.708597715675
606,121.1761714908386,121.1761714908386,0.00017412501372165417,0.0,5.401849526847752,265,0.18792560648762818,-0.059860485309010794,16455.413772794003
607,121.70738067163808,121.70738067163808,0.00437419514878012,0.0,5.401849526847752,265,0.1878258582424329,-0.06603682744575577,16472.770946107947
608,121.38661712597603,121.38661712597603,-0.0026390098869395187,0.0,5.401849526847752,265,0.18779917315846004,-0.07471022762313652,16463.98147707661
609,121.7265919147084,121.7265919147084,0.002796845236756078,0.0,5.401849526847752,265,0.18794307484034312,-0.07924988804570902,16469.709530979766
610,120.34688825354706,120.34688825354706,-0.011399171856328801,0.0,5.401849526847752,265,0.18741840941455037,-0.0954660962729648,16444.855027152524
611,119.66950702474928,119.66950702474928,-0.005644472965797315,0.0,5.401849526847752,265,0.18727862361361608,-0.05195916844716274,16426.889323619773
612,120.3839139000882,120.3839139000882,0.005952083346370558,0.0,5.401849526847752,265,0.18690751497772198,-0.09125884049832136,16461.59761444446
613,121.36413691462677,121.36413691462677,0.008109503949938812,0.0,5.401849526847752,265,0.18737562670785268,-0.04407050696420691,16480.54276292005
614,121.95335350704022,121.95335350704022,0.004843200898900739,0.0,5.401849526847752,265,0.1876865922310108,0.020399600579879013,16491.36211366285
615,121.74431855850018,121.74431855850018,-0.0017155272599421378,0.0,5.401849526847752,265,0.18770960174693244,-0.02745209294161981,16483.530126078134
616,121.85435964962181,121.85435964962181,0.0009034621978748778,0.0,5.401849526847752,265,0.18782359958199799,-0.023355541737703638,16483.83795462096
617,122.74980138166956,122.74980138166956,0.007321590346891846,0.0,5.401849526847752,265,0.18828524757468157,-0.0064553369690909385,16500.21269767989
618,122.87833122999864,122.87833122999864,0.001046540220726809,0.0,5.401849526847752,265,0.18837283526160348,0.005193837112508027,16501.54115225042
619,122.7844227549867,122.7844227549867,-0.000764531684700307,0.0,5.401849526847752,265,0.18843277765857058,0.01063820056767236,16496.00227676634
620,122.80940931253078,122.80940931253078,0.0002034787064474079,0.0,5.401849526847752,265,0.18861140585697347,0.03892708101781377,16491.41900627363
621,122.31338691811669,122.31338691811669,-0.004047139467113207,0.0,5.401849526847752,265,0.1883802977131941,0.013064214986631769,16482.353894017084
622,122.369475010896,122.369475010896,0.0004584554334497861,0.0,5.401849526847752,265,0.1884308299142547,0.010829707325502258,16482.155766637345
623,123.44712045144557,123.44712045144557,0.008767938082748505,0.0,5.401849526847752,265,0.18878883861441492,0.015628096748984095,16505.99048494014
624,123.7129732197188,123.7129732197188,0.00215126047941821,0.0,5.401849526847752,265,0.18876346158694468,0.03691376652344705,16515.73644330697
625,122.42806414823326,122.42806414823326,-0.010440524318485873,0.0,5.401849526847752,265,0.18834551932421212,0.013943662318312884,16484.140888382695
626,123.20891152004407,123.20891152004407,0.006357756196176243,0.0,5.401849526847752,265,0.18859440555710896,-0.03777920426133007,16503.27638828072
627,122.88899938107174,122.88899938107174,-0.0025998783817483186,0.0,5.401849526847752,265,0.18853531410343874,-0.049487739494625385,16493.331542775228
628,123.1303148782823,123.1303148782823,0.001961761216423876,0.0,5.401849526847752,265,0.18868231679347103,-0.05143976454376398,16496.499142744247
629,122.56368161359048,122.56368161359048,-0.004612520268235211,0.0,5.401849526847752,265,0.18908944432212124,-0.05713738838291149,16467.710762908308
630,123.03322083320973,123.03322083320973,0.0038236621635849132,0.0,5.401849526847752,265,0.18897756369212676,-0.06931126343163564,16484.809965384484
631,122.28551096201598,122.28551096201598,-0.006095842588823416,0.0,5.401849526847752,265,0.18878143782654366,-0.08370839731396082,16467.168300207475
632,122.24822608368426,122.24822608368426,-0.00030494670445973355,0.0,5.401849526847752,265,0.188914302046573,-0.08239471200052138,16462.72155720693
633,120.77817864884915,120.77817864884915,-0.012097988827602492,0.0,5.401849526847752,265,0.18854798366974418,-0.07620947147771165,16429.008541821273
634,121.24079322227335,121.24079322227335,0.0038229658879721704,0.0,5.401849526847752,265,0.1887068018978598,-0.08695393605387465,16438.461601458705
635,122.04097521764828,122.04097521764828,0.0065782560366712236,0.0,5.401849526847752,265,0.1890246162351879,-0.052203427334959175,16453.51718538774
636,121.57351296636608,121.57351296636608,-0.0038377259784848315,0.0,5.401849526847752,265,0.18891161877168494,-0.07861407162383664,16442.393200600876
637,120.78601051440047,120.78601051440047,-0.006498653010778062,0.0,5.401849526847752,265,0.18967715305952565,-0.08564251381516041,16395.36582623931
638,120.48473581248284,120.48473581248284,-0.002497400642987341,0.0,5.401849526847752,265,0.18954705230253283,-0.08709118730063281,16389.485047100094
639,119.77016008709329,119.77016008709329,-0.005948497572093097,0.0,5.401849526847752,265,0.1892518866159593,-0.07051927923751782,16375.258501105629
640,119.5135889384421,119.5135889384421,-0.002144493706938339,0.0,5.401849526847752,265,0.18925045336279112,-0.0789639079125679,16367.394674389969
641,119.50683384837882,119.50683384837882,-5.6523120378776e-05,0.0,5.401849526847752,265,0.18931954930877232,-0.08722557564365972,16365.353261839338
642,120.28741167252426,120.28741167252426,0.006510419627046778,0.0,5.401849526847752,265,0.18914449844403872,-0.06313388818690135,16395.41565343747
643,120.0118185673811,120.0118185673811,-0.0022937503852949606,0.0,5.401849526847752,265,0.18909250959457793,-0.06295054752453327,16388.309511648502
644,120.05290214868535,120.05290214868535,0.00034227088080897766,0.0,5.401849526847752,265,0.18906570172854392,-0.06576122333996309,16390.301758645073
645,120.67179513962864,120.67179513962864,0.005141926536922803,0.0,5.401849526847752,265,0.1888413924004712,-0.06537152636147427,16414.685215532387
646,120.33056311732693,120.33056311732693,-0.002831775197525267,0.0,5.401849526847752,265,0.18877853133477537,-0.06453317924068751,16405.53262852924
647,120.24261177425174,120.24261177425174,-0.0007311816625710926,0.0,5.401849526847752,265,0.18902703011601105,-0.06851329487535224,16395.649398520643
648,120.54967625977004,120.54967625977004,0.002550452545428092,0.0,5.401849526847752,265,0.18909373884436514,-0.06575641996372003,16403.73390783069
649,120.1931247408076,120.1931247408076,-0.002962097127554051,0.0,5.401849526847752,265,0.18901607966649098,-0.07767967279058512,16394.37119572061
650,119.9490522185903,119.9490522185903,-0.0020327341856407593,0.0,5.401849526847752,265,0.18896629813377872,-0.07397021382742479,16387.937696240904
651,120.06726650431062,120.06726650431062,0.000985052149022333,0.0,5.401849526847752,265,0.189040596068966,-0.07602114214517539,16388.482123661186
652,119.5733309461379,119.5733309461379,-0.00412230868140962,0.0,5.401849526847752,265,0.18894647810393364,-0.07882865263992556,16376.669225398096
653,118.85749643918969,118.85749643918969,-0.006004564640983632,0.0,5.401849526847752,265,0.18978688098353996,-0.06377195319213862,16330.589977202142
654,118.26015659095584,118.26015659095584,-0.005038352094178582,0.0,5.401849526847752,265,0.18955822242186168,-0.04625740637359421,16322.1701855243
655,118.33199592636566,118.33199592636566,0.0006072841964814647,0.0,5.401849526847752,265,0.18951070213484583,-0.050435674817482866,16325.260920928808
656,118.04299133483585,118.04299133483585,-0.002445307254271259,0.0,5.401849526847752,265,0.1898836977288169,-0.05198950835875023,16307.38141626805
657,118.2804784448044,118.2804784448044,0.0020098485362787977,0.0,5.401849526847752,265,0.1900333603594956,-0.05558733745683555,16311.15594116241
658,118.09866844360731,118.09866844360731,-0.0015382916762531795,0.0,5.401849526847752,265,0.19037396882761853,-0.03398781925296065,16295.060321885443
659,118.84724049372979,118.84724049372979,0.0063185268229666,0.0,5.401849526847752,265,0.19071436712282966,-0.04141331321347604,16312.508224113571
660,119.11413460649757,119.11413460649757,0.00224317265412542,0.0,5.401849526847752,265,0.1908566024788638,-0.028805402191664657,16317.983459382769
661,119.64440995058303,119.64440995058303,0.004441945455554559,0.0,5.401849526847752,265,0.19110271445903476,-0.017791548622970627,16330.114502842553
662,120.1739430945881,120.1739430945881,0.004416125770758035,0.0,5.401849526847752,265,0.19090494203319752,0.00023318326167860108,16353.925045515789
663,119.53903565538323,119.53903565538323,-0.005297242787450064,0.0,5.401849526847752,265,0.19063392264514603,-0.014820184330381965,16339.15763742495
664,118.97511105414605,118.97511105414605,-0.004728655803479786,0.0,5.401849526847752,265,0.19040420978306175,-0.0027594718310410085,16326.188671815687
665,119.1390414375935,119.1390414375935,0.0013769060564543106,0.0,5.401849526847752,265,0.19049014424264574,-0.007658805389833948,16327.795364058205
666,119.00199075024385,119.00199075024385,-0.0011510045221612792,0.0,5.401849526847752,265,0.1905263979226695,-0.010383706447905847,16322.329505956057
667,119.66459768682788,119.66459768682788,0.005552588180341309,0.0,5.401849526847752,265,0.19018958363692623,-0.005866285154093324,16352.937508337192
668,119.82487721181464,119.82487721181464,0.0013385101703067036,0.0,5.401849526847752,265,0.19026820672427575,0.006494686693853081,16355.4666480114
669,119.74039822356958,119.74039822356958,-0.0007052690887125382,0.0,5.401849526847752,265,0.19023140989043247,0.03137417540987716,16353.018118514787
670,119.05957358541696,119.05957358541696,-0.00570206501837262,0.0,5.401849526847752,265,0.1900664684788,-0.01342312218820564,16334.0457111759
671,119.7810712788286,119.7810712788286,0.006041684307904001,0.0,5.401849526847752,265,0.1896771928451691,-0.013954806723996668,16371.227151673174
672,120.1852035041725,120.1852035041725,0.0033682450401426698,0.0,5.401849526847752,265,0.18981574996426756,-0.03731088781918826,16382.249543883963
673,119.2512590123735,119.2512590123735,-0.007801228088386143,0.0,5.401849526847752,265,0.18945118311956136,-0.0945033328733911,16356.974763702448
674,119.79182940276483,119.79182940276483,0.004522793906757482,0.0,5.401849526847752,265,0.18967851275681497,-0.11842557177804831,16369.343491737563
675,120.21811173031809,120.21811173031809,0.003552209327524821,0.0,5.401849526847752,265,0.18986434905643068,-0.10080795433202838,16377.420257932597
676,120.31112064494673,120.31112064494673,0.0007733689443555887,0.0,5.401849526847752,265,0.18996852687356466,-0.10465188303839659,16377.281288702703
677,120.4308621662625,120.4308621662625,0.0009947706651901016,0.0,5.401849526847752,265,0.1900174061096448,-0.11748939119531637,16379.490290346985
678,120.54300883268839,120.54300883268839,0.0009307787110486348,0.0,5.401849526847752,265,0.19005856456750392,-0.1156079442732794,16381.7629679014
679,121.04921169052753,121.04921169052753,0.004190562076215365,0.0,5.401849526847752,265,0.19026829377760812,-0.10878374810237057,16390.63243887991
680,120.65884482149947,120.65884482149947,-0.003230071964207883,0.0,5.401849526847752,265,0.19019443402542868,-0.11746761620027822,16378.64275331826
681,120.83553479186344,120.83553479186344,0.001463305292447376,0.0,5.401849526847752,265,0.1902553208342665,-0.12079758689905747,16383.412671558719
682,121.01110359843656,121.01110359843656,0.0014519022350987915,0.0,5.401849526847752,265,0.19034050995096613,-0.12309070366114531,16387.44809356683
683,120.99097285543974,120.99097285543974,-0.00016636834971202091,0.0,5.401849526847752,265,0.19034178015163672,-0.1524145816822883,16386.54773950767
684,120.76781197086699,120.76781197086699,-0.0018461455133097608,0.0,5.401849526847752,265,0.1902325109241877,-0.13010047668209151,16381.517714606742
685,120.40871573474506,120.40871573474506,-0.0029778727217113607,0.0,5.401849526847752,265,0.1900580858891033,-0.07210160840426785,16371.20652885059
686,120.20604159078235,120.20604159078235,-0.0016846364217049366,0.0,5.401849526847752,265,0.1900940977123636,-0.05612250366559292,16363.121015957258
687,119.35572462597283,119.35572462597283,-0.00709896699490571,0.0,5.401849526847752,265,0.1909392632036478,-0.04036812314002522,16310.15347446483
688,119.9878225335044,119.9878225335044,0.00528194208369485,0.0,5.401849526847752,265,0.19124711316939444,-0.06644395745591333,16320.256763694199
689,120.06045025295977,120.06045025295977,0.0006051093042945478,0.0,5.401849526847752,265,0.19128198622340598,-0.0443053974939909,16320.001106157148
690,120.66933171848882,120.66933171848882,0.005058640929045706,0.0,5.401849526847752,265,0.1915526238718353,-0.01563657615827212,16333.007958198228
691,120.6901446858452,120.6901446858452,0.00017246447264497112,0.0,5.401849526847752,265,0.19173534278426638,-0.013998766132797817,16328.12978423702
692,120.73419043763184,120.73419043763184,0.0003648824568807389,0.0,5.401849526847752,265,0.19175659949457557,-0.01492323440321274,16328.767221922999
693,120.23388415825605,120.23388415825605,-0.004152475377621765,0.0,5.401849526847752,265,0.19151132477701338,0.034073719312437356,16318.314593934536
694,120.74444111720284,120.74444111720284,0.004237374646026217,0.0,5.401849526847752,265,0.19172267158837955,-0.015702078541686117,16328.207032553906
695,119.50568414794661,119.50568414794661,-0.010312318844584282,0.0,5.401849526847752,265,0.19292106293555542,-0.03617468991071141,16253.988463916981
696,120.10983751779874,120.10983751779874,0.005042700455248759,0.0,5.401849526847752,265,0.1929833962597307,-0.11650078000108355,16271.971758780075
697,120.78864535834607,120.78864535834607,0.005635648917755442,0.0,5.401849526847752,265,0.1931723339017978,-0.10217661746539304,16288.449333181932
698,120.91964782668451,120.91964782668451,0.001083971753219227,0.0,5.401849526847752,265,0.19324311785142595,-0.1126741951465009,16289.91370567316
699,120.6108170843414,120.6108170843414,-0.0025572832873222515,0.0,5.401849526847752,265,0.19318804316115767,-0.1344771164136471,16280.794102997002
700,121.11107992202895,121.11107992202895,0.004139166191565803,0.0,5.401849526847752,265,0.19283853942251739,-0.14542679173009995,16307.481361050395
701,120.44975970405099,120.44975970405099,-0.005475406288562697,0.0,5.401849526847752,265,0.1933351714694438,-0.16284702466734852,16270.103045148591
702,120.70367936888132,120.70367936888132,0.002105877151451793,0.0,5.401849526847752,265,0.19343649983111552,-0.16498531304751388,16276.067597146959
703,120.75134826616663,120.75134826616663,0.00039484701040619287,0.0,5.401849526847752,265,0.1934991687046559,-0.16459541060875052,16275.331060701861
704,120.84628942306382,120.84628942306382,0.0007859444545271633,0.0,5.401849526847752,265,0.19357384400856031,-0.16559431318509388,16276.510596127984
705,121.00232919780358,121.00232919780358,0.0012903922898674352,0.0,5.401849526847752,265,0.19348607602836596,-0.152571727221855,16284.015859873258
706,121.78906818140753,121.78906818140753,0.006480804062538633,0.0,5.401849526847752,265,0.19321542808262998,-0.14158147368216653,16316.31337705013
707,121.58956538610371,121.58956538610371,-0.0016394441620808512,0.0,5.401849526847752,265,0.19320135219335188,-0.15146428222022384,16310.58716981536
708,121.37521628002914,121.37521628002914,-0.0017644463548605487,0.0,5.401849526847752,265,0.19335889308826457,-0.13969252071607352,16299.821882801383
709,121.98867561722744,121.98867561722744,0.00504150908964941,0.0,5.401849526847752,265,0.19310284135707467,-0.1555177422173048,16324.309843740923
710,122.3758053651757,122.3758053651757,0.003168464338708355,0.0,5.401849526847752,265,0.19331671230145153,-0.1382930945392148,16331.022417974973
711,121.57216467445296,121.57216467445296,-0.0065886475528269,0.0,5.401849526847752,265,0.19408077717066563,-0.14836301045836092,16284.001830393072
712,122.84148094109219,122.84148094109219,0.010386716952619895,0.0,5.401849526847752,265,0.1944681385967041,-0.23034169789581588,16317.169168238126
713,122.34219606131792,122.34219606131792,-0.004072747223844987,0.0,5.401849526847752,265,0.19426758546361336,-0.3130624778347606,16305.262205381283
714,121.49702220769997,121.49702220769997,-0.00693225022833621,0.0,5.401849526847752,265,0.19397084913059354,-0.27316703742831594,16283.07458107662
715,120.6229390909166,120.6229390909166,-0.007220279645116552,0.0,5.401849526847752,265,0.19373906860966672,-0.20765925161981555,16262.017909682874
716,120.41520876144901,120.41520876144901,-0.0017236307426633426,0.0,5.401849526847752,265,0.1941221508235267,-0.19029574469077326,16244.172025246251
717,120.44910247218064,120.44910247218064,0.00028143406369967667,0.0,5.401849526847752,265,0.19417937559582946,-0.1878649675423272,16243.56504777062
718,120.73572818470102,120.73572818470102,0.002376814882384732,0.0,5.401849526847752,265,0.19400257579078362,-0.17759119824818523,16256.178027028662
719,119.95777084511789,119.95777084511789,-0.006464321236660495,0.0,5.401849526847752,265,0.1946690658753079,-0.1999734299471079,16216.248841605297
720,119.88407360141835,119.88407360141835,-0.000614548693027585,0.0,5.401849526847752,265,0.19470555743594117,-0.2044020787900974,16212.827674107917
721,118.52955682581727,118.52955682581727,-0.011362868365818008,0.0,5.401849526847752,265,0.19595685081966602,-0.19668079802646765,16134.735736840423
722,118.9271529186355,118.9271529186355,0.0033487911528204853,0.0,5.401849526847752,265,0.1958843554488715,-0.21103488191780728,16149.225408811762
723,119.01317032759724,119.01317032759724,0.0007230166920457927,0.0,5.401849526847752,265,0.195932086205117,-0.23342704769244407,16150.706042146858
724,118.76854612895225,118.76854612895225,-0.0020575533610599065,0.0,5.401849526847752,265,0.19593836829556055,-0.23269406072749113,16142.734693335982
725,118.41976733740165,118.41976733740165,-0.002940946270416907,0.0,5.401849526847752,265,0.19586656086192455,-0.22514360832096542,16133.372260743343
726,119.02512323446871,119.02512323446871,0.005098928068453523,0.0,5.401849526847752,265,0.19539721520671716,-0.22736090570379472,16165.348524617211
727,118.81800635514398,118.81800635514398,-0.0017416263571322828,0.0,5.401849526847752,265,0.19569391547653342,-0.24749382398406547,16150.080493816093
728,118.42810451615469,118.42810451615469,-0.0032869005826031052,0.0,5.401849526847752,265,0.1955512554513195,-0.24090277267789825,16141.591639812874
729,118.57124822289255,118.57124822289255,0.0012079672158561996,0.0,5.401849526847752,265,0.19562843447358988,-0.24676285106000354,16144.012646796646
730,119.12196355590311,119.12196355590311,0.004633841364879352,0.0,5.401849526847752,265,0.1958457361369939,-0.2138285793402689,16156.535909940929
731,118.62175643979835,118.62175643979835,-0.0042079585042861445,0.0,5.401849526847752,265,0.19578210065712465,-0.25345416792478753,16141.58905675357
732,118.5417708549372,118.5417708549372,-0.000674518454048486,0.0,5.401849526847752,265,0.19581408812336823,-0.23055954008850116,16138.156052630813
733,120.05362891101858,120.05362891101858,0.012673155411444224,0.0,5.401849526847752,265,0.19479243735703955,-0.188199395125341,16215.875063536861
734,119.91491740376362,119.91491740376362,-0.0011560808683839343,0.0,5.401849526847752,265,0.19474664944587475,-0.21700187425872952,16212.247503047724
735,120.51131811037673,120.51131811037673,0.004961205075081841,0.0,5.401849526847752,265,0.1949688326644079,-0.2216773304080471,16226.67745338658
736,121.01098513147348,121.01098513147348,0.004137652939336475,0.0,5.401849526847752,265,0.19518749165426955,-0.20324726865661588,16236.431934314229
737,120.73083931607114,120.73083931607114,-0.0023177283571125845,0.0,5.401849526847752,265,0.1951763244731499,-0.21088936507437214,16227.26343769702
738,120.88964803320883,120.88964803320883,0.0013145304170870252,0.0,5.401849526847752,265,0.1952386005166044,-0.2160385708892325,16228.876293362155
739,120.12756595843226,120.12756595843226,-0.006323901947933618,0.0,5.401849526847752,265,0.19490269449302677,-0.20824068430956488,16218.647756877126
740,120.54091167778834,120.54091167778834,0.003434983507950842,0.0,5.401849526847752,265,0.19465785142821285,-0.2213559215412119,16235.951856265585
741,120.20325204181887,120.20325204181887,-0.002805134314921885,0.0,5.401849526847752,265,0.19496535068322143,-0.22976783195127062,16218.525829713575
742,120.11541278657147,120.11541278657147,-0.0007310231955713284,0.0,5.401849526847752,265,0.19498574917463107,-0.22871990009555038,16215.644710295634
743,120.5348849164591,120.5348849164591,0.003486158618728585,0.0,5.401849526847752,265,0.1946290920072351,-0.22829443012991688,16236.07140203779
744,120.54817441749556,120.54817441749556,0.00011024831928567176,0.0,5.401849526847752,265,0.19482166402420736,-0.23251437038347955,16230.626584853137
745,119.78698766909203,119.78698766909203,-0.0063343980713095336,0.0,5.401849526847752,265,0.19444863777174456,-0.2312572885765823,16217.413115934263
746,119.81633487730655,119.81633487730655,0.00024496495331847973,0.0,5.401849526847752,265,0.19448776793953867,-0.24192730957934355,16217.413744389174
747,119.224859333762,119.224859333762,-0.004948743270816793,0.0,5.401849526847752,265,0.1947891378749058,-0.21896080922562833,16190.56587298728
748,118.4554356868127,118.4554356868127,-0.006474464655559684,0.0,5.401849526847752,265,0.19465495445949962,-0.19621941759951583,16170.538676643138
749,118.24427531525832,118.24427531525832,-0.0017842051997237441,0.0,5.401849526847752,265,0.19484096643577928,-0.1919534625647055,16159.441076946927
750,118.78351696212333,118.78351696212333,0.004550036702470959,0.0,5.401849526847752,265,0.19457461719939587,-0.20010548290592442,16181.137044230361
751,118.89413889057424,118.89413889057424,0.0009308568450981289,0.0,5.401849526847752,265,0.1946648241394556,-0.19572622954928717,16181.66142680233
752,117.86364740040324,117.86364740040324,-0.00870508221695819,0.0,5.401849526847752,265,0.195314231716857,-0.19097976204695208,16139.046707519825
753,118.16344803733269,118.16344803733269,0.0025403930646702008,0.0,5.401849526847752,265,0.19529615520358415,-0.19689674900308607,16146.448791060611
754,118.03032095070537,118.03032095070537,-0.0011272702179669285,0.0,5.401849526847752,265,0.19532925685520347,-0.1676740026238784,16141.83441055454
755,117.38579699403725,117.38579699403725,-0.005475628199669725,0.0,5.401849526847752,265,0.19600287162412103,-0.13243837578525278,16105.611016823193
756,117.79195154132483,117.79195154132483,0.0034540253371087466,0.0,5.401849526847752,265,0.19591775663145578,-0.17464010123280327,16119.363266015001
757,118.3786502663635,118.3786502663635,0.004968441689658365,0.0,5.401849526847752,265,0.19615015289102852,-0.16651303155369698,16128.996595998007
758,117.69068331135749,117.69068331135749,-0.0058285325942256825,0.0,5.401849526847752,265,0.1964607554123736,-0.18314146647731444,16104.295621233325
759,118.09701799465918,118.09701799465918,0.0034466181509417524,0.0,5.401849526847752,265,0.1965844925276098,-0.19024669394460145,16111.801562606004
760,118.44820738495046,118.44820738495046,0.002969323500490036,0.0,5.401849526847752,265,0.19672465028235916,-0.1638687520153131,16117.408260651833
761,117.84210023460936,117.84210023460936,-0.005130201791089977,0.0,5.401849526847752,265,0.1966380356099768,-0.1668565683956224,16100.8616342678
762,118.30792729013056,118.30792729013056,0.003945184039146076,0.0,5.401849526847752,265,0.19643243858578077,-0.18250580317434903,16120.145088920086
763,117.50274369559793,117.50274369559793,-0.006829094887116545,0.0,5.401849526847752,265,0.19613069476363104,-0.198544879765199,16108.961256334174
764,118.0436410230319,118.0436410230319,0.004592711357823892,0.0,5.401849526847752,265,0.19575736771978913,-0.2202268688822233,16131.753770134917
765,117.75337041083884,117.75337041083884,-0.0024620393367514957,0.0,5.401849526847752,265,0.19606429508096965,-0.23651653824972954,16116.361255909002
766,117.99855480310696,117.99855480310696,0.0020800210258688843,0.0,5.401849526847752,265,0.1961491104607973,-0.24199979591123022,16120.292530010433
767,117.59000277251758,117.59000277251758,-0.0034683555462085396,0.0,5.401849526847752,265,0.19654609689246963,-0.24742956336865943,16099.799314659216
768,117.95772041433479,117.95772041433479,0.0031222372737261497,0.0,5.401849526847752,265,0.19641776835017807,-0.2479615175882881,16111.825347517224
769,118.07710785192029,118.07710785192029,0.0010116087413346484,0.0,5.401849526847752,265,0.19649967811051744,-0.2651195579621677,16112.714765612285
770,118.67709746027752,118.67709746027752,0.005068470838886125,0.0,5.401849526847752,265,0.19607394168824394,-0.23813720669742905,16138.586923913781
771,118.98220409459714,118.98220409459714,0.0025675982378383514,0.0,5.401849526847752,265,0.19604377543713375,-0.17856428838779817,16146.280438373702
772,119.11243815095371,119.11243815095371,0.001093968920229525,0.0,5.401849526847752,265,0.19612925919833996,-0.15948838295235257,16147.24070310504
773,119.66676553336623,119.66676553336623,0.004643020578773205,0.0,5.401849526847752,265,0.1957854887032528,-0.17121016508770168,16171.635781410163
774,119.1945631427959,119.1945631427959,-0.003953783631075901,0.0,5.401849526847752,265,0.19569457210486313,-0.23031081730967698,16160.90676779809
775,119.04745850314882,119.04745850314882,-0.0012349178144610276,0.0,5.401849526847752,265,0.19567214926449852,-0.2465320021132014,16157.451379808263
776,118.04298984671154,118.04298984671154,-0.008473345706586177,0.0,5.401849526847752,265,0.19547015481004512,-0.22513657874774975,16135.651511482161
777,117.39915332103796,117.39915332103796,-0.005469183400035028,0.0,5.401849526847752,265,0.19541456453262784,-0.18739296779024003,16119.617308172017
778,116.74739155491714,116.74739155491714,-0.005567141294408713,0.0,5.401849526847752,265,0.19531432979776944,-0.1494070284637818,16104.824551382704
779,116.17483419957219,116.17483419957219,-0.00491630634834461,0.0,5.401849526847752,265,0.19601693244568955,-0.13372739080832008,16066.84134978489
780,116.15542592140272,116.15542592140272,-0.0001670749062520659,0.0,5.401849526847752,265,0.19602059402605798,-0.1358317524548643,16066.276376705284
781,115.89403123002063,115.89403123002063,-0.0022529231927840634,0.0,5.401849526847752,265,0.19604622721855608,-0.11336762738273402,16059.466538836105
782,116.70200521545468,116.70200521545468,0.006947472086601978,0.0,5.401849526847752,265,0.1962479172448188,-0.12490674290459063,16074.377118552105
783,116.55342230363439,116.55342230363439,-0.0012739933513846345,0.0,5.401849526847752,265,0.19653357776179878,-0.12946494169876033,16063.16211842448
784,117.30277569766538,117.30277569766538,0.0064086901709472024,0.0,5.401849526847752,265,0.19657129347014035,-0.13452210074972354,16082.492164584168
785,118.26421801477072,118.26421801477072,0.008162838439380697,0.0,5.401849526847752,265,0.19687228642685703,-0.07097607563089496,16100.258864760255
786,118.13295219061041,118.13295219061041,-0.0011105533753844943,0.0,5.401849526847752,265,0.19685466613744448,-0.07286955132873355,16096.046969012905
787,117.86955861169443,117.86955861169443,-0.0022321261530758784,0.0,5.401849526847752,265,0.19687409501923422,-0.07523356054878881,16088.185204834594
788,118.33607371452909,118.33607371452909,0.003950081163026278,0.0,5.401849526847752,265,0.19666557078027086,-0.07862930035431584,16107.466770416344
789,118.3901941339417,118.3901941339417,0.0004572405153631825,0.0,5.401849526847752,265,0.19669540954196263,-0.08190721331919153,16108.12298788392
790,118.05049551943749,118.05049551943749,-0.0028734381441125117,0.0,5.401849526847752,265,0.19663870230098984,-0.06787885559883657,16100.372680142847
791,117.81128607896623,117.81128607896623,-0.002028387311129463,0.0,5.401849526847752,265,0.196654476989782,-0.066249089787096,16092.78283792757
792,118.43609921044349,118.43609921044349,0.005289494209656261,0.0,5.401849526847752,265,0.19628311362012169,-0.06633074173557772,16122.335328429685
793,118.90195452259145,118.90195452259145,0.003925673975090883,0.0,5.401849526847752,265,0.19645447768463686,-0.04394148792000425,16131.712780137954
794,118.76740057260253,118.76740057260253,-0.001132278617161222,0.0,5.401849526847752,265,0.19641605808745716,-0.04288703376613209,16127.611310931772
795,118.5412429509069,118.5412429509069,-0.0019060215153173824,0.0,5.401849526847752,265,0.1964361333922563,-0.06434579756816645,16120.966104582667
796,118.16335913342857,118.16335913342857,-0.0031928752983872745,0.0,5.401849526847752,265,0.19693887436856908,-0.052050627360816004,16097.15121242522
797,118.9515522966513,118.9515522966513,0.006648220152568443,0.0,5.401849526847752,265,0.19709150830129665,-0.06516761890901501,16114.86548552272
798,118.42775229582189,118.42775229582189,-0.004413197282461695,0.0,5.401849526847752,265,0.19693616957680163,-0.08152938872652342,16104.063047485919
799,117.62996896877566,117.62996896877566,-0.006759248205562934,0.0,5.401849526847752,265,0.19678743025207626,-0.0367482621485544,16086.788072462023
800,117.20375190158245,117.20375190158245,-0.003629951726006652,0.0,5.140609774442407,212,0.22861879873801896,-0.009332509548849795,15657.629946696019
801,118.15904515327374,118.15904515327374,0.008117667783653639,0.0,5.140609774442407,212,0.2281945395237516,-0.03317341807910712,15696.889080264733
802,118.33907262506652,118.33907262506652,0.001522443461764306,0.0,5.140609774442407,212,0.2282493975491779,-0.018469204055287874,15699.706665690579
803,117.89836210341312,117.89836210341312,-0.0037310854938863106,0.0,5.140609774442407,212,0.2280873821868723,-0.025419043006785467,15692.117526989225
804,118.54051877939622,118.54051877939622,0.005431917563865589,0.0,5.140609774442407,212,0.22830519286427173,-0.03908518954806278,15702.019104849584
805,118.09068149398297,118.09068149398297,-0.0038020161903602246,0.0,5.140609774442407,212,0.22811023116471577,-0.05459561682286128,15693.49997703058
806,118.96916069612266,118.96916069612266,0.0074114891435944725,0.0,5.140609774442407,212,0.22845012911658635,-0.0728439021926672,15708.033836887373
807,119.55152791664878,119.55152791664878,0.004883168677243253,0.0,5.140609774442407,212,0.22873351737940625,-0.06868376183138233,15718.464974424769
808,118.29321720719096,118.29321720719096,-0.010581040574631474,0.0,5.140609774442407,212,0.2282343253571194,-0.11338998566423344,15695.382894253158
809,118.28661279486388,118.28661279486388,-5.5832420952665354e-05,0.0,5.140609774442407,212,0.2282351038402041,-0.10710644376216683,15694.825131021797
810,118.06836020664745,118.06836020664745,-0.0018468208853699728,0.0,5.140609774442407,212,0.22813032596653607,-0.11228153730970457,15690.016486019535
811,118.9180133188412,118.9180133188412,0.007170511452180271,0.0,5.140609774442407,212,0.22848347546190123,-0.11143382852635242,15706.017274936068
812,118.62069223986923,118.62069223986923,-0.0025033497891859685,0.0,5.140609774442407,212,0.2283549608334141,-0.11489081673119442,15700.764429295416
813,117.76134267497866,117.76134267497866,-0.007270885463400091,0.0,5.140609774442407,212,0.2279956441934872,-0.0938456937802115,15682.475359356114
814,118.3413661534798,118.3413661534798,0.004913324783348749,0.0,5.140609774442407,212,0.2282494093747432,-0.12413434666591042,15692.22894404721
815,118.11049817236194,118.11049817236194,-0.0019527700078861183,0.0,5.140609774442407,212,0.22816683614157088,-0.11977850044214157,15687.33493782912
816,118.25648538443403,118.25648538443403,0.001235259074159767,0.0,5.140609774442407,212,0.22822862014242146,-0.13540046346695295,15689.599567858933
817,117.77167637016616,117.77167637016616,-0.004108066533037894,0.0,5.140609774442407,212,0.2280261676170484,-0.11740325488077066,15679.760602870118
818,117.72001381592486,117.72001381592486,-0.00043876329588776985,0.0,5.140609774442407,212,0.22800845022124827,-0.10331327314769898,15678.389107490677
819,117.6135297532557,117.6135297532557,-0.0009049629587124347,0.0,5.140609774442407,212,0.2279709075174771,-0.11256883492363295,15675.861195178786
820,117.49794602768274,117.49794602768274,-0.0009832249531893343,0.0,5.140609774442407,212,0.2279379164380839,-0.10011263840470498,15673.347888769104
821,118.21570222478208,118.21570222478208,0.006090087874286808,0.0,5.140609774442407,212,0.22830039815133044,-0.08715844332828668,15685.263772688357
822,119.1425628940835,119.1425628940835,0.00780984289620953,0.0,5.140609774442407,212,0.2281551399656249,-0.02696035304442464,15714.804150469148
823,119.41631391843751,119.41631391843751,0.002295040521404231,0.0,5.140609774442407,212,0.22828176069828796,0.01033581795588887,15718.0795573869
824,120.0187101786753,120.0187101786753,0.00503182467584087,0.0,5.140609774442407,212,0.22816355362151974,0.027565721256122666,15734.435012604177
825,120.01392394151898,120.01392394151898,-3.987988695373971e-05,0.0,5.140609774442407,212,0.22820101120725683,0.030479342255746996,15731.65744721697
826,119.89071397587641,119.89071397587641,-0.0010271579369612188,0.0,5.140609774442407,212,0.22837771569346307,0.03639202173928424,15723.424391127577
827,120.62040776687608,120.62040776687608,0.006067877648254524,0.0,5.140609774442407,212,0.2285146588241598,0.038260232891425106,15733.107412480911
828,120.23546424931078,120.23546424931078,-0.0031964663522875514,0.0,5.140609774442407,212,0.22881721427051233,0.020316502404489158,15716.680924811328
829,120.5835954629067,120.5835954629067,0.0028912284311729494,0.0,5.140609774442407,212,0.22888151183742245,0.0105960371224441,15722.145872523666
830,120.34670436203842,120.34670436203842,-0.001966470613108309,0.0,5.140609774442407,212,0.2288373800074984,-0.0030346542031197184,15717.496817023239
831,120.82319334650427,120.82319334650427,0.0039514848991839165,0.0,5.140609774442407,212,0.22893567239199195,-0.011076669318120772,15724.476623669558
832,120.68337204837172,120.68337204837172,-0.0011579090077827674,0.0,5.140609774442407,212,0.228915600203589,-0.018310848082014757,15721.402134340473
833,121.35820255587366,121.35820255587366,0.005576168120564475,0.0,5.140609774442407,212,0.2291315659798279,-0.009412316530726264,15730.848189278197
834,121.8943243098391,121.8943243098391,0.0044079511028724296,0.0,5.140609774442407,212,0.2293096218173074,0.0027163315847587603,15738.358714359032
835,121.18525744885703,121.18525744885703,-0.005834047162719533,0.0,5.140609774442407,212,0.22915418095685552,-0.026969777322465114,15726.907545873832
836,121.07446221971166,121.07446221971166,-0.0009146814585735219,0.0,5.140609774442407,212,0.22913316528712951,-0.06543987135505193,15724.16263463747
837,121.97394752308017,121.97394752308017,0.007401730469151092,0.0,5.140609774442407,212,0.22945574041284814,-0.10310267717861357,15737.455424315087
838,122.3408650440322,122.3408650440322,0.0030036475721988845,0.0,5.140609774442407,212,0.22959950311169855,-0.12282137422618174,15742.367922997973
839,121.68925558632789,121.68925558632789,-0.005340414574072792,0.0,5.140609774442407,212,0.22942860495883796,-0.13804214716038954,15731.614382285215
840,121.8756817694162,121.8756817694162,0.0015308132731911134,0.0,5.140609774442407,212,0.2294916993112734,-0.14438372539749567,15733.923191125437
841,121.50245128950388,121.50245128950388,-0.003067085508490946,0.0,5.140609774442407,212,0.22935665648547912,-0.13057027692007894,15728.228804548125
842,121.52765507972822,121.52765507972822,0.00020741290608989587,0.0,5.140609774442407,212,0.22936379982864272,-0.12250390349815524,15728.11943897013
843,122.05271472217221,122.05271472217221,0.004311188591394497,0.0,5.140609774442407,212,0.229509204855759,-0.1132661715949131,15736.400168046373
844,122.337645965962,122.337645965962,0.0023317725960137355,0.0,5.140609774442407,212,0.22960116438494435,-0.14837285038306763,15740.650953907541
845,121.94635857001236,121.94635857001236,-0.0032035477012274448,0.0,5.140609774442407,212,0.2294808931980502,-0.14862671849135614,15734.131605424502
846,122.4260419221994,122.4260419221994,0.003925844058527684,0.0,5.140609774442407,212,0.22964107663399713,-0.16315038914118143,15741.40777534838
847,123.09403437763865,123.09403437763865,0.005441462170831185,0.0,5.140609774442407,212,0.22986464410918597,-0.1383680901901762,15752.332795037597
848,123.79685624097647,123.79685624097647,0.005693395653917748,0.0,5.140609774442407,212,0.23011838041943644,-0.11536038708361528,15762.576038387673
849,123.39258214743235,123.39258214743235,-0.0032709686678507465,0.0,5.140609774442407,212,0.22997906653215125,-0.1316076522087745,15755.048635120138
850,124.39862640724618,124.39862640724618,0.008120141094687642,0.0,5.140609774442407,212,0.22963565346653417,-0.1606911929328838,15789.146343690601
851,124.09516389289165,124.09516389289165,-0.0024424164873030896,0.0,5.140609774442407,212,0.2295038202373607,-0.16966308036233246,15784.345333759225
852,123.80502309654165,123.80502309654165,-0.002340788301566087,0.0,5.140609774442407,212,0.22937836479212603,-0.1743766994493427,15779.011013869967
853,124.33380904967942,124.33380904967942,0.004262023392362618,0.0,5.140609774442407,212,0.22960685480167936,-0.17812501304998157,15785.768288101364
854,125.05534510943328,125.05534510943328,0.005786443082875887,0.0,5.140609774442407,212,0.22938167090603961,-0.16500254059327082,15807.6542487
855,124.3004032650035,124.3004032650035,-0.00605515738865008,0.0,5.140609774442407,212,0.2290979759018513,-0.19539342829913073,15796.951428361794
856,122.16178154316526,122.16178154316526,-0.01735499830872407,0.0,5.140609774442407,212,0.2285135618544025,-0.06296818476482491,15764.255400381122
857,122.13581698142491,122.13581698142491,-0.00021256501901717714,0.0,5.140609774442407,212,0.2285445725450702,-0.035842568115236055,15762.598664191022
858,122.14216754500929,122.14216754500929,5.199456347335506e-05,0.0,5.140609774442407,212,0.22868334268826984,-0.060026196543840726,15759.309104425942
859,121.42002669672338,121.42002669672338,-0.0059298444620226485,0.0,5.140609774442407,212,0.22845771291411693,-0.07875391694363185,15746.508430004187
860,122.06555887559605,122.06555887559605,0.005302438662467476,0.0,5.140609774442407,212,0.22870366974815684,-0.07772411824695684,15755.350006690378
861,122.5388940475351,122.5388940475351,0.0038702137847891876,0.0,5.140609774442407,212,0.22888606286663812,-0.07472985780581873,15762.144648774396
862,122.21856899028491,122.21856899028491,-0.002617491096371656,0.0,5.140609774442407,212,0.22919983104345343,-0.07857370613306992,15746.963780042266
863,120.80428075601368,120.80428075601368,-0.011639269329221701,0.0,5.140609774442407,212,0.22899374981446222,-0.03502690611171032,15719.187069455369
864,120.96426044999578,120.96426044999578,0.0013234121902988157,0.0,5.140609774442407,212,0.22903695565333043,-0.029177662619219245,15721.465736433995
865,120.83732128267414,120.83732128267414,-0.0010499449844236083,0.0,5.140609774442407,212,0.22902293037921284,-0.011399936289446038,15718.853128080169
866,121.5481836902612,121.5481836902612,0.005865568947788792,0.0,5.140609774442407,212,0.22900650301188394,-0.03749268852898475,15735.567959786886
867,121.59674815964152,121.59674815964152,0.00039946931779854785,0.0,5.140609774442407,212,0.22901795752177698,-0.004807421306636149,15736.356332702817
868,121.73958895088762,121.73958895088762,0.0011740195430650694,0.0,5.140609774442407,212,0.22905869482505764,-0.009389393233645084,15737.403458716924
869,122.15929931818837,122.15929931818837,0.003441678513368442,0.0,5.140609774442407,212,0.22921939107279155,-0.008871680161324736,15743.311401035897
870,122.73183360388492,122.73183360388492,0.004675835519197871,0.0,5.140609774442407,212,0.22908307417361307,0.011231146231054112,15761.779294395668
871,122.59735990366323,122.59735990366323,-0.0010962715995332416,0.0,5.140609774442407,212,0.22906432055759293,0.021076704891147734,15758.95471684913
872,122.36786161757033,122.36786161757033,-0.0018737219251934592,0.0,5.140609774442407,212,0.22915075935319446,0.006713421496034471,15751.324957071025
873,122.59195996856921,122.59195996856921,0.001829674859051196,0.0,5.140609774442407,212,0.22917529644196194,0.03039762065243435,15755.022856936976
874,122.81858057081514,122.81858057081514,0.0018468698708978962,0.0,5.140609774442407,212,0.22925894915019948,0.04040746482313448,15758.770866335426
875,122.86918275162,122.86918275162,0.00041192268459836997,0.0,5.140609774442407,212,0.22923399066844666,0.04159251822480096,15760.644308752873
876,122.71242751964043,122.71242751964043,-0.0012766041650702597,0.0,5.140609774442407,212,0.22943765522424686,0.044127257058280356,15750.556537098819
877,122.64762778393147,122.64762778393147,-0.000528201195058862,0.0,5.140609774442407,212,0.22943242839412115,0.042365538753981836,15749.186463133332
878,122.91518579616444,122.91518579616444,0.00217914198172511,0.0,5.140609774442407,212,0.22941606699559078,0.03942088463237886,15755.727085993385
879,123.63788381817699,123.63788381817699,0.005862430291006289,0.0,5.140609774442407,212,0.22945349560904613,0.042089031928718504,15771.469450953084
880,123.77029626095485,123.77029626095485,0.0010703967457998769,0.0,5.140609774442407,212,0.22949991657689225,0.050637507656179984,15773.262294088647
881,122.85667668041555,122.85667668041555,-0.007408952466825959,0.0,5.140609774442407,212,0.22920220827106177,0.0184279725062145,15760.462208258592
882,124.4311134847425,124.4311134847425,0.012733811708132134,0.0,5.140609774442407,212,0.22972941732896685,-0.059235590253744586,15785.770945737402
883,124.92602527996539,124.92602527996539,0.003969506929172339,0.0,5.140609774442407,212,0.2295540557328984,-0.03621960843401735,15802.120515740027
884,125.4847345039681,125.4847345039681,0.004462349394215262,0.0,5.140609774442407,212,0.22956474716958655,-0.025585088126302925,15815.440619793844
885,125.78778871717394,125.78778871717394,0.0024121567791359822,0.0,5.140609774442407,212,0.22963316852124255,-0.022233484463343046,15820.668248908776
886,124.93252566026324,124.93252566026324,-0.006822473691174015,0.0,5.140609774442407,212,0.22948378791261512,-0.023563512577163565,15804.503463156236
887,126.16957988223432,126.16957988223432,0.009853077315889835,0.0,5.140609774442407,212,0.22992748250638523,-0.053918820014016426,15823.796422646736
888,125.9798372371147,125.9798372371147,-0.0015050019397365344,0.0,5.140609774442407,212,0.22996369814678438,-0.06225311833097966,15818.331551812673
889,126.80083470958769,126.80083470958769,0.006495752645700067,0.0,5.140609774442407,212,0.22993170622258735,-0.06583185939402651,15839.100170467102
890,127.17614325052052,127.17614325052052,0.002955455389159113,0.0,5.140609774442407,212,0.23007781220026982,-0.052594725752551016,15844.424285870527
891,126.52320050998424,126.52320050998424,-0.005147385661562511,0.0,5.140609774442407,212,0.23011354521750194,-0.05566959764521039,15828.613390356131
892,126.44502029359208,126.44502029359208,-0.0006181030853036031,0.0,5.140609774442407,212,0.23011036937175805,-0.04460655812614325,15826.880891067342
893,127.2451236646033,127.2451236646033,0.00630774228258201,0.0,5.140609774442407,212,0.230209756679814,-0.06024695143429378,15843.074925400657
894,128.16837556209344,128.16837556209344,0.007229499783527232,0.0,5.140609774442407,212,0.2306379145259485,-0.02226184417188832,15855.522190607053
895,127.58202082661369,127.58202082661369,-0.0045853752028059995,0.0,5.140609774442407,212,0.23099495052659788,-0.051686014738613874,15832.551153753477
896,127.99735586125408,127.99735586125408,0.0032501480020606594,0.0,5.140609774442407,212,0.23121754301168157,-0.05230154263165899,15838.261636139037
897,128.22083442114433,128.22083442114433,0.0017444398956661066,0.0,5.140609774442407,212,0.23126399446414705,-0.061670320238680874,15842.863941918149
898,128.2019914117633,128.2019914117633,-0.00014696826894220236,0.0,5.140609774442407,212,0.2312574585037255,-0.05361685891689867,15842.538631597103
899,128.01387391408372,128.01387391408372,-0.00146842999939342,0.0,5.140609774442407,212,0.23120290933389256,-0.05059764528978286,15838.858433198422
900,127.46877267513719,127.46877267513719,-0.004267233594000308,0.0,5.140609774442407,212,0.23107201875356428,-0.04016613158801418,15827.811048368461
901,128.41879939802638,128.41879939802638,0.007425378890144586,0.0,5.140609774442407,212,0.2308278089371532,-0.06259741363203948,15858.526267976307
902,128.15617732166808,128.15617732166808,-0.0020471378108005756,0.0,5.140609774442407,212,0.2307530181533143,-0.07303877534317443,15854.03781002258
903,128.64742130618686,128.64742130618686,0.0038258387837242606,0.0,5.140609774442407,212,0.23060409516397498,-0.08183023503860444,15869.287401487216
904,130.16467933068063,130.16467933068063,0.011724918600368903,0.0,5.140609774442407,212,0.230276357850191,-0.05410488420664453,15912.059255197688
905,130.67630625182974,130.67630625182974,0.0039229078676731605,0.0,5.140609774442407,212,0.23048154262282888,-0.028839475510023024,15918.547124178767
906,130.3352404199749,130.3352404199749,-0.0026134171482118194,0.0,5.140609774442407,212,0.2307467357997343,-0.042462527391806774,15900.264087326937
907,130.03252571456102,130.03252571456102,-0.0023252866228808907,0.0,5.140609774442407,212,0.23068813626030796,-0.048254545389578685,15896.72413912103
908,129.45025216425557,129.45025216425557,-0.004487962803558325,0.0,5.140609774442407,212,0.23107257929684322,-0.025875695131751208,15869.445210183128
909,128.67369654796957,128.67369654796957,-0.006016938474697172,0.0,5.140609774442407,212,0.2309587929511575,0.01250206272520258,15863.40718487169
910,128.64624618965578,128.64624618965578,-0.00021335585672741412,0.0,5.140609774442407,212,0.23113032476295753,0.030346779338726593,15858.160879650266
911,129.19139860963875,129.19139860963875,0.004228655072872743,0.0,5.140609774442407,212,0.23125992965900513,0.02291180084716166,15863.193320153418
912,129.83335944653226,129.83335944653226,0.0049567628677543015,0.0,5.140609774442407,212,0.23142415501233632,0.038474474415129294,15868.7992737104
913,129.51730024592308,129.51730024592308,-0.0024373129217891377,0.0,5.140609774442407,212,0.23139124859841192,0.01945347820518633,15864.70870205007
914,129.96635410211485,129.96635410211485,0.0034611375086855425,0.0,5.140609774442407,212,0.23146267353742941,0.035343386943449365,15869.728565258041
915,129.73996188475354,129.73996188475354,-0.0017434483550883755,0.0,5.140609774442407,212,0.23141338546940204,-0.044145295056886545,15867.6415269186
916,130.70996666906294,130.70996666906294,0.007448719795192833,0.0,5.140609774442407,212,0.23164749770188417,-0.08536327581138795,15876.461489039102
917,130.5838252753732,130.5838252753732,-0.0009655139722251247,0.0,5.140609774442407,212,0.23162845411936311,-0.09631293114217833,15874.90551719394
918,131.38021555501996,131.38021555501996,0.006080168335802392,0.0,5.140609774442407,212,0.23176874611709977,-0.1085773105037425,15884.242967982913
919,131.51472252711181,131.51472252711181,0.0010232755701566404,0.0,5.140609774442407,212,0.23180335364806298,-0.09128290104376718,15885.519280353732
920,131.3896615399702,131.3896615399702,-0.0009513800769688036,0.0,5.140609774442407,212,0.23177421124123257,-0.09997219243068617,15884.243549072526
921,131.18087913361708,131.18087913361708,-0.001590296076773406,0.0,5.140609774442407,212,0.23173722266991298,-0.08709754815907546,15881.790771959117
922,130.10339178190284,130.10339178190284,-0.008247671823922782,0.0,5.140609774442407,212,0.23157426827317207,-0.09778103843576041,15868.842366753443
923,129.9537508882786,129.9537508882786,-0.0011508309950906217,0.0,5.140609774442407,212,0.2315459952633166,-0.092493301135608,15867.34102843123
924,130.46267443557178,130.46267443557178,0.003908541441265335,0.0,5.140609774442407,212,0.23164723641129398,-0.09713288277007028,15872.380195137255
925,130.66637106293066,130.66637106293066,0.0015601226457683788,0.0,5.140609774442407,212,0.23168103036052032,-0.08791576158755349,15874.771703938788
926,129.94585836505485,129.94585836505485,-0.005529399255115334,0.0,5.140609774442407,212,0.23158348047081403,-0.084859984955348,15866.121902046163
927,130.22921357851766,130.22921357851766,0.002178189658047276,0.0,5.140609774442407,212,0.23163252415659488,-0.09060398337728892,15869.12895451435
928,130.19070767097645,130.19070767097645,-0.0002957216762609342,0.0,5.140609774442407,212,0.2316269690368505,-0.09177834396972935,15868.687494828548
929,131.2761269801496,131.2761269801496,0.00830258679430821,0.0,5.140609774442407,212,0.23181202079094557,-0.10263211276982,15881.118470040858
930,130.7588138032694,130.7588138032694,-0.003948434108940719,0.0,5.140609774442407,212,0.23172422918594435,-0.12405743944856656,15875.05098608449
931,130.55412614436435,130.55412614436435,-0.001566609757704546,0.0,5.140609774442407,212,0.2317050266710361,-0.11849137555159545,15872.328837556948
932,130.78755964288737,130.78755964288737,0.0017864242353817352,0.0,5.140609774442407,212,0.231617244516057,-0.11908363246617928,15878.08378777988
933,131.14581900932885,131.14581900932885,0.002735501612574249,0.0,5.140609774442407,212,0.23158381319326896,-0.11842272544972497,15884.505115416103
934,131.33836625266085,131.33836625266085,0.0014671152677394417,0.0,5.140609774442407,212,0.2316178707728825,-0.11762386984614336,15886.727378326328
935,130.97493784927568,130.97493784927568,-0.0027709508457308325,0.0,5.140609774442407,212,0.23156006569883736,-0.11854362697633808,15882.374716566908
936,131.15408020022215,131.15408020022215,0.001366826001708231,0.0,5.140609774442407,212,0.23161793442066253,-0.12299353903581524,15883.79027288058
937,131.35581248373924,131.35581248373924,0.0015369502548325856,0.0,5.140609774442407,212,0.23155637862644932,-0.12180317845274201,15888.420621694982
938,131.39434154693444,131.39434154693444,0.0002932752874190209,0.0,5.140609774442407,212,0.2316354682218802,-0.12605947964562725,15887.120662103936
939,131.7681185441392,131.7681185441392,0.0028406578082585156,0.0,5.140609774442407,212,0.23172601228074818,-0.12918604783705598,15890.873659200817
940,132.0643933880598,132.0643933880598,0.002245932211236612,0.0,5.140609774442407,212,0.23161068012621752,-0.1274482259767155,15898.480603877011
941,132.72214114029165,132.72214114029165,0.004968146180896288,0.0,5.140609774442407,212,0.23147525185479897,-0.04729699948117467,15912.750311079986
942,132.4420006303879,132.4420006303879,-0.0021129600123104574,0.0,5.140609774442407,212,0.23141192532435068,-0.09597071845727966,15909.61553997003
943,131.55512437544715,131.55512437544715,-0.0067188579517830655,0.0,5.140609774442407,212,0.23133947521654638,-0.08000841844037693,15897.408764496404
944,130.72237142222914,130.72237142222914,-0.006350188368795089,0.0,5.140609774442407,212,0.23116796578548546,-0.036241379375208334,15888.50138663812
945,130.7607929063445,130.7607929063445,0.0002938734850522224,0.0,5.140609774442407,212,0.23118723130785845,-0.022665669742909133,15888.675608685002
946,130.92574345950848,130.92574345950848,0.0012606729967921714,0.0,5.140609774442407,212,0.2312443999860412,0.03823699341731065,15889.858855659892
947,131.45067111109373,131.45067111109373,0.004001337946598382,0.0,5.140609774442407,212,0.23110681534664576,0.06178458237945426,15901.526819741193
948,131.86220640545605,131.86220640545605,0.00312582987455744,0.0,5.140609774442407,212,0.23115157772616063,0.08209308018470211,15907.156856790769
949,132.55381931225796,132.55381931225796,0.005231259959768394,0.0,5.140609774442407,212,0.23088463573367632,0.08099904763354017,15925.131160105588
950,133.04053906689222,133.04053906689222,0.003665140347535664,0.0,5.140609774442407,212,0.23082789254779806,0.10616577169961139,15934.688395823192
951,132.31216920594753,132.31216920594753,-0.005489837997170595,0.0,5.140609774442407,212,0.23067161045241472,0.08030960022775928,15925.072619627652
952,132.5606084256101,132.5606084256101,0.001875914125566199,0.0,5.140609774442407,212,0.23062772787416394,0.0810522725690115,15927.624497958563
953,132.51799048345907,132.51799048345907,-0.00032154947772939887,0.0,5.140609774442407,212,0.23059435562824218,0.04539575922213897,15924.290817622414
954,133.8019109285816,133.8019109285816,0.009642016126546714,0.0,5.140609774442407,212,0.22983406060882683,0.0684105006022007,15966.549936486645
955,133.60466519070852,133.60466519070852,-0.001475249984564934,0.0,5.140609774442407,212,0.22978690677503735,0.06380284251694315,15962.911302059681
956,134.01177686159747,134.01177686159747,0.0030425035309019754,0.0,5.140609774442407,212,0.22970221019373896,0.05642960585625038,15972.466633812164
957,135.29648524150824,135.29648524150824,0.009540874203136755,0.0,5.140609774442407,212,0.23009070717287058,0.07171195430031363,15985.52176262585
958,135.12380993746936,135.12380993746936,-0.001277088521728019,0.0,5.140609774442407,212,0.23003767642121525,0.052079902755377105,15983.755330094516
959,135.80350122367147,135.80350122367147,0.0050175282016237735,0.0,5.140609774442407,212,0.23024438825752958,0.03179914226341327,15990.85876450465
960,135.90160078790515,135.90160078790515,0.0007221032492220686,0.0,5.140609774442407,212,0.23027596104147377,0.06318914024968814,15991.832936349954
961,135.4023137609583,135.4023137609583,-0.003680651578054595,0.0,5.140609774442407,212,0.23011923038675894,0.08410383146225527,15986.759211796023
962,136.05999011011818,136.05999011011818,0.004845443559141235,0.0,5.140609774442407,212,0.23032602097307606,0.07467896913085573,15993.442479057496
963,136.03123154710818,136.03123154710818,-0.00021138912855718208,0.0,5.140609774442407,212,0.23031692513997468,0.041113518151576975,15993.150236280488
964,134.92311840350038,134.92311840350038,-0.008179380192585182,0.0,5.140609774442407,212,0.2299714517565297,0.01653056016538883,15981.88965757161
965,134.02940536972918,134.02940536972918,-0.00664590397363254,0.0,5.140609774442407,212,0.2297029303845022,0.08631609818410993,15972.807799804665
966,133.51356326209972,133.51356326209972,-0.003856148785943132,0.0,5.140609774442407,212,0.22956122377085178,0.10629100455152742,15967.565843522652
967,134.49794102089447,134.49794102089447,0.007345820381339834,0.0,5.140609774442407,212,0.2298426591157752,0.06245706145812661,15977.569030738796
968,135.22022254591684,135.22022254591684,0.005355836937513277,0.0,5.140609774442407,212,0.23006274616167138,0.06027561971611351,15984.908811887859
969,136.03798179796192,136.03798179796192,0.006029397204026025,0.0,5.140609774442407,212,0.23031905955565815,0.07679421376131502,15993.218831921176
970,136.1753884727644,136.1753884727644,0.0010095513408188658,0.0,5.140609774442407,212,0.23036287574736733,0.08081360619903574,15994.60338508665
971,136.19976122607434,136.19976122607434,0.0001789645891112746,0.0,5.140609774442407,212,0.2303704088523648,0.06876580197442145,15994.858078642377
972,136.202810051452,136.202810051452,2.2384703370928597e-05,0.0,5.140609774442407,212,0.23037135122302177,0.08321418199104684,15994.889938652874
973,136.32965490720915,136.32965490720915,0.0009308605852565679,0.0,5.140609774442407,212,0.23041061074691616,0.09221908818922733,15996.215458462959
974,136.95532951875094,136.95532951875094,0.004578924861476081,0.0,5.140609774442407,212,0.2306066151518996,0.09833839950094543,16002.702439781291
975,137.20103707264346,137.20103707264346,0.0017924633502703503,0.0,5.140609774442407,212,0.23068661139986027,0.1189536564688005,16005.17773110987
976,137.6573586574129,137.6573586574129,0.0033204152473406377,0.0,5.140609774442407,212,0.23082709714463662,0.1373925605822055,16009.94927663986
977,137.6495196746896,137.6495196746896,-5.694723483066291e-05,0.0,5.140609774442407,212,0.23086104413999828,0.14505960262159537,16008.731296380618
978,137.94957587938595,137.94957587938595,0.0021774840926181106,0.0,5.140609774442407,212,0.23083754506053114,0.14649055569230324,16013.255561830376
979,138.31497345762617,138.31497345762617,0.002645274554327481,0.0,5.140609774442407,212,0.23092849281327438,0.1488901821874946,16014.238548735239
980,138.79112132823067,138.79112132823067,0.0034365778896628483,0.0,5.140609774442407,212,0.23077577374021024,0.14842146849809656,16022.936667649585
981,137.7350560913345,137.7350560913345,-0.007638122228161982,0.0,5.140609774442407,212,0.23070503524659064,0.09768502124876294,16003.661521001142
982,137.8117415997939,137.8117415997939,0.0005566060725929673,0.0,5.140609774442407,212,0.23077028991480272,0.08822628519429232,16001.480254766555
983,137.95536772753402,137.95536772753402,0.0010416480854228357,0.0,5.140609774442407,212,0.230802653147062,0.09511844536701396,16003.077202285729
984,136.6577727715589,136.6577727715589,-0.00945041894934902,0.0,5.140609774442407,212,0.23152811550962946,0.08355377861707612,15964.687258138985
985,135.80538963023363,135.80538963023363,-0.006256889295526559,0.0,5.140609774442407,212,0.23208822372970028,0.15006003535595472,15938.497828086873
986,136.47803127847038,136.47803127847038,0.004940756321605841,0.0,5.140609774442407,212,0.23207650654454867,0.13364587527206473,15948.76355688106
987,137.16535676382725,137.16535676382725,0.005023523029053552,0.0,5.140609774442407,212,0.23207898154797524,0.14888939932250617,15959.239782313689
988,137.74285058748302,137.74285058748302,0.004201363638334645,0.0,5.140609774442407,212,0.23208948355827677,0.16832685533146455,15968.037648997048
989,138.03304777761772,138.03304777761772,0.002104587811835983,0.0,5.140609774442407,212,0.23210770939234313,0.21428195218953552,15972.454081327436
990,136.819306268497,136.819306268497,-0.008832010212087299,0.0,5.140609774442407,212,0.23207562533486098,0.18034366011138298,15953.994341289095
991,135.35987579218403,135.35987579218403,-0.010724144678006937,0.0,5.140609774442407,212,0.23209770904391644,0.2523411765852495,15931.797928795726
992,135.15196086827666,135.15196086827666,-0.0015371968000779189,0.0,5.140609774442407,212,0.23210684554122685,0.2689005783330689,15928.635760066567
993,136.3818934129011,136.3818934129011,0.009059208911591078,0.0,5.140609774442407,212,0.23207612456096308,0.24055039892089072,15947.319585841547
994,136.88957338313057,136.88957338313057,0.0037155767504506673,0.0,5.140609774442407,212,0.2320672411545968,0.26037540722254854,15955.31587262127
995,136.7981554578713,136.7981554578713,-0.0006680455060682438,0.0,5.140609774442407,212,0.23206849933629844,0.26097614581004125,15953.875981370784
996,136.15622282256894,136.15622282256894,-0.004703597889485171,0.0,5.140609774442407,212,0.23208293144876102,0.26057614512653926,15943.765128577397
997,134.73896552088584,134.73896552088584,-0.01046360580465983,0.0,5.140609774442407,212,0.23216522495297365,0.2796687002976768,15921.336330599039
998,134.73615229331722,134.73615229331722,-2.087931228335551e-05,0.0,5.140609774442407,212,0.2321653942135529,0.2831397252505074,15921.29276491554
999,134.53684306650206,134.53684306650206,-0.0014803509200517226,0.0,5.140609774442407,212,0.23217850861125466,0.28097331909357964,15918.184398404626
1000,135.17172654726573,135.17172654726573,0.0047079308924789535,0.0,5.06130731406114,199,0.2411200661415319,0.2669372164959766,15762.103161417024
1001,135.03319184073916,135.03319184073916,-0.001025404863032277,0.0,5.06130731406114,199,0.2411042125504949,0.27402731202781405,15761.10451115898
1002,134.0216698200785,134.0216698200785,-0.007519111753769843,0.0,5.06130731406114,199,0.2409870888719694,0.26035894477514054,15754.288700609182
1003,135.29421896577978,135.29421896577978,0.009450304786596342,0.0,5.06130731406114,199,0.24039164570274266,0.17703100276586708,15782.185816396432
1004,134.69721829829115,134.69721829829115,-0.004422374624318191,0.0,5.06130731406114,199,0.24049853198752127,0.14996112910903006,15768.380572632997
1005,134.4228299487749,134.4228299487749,-0.0020391527601331593,0.0,5.06130731406114,199,0.2407149105358385,0.1575807591978896,15756.197601245822
1006,134.66460870218592,134.66460870218592,0.0017970279080138768,0.0,5.06130731406114,199,0.2407362198552132,0.1534633277082031,15756.616661366525
1007,134.1572422724631,134.1572422724631,-0.0037747454704739813,0.0,5.06130731406114,199,0.24107054758864485,0.142718065761857,15738.587640536894
1008,134.90355329293573,134.90355329293573,0.005547541275149223,0.0,5.06130731406114,199,0.2410889662925054,0.11864758202314053,15748.738848515577
1009,134.44230332481987,134.44230332481987,-0.003424967621890648,0.0,5.06130731406114,199,0.241344192336873,0.0956611754681591,15737.31861680339
1010,133.25335440642107,133.25335440642107,-0.008882898933723196,0.0,5.06130731406114,199,0.2421747846671535,0.12466328785559413,15704.629066696765
1011,134.4591798205256,134.4591798205256,0.009008420708690651,0.0,5.06130731406114,199,0.24234831492394035,0.07860576641987438,15712.659784425641
1012,134.939677126906,134.939677126906,0.003567185260877444,0.0,5.06130731406114,199,0.2424265701913138,0.09605422719808414,15715.842797503316
1013,135.10942605773033,135.10942605773033,0.001257171019489214,0.0,5.06130731406114,199,0.2424549353495955,0.10149698454273938,15716.95865629225
1014,134.99578126256714,134.99578126256714,-0.0008414854566976666,0.0,5.06130731406114,199,0.24243626857781891,0.1161313464012034,15716.199509158618
1015,135.09777759336401,135.09777759336401,0.0007552667014895166,0.0,5.06130731406114,199,0.24245261299898804,0.11892289819754541,15716.897763281904
1016,137.0411755530252,137.0411755530252,0.014282637408791389,0.0,5.06130731406114,199,0.24277476618208302,0.09697701411251049,15730.104396237944
1017,137.1024301260878,137.1024301260878,0.0004468794661852029,0.0,5.06130731406114,199,0.24278596660614768,0.11079254609105396,15730.490170472816
1018,136.64128579233653,136.64128579233653,-0.003369171550991043,0.0,5.06130731406114,199,0.24270324388079725,0.11379260576390231,15727.536691770732
1019,136.23819237426113,136.23819237426113,-0.0029543717539876175,0.0,5.06130731406114,199,0.2426277388233254,0.1194432807728777,15725.109804383783
1020,136.59072582140513,136.59072582140513,0.0025842835552449617,0.0,5.06130731406114,199,0.24269372838320574,0.11593658613724307,15727.232287505529
1021,137.02267397078975,137.02267397078975,0.0031573637004005707,0.0,5.06130731406114,199,0.24277524763360703,0.131605415685466,15729.832899345243
1022,137.1008147306061,137.1008147306061,0.0005701135813133309,0.0,5.06130731406114,199,0.24279006662811034,0.13495597770953588,15730.303358092277
1023,136.6295058836361,136.6295058836361,-0.003443603263678096,0.0,5.06130731406114,199,0.24270102672021965,0.13160003666786033,15727.46576897576
1024,136.45731972776795,136.45731972776795,-0.001261036143361178,0.0,5.06130731406114,199,0.24266862896904123,0.1043970616275224,15726.429095115198
1025,137.44739161423942,137.44739161423942,0.007229347707573234,0.0,5.06130731406114,199,0.24285604507229894,0.07923352800424616,15732.3899787856
1026,137.5820048958493,137.5820048958493,0.0009789011216067617,0.0,5.06130731406114,199,0.2428817450329902,0.10134955965434579,15733.20043924118
1027,137.5265898293491,137.5265898293491,-0.0004028595857213358,0.0,5.06130731406114,199,0.24287115692915837,0.08158095694815586,15732.866804108713
1028,138.10582652074132,138.10582652074132,0.004202971129051197,0.0,5.06130731406114,199,0.24298261339020696,0.06160638786107189,15736.343084849696
1029,137.27998526070326,137.27998526070326,-0.005997721744173643,0.0,5.06130731406114,199,0.24287335011894925,0.042160662090589426,15729.73174052234
1030,138.0414905993343,138.0414905993343,0.005531768113032238,0.0,5.06130731406114,199,0.24243184950032187,0.020261462824894726,15750.256394060438
1031,138.38399463802924,138.38399463802924,0.002478094331105927,0.0,5.06130731406114,199,0.24250874533610253,0.027801835886264954,15750.275675578534
1032,137.56603060222156,137.56603060222156,-0.005928366418827618,0.0,5.06130731406114,199,0.24324059374293716,0.018679819422063825,15714.14057612013
1033,136.4772540584401,136.4772540584401,-0.007946060593251758,0.0,5.06130731406114,199,0.24303750382417103,0.045086391627227405,15704.500662869263
1034,136.28389502915377,136.28389502915377,-0.0014177903438438375,0.0,5.06130731406114,199,0.24337475833906805,0.047250588237596744,15692.765272294162
1035,137.5401454589163,137.5401454589163,0.009175668005310845,0.0,5.06130731406114,199,0.24354650345009715,0.03457147519928699,15699.415447474792
1036,138.15717935383353,138.15717935383353,0.004476176369029798,0.0,5.06130731406114,199,0.2436310174066282,0.05789550658108497,15702.83098662543
1037,137.07515605410313,137.07515605410313,-0.007862658088264345,0.0,5.06130731406114,199,0.24349414813250767,0.03647910334120021,15696.10683728441
1038,136.16217602641956,136.16217602641956,-0.006682713657279589,0.0,5.06130731406114,199,0.24339300246103998,0.0600299972539236,15690.225250350722
1039,136.4478368486174,136.4478368486174,0.002095747868838935,0.0,5.06130731406114,199,0.24343195905693085,0.04625110386630853,15691.760466490345
1040,136.97835127713049,136.97835127713049,0.0038804995078842042,0.0,5.06130731406114,199,0.2435069916946579,0.06608954242913169,15694.540704650097
1041,138.2738735742591,138.2738735742591,0.009413416108995548,0.0,5.06130731406114,199,0.2436874098937111,0.08803685169923445,15701.859553472872
1042,139.06474861682005,139.06474861682005,0.005703332482942732,0.0,5.06130731406114,199,0.2438072586056865,0.11409360404379233,15706.21744617713
1043,140.26135532025026,140.26135532025026,0.008567863916950925,0.0,5.06130731406114,199,0.2439954352976376,0.13755819986475484,15712.642931596321
1044,140.14357607503837,140.14357607503837,-0.0008400654835300476,0.0,5.06130731406114,199,0.2439789250877313,0.10447426633605297,15711.92765082652
1045,140.4287283296465,140.4287283296465,0.002032647900814383,0.0,5.06130731406114,199,0.2440203422407464,0.12209657020784209,15713.614079349603
1046,140.1250022666945,140.1250022666945,-0.002165190824326812,0.0,5.06130731406114,199,0.24397902204311697,0.10941873188194903,15711.707874044521
1047,140.12478672814697,140.12478672814697,-1.5381888301550285e-06,0.0,5.06130731406114,199,0.24397898941027923,0.10138182682021908,15711.706658572793
1048,140.05175736554182,140.05175736554182,-0.0005213096227971712,0.0,5.06130731406114,199,0.24396981379237997,0.09836030546772363,15711.223482850228
1049,139.99609377317395,139.99609377317395,-0.00039752915706773684,0.0,5.06130731406114,199,0.2439617496657346,0.10832760224931358,15710.894313440916
1050,140.85005008940908,140.85005008940908,0.006081329344815294,0.0,5.06130731406114,199,0.24408858699642338,0.04915153014511706,15715.845116039985
1051,140.1772691251544,140.1772691251544,-0.004788020263896334,0.0,5.06130731406114,199,0.2439813600861762,0.019378967484365687,15712.230752608313
1052,140.059793670405,140.059793670405,-0.000838400605963799,0.0,5.06130731406114,199,0.24396297558199448,0.035148514401258366,15711.58782583972
1053,139.7050144305554,139.7050144305554,-0.0025362691786651715,0.0,5.06130731406114,199,0.2439114905714965,0.02113885764384699,15709.517850437642
1054,139.34193623013124,139.34193623013124,-0.0026022746670880084,0.0,5.06130731406114,199,0.24389112582448574,0.02892018637433975,15706.581429661774
1055,139.0162049668185,139.0162049668185,-0.0023403763984849034,0.0,5.06130731406114,199,0.24386978196044154,0.030711723633387852,15704.118792389374
1056,138.2979800088322,138.2979800088322,-0.00517987613180887,0.0,5.06130731406114,199,0.2442749464613522,0.005849886769121493,15687.92924421112
1057,138.43265236371042,138.43265236371042,0.0009733101417447896,0.0,5.06130731406114,199,0.24432594499277147,0.0001300170477590559,15687.927156618209
1058,139.17560232530082,139.17560232530082,0.005352519046535268,0.0,5.06130731406114,199,0.24443360557490157,0.0010910939371350562,15692.211842647435
1059,140.86151724270746,140.86151724270746,0.012040798653672536,0.0,5.06130731406114,199,0.2445890228369785,0.04094608430888739,15704.23902210379
1060,141.03759399028763,141.03759399028763,0.0012492183441659892,0.0,5.06130731406114,199,0.24464642339665785,0.04912577150442688,15704.491033962126
1061,141.452617791458,141.452617791458,0.00293832552394565,0.0,5.06130731406114,199,0.24444602268298896,0.0404657210916912,15713.087584190069
1062,141.6658042805412,141.6658042805412,0.0015059883974716417,0.0,5.06130731406114,199,0.2444650825188012,0.09059145672085574,15714.578877946482
1063,141.75638397947753,141.75638397947753,0.0006391856796839385,0.0,5.06130731406114,199,0.24450650040005573,0.1261951369214512,15714.365200540375
1064,141.61014774069957,141.61014774069957,-0.0010321349587220478,0.0,5.06130731406114,199,0.2446739631439952,0.1178998909842833,15709.083131427635
1065,141.3674365964862,141.3674365964862,-0.0017154093975273552,0.0,5.06130731406114,199,0.24476888841697841,0.12332115138927328,15704.377094850342
1066,141.5777312686496,141.5777312686496,0.0014864697105252819,0.0,5.06130731406114,199,0.24478116852644544,0.1253198440988677,15706.028035962241
1067,141.91683100089,141.91683100089,0.0023922849965712784,0.0,5.06130731406114,199,0.24482161437547548,0.14324742709970026,15708.036642090336
1068,142.05702641981108,142.05702641981108,0.0009873826526460396,0.0,5.06130731406114,199,0.24488639579223243,0.16006399704467886,15707.43748931867
1069,143.1723806410967,143.1723806410967,0.007820791816708212,0.0,5.06130731406114,199,0.24415555193484517,0.1260213538913418,15739.313257067675
1070,142.46540946530226,142.46540946530226,-0.004950133658121684,0.0,5.06130731406114,199,0.2439712777335748,0.16031538248705304,15731.838884166329
1071,141.98117036856388,141.98117036856388,-0.0034047838776504304,0.0,5.06130731406114,199,0.24448244221577653,0.17027713166287695,15708.285354494374
1072,142.29601352180464,142.29601352180464,0.0022150443286478127,0.0,5.06130731406114,199,0.2445769256526229,0.16587043479348418,15708.654832001994
1073,141.23366821199878,141.23366821199878,-0.007493750035286855,0.0,5.06130731406114,199,0.24559878763787413,0.14996686087220074,15666.36190475308
1074,142.01758020391577,142.01758020391577,0.005535114127295559,0.0,5.06130731406114,199,0.24573176069246305,0.11923589553759541,15671.40265441822
1075,141.90620081381815,141.90620081381815,-0.0007845725033085353,0.0,5.06130731406114,199,0.2457157097655584,0.11413217414494785,15670.565952546465
1076,142.1034323963826,142.1034323963826,0.00138890791865865,0.0,5.06130731406114,199,0.24574534303261372,0.13255618599519198,15672.057517489795
1077,142.75570641562106,142.75570641562106,0.0045796330212355425,0.0,5.06130731406114,199,0.245859030989545,0.13267773470628813,15676.653400379406
1078,143.24814811945762,143.24814811945762,0.0034436052707650378,0.0,5.06130731406114,199,0.24594749072826388,0.12980857062822457,15679.980448273558
1079,143.44174238084545,143.44174238084545,0.0013505484304032912,0.0,5.06130731406114,199,0.2459868970950775,0.13806942736272845,15681.066386320172
1080,143.0674787852326,143.0674787852326,-0.0026125777520846195,0.0,5.06130731406114,199,0.24592700816198135,0.13208339707298047,15678.192567306121
1081,143.20146803402739,143.20146803402739,0.000936107531522995,0.0,5.06130731406114,199,0.24595692717691142,0.13258604069657917,15678.878715585306
1082,142.62451919971087,142.62451919971087,-0.004037069011738359,0.0,5.06130731406114,199,0.24585300264869428,0.12907776369663856,15675.071993578651
1083,143.34894304982888,143.34894304982888,0.005066381992056916,0.0,5.06130731406114,199,0.24598882905951966,0.10487840843408423,15679.790469304087
1084,142.5213811431429,142.5213811431429,-0.0057897875254473005,0.0,5.06130731406114,199,0.24586574894272814,0.08962092873613535,15673.203454506898
1085,142.7878356600535,142.7878356600535,0.0018678302605371617,0.0,5.06130731406114,199,0.24590793486791654,0.08471333131481597,15675.20076056273
1086,142.63887173935197,142.63887173935197,-0.0010437981475779783,0.0,5.06130731406114,199,0.24588367159947938,0.08315017906592317,15674.082848708451
1087,141.7850415787474,141.7850415787474,-0.0060039447140845985,0.0,5.06130731406114,199,0.24574867472076986,0.09162705000022921,15667.597067554874
1088,141.37400850199944,141.37400850199944,-0.002903197798778016,0.0,5.06130731406114,199,0.2456916511063696,0.1286956172186286,15664.500416974288
1089,142.06350203229198,142.06350203229198,0.004865233885571783,0.0,5.06130731406114,199,0.24577272900735928,0.14543988190446624,15670.017027112166
1090,142.05561579524323,142.05561579524323,-5.5513596628554967e-05,0.0,5.06130731406114,199,0.24577145848560403,0.13787246845891768,15669.959714700886
1091,141.71391461292686,141.71391461292686,-0.0024083018848294756,0.0,5.06130731406114,199,0.24572444165911952,0.149483094429018,15667.304271078721
1092,142.63008411410905,142.63008411410905,0.006444114704252693,0.0,5.06130731406114,199,0.2458971506693622,0.09025547298591081,15673.216824903146
1093,143.2961008877604,143.2961008877604,0.004658670755916984,0.0,5.06130731406114,199,0.2456773864894832,0.09849102672562464,15685.732520687066
1094,142.16108082461628,142.16108082461628,-0.007952338335683427,0.0,5.06130731406114,199,0.2461547679635818,0.0799364478277482,15662.028863976004
1095,142.21399662100015,142.21399662100015,0.00037215495443496046,0.0,5.06130731406114,199,0.24618471665421235,0.05818382160145496,15661.908443488284
1096,142.68999733402555,142.68999733402555,0.0033414846125326427,0.0,5.06130731406114,199,0.2460169520921113,0.08701041218607186,15671.359233457692
1097,142.8073797144843,142.8073797144843,0.0008223009842440887,0.0,5.06130731406114,199,0.24607619643052825,0.03493400532757743,15671.286312507433
1098,143.3292000004239,143.3292000004239,0.0036473551543065364,0.0,5.06130731406114,199,0.2461916890270214,0.046058911333001676,15674.659386662459
1099,143.61635426776056,143.61635426776056,0.002001455390563266,0.0,5.06130731406114,199,0.24605142917208112,0.04552389917156539,15681.227026404553
1100,143.66465970580776,143.66465970580776,0.0003362939850031163,0.0,5.06130731406114,199,0.24614763737285913,0.01918930752451855,15679.493435076492
1101,143.48610748897772,143.48610748897772,-0.0012436131833208253,0.0,5.06130731406114,199,0.2461250471694788,-0.025717041296787122,15677.959409264478
1102,143.7350610040152,143.7350610040152,0.0017335322371159268,0.0,5.06130731406114,199,0.24615846233194574,-0.07357675292608355,15680.022381027575
1103,144.73780592697042,144.73780592697042,0.006952119777085347,0.0,5.06130731406114,199,0.2463466029018565,-0.05481149427459605,15687.093874758253
1104,143.3817265322199,143.3817265322199,-0.009413380598485349,0.0,5.06130731406114,199,0.2468429250922408,-0.11187182818218039,15660.487152197107
1105,143.17063421167296,143.17063421167296,-0.001473324862398783,0.0,5.06130731406114,199,0.24702655837144355,-0.08923913495367052,15653.940565925486
1106,143.43261376268038,143.43261376268038,0.0018281692606399228,0.0,5.06130731406114,199,0.24710451975044564,-0.09336064410839547,15655.1070804157
1107,143.8576791825998,143.8576791825998,0.0029591374336752994,0.0,5.06130731406114,199,0.24695930870390315,-0.08947436965763286,15663.646583985514
1108,142.74227471657682,142.74227471657682,-0.007783742337661954,0.0,5.06130731406114,199,0.24676957239507075,-0.10402954186713992,15655.495890936705
1109,143.2748552037045,143.2748552037045,0.00372412031971011,0.0,5.06130731406114,199,0.2468669974735513,-0.1245730649309415,15659.047741229992
1110,142.31618382727862,142.31618382727862,-0.006713620851004181,0.0,5.06130731406114,199,0.2468186461743297,-0.11766368035830126,15648.025491339049
1111,143.03451755072544,143.03451755072544,0.005034753637415553,0.0,5.06130731406114,199,0.24644674990805132,-0.15437732996058168,15667.154851405643
1112,142.70113069043396,142.70113069043396,-0.002333534605349949,0.0,5.06130731406114,199,0.24637025681064564,-0.16808197943489153,15662.058084919527
1113,141.40117921291085,141.40117921291085,-0.009151355018817626,0.0,5.06130731406114,199,0.24747986078138992,-0.14166893325968677,15610.033733863738
1114,140.3884913022685,140.3884913022685,-0.007187575531164138,0.0,5.06130731406114,199,0.2473010280372247,-0.08501121294126544,15600.798046408006
1115,140.38252524108756,140.38252524108756,-4.24976997646194e-05,0.0,5.06130731406114,199,0.24747508174896027,-0.09547850473618907,15596.399884346265
1116,139.62351415153358,139.62351415153358,-0.005421404125759499,0.0,5.06130731406114,199,0.24732902622503686,-0.09074247859288889,15586.093506839154
1117,137.7444411450695,137.7444411450695,-0.013549523069824921,0.0,5.06130731406114,199,0.24700128231614832,-0.028168610889393136,15560.453202919502
1118,137.9076551513432,137.9076551513432,0.0011842030410073373,0.0,5.06130731406114,199,0.2470229441944592,-0.09024718972881558,15562.939326272262
1119,137.30828240708604,137.30828240708604,-0.004355661210406125,0.0,5.06130731406114,199,0.24695513766755123,-0.12164388567433074,15553.519825122277
1120,136.93223761784867,136.93223761784867,-0.0027424468484065333,0.0,5.06130731406114,199,0.24689652773996953,-0.11888570547131622,15548.402066969778
1121,136.56069341660685,136.56069341660685,-0.002717031320744595,0.0,5.06130731406114,199,0.24684171250436826,-0.12152689628437442,15543.267459555194
1122,136.51960603039456,136.51960603039456,-0.0003009179835055312,0.0,5.06130731406114,199,0.2468374788364701,-0.12463394998786932,15542.629956400404
1123,136.11726807334392,136.11726807334392,-0.0029514587888428982,0.0,5.06130731406114,199,0.24680538133396174,-0.12448197991384483,15535.99735878035
1124,136.79609843885459,136.79609843885459,0.004974705153818629,0.0,5.06130731406114,199,0.24689894331404888,-0.13202001406652117,15545.033788398889
1125,136.64807891858302,136.64807891858302,-0.001082630730408673,0.0,5.06130731406114,199,0.24687969582208813,-0.13248827370801483,15542.984695612484
1126,137.01151964341375,137.01151964341375,0.0026561534140801834,0.0,5.06130731406114,199,0.2469143501767754,-0.13788715672959992,15548.509796361102
1127,136.74860669438075,136.74860669438075,-0.0019207547379558887,0.0,5.06130731406114,199,0.24689679886271634,-0.14600839247005304,15544.225860068951
1128,136.4766296812337,136.4766296812337,-0.001990863703422694,0.0,5.06130731406114,199,0.2468598088021093,-0.15586898644972777,15540.530415346697
1129,136.57840132733298,136.57840132733298,0.0007454295966343944,0.0,5.06130731406114,199,0.24687634160361255,-0.13653133976682097,15541.797179101897
1130,136.7092583703064,136.7092583703064,0.0009576506536656343,0.0,5.06130731406114,199,0.2468893198919156,-0.1458836806534747,15543.749643549465
1131,136.65705036452826,136.65705036452826,-0.00038196372226349145,0.0,5.06130731406114,199,0.24688775490252646,-0.13959758198448494,15542.825936693434
1132,136.02620822799153,136.02620822799153,-0.004626930639163335,0.0,5.06130731406114,199,0.24681804590972434,-0.12253727991996273,15533.927337945881
1133,137.21355775362795,137.21355775362795,0.008690953126833623,0.0,5.06130731406114,199,0.24695694662024592,-0.11392722811376506,15550.642630230743
1134,136.87447874318298,136.87447874318298,-0.002474235561399572,0.0,5.06130731406114,199,0.2469441163379976,-0.13180909593638349,15545.091541762507
1135,136.80999572833744,136.80999572833744,-0.0004712215858298772,0.0,5.06130731406114,199,0.2469722334515876,-0.13173976128964682,15543.354910151846
1136,136.05870163893445,136.05870163893445,-0.005506648399903661,0.0,5.06130731406114,199,0.24740972607573447,-0.1395698904676884,15520.812959679994
1137,135.87011091365594,135.87011091365594,-0.0013870597510029655,0.0,5.06130731406114,199,0.24739233387536563,-0.15999999221232988,15518.174991567912
1138,136.917005409346,136.917005409346,0.007675579767628736,0.0,5.06130731406114,199,0.24749603593454655,-0.16411236633370244,15533.108954755884
1139,137.10805028515156,137.10805028515156,0.0013943608643706478,0.0,5.06130731406114,199,0.2475484413823456,-0.14605388004254943,15535.155861820416
1140,137.1433238787358,137.1433238787358,0.0002572354934320865,0.0,5.06130731406114,199,0.24753807908084313,-0.14201319548183935,15535.994413280787
1141,137.04870131530512,137.04870131530512,-0.0006901919712650176,0.0,5.06130731406114,199,0.24771031303974836,-0.13778559968147303,15530.355211642987
1142,136.62913401442177,136.62913401442177,-0.003066142561979011,0.0,5.06130731406114,199,0.2476906958376467,-0.12261997144152018,15523.713380198733
1143,136.97882263495936,136.97882263495936,0.0025561304226644475,0.0,5.06130731406114,199,0.24750476911947342,-0.10676915948602658,15533.794357649165
1144,137.1089310207794,137.1089310207794,0.0009493922574606588,0.0,5.06130731406114,199,0.2475550001826589,-0.09292736087638749,15534.777931399685
1145,137.38415581231138,137.38415581231138,0.0020053319880563754,0.0,5.06130731406114,199,0.24761793168141222,-0.08837756498949283,15537.947055323733
1146,137.72086517214123,137.72086517214123,0.0024478617420786684,0.0,5.06130731406114,199,0.24745594030772483,-0.08283173732663143,15547.273179675118
1147,137.28437006763568,137.28437006763568,-0.003174452083990208,0.0,5.06130731406114,199,0.24778364993919602,-0.10252826791670427,15532.304888992214
1148,137.6676754002275,137.6676754002275,0.002788163152253282,0.0,5.06130731406114,199,0.24789394827967526,-0.09838008109742882,15535.749442862194
1149,137.35933664334945,137.35933664334945,-0.0022422443800856795,0.0,5.06130731406114,199,0.2482865472227316,-0.10819597929051908,15520.896073406258
1150,136.84967181770716,136.84967181770716,-0.0037173498814711044,0.0,5.06130731406114,199,0.2482174790156078,-0.10175265053641491,15514.381040855362
1151,136.64589538229546,136.64589538229546,-0.001490162895190621,0.0,5.06130731406114,199,0.24839167920874902,-0.08844162546834329,15507.151320928986
1152,136.1373092470679,136.1373092470679,-0.0037288712493911687,0.0,5.06130731406114,199,0.24853124745660582,-0.12511247223747582,15495.256805267913
1153,134.87973827346337,134.87973827346337,-0.009280449410625658,0.0,5.06130731406114,199,0.24837004152138834,-0.06396826397274256,15478.95811847019
1154,135.2610222746262,135.2610222746262,0.0028228561552742317,0.0,5.06130731406114,199,0.2481764225644362,-0.0870713179979634,15489.069477508005
1155,135.53009098109763,135.53009098109763,0.00198727935927198,0.0,5.06130731406114,199,0.24817753617724875,-0.08166431948739818,15492.850852828145
1156,135.4793377391321,135.4793377391321,-0.00037454964425809106,0.0,5.06130731406114,199,0.2482196702544162,-0.08837400578296782,15490.848041777574
1157,136.1025085944944,136.1025085944944,0.00458920180033974,0.0,5.06130731406114,199,0.24789997777929415,-0.09034375252094877,15507.226084657645
1158,136.29441529840366,136.29441529840366,0.001409022781291075,0.0,5.06130731406114,199,0.2479605179924307,-0.09232439804377392,15506.974791054216
1159,136.30144333974397,136.30144333974397,5.156381595054803e-05,0.0,5.06130731406114,199,0.2480996625265274,-0.09428665075156874,15501.344303072221
1160,134.5626857257462,134.5626857257462,-0.012838772736780506,0.0,5.06130731406114,199,0.24780934562227594,-0.09244629217876728,15480.467154709066
1161,134.26717568125082,134.26717568125082,-0.0021984921018405944,0.0,5.06130731406114,199,0.24821581010587454,-0.08149095086342657,15465.13711895193
1162,134.3929457101462,134.3929457101462,0.0009362761948565289,0.0,5.06130731406114,199,0.24829261351241,-0.10230116170040145,15464.883531729498
1163,134.6999298279434,134.6999298279434,0.0022816230296565905,0.0,5.06130731406114,199,0.24809690668891832,-0.044081555609624075,15474.751422132613
1164,134.63765666424695,134.63765666424695,-0.0004624171889052192,0.0,5.06130731406114,199,0.24827088340314782,-0.0476970202823229,15469.221021361858
1165,134.18272149959228,134.18272149959228,-0.0033846808941783847,0.0,5.06130731406114,199,0.24819550311529542,-0.047677618886366006,15463.567818735097
1166,133.0167116265961,133.0167116265961,-0.008727692726341833,0.0,5.06130731406114,199,0.24807229941798417,-0.04172156310331206,15448.518213724867
1167,133.25794360341817,133.25794360341817,0.0018119038975799421,0.0,5.06130731406114,199,0.2481141890311603,-0.03800137718452128,15450.820890384146
1168,132.61738237747957,132.61738237747957,-0.004818517573678899,0.0,5.06130731406114,199,0.2480166033700236,-0.019835664240169238,15444.500935510645
1169,132.26446202513551,132.26446202513551,-0.00266473953302303,0.0,5.06130731406114,199,0.24798513021857713,0.009207009690282361,15440.351079645832
1170,132.667865416907,132.667865416907,0.003045333934381854,0.0,5.06130731406114,199,0.24803212833120072,0.03556566667688252,15444.664005380806
1171,132.31443230610205,132.31443230610205,-0.002667599484421276,0.0,5.06130731406114,199,0.24797795742503564,0.03705789549386744,15441.390412703746
1172,132.9259789903915,132.9259789903915,0.0046112714495624195,0.0,5.06130731406114,199,0.24807512120369038,0.019995238888757063,15446.931218878544
1173,132.81338060183788,132.81338060183788,-0.0008474348358852024,0.0,5.06130731406114,199,0.24806571810678224,-0.025710417401202893,15445.5395782271
1174,132.9882491536716,132.9882491536716,0.0013157825798396654,0.0,5.06130731406114,199,0.24809407579017462,-0.020625171093845252,15447.193707382708
1175,133.5170158264397,133.5170158264397,0.003968157001695673,0.0,5.06130731406114,199,0.24818087782340603,-0.00583697193954852,15452.536286687611
1176,133.269790534896,133.269790534896,-0.0018533552365820772,0.0,5.06130731406114,199,0.24814509135773585,-0.07095381065908397,15449.802303564662
1177,133.97880619815504,133.97880619815504,0.005306050885990524,0.0,5.06130731406114,199,0.2482548561605077,-0.06438727709434786,15457.949640966712
1178,132.4388577721598,132.4388577721598,-0.0115605365925866,0.0,5.06130731406114,199,0.2481007415978876,-0.1153164791782069,15439.032289455276
1179,133.04693434776854,133.04693434776854,0.004580867654677309,0.0,5.06130731406114,199,0.24818358699460294,-0.18042878505542817,15445.28843758646
1180,132.33853207561629,132.33853207561629,-0.005338679350021951,0.0,5.06130731406114,199,0.24814051441620544,-0.2062839215392621,15436.707387264572
1181,134.5715900110158,134.5715900110158,0.016733048723954386,0.0,5.06130731406114,199,0.2485397455574498,-0.22420232924787173,15459.230376525142
1182,134.6023687516325,134.6023687516325,0.00022869033016672993,0.0,5.06130731406114,199,0.24855685057330285,-0.21808930187887735,15459.287769398137
1183,134.3331661055169,134.3331661055169,-0.0020019871020108314,0.0,5.06130731406114,199,0.24852336896014843,-0.20844019499580668,15455.785979426042
1184,133.15800437630304,133.15800437630304,-0.008786602471578484,0.0,5.06130731406114,199,0.24916525321146948,-0.18763575696143184,15424.715759267641
1185,133.17261515980096,133.17261515980096,0.00010971914185468656,0.0,5.06130731406114,199,0.2492856831434554,-0.18963689217328478,15422.149763427878
1186,132.83756210277056,132.83756210277056,-0.0025191008679583105,0.0,5.06130731406114,199,0.24924079963996665,-0.18792701292920178,15418.615962626875
1187,132.1526191993157,132.1526191993157,-0.005169583457698413,0.0,5.06130731406114,199,0.2492098444324123,-0.17970260742018732,15410.335756643148
1188,130.89484436618335,130.89484436618335,-0.00956317465915135,0.0,5.06130731406114,199,0.24909595154641,-0.1395087817402751,15396.541093783484
1189,130.52950294339422,130.52950294339422,-0.0027950086852160626,0.0,5.06130731406114,199,0.24924587440606052,-0.12805186797574755,15388.37402994904
1190,129.64148342464358,129.64148342464358,-0.006826456551963374,0.0,5.06130731406114,199,0.24971952176465265,-0.11730814728364825,15366.481114885368
1191,128.49413811273098,128.49413811273098,-0.00888953535901245,0.0,5.06130731406114,199,0.24963724036366783,-0.0796976124367376,15353.318365478932
1192,127.0932391871555,127.0932391871555,-0.010962301577037441,0.0,5.06130731406114,199,0.24995939782032364,-0.005485670825141523,15328.863410473652
1193,127.12137854543941,127.12137854543941,0.00022138269348801853,0.0,5.06130731406114,199,0.24996122221383554,-0.006719571990548572,15329.180091145801
1194,127.26127089218814,127.26127089218814,0.0010998577234740852,0.0,5.06130731406114,199,0.2499782752458041,-0.0037425587417596854,15330.495966573855
1195,127.09331355339063,127.09331355339063,-0.00132065528581074,0.0,5.06130731406114,199,0.25000630163690707,-0.0017693422983332027,15327.691431145706
1196,125.71755070491622,125.71755070491622,-0.010883839453042112,0.0,5.06130731406114,199,0.25140273357744064,-0.0013058987570510746,15276.985394272533
1197,126.15330980599937,126.15330980599937,0.003460182213795755,0.0,5.06130731406114,199,0.2514403322114341,-0.02882382630827679,15281.30096959221
1198,126.9690396221171,126.9690396221171,0.0064453624259319464,0.0,5.06130731406114,199,0.25152483617221405,-0.021401508099740688,15289.17348202313
1199,127.03667254810323,127.03667254810323,0.0005325307608762571,0.0,5.06130731406114,199,0.2515862333938937,-0.01533443297504259,15288.047270787816
1200,127.03027096913259,127.03027096913259,-5.0392852240947696e-05,0.0,4.8552047653325765,163,0.32401023297678055,-0.014520785635034263,14045.269400971005
1201,127.20627137668812,127.20627137668812,0.0013845408220783126,0.0,4.8552047653325765,163,0.32402842631926465,-0.01177890330620285,14045.38343428998
1202,126.71351192540106,126.71351192540106,-0.0038812262947991623,0.0,4.8552047653325765,163,0.32424158258334784,-0.011771511311013352,14038.870821353506
1203,126.74566879325987,126.74566879325987,0.0002537439594033304,0.0,4.8552047653325765,163,0.3242558295418733,-0.01981842067614667,14038.685293517598
1204,128.011681959313,128.011681959313,0.009939054431215694,0.0,4.8552047653325765,163,0.32402166337153987,-0.012090292295765479,14049.004866187524
1205,128.87801805211174,128.87801805211174,0.006744835445687364,0.0,4.8552047653325765,163,0.32388311528649927,0.03192452794313244,14055.621894357482
1206,128.9659715661987,128.9659715661987,0.0006822227473945746,0.0,4.8552047653325765,163,0.3238756510297764,0.04412906499901907,14056.136994664952
1207,128.8293341709093,128.8293341709093,-0.0010600457420558993,0.0,4.8552047653325765,163,0.3238919535551346,0.04894736740749624,14055.221942033031
1208,129.7549239570037,129.7549239570037,0.007158933384863125,0.0,4.8552047653325765,163,0.32376224425857353,0.05015611429264954,14061.941242946763
1209,129.598933522727,129.598933522727,-0.0012029160052020804,0.0,4.8552047653325765,163,0.32378577402235403,0.047265330037875496,14060.699310472668
1210,130.36849901435966,130.36849901435966,0.005920493440561272,0.0,4.8552047653325765,163,0.32368568759342575,0.044313367759290574,14066.06020846493
1211,130.59388093991114,130.59388093991114,0.0017273139647845462,0.0,4.8552047653325765,163,0.32365902540836106,0.05227286882014428,14067.569057784258
1212,130.3203699546552,130.3203699546552,-0.002096559191415191,0.0,4.8552047653325765,163,0.323694316510123,0.03662922204298875,14065.648009564966
1213,130.30971009719914,130.30971009719914,-8.180066905463794e-05,0.0,4.8552047653325765,163,0.3236994544042024,0.054517906413786954,14065.469542404195
1214,129.89151943687514,129.89151943687514,-0.003214366212951081,0.0,4.8552047653325765,163,0.32374929663308305,0.048616410738604995,14062.666259540534
1215,129.46363885717713,129.46363885717713,-0.0032995755373760923,0.0,4.8552047653325765,163,0.3238077228568936,0.05183224748562382,14059.624499296684
1216,130.07978247709667,130.07978247709667,0.0047479128864999455,0.0,4.8552047653325765,163,0.3237284873697894,0.042213061930780345,14063.91620832039
1217,128.79877036416804,128.79877036416804,-0.009896706811428463,0.0,4.8552047653325765,163,0.32391238091490027,0.006699157234945028,14054.551941008871
1218,129.31061946081144,129.31061946081144,0.003966146043370125,0.0,4.8552047653325765,163,0.32384546479129095,-0.018197100726357572,14058.11541552458
1219,130.02556746010927,130.02556746010927,0.005513691082097578,0.0,4.8552047653325765,163,0.3237464883194428,0.0038812773653220003,14063.26509243667
1220,130.23109423142293,130.23109423142293,0.0015794163553983483,0.0,4.8552047653325765,163,0.32372198621074294,0.0010958526005562122,14064.689255254647
1221,131.13265215444068,131.13265215444068,0.006898902478059336,0.0,4.8552047653325765,163,0.32361533798124087,0.011188545833836354,14071.194642787885
1222,131.0038657617706,131.0038657617706,-0.000982590323969982,0.0,4.8552047653325765,163,0.3236282644649432,0.006758421994000586,14070.231643013252
1223,130.675179755249,130.675179755249,-0.0025121322093512857,0.0,4.8552047653325765,163,0.32367250095299216,0.007351507922342446,14067.883001654918
1224,131.30643438663827,131.30643438663827,0.004819085149334559,0.0,4.8552047653325765,163,0.323593705348965,0.0013035344973205772,14072.274414151821
1225,131.195715115343,131.195715115343,-0.0008435685427418449,0.0,4.8552047653325765,163,0.32361050779780076,-0.013779075609478532,14071.41024635232
1226,131.93223134765284,131.93223134765284,0.005598175075793804,0.0,4.8552047653325765,163,0.3235255087034278,-0.006221444269065453,14076.761547042284
1227,130.786827909712,130.786827909712,-0.008719661972707963,0.0,4.8552047653325765,163,0.32367351384490545,-0.02749099432124729,14067.998904780856
1228,129.6675752172488,129.6675752172488,-0.008594668155297146,0.0,4.8552047653325765,163,0.32381765712168503,0.004630427605809722,14060.181773181801
1229,129.4390781048334,129.4390781048334,-0.0017637306392467985,0.0,4.8552047653325765,163,0.3238521077982905,0.014836754352647091,14058.475454203633
1230,129.30743768792883,129.30743768792883,-0.0010175242581269375,0.0,4.8552047653325765,163,0.3238695430411448,0.019562180682092967,14057.534327520649
1231,129.90925355829452,129.90925355829452,0.00464335030872983,0.0,4.8552047653325765,163,0.3237922180225992,0.023902042640792008,14061.990426946275
1232,129.65242644369266,129.65242644369266,-0.0019789300054973177,0.0,4.8552047653325765,163,0.32382135885697355,0.02092560471122782,14060.185242191406
1233,130.40052066491543,130.40052066491543,0.005753415165210826,0.0,4.8552047653325765,163,0.3237318352003978,0.01593559120158859,14065.575569255767
1234,129.93316606455616,129.93316606455616,-0.0035904312522424308,0.0,4.8552047653325765,163,0.32378242017332626,0.0016428603072105585,14062.247361574075
1235,130.9843132106209,130.9843132106209,0.008057358485714157,0.0,4.8552047653325765,163,0.32364939930764086,-0.008780399278926883,14069.51577453859
1236,130.97719648167202,130.97719648167202,-5.4334157403523706e-05,0.0,4.8552047653325765,163,0.3236508291529887,-0.0032218136134062434,14069.433653127506
1237,132.00935172554068,132.00935172554068,0.007849531092738391,0.0,4.8552047653325765,163,0.3235247715700412,0.029125417005701648,14077.077620345817
1238,132.38251998937662,132.38251998937662,0.0028228440550242388,0.0,4.8552047653325765,163,0.3235075974605617,0.07236851378432425,14078.431323620634
1239,132.00962802935416,132.00962802935416,-0.0028207509947923448,0.0,4.8552047653325765,163,0.32363028308736885,0.08178256989598537,14071.157400745125
1240,131.57923439552505,131.57923439552505,-0.003265646449263025,0.0,4.8552047653325765,163,0.32377126965248954,0.13476488081203036,14065.029021837434
1241,132.81813413250902,132.81813413250902,0.009371566829095528,0.0,4.8552047653325765,163,0.3235587968623241,0.1278949906797772,14078.721762829475
1242,133.9592683991856,133.9592683991856,0.00855500665071218,0.0,4.8552047653325765,163,0.32350813014545104,0.17122258181146335,14084.720615826027
1243,134.6418519947746,134.6418519947746,0.005082518374918109,0.0,4.8552047653325765,163,0.3233318708487505,0.18420823458409002,14091.560032486292
1244,134.86707244812425,134.86707244812425,0.0016713398730102747,0.0,4.8552047653325765,163,0.32327319824248124,0.1970264002260058,14093.828854699252
1245,135.61485688007252,135.61485688007252,0.005529288695732684,0.0,4.8552047653325765,163,0.3230829348708699,0.19804672812042526,14101.657926699232
1246,136.60951482022236,136.60951482022236,0.007307665807622009,0.0,4.8552047653325765,163,0.3228343499553282,0.20490135437178092,14112.093198520251
1247,136.74737605895294,136.74737605895294,0.0010086539247306328,0.0,4.8552047653325765,163,0.32280632118351243,0.1769523001398401,14113.40953172196
1248,136.80060003430398,136.80060003430398,0.0003891381452190516,0.0,4.8552047653325765,163,0.32279660982061403,0.16577070338332994,14113.881502683802
1249,136.07665992464004,136.07665992464004,-0.0053059885475757644,0.0,4.8552047653325765,163,0.3229732041069341,0.14854991974001175,14105.644576060464
1250,137.13991387672468,137.13991387672468,0.007783271013794844,0.0,4.8552047653325765,163,0.3227014347686545,0.0762131360660361,14117.417660438512
1251,136.5135397403432,136.5135397403432,-0.004577871917985849,0.0,4.8552047653325765,163,0.3228531798960206,-0.020953139182219038,14110.277817596114
1252,136.75492580897617,136.75492580897617,0.0017666592515894052,0.0,4.8552047653325765,163,0.3227945421517381,-0.034749856265405776,14112.855367016398
1253,136.99922328416733,136.99922328416733,0.0017847951590951895,0.0,4.8552047653325765,163,0.3227379104872909,-0.034656801996418324,14115.46606332751
1254,136.55269925515094,136.55269925515094,-0.003264641106921741,0.0,4.8552047653325765,163,0.3228570792285373,-0.03599814061196972,14110.346608167245
1255,136.56693397007714,136.56693397007714,0.00010423794709307757,0.0,4.8552047653325765,163,0.3228553580402697,-0.05415338655239811,14110.38145224984
1256,136.17363069344736,136.17363069344736,-0.0028840854658931966,0.0,4.8552047653325765,163,0.3229605309536901,-0.036069011081495204,14105.908928785217
1257,135.62277736659846,135.62277736659846,-0.004053431647640962,0.0,4.8552047653325765,163,0.32312151756816576,-0.027159550321751862,14099.519278075151
1258,136.0900310868181,136.0900310868181,0.003439323920521174,0.0,4.8552047653325765,163,0.3229855588078752,-0.03415450243355292,14104.767233689588
1259,136.42633131339107,136.42633131339107,0.002468111597611665,0.0,4.8552047653325765,163,0.3229002818415514,-0.03243770933121353,14108.472270374372
1260,136.69312545608165,136.69312545608165,0.001953681591975837,0.0,4.8552047653325765,163,0.3228327854193096,-0.031547606429423426,14111.408116556213
1261,136.3877648488216,136.3877648488216,-0.0022364123259732195,0.0,4.8552047653325765,163,0.3229093854893855,-0.032340598915613986,14108.064686295611
1262,135.66843725405724,135.66843725405724,-0.0052880931621650485,0.0,4.8552047653325765,163,0.3231133339429815,-0.018740133663465195,14099.906049816811
1263,135.82969400084704,135.82969400084704,0.0011879033200493082,0.0,4.8552047653325765,163,0.3231280231634061,-0.013015663816746084,14100.28120719743
1264,135.4511045877356,135.4511045877356,-0.0027911275760108545,0.0,4.8552047653325765,163,0.3231350290087998,-0.05528704099211129,14097.568339780504
1265,135.3515301909189,135.3515301909189,-0.0007354020125078972,0.0,4.8552047653325765,163,0.3232578106062485,-0.05096651281076339,14091.929662075072
1266,134.5385838764932,134.5385838764932,-0.006024294560491167,0.0,4.8552047653325765,163,0.3232208265925779,-0.040809465557086755,14088.419466910702
1267,134.61791604214608,134.61791604214608,0.0005894872906592225,0.0,4.8552047653325765,163,0.3232565193554973,-0.0312226470307081,14087.630814093976
1268,134.53803506004868,134.53803506004868,-0.0005935665484311319,0.0,4.8552047653325765,163,0.3232555553403275,-0.022462187667106146,14087.209579439568
1269,134.57243438618735,134.57243438618735,0.00025565208515906116,0.0,4.8552047653325765,163,0.3232611381899512,-0.014275671369342319,14087.25549679876
1270,134.71075264821854,134.71075264821854,0.0010273071684802077,0.0,4.8552047653325765,163,0.32326701812891495,-0.020038662041270194,14087.880391875413
1271,134.18260494804446,134.18260494804446,-0.003928311090142217,0.0,4.8552047653325765,163,0.3232730065494492,-0.018837654143621232,14084.80451596381
1272,134.7783314569018,134.7783314569018,0.004429843909730805,0.0,4.8552047653325765,163,0.3232695571074477,-0.034333983482208896,14088.240180776389
1273,133.6792917591339,133.6792917591339,-0.00818785344703393,0.0,4.8552047653325765,163,0.3232779092157845,-0.05982863949873701,14082.000209008462
1274,133.4204556743589,133.4204556743589,-0.0019381236282307718,0.0,4.8552047653325765,163,0.3232930053852434,-0.055041060333304574,14080.183410417245
1275,134.2185264669529,134.2185264669529,0.005963803565681143,0.0,4.8552047653325765,163,0.3232939696372265,-0.052100168080343,14084.46648006931
1276,134.7302110139324,134.7302110139324,0.0038050757861526493,0.0,4.8552047653325765,163,0.32328835014544843,-0.00557947798472771,14087.486788244349
1277,133.67662493474103,133.67662493474103,-0.007850705343016103,0.0,4.8552047653325765,163,0.3233225334945371,0.0006204358044482113,14080.816083348742
1278,133.86721525838027,133.86721525838027,0.001424741124605201,0.0,4.8552047653325765,163,0.32332676303134134,-0.018213975996753572,14081.742460902304
1279,133.36444884740365,133.36444884740365,-0.0037627801769747385,0.0,4.8552047653325765,163,0.3233422132007165,-0.026013284238243096,14078.637502786829
1280,134.13161748367506,134.13161748367506,0.005735940346173685,0.0,4.8552047653325765,163,0.32334719235418546,-0.048471653120811246,14082.775799113873
1281,133.157398201595,133.157398201595,-0.007289664288536318,0.0,4.8552047653325765,163,0.32337138707193447,-0.07320326557851874,14076.914905644386
1282,132.4473707855264,132.4473707855264,-0.005346508725194464,0.0,4.8552047653325765,163,0.3234149386876388,-0.04181329312211642,14072.57282874394
1283,132.81592279572112,132.81592279572112,0.002778765522873355,0.0,4.8552047653325765,163,0.32339695498084614,-0.043135689080892096,14074.54256237421
1284,132.42718870432796,132.42718870432796,-0.002931155252384394,0.0,4.8552047653325765,163,0.32342998622425606,-0.04614076467727318,14072.084553791741
1285,132.29729286727243,132.29729286727243,-0.0009813663376304954,0.0,4.8552047653325765,163,0.3234462728414395,-0.03936525104987491,14071.146763350274
1286,131.89084703727173,131.89084703727173,-0.0030769447168925677,0.0,4.8552047653325765,163,0.3234809583434609,0.0008845525109366613,14068.60886915486
1287,132.93433623857905,132.93433623857905,0.00788062969560902,0.0,4.8552047653325765,163,0.323436367190811,-0.08132389912668213,14073.994049927891
1288,133.3654667281941,133.3654667281941,0.0032379360516566445,0.0,4.8552047653325765,163,0.3234170805459342,-0.0842828119480319,14076.701139691733
1289,132.8950762819755,132.8950762819755,-0.003533313124620336,0.0,4.8552047653325765,163,0.32345855954721164,-0.0953936184511736,14073.311503183631
1290,132.06029254881045,132.06029254881045,-0.006301336704864561,0.0,4.8552047653325765,163,0.32379588491398137,-0.06590455612953162,14061.527222774883
1291,132.20942237666196,132.20942237666196,0.0011286184928411803,0.0,4.8552047653325765,163,0.3238108617136307,-0.06303572269730498,14060.99627242146
1292,132.10196266891595,132.10196266891595,-0.0008131296625632216,0.0,4.8552047653325765,163,0.3238913912876204,-0.05380928170493946,14057.979627678988
1293,133.22446050046705,133.22446050046705,0.008461309771725866,0.0,4.8552047653325765,163,0.3238830622839309,-0.04261774768456187,14068.986905894537
1294,133.6232714907795,133.6232714907795,0.002989055100946095,0.0,4.8552047653325765,163,0.3238331733117618,-0.0012740597329397932,14073.366555964436
1295,133.98769482287182,133.98769482287182,0.002723532315400165,0.0,4.8552047653325765,163,0.32379132190674786,0.006190572206442724,14077.316091009588
1296,133.93878886408336,133.93878886408336,-0.00036506998978684947,0.0,4.8552047653325765,163,0.32380966315988846,0.007398487850799113,14076.46118971879
1297,133.21002062518443,133.21002062518443,-0.005455910868997863,0.0,4.8552047653325765,163,0.32390856258343903,-0.006307957666580691,14068.25407835067
1298,133.10586190010457,133.10586190010457,-0.0007822194410873279,0.0,4.8552047653325765,163,0.3239382304049135,0.004954950843423024,14066.721990795952
1299,133.02717980681635,133.02717980681635,-0.0005912989614222769,0.0,4.8552047653325765,163,0.32395648427884705,-0.0031303454619112103,14065.699231533777
1300,133.1232562474591,133.1232562474591,0.0007219709743133492,0.0,4.8552047653325765,163,0.3239491029054602,0.02413533330100332,14066.597636145492
1301,132.78170728000242,132.78170728000242,-0.0025689565983612653,0.0,4.8552047653325765,163,0.32400519715171955,-0.05054501262630541,14062.786694215547
1302,132.09077270441722,132.09077270441722,-0.005217122917422715,0.0,4.8552047653325765,163,0.32419795686590863,-0.0857137762785212,14054.242043843811
1303,132.295635009334,132.295635009334,0.0015497191984156589,0.0,4.8552047653325765,163,0.3241508019837885,-0.10745784624307088,14056.364630426713
1304,131.72701183008604,131.72701183008604,-0.004307388515505513,0.0,4.8552047653325765,163,0.3243299972295625,-0.1257194256717312,14049.291777554137
1305,130.64509536858796,130.64509536858796,-0.008247237905197796,0.0,4.8552047653325765,163,0.32463016893445856,-0.14037354511659547,14037.44196179813
1306,130.37262980782046,130.37262980782046,-0.002087717679300006,0.0,4.8552047653325765,163,0.32472912056093495,-0.1527956038345099,14033.920385227153
1307,130.57764869103752,130.57764869103752,0.0015713255918343688,0.0,4.8552047653325765,163,0.32467598700615347,-0.1577280518105868,14036.045833898963
1308,130.81906171240064,130.81906171240064,0.001847101209712286,0.0,4.8552047653325765,163,0.3246080635808067,-0.14525326815305883,14038.692650581906
1309,129.77735812836298,129.77735812836298,-0.007994807704659181,0.0,4.8552047653325765,163,0.3249088327644711,-0.12089132330023646,14027.193838005967
1310,129.75784002669832,129.75784002669832,-0.00015040812837874206,0.0,4.8552047653325765,163,0.3249250778889827,-0.10131259581357624,14026.719556206914
1311,129.4204525855839,129.4204525855839,-0.0026035176656969985,0.0,4.8552047653325765,163,0.3250165682649726,-0.09325699636327968,14023.130256696617
1312,130.45791536370803,130.45791536370803,0.007984260465301367,0.0,4.8552047653325765,163,0.3247129707253445,-0.10851437648121837,14034.804829555535
1313,130.77096982857654,130.77096982857654,0.002396784065451175,0.0,4.8552047653325765,163,0.32463795491729813,-0.07372037551780258,14037.940898142951
1314,131.15964013971643,131.15964013971643,0.0029677371152118277,0.0,4.8552047653325765,163,0.3245331855203506,-0.05935516892644765,14042.154828525248
1315,130.89255869981892,130.89255869981892,-0.002038384211675538,0.0,4.8552047653325765,163,0.324604259624247,-0.06247777761992342,14039.293302438064
1316,131.1247066465386,131.1247066465386,0.0017720054223011083,0.0,4.8552047653325765,163,0.32454598401302925,-0.07336914820251825,14041.708979816778
1317,130.05089312612685,130.05089312612685,-0.008222970078610347,0.0,4.8552047653325765,163,0.3248526511704872,-0.0743262364512873,14029.586159292247
1318,130.10487944433842,130.10487944433842,0.0004150307214257716,0.0,4.8552047653325765,163,0.32487069663427165,-0.09659454917334089,14027.857135381064
1319,130.43689774190753,130.43689774190753,0.002548677458798367,0.0,4.8552047653325765,163,0.32480242271303356,-0.10122713180182495,14030.987083351843
1320,129.07038573084145,129.07038573084145,-0.010531686228405876,0.0,4.8552047653325765,163,0.32487456136599896,-0.11891870184958224,14022.710455557628
1321,128.49877869830928,128.49877869830928,-0.004438481385708617,0.0,4.8552047653325765,163,0.325168373736438,-0.09308912955040133,14010.432814934504
1322,129.54206383132765,129.54206383132765,0.008086245631430527,0.0,4.8552047653325765,163,0.32505485494001,-0.10713475527198761,14017.498555775286
1323,129.04455836456398,129.04455836456398,-0.0038478872293343245,0.0,4.8552047653325765,163,0.32512681924947123,-0.12611536708904383,14013.713581243212
1324,129.83910166253278,129.83910166253278,0.006138245979849204,0.0,4.8552047653325765,163,0.3250133436181789,-0.13857155945032415,14019.81196637583
1325,129.46429804625603,129.46429804625603,-0.002890852011334364,0.0,4.8552047653325765,163,0.32506844990802525,-0.1500217517640866,14016.928806773258
1326,129.56493943022403,129.56493943022403,0.0007770658633957554,0.0,4.8552047653325765,163,0.3250616238381082,-0.1505558137141538,14017.513230964309
1327,129.76908661890337,129.76908661890337,0.0015743960324693723,0.0,4.8552047653325765,163,0.32504070253588535,-0.14763275115532168,14018.874148503986
1328,129.75948598894942,129.75948598894942,-7.398514823902226e-05,0.0,4.8552047653325765,163,0.32505083749359326,-0.1466452416459408,14018.582688135202
1329,130.31480301604054,130.31480301604054,0.004270455746693693,0.0,4.8552047653325765,163,0.32498548773128233,-0.1428958255249743,14022.516966929725
1330,129.57854923848214,129.57854923848214,-0.005665829777862034,0.0,4.8552047653325765,163,0.32510480116352336,-0.15538274598978527,14016.458765847801
1331,128.79586039027433,128.79586039027433,-0.006058581757168768,0.0,4.8552047653325765,163,0.32521521074992626,-0.11920074483537989,14010.586214530882
1332,127.86363974691781,127.86363974691781,-0.007264291735079351,0.0,4.8552047653325765,163,0.32537236943005937,-0.06091879230974129,14002.969528276044
1333,128.7878076808064,128.7878076808064,0.007201766734710687,0.0,4.8552047653325765,163,0.32525148685049515,-0.10750733522837165,14009.612832284723
1334,128.07303884054085,128.07303884054085,-0.0055654312043557225,0.0,4.8552047653325765,163,0.3253742985972874,-0.1284362602007914,14003.731842690222
1335,127.67528281306012,127.67528281306012,-0.0031105294894037227,0.0,4.8552047653325765,163,0.32543333590795553,-0.14756594997918804,14000.72621500308
1336,128.1384447760919,128.1384447760919,0.0036210915926209427,0.0,4.8552047653325765,163,0.3253612699601096,-0.13041465025340326,14004.330397148755
1337,127.60964143577465,127.60964143577465,-0.004135351327505383,0.0,4.8552047653325765,163,0.3254387112808355,-0.1337426483498528,14000.364255226194
1338,127.32963197238372,127.32963197238372,-0.002196676661416652,0.0,4.8552047653325765,163,0.3254924431984083,-0.12495414589780382,13997.95817106391
1339,126.97523811576337,126.97523811576337,-0.002787159254291999,0.0,4.8552047653325765,163,0.3255604539528599,-0.10780887047010536,13994.95121092998
1340,126.97064565184522,126.97064565184522,-3.616883920722147e-05,0.0,4.8552047653325765,163,0.3255660487249185,-0.07769120513764932,13994.801722733031
1341,127.66298683336774,127.66298683336774,0.005437953194835445,0.0,4.8552047653325765,163,0.32547294087494905,-0.09872902098891913,13999.76776762996
1342,127.52103995432338,127.52103995432338,-0.0011125061037047788,0.0,4.8552047653325765,163,0.32549560300367913,-0.08903867241058624,13998.278874350981
1343,127.58057887381308,127.58057887381308,0.000466785909429136,0.0,4.8552047653325765,163,0.32551748176691286,-0.08361531029853603,13996.399652958691
1344,128.24626260603142,128.24626260603142,0.0052041860094923,0.0,4.8552047653325765,163,0.3253273692544916,-0.07694803819883836,14005.733877541612
1345,128.65488042681804,128.65488042681804,0.0031811315477226756,0.0,4.8552047653325765,163,0.32530724241992526,-0.0595834447854927,14006.885234632227
1346,128.39093217154584,128.39093217154584,-0.00205370665544405,0.0,4.8552047653325765,163,0.32544008162929566,-0.04643556334348225,14000.721345146634
1347,128.49627942192143,128.49627942192143,0.0008201829559962744,0.0,4.8552047653325765,163,0.32544327746220164,-0.07929927409885482,14001.04356059994
1348,128.37811622186175,128.37811622186175,-0.0009200076800034857,0.0,4.8552047653325765,163,0.3254497919810749,-0.07076592983420851,14000.462446812304
1349,128.93405219955,128.93405219955,0.004321108062116284,0.0,4.8552047653325765,163,0.32544440619777043,-0.0865079166972501,14002.689799641861
1350,130.05595240263912,130.05595240263912,0.00866371057275553,0.0,4.8552047653325765,163,0.3254482085528472,-0.038655346419327774,14006.806437054911
1351,129.6189667306939,129.6189667306939,-0.003365639514982219,0.0,4.8552047653325765,163,0.3254673995443553,-0.061113186877687166,14004.686643628085
1352,129.42935223071655,129.42935223071655,-0.001463931783854694,0.0,4.8552047653325765,163,0.3254737793355513,-0.05468349870018672,14003.8347621458
1353,129.88747277327138,129.88747277327138,0.0035332919038441935,0.0,4.8552047653325765,163,0.32547173673418095,-0.08841990162092914,14005.628429960512
1354,129.49433033506918,129.49433033506918,-0.0030313825761782965,0.0,4.8552047653325765,163,0.32547837207151603,-0.10817537877003514,14004.00667439871
1355,129.34111666778455,129.34111666778455,-0.0011838694193814713,0.0,4.8552047653325765,163,0.32549109518113123,-0.10835707652400796,14003.127766377695
1356,129.24235438870187,129.24235438870187,-0.0007638715922675481,0.0,4.8552047653325765,163,0.3254973824021798,-0.10726198141883243,14002.62113189405
1357,127.91572204389962,127.91572204389962,-0.010317732440208937,0.0,4.8552047653325765,163,0.32554113526455464,-0.0999160944722307,13996.613300956258
1358,128.23070483281072,128.23070483281072,0.002459397552562557,0.0,4.8552047653325765,163,0.3255456699733722,-0.12442958853581305,13997.675258174555
1359,127.9192217682426,127.9192217682426,-0.0024320383162435982,0.0,4.8552047653325765,163,0.32555917207845336,-0.1288252526866928,13996.200985410356
1360,128.38530320760498,128.38530320760498,0.0036369389354876658,0.0,4.8552047653325765,163,0.32555491569040074,-0.13123097823837598,13998.023074233326
1361,128.827945345431,128.827945345431,0.0034418333992172795,0.0,4.8552047653325765,163,0.3255599720119681,-0.12389598755904416,13999.574975129446
1362,128.87006502602028,128.87006502602028,0.00032689178239010095,0.0,4.8552047653325765,163,0.32556800046568507,-0.11560782030836793,13999.554477950636
1363,130.15532167254938,130.15532167254938,0.009923870481650134,0.0,4.8552047653325765,163,0.3255734125026086,-0.09510841891138908,14004.315660911454
1364,129.81991311758134,129.81991311758134,-0.002580313015853642,0.0,4.8552047653325765,163,0.3255909395882563,-0.13924839600932093,14002.661240847789
1365,130.4156644282436,130.4156644282436,0.004578561909324244,0.0,4.8552047653325765,163,0.32559234200395926,-0.16664073766951443,14004.910937700719
1366,129.83035991746593,129.83035991746593,-0.004498093672044053,0.0,4.8552047653325765,163,0.32561559989946665,-0.17823167222949113,14002.169937054354
1367,129.53444460229719,129.53444460229719,-0.002281847331714705,0.0,4.8552047653325765,163,0.3256180194096909,-0.17289328603797885,14000.73805568319
1368,130.6203596023657,130.6203596023657,0.00834827025516321,0.0,4.8552047653325765,163,0.3256488942545013,-0.1666473706210942,14006.62442129261
1369,131.70971021038665,131.70971021038665,0.008305238286009852,0.0,4.8552047653325765,163,0.32525147903078505,-0.1167277551977244,14025.94378255724
1370,130.82487702778957,130.82487702778957,-0.006740723515907431,0.0,4.8552047653325765,163,0.3252461175675117,-0.15391905302524378,14022.495384298476
1371,131.24617143268532,131.24617143268532,0.0032151187266214365,0.0,4.8552047653325765,163,0.3251621810877488,-0.15317383625813036,14027.393136634331
1372,130.4399081932229,130.4399081932229,-0.0061620839125301535,0.0,4.8552047653325765,163,0.3252086779622279,-0.18373813307969972,14023.150483170199
1373,131.0931015353256,131.0931015353256,0.00499512242027007,0.0,4.8552047653325765,163,0.3251600052222037,-0.20844872223159933,14026.813420353508
1374,131.38088327898808,131.38088327898808,0.0021928410100060434,0.0,4.8552047653325765,163,0.3251439586453665,-0.19690730610871018,14028.333140437524
1375,130.24110197540554,130.24110197540554,-0.00871324719553493,0.0,4.8552047653325765,163,0.32524300121654237,-0.1977601471022897,14021.63893041323
1376,130.60579499863624,130.60579499863624,0.002796224644305186,0.0,4.8552047653325765,163,0.32521322260777513,-0.20387754240680117,14023.74260130169
1377,130.59993718004972,130.59993718004972,-4.4852144236192004e-05,0.0,4.8552047653325765,163,0.32521884429399345,-0.21171394951973904,14023.598879218445
1378,129.4443602755932,129.4443602755932,-0.008887597399974622,0.0,4.8552047653325765,163,0.32532208303555393,-0.20054606848110662,14016.767496687575
1379,129.3059364391947,129.3059364391947,-0.0010699415719427402,0.0,4.8552047653325765,163,0.32534269247637854,-0.17628902943754826,14015.785323300586
1380,129.07157085708596,129.07157085708596,-0.0018141335044024021,0.0,4.8552047653325765,163,0.32537154349925,-0.22354082511751633,14014.231538499365
1381,128.61026769097776,128.61026769097776,-0.003580412663213685,0.0,4.8552047653325765,163,0.32543430333800144,-0.19316867171509433,14011.099513149185
1382,129.5440399640951,129.5440399640951,0.007234249577012743,0.0,4.8552047653325765,163,0.325332682070512,-0.19118685282758982,14016.96092977664
1383,128.95732688225817,128.95732688225817,-0.004539349996201127,0.0,4.8552047653325765,163,0.32540140162056264,-0.19726364484781264,14013.198177567876
1384,129.21132695860757,129.21132695860757,0.0019677071908240666,0.0,4.8552047653325765,163,0.3253725464927709,-0.19590709362748987,14014.818633000868
1385,127.87499671160654,127.87499671160654,-0.01039605890787482,0.0,4.8552047653325765,163,0.32554561827855094,-0.19546292223670253,14005.983853237158
1386,128.28129100424331,128.28129100424331,0.003172240173957338,0.0,4.8552047653325765,163,0.32549356567475823,-0.21955375406676456,14008.660058549798
1387,128.78821312489137,128.78821312489137,0.003943857747120321,0.0,4.8552047653325765,163,0.32542528298579043,-0.2078824590368856,14012.095860664456
1388,128.86257962457924,128.86257962457924,0.0005772658485495022,0.0,4.8552047653325765,163,0.32541649050766985,-0.2059328183789059,14012.57782844099
1389,130.0523644071364,130.0523644071364,0.009190610158267248,0.0,4.8552047653325765,163,0.3252580084223754,-0.17616613282700508,14020.697275843217
1390,130.41933976330336,130.41933976330336,0.0028177770798329493,0.0,4.8552047653325765,163,0.3252146168528017,-0.18546738229923887,14023.11346661137
1391,129.7307148592352,129.7307148592352,-0.005294071634300115,0.0,4.8552047653325765,163,0.32530836322055334,-0.2278551130518179,14018.348615557405
1392,128.70022897639168,128.70022897639168,-0.007974984180689652,0.0,4.8552047653325765,163,0.32544359662052585,-0.1608297365851647,14011.342539713614
1393,129.64253581878918,129.64253581878918,0.007295044799024554,0.0,4.8552047653325765,163,0.3253803192743679,-0.1727980397774451,14015.485377252595
1394,129.07888679472177,129.07888679472177,-0.004357195551263274,0.0,4.8552047653325765,163,0.32556593787459764,-0.208863005996467,14004.800507317923
1395,130.26891554322782,130.26891554322782,0.009177151992780897,0.0,4.8552047653325765,163,0.3254949944297203,-0.2186054072120696,14010.260184877341
1396,131.93830223926585,131.93830223926585,0.012733511049866853,0.0,4.8552047653325765,163,0.3251182732214865,-0.125816677180651,14032.109857668549
1397,132.7501321139539,132.7501321139539,0.006134249290995208,0.0,4.8552047653325765,163,0.3251294273667778,-0.09213651531570193,14035.684946187626
1398,133.10115715577987,133.10115715577987,0.0026407639156727073,0.0,4.8552047653325765,163,0.32514429336808903,-0.09208805325974899,14037.146807956806
1399,133.45861910843996,133.45861910843996,0.00268204131882735,0.0,4.8552047653325765,163,0.32516732665577097,-0.0922562762253093,14038.690016471135
1400,133.75483418865818,133.75483418865818,0.002217068024814441,0.0,4.757496018067754,151,0.344447717438557,-0.08817754979425692,13763.1945871698
1401,134.13840401834932,134.13840401834932,0.002863604131046135,0.0,4.757496018067754,151,0.34448079619065497,-0.08203853754723825,13764.450736164608
1402,133.61438546353915,133.61438546353915,-0.003914201789371604,0.0,4.757496018067754,151,0.34443588501081435,-0.08726830497390774,13762.734633046133
1403,133.1761017793786,133.1761017793786,-0.0032856049926654053,0.0,4.757496018067754,151,0.3444033954328986,-0.07445137308940879,13761.299302197138
1404,132.46087997878732,132.46087997878732,-0.005384969548923174,0.0,4.757496018067754,151,0.3443840236296082,-0.06667966357372988,13758.957029483452
1405,134.07213519155746,134.07213519155746,0.01209062104283791,0.0,4.757496018067754,151,0.3444750253687452,-0.09585523024795715,13764.233713047257
1406,134.34056346628677,134.34056346628677,0.0020001167273982798,0.0,4.757496018067754,151,0.3444987352351951,-0.08784541657543428,13765.112786116562
1407,134.83929559125505,134.83929559125505,0.0037055721583300278,0.0,4.757496018067754,151,0.34454493024550126,-0.08540757193896882,13766.746078959126
1408,134.72996116506496,134.72996116506496,-0.0008111787931677035,0.0,4.757496018067754,151,0.34453453963406655,-0.0846695007597909,13766.388020741495
1409,134.56192435960602,134.56192435960602,-0.0012479902759864952,0.0,4.757496018067754,151,0.3445188641505469,-0.09902844085219399,13765.837718689745
1410,134.2474470262949,134.2474470262949,-0.002339780604811932,0.0,4.757496018067754,151,0.3444903745221304,-0.08080499304720103,13764.80784001955
1411,133.4570294849331,133.4570294849331,-0.005905167134661426,0.0,4.757496018067754,151,0.3444226564491986,-0.07350792703644364,13762.219309527303
1412,132.78000911346118,132.78000911346118,-0.005085857582775856,0.0,4.757496018067754,151,0.34438874214137544,-0.0495669823545995,13760.002142291354
1413,132.23255915746543,132.23255915746543,-0.004131507711393081,0.0,4.757496018067754,151,0.34438080437839796,-0.029636213935695013,13758.20930391174
1414,131.80655398755815,131.80655398755815,-0.0032268366188654167,0.0,4.757496018067754,151,0.3443751301427176,-0.023761263669424076,13756.814183846136
1415,131.98657409797266,131.98657409797266,0.0013648584378729415,0.0,4.757496018067754,151,0.344377470959428,-0.02675694314445274,13757.403729903303
1416,131.27656882921875,131.27656882921875,-0.005393895873710556,0.0,4.757496018067754,151,0.3443683382391356,-0.035308841751318626,13755.078540757504
1417,132.65512671601255,132.65512671601255,0.010446418119570824,0.0,4.757496018067754,151,0.3443868656370778,-0.05587835528143863,13759.59316617832
1418,131.85707040589907,131.85707040589907,-0.006034192300616303,0.0,4.757496018067754,151,0.3443757864772979,-0.08636282944449111,13756.979619558771
1419,131.34979043251354,131.34979043251354,-0.003854615338438722,0.0,4.757496018067754,151,0.3443668937828978,-0.06620406910443626,13754.64164642068
1420,130.86652379643616,130.86652379643616,-0.003686019191188693,0.0,4.757496018067754,151,0.3444871079832079,-0.0621151257539905,13747.508794418722
1421,130.38309710628025,130.38309710628025,-0.003700883777424317,0.0,4.757496018067754,151,0.34446239248776667,-0.053691105303459566,13745.088015184836
1422,128.75606810366136,128.75606810366136,-0.012557348337171367,0.0,4.757496018067754,151,0.3448610810174094,-0.027055191656168032,13725.565260218284
1423,129.46226566955525,129.46226566955525,0.005469784552272881,0.0,4.757496018067754,151,0.34486340279991096,-0.04997700556796368,13728.494450343636
1424,128.05395591078363,128.05395591078363,-0.01093774823414683,0.0,4.757496018067754,151,0.3451263767149731,-0.07063940653180624,13716.656642977787
1425,129.43013706657445,129.43013706657445,0.010689547801795886,0.0,4.757496018067754,151,0.3448693375645677,-0.11137048888986026,13728.224387446855
1426,130.35879985562693,130.35879985562693,0.007149394086428351,0.0,4.757496018067754,151,0.344701810519635,-0.07933893883506428,13735.98255002299
1427,129.7112618234254,129.7112618234254,-0.004979730201486684,0.0,4.757496018067754,151,0.34481144636430616,-0.08599403838032468,13730.722422593204
1428,130.5117303222783,130.5117303222783,0.006152192909835956,0.0,4.757496018067754,151,0.34467619710171604,-0.13238178100988232,13737.224290654012
1429,130.7255901310972,130.7255901310972,0.001637284107969047,0.0,4.757496018067754,151,0.344640476748672,-0.10587488387184113,13738.961383696953
1430,131.08772669002244,131.08772669002244,0.002766374104033516,0.0,4.757496018067754,151,0.34458698493552675,-0.0951255870272282,13741.902866253107
1431,131.91627063838249,131.91627063838249,0.0063006395168142505,0.0,4.757496018067754,151,0.3444999577266124,-0.07673422339077879,13748.632779350923
1432,131.8685314015862,131.8685314015862,-0.00036195593490062774,0.0,4.757496018067754,151,0.34450440252207787,-0.06498389634717719,13748.245013661932
1433,132.43358833725028,132.43358833725028,0.004275847633212292,0.0,4.757496018067754,151,0.3444548489313747,-0.07089498855546411,13752.83473286737
1434,133.49923678444026,133.49923678444026,0.008014461176205308,0.0,4.757496018067754,151,0.3444075687063769,-0.046055578843491624,13761.490545822862
1435,132.4983391186986,132.4983391186986,-0.007525650458981764,0.0,4.757496018067754,151,0.3444504043392082,-0.06417840441337211,13753.360676159848
1436,132.09069668716342,132.09069668716342,-0.0030813276357153493,0.0,4.757496018067754,151,0.3444838735391311,-0.05146714419860269,13750.049568590184
1437,131.97443156341996,131.97443156341996,-0.0008805792118525019,0.0,4.757496018067754,151,0.3444945661004885,-0.05073714803552943,13749.1051960187
1438,132.3396254068976,132.3396254068976,0.0027633344972202737,0.0,4.757496018067754,151,0.34446176594882993,-0.060424012725297516,13752.071511608025
1439,132.37572990679658,132.37572990679658,0.0002727797945840908,0.0,4.757496018067754,151,0.3444589010477748,-0.06215956608528217,13752.364773235537
1440,132.04887426386156,132.04887426386156,-0.0024722042068134856,0.0,4.757496018067754,151,0.3444877103150265,-0.06610419273907839,13749.709862682104
1441,131.8533591807718,131.8533591807718,-0.001481723866516501,0.0,4.757496018067754,151,0.3445058209628547,-0.050637999893000746,13748.121776110342
1442,131.79118039000798,131.79118039000798,-0.0004716865520362673,0.0,4.757496018067754,151,0.34451164628068126,-0.03426210100454151,13747.616724013593
1443,133.11553587634748,133.11553587634748,0.009998738714509778,0.0,4.757496018067754,151,0.3444160239727707,-0.03318149541827233,13758.373905152048
1444,134.31224386697738,134.31224386697738,0.008949825479847,0.0,4.757496018067754,151,0.3444131546083488,0.011932666605967287,13768.094259511452
1445,133.09655896302255,133.09655896302255,-0.009092395360967752,0.0,4.757496018067754,151,0.344416600724837,-0.013054818889478778,13758.219763687623
1446,133.42648578209187,133.42648578209187,0.00247578582114069,0.0,4.757496018067754,151,0.3444208422780816,-0.025355216678257554,13759.977750537395
1447,133.5289527498545,133.5289527498545,0.0007676709892727273,0.0,4.757496018067754,151,0.3444227056275386,-0.02535023157855876,13759.469411454671
1448,133.89160396469927,133.89160396469927,0.002712218100277685,0.0,4.757496018067754,151,0.34441377333977063,-0.0248848672153303,13760.744333737273
1449,134.11040958762874,134.11040958762874,0.0016328658777231726,0.0,4.757496018067754,151,0.3444220539229575,-0.034614672656402765,13761.196924926917
1450,134.67631165451175,134.67631165451175,0.0042107950900653595,0.0,4.757496018067754,151,0.3443944533231202,-0.025918159871265875,13764.233810169753
1451,134.56562078971214,134.56562078971214,-0.0008222409491051842,0.0,4.757496018067754,151,0.3443902208901678,-0.05407285243889954,13763.724608536486
1452,134.67783428918474,134.67783428918474,0.0008335467685696193,0.0,4.757496018067754,151,0.3443945127822535,-0.02679137764947628,13764.240814614643
1453,134.76912928634016,134.76912928634016,0.0006776472775015299,0.0,4.757496018067754,151,0.3443981283914938,-0.009799373049879224,13764.660791111752
1454,135.94685280216817,135.94685280216817,0.008700860116884725,0.0,4.757496018067754,151,0.34444777902895185,0.01305697119454366,13770.078570969928
1455,135.94134198419377,135.94134198419377,-4.053738323935551e-05,0.0,4.757496018067754,151,0.3444475368980244,-0.045113512809471214,13770.053220029555
1456,135.72146644941927,135.72146644941927,-0.0016187389363618418,0.0,4.757496018067754,151,0.34443793756424573,-0.08836970494123836,13769.0417455811
1457,135.1640208519149,135.1640208519149,-0.004115734585496983,0.0,4.757496018067754,151,0.3444143151848877,-0.09142530666019255,13766.477376703686
1458,135.58066172795816,135.58066172795816,0.0030777424764833793,0.0,4.757496018067754,151,0.3444318704781696,-0.10176003746687295,13768.394013771709
1459,135.50272848829863,135.50272848829863,-0.0005749761484420602,0.0,4.757496018067754,151,0.3444285793398234,-0.10631035301587141,13768.035504214555
1460,136.11505924726413,136.11505924726413,0.004508775374486616,0.0,4.757496018067754,151,0.3444551847909142,-0.11038202550407641,13770.852356563923
1461,134.6362911552884,134.6362911552884,-0.010923548814177992,0.0,4.757496018067754,151,0.34439290106412035,-0.12315573107779261,13764.049707320746
1462,135.34711106657463,135.34711106657463,0.00526566854006594,0.0,4.757496018067754,151,0.3444220162278175,-0.16145888670083344,13767.319630818409
1463,136.24134829308133,136.24134829308133,0.006585261098442953,0.0,4.757496018067754,151,0.34446079155099524,-0.15321987548508043,13771.433313163277
1464,137.1817974729077,137.1817974729077,0.006879102249035106,0.0,4.757496018067754,151,0.34451494836861213,-0.09442800986099828,13775.75958036914
1465,137.74575575722065,137.74575575722065,0.004102601348618125,0.0,4.757496018067754,151,0.3445580093117333,-0.09860947896206747,13778.305093741634
1466,137.83216068967218,137.83216068967218,0.0006270817081208653,0.0,4.757496018067754,151,0.34456555131014976,-0.10132515666965383,13778.679020469926
1467,138.44855505643943,138.44855505643943,0.004462094922682157,0.0,4.757496018067754,151,0.3446213475116741,-0.09821649044788147,13781.346534029217
1468,138.174991909823,138.174991909823,-0.0019778738201995595,0.0,4.757496018067754,151,0.3445963002151004,-0.10468160822660813,13780.162659804751
1469,138.02619584524808,138.02619584524808,-0.0010774470608110472,0.0,4.757496018067754,151,0.34458281601133695,-0.10529753868889025,13779.518728676854
1470,138.26499878571818,138.26499878571818,0.0017286327221133306,0.0,4.757496018067754,151,0.34460449436910484,-0.11713366216090229,13780.552174334449
1471,138.17805980322964,138.17805980322964,-0.0006289829507640543,0.0,4.757496018067754,151,0.3445965794027325,-0.14216588392389687,13780.175936446625
1472,138.22291897849544,138.22291897849544,0.0003245949117647467,0.0,4.757496018067754,151,0.34460066166268766,-0.16120261418333373,13780.370069399054
1473,138.41168568891,138.41168568891,0.001364736996225091,0.0,4.757496018067754,151,0.344617948812478,-0.1753833795816545,13781.186977837418
1474,139.0996316422252,139.0996316422252,0.004957976987471139,0.0,4.757496018067754,151,0.34468453842543206,-0.17262675306989936,13784.164138657612
1475,139.58479540039923,139.58479540039923,0.0034818181515304143,0.0,4.757496018067754,151,0.34473564055739747,-0.16400611061083062,13786.263737507279
1476,140.08905878955215,140.08905878955215,0.0036060856461582564,0.0,4.757496018067754,151,0.34478915864571735,-0.12601458118028172,13788.445992084125
1477,140.7658355562493,140.7658355562493,0.0048194145109498755,0.0,4.757496018067754,151,0.3448633026029772,-0.08321531952336948,13791.374817036316
1478,140.92019377602588,140.92019377602588,0.0010959594665934523,0.0,4.757496018067754,151,0.3448825032200715,-0.10929370395399914,13792.042818994869
1479,141.0230994921138,141.0230994921138,0.0007299745949949292,0.0,4.757496018067754,151,0.344895335231094,-0.12772370051266407,13792.488154656246
1480,141.3801528528072,141.3801528528072,0.0025286787456233408,0.0,4.757496018067754,151,0.3449401004869172,-0.1471634854689686,13794.033341848715
1481,140.50067815678435,140.50067815678435,-0.006240066390121453,0.0,4.757496018067754,151,0.3448331755777741,-0.19620068287115502,13790.227319595468
1482,140.1894918164076,140.1894918164076,-0.0022172950901660224,0.0,4.757496018067754,151,0.3447998310110259,-0.1601219709177223,13788.880626914328
1483,140.07829016465087,140.07829016465087,-0.0007935386422660265,0.0,4.757496018067754,151,0.3447880148265316,-0.11610891167154161,13788.39938969045
1484,139.91977671599955,139.91977671599955,-0.0011322468569268955,0.0,4.757496018067754,151,0.34477117698891585,-0.02685037348499499,13787.713405527706
1485,140.30670553011007,140.30670553011007,0.002761545282277707,0.0,4.757496018067754,151,0.34480212311201774,-0.08303935551862143,13788.525731655165
1486,141.7159151255654,141.7159151255654,0.009993675831563001,0.0,4.757496018067754,151,0.3448493668623817,-0.03572623665423544,13800.65954465165
1487,141.31385858412776,141.31385858412776,-0.002841091992628699,0.0,4.757496018067754,151,0.34479531980701666,-0.042144532015053755,13798.169860220081
1488,141.27495540619992,141.27495540619992,-0.0002753341692777435,0.0,4.757496018067754,151,0.34479681560532294,-0.03754202485624377,13796.753642606165
1489,141.01073982331062,141.01073982331062,-0.0018719734262956907,0.0,4.757496018067754,151,0.34477303761343464,-0.032973752971808,13795.142864380869
1490,140.93380395882977,140.93380395882977,-0.0005457517663464364,0.0,4.757496018067754,151,0.34476616722032916,-0.03506723943036457,13794.67382839936
1491,140.34833665164012,140.34833665164012,-0.0041628533642364286,0.0,4.757496018067754,151,0.3447146908273402,-0.019444748366903505,13791.104553719448
1492,140.1482098303682,140.1482098303682,-0.001426947017635348,0.0,4.757496018067754,151,0.34469731156095057,-0.003370273368207676,13789.884489700218
1493,140.77308400854704,140.77308400854704,0.004448756448723707,0.0,4.757496018067754,151,0.34475183952288263,-0.03222666109843392,13793.694006568052
1494,141.63297158434568,141.63297158434568,0.006089743588542709,0.0,4.757496018067754,151,0.34482916450221157,0.04011687184004499,13798.936271873356
1495,141.94579594934424,141.94579594934424,0.0022062617353969557,0.0,4.757496018067754,151,0.3448575843312994,0.012142285391835945,13800.843391317152
1496,142.2357880728986,142.2357880728986,0.002040893854607238,0.0,4.757496018067754,151,0.3448841291392145,0.003908360052800201,13802.611315044514
1497,141.06510820947435,141.06510820947435,-0.008264615765615392,0.0,4.757496018067754,151,0.3447779014303496,-0.0005703413545156455,13795.474318762246
1498,141.24532979617953,141.24532979617953,0.0012767619395177747,0.0,4.757496018067754,151,0.34479414171103007,-0.0007602885151695837,13796.573031428694
1499,140.73745051602742,140.73745051602742,-0.0036022045656213223,0.0,4.757496018067754,151,0.34474869200743163,-0.004024990784636403,13793.476768609511
1500,139.826431838736,139.826431838736,-0.006494220649405102,0.0,4.757496018067754,151,0.3446698260744941,0.019826418117258885,13787.92278488087
1501,140.09804292967806,140.09804292967806,0.0019406032745514865,0.0,4.757496018067754,151,0.34469299599139225,0.009959714943221334,13789.578649483004
1502,141.57607337646087,141.57607337646087,0.010494709502349315,0.0,4.757496018067754,151,0.3448240181158235,0.02889748805108947,13798.589394549477
1503,141.4014624020798,141.4014624020798,-0.001234097936867559,0.0,4.757496018067754,151,0.3448082434659305,-0.0530597534608988,13797.524886724634
1504,140.8342070274812,140.8342070274812,-0.004019733859767391,0.0,4.757496018067754,151,0.3447572763612271,0.03000311882753706,13794.0666402594
1505,140.46649116955876,140.46649116955876,-0.0026143985402560335,0.0,4.757496018067754,151,0.3447249811292589,0.06496585099661827,13791.82487733777
1506,141.33395786005752,141.33395786005752,0.006156622060198607,0.0,4.757496018067754,151,0.3448021456793086,0.04552731600472812,13797.113348369443
1507,141.50273443319185,141.50273443319185,0.0011934561375242937,0.0,4.757496018067754,151,0.3448173908383579,0.04706094235736385,13798.142287033743
1508,140.32812852577942,140.32812852577942,-0.008335586076242194,0.0,4.757496018067754,151,0.3447129307555376,0.040167139219143264,13790.981355803735
1509,139.2876017372056,139.2876017372056,-0.007442582652024418,0.0,4.757496018067754,151,0.34462527884200383,0.09917450340097797,13784.637831793738
1510,139.22948340729698,139.22948340729698,-0.0004173412250240427,0.0,4.757496018067754,151,0.3446125488593985,0.11191492983069035,13782.993626819683
1511,139.62259132863005,139.62259132863005,0.0028194746775391942,0.0,4.757496018067754,151,0.34462540233108213,0.10999196072725913,13785.004558397794
1512,138.84211631581493,138.84211631581493,-0.005605572520258089,0.0,4.757496018067754,151,0.34456371276528436,0.094969992343835,13779.21182909244
1513,139.07101492147186,139.07101492147186,0.0016472676652403958,0.0,4.757496018067754,151,0.3445693766770399,0.08799087956798374,13779.863675746983
1514,139.31347401966653,139.31347401966653,0.0017419013568110325,0.0,4.757496018067754,151,0.3445754245139407,0.09764953809010982,13781.003422499201
1515,139.53018832002445,139.53018832002445,0.001554378838471981,0.0,4.757496018067754,151,0.3445810831617631,0.09804789772322281,13782.022148634172
1516,140.58167085997943,140.58167085997943,0.007507625574159185,0.0,4.757496018067754,151,0.3446105594761281,0.09225911042612751,13786.964936175871
1517,140.2778722014396,140.2778722014396,-0.002163350219201767,0.0,4.757496018067754,151,0.34460167424306815,0.08705268223314393,13785.536845677401
1518,139.30457038789908,139.30457038789908,-0.006962567008476276,0.0,4.757496018067754,151,0.34457519301759754,0.10313138417066492,13780.96156848974
1519,139.52762914627567,139.52762914627567,0.0015999501229208546,0.0,4.757496018067754,151,0.3445810149965149,0.09961212901010559,13782.010118522743
1520,139.8019489158673,139.8019489158673,0.0019641303988225728,0.0,4.757496018067754,151,0.34458844421126295,0.14077384886127373,13783.29963526511
1521,140.1620983620174,140.1620983620174,0.002572827820697363,0.0,4.757496018067754,151,0.3445984274121459,0.21048958128579145,13784.992618389353
1522,139.81894075007716,139.81894075007716,-0.00245129302227031,0.0,4.757496018067754,151,0.3445889113111127,0.1803003367072436,13783.379510130599
1523,138.98479325833785,138.98479325833785,-0.005983779117124859,0.0,4.757496018067754,151,0.3445674039753091,0.15951558923858758,13779.458366722658
1524,139.0987617390034,139.0987617390034,0.0008196708147488108,0.0,4.757496018067754,151,0.3445700123582693,0.13795105006787378,13779.99410741732
1525,140.03866148285235,140.03866148285235,0.006734340993343846,0.0,4.757496018067754,151,0.3445949789728157,0.13673289286471882,13784.41236884137
1526,139.14027386684518,139.14027386684518,-0.006435949158715931,0.0,4.757496018067754,151,0.34457099600308233,0.08947670887862264,13780.189246775824
1527,136.8480478596444,136.8480478596444,-0.01661141820933376,0.0,4.757496018067754,151,0.34452739778550096,0.16098595286419623,13769.41399781008
1528,136.98820668175526,136.98820668175526,0.0010236689410242606,0.0,4.757496018067754,151,0.3445293395605361,0.14502655453073604,13770.07285352424
1529,136.12937732120187,136.12937732120187,-0.006289102142185422,0.0,4.757496018067754,151,0.3445210652842387,0.1371861956950147,13766.035686093985
1530,136.79073438676235,136.79073438676235,0.004846534437984416,0.0,4.757496018067754,151,0.3445266936232875,0.11368214570753948,13769.144579813137
1531,137.28217441546596,137.28217441546596,0.003586203084033655,0.0,4.757496018067754,151,0.34453387902966315,0.12613132554529424,13771.454731013055
1532,136.89453441180981,136.89453441180981,-0.002827667336164242,0.0,4.757496018067754,151,0.34452802110285907,0.11790904152731056,13769.632520840343
1533,137.39100865357943,137.39100865357943,0.0036201308929852847,0.0,4.757496018067754,151,0.34453575411403775,0.10460765580294448,13771.96633676571
1534,138.32766473323295,138.32766473323295,0.006794314446390965,0.0,4.757496018067754,151,0.3445532757046889,0.10842028327174201,13776.369350439685
1535,139.03820116745527,139.03820116745527,0.005123471024165943,0.0,4.757496018067754,151,0.3445686250723126,0.12295557829358061,13779.709425525618
1536,139.10244235477631,139.10244235477631,0.00046193312598871516,0.0,4.757496018067754,151,0.34457009697997293,0.11332865848511568,13780.011409180399
1537,138.98262558430545,138.98262558430545,-0.0008617275193755533,0.0,4.757496018067754,151,0.34456710265501567,0.1103545586661812,13778.35965689875
1538,138.76241385975734,138.76241385975734,-0.0015857116377816784,0.0,4.757496018067754,151,0.34454424472537465,0.11003990705887637,13774.049415360267
1539,138.6217299618466,138.6217299618466,-0.0010143615855997836,0.0,4.757496018067754,151,0.34454391980447957,0.10877782078316776,13772.454268296255
1540,139.4610011955672,139.4610011955672,0.006036144556449516,0.0,4.757496018067754,151,0.344583248648887,0.11459561273126398,13779.29059219773
1541,139.38965233283557,139.38965233283557,-0.0005117353205801592,0.0,4.757496018067754,151,0.3445787996096525,0.10735707422037832,13778.864394669567
1542,139.27989453264036,139.27989453264036,-0.0007877273071658341,0.0,4.757496018067754,151,0.3445724398142964,0.10681413900355301,13778.20876399307
1543,140.2085011952942,140.2085011952942,0.00664507073555171,0.0,4.757496018067754,151,0.34463213296514333,0.09982792619016088,13783.755732075073
1544,139.86279299321674,139.86279299321674,-0.0024687169647819207,0.0,4.757496018067754,151,0.3446090988502474,0.09041898863959105,13781.690667888337
1545,140.3752747867322,140.3752747867322,0.0036574785779154985,0.0,4.757496018067754,151,0.3446439511263648,0.065330408210787,13784.751942662217
1546,140.9183390746496,140.9183390746496,0.0038611965281917073,0.0,4.757496018067754,151,0.3446844523742273,0.09938376820349151,13787.99589986466
1547,141.89503615494414,141.89503615494414,0.0069070351602016165,0.0,4.757496018067754,151,0.34476112089665795,0.11527048319156646,13793.830132751484
1548,141.15080131490674,141.15080131490674,-0.005258770535683737,0.0,4.757496018067754,151,0.3447023268193578,0.0877580651861393,13789.384497081153
1549,140.41060459422786,140.41060459422786,-0.005257811691134232,0.0,4.757496018067754,151,0.3446464992464569,0.10431907366824078,13784.962982839294
1550,140.79834581338994,140.79834581338994,0.002757675133196433,0.0,4.757496018067754,151,0.3446752546194073,0.09246500771643544,13787.279128364917
1551,140.78073380237194,140.78073380237194,-0.00012509459910870014,0.0,4.757496018067754,151,0.34467390896054384,0.08912501307489278,13787.173924227465
1552,140.213134305043,140.213134305043,-0.004039947726565727,0.0,4.757496018067754,151,0.34463245573600104,0.09302995937555526,13783.783407637753
1553,139.99197182455367,139.99197182455367,-0.0015785759900701158,0.0,4.757496018067754,151,0.3446176535946854,0.07941568903692323,13782.462308759672
1554,139.93101189372572,139.93101189372572,-0.0004355478852210154,0.0,4.757496018067754,151,0.3446136006243799,0.07133592692334048,13782.09816880227
1555,140.51847856303112,140.51847856303112,0.004189471177858504,0.0,4.757496018067754,151,0.3446543188255378,0.06632677818788445,13785.607360578433
1556,140.09869807076672,140.09869807076672,-0.002991839704360707,0.0,4.757496018067754,151,0.3446247645895242,0.07040114240246767,13783.099830656794
1557,140.61659295821602,140.61659295821602,0.003689827320330012,0.0,4.757496018067754,151,0.34466154669978627,0.07306269047312315,13786.193440175279
1558,141.43694940813145,141.43694940813145,0.005817042794776584,0.0,4.757496018067754,151,0.3447245904714998,0.08998188317091287,13791.093783050852
1559,141.1591879339735,141.1591879339735,-0.0019657845731135596,0.0,4.757496018067754,151,0.3447029724240765,0.06559461864202913,13789.434593973787
1560,140.96917686393152,140.96917686393152,-0.0013469833060364854,0.0,4.757496018067754,151,0.3446883573692851,0.07829712048925051,13788.29957590517
1561,140.57190600365658,140.57190600365658,-0.002822118320322191,0.0,4.757496018067754,151,0.3446582378621092,0.06694955983245232,13785.926505723273
1562,141.31107294338307,141.31107294338307,0.005244507041255736,0.0,4.757496018067754,151,0.34471474289797127,0.0694510128933055,13790.341868639383
1563,142.3413785280385,142.3413785280385,0.007264595179406968,0.0,4.757496018067754,151,0.344786090711342,0.0912431765652313,13795.34236430636
1564,142.6862822874465,142.6862822874465,0.002420143552142935,0.0,4.757496018067754,151,0.3448018196986447,0.09547067637462707,13796.732366706254
1565,143.6322991536078,143.6322991536078,0.006608165658975066,0.0,4.757496018067754,151,0.3448519368322965,0.11617573441422467,13801.706875634538
1566,143.1977570751464,143.1977570751464,-0.0030299642696037655,0.0,4.757496018067754,151,0.3448325991114724,0.09812387532001615,13796.483414584844
1567,143.89777698909566,143.89777698909566,0.004876573949457547,0.0,4.757496018067754,151,0.34489140012951747,0.09133765522891565,13801.14061110837
1568,144.0619617320721,144.0619617320721,0.0011403313636629408,0.0,4.757496018067754,151,0.34490459398769835,0.04617164950727914,13802.243051702406
1569,143.44582173996338,143.44582173996338,-0.0042860817742105895,0.0,4.757496018067754,151,0.3448554545308749,0.039240427394299615,13798.105896650142
1570,143.30434187249833,143.30434187249833,-0.0009867815045895715,0.0,4.757496018067754,151,0.3448462559428727,0.04650553860759262,13797.155911004069
1571,143.71327110959714,143.71327110959714,0.0028495081507261253,0.0,4.757496018067754,151,0.3448766309786892,0.05508431134679702,13799.901721503222
1572,143.16106533947317,143.16106533947317,-0.003849814235615311,0.0,4.757496018067754,151,0.3448461784617592,0.053226100291826006,13796.193861404841
1573,143.9383930246443,143.9383930246443,0.005415054344249193,0.0,4.757496018067754,151,0.3448946635366277,0.03426395024248873,13801.413332955393
1574,143.65400365681174,143.65400365681174,-0.0019777258634849216,0.0,4.757496018067754,151,0.3448719044481467,0.02332729020068804,13799.50376220036
1575,143.95156744894547,143.95156744894547,0.002069249890850772,0.0,4.757496018067754,151,0.34489572204428903,0.014512338541306131,13801.501794403697
1576,144.23440666111864,144.23440666111864,0.0019628943001856,0.0,4.757496018067754,151,0.34492009345724683,0.0319972796523621,13803.400956429545
1577,144.67701085394265,144.67701085394265,0.0030639463326595858,0.0,4.757496018067754,151,0.34496369321271153,0.018864578846343214,13806.37288195937
1578,143.87169886029568,143.87169886029568,-0.005581824194278245,0.0,4.757496018067754,151,0.34488691819685174,0.012833737217712636,13800.89018625511
1579,143.64984090573844,143.64984090573844,-0.0015432443688861912,0.0,4.757496018067754,151,0.3448752103138427,0.022037377263268227,13799.413918532151
1580,144.7501979009794,144.7501979009794,0.00763080573218533,0.0,4.757496018067754,151,0.3449576518845634,0.007365202518686148,13806.735817442872
1581,145.36839045691383,145.36839045691383,0.004261660688857315,0.0,4.757496018067754,151,0.3450173528502371,0.03272276127946907,13810.796445805314
1582,145.58080929552227,145.58080929552227,0.001460178454046765,0.0,4.757496018067754,151,0.3450375292164859,0.018799569331838906,13812.13834412841
1583,144.60208561913547,144.60208561913547,-0.0067455897971447805,0.0,4.757496018067754,151,0.34494225345861224,0.014845172791861596,13805.576363341499
1584,144.2173989174496,144.2173989174496,-0.0026638571825268586,0.0,4.757496018067754,151,0.34491048783973355,0.033043148835730424,13803.124286784185
1585,145.05251856375068,145.05251856375068,0.005773998027492302,0.0,4.757496018067754,151,0.3449830919459575,0.05418841405228409,13808.44752072566
1586,146.16770217669327,146.16770217669327,0.007658733731731572,0.0,4.757496018067754,151,0.3450914529815004,-0.01713995614756546,13815.555943196245
1587,146.32105670421024,146.32105670421024,0.001048618361649937,0.0,4.757496018067754,151,0.34510692194333326,-0.02280356334370901,13816.533458250013
1588,146.84808132608828,146.84808132608828,0.003595366095770102,0.0,4.757496018067754,151,0.345160752255034,-0.023884794431173518,13819.89282761415
1589,147.5184998660883,147.5184998660883,0.004554998712413852,0.0,4.757496018067754,151,0.3452278928039689,0.013474455029997588,13824.020140421153
1590,149.0192319001696,149.0192319001696,0.010121780035709056,0.0,4.757496018067754,151,0.3454486735298153,0.03402770665835527,13836.426001929687
1591,148.3247047186711,148.3247047186711,-0.004671549401496885,0.0,4.757496018067754,151,0.34548239954035403,-0.010425660523354046,13827.31053637336
1592,148.95385013880195,148.95385013880195,0.004232705986719176,0.0,4.757496018067754,151,0.34554087432085345,-0.01873514777978367,13830.119134901699
1593,149.72736808580194,149.72736808580194,0.005179566903602409,0.0,4.757496018067754,151,0.34556268744467283,-0.019622903995569253,13835.288479941104
1594,149.27339322966853,149.27339322966853,-0.0030366157128111273,0.0,4.757496018067754,151,0.34553856568775176,-0.05809982929116502,13832.526387169573
1595,149.0586479119803,149.0586479119803,-0.0014396398989252707,0.0,4.757496018067754,151,0.345525838784794,-0.04394579897118436,13831.164459378177
1596,148.1324877262974,148.1324877262974,-0.006232777986087217,0.0,4.757496018067754,151,0.34547359389096466,-0.02427111180369633,13825.290695471502
1597,148.1607462751711,148.1607462751711,0.00019074717689465773,0.0,4.757496018067754,151,0.34547511261468,-0.0232465817885408,13825.46991289738
1598,148.37631568174385,148.37631568174385,0.0014539123246436415,0.0,4.757496018067754,151,0.3454869320673889,-0.02933018129473767,13826.837067110317
1599,148.68700547276944,148.68700547276944,0.0020917419431008733,0.0,4.757496018067754,151,0.34550447161727943,-0.01875516976533365,13828.80748055381
1600,147.882953454946,147.882953454946,-0.0054223562682313925,0.0,4.703960326535661,145,0.33299051548806546,-0.01705286306619909,14052.298135735437
1601,146.94473355032102,146.94473355032102,-0.006364551994646105,0.0,4.703960326535661,145,0.3329224385125967,0.02456769283348587,14047.102851919206
1602,148.93334162364727,148.93334162364727,0.013442280347031762,0.0,4.703960326535661,145,0.3330713334206568,-0.04302518165611245,14058.114538293852
1603,148.2666693965852,148.2666693965852,-0.004486361511048026,0.0,4.703960326535661,145,0.33301934600530014,-0.08295079817127322,14054.42291822172
1604,148.77910556287742,148.77910556287742,0.003450220254434322,0.0,4.703960326535661,145,0.3330592160537541,-0.08693458082949279,14057.260474010578
1605,148.4905026531494,148.4905026531494,-0.001941691935031107,0.0,4.703960326535661,145,0.33303650501557,-0.09905189746131296,14055.650353659168
1606,147.90730659476196,147.90730659476196,-0.003935230239949365,0.0,4.703960326535661,145,0.3329966232231464,-0.10160803038085318,14052.26367378406
1607,147.58694050561988,147.58694050561988,-0.0021683414672737772,0.0,4.703960326535661,145,0.3329789836563636,-0.06236132181492989,14050.351525530372
1608,146.65927037256816,146.65927037256816,-0.006305421598009239,0.0,4.703960326535661,145,0.3329124845253921,-0.07388876011086329,14045.214659849642
1609,146.8074418746333,146.8074418746333,0.0010098011697570138,0.0,4.703960326535661,145,0.3329228554875129,-0.06814870402354924,14046.035142343044
1610,147.62914048205715,147.62914048205715,0.005581512555696746,0.0,4.703960326535661,145,0.33298256613432614,-0.06454503487016766,14050.573280004397
1611,148.23060897644677,148.23060897644677,0.00406590841838978,0.0,4.703960326535661,145,0.33302259873290463,-0.05521024879428686,14054.013886826688
1612,148.51458318191072,148.51458318191072,0.0019139268278238462,0.0,4.703960326535661,145,0.33304556217350983,-0.0639827493399742,14055.562408592998
1613,150.14928339036334,150.14928339036334,0.010946865126676059,0.0,4.703960326535661,145,0.33317587645863794,-0.05555669835553752,14065.384781559991
1614,149.77460480804015,149.77460480804015,-0.002498492397411954,0.0,4.703960326535661,145,0.33314760561317563,-0.07881309170386866,14063.267723275218
1615,150.21717899201528,150.21717899201528,0.0029505775088442495,0.0,4.703960326535661,145,0.3331935892929556,-0.07455489289164621,14065.562461858795
1616,150.29678952663318,150.29678952663318,0.0005298291914528448,0.0,4.703960326535661,145,0.3331893885619722,-0.06820702484526645,14064.700944112012
1617,150.92622514966595,150.92622514966595,0.004179206159530034,0.0,4.703960326535661,145,0.3332017982187918,-0.07858951858632704,14069.767533795304
1618,153.08274579691385,153.08274579691385,0.01418745514745392,0.0,4.703960326535661,145,0.33345377987096875,-0.033106984397065796,14079.32584181871
1619,153.38410106628308,153.38410106628308,0.0019666425232130326,0.0,4.703960326535661,145,0.33347060859804784,-0.03392364524071158,14081.046628472484
1620,152.67384196538987,152.67384196538987,-0.004641345811162878,0.0,4.703960326535661,145,0.3333873615473342,-0.043309195385503554,14076.7340265113
1621,152.34162761790594,152.34162761790594,-0.002178345113485965,0.0,4.703960326535661,145,0.3333403430955956,-0.017790360702015538,14073.84905714285
1622,151.5822446154518,151.5822446154518,-0.00499720260308203,0.0,4.703960326535661,145,0.33327871411550397,-0.01923620511573512,14070.36797696834
1623,150.70556651143508,150.70556651143508,-0.005800303747779799,0.0,4.703960326535661,145,0.33319258871376173,0.0036377571372596916,14065.361889885602
1624,150.85365589481,150.85365589481,0.0009821579595384365,0.0,4.703960326535661,145,0.33320260546984004,-0.0022293116307800574,14065.889392572484
1625,150.4700984681426,150.4700984681426,-0.0025458174357161152,0.0,4.703960326535661,145,0.3331683206648388,0.01284012096371037,14064.103376783496
1626,149.23723910859323,149.23723910859323,-0.008227134666950601,0.0,4.703960326535661,145,0.33312677823010406,0.04213340300557809,14058.438894317545
1627,149.1516655389618,149.1516655389618,-0.0005735707370120919,0.0,4.703960326535661,145,0.33312735045137026,0.04851988221652038,14057.866893981365
1628,150.00270558460198,150.00270558460198,0.005689653393838165,0.0,4.703960326535661,145,0.33314543510459194,0.04533748805483347,14061.257186375416
1629,149.873916070327,149.873916070327,-0.000858950067415015,0.0,4.703960326535661,145,0.3331355061116732,0.035212450908958935,14060.306492096688
1630,149.32813808055496,149.32813808055496,-0.0036482275942907256,0.0,4.703960326535661,145,0.33311904795296615,0.04177485424066477,14058.361569406614
1631,150.01212014626404,150.01212014626404,0.004569938304565396,0.0,4.703960326535661,145,0.33315184214192173,0.03687768895119803,14060.355690588072
1632,150.47173951714763,150.47173951714763,0.0030591974547403466,0.0,4.703960326535661,145,0.3331713758493752,0.057331876836815385,14061.63368113331
1633,151.3143787553887,151.3143787553887,0.005584361751818141,0.0,4.703960326535661,145,0.3332151978190842,0.07270183448481464,14064.143241530972
1634,150.25350589292336,150.25350589292336,-0.007035744140656059,0.0,4.703960326535661,145,0.33316476795721045,0.0487779618266052,14060.864398082613
1635,149.82746217085716,149.82746217085716,-0.002839527018843921,0.0,4.703960326535661,145,0.3331540438002434,0.06491449917991095,14059.043083413197
1636,149.752956857427,149.752956857427,-0.0004973977618957991,0.0,4.703960326535661,145,0.3331527504457841,0.06545034840101327,14058.651335304512
1637,150.03476605379558,150.03476605379558,0.0018800588405646019,0.0,4.703960326535661,145,0.33316271577583884,0.07436097080470024,14059.469567509443
1638,149.5351914026535,149.5351914026535,-0.0033352818052502942,0.0,4.703960326535661,145,0.33314649315462624,0.06349194200191725,14057.730228349032
1639,149.41657384816227,149.41657384816227,-0.0007935565164934453,0.0,4.703960326535661,145,0.33314300102060806,0.07714061123193028,14057.138846258646
1640,148.59787881663266,148.59787881663266,-0.005494344879987073,0.0,4.703960326535661,145,0.33311786537055976,0.06576427040964127,14054.391641390288
1641,148.13414545422393,148.13414545422393,-0.0031256062845376794,0.0,4.703960326535661,145,0.3331100317131994,0.07667838211249361,14052.40605104573
1642,147.37883752196814,147.37883752196814,-0.005111853762885006,0.0,4.703960326535661,145,0.33308507789010877,0.09282355689635037,14043.535339640835
1643,147.60845644534422,147.60845644534422,0.001556805831628306,0.0,4.703960326535661,145,0.3330757036389286,0.07696660682188614,14044.064961377171
1644,147.54876304206104,147.54876304206104,-0.0004044854752372964,0.0,4.703960326535661,145,0.3330646489831468,0.08767556372305571,14043.01526261305
1645,146.97292287699085,146.97292287699085,-0.003910346343619787,0.0,4.703960326535661,145,0.33311936531344494,0.06305253039120616,14034.010548909946
1646,145.2865287364764,145.2865287364764,-0.01154051886315095,0.0,4.703960326535661,145,0.33297938353713497,0.0851525685165222,14024.570890311228
1647,145.5943571958561,145.5943571958561,0.0021165266552841946,0.0,4.703960326535661,145,0.33300949344890984,0.06625084140896853,14026.376217514779
1648,145.84712221058595,145.84712221058595,0.0017345854723284776,0.0,4.703960326535661,145,0.3330347011462298,0.05818971107459155,14027.887005491675
1649,145.51433491626983,145.51433491626983,-0.0022843614410312145,0.0,4.703960326535661,145,0.33300135976875583,0.024337761426385895,14025.883840562106
1650,144.93075533003355,144.93075533003355,-0.004018524610424898,0.0,4.703960326535661,145,0.332975265018928,0.06193998958237973,14021.555134051961
1651,146.66971918054358,146.66971918054358,0.01192717171275641,0.0,4.703960326535661,145,0.33311371950128427,0.041529776477267674,14034.030859868722
1652,147.34968465799835,147.34968465799835,0.004625318470943749,0.0,4.703960326535661,145,0.333191296592439,0.0632379152628672,14038.89489503078
1653,147.41486054847036,147.41486054847036,0.00044222341251062993,0.0,4.703960326535661,145,0.33319986221743403,0.07600146722203219,14039.306183015467
1654,146.89927500257525,146.89927500257525,-0.0035036446506607585,0.0,4.703960326535661,145,0.33315886365402475,0.07233115650257839,14035.432982907403
1655,148.8287175680044,148.8287175680044,0.013048950331571095,0.0,4.703960326535661,145,0.33344582131620587,0.03525344730811648,14048.294314652323
1656,149.05094673400342,149.05094673400342,0.0014920737053232128,0.0,4.703960326535661,145,0.33348355767044624,0.048038934931677234,14049.784614142403
1657,149.29105680743498,149.29105680743498,0.0016096300381662116,0.0,4.703960326535661,145,0.3335254328908546,0.0491566662508148,14051.374727050368
1658,148.93764157387747,148.93764157387747,-0.002370096512602728,0.0,4.703960326535661,145,0.3334706667835074,0.04520725939370772,14048.871387336078
1659,149.20120464194343,149.20120464194343,0.0017680563272446386,0.0,4.703960326535661,145,0.333516448714375,0.049347807151805756,14050.61803027779
1660,149.20701922078817,149.20701922078817,3.897063405421681e-05,0.0,4.703960326535661,145,0.33351738677641174,0.028540623673128245,14050.658364349885
1661,148.95347811729968,148.95347811729968,-0.0017007025871212248,0.0,4.703960326535661,145,0.3334787587736307,0.0826734328588965,14048.848362294002
1662,148.5772208449722,148.5772208449722,-0.002529201014966093,0.0,4.703960326535661,145,0.3334146079898841,0.13698745349565725,14046.337975166241
1663,149.2390335559299,149.2390335559299,0.004444443784251914,0.0,4.703960326535661,145,0.3335278599145725,0.1399486050878538,14050.753587123183
1664,149.28777845705054,149.28777845705054,0.00032656967208506774,0.0,4.703960326535661,145,0.3335362832095521,0.1463650949286851,14051.078812922968
1665,148.00113763852394,148.00113763852394,-0.008655881751678094,0.0,4.703960326535661,145,0.33332109961969514,0.13316024811793295,14042.494350145944
1666,146.80188634734006,146.80188634734006,-0.008135994605977248,0.0,4.703960326535661,145,0.3331590978882849,0.16820948520756535,14034.198854156482
1667,146.89132934119328,146.89132934119328,0.0006090913364052647,0.0,4.703960326535661,145,0.3331610178853317,0.156559852836757,14034.143699751425
1668,147.22529731278996,147.22529731278996,0.0022709910618105927,0.0,4.703960326535661,145,0.33313899814960696,0.1650647542904546,14036.184018927137
1669,147.21738920391948,147.21738920391948,-5.3715777192029134e-05,0.0,4.703960326535661,145,0.33312578973587115,0.1615112663217828,14035.09281248707
1670,147.44178756315193,147.44178756315193,0.0015231047956853023,0.0,4.703960326535661,145,0.333119406876862,0.14926696252855817,14035.594762717015
1671,147.27121226467756,147.27121226467756,-0.0011575690086362946,0.0,4.703960326535661,145,0.3331090247188485,0.1440045800118759,14034.679165187521
1672,145.76424391055355,145.76424391055355,-0.010285319453660544,0.0,4.703960326535661,145,0.33332441327669743,0.12611432259402652,14023.530749436144
1673,145.68130560449424,145.68130560449424,-0.0005691513110163412,0.0,4.703960326535661,145,0.3333540774573768,0.15474297019070857,14022.569464627742
1674,146.53075235077992,146.53075235077992,0.005813922566759364,0.0,4.703960326535661,145,0.33327842928778256,0.15560007897991193,14027.293403916416
1675,147.26320368558163,147.26320368558163,0.004986166919097522,0.0,4.703960326535661,145,0.33322189328298074,0.17384114253406466,14031.364933366302
1676,146.92151153248122,146.92151153248122,-0.0023229779732176197,0.0,4.703960326535661,145,0.33325764734679514,0.1637352550983194,14029.257734734389
1677,147.59549023348458,147.59549023348458,0.004576848694494397,0.0,4.703960326535661,145,0.3332309744674618,0.11321976779678374,14032.493449748972
1678,147.86485995286378,147.86485995286378,0.00182339047416413,0.0,4.703960326535661,145,0.3332208497654326,0.11094700432269036,14033.786114485745
1679,147.44177858372672,147.44177858372672,-0.0028653718094813867,0.0,4.703960326535661,145,0.3332368791750731,0.11489354565132791,14031.755810679031
1680,148.25913353413455,148.25913353413455,0.005528268588708634,0.0,4.703960326535661,145,0.3332074377078577,0.09748876864386555,14035.678174054741
1681,148.8468419592979,148.8468419592979,0.003956225994722994,0.0,4.703960326535661,145,0.3331960626305982,0.11009877276189024,14038.49849832305
1682,148.47926810601768,148.47926810601768,-0.0024725311911576193,0.0,4.703960326535661,145,0.33320268638653217,0.08548847900559366,14036.734566729736
1683,149.677484567508,149.677484567508,0.008037536640287042,0.0,4.703960326535661,145,0.33319388004809,0.07461726595246104,14042.484627168444
1684,149.90669375033457,149.90669375033457,0.001530182460483728,0.0,4.703960326535661,145,0.33319560136515636,0.08632337629203572,14043.584567535412
1685,150.37152199515995,150.37152199515995,0.0030959862669886454,0.0,4.703960326535661,145,0.3332083551280142,0.07466968311470684,14045.815208314658
1686,149.88099824121917,149.88099824121917,-0.0032674109776405637,0.0,4.703960326535661,145,0.33319519065445097,0.0661157065608324,14043.46125865495
1687,150.26793820507544,150.26793820507544,0.00257832116810998,0.0,4.703960326535661,145,0.3332049978078961,0.062415562859287704,14045.31812529786
1688,150.8908976094916,150.8908976094916,0.004137087934030261,0.0,4.703960326535661,145,0.33323378256762237,0.07483013855416186,14048.307613709492
1689,150.3136607518226,150.3136607518226,-0.0038328607474128608,0.0,4.703960326535661,145,0.33320647150771704,0.05937057949716422,14045.53754091737
1690,149.9007806365999,149.9007806365999,-0.002750569716909627,0.0,4.703960326535661,145,0.3331955068520379,0.08073310792998616,14043.556191392663
1691,150.02262409031718,150.02262409031718,0.0008124971809461215,0.0,4.703960326535661,145,0.33319747722336995,0.06950153305893192,14044.140899786724
1692,149.2513929386463,149.2513929386463,-0.005154024840334858,0.0,4.703960326535661,145,0.33319584353039405,0.051421670607839254,14039.145814168494
1693,149.65271781000604,149.65271781000604,0.002685310091679097,0.0,4.703960326535661,145,0.3332429854187786,0.07225380837149392,14043.758433692405
1694,148.88720546995094,148.88720546995094,-0.005128386243379651,0.0,4.703960326535661,145,0.3332835584014623,0.04753983474113333,14032.60596819347
1695,148.09465472712918,148.09465472712918,-0.005337380699185631,0.0,4.703960326535661,145,0.3332862186968373,0.06640076995837284,14028.972645070317
1696,148.68904824077018,148.68904824077018,0.004005572424840589,0.0,4.703960326535661,145,0.3332546806251088,0.04940163522180483,14034.104627163717
1697,148.4201330588451,148.4201330588451,-0.001810211681658851,0.0,4.703960326535661,145,0.333244089603406,0.04908565816448079,14032.382121636268
1698,147.04529931582167,147.04529931582167,-0.009306291125053243,0.0,4.703960326535661,145,0.3332516741060027,0.056218558099247425,14022.355957021762
1699,147.44518688284197,147.44518688284197,0.002715794441880343,0.0,4.703960326535661,145,0.33325825731014186,0.03398220169210401,14025.063697195877
1700,147.59371825276784,147.59371825276784,0.001006859637074741,0.0,4.703960326535661,145,0.33326277222229106,0.025300978174599975,14026.030415926007
1701,146.7932278816795,146.7932278816795,-0.005438368477478714,0.0,4.703960326535661,145,0.33323995339340234,0.009773385359289571,14020.819763408601
1702,146.82414140680137,146.82414140680137,0.0002105701397094418,0.0,4.703960326535661,145,0.3332407799183633,0.014627641108703722,14021.020989611086
1703,146.5403675428975,146.5403675428975,-0.00193461679074627,0.0,4.703960326535661,145,0.33323348122688073,0.0145932691096788,14019.173813115616
1704,146.12567879324914,146.12567879324914,-0.002833871795955437,0.0,4.703960326535661,145,0.3332249051986099,0.0174889737895853,14016.47446899439
1705,146.49295828717905,146.49295828717905,0.0025102959296417586,0.0,4.703960326535661,145,0.33323228743764655,-0.02077042508331848,14018.86521083059
1706,145.75981656645678,145.75981656645678,-0.005017185954762638,0.0,4.703960326535661,145,0.3332221865006858,-0.013517848726528052,14014.09295261154
1707,146.51673788634892,146.51673788634892,0.0051794986668169795,0.0,4.703960326535661,145,0.3332328862266492,-0.03661254331021383,14019.01999998578
1708,146.44636064353384,146.44636064353384,-0.0004804512549329596,0.0,4.703960326535661,145,0.33323111905623687,-0.03592531262465182,14018.561891592864
1709,145.18149070387693,145.18149070387693,-0.008674602685976135,0.0,4.703960326535661,145,0.33321926358740317,-0.03715023823773775,14010.328441231302
1710,145.08029634749292,145.08029634749292,-0.0006972627124764898,0.0,4.703960326535661,145,0.3332189619648877,0.0035430289125096127,14009.669734210102
1711,143.7974906079927,143.7974906079927,-0.008881362497053846,0.0,4.703960326535661,145,0.33323659765614494,-0.04021582728215358,14001.319533886292
1712,143.99997225558573,143.99997225558573,0.001407112342042331,0.0,4.703960326535661,145,0.3332317515474826,-0.05655821167345043,14002.637552871734
1713,144.43160046727849,144.43160046727849,0.0029929354114484785,0.0,4.703960326535661,145,0.3332233288337456,-0.04911744107097668,14005.447161468002
1714,143.29695963239155,143.29695963239155,-0.007886924510015856,0.0,4.703960326535661,145,0.33326139525407544,-0.03439689613925718,13998.061414760497
1715,143.25274944085055,143.25274944085055,-0.00030856909284443116,0.0,4.703960326535661,145,0.33326651492615006,-0.06770931964980173,13997.773636226028
1716,143.81290210910535,143.81290210910535,0.0039026151417014,0.0,4.703960326535661,145,0.333236207120966,-0.06955383624862745,14001.419852366025
1717,144.28916615779943,144.28916615779943,0.0033062205030292093,0.0,4.703960326535661,145,0.33322593138602635,-0.04963651503849919,14004.520010161681
1718,144.11889581810067,144.11889581810067,-0.0011807600544500563,0.0,4.703960326535661,145,0.33322924200231785,-0.0481052426705872,14003.411665069429
1719,144.74020295962742,144.74020295962742,0.004301807367613696,0.0,4.703960326535661,145,0.333218867652841,-0.051149352522030615,14007.455955591846
1720,144.43644460282815,144.43644460282815,-0.0021008506121180702,0.0,4.703960326535661,145,0.3332232412937458,-0.057231421912159734,14005.478693523863
1721,145.257499012199,145.257499012199,0.005668441649702883,0.0,4.703960326535661,145,0.3332200647771487,-0.06605727249802824,14010.812219868416
1722,145.8220720972297,145.8220720972297,0.003879171532732545,0.0,4.703960326535661,145,0.3332238304926974,-0.0342425042832094,14013.516918551995
1723,145.00512540833336,145.00512540833336,-0.005618104803698938,0.0,4.703960326535661,145,0.3333243184804588,-0.056242020640425786,14004.024536823312
1724,145.43241048674486,145.43241048674486,0.00294235650610149,0.0,4.703960326535661,145,0.3333144046822225,-0.06518582781408817,14005.355709577852
1725,145.29810089319338,145.29810089319338,-0.0009239457012524565,0.0,4.703960326535661,145,0.3333507005559013,-0.12854016287344686,14002.637052766851
1726,146.15575092072427,146.15575092072427,0.005885339979164635,0.0,4.703960326535661,145,0.3333336543784129,-0.13007029814483378,14008.012990396412
1727,145.50972852819737,145.50972852819737,-0.004429893110467393,0.0,4.703960326535661,145,0.33336850951923874,-0.15281265515197506,14003.510475244278
1728,145.3939022441947,145.3939022441947,-0.0007963206909164943,0.0,4.703960326535661,145,0.333377428687221,-0.1514822373016263,14002.653595948568
1729,145.38577701908173,145.38577701908173,-5.588578359850246e-05,0.0,4.703960326535661,145,0.33337783238864843,-0.15180371711552673,14002.598670517074
1730,144.4979255763212,144.4979255763212,-0.006125589062340171,0.0,4.703960326535661,145,0.33343322036439055,-0.1471455627238261,13996.64578564758
1731,144.95455953661903,144.95455953661903,0.003155159223709234,0.0,4.703960326535661,145,0.3334037694722576,-0.1709392883436491,13999.707434547652
1732,144.9210992562221,144.9210992562221,-0.0002308595394651059,0.0,4.703960326535661,145,0.3334058612502759,-0.19195110377245433,13999.483089361835
1733,144.96466391748237,144.96466391748237,0.00030056434031987397,0.0,4.703960326535661,145,0.33340313927759113,-0.18929244081940824,13999.775182611189
1734,146.8425331168623,146.8425331168623,0.012870793742993714,0.0,4.703960326535661,145,0.33332797233503886,-0.18813629235251375,14012.365959182009
1735,145.97655431169989,145.97655431169989,-0.005914787437074943,0.0,4.703960326535661,145,0.3333632389085828,-0.24127887124563913,14006.322502207584
1736,145.5205982249385,145.5205982249385,-0.0031283767587702432,0.0,4.703960326535661,145,0.33335582287627297,-0.21756155934669566,14003.835269898049
1737,145.96732133102657,145.96732133102657,0.0030651250076857935,0.0,4.703960326535661,145,0.3333630836616059,-0.2358894704342224,14006.271791850253
1738,145.74966581782024,145.74966581782024,-0.0014922377727998926,0.0,4.703960326535661,145,0.3333592909998015,-0.23540259738529423,14005.084652817779
1739,145.3408443978359,145.3408443978359,-0.0028088974008686983,0.0,4.703960326535661,145,0.33335365448730714,-0.21995999812925623,14002.854854648067
1740,145.37382649214803,145.37382649214803,0.00022690354327618454,0.0,4.703960326535661,145,0.33335396529275513,-0.2491967625369434,14003.034745940293
1741,144.68032405783228,144.68032405783228,-0.004781891619184381,0.0,4.703960326535661,145,0.333355541808686,-0.24360280766945527,13999.25223753164
1742,145.4120385840742,145.4120385840742,0.005044711080069112,0.0,4.703960326535661,145,0.33335442149210137,-0.24338630179411608,14003.243162741548
1743,144.72218469465676,144.72218469465676,-0.004755421002406347,0.0,4.703960326535661,145,0.3333553396389016,-0.2921747490087961,13999.480554265578
1744,143.61683991945173,143.61683991945173,-0.007667017611072139,0.0,4.703960326535661,145,0.3333978695911092,-0.26279376825901274,13993.451770948042
1745,143.4017702793627,143.4017702793627,-0.0014986462389520521,0.0,4.703960326535661,145,0.3334162726748143,-0.25297122031019237,13992.278735812433
1746,143.24579302151463,143.24579302151463,-0.0010882860572504682,0.0,4.703960326535661,145,0.3334298018377976,-0.2468396406584014,13991.428002981263
1747,142.2469319199177,142.2469319199177,-0.006997482528132215,0.0,4.703960326535661,145,0.333518662020202,-0.25455653619812546,13985.980004057375
1748,141.78794264008263,141.78794264008263,-0.00323192481254891,0.0,4.703960326535661,145,0.3335606172181221,-0.23442663859047672,13983.476081087629
1749,142.03543352053458,142.03543352053458,0.0017439785723619358,0.0,4.703960326535661,145,0.3335504687562595,-0.24437522786008692,13984.236804778657
1750,141.43622050444677,141.43622050444677,-0.004227681322429846,0.0,4.703960326535661,145,0.3337388660059139,-0.24767278639268875,13976.059852798624
1751,141.08961625889165,141.08961625889165,-0.002453612196405123,0.0,4.703960326535661,145,0.33376190270822176,-0.23719590683814262,13972.97459039569
1752,140.92002760138263,140.92002760138263,-0.001202715450652451,0.0,4.703960326535661,145,0.3338341846018045,-0.2271700454987171,13969.73691323029
1753,140.1112071593904,140.1112071593904,-0.005756105195090398,0.0,4.703960326535661,145,0.3339149277088798,-0.21119140508006717,13964.075750805712
1754,141.09046645270539,141.09046645270539,0.006964846541019047,0.0,4.703960326535661,145,0.33360083233476856,-0.25012119904879976,13976.057898059948
1755,142.46587884633578,142.46587884633578,0.009701233659826027,0.0,4.703960326535661,145,0.33322341057671256,-0.1510161997974257,13992.547640486351
1756,143.15211500255919,143.15211500255919,0.004805281820308673,0.0,4.703960326535661,145,0.3330693822865746,-0.102230170842679,14000.123071906284
1757,142.86026560514384,142.86026560514384,-0.0020408172407762252,0.0,4.703960326535661,145,0.33311542526546384,-0.11597004355281876,13997.47048375631
1758,142.954906470092,142.954906470092,0.0006622522360862933,0.0,4.703960326535661,145,0.3331004125110516,-0.10151479307564691,13998.330159385194
1759,142.32154353278048,142.32154353278048,-0.004440352352664093,0.0,4.703960326535661,145,0.3332085566360058,-0.1091084572485079,13992.576971460057
1760,141.90073843360327,141.90073843360327,-0.0029611007535245344,0.0,4.703960326535661,145,0.3332832568737452,-0.09492433975994784,13988.754464501728
1761,141.65763363575607,141.65763363575607,-0.001714672401564379,0.0,4.703960326535661,145,0.33332691783674023,-0.09139426919314225,13986.545661698485
1762,140.8190441292213,140.8190441292213,-0.005937424475078328,0.0,4.703960326535661,145,0.3334805360932035,-0.08359217457447543,13978.9318321641
1763,141.15893383245444,141.15893383245444,0.002410754700083766,0.0,4.703960326535661,145,0.3334179895381249,-0.09854487798974848,13982.0178024043
1764,140.39866010071614,140.39866010071614,-0.005400497773280711,0.0,4.703960326535661,145,0.3335587795668362,-0.1032010231755455,13975.11502750929
1765,140.9887385560025,140.9887385560025,0.004194070687393365,0.0,4.703960326535661,145,0.3334492593226086,-0.10936464642633278,13980.472543594877
1766,140.9303066022043,140.9303066022043,-0.0004145300265337879,0.0,4.703960326535661,145,0.3334600114139953,-0.0897558930848353,13979.942020696468
1767,139.97512141586594,139.97512141586594,-0.006800786119177832,0.0,4.703960326535661,145,0.33363851080719376,-0.09156099036465512,13971.26958069349
1768,139.69386628272173,139.69386628272173,-0.0020113436979687068,0.0,4.703960326535661,145,0.33369224958909405,-0.0835211492625488,13968.715972971542
1769,139.08234279026462,139.08234279026462,-0.004387207038598106,0.0,4.703960326535661,145,0.33382296754506974,-0.08317862757548367,13963.163750350632
1770,139.1428282141924,139.1428282141924,0.0004347947718913335,0.0,4.703960326535661,145,0.33380944088179465,-0.08659112487213132,13963.712917378733
1771,138.92347828004927,138.92347828004927,-0.0015776811107169294,0.0,4.703960326535661,145,0.3338585522740959,-0.07812715997241562,13961.721367289054
1772,138.11064918711944,138.11064918711944,-0.005868095983771509,0.0,4.703960326535661,145,0.33404228316886175,-0.07867326223774915,13954.341425009867
1773,137.2553888348448,137.2553888348448,-0.00621182705436597,0.0,4.703960326535661,145,0.33424013126623575,-0.030524978298691923,13946.576235392069
1774,136.6788410339488,136.6788410339488,-0.004209394733129684,0.0,4.703960326535661,145,0.3343991194551496,-0.012776695999033512,13940.835383851734
1775,137.63292916007273,137.63292916007273,0.006956259826333,0.0,4.703960326535661,145,0.3342727479713821,-0.03560041264860873,13947.133882369128
1776,137.5546131658388,137.5546131658388,-0.0005691827158042223,0.0,4.703960326535661,145,0.3343144536292834,-0.05155938941961706,13944.71050869513
1777,136.884760495422,136.884760495422,-0.004881617325575849,0.0,4.703960326535661,145,0.3344097310036911,-0.05110559732970766,13939.471809994502
1778,136.40315978301032,136.40315978301032,-0.0035244968783182547,0.0,4.703960326535661,145,0.3345427121347378,-0.04070827766467998,13933.254512264415
1779,136.5325205722822,136.5325205722822,0.000947921494104178,0.0,4.703960326535661,145,0.3345340734645998,-0.040612032886414684,13934.043147010367
1780,137.85299851831672,137.85299851831672,0.009625057070611405,0.0,4.703960326535661,145,0.33443034020199336,-0.014383220903598637,13942.51057619509
1781,138.23055738630933,138.23055738630933,0.0027351075084936114,0.0,4.703960326535661,145,0.3344060927535036,-0.00990393772301799,13944.844523866608
1782,137.88381006097916,137.88381006097916,-0.0025116223455992005,0.0,4.703960326535661,145,0.3344283335179759,0.0034895434696708997,13942.701249892933
1783,137.11625838283322,137.11625838283322,-0.005582207129114721,0.0,4.703960326535661,145,0.334479353515449,0.024387086470378613,13937.956949317135
1784,137.86081687492347,137.86081687492347,0.005415435530592694,0.0,4.703960326535661,145,0.33442982305072877,0.0002922591801106282,13942.559127103095
1785,137.86541699834837,137.86541699834837,3.336732497813845e-05,0.0,4.703960326535661,145,0.33442952489244104,0.005235551488601505,13942.587560847474
1786,137.91008508064962,137.91008508064962,0.00032394525514515383,0.0,4.703960326535661,145,0.3344266385387838,0.026087477211284404,13942.863657968508
1787,137.54249231953793,137.54249231953793,-0.0026690109985323704,0.0,4.703960326535661,145,0.33445063551298615,0.024860637264283513,13940.591536627553
1788,137.57937077089358,137.57937077089358,0.00026808812038605696,0.0,4.703960326535661,145,0.3344481980767096,0.022991614254489548,13940.819485393718
1789,136.28942376636994,136.28942376636994,-0.009420252102622815,0.0,4.703960326535661,145,0.33453726374012427,0.017800028275774326,13932.84621598325
1790,136.14913365424624,136.14913365424624,-0.0010298845057172355,0.0,4.703960326535661,145,0.3345474752353973,0.0350572315338247,13931.979071165933
1791,136.43831259070782,136.43831259070782,0.00212173413654649,0.0,4.703960326535661,145,0.3345266313116377,0.03254093263663954,13933.766510153859
1792,136.4909726101316,136.4909726101316,0.0003858876487986233,0.0,4.703960326535661,145,0.334522903132498,0.035241865936402286,13934.09200610102
1793,136.63256778727006,136.63256778727006,0.0010368581896521276,0.0,4.703960326535661,145,0.33451292131759675,0.023001912045916874,13934.967217633422
1794,136.2586630481324,136.2586630481324,-0.0027403223766136017,0.0,4.703960326535661,145,0.33453947228977227,0.08716622712993796,13932.656081432835
1795,135.43753939766071,135.43753939766071,-0.00604444333839059,0.0,4.703960326535661,145,0.33460543732842674,0.08552486033775333,13927.580648053357
1796,135.93021734641079,135.93021734641079,0.0036310761158905723,0.0,4.703960326535661,145,0.33456375165384095,0.06979353268196888,13930.62593131244
1797,135.2237312034356,135.2237312034356,-0.005210971445751583,0.0,4.703960326535661,145,0.33462525258242026,0.05249639742770969,13926.259081873706
1798,135.3363486273285,135.3363486273285,0.0008324763244243706,0.0,4.703960326535661,145,0.33461477084936975,0.04410836773928414,13926.955179510167
1799,135.74333702842998,135.74333702842998,0.0030027237630346885,0.0,4.703960326535661,145,0.3345779101635881,0.05373705116153665,13929.470808568987
1800,135.6685232657663,135.6685232657663,-0.0005512932594572707,0.0,4.559396113520869,127,0.3850727877447898,0.06071686729467431,12892.182982740162
1801,136.1442717307858,136.1442717307858,0.0035005633258850845,0.0,4.559396113520869,127,0.3850730473077688,0.08393231329302199,12892.15885835908
1802,135.56779210761343,135.56779210761343,-0.004243319049027863,0.0,4.559396113520869,127,0.3850779891628995,0.0934257284566695,12891.714260147512
1803,136.08591302349367,136.08591302349367,0.0038145737338178614,0.0,4.559396113520869,127,0.3850782659319563,0.054928456354428994,12891.690276383208
1804,136.4513011861384,136.4513011861384,0.0026813834039301375,0.0,4.559396113520869,127,0.3850758091392533,0.06971340913212593,12891.90492959694
1805,136.90025980948457,136.90025980948457,0.003284846996356689,0.0,4.559396113520869,127,0.38507294165848593,0.08231975132301488,12892.168677635837
1806,136.35322153070712,136.35322153070712,-0.004003894163759611,0.0,4.559396113520869,127,0.38507645646462163,0.06763437680019664,12891.847311109554
1807,136.12236748990276,136.12236748990276,-0.0016944937847234239,0.0,4.559396113520869,127,0.3850780187971361,0.0575630873283789,12891.71169215189
1808,135.6113675960991,135.6113675960991,-0.0037610383267308056,0.0,4.559396113520869,127,0.38508154964874,0.06625960755892665,12891.411496960485
1809,136.9665062704784,136.9665062704784,0.00994321233829926,0.0,4.559396113520869,127,0.38507329786585354,0.03907153182988439,12892.207595195858
1810,136.65976084472945,136.65976084472945,-0.002242076811421122,0.0,4.559396113520869,127,0.3850744618125775,0.01795009364772167,12892.027392610864
1811,135.57138125197673,135.57138125197673,-0.007996038831620093,0.0,4.559396113520869,127,0.385081876695788,0.02690350443960941,12891.38800633285
1812,136.10365954432737,136.10365954432737,0.003918497421536882,0.0,4.559396113520869,127,0.3850781456233248,-0.004378555419358212,12891.700701865255
1813,135.84839863983626,135.84839863983626,-0.0018772498443919883,0.0,4.559396113520869,127,0.3850798775795046,0.024060264215133312,12891.550744698903
1814,136.9359374405449,136.9359374405449,0.007973658446834534,0.0,4.559396113520869,127,0.3850729256628939,-0.050232170397282026,12892.189637039966
1815,137.80822052399435,137.80822052399435,0.006349805730417857,0.0,4.559396113520869,127,0.3850853122548891,-0.05007751820286973,12892.702073912005
1816,136.34466976227105,136.34466976227105,-0.010676996063669746,0.0,4.559396113520869,127,0.38507651365470463,-0.0997416320942282,12891.84228723422
1817,135.2060731274107,135.2060731274107,-0.00838593402677915,0.0,4.559396113520869,127,0.38509086747133586,-0.03430584391924841,12891.173400138789
1818,133.98969421172916,133.98969421172916,-0.009037194055869672,0.0,4.559396113520869,127,0.385123966584501,0.017874495464666247,12890.458818578521
1819,134.05667802735218,134.05667802735218,0.0004997927519616305,0.0,4.559396113520869,127,0.3851221437799445,0.0031965910955190765,12890.498169309501
1820,134.70843776565545,134.70843776565545,0.00485004174731952,0.0,4.559396113520869,127,0.3851044082762842,0.00835268397100158,12890.881056158913
1821,134.17418110066149,134.17418110066149,-0.003973907799065613,0.0,4.559396113520869,127,0.38511894624133525,-0.00795358887620966,12890.56719839935
1822,134.9522396606167,134.9522396606167,0.005782120725894689,0.0,4.559396113520869,127,0.3850977742780853,-0.010948396912523677,12891.024281543907
1823,134.80696783549018,134.80696783549018,-0.0010770482351150437,0.0,4.559396113520869,127,0.3851017271952643,-0.001897087793548373,12890.938939249558
1824,134.4663378533671,134.4663378533671,-0.0025299957821361997,0.0,4.559396113520869,127,0.38511099610837396,0.015745069710975577,12890.738830631297
1825,134.359047110098,134.359047110098,-0.0007982188808575112,0.0,4.559396113520869,127,0.3851139156660442,0.01466659698044111,12890.67580094068
1826,134.31780977405083,134.31780977405083,-0.00030696604723771205,0.0,4.559396113520869,127,0.3851150378094093,0.016439465141703274,12890.65157539751
1827,135.8104510133803,135.8104510133803,0.011051464418486732,0.0,4.559396113520869,127,0.38508013831968385,0.012693871585166385,12891.528451749089
1828,136.3304306398399,136.3304306398399,0.0038214049728833017,0.0,4.559396113520869,127,0.3850771668470023,0.043174384581467114,12891.566033242574
1829,136.69815895459067,136.69815895459067,0.002693699862352286,0.0,4.559396113520869,127,0.3850734239487971,0.054736612977651804,12892.928311408907
1830,136.71083680706482,136.71083680706482,9.273910280766061e-05,0.0,4.559396113520869,127,0.38507359646464373,0.056214310634868175,12892.898673479509
1831,136.0990807216095,136.0990807216095,-0.004484859761699476,0.0,4.559396113520869,127,0.385080109292765,0.04969463080193675,12892.488280772275
1832,134.99984434977645,134.99984434977645,-0.008109529728028341,0.0,4.559396113520869,127,0.38508816270289864,0.048798278446773376,12892.164282801486
1833,133.5112298312132,133.5112298312132,-0.011088032584744906,0.0,4.559396113520869,127,0.3851085093757145,0.08596936545111887,12891.725516312621
1834,133.02762602779475,133.02762602779475,-0.0036287717416186786,0.0,4.559396113520869,127,0.385115133678085,0.12619574888364649,12891.582974949375
1835,133.03589905912924,133.03589905912924,6.218839154632132e-05,0.0,4.559396113520869,127,0.385115020354624,0.12982722061922147,12891.585413410687
1836,132.91632842947368,132.91632842947368,-0.0008991888418543216,0.0,4.559396113520869,127,0.38511666407564665,0.12968377527117025,12891.550170179687
1837,132.86122578581782,132.86122578581782,-0.00041465235548619934,0.0,4.559396113520869,127,0.3851174239125246,0.12225199469560384,12891.53392877321
1838,132.52354577811562,132.52354577811562,-0.002544834716415908,0.0,4.559396113520869,127,0.38512208038651713,0.12553612820285845,12891.434398189911
1839,132.23863163071667,132.23863163071667,-0.0021522277854503107,0.0,4.559396113520869,127,0.3851260092960549,0.11754186758826018,12891.35042025034
1840,132.28169868028567,132.28169868028567,0.0003256237424087854,0.0,4.559396113520869,127,0.38512541540670614,0.09947902442877071,12891.36311418681
1841,132.49746472303647,132.49746472303647,0.0016297814959232461,0.0,4.559396113520869,127,0.3851224400369612,0.10629632197412842,12891.42671084519
1842,132.1473009868459,132.1473009868459,-0.002646294096142636,0.0,4.559396113520869,127,0.385127268738339,0.09638277779411054,12891.32350070506
1843,132.72092133651907,132.72092133651907,0.004331370833677125,0.0,4.559396113520869,127,0.3851193586467583,0.11139781125281037,12891.492574285649
1844,132.40737934380616,132.40737934380616,-0.002365210640108559,0.0,4.559396113520869,127,0.38512368229240673,0.10419181987222215,12891.400158339453
1845,131.70675408460045,131.70675408460045,-0.005305485878806342,0.0,4.559396113520869,127,0.3851333439188131,0.10781561502584322,12891.19365028706
1846,130.7675449000173,130.7675449000173,-0.007156610737448868,0.0,4.559396113520869,127,0.3851462961045581,0.12747223714570016,12890.91682004586
1847,130.3948724475854,130.3948724475854,-0.0028539535601620155,0.0,4.559396113520869,127,0.38515143560669907,0.13787137639132369,12890.806975501546
1848,129.89468573392105,129.89468573392105,-0.003843314598170547,0.0,4.559396113520869,127,0.3851583337875964,0.14886036278074583,12890.659546354918
1849,129.10832007925552,129.10832007925552,-0.006072269844628822,0.0,4.559396113520869,127,0.38516929088864893,0.16416030617289926,12890.427766473049
1850,130.21765660995132,130.21765660995132,0.008555589467963419,0.0,4.559396113520869,127,0.38515387960979786,0.12030830863316573,12890.754741447747
1851,131.1078048454014,131.1078048454014,0.006812590501066621,0.0,4.559396113520869,127,0.38514160367773675,0.1620253540229576,12891.017111061214
1852,130.84410087354698,130.84410087354698,-0.0020133776863492376,0.0,4.559396113520869,127,0.3851452403368297,0.15382847410813916,12890.939384783263
1853,131.588534600973,131.588534600973,0.005673347164525175,0.0,4.559396113520869,127,0.3851349741967033,0.14683767252101354,12891.158805303958
1854,133.00065082478673,133.00065082478673,0.010674129626360763,0.0,4.559396113520869,127,0.38511709902692054,0.17156779627246277,12891.343840800035
1855,133.17295101865193,133.17295101865193,0.0012946454249259272,0.0,4.559396113520869,127,0.38511777101343314,0.20057573654028618,12891.332233051913
1856,132.31503972718204,132.31503972718204,-0.006462923428359309,0.0,4.559396113520869,127,0.3851320016968483,0.20392301024339585,12890.98235199991
1857,132.99564422118576,132.99564422118576,0.0051306338430085205,0.0,4.559396113520869,127,0.38512319908266857,0.18585996354622022,12891.172138592281
1858,132.60341437147738,132.60341437147738,-0.0029535506407299974,0.0,4.559396113520869,127,0.3851339519480499,0.17396832777395585,12890.940000646615
1859,132.6477229728698,132.6477229728698,0.00033408793076724626,0.0,4.559396113520869,127,0.3851327372214376,0.17439218962593164,12890.966224320593
1860,133.3099330591213,133.3099330591213,0.004979826222151428,0.0,4.559396113520869,127,0.38511458322656,0.17433924033768441,12891.358147804069
1861,134.01369374334195,134.01369374334195,0.005265245863150989,0.0,4.559396113520869,127,0.38509529136293646,0.19914309419730372,12891.774662660337
1862,134.0111469249809,134.0111469249809,-1.90043456776925e-05,0.0,4.559396113520869,127,0.3850953611754337,0.21171186026486627,12891.773155347259
1863,134.37325633540885,134.37325633540885,0.0026984401906841246,0.0,4.559396113520869,127,0.3850854353223307,0.2059346174227753,12891.98746676365
1864,134.0330722309131,134.0330722309131,-0.0025348454968672483,0.0,4.559396113520869,127,0.38509476016712424,0.19574723874304428,12891.786131655617
1865,134.25495590075664,134.25495590075664,0.0016540709772052539,0.0,4.559396113520869,127,0.38508867804278935,0.20229181057721207,12891.917451643965
1866,135.42236833618418,135.42236833618418,0.00865790055640961,0.0,4.559396113520869,127,0.38506496579406385,0.20145950155566633,12892.608374899057
1867,136.28332490934275,136.28332490934275,0.006337441401643974,0.0,4.559396113520869,127,0.3850766912293104,0.22591286339316904,12893.11792482329
1868,137.06372532052032,137.06372532052032,0.005709975877600724,0.0,4.559396113520869,127,0.38508837733075124,0.2662363929200081,12893.579798258934
1869,137.48279788891728,137.48279788891728,0.0030528370126210523,0.0,4.559396113520869,127,0.38509489664011176,0.30353167671027653,12893.827822842439
1870,137.2176520275823,137.2176520275823,-0.0019304369086860708,0.0,4.559396113520869,127,0.3850907719232659,0.28899337977336476,12893.670898489034
1871,136.91981362522336,136.91981362522336,-0.002172913642708558,0.0,4.559396113520869,127,0.38508613850822165,0.32182372586952274,12893.494625329518
1872,136.47039055987887,136.47039055987887,-0.003287780346926112,0.0,4.559396113520869,127,0.38507937211697063,0.33213485168904927,12893.228638059043
1873,136.08513200151742,136.08513200151742,-0.00282701162187351,0.0,4.559396113520869,127,0.38507390415136494,0.3466025128615315,12893.00062601367
1874,136.02914952825202,136.02914952825202,-0.00041146296137428305,0.0,4.559396113520869,127,0.3850731359479701,0.3279303855880725,12892.96749325657
1875,135.55569232728152,135.55569232728152,-0.003486628173873761,0.0,4.559396113520869,127,0.38506671481206184,0.38124541314512006,12892.687281584575
1876,136.50405519373365,136.50405519373365,0.00697175320040758,0.0,4.559396113520869,127,0.38507985992728483,0.3190774763475417,12893.248562190136
1877,136.53530741147958,136.53530741147958,0.00022892097010634432,0.0,4.559396113520869,127,0.38508031457817105,0.2796166560960801,12893.267058552998
1878,136.66345141179073,136.66345141179073,0.0009381009654704955,0.0,4.559396113520869,127,0.3850822231630198,0.29947593343724627,12893.342899504429
1879,136.8933189749388,136.8933189749388,0.0016805843768777622,0.0,4.559396113520869,127,0.38508572632987986,0.2991760348221745,12893.478944693044
1880,137.79186844354345,137.79186844354345,0.006542418119562329,0.0,4.559396113520869,127,0.385101889011584,0.3162120914015004,12893.965570509512
1881,136.77274422614562,136.77274422614562,-0.007423599769817493,0.0,4.559396113520869,127,0.38514675177062413,0.2882125465975118,12891.989137242384
1882,136.7391955126387,136.7391955126387,-0.0002453180925644401,0.0,4.559396113520869,127,0.385143490146479,0.30355483054042326,12891.89633484343
1883,136.67841344232048,136.67841344232048,-0.0004446097788055501,0.0,4.559396113520869,127,0.3851413198919235,0.30134255953129874,12891.807923120006
1884,136.9112161695671,136.9112161695671,0.0017018392383140683,0.0,4.559396113520869,127,0.3851431429705115,0.29953914669989257,12891.876875169814
1885,137.67119633233293,137.67119633233293,0.005535548300185557,0.0,4.559396113520869,127,0.3851490987797254,0.298666560238527,12892.101967850876
1886,138.50297314800187,138.50297314800187,0.006023585277502559,0.0,4.559396113520869,127,0.38515576490924036,0.31937327127905,12892.348325430534
1887,138.0162862275582,138.0162862275582,-0.0035200978339882875,0.0,4.559396113520869,127,0.3851518644731346,0.2964788081560551,12892.204177373613
1888,139.65474563226613,139.65474563226613,0.011801579807378204,0.0,4.559396113520869,127,0.3851650633671267,0.23399539962707236,12892.689460066886
1889,140.06468016829598,140.06468016829598,0.0029310429787703426,0.0,4.559396113520869,127,0.3851684064118931,0.2550318259327903,12892.8108754252
1890,139.94566383497582,139.94566383497582,-0.0008500853131766933,0.0,4.559396113520869,127,0.3851674260031172,0.2514494427390192,12892.775624892529
1891,139.46542339533565,139.46542339533565,-0.0034375222350668945,0.0,4.559396113520869,127,0.38516352878303156,0.2264403987593705,12892.633386169191
1892,139.906210478659,139.906210478659,0.003155563383263832,0.0,4.559396113520869,127,0.3851671025870931,0.15275481001328142,12892.76393950627
1893,141.25496470541498,141.25496470541498,0.009594244809038912,0.0,4.559396113520869,127,0.3851787789965975,0.1349521758272598,12893.163416650374
1894,143.0216400951143,143.0216400951143,0.012429430381460386,0.0,4.559396113520869,127,0.3851945583326098,0.19332858030210984,12893.686674650411
1895,142.74215607145774,142.74215607145774,-0.0019560498321872745,0.0,4.559396113520869,127,0.38519206216286356,0.16452066214426678,12893.603896426344
1896,141.76011918648447,141.76011918648447,-0.006903570696190216,0.0,4.559396113520869,127,0.38518329099316245,0.17319987283275246,12893.313034472083
1897,142.09024814373365,142.09024814373365,0.0023260784138134506,0.0,4.559396113520869,127,0.3851862396201587,0.1623740464077305,12893.41081282963
1898,142.76990977476467,142.76990977476467,0.004771905806107056,0.0,4.559396113520869,127,0.38519231004234583,0.15657785610849326,12893.612116582333
1899,143.5551558588489,143.5551558588489,0.0054850108986824716,0.0,4.559396113520869,127,0.38519936171826047,0.1638616266218846,12893.844692582368
1900,143.47711936609525,143.47711936609525,-0.0005437471769694937,0.0,4.559396113520869,127,0.3851986575971121,0.15828887055658616,12893.821579553587
1901,141.48527664784953,141.48527664784953,-0.01397991584964661,0.0,4.559396113520869,127,0.3851808361361322,0.15501590108381505,12893.231630973778
1902,140.92884447293534,140.92884447293534,-0.0039405458390282975,0.0,4.559396113520869,127,0.3851758931581388,0.2063812297611151,12893.066825606193
1903,140.95825840385172,140.95825840385172,0.0002086929889516041,0.0,4.559396113520869,127,0.38517615318482956,0.2169482405409907,12893.075537492232
1904,141.09192249477798,141.09192249477798,0.0009478036887380944,0.0,4.559396113520869,127,0.38517733480523647,0.20533662325600713,12893.115126431607
1905,140.26045898718598,140.26045898718598,-0.00591049504352164,0.0,4.559396113520869,127,0.38517006524758673,0.17350304815354375,12892.86886164826
1906,140.22096132591037,140.22096132591037,-0.0002816419104881807,0.0,4.559396113520869,127,0.38516973058474896,0.16559039931522193,12892.857163139659
1907,140.60172054853763,140.60172054853763,0.0027117428935110846,0.0,4.559396113520869,127,0.3851691455922459,0.1524446513350056,12892.571686644253
1908,139.23406553596695,139.23406553596695,-0.009774774850725837,0.0,4.559396113520869,127,0.3850762455114411,0.11274020613191045,12877.490839881662
1909,140.3360389691055,140.3360389691055,0.007883383255010243,0.0,4.559396113520869,127,0.38508363965080034,0.1014205768604653,12877.804090574744
1910,139.80189999518615,139.80189999518615,-0.0038134043763136116,0.0,4.559396113520869,127,0.38507751352868536,0.05725368462027722,12877.581893982204
1911,138.73428671392452,138.73428671392452,-0.007665923212234873,0.0,4.559396113520869,127,0.38506961254642513,0.09230746469955033,12877.27226550072
1912,139.29852483634633,139.29852483634633,0.004058793592534958,0.0,4.559396113520869,127,0.3850736581957537,0.08477220579915712,12877.435905459222
1913,137.70006828497247,137.70006828497247,-0.011541389266121286,0.0,4.559396113520869,127,0.38506807966665346,0.03093535123662994,12876.972322171709
1914,138.08144906546846,138.08144906546846,0.0027658200395929166,0.0,4.559396113520869,127,0.3850652256612717,0.014400820247986746,12877.082929967626
1915,137.30295130699247,137.30295130699247,-0.005653913811082466,0.0,4.559396113520869,127,0.38507336622485866,0.009566120941990277,12876.857150574446
1916,138.89343808593168,138.89343808593168,0.011517198782753865,0.0,4.559396113520869,127,0.38507070819240496,-0.010701536476623873,12877.318422473949
1917,139.64917469015109,139.64917469015109,0.005426375886332953,0.0,4.559396113520869,127,0.38507632714103396,0.02520093314774132,12877.537600692573
1918,138.801554373106,138.801554373106,-0.006088135865259663,0.0,4.559396113520869,127,0.3850700702150031,0.006823363829249339,12877.291774421723
1919,138.81808563776505,138.81808563776505,0.00011909290479543819,0.0,4.559396113520869,127,0.38507018391795544,0.010141351418605117,12877.296568807915
1920,138.74205346077932,138.74205346077932,-0.0005478609366203879,0.0,4.559396113520869,127,0.3850696651854908,-5.419376857596009e-05,12877.274518007389
1921,138.37859069910667,138.37859069910667,-0.0026231388945113445,0.0,4.559396113520869,127,0.3850672017997319,0.003543612852843816,12877.169106783169
1922,136.85560317713464,136.85560317713464,-0.011066961156361296,0.0,4.559396113520869,127,0.38507932159075314,0.022350229944665914,12876.7274109725
1923,137.07979438178296,137.07979438178296,0.0016368184374861735,0.0,4.559396113520869,127,0.3850763370083321,0.01837031475974227,12876.792430753983
1924,137.3011921256931,137.3011921256931,0.0016137983522687032,0.0,4.559396113520869,127,0.3850733896438974,0.02116677866790387,12876.856640377875
1925,138.29534472515243,138.29534472515243,0.007214582033348354,0.0,4.559396113520869,127,0.3850666392607551,0.020094079243341806,12877.144963842125
1926,138.49715890009753,138.49715890009753,0.0014582346563881059,0.0,4.559396113520869,127,0.3850680054056568,-0.0013857797232412683,12877.203493852594
1927,138.5629245853715,138.5629245853715,0.0004747395271220543,0.0,4.559396113520869,127,0.3850684511362532,-0.01869026512772924,12877.222567172143
1928,140.06289453229422,140.06289453229422,0.010767016800063908,0.0,4.559396113520869,127,0.3850795409452347,-0.024157216431863898,12877.657587441268
1929,141.9162538923589,141.9162538923589,0.013145553914748588,0.0,4.559396113520869,127,0.3850940892173584,0.042834782934228974,12878.195097468888
1930,141.40516713407095,141.40516713407095,-0.0036078268336552227,0.0,4.559396113520869,127,0.3850899820445513,0.015255867348768585,12878.046872433051
1931,141.3702925639644,141.3702925639644,-0.00024665910062077607,0.0,4.559396113520869,127,0.3850897080136265,0.011905230335879698,12878.036758133827
1932,142.35361042891395,142.35361042891395,0.006931540075650523,0.0,4.559396113520869,127,0.38509768326787625,0.0029497934620260143,12878.321939315705
1933,142.87272188868258,142.87272188868258,0.0036400007581275256,0.0,4.559396113520869,127,0.3851001013557809,0.009367505924734933,12878.40633979029
1934,142.58784077440308,142.58784077440308,-0.001995940918753401,0.0,4.559396113520869,127,0.3850961361125441,0.003312244154275767,12878.259144712903
1935,142.26732309071312,142.26732309071312,-0.002250391494445006,0.0,4.559396113520869,127,0.3850916490930424,0.01951636084561986,12878.10025006923
1936,141.18901155093613,141.18901155093613,-0.007608344634893741,0.0,4.559396113520869,127,0.3850833658094775,0.031999193464970314,12877.790978362462
1937,140.9041803257136,140.9041803257136,-0.0020194129473559835,0.0,4.559396113520869,127,0.38508121590025096,0.041585662664733986,12877.709285608636
1938,141.4506615050509,141.4506615050509,0.003870887130222508,0.0,4.559396113520869,127,0.3850853757668087,0.037332070526065,12877.866022470682
1939,140.6249344032944,140.6249344032944,-0.005854667843392305,0.0,4.559396113520869,127,0.38507917023042654,0.023875184529801773,12877.62919478159
1940,139.94125696565644,139.94125696565644,-0.004873565040081228,0.0,4.559396113520869,127,0.38507451119863817,0.060669650615206044,12877.433108511324
1941,140.69129078883577,140.69129078883577,0.005345321596083151,0.0,4.559396113520869,127,0.38507965633922264,0.047190979444241846,12877.648226528774
1942,140.77232059534867,140.77232059534867,0.0005757746683699407,0.0,4.559396113520869,127,0.3850802499395533,0.04712623797017484,12877.671466775804
1943,140.80927915227997,140.80927915227997,0.0002625069051149913,0.0,4.559396113520869,127,0.3850805206862686,0.04765176051212845,12877.682066899757
1944,140.41520589082413,140.41520589082413,-0.002802554829652574,0.0,4.559396113520869,127,0.38507769899985433,0.04483163846048033,12877.569042318579
1945,140.03899178702085,140.03899178702085,-0.002682893196688933,0.0,4.559396113520869,127,0.38507516624794025,0.03597980156007248,12877.461139941852
1946,140.704584832991,140.704584832991,0.004741652870866576,0.0,4.559396113520869,127,0.38507975372759445,0.0401411563413713,12877.652039408053
1947,139.94766243312623,139.94766243312623,-0.005394036516709823,0.0,4.559396113520869,127,0.385074554130169,0.04807123055981846,12877.434945670424
1948,139.56422387357608,139.56422387357608,-0.002743631443691899,0.0,4.559396113520869,127,0.38507208387548875,0.042329611249357225,12877.32497123968
1949,140.1606898879503,140.1606898879503,0.00426466781500804,0.0,4.559396113520869,127,0.3850759819026409,0.03770536890195553,12877.496044306683
1950,140.34027186262,140.34027186262,0.001280437671832856,0.0,4.559396113520869,127,0.38507718600385,0.03878770335339783,12877.547550408362
1951,141.71077048638006,141.71077048638006,0.009718165892720345,0.0,4.559396113520869,127,0.38508737386338976,0.047897765330083976,12877.940624610817
1952,141.67757246816922,141.67757246816922,-0.00023429346469639167,0.0,4.559396113520869,127,0.385087118845239,0.0329655607995332,12877.931103051069
1953,141.21876870984863,141.21876870984863,-0.00324362032162717,0.0,4.559396113520869,127,0.3850835944008746,-0.022888061041242247,12877.79951304561
1954,141.30152241903994,141.30152241903994,0.0005858249064330413,0.0,4.559396113520869,127,0.3850842301046621,-0.014145655308999975,12877.823247727041
1955,141.2876808050693,141.2876808050693,-9.796279421714696e-05,0.0,4.559396113520869,127,0.38508412377525403,-0.020442529157950425,12877.81927779867
1956,141.80543027968633,141.80543027968633,0.0036578074959470164,0.0,4.559396113520869,127,0.38508810101211804,-0.012077212367203266,12877.967774089198
1957,142.26537384066495,142.26537384066495,0.003238234667044341,0.0,4.559396113520869,127,0.38509163411981523,-0.011589558181523232,12878.099691002702
1958,142.54191993750223,142.54191993750223,0.0019419880725708564,0.0,4.559396113520869,127,0.3850937584046187,-0.022623929648605753,12878.179007489834
1959,141.4573118337169,141.4573118337169,-0.007638143033908534,0.0,4.559396113520869,127,0.38508366387055093,-0.0293832986501861,12877.80282364872
1960,141.46666465946237,141.46666465946237,6.611546935558188e-05,0.0,4.559396113520869,127,0.38508189737925086,-0.03286169521648769,12877.739818920434
1961,142.30815515665876,142.30815515665876,0.005930709174554759,0.0,4.559396113520869,127,0.38508658223581665,-0.06775626752992747,12877.915449226655
1962,141.87934187233495,141.87934187233495,-0.0030178217849073058,0.0,4.559396113520869,127,0.38508282232681496,-0.07837093721061542,12877.779255758342
1963,142.01108069896276,142.01108069896276,0.0009280963752905658,0.0,4.559396113520869,127,0.38508487796998,-0.07986891083310957,12877.855121921872
1964,142.96043519249423,142.96043519249423,0.006662827354082208,0.0,4.559396113520869,127,0.38509990178134107,-0.07245641214628247,12878.401839128157
1965,142.5651371231374,142.5651371231374,-0.002768917114570216,0.0,4.559396113520869,127,0.38509362752951165,-0.08676608203950277,12878.174193651572
1966,142.72794073289938,142.72794073289938,0.0011413079395937336,0.0,4.559396113520869,127,0.38509621160857854,-0.08746741457752573,12878.267949498633
1967,143.77068873638726,143.77068873638726,0.007279285138936419,0.0,4.559396113520869,127,0.3851130992277972,-0.06864656139017607,12878.868450448712
1968,143.51852903397034,143.51852903397034,-0.0017554419140963712,0.0,4.559396113520869,127,0.3851089168082667,-0.03619360049698509,12878.72323593824
1969,144.6865545037146,144.6865545037146,0.008105560459586575,0.0,4.559396113520869,127,0.38512846105085236,-0.02736176645287976,12879.395882063624
1970,145.4645342732329,145.4645342732329,0.005362596688430297,0.0,4.559396113520869,127,0.3851418581394086,-0.027540265928951167,12879.843907463026
1971,146.19615624750003,146.19615624750003,0.0050169497132037935,0.0,4.559396113520869,127,0.3851545800562086,0.0008517576059037585,12880.265236191708
1972,145.57225927573222,145.57225927573222,-0.004276665255659354,0.0,4.559396113520869,127,0.38514373118351436,0.012695486129939612,12879.905944471135
1973,146.5357217576612,146.5357217576612,0.006596642599969339,0.0,4.559396113520869,127,0.385160513964246,0.008699362703818355,12880.460786229478
1974,146.6344387747574,146.6344387747574,0.0006734452145323451,0.0,4.559396113520869,127,0.3851622390105333,0.0151203649776859,12880.517635691052
1975,147.03290612480072,147.03290612480072,0.002713734444784644,0.0,4.559396113520869,127,0.3851692019371257,0.06295460131491916,12880.747106302817
1976,146.45049321684638,146.45049321684638,-0.003968971831527251,0.0,4.559396113520869,127,0.38515902461224405,0.0262915459696655,12880.411704553404
1977,145.4457959313015,145.4457959313015,-0.006883960437453328,0.0,4.559396113520869,127,0.385141532328886,0.07452124333208353,12879.833116368633
1978,146.8370788353537,146.8370788353537,0.00952018426166334,0.0,4.559396113520869,127,0.38516578002893764,0.02318208052717401,12880.63433267681
1979,145.46830450895004,145.46830450895004,-0.009365440454749838,0.0,4.559396113520869,127,0.38514192369383377,-0.035623864116616916,12879.846078678047
1980,145.9578600610797,145.9578600610797,0.003359725873279658,0.0,4.559396113520869,127,0.3851504355820366,-0.055338645610775644,12880.12800544577
1981,144.83040400512772,144.83040400512772,-0.007754520006532817,0.0,4.559396113520869,127,0.385130923832506,-0.0911548234189929,12879.47872256006
1982,144.0872866025162,144.0872866025162,-0.00514415742260461,0.0,4.559396113520869,127,0.3851183533791227,-0.058313492862898456,12879.050773808496
1983,144.6794471272006,144.6794471272006,0.004101312828422601,0.0,4.559396113520869,127,0.3851283393678818,-0.07100754101001605,12879.391789045623
1984,145.66057093442413,145.66057093442413,0.006758472692349336,0.0,4.559396113520869,127,0.38514197425073815,-0.059996095242415934,12879.847753163689
1985,144.5705517335032,144.5705517335032,-0.0075114227305240686,0.0,4.559396113520869,127,0.38514090609359497,-0.0925874176343086,12879.81050382362
1986,144.28144468281508,144.28144468281508,-0.002001766654302678,0.0,4.559396113520869,127,0.3851305652574704,-0.07795550404511185,12879.453547037787
1987,142.62101815450077,142.62101815450077,-0.011574979528129989,0.0,4.559396113520869,127,0.3851293265862731,-0.052505007780252876,12878.976910856773
1988,142.74060782240213,142.74060782240213,0.0008381622756254458,0.0,4.559396113520869,127,0.38512881165073143,-0.14030975199946205,12879.045182385078
1989,142.86611648539957,142.86611648539957,0.0008788915693826298,0.0,4.559396113520869,127,0.3851282712347377,-0.12309554644666092,12879.116832958147
1990,143.5468942398812,143.5468942398812,0.004753827592014194,0.0,4.559396113520869,127,0.38513331824228536,-0.12143817922049238,12879.505476379856
1991,143.07336562070145,143.07336562070145,-0.0033042259485672283,0.0,4.559396113520869,127,0.3851273965919,-0.1291565862881928,12879.235147654183
1992,143.01715034503573,143.01715034503573,-0.000392989443913903,0.0,4.559396113520869,127,0.38512762610568835,-0.14869693258883618,12879.203055393615
1993,142.73223958760235,142.73223958760235,-0.0019941309544998743,0.0,4.559396113520869,127,0.38512884768294336,-0.14390750517131082,12879.04040511469
1994,141.29078461067084,141.29078461067084,-0.010150355641326445,0.0,4.559396113520869,127,0.38513546308990154,-0.12421668842736786,12878.217505143612
1995,141.7905793024042,141.7905793024042,0.003531106422131653,0.0,4.559396113520869,127,0.3851330643634413,-0.1581136416194573,12878.50282868403
1996,142.34574962793332,142.34574962793332,0.00390777929810923,0.0,4.559396113520869,127,0.3851305183052077,-0.1643511446340923,12878.819765149014
1997,142.25522084730326,142.25522084730326,-0.0006361804285640088,0.0,4.559396113520869,127,0.3851309245049057,-0.16134163701778653,12878.768083943458
1998,142.95685021669422,142.95685021669422,0.004920063741596529,0.0,4.559396113520869,127,0.38512788055660935,-0.14810204008100422,12879.168631166243
1999,143.60243907472758,143.60243907472758,0.004505803681133191,0.0,4.559396113520869,127,0.3851341645168879,-0.15802477835099257,12879.53718589817
