step,price,fundamental,log_return,volume,strategy_entropy,n_families,wealth_gini,acf1,mean_fitness
0,100.69230156905762,100.69230156905762,0.0,0.0,6.214608098422218,500,0.0,0.0,20000.0
1,100.93294651806212,100.93294651806212,0.0023870528671805107,0.0,6.214608098422218,500,0.0,0.0,20000.0
2,100.73790965277223,100.73790965277223,-0.0019342103246705268,0.0,6.214608098422218,500,0.0,0.0,20000.0
3,101.01188215956947,101.01188215956947,0.0027159648864910897,0.0,6.214608098422218,500,2.97000891002673e-06,0.0,19999.94
4,100.41092196358677,100.41092196358677,-0.005967169226963619,0.0,6.214608098422218,500,7.872596932664039e-05,0.0,19998.40766663783
5,100.62040785964045,100.62040785964045,0.00208411268097852,0.0,6.214608098422218,500,8.687466875349653e-05,0.0,19998.619972364442
6,101.60571808707145,101.60571808707145,0.009744715425382421,0.0,6.214608098422218,500,3.0574348275564315e-05,0.0,20000.615460968413
7,102.06632708947838,102.06632708947838,0.0045230535910757794,0.0,6.214608098422218,500,8.298890659650231e-05,0.0,20001.677960497167
8,102.42552625510274,102.42552625510274,0.003513093839002189,0.0,6.214608098422218,500,0.00012524543758866315,0.0,20002.542811422278
9,103.1490446399498,103.1490446399498,0.007039016246871238,0.0,6.214608098422218,500,0.00019129580549518394,0.0,20003.883575516244
10,103.45778319644837,103.45778319644837,0.002988660050961061,0.0,6.214608098422218,500,0.00022771137038966833,0.0,20004.629527412028
11,103.57504180836116,103.57504180836116,0.0011327539432285122,0.0,6.214608098422218,500,0.0002332382951685843,0.0,20004.739060946922
12,103.90623124329329,103.90623124329329,0.0031924781581378053,0.0,6.214608098422218,500,0.0002805188185232041,0.0,20005.70489191749
13,103.46667092035835,103.46667092035835,-0.004239329021874064,0.0,6.214608098422218,500,0.00023448097242973566,0.0,20004.77016751561
14,103.07717060583383,103.07717060583383,-0.003771603872246607,0.0,6.214608098422218,500,0.00013768595269162315,0.0,20002.783388284384
15,103.06372031283802,103.06372031283802,-0.00013049611801870323,0.0,6.214608098422218,500,0.00013376440848851244,0.0,20002.632389987004
16,103.3211402182342,103.3211402182342,0.002494563198328994,0.0,6.214608098422218,500,0.00016355168186060325,0.0,20003.311475106773
17,104.08163422677276,104.08163422677276,0.0073335317610363215,0.0,6.214608098422218,500,0.00023372746781729926,0.0,20004.729834941405
18,103.85591905293187,103.85591905293187,-0.0021709908473404606,0.0,6.214608098422218,500,0.00021768521520940624,0.0,20003.66177465608
19,102.90653275688413,102.90653275688413,-0.00918341758814073,0.0,6.214608098422218,500,0.00018527338375705596,0.0,20000.210335086118
20,103.41199024830085,103.41199024830085,0.004899787913393144,0.0,6.214608098422218,500,0.0002613860210404865,0.0,19999.767322009164
21,104.00707429019097,104.00707429019097,0.005738003649370888,0.0,6.214608098422218,500,0.00111077445606466,0.0,20023.871006962203
22,103.74840461984029,103.74840461984029,-0.0024901370146348284,0.0,6.214608098422218,500,0.0020107477173104864,0.0,19988.642799181314
23,104.33203724547207,104.33203724547207,0.005609697393110357,0.0,6.214608098422218,500,0.0020901538756918905,0.0,19986.233742315395
24,104.7233470818656,104.7233470818656,0.0037436040660308407,0.0,6.214608098422218,500,0.0015653394463821153,0.0,20007.420330110308
25,104.47418156085217,104.47418156085217,-0.0023821088179479216,0.0,6.214608098422218,500,0.0016328839729608572,0.0,20004.725165871456
26,104.59867053318987,104.59867053318987,0.001190867066699352,0.0,6.214608098422218,500,0.0016482908492225004,0.0,20003.96905023512
27,104.50173839356461,104.50173839356461,-0.0009271349306889217,0.0,6.214608098422218,500,0.001711767443371908,0.0,20001.700637518377
28,103.89222945888375,103.89222945888375,-0.00584959995691429,0.0,6.214608098422218,500,0.003182320987118313,0.0,19955.857660426118
29,104.85674265400067,104.85674265400067,0.009240956245997524,0.0,6.214608098422218,500,0.00318291681484406,0.0,19959.287387097913
30,104.65278713403389,104.65278713403389,-0.0019469814533171481,0.0,6.214608098422218,500,0.0034635160718190904,0.0,19950.94813482314
31,104.53604882804727,104.53604882804727,-0.0011161046675175858,0.0,6.214608098422218,500,0.0037206202756949157,0.0,19940.611223089494
32,104.04711102149807,104.04711102149807,-0.004688189616427933,0.0,6.214608098422218,500,0.0029407524103808513,0.0,19903.304286200542
33,102.73571238138383,102.73571238138383,-0.012683995705058546,0.0,6.214608098422218,500,0.0055357040624333135,0.0,19809.83774187248
34,102.47935922450574,102.47935922450574,-0.002498386577720627,0.0,6.214608098422218,500,0.006078603130649491,0.0,19785.758125611315
35,103.35032510157251,103.35032510157251,0.00846302687906172,0.0,6.214608098422218,500,0.006638509926901583,0.0,19813.884569324397
36,102.9789027411029,102.9789027411029,-0.003600292266435586,0.0,6.214608098422218,500,0.0063370351871817245,0.0,19794.81775264792
37,103.1980045535968,103.1980045535968,0.0021253776462802623,0.0,6.214608098422218,500,0.006323835752605207,0.0,19800.392721695876
38,102.39049276306746,102.39049276306746,-0.007855652955106856,0.0,6.214608098422218,500,0.008063683052805427,0.0,19743.339307804985
39,103.02563303566313,103.02563303566313,0.006183957507478924,0.0,6.214608098422218,500,0.007538213234073197,0.0,19772.42794511477
40,103.26124524920456,103.26124524920456,0.0022843170438611024,0.0,6.214608098422218,500,0.0077138024506601365,0.0,19779.180733447476
41,102.90712942804898,102.90712942804898,-0.003435213280835408,0.0,6.214608098422218,500,0.007980727089693197,0.0,19753.422071819758
42,102.81683509775903,102.81683509775903,-0.0008778202996061906,0.0,6.214608098422218,500,0.007983361305398432,0.0,19746.640842039546
43,103.37446132731681,103.37446132731681,0.005408837314626809,0.0,6.214608098422218,500,0.0073781576343646205,0.0,19766.10583902284
44,103.0766399034578,103.0766399034578,-0.002885154195595236,0.0,6.214608098422218,500,0.007367601645488372,0.0,19746.12091946257
45,103.08194642235092,103.08194642235092,5.147996975404392e-05,0.0,6.214608098422218,500,0.00752876406793092,0.0,19741.3856124088
46,104.14221641281898,104.14221641281898,0.010233162275645512,0.0,6.214608098422218,500,0.007686864194038772,0.0,19786.18896263174
47,102.91181963561213,102.91181963561213,-0.011884929012811088,0.0,6.214608098422218,500,0.008049317549426335,0.0,19758.570099921613
48,102.91819314690468,102.91819314690468,6.192985375088822e-05,0.0,6.214608098422218,500,0.008090992043506912,0.0,19753.948875869068
49,103.05677144266495,103.05677144266495,0.001345584080526603,0.0,6.214608098422218,500,0.008139944954946582,0.0,19752.04245301563
50,102.97469350306245,102.97469350306245,-0.0007967515443928485,0.0,6.214608098422218,500,0.008485739889792303,0.0,19735.807777502592
51,102.6965784699914,102.6965784699914,-0.0027044632915132144,0.0,6.214608098422218,500,0.008551493554071036,0.0,19732.248094053037
52,104.21518547371842,104.21518547371842,0.014679052008609448,0.0,6.214608098422218,500,0.006721009175341445,0.0,19826.88340258071
53,104.26822144515997,104.26822144515997,0.000508778836353582,0.0,6.214608098422218,500,0.006762518023264604,0.0,19826.053062564166
54,104.31082981673356,104.31082981673356,0.0004085585000842412,0.0,6.214608098422218,500,0.006868638266209307,0.0,19824.831605384126
55,104.08544593804116,104.08544593804116,-0.002163032575813336,0.0,6.214608098422218,500,0.006929413693175207,0.0,19813.434833436026
56,104.34340874988978,104.34340874988978,0.002475309322691484,0.0,6.214608098422218,500,0.0069892313785280165,0.0,19824.225627767864
57,103.42499551344741,103.42499551344741,-0.008840797729566615,0.0,6.214608098422218,500,0.008672715415461678,0.0,19755.256317027575
58,102.80274355355887,102.80274355355887,-0.006034628038574781,0.0,6.214608098422218,500,0.009760057543747511,0.0,19700.894816658307
59,103.33819174380997,103.33819174380997,0.005194983652273228,0.0,6.214608098422218,500,0.01022139069878552,0.0,19723.807902502067
60,102.88429223192308,102.88429223192308,-0.004402044201076249,0.0,6.214608098422218,500,0.010883528639236409,-0.12118421803239277,19688.908634920266
61,102.6436609193743,102.6436609193743,-0.002341593139121735,0.0,6.214608098422218,500,0.011148113932044172,-0.11097086135268297,19669.089066135988
62,102.52804688177955,102.52804688177955,-0.0011269979771657964,0.0,6.214608098422218,500,0.011108524123383519,-0.10595373311328374,19651.468968803856
63,103.09907777059229,103.09907777059229,0.005554056719762346,0.0,6.214608098422218,500,0.010323240526602223,-0.10040673529321165,19689.337753780663
64,102.85526347587565,102.85526347587565,-0.0023676549582657878,0.0,6.214608098422218,500,0.010708917555374958,-0.10425768565869514,19665.404877634515
65,103.05277791422016,103.05277791422016,0.0019184729026708574,0.0,6.214608098422218,500,0.010807021567467035,-0.11579730372922169,19670.04352018059
66,101.89321451250233,101.89321451250233,-0.011315915587942647,0.0,6.214608098422218,500,0.012754605704276082,-0.14747976861847498,19587.749568838866
67,102.16215670940679,102.16215670940679,0.0026359742556109475,0.0,6.214608098422218,500,0.012522680900358588,-0.17421931202082552,19595.146419547124
68,101.58975696642497,101.58975696642497,-0.00561860979349274,0.0,6.214608098422218,500,0.012355541213716426,-0.19543212107333874,19546.1145905743
69,100.8482497058574,100.8482497058574,-0.007325803973122559,0.0,6.214608098422218,500,0.013762118074199315,-0.18765594638542457,19494.32005925072
70,100.47323259352372,100.47323259352372,-0.0037255591585518616,0.0,6.214608098422218,500,0.014742941037508816,-0.1778195954760529,19457.81819331552
71,100.30446311086416,100.30446311086416,-0.0016811580770143483,0.0,6.214608098422218,500,0.014710668049583599,-0.17927719949273488,19436.955624210826
72,101.2621458827504,101.2621458827504,0.009502466534214642,0.0,6.214608098422218,500,0.013624204337555484,-0.1697496844645658,19503.33137673321
73,101.431868845788,101.431868845788,0.0016746720709138578,0.0,6.214608098422218,500,0.01369590530646927,-0.16670287311040657,19508.49090262008
74,101.10933265396599,101.10933265396599,-0.003184897315437544,0.0,6.214608098422218,500,0.013452198627678937,-0.1697776348022552,19485.80153027984
75,101.60014605496828,101.60014605496828,0.004842539808863064,0.0,6.214608098422218,500,0.013709769962311873,-0.17544971003525883,19500.839175642443
76,101.51737413784026,101.51737413784026,-0.0008150150871397736,0.0,6.214608098422218,500,0.013670919400146352,-0.18909689392556878,19490.93444974892
77,101.88330354226318,101.88330354226318,0.0035981177977091063,0.0,6.214608098422218,500,0.013625674134548417,-0.18704177619757187,19512.105505034706
78,101.57615737482914,101.57615737482914,-0.00301923930569055,0.0,6.214608098422218,500,0.013397141488664083,-0.2011026713009575,19494.44909611484
79,102.46691033613428,102.46691033613428,0.008731084372874648,0.0,6.214608098422218,500,0.014191126827140866,-0.18953037301124098,19528.416527152534
80,101.35578309362673,101.35578309362673,-0.010902988581962883,0.0,6.214608098422218,500,0.014806804043891309,-0.2471414152500623,19460.712141278287
81,101.24741094441964,101.24741094441964,-0.001069797147644403,0.0,6.214608098422218,500,0.015099563461371599,-0.2411643874266269,19445.25663121679
82,100.58150440031562,100.58150440031562,-0.006598746857334797,0.0,6.214608098422218,500,0.014808682527211825,-0.22863157645883697,19431.437489327745
83,100.74299625873743,100.74299625873743,0.0016042944850719145,0.0,6.214608098422218,500,0.014845012386670787,-0.2538143638274874,19434.351279475308
84,100.3741772044937,100.3741772044937,-0.003667707350308356,0.0,6.214608098422218,500,0.014671290464372317,-0.2548109787931074,19411.93457200472
85,100.17637811167786,100.17637811167786,-0.00197256154828734,0.0,6.214608098422218,500,0.014615645026246401,-0.25126582930318525,19404.49464084567
86,100.49105312626952,100.49105312626952,0.003136286447547945,0.0,6.214608098422218,500,0.014755042599910333,-0.25212589549985087,19417.134958092378
87,101.29580233629893,101.29580233629893,0.007976272535236303,0.0,6.214608098422218,500,0.014283938004435816,-0.22692036974694385,19458.86696146623
88,101.94739291147243,101.94739291147243,0.006411952014316739,0.0,6.214608098422218,500,0.014666028440324205,-0.16817778127321822,19493.098944939775
89,101.45447107526726,101.45447107526726,-0.004846787453106327,0.0,6.214608098422218,500,0.014363424086644412,-0.183622311265953,19459.366475045932
90,101.59205238746098,101.59205238746098,0.0013551705382880256,0.0,6.214608098422218,500,0.014390620662061928,-0.18826995321302184,19457.577713252573
91,101.30106577273604,101.30106577273604,-0.002868375397579914,0.0,6.214608098422218,500,0.014815828431380556,-0.19136146123218337,19424.4150835832
92,100.66307708928498,100.66307708928498,-0.006317862136702965,0.0,6.214608098422218,500,0.014846491860041737,-0.20883773738060488,19420.275956763773
93,100.37858671626033,100.37858671626033,-0.0028301652257834427,0.0,6.214608098422218,500,0.015361053811045052,-0.2329733869378038,19390.271332520104
94,101.15856206886924,101.15856206886924,0.007740302484996577,0.0,6.214608098422218,500,0.015474884021012684,-0.22539803990623838,19395.575895496357
95,101.75876160668072,101.75876160668072,0.005915722495341764,0.0,6.214608098422218,500,0.014925473861686703,-0.1867557368783539,19429.120146855814
96,101.88654735503627,101.88654735503627,0.0012549836358006499,0.0,6.214608098422218,500,0.014979861864115845,-0.17808255620238164,19429.68734214242
97,101.02855696652962,101.02855696652962,-0.0084566942878198,0.0,6.214608098422218,500,0.01575521811822549,-0.16852319964488954,19398.530450327562
98,100.97177170679382,100.97177170679382,-0.0005622293944231195,0.0,6.214608098422218,500,0.015857644854408246,-0.1456461202653287,19385.920941279877
99,100.59416837191448,100.59416837191448,-0.003746702210281685,0.0,6.214608098422218,500,0.01656086148786626,-0.15753638982793425,19357.163152028796
100,100.1560174400355,100.1560174400355,-0.004365142934583443,0.0,6.214608098422218,500,0.017390707109947917,-0.1447069102452465,19316.57810559637
101,100.321475130799,100.321475130799,0.0016506364500964489,0.0,6.214608098422218,500,0.017493411958238954,-0.1505572683261349,19319.179800043123
102,100.99070484506856,100.99070484506856,0.00664870033830037,0.0,6.214608098422218,500,0.016900162298034756,-0.13658106489340932,19365.25811286556
103,101.38267835601347,101.38267835601347,0.003873770304282912,0.0,6.214608098422218,500,0.016991307148802547,-0.11344519172159534,19378.244112606248
104,101.04185849100358,101.04185849100358,-0.003367380183963168,0.0,6.214608098422218,500,0.01714184893802168,-0.11982650009071782,19344.485452332094
105,101.41386239818992,101.41386239818992,0.003674920364937216,0.0,6.214608098422218,500,0.01672459202915903,-0.1273584832892127,19369.07294459291
106,100.68508903094971,100.68508903094971,-0.007212076272091261,0.0,6.214608098422218,500,0.01728399888201416,-0.07802691768974879,19308.228366139985
107,99.93863381119768,99.93863381119768,-0.007441379849800978,0.0,6.214608098422218,500,0.01718506806189061,-0.0506371527142357,19279.281145658315
108,99.1026003930784,99.1026003930784,-0.008400654649259457,0.0,6.214608098422218,500,0.018192661575966308,-0.017816977218090876,19223.22716111743
109,99.29735501258399,99.29735501258399,0.0019632532846286218,0.0,6.214608098422218,500,0.018177134546837927,-0.029223055825139108,19230.109233143143
110,99.71480111956339,99.71480111956339,0.004195188146622805,0.0,6.214608098422218,500,0.01784371744064136,-0.022078825602372426,19249.09889323202
111,100.1313176939622,100.1313176939622,0.004168378950425064,0.0,6.214608098422218,500,0.017811447901859012,0.010162733331012542,19271.60842813139
112,99.63836879272063,99.63836879272063,-0.004935182213413011,0.0,6.214608098422218,500,0.01862820189431389,-0.014205276438787792,19230.17941731871
113,98.5751340928591,98.5751340928591,-0.010728279175731551,0.0,6.214608098422218,500,0.019069058561208233,0.010723421781706023,19168.93574370691
114,98.0750645424486,98.0750645424486,-0.005085889887646125,0.0,6.214608098422218,500,0.02003376877533124,0.03597373095939988,19131.09385793396
115,97.52826467395467,97.52826467395467,-0.005590920103700639,0.0,6.214608098422218,500,0.020989967576875358,0.048815499856071795,19086.315695423553
116,97.54766637660788,97.54766637660788,0.00019891436747421123,0.0,6.214608098422218,500,0.021023341392003316,0.062257108983504984,19080.41777031568
117,97.50584674521839,97.50584674521839,-0.00042880162844493203,0.0,6.214608098422218,500,0.02116290381573928,0.040572382164593065,19068.90414255069
118,97.38723901137983,97.38723901137983,-0.0012171570686659646,0.0,6.214608098422218,500,0.021191853111001833,0.06083418751035683,19066.42618666608
119,97.58045284436756,97.58045284436756,0.001982009371909844,0.0,6.214608098422218,500,0.02097692209759702,0.07496461348883546,19075.45584059611
120,98.79691164803138,98.79691164803138,0.012389150515352986,0.0,6.214608098422218,500,0.02007103806641266,0.08709088750927449,19121.459962845416
121,98.68210908934647,98.68210908934647,-0.0011626811920477736,0.0,6.214608098422218,500,0.02032706514534768,0.08305893967389352,19101.35694960604
122,98.7421968632255,98.7421968632255,0.0006087171024307154,0.0,6.214608098422218,500,0.02039309036887375,0.08441802155107693,19097.961842527464
123,98.71823487942183,98.71823487942183,-0.0002427016259391192,0.0,6.214608098422218,500,0.020415386425777803,0.09277224908031034,19096.77374048633
124,98.419707510973,98.419707510973,-0.003028616338552435,0.0,6.214608098422218,500,0.020784460898277467,0.09454218268504035,19079.055307760522
125,98.68971032059734,98.68971032059734,0.0027396253458736274,0.0,6.214608098422218,500,0.020744107828234597,0.10609236580288624,19094.963799004854
126,98.512059275801,98.512059275801,-0.0018017190537120858,0.0,6.214608098422218,500,0.021002286464430933,0.1330971070176222,19073.400179920394
127,98.11465580803316,98.11465580803316,-0.004042217851359414,0.0,6.214608098422218,500,0.02134669363257759,0.1461005304365259,19052.623962573678
128,97.71665613805311,97.71665613805311,-0.004064725033025754,0.0,6.214608098422218,500,0.021909896365499417,0.13340663213199896,19016.15095722412
129,98.14901307346982,98.14901307346982,0.004414838388018143,0.0,6.214608098422218,500,0.022062934252660614,0.10947291111128249,19029.78327548339
130,98.38342125192116,98.38342125192116,0.0023854412673506484,0.0,6.214608098422218,500,0.022125140402400875,0.1157532259674747,19038.53927648279
131,98.13056717980852,98.13056717980852,-0.0025733965675585045,0.0,6.214608098422218,500,0.022135305687478308,0.11998719285414403,19025.3273836431
132,98.29861695884907,98.29861695884907,0.0017110473759502885,0.0,6.214608098422218,500,0.02214122970723468,0.10965098214524542,19027.238029397526
133,98.28754174245938,98.28754174245938,-0.00011267544444188926,0.0,6.214608098422218,500,0.022255403954479936,0.11463206693277393,19020.297757485907
134,98.36230789432992,98.36230789432992,0.0007603988064180775,0.0,6.214608098422218,500,0.02235581614868093,0.12548901360118692,19018.948472541062
135,98.04744245823665,98.04744245823665,-0.0032062125760811406,0.0,6.214608098422218,500,0.02219868394306448,0.1258917212998193,19012.377988056232
136,97.52896374173545,97.52896374173545,-0.005302070338598359,0.0,6.214608098422218,500,0.022052620835013484,0.1329668956367594,18993.291953528078
137,97.38794081537178,97.38794081537178,-0.0014470058540131463,0.0,6.214608098422218,500,0.02226392873300596,0.14412601709851436,18973.23037964931
138,96.91040981517273,96.91040981517273,-0.0049154504929542165,0.0,6.214608098422218,500,0.022693999247513953,0.1597558089395209,18927.88454708791
139,96.44264314004774,96.44264314004774,-0.00483848152946422,0.0,6.214608098422218,500,0.022498766969898866,0.2522034528447957,18914.885971711497
140,95.78358329509886,95.78358329509886,-0.006857154089910205,0.0,6.214608098422218,500,0.022462099973051257,0.2810109126647724,18887.628144410948
141,94.77322509150935,94.77322509150935,-0.010604372315562688,0.0,6.214608098422218,500,0.023445831121516676,0.30377050939208317,18799.10072324885
142,94.5016531876272,94.5016531876272,-0.002869605229274601,0.0,6.214608098422218,500,0.02376596610861386,0.33309009245465876,18770.366807910257
143,95.01600592135654,95.01600592135654,0.005428032395867164,0.0,6.214608098422218,500,0.023987915791079173,0.3212985051157713,18784.582423795982
144,95.39006856634717,95.39006856634717,0.003929109165507237,0.0,6.214608098422218,500,0.02407102907566943,0.3377393891426104,18792.946238586796
145,96.16959769464434,96.16959769464434,0.008138805485714115,0.0,6.214608098422218,500,0.023691391373898613,0.35227386141139466,18836.459917616547
146,95.66553247033394,95.66553247033394,-0.005255204132294595,0.0,6.214608098422218,500,0.02428897417196687,0.3006438640930584,18793.867928577223
147,95.95994939590437,95.95994939590437,0.003072839315194419,0.0,6.214608098422218,500,0.02441332125995536,0.25627557859165023,18802.12270209963
148,95.88699584132469,95.88699584132469,-0.0007605391684079273,0.0,6.214608098422218,500,0.02450443422528619,0.28751347024333235,18792.436178443106
149,95.52073504099562,95.52073504099562,-0.003827026689737213,0.0,6.214608098422218,500,0.025239907025944783,0.2950350573321867,18754.61912831585
150,95.96490683089547,95.96490683089547,0.004639226024417227,0.0,6.214608098422218,500,0.025233208453449677,0.2812486107131665,18778.271649331127
151,95.87212510145444,95.87212510145444,-0.0009672974580646383,0.0,6.214608098422218,500,0.025238404565496992,0.2743561176785526,18769.034036940542
152,95.04931288417362,95.04931288417362,-0.008619433418968824,0.0,6.214608098422218,500,0.025780038232919113,0.2617364880378745,18722.203417615106
153,95.20139424736387,95.20139424736387,0.0015987472307089452,0.0,6.214608098422218,500,0.02563910067854604,0.2592823974528577,18730.91857987117
154,95.22594720029149,95.22594720029149,0.00025787214038720124,0.0,6.214608098422218,500,0.025769984177166354,0.23069449058284,18723.900268858273
155,94.67055659762421,94.67055659762421,-0.0058494198171001755,0.0,6.214608098422218,500,0.02606527068455879,0.21749242788053622,18688.771166610288
156,94.75364750929575,94.75364750929575,0.0008772998930370794,0.0,6.214608098422218,500,0.026022922267081618,0.22398400894698,18693.073905063527
157,95.43432822806973,95.43432822806973,0.00715800904315073,0.0,6.214608098422218,500,0.02567064096461469,0.2370049933982984,18725.6625112481
158,95.58483594982867,95.58483594982867,0.0015758392991889513,0.0,6.214608098422218,500,0.025683294869856915,0.2519453297395402,18727.26792263803
159,94.84573853533114,94.84573853533114,-0.0077624207950406955,0.0,6.214608098422218,500,0.026503464365771383,0.22572002367905217,18667.39842720405
160,95.01874650283625,95.01874650283625,0.00182243683282069,0.0,6.214608098422218,500,0.026580517360547333,0.21899639459800158,18671.21556599908
161,95.16224994006245,95.16224994006245,0.0015091251717629485,0.0,6.214608098422218,500,0.0265996432073297,0.2099255066032794,18679.52890234248
162,95.46823603276412,95.46823603276412,0.0032102562601639593,0.0,6.214608098422218,500,0.02659001377600848,0.19619935424281157,18691.17214905953
163,95.60485673999013,95.60485673999013,0.0014300363125536808,0.0,6.214608098422218,500,0.0266152902013163,0.21510916324833254,18690.869563627348
164,95.1010563896579,95.1010563896579,-0.0052835437985586575,0.0,6.214608098422218,500,0.02725530509452985,0.21355058376586772,18646.007337933865
165,95.11275914751754,95.11275914751754,0.00012304845304071064,0.0,6.214608098422218,500,0.027295380486742224,0.2355503782769034,18645.10431602621
166,95.70623724458737,95.70623724458737,0.0062203451636923725,0.0,6.214608098422218,500,0.026721110129876234,0.20809845765069943,18670.391207361285
167,95.30829938193912,95.30829938193912,-0.00416657753249215,0.0,6.214608098422218,500,0.027055440177623607,0.1558168991277644,18648.185605871684
168,94.9992469885917,94.9992469885917,-0.003247928638935913,0.0,6.214608098422218,500,0.027329903390304996,0.18576940290070013,18620.290031586
169,95.12845483450091,95.12845483450091,0.001359169280028052,0.0,6.214608098422218,500,0.02736612824564501,0.17126470770836127,18623.291383930435
170,95.90513999760755,95.90513999760755,0.008131443512267498,0.0,6.214608098422218,500,0.02768306137282404,0.1602035784149765,18638.73253265692
171,96.13137478849684,96.13137478849684,0.002356165397017719,0.0,6.214608098422218,500,0.027694205029673707,0.19897955048403118,18643.00238273778
172,95.53910988398447,95.53910988398447,-0.006180052088421478,0.0,6.214608098422218,500,0.0283321936177632,0.15100438111972345,18592.144352338346
173,95.18810393029152,95.18810393029152,-0.0036807159602376058,0.0,6.214608098422218,500,0.028815806169532738,0.13808686508883616,18565.341814264648
174,95.07823367459085,95.07823367459085,-0.0011549102095093416,0.0,6.214608098422218,500,0.029106016305816686,0.12218615392133315,18547.439492428075
175,95.14622782252485,95.14622782252485,0.0007148833572151497,0.0,6.214608098422218,500,0.029182924218177805,0.12691554455492596,18543.545787035433
176,95.2045831734925,95.2045831734925,0.00061313479559604,0.0,6.214608098422218,500,0.029298951425044847,0.12786098807723476,18542.712009440267
177,95.41647868765686,95.41647868765686,0.0022232128955012777,0.0,6.214608098422218,500,0.029421430681821965,0.1293785386262486,18547.88766548467
178,96.20240936558194,96.20240936558194,0.008203106625593428,0.0,6.214608098422218,500,0.02949266831243041,0.14174521593910716,18599.96036769239
179,96.38582474630232,96.38582474630232,0.0019047418656639183,0.0,6.214608098422218,500,0.029522758582900814,0.1337625881788924,18603.33838725853
180,96.56698248776789,96.56698248776789,0.0018777419959970336,0.0,6.214608098422218,500,0.029530999420845062,0.16678157365297164,18604.768836863364
181,95.36273380130856,95.36273380130856,-0.012549015475426617,0.0,6.214608098422218,500,0.03108298085549473,0.12473847001095534,18513.25687200821
182,95.7236650922181,95.7236650922181,0.003777680904900679,0.0,6.214608098422218,500,0.0311876070314978,0.08041009073665634,18520.841255870786
183,96.09626249187144,96.09626249187144,0.0038848713265227366,0.0,6.214608098422218,500,0.03124756262659581,0.09474127146633275,18530.289637549573
184,96.72536393116823,96.72536393116823,0.0065252397582340315,0.0,6.214608098422218,500,0.031093748053662718,0.12162506697848795,18557.644536017768
185,96.93754184975788,96.93754184975788,0.0021912095414448295,0.0,6.214608098422218,500,0.030914529877991266,0.13859211120608123,18569.661362412142
186,97.67005223524491,97.67005223524491,0.0075281116172120875,0.0,6.214608098422218,500,0.030729589055928805,0.14234290939727282,18598.034217812063
187,97.45749025632412,97.45749025632412,-0.002178698714571584,0.0,6.214608098422218,500,0.030980473917645857,0.12017135325504735,18575.557736071798
188,98.21325894897882,98.21325894897882,0.0077249405348186065,0.0,6.214608098422218,500,0.030120347158841647,0.11766336745966782,18625.455972628493
189,98.07169185516007,98.07169185516007,-0.0014424653320124822,0.0,6.214608098422218,500,0.03042318357728832,0.10274670427694282,18606.34952782144
190,98.51238031209853,98.51238031209853,0.004483467966529511,0.0,6.214608098422218,500,0.030260398758613073,0.10145760743212782,18626.58674438958
191,98.65158542092294,98.65158542092294,0.0014120747818963234,0.0,6.214608098422218,500,0.030320779946864197,0.10951660893241481,18632.395100308422
192,99.58922773962486,99.58922773962486,0.009459700007195258,0.0,6.214608098422218,500,0.030938124179051524,0.11204749435912612,18666.762439650847
193,99.61049166225548,99.61049166225548,0.00021349350064585112,0.0,6.214608098422218,500,0.03095621806910177,0.11215526944262844,18667.75219291852
194,99.86244029402299,99.86244029402299,0.002526144908773515,0.0,6.214608098422218,500,0.031017482237443557,0.11296370483305315,18675.47673222272
195,99.96346847863688,99.96346847863688,0.0010111621044780767,0.0,6.214608098422218,500,0.03108296448260257,0.10134982106520361,18674.003027697338
196,100.57403973319478,100.57403973319478,0.0060893659912856545,0.0,6.214608098422218,500,0.030789909554424538,0.09625598738170198,18710.32983896545
197,100.35730337127768,100.35730337127768,-0.0021573184414778452,0.0,6.214608098422218,500,0.030701913603170556,0.07848954623211642,18706.07317161526
198,101.36114546963778,101.36114546963778,0.009952985371358407,0.0,6.214608098422218,500,0.03076387099371367,0.037856086811374805,18729.903494623537
199,101.03788139471521,101.03788139471521,-0.003194327115159507,0.0,6.214608098422218,500,0.03119493508657526,-0.014856916991307487,18699.34829442118
200,101.32943881258977,101.32943881258977,0.002881469392449727,0.0,6.075978662310219,450,0.06046631152963464,-0.08397064247972437,18255.580520744286
201,101.5900812297682,101.5900812297682,0.0025689254583671603,0.0,6.075978662310219,450,0.060530399965374966,-0.12654927477324734,18260.921468668806
202,101.64336506011139,101.64336506011139,0.0005243608523773823,0.0,6.075978662310219,450,0.06062413195542767,-0.11543188074776185,18257.784052885247
203,101.47723910562051,101.47723910562051,-0.001635737469512449,0.0,6.075978662310219,450,0.06099352186979481,-0.12446210357366717,18244.401867689314
204,101.50548131194908,101.50548131194908,0.00027827202682788056,0.0,6.075978662310219,450,0.06109979444699956,-0.1396609716095235,18239.530255713333
205,101.60030664367798,101.60030664367798,0.0009337531891451706,0.0,6.075978662310219,450,0.06111104272386871,-0.10883281022544061,18241.871886597397
206,100.98175919911851,100.98175919911851,-0.006106654744432887,0.0,6.075978662310219,450,0.062124760129052756,-0.09704733816048643,18200.982893448567
207,100.75784347393393,100.75784347393393,-0.0022198498873541423,0.0,6.075978662310219,450,0.0621542384474021,-0.07604191542865119,18193.206602742808
208,101.02437419602323,101.02437419602323,0.002641767745199972,0.0,6.075978662310219,450,0.06217052157453826,-0.08671468093691846,18197.511255198777
209,100.48108536515466,100.48108536515466,-0.005392311935234366,0.0,6.075978662310219,450,0.06254799092630997,-0.08021933232236975,18171.686393838834
210,100.5825110739168,100.5825110739168,0.0010088919044677776,0.0,6.075978662310219,450,0.06263535998429015,-0.07653527970145932,18172.434777799463
211,100.44440681138482,100.44440681138482,-0.0013739879784395493,0.0,6.075978662310219,450,0.06256681043369214,-0.09008179444173949,18169.24364487279
212,100.26652855879618,100.26652855879618,-0.001772482389467072,0.0,6.075978662310219,450,0.06253377501352202,-0.08594089811265977,18160.05227578244
213,101.08481616973468,101.08481616973468,0.008128002492476945,0.0,6.075978662310219,450,0.062067516986774963,-0.09791699682683773,18202.29282447368
214,101.66671281027865,101.66671281027865,0.0057400133173119375,0.0,6.075978662310219,450,0.06191534139261629,-0.07336663175800409,18239.784739939958
215,100.92803491911603,100.92803491911603,-0.0072922044898172484,0.0,6.075978662310219,450,0.061532086897805954,-0.1043344887111307,18200.6919353534
216,100.51540335513008,100.51540335513008,-0.004096754350839524,0.0,6.075978662310219,450,0.06181832857720839,-0.06781485214418417,18169.288651453524
217,100.46936533825874,100.46936533825874,-0.0004581244437160786,0.0,6.075978662310219,450,0.062078222632447146,-0.06758352438537403,18160.42354886217
218,101.08738251226163,101.08738251226163,0.006132457656800747,0.0,6.075978662310219,450,0.061959833039514654,-0.06720711694200576,18192.899968602404
219,100.84411110705676,100.84411110705676,-0.0024094460803101817,0.0,6.075978662310219,450,0.06204856655335954,-0.07946773089626502,18179.465696432013
220,100.88531337092766,100.88531337092766,0.0004084903781433596,0.0,6.075978662310219,450,0.06214252183303597,-0.07808288990073166,18176.77329487811
221,100.969509348347,100.969509348347,0.0008342231428306467,0.0,6.075978662310219,450,0.06217929142044865,-0.0789851294215823,18179.685423255298
222,101.60014717071385,101.60014717071385,0.006226400050096517,0.0,6.075978662310219,450,0.06225904010812258,-0.07889413871773662,18201.447138138632
223,101.12650010995088,101.12650010995088,-0.004672774190756037,0.0,6.075978662310219,450,0.0627986678884283,-0.09807679876589488,18165.441091408204
224,101.06506092759773,101.06506092759773,-0.0006077324288794503,0.0,6.075978662310219,450,0.06297110742518888,-0.09852680050748282,18158.429445174457
225,101.3226197085312,101.3226197085312,0.0025452035337729523,0.0,6.075978662310219,450,0.06308088530292673,-0.09649920504829738,18164.411295682094
226,100.7813394287119,100.7813394287119,-0.0053564668037045324,0.0,6.075978662310219,450,0.06366348875891656,-0.08141476637049909,18125.73377450166
227,100.83382780096167,100.83382780096167,0.0005206788175396095,0.0,6.075978662310219,450,0.0637149775329371,-0.09912632172977724,18126.175947644373
228,100.78594115735812,100.78594115735812,-0.00047501933715522754,0.0,6.075978662310219,450,0.06387176395069079,-0.09860366999695867,18116.744117581282
229,101.2848974687541,101.2848974687541,0.004938439696111446,0.0,6.075978662310219,450,0.06382897898094413,-0.10399390321413024,18128.565555528618
230,101.6721980488265,101.6721980488265,0.00381658053602129,0.0,6.075978662310219,450,0.06371340742603125,-0.1070627005896283,18146.19534215119
231,101.0078010401571,101.0078010401571,-0.006556141617015902,0.0,6.075978662310219,450,0.06346165526054191,-0.11114294051663337,18135.22719142241
232,101.57265837520842,101.57265837520842,0.0055766365675119335,0.0,6.075978662310219,450,0.06348948240447297,-0.17194029169891537,18144.839594537854
233,101.75477416490727,101.75477416490727,0.0017913553141731171,0.0,6.075978662310219,450,0.06346469835410423,-0.18150482643487137,18146.024623077214
234,102.2480644255999,102.2480644255999,0.004836121159156473,0.0,6.075978662310219,450,0.06335563712880103,-0.17909003875684107,18174.58791772895
235,101.7842951825979,101.7842951825979,-0.004546043996160004,0.0,6.075978662310219,450,0.06331372540813755,-0.19176091677364476,18168.574069273247
236,102.02752321001603,102.02752321001603,0.0023867913529673234,0.0,6.075978662310219,450,0.06325854992233179,-0.1970140529495606,18176.768380034147
237,101.68389935429428,101.68389935429428,-0.003373636856558494,0.0,6.075978662310219,450,0.0631645681799547,-0.20532404127271658,18171.276929678683
238,100.82983296778112,100.82983296778112,-0.008434701589888849,0.0,6.075978662310219,450,0.06313734716600485,-0.17287975028363375,18149.57230033199
239,100.36626365402759,100.36626365402759,-0.004608142422844723,0.0,6.075978662310219,450,0.06367081588013132,-0.13176605405845185,18113.373947757907
240,100.0720943769581,100.0720943769581,-0.0029352614057197766,0.0,6.075978662310219,450,0.06390544195010012,-0.10293848822434522,18084.96756074932
241,99.6920074892319,99.6920074892319,-0.0038053618526870388,0.0,6.075978662310219,450,0.06368717563512834,-0.06796925113793972,18074.376976812662
242,100.63919748261898,100.63919748261898,0.009456310631153899,0.0,6.075978662310219,450,0.06418772336712444,-0.10443056535904287,18096.120876481895
243,100.83520035619993,100.83520035619993,0.0019456857796061077,0.0,6.075978662310219,450,0.06417836868807059,-0.11184897748398838,18099.657538437732
244,101.23073476500502,101.23073476500502,0.0039149093957679725,0.0,6.075978662310219,450,0.0642445625054617,-0.11803998176895034,18124.431459120668
245,100.80859061336471,100.80859061336471,-0.004178837611575942,0.0,6.075978662310219,450,0.06387222149634267,-0.1377167059236373,18109.21546799162
246,99.88464041904686,99.88464041904686,-0.009207652070074035,0.0,6.075978662310219,450,0.06339503323448821,-0.07977596280491635,18060.235559029872
247,100.92634468804083,100.92634468804083,0.01037506601227158,0.0,6.075978662310219,450,0.06295368550781442,-0.1313164435891577,18115.84347470115
248,99.85778642834374,99.85778642834374,-0.010643952210249191,0.0,6.075978662310219,450,0.0645688803122367,-0.19394731635898013,18034.674676135597
249,99.39140046892673,99.39140046892673,-0.004681442553937983,0.0,6.075978662310219,450,0.06484035591922047,-0.14810693644039574,18004.49873112307
250,99.68692275434756,99.68692275434756,0.0029689068875722916,0.0,6.075978662310219,450,0.0648722542212751,-0.16240703178014956,18013.123708424922
251,99.45023489532637,99.45023489532637,-0.0023771351692517388,0.0,6.075978662310219,450,0.0650469212866221,-0.17525138067716617,17997.912600818716
252,99.5143764037983,99.5143764037983,0.000644752956569638,0.0,6.075978662310219,450,0.06515626199260759,-0.18938780674195635,17996.600895235206
253,98.94364945276554,98.94364945276554,-0.005751629564303404,0.0,6.075978662310219,450,0.0655029398386392,-0.18830003624024108,17960.7893975652
254,99.10881987962239,99.10881987962239,0.0016679465366552073,0.0,6.075978662310219,450,0.06551964511069848,-0.19841464731561637,17965.43717864699
255,98.39894165925078,98.39894165925078,-0.00718838866512077,0.0,6.075978662310219,450,0.0659687381132507,-0.20646838668010814,17923.287767221904
256,97.04142097449422,97.04142097449422,-0.01389214079320001,0.0,6.075978662310219,450,0.06668133987304663,-0.12022898826142958,17854.951939283772
257,96.74814075789557,96.74814075789557,-0.0030267929591608947,0.0,6.075978662310219,450,0.06694197456340008,-0.08859026946518857,17836.423438954695
258,96.99394075318024,96.99394075318024,0.002537395337625527,0.0,6.075978662310219,450,0.06692594195269114,-0.08196435012491227,17848.919763726226
259,96.64430249837194,96.64430249837194,-0.0036112560092619334,0.0,6.075978662310219,450,0.06679453362007574,-0.08220099915370276,17836.87651808348
260,96.72874444106108,96.72874444106108,0.0008733579926778584,0.0,6.075978662310219,450,0.06683706265602257,-0.09450917593011711,17835.735826023112
261,97.66251552462228,97.66251552462228,0.009607204211179946,0.0,6.075978662310219,450,0.06618108289187158,-0.07996045426477409,17880.55389772439
262,97.82999284557037,97.82999284557037,0.001713389053281933,0.0,6.075978662310219,450,0.0661848254451965,-0.06319153241164177,17884.99826316589
263,97.96630046649985,97.96630046649985,0.0013923414038577153,0.0,6.075978662310219,450,0.06624088309155055,-0.0593901294410075,17885.816255642298
264,98.36650699756333,98.36650699756333,0.004076823334163587,0.0,6.075978662310219,450,0.06595026168403867,-0.05344689610193138,17904.527055915943
265,98.33285992804919,98.33285992804919,-0.00034211670701565116,0.0,6.075978662310219,450,0.06605622808728773,-0.04771962496691107,17896.759245384543
266,98.01677833531613,98.01677833531613,-0.0032195818496304164,0.0,6.075978662310219,450,0.06659912100793453,-0.055100111542911265,17867.18570805693
267,98.5021309046115,98.5021309046115,0.00493950997393097,0.0,6.075978662310219,450,0.06649842174861448,-0.060102482755092536,17894.967967973713
268,98.88817632347559,98.88817632347559,0.003911498152945534,0.0,6.075978662310219,450,0.06656956906814065,-0.035652045678465576,17896.61309179729
269,98.4314175514706,98.4314175514706,-0.0046296424887824214,0.0,6.075978662310219,450,0.06706484245935013,-0.04310098197776754,17870.31390585739
270,98.28322825861967,98.28322825861967,-0.0015066424797481929,0.0,6.075978662310219,450,0.06709622535194633,-0.03905114140135789,17863.084897298704
271,98.50959290743056,98.50959290743056,0.002300538681293693,0.0,6.075978662310219,450,0.06701222857725868,-0.04178614868361323,17868.765543674515
272,97.71488706534882,97.71488706534882,-0.008100010633258704,0.0,6.075978662310219,450,0.06752089979428073,-0.04578070460420038,17809.86145717758
273,97.92360845020842,97.92360845020842,0.0021337463621331444,0.0,6.075978662310219,450,0.06760305401286072,-0.09510093863766061,17813.034020196235
274,98.08067514131186,98.08067514131186,0.0016026866540422324,0.0,6.075978662310219,450,0.06759928093381419,-0.06577155676631774,17815.582015088556
275,97.46073138984984,97.46073138984984,-0.0063408138416888166,0.0,6.075978662310219,450,0.06847363039472598,-0.09019633652740237,17777.115817117956
276,98.26576492978057,98.26576492978057,0.008226153277707099,0.0,6.075978662310219,450,0.06805888573912272,-0.11895572333853617,17811.179499025347
277,98.06931832800501,98.06931832800501,-0.002001136669744102,0.0,6.075978662310219,450,0.06829701780287215,-0.12737463202207522,17797.132322586534
278,97.81000990457876,97.81000990457876,-0.0026476359424425938,0.0,6.075978662310219,450,0.06860163816601919,-0.12020173850257752,17777.38273370917
279,98.24044013373756,98.24044013373756,0.0043910220116392795,0.0,6.075978662310219,450,0.06867039411865787,-0.12422074182905773,17791.867326264666
280,98.79104371445487,98.79104371445487,0.005589005403897107,0.0,6.075978662310219,450,0.06826177474752346,-0.1038311512644497,17815.978055637417
281,98.27651486751449,98.27651486751449,-0.00522186421567838,0.0,6.075978662310219,450,0.06876417135896085,-0.12561987170951938,17784.686367120306
282,96.9997666160293,96.9997666160293,-0.013076513285539845,0.0,6.075978662310219,450,0.07020472594966443,-0.06702104506163836,17701.5646595629
283,96.93162709527952,96.93162709527952,-0.0007027178245851869,0.0,6.075978662310219,450,0.0704091560652161,-0.06789906930856651,17689.46029558762
284,96.01207529706441,96.01207529706441,-0.009531886753516862,0.0,6.075978662310219,450,0.07118127437296508,-0.06547822183096014,17618.537227248362
285,96.40789923664047,96.40789923664047,0.004114172646145642,0.0,6.075978662310219,450,0.07127722891533525,-0.0804610473604312,17633.579303255716
286,96.39425075846665,96.39425075846665,-0.0001415801452106995,0.0,6.075978662310219,450,0.07144271275675616,-0.07620697686543883,17625.811521262367
287,95.68707930184266,95.68707930184266,-0.007363283579037466,0.0,6.075978662310219,450,0.07230723713799365,-0.07696910735654973,17577.25701658733
288,95.3159951248025,95.3159951248025,-0.0038856405327084014,0.0,6.075978662310219,450,0.0729519251658081,-0.0673796430912845,17543.344725648618
289,94.79418591601181,94.79418591601181,-0.005489558910919738,0.0,6.075978662310219,450,0.07345565774690295,-0.07690946077918327,17506.062000945618
290,94.38927163142942,94.38927163142942,-0.004280658659450411,0.0,6.075978662310219,450,0.07399515546385947,-0.05488144770961579,17474.91981634886
291,93.54443300119269,93.54443300119269,-0.008990876043068561,0.0,6.075978662310219,450,0.07399640087551478,-0.021301471791753852,17431.486333802746
292,94.19476146643841,94.19476146643841,0.0069280265984841445,0.0,6.075978662310219,450,0.07372707830311731,-0.06649525980603382,17473.43850055727
293,93.69926058810825,93.69926058810825,-0.005274271331919674,0.0,6.075978662310219,450,0.07467304670372547,-0.09456369250181304,17432.109858542837
294,94.17032241855311,94.17032241855311,0.005014785364367976,0.0,6.075978662310219,450,0.07462815618470874,-0.0972505725142343,17457.94151400849
295,94.21782468338556,94.21782468338556,0.0005043020653891785,0.0,6.075978662310219,450,0.0746630234358324,-0.08469065109885662,17454.816186122243
296,93.87858782535746,93.87858782535746,-0.0036070568419356327,0.0,6.075978662310219,450,0.07490945253904904,-0.08327981165349191,17439.68811714801
297,93.85402617514865,93.85402617514865,-0.0002616663117350836,0.0,6.075978662310219,450,0.07508965945085068,-0.09262256536806772,17435.21722829615
298,93.67370065456583,93.67370065456583,-0.0019231884181765651,0.0,6.075978662310219,450,0.07519694257930949,-0.10920994891094002,17425.852144444947
299,93.69400153978002,93.69400153978002,0.00021669567439711287,0.0,6.075978662310219,450,0.07523151772519285,-0.1138479930385938,17425.240177581654
300,94.05043299531614,94.05043299531614,0.003796990144025414,0.0,6.075978662310219,450,0.07497280678269971,-0.11173660799324528,17441.68504743149
301,93.95008748135575,93.95008748135575,-0.0010675026136643447,0.0,6.075978662310219,450,0.07506431489368426,-0.09590986046741322,17435.77492268764
302,94.1154015297036,94.1154015297036,0.0017580481330798092,0.0,6.075978662310219,450,0.07485479980253733,-0.1210019153704343,17444.375220948015
303,94.5308762263151,94.5308762263151,0.004404808547706223,0.0,6.075978662310219,450,0.07454886320194415,-0.11905313505643864,17458.3789959865
304,95.12276951024666,95.12276951024666,0.006241854232207937,0.0,6.075978662310219,450,0.07432389426632484,-0.0851213298460121,17483.944993261757
305,95.0617002719311,95.0617002719311,-0.000642210591479044,0.0,6.075978662310219,450,0.07454215408307163,-0.09916573831556591,17472.008279606278
306,94.93004865440734,94.93004865440734,-0.0013858669056827666,0.0,6.075978662310219,450,0.07454576722598964,-0.04689518352755402,17469.09304576368
307,94.94714420693236,94.94714420693236,0.0001800695735342741,0.0,6.075978662310219,450,0.07454469944664747,0.020297136893676737,17469.51652710572
308,94.98318419682857,94.98318419682857,0.00037950748183991384,0.0,6.075978662310219,450,0.07466217251192471,-0.003396227284851737,17464.272726861294
309,94.67388829891681,94.67388829891681,-0.0032616360469912673,0.0,6.075978662310219,450,0.07500504268664429,0.004730918095173916,17434.17906549974
310,94.33442157869088,94.33442157869088,-0.0035920863528132395,0.0,6.075978662310219,450,0.07551613912448558,0.013506739107905454,17401.32339689342
311,94.23181066408429,94.23181066408429,-0.00108832767685215,0.0,6.075978662310219,450,0.07552505417366415,0.015444917999585018,17398.86713036321
312,94.85191558276907,94.85191558276907,0.00655907469292446,0.0,6.075978662310219,450,0.07504764418926026,0.01877765484338526,17422.26332930462
313,94.49051419919898,94.49051419919898,-0.003817441477578628,0.0,6.075978662310219,450,0.07517606869562037,0.012088457938150127,17403.899187376897
314,95.45733476460993,95.45733476460993,0.010179940652847403,0.0,6.075978662310219,450,0.07501277807119237,-0.00042385035438739283,17444.516169239407
315,95.69024135533542,95.69024135533542,0.002436930781079183,0.0,6.075978662310219,450,0.07482641611353172,-0.037582957984968336,17456.376359426722
316,95.66163034106604,95.66163034106604,-0.00029904086360841995,0.0,6.075978662310219,450,0.0749588000357887,-0.07038650081005951,17448.70679803259
317,95.54336221081927,95.54336221081927,-0.0012370821886100681,0.0,6.075978662310219,450,0.0749778292774791,-0.06496145304535376,17444.820702346213
318,96.65525604713913,96.65525604713913,0.011570387454714958,0.0,6.075978662310219,450,0.07412960408029294,-0.061211362657135976,17493.23307700576
319,96.1657995482466,96.1657995482466,-0.00507680604330366,0.0,6.075978662310219,450,0.07432514516681309,-0.09756646373688285,17465.779578037225
320,96.92044365713932,96.92044365713932,0.007816693088028986,0.0,6.075978662310219,450,0.0739674556983921,-0.12435413510655319,17502.61525303285
321,96.86183209319108,96.86183209319108,-0.0006049218434307343,0.0,6.075978662310219,450,0.07406383467168215,-0.14804286262366784,17496.38643855803
322,96.43380702073408,96.43380702073408,-0.004428716281536395,0.0,6.075978662310219,450,0.07471359053338746,-0.1474004185226259,17457.816390638145
323,96.25112436024519,96.25112436024519,-0.0018961806085810908,0.0,6.075978662310219,450,0.07463034677500947,-0.14770438914669135,17452.7015615591
324,96.53501185823303,96.53501185823303,0.0029451049619150078,0.0,6.075978662310219,450,0.0747289782086638,-0.1520313713771856,17456.040934382952
325,96.43599038155259,96.43599038155259,-0.0010262835785934759,0.0,6.075978662310219,450,0.07492844121979654,-0.15359973787205114,17441.926681298028
326,96.7826684642492,96.7826684642492,0.003588457313415271,0.0,6.075978662310219,450,0.07474902736548937,-0.14429127226392846,17460.258407737932
327,97.06936935233047,97.06936935233047,0.002957937407815704,0.0,6.075978662310219,450,0.07487970302009332,-0.1524634895639147,17464.325716361836
328,96.97390742194486,96.97390742194486,-0.0009839242015903383,0.0,6.075978662310219,450,0.07508299387918965,-0.14324189569859883,17457.123467752055
329,97.2999746666979,97.2999746666979,0.003356782161597883,0.0,6.075978662310219,450,0.07506711214080747,-0.14960984939830438,17471.66900341501
330,96.61010202104049,96.61010202104049,-0.007115417291133967,0.0,6.075978662310219,450,0.07604204339815013,-0.1594804077700166,17428.29648627401
331,96.57301769748031,96.57301769748031,-0.0003839292384317952,0.0,6.075978662310219,450,0.07627537137345773,-0.14586132945959235,17417.7080258636
332,97.30388482643212,97.30388482643212,0.007539532369095611,0.0,6.075978662310219,450,0.07618166324230491,-0.13433769164656878,17456.309137878758
333,97.95252729942138,97.95252729942138,0.0066440313229050646,0.0,6.075978662310219,450,0.07569933606794825,-0.09915562979144942,17501.345757527342
334,97.99193476244237,97.99193476244237,0.00040223094990935165,0.0,6.075978662310219,450,0.07573046638749731,-0.09076525894623426,17502.10507220624
335,97.99402656673368,97.99402656673368,2.1346470708393946e-05,0.0,6.075978662310219,450,0.07574602699946904,-0.05755513111896258,17501.864517144542
336,97.3041990760385,97.3041990760385,-0.0070643791797752355,0.0,6.075978662310219,450,0.07573594385540634,-0.04730139002636661,17444.49345788484
337,97.15070756755206,97.15070756755206,-0.0015786851873683051,0.0,6.075978662310219,450,0.0758641686130728,-0.04376812572513351,17435.888333612413
338,97.36566821895609,97.36566821895609,0.002210207115385737,0.0,6.075978662310219,450,0.07566228838642267,-0.038171682190452756,17446.232976819683
339,97.59223841987675,97.59223841987675,0.0023242997099030133,0.0,6.075978662310219,450,0.0756572262051534,-0.05266305148889337,17450.19460862631
340,96.20947513630566,96.20947513630566,-0.014270118908483594,0.0,6.075978662310219,450,0.07659350408375097,-0.05086732583460199,17370.29056688314
341,96.73143394489085,96.73143394489085,0.005410569323012365,0.0,6.075978662310219,450,0.0759884012184707,-0.14083069827159872,17394.92406322355
342,96.77182611931259,96.77182611931259,0.00041748314726077916,0.0,6.075978662310219,450,0.07608902700596903,-0.16054674055794732,17391.384705535373
343,96.4077841686611,96.4077841686611,-0.003768952438028552,0.0,6.075978662310219,450,0.07627767707644875,-0.16424305407212625,17375.464584415404
344,95.78447657194081,95.78447657194081,-0.006486315106009195,0.0,6.075978662310219,450,0.07728322739708021,-0.12490620179491052,17340.735589863252
345,95.72444767089914,95.72444767089914,-0.0006269044980019074,0.0,6.075978662310219,450,0.07742452019712927,-0.1236571534924685,17333.34333119466
346,96.37677232216079,96.37677232216079,0.006791494178154405,0.0,6.075978662310219,450,0.07736575960664469,-0.12276578194281508,17350.8961988794
347,95.95532246906073,95.95532246906073,-0.004382529375636623,0.0,6.075978662310219,450,0.07802679686391392,-0.16814363129459986,17327.12580809181
348,96.177987546806,96.177987546806,0.0023178196160982124,0.0,6.075978662310219,450,0.07796698753202393,-0.19322296052789725,17331.588073219777
349,95.17626131273616,95.17626131273616,-0.01046995706437264,0.0,6.075978662310219,450,0.07829160775683495,-0.21483770807933147,17280.085930769706
350,94.4329412749559,94.4329412749559,-0.007840588279340845,0.0,6.075978662310219,450,0.0791350033991445,-0.17894019957066473,17217.02637029178
351,94.51805485616029,94.51805485616029,0.0009009064646801189,0.0,6.075978662310219,450,0.0791940501177732,-0.15067504795540967,17216.492400455652
352,94.15704680547972,94.15704680547972,-0.00382677404763276,0.0,6.075978662310219,450,0.07987097911334877,-0.12995155089843538,17190.024502850854
353,93.64291839421348,93.64291839421348,-0.005475290638440425,0.0,6.075978662310219,450,0.07980053894650786,-0.09580750249620877,17183.262951548782
354,94.69814513949242,94.69814513949242,0.011205605056459204,0.0,6.075978662310219,450,0.07907684562352718,-0.13176768064144484,17213.565652782978
355,94.661637460179,94.661637460179,-0.0003855906387782233,0.0,6.075978662310219,450,0.07922399824730562,-0.13427248433117475,17206.582845031495
356,94.21462952240435,94.21462952240435,-0.004733350351549721,0.0,6.075978662310219,450,0.08008225560270664,-0.13271916797306485,17176.897320576078
357,94.10430154026834,94.10430154026834,-0.0011717143267117697,0.0,6.075978662310219,450,0.08024598283912814,-0.1290763554204188,17166.818029042162
358,94.76168772540363,94.76168772540363,0.006961431674570416,0.0,6.075978662310219,450,0.08024396975755708,-0.1309198574532025,17183.18447375626
359,94.43105892668727,94.43105892668727,-0.003495156565464916,0.0,6.075978662310219,450,0.0802776570554022,-0.14598488088775471,17170.35838678694
360,94.40670967566408,94.40670967566408,-0.00025788539377861845,0.0,6.075978662310219,450,0.08038430008336737,-0.14362750439713823,17161.0304119582
361,95.78758039656063,95.78758039656063,0.014520887919905781,0.0,6.075978662310219,450,0.07936651851048183,-0.12843586790822073,17258.326915482678
362,95.89675236113074,95.89675236113074,0.0011390808503100682,0.0,6.075978662310219,450,0.07943720779057195,-0.12529726747134973,17258.26647021142
363,95.88379595074646,95.88379595074646,-0.0001351170441218645,0.0,6.075978662310219,450,0.07958095242758736,-0.1411694463121956,17254.99479886983
364,95.38483010017816,95.38483010017816,-0.0052174472391390185,0.0,6.075978662310219,450,0.07978173344391383,-0.13821754032181718,17236.13724944472
365,95.63969860721967,95.63969860721967,0.0026684390742919032,0.0,6.075978662310219,450,0.07975136117718522,-0.14633222948353775,17245.37488264643
366,95.91229771572681,95.91229771572681,0.0028462171918433887,0.0,6.075978662310219,450,0.07941004847115674,-0.14184170442413468,17262.797625102437
367,96.36249885267333,96.36249885267333,0.004682901427617487,0.0,6.075978662310219,450,0.07906540582519316,-0.1333500128952642,17282.629420624362
368,95.80978157978825,95.80978157978825,-0.00575232594132632,0.0,6.075978662310219,450,0.07956640356675773,-0.14512654018460552,17243.26607950309
369,95.70446998714539,95.70446998714539,-0.0010997782399572273,0.0,6.075978662310219,450,0.07968333660678488,-0.14912257036826315,17236.407541259658
370,95.47384324495492,95.47384324495492,-0.0024126884494990774,0.0,6.075978662310219,450,0.08012988069999548,-0.1506384823713396,17212.54072417006
371,94.91983990140882,94.91983990140882,-0.0058195723507777145,0.0,6.075978662310219,450,0.08079805665795135,-0.13478413973538347,17173.933770956726
372,94.80362215177317,94.80362215177317,-0.0012251280143663493,0.0,6.075978662310219,450,0.08100226227686701,-0.11920535042388977,17165.635597574525
373,94.33210875803574,94.33210875803574,-0.004985989355802712,0.0,6.075978662310219,450,0.0815093488683192,-0.09335312743934397,17134.72197407219
374,93.71193152945466,93.71193152945466,-0.006596108828771001,0.0,6.075978662310219,450,0.08224268215827053,-0.09472925418917262,17094.712109856533
375,94.05874992512561,94.05874992512561,0.003694067544287792,0.0,6.075978662310219,450,0.08181629873784786,-0.10887042682145086,17112.4415469388
376,93.84647437369311,93.84647437369311,-0.0022593905254889345,0.0,6.075978662310219,450,0.08223164916379101,-0.11317225207748709,17095.78238312717
377,93.51899138708653,93.51899138708653,-0.0034956636086002054,0.0,6.075978662310219,450,0.08261580157968948,-0.10296313050082495,17075.37231286771
378,94.07943243591404,94.07943243591404,0.005974919241875247,0.0,6.075978662310219,450,0.08191759762701907,-0.08753050823821837,17102.77483441198
379,94.35818110932,94.35818110932,0.0029585269255194813,0.0,6.075978662310219,450,0.08179035529721279,-0.05069678685252347,17109.200866066785
380,93.44074990211142,93.44074990211142,-0.009770433734913247,0.0,6.075978662310219,450,0.08279358000080385,-0.06906140901531228,17056.14860025667
381,93.6112244302193,93.6112244302193,0.0018227508788974094,0.0,6.075978662310219,450,0.08272659023673683,-0.08245587428742397,17063.81021679387
382,93.79651171362933,93.79651171362933,0.0019773713465119974,0.0,6.075978662310219,450,0.08277563279479135,-0.08266904900757308,17066.93345490716
383,93.67461500154653,93.67461500154653,-0.0013004320334248842,0.0,6.075978662310219,450,0.08305096102638876,-0.08098651323613569,17055.276643087043
384,93.52995456486508,93.52995456486508,-0.001545480068248909,0.0,6.075978662310219,450,0.08338122996099417,-0.07987999949714689,17043.47730441029
385,92.77375775758627,92.77375775758627,-0.008117937648002217,0.0,6.075978662310219,450,0.08434752725724028,-0.07162631461243865,16995.07067038677
386,93.73099897162898,93.73099897162898,0.010265149655741745,0.0,6.075978662310219,450,0.08417651005674966,-0.12148967130735032,17024.134386166308
387,93.61829691266205,93.61829691266205,-0.0012031224566892023,0.0,6.075978662310219,450,0.08442049529948693,-0.12563823056736376,17016.044595739062
388,93.76492530253118,93.76492530253118,0.0015650111900449139,0.0,6.075978662310219,450,0.08443764455505896,-0.1251214089911126,17017.390244853348
389,93.68618050386122,93.68618050386122,-0.0008401636572183508,0.0,6.075978662310219,450,0.08461004132844012,-0.11184631638444818,17008.945504740164
390,93.33428393469681,93.33428393469681,-0.003763192284930571,0.0,6.075978662310219,450,0.0851625773356548,-0.11284494434810001,16983.093080662864
391,93.71846669052192,93.71846669052192,0.004107753505406908,0.0,6.075978662310219,450,0.08523381284506674,-0.12053929464207976,16991.847020520338
392,93.77732668065553,93.77732668065553,0.0006278540015096791,0.0,6.075978662310219,450,0.08526573594932808,-0.1572552934946985,16989.43285858741
393,94.28649637435787,94.28649637435787,0.005414873839510291,0.0,6.075978662310219,450,0.0848880890408132,-0.15883650798095916,17010.29882038661
394,93.83216454636947,93.83216454636947,-0.0048302779652075805,0.0,6.075978662310219,450,0.0853367289557166,-0.17291415738872684,16968.34038685013
395,94.50544481086074,94.50544481086074,0.007149747040942988,0.0,6.075978662310219,450,0.08546768688240211,-0.18314560900669255,16971.469722535778
396,95.17743501858757,95.17743501858757,0.0070854367002322225,0.0,6.075978662310219,450,0.08487838015867574,-0.15233568032620515,17002.6541337378
397,94.58166698238324,94.58166698238324,-0.006279224421370945,0.0,6.075978662310219,450,0.08476909600291306,-0.1724646324675543,16995.735470736825
398,93.99319066465095,93.99319066465095,-0.006241322256541926,0.0,6.075978662310219,450,0.08478379326624046,-0.15591745859107084,16985.017153541045
399,94.12140170147181,94.12140170147181,0.0013631165457233484,0.0,6.075978662310219,450,0.08481874879416308,-0.14030313434683783,16984.646434741477
400,93.65052365566225,93.65052365566225,-0.005015435954825256,0.0,5.936248525777183,405,0.12798468188226456,-0.11065998166278423,16327.44538059194
401,93.07351503391733,93.07351503391733,-0.006180355378447638,0.0,5.936248525777183,405,0.12776455873999568,-0.09884593800999213,16311.487028924215
402,93.2623366718755,93.2623366718755,0.002026681402002975,0.0,5.936248525777183,405,0.1278320097215113,-0.10550141130296235,16313.513834364489
403,93.28127050953667,93.28127050953667,0.00020299637186467877,0.0,5.936248525777183,405,0.12796053893878787,-0.11649450322321823,16309.071052618852
404,92.99113609542796,92.99113609542796,-0.003115165085638556,0.0,5.936248525777183,405,0.1283697737417224,-0.12029150979040452,16288.88714790242
405,92.80020808758258,92.80020808758258,-0.002055295696313937,0.0,5.936248525777183,405,0.1287804407621095,-0.11706472239637472,16268.68381280024
406,93.47428951632463,93.47428951632463,0.00723753793337963,0.0,5.936248525777183,405,0.1284663006776734,-0.10644661304376782,16298.665569944373
407,93.0096373848683,93.0096373848683,-0.004983304467558885,0.0,5.936248525777183,405,0.1293417555861241,-0.12075706587316648,16266.707619875984
408,93.29037522200832,93.29037522200832,0.0030138274894398595,0.0,5.936248525777183,405,0.1292803927331791,-0.11280119263679313,16274.524948716751
409,93.69487641111448,93.69487641111448,0.004326563903478266,0.0,5.936248525777183,405,0.12921763012628373,-0.15770503507572364,16287.62355415754
410,93.03299072135226,93.03299072135226,-0.007089337783921665,0.0,5.936248525777183,405,0.13033318179863293,-0.1735622927665429,16248.614997342818
411,93.11927631871445,93.11927631871445,0.000927043273914884,0.0,5.936248525777183,405,0.13032816026465904,-0.17612010318942167,16250.651793241352
412,93.08999786087283,93.08999786087283,-0.0003144683121922873,0.0,5.936248525777183,405,0.13038106004294936,-0.19032551653240062,16247.687051902416
413,93.37854413187,93.37854413187,0.0030948544802733586,0.0,5.936248525777183,405,0.13027670268832295,-0.15224492866649553,16259.131912145218
414,93.4343106977829,93.4343106977829,0.0005970313726027554,0.0,5.936248525777183,405,0.13036948490187142,-0.16362460287510946,16256.852239727992
415,92.90423694770983,92.90423694770983,-0.005689377604373122,0.0,5.936248525777183,405,0.13054529268559478,-0.16362757068988382,16238.086016204907
416,91.87988113056716,91.87988113056716,-0.011087168324259154,0.0,5.936248525777183,405,0.13220828761585152,-0.1166688918670861,16175.172039977995
417,91.31752502336745,91.31752502336745,-0.0061393650200195875,0.0,5.936248525777183,405,0.13296636550356816,-0.0710934219555457,16142.223044185055
418,91.49911867829135,91.49911867829135,0.0019866212503533293,0.0,5.936248525777183,405,0.13298650715145455,-0.06812704413597769,16146.326230513041
419,90.94103012042761,90.94103012042761,-0.006118064497774321,0.0,5.936248525777183,405,0.13397374690666594,-0.07589017143106441,16106.935985906724
420,91.70052215105245,91.70052215105245,0.008316797562845209,0.0,5.936248525777183,405,0.13368357777606435,-0.10532735631896376,16137.142368815206
421,92.16297068759202,92.16297068759202,0.005030357082509979,0.0,5.936248525777183,405,0.13354770005141153,-0.1047145832297976,16157.334650701432
422,91.69895256424519,91.69895256424519,-0.005047473672508212,0.0,5.936248525777183,405,0.1343141528315005,-0.12221402206486764,16127.991822699798
423,91.61623885850517,91.61623885850517,-0.000902420696411613,0.0,5.936248525777183,405,0.13462772088129174,-0.11977871095761025,16116.567073582562
424,91.33967903129293,91.33967903129293,-0.003023242331248925,0.0,5.936248525777183,405,0.13488741975703786,-0.10982383418903867,16098.059025878434
425,91.38561684486719,91.38561684486719,0.0005028073898778145,0.0,5.936248525777183,405,0.13500359685559302,-0.12165987724270493,16094.587068791005
426,91.6161705118638,91.6161705118638,0.002519688930972675,0.0,5.936248525777183,405,0.13508120702716397,-0.1331692446530126,16097.060141396
427,91.00024058714536,91.00024058714536,-0.0067456397439693856,0.0,5.936248525777183,405,0.13591161765267687,-0.1274093384778067,16067.5298384376
428,92.13556879764828,92.13556879764828,0.012398915963786528,0.0,5.936248525777183,405,0.13488617915420903,-0.1670590967833727,16109.460557800216
429,91.54179992964853,91.54179992964853,-0.006465368493205332,0.0,5.936248525777183,405,0.13539460629405123,-0.21253767734283202,16070.458260894104
430,91.74682714688315,91.74682714688315,0.0022372070326443874,0.0,5.936248525777183,405,0.1353003808726253,-0.22841189425575434,16078.251213626656
431,91.19533818280712,91.19533818280712,-0.0060291254741562566,0.0,5.936248525777183,405,0.13523181418093613,-0.2398525402661951,16066.747968044616
432,91.28295371800756,91.28295371800756,0.0009602845469523369,0.0,5.936248525777183,405,0.13527806813151674,-0.24671466655386864,16066.536315210578
433,91.12843781679906,91.12843781679906,-0.0016941479023346445,0.0,5.936248525777183,405,0.13543256833485331,-0.2677762901540836,16057.607141007562
434,91.38944966523148,91.38944966523148,0.002860125437163711,0.0,5.936248525777183,405,0.13529006519177522,-0.25819597657057664,16065.878437026422
435,91.35657918890118,91.35657918890118,-0.0003597394361003927,0.0,5.936248525777183,405,0.13535377132096885,-0.2560957840754781,16063.031535736569
436,91.13792942442161,91.13792942442161,-0.002396235051277113,0.0,5.936248525777183,405,0.13571495795655847,-0.2596993223849694,16051.355459721968
437,91.59965238600722,91.59965238600722,0.005053409808686487,0.0,5.936248525777183,405,0.13534807157975665,-0.250125960736964,16066.48575560751
438,91.83834458453488,91.83834458453488,0.0026024306543292507,0.0,5.936248525777183,405,0.13531505792773985,-0.2590539127565476,16071.887323101695
439,91.33130517105445,91.33130517105445,-0.005536296097566048,0.0,5.936248525777183,405,0.13617650767549894,-0.24551127680856777,16031.26511789284
440,91.40047099742294,91.40047099742294,0.0007570202744360061,0.0,5.936248525777183,405,0.13620121579842426,-0.2503015800515769,16032.779471258913
441,91.74927835895687,91.74927835895687,0.003808990014777156,0.0,5.936248525777183,405,0.13626512496115611,-0.2483152604531202,16039.49794083181
442,91.30747234599237,91.30747234599237,-0.0048269934771359565,0.0,5.936248525777183,405,0.136674656849009,-0.2572971400856345,16011.911152473296
443,91.36926428830117,91.36926428830117,0.0006765168439506789,0.0,5.936248525777183,405,0.13674545112013142,-0.2612883814797227,16012.167106888044
444,91.54616568401603,91.54616568401603,0.001934243064076288,0.0,5.936248525777183,405,0.13678003538017192,-0.26512882124161036,16015.546029649744
445,91.69656203924191,91.69656203924191,0.0016414991292150836,0.0,5.936248525777183,405,0.13674312827342258,-0.21362032231694275,16021.866676224752
446,91.34706039842081,91.34706039842081,-0.0038187844067086277,0.0,5.936248525777183,405,0.13728030478211714,-0.22872881021869804,15995.100305345157
447,91.19849645996489,91.19849645996489,-0.001627691999881281,0.0,5.936248525777183,405,0.13735096542848282,-0.22428267449029624,15989.506508238177
448,91.80853371550586,91.80853371550586,0.006666842410051143,0.0,5.936248525777183,405,0.13691839336636513,-0.22220796758602487,16008.693895792598
449,91.98861256628525,91.98861256628525,0.0019595397648391488,0.0,5.936248525777183,405,0.13689241627705076,-0.21076870694621025,16014.120431314672
450,91.40284895503997,91.40284895503997,-0.006388144773924663,0.0,5.936248525777183,405,0.13787252062325517,-0.20590689346809635,15977.667445003914
451,91.43354318218007,91.43354318218007,0.00033575621428167074,0.0,5.936248525777183,405,0.13793476051371026,-0.21538562612367143,15975.806605431879
452,91.6532255075572,91.6532255075572,0.0023997630454234377,0.0,5.936248525777183,405,0.1379437532575546,-0.21706703178597575,15980.622784519548
453,91.332303187231,91.332303187231,-0.003507628736032988,0.0,5.936248525777183,405,0.1384442040498722,-0.20855013487233767,15962.577267965109
454,91.98922948502944,91.98922948502944,0.007166960696391052,0.0,5.936248525777183,405,0.137907758051353,-0.19494584474770743,15987.296264104789
455,91.82094749103733,91.82094749103733,-0.0018310416080040113,0.0,5.936248525777183,405,0.1381407498021934,-0.25520433630001105,15973.557659412216
456,91.7491421877661,91.7491421877661,-0.0007823203339835312,0.0,5.936248525777183,405,0.13841898049840093,-0.2321261245161624,15963.261574868227
457,91.96308927288128,91.96308927288128,0.002329155550889953,0.0,5.936248525777183,405,0.1384605224179705,-0.26421790544553825,15966.98972175299
458,92.04130233830023,92.04130233830023,0.0008501217763829047,0.0,5.936248525777183,405,0.13849455410833658,-0.25990390961175885,15965.878195787773
459,91.27996165003829,91.27996165003829,-0.008306129347799748,0.0,5.936248525777183,405,0.13915242491723634,-0.24870519188233514,15920.468303669037
460,91.8102799205658,91.8102799205658,0.005792987644165894,0.0,5.936248525777183,405,0.13869312225231262,-0.3049396177860807,15949.85837304124
461,89.82101908733537,89.82101908733537,-0.021905259582859504,0.0,5.936248525777183,405,0.13857019747217267,-0.29747815752909074,15919.55180595956
462,90.67584195080681,90.67584195080681,0.009471957014944682,0.0,5.936248525777183,405,0.13757164904342656,-0.4018699022178983,15960.894175504196
463,91.36091386096496,91.36091386096496,0.007526778219561803,0.0,5.936248525777183,405,0.13737229002574536,-0.3450111947040515,15979.89199550656
464,91.79967043597944,91.79967043597944,0.004790958883871819,0.0,5.936248525777183,405,0.13720322719528744,-0.32314165246790755,15995.00523736768
465,90.72225716518506,90.72225716518506,-0.01180598735944608,0.0,5.936248525777183,405,0.13896082233042426,-0.32484877116551336,15931.948254627845
466,91.23703541662348,91.23703541662348,0.005658184504030813,0.0,5.936248525777183,405,0.13852345107471478,-0.34542740793144283,15950.28660466199
467,91.51582281027245,91.51582281027245,0.003050979476993422,0.0,5.936248525777183,405,0.1384871013123177,-0.3288173100682791,15957.241936000864
468,90.64612338416978,90.64612338416978,-0.009548712586536627,0.0,5.936248525777183,405,0.13980544104542256,-0.34035037570947757,15894.462659227738
469,91.43491642708516,91.43491642708516,0.008664251678657498,0.0,5.936248525777183,405,0.13998703986472744,-0.35491560718040255,15913.272806773786
470,90.52038396858373,90.52038396858373,-0.010052360745983865,0.0,5.936248525777183,405,0.1400097629330252,-0.38320428159121706,15883.589792272296
471,90.14634304459268,90.14634304459268,-0.004140678968314045,0.0,5.936248525777183,405,0.14028002440258666,-0.36511991636012164,15863.204670248877
472,90.16149002315706,90.16149002315706,0.000168012430101345,0.0,5.936248525777183,405,0.14037465760835274,-0.36658193593659183,15861.66387906044
473,89.50338724918956,89.50338724918956,-0.007325925103178443,0.0,5.936248525777183,405,0.1409356952132831,-0.365804973913586,15824.624736283698
474,89.7798165953457,89.7798165953457,0.0030837196043255618,0.0,5.936248525777183,405,0.1409222912885526,-0.37218319354124163,15831.430313995823
475,89.69750051209614,89.69750051209614,-0.0009172868231823594,0.0,5.936248525777183,405,0.1411366799870693,-0.4013899798789397,15825.039802970212
476,89.53783249504482,89.53783249504482,-0.0017816582992731895,0.0,5.936248525777183,405,0.14133967372346218,-0.45166157770601006,15814.8205787065
477,89.62347868396111,89.62347868396111,0.0009560791320031755,0.0,5.936248525777183,405,0.1414049347030182,-0.4529825849548043,15813.695157983297
478,89.72499383624482,89.72499383624482,0.0011320437994077242,0.0,5.936248525777183,405,0.14135036962961245,-0.4462583998618163,15818.072712100815
479,89.84608573792367,89.84608573792367,0.001348679534821305,0.0,5.936248525777183,405,0.1413792798861936,-0.42706339915574015,15818.351106360453
480,89.81515768611362,89.81515768611362,-0.00034429297633844125,0.0,5.936248525777183,405,0.14152391222799748,-0.467373404630001,15811.589914315195
481,89.71515158199817,89.71515158199817,-0.0011140861380677545,0.0,5.936248525777183,405,0.1418380269046839,-0.46127776714398494,15801.185312469848
482,89.9433679778407,89.9433679778407,0.002540558824066677,0.0,5.936248525777183,405,0.14186648557247417,-0.46696390081608374,15806.880141568377
483,90.11158656033878,90.11158656033878,0.0018685254384981371,0.0,5.936248525777183,405,0.14182489466747855,-0.46351274856541075,15813.787950348828
484,89.9525774430106,89.9525774430106,-0.001766138859896677,0.0,5.936248525777183,405,0.14194872449793317,-0.4653967675079294,15802.384971789106
485,89.73158157108442,89.73158157108442,-0.0024598271163278427,0.0,5.936248525777183,405,0.142090692336981,-0.46383207992112757,15791.903641353787
486,89.8784363527973,89.8784363527973,0.0016352630675677696,0.0,5.936248525777183,405,0.1420678629455254,-0.4574608431491796,15795.502172837658
487,90.26004758373755,90.26004758373755,0.004236871472013316,0.0,5.936248525777183,405,0.14213235810551775,-0.41407429222694353,15801.921305045726
488,91.10825599457496,91.10825599457496,0.009353504202235898,0.0,5.936248525777183,405,0.14205539853338928,-0.36286434992384375,15818.944169399958
489,90.72372010347986,90.72372010347986,-0.004229580215810009,0.0,5.936248525777183,405,0.14245426538969158,-0.38071791346262046,15793.984829324112
490,89.91327612635062,89.91327612635062,-0.008973238395780537,0.0,5.936248525777183,405,0.14364750636755205,-0.33907118066608416,15730.596957487542
491,90.53405482831405,90.53405482831405,0.006880469195011208,0.0,5.936248525777183,405,0.14381250711239926,-0.3658701824506024,15743.30133796524
492,90.12301663665448,90.12301663665448,-0.004550487812126512,0.0,5.936248525777183,405,0.1440738848026056,-0.3778761489916859,15725.974565270815
493,89.97573017005631,89.97573017005631,-0.0016356193704327642,0.0,5.936248525777183,405,0.14430337152801112,-0.3722407946697761,15713.250170345918
494,90.61886002391891,90.61886002391891,0.007122390232370935,0.0,5.936248525777183,405,0.14344647411313624,-0.36882328152405497,15753.407156539703
495,91.61376956080109,91.61376956080109,0.010919223679526502,0.0,5.936248525777183,405,0.14276946074740485,-0.30866438879286395,15801.339372677878
496,91.44209543652867,91.44209543652867,-0.001875647902402147,0.0,5.936248525777183,405,0.14299648192963016,-0.3132186673344635,15789.272334706035
497,90.59730990695674,90.59730990695674,-0.009281414564600902,0.0,5.936248525777183,405,0.1443339542713277,-0.30287256281601493,15738.32075032904
498,91.10641812608971,91.10641812608971,0.005603732591368339,0.0,5.936248525777183,405,0.14403041098948483,-0.31696383530084965,15756.822842523228
499,91.12632512153961,91.12632512153961,0.00021847879996012636,0.0,5.936248525777183,405,0.14413898139765857,-0.31838752888691607,15752.92525643294
500,91.22123544543521,91.22123544543521,0.0010409827493304646,0.0,5.936248525777183,405,0.14411748084908915,-0.31961537792251626,15756.777431784509
501,91.41064047819398,91.41064047819398,0.002074173522072006,0.0,5.936248525777183,405,0.14412985896702357,-0.311326116268164,15760.604200967451
502,91.05592734876015,91.05592734876015,-0.0038879843084777665,0.0,5.936248525777183,405,0.14444472474905498,-0.31478729364110436,15741.349737364102
503,89.63505615645413,89.63505615645413,-0.015727408778157946,0.0,5.936248525777183,405,0.1468384695344924,-0.25737247185092577,15656.072019913969
504,90.7810354377811,90.7810354377811,0.012703907767382484,0.0,5.936248525777183,405,0.14614713997945736,-0.3225427599852382,15699.904027075248
505,90.67867892050279,90.67867892050279,-0.0011281460295048103,0.0,5.936248525777183,405,0.14630916582163217,-0.32527377745668995,15691.398441980657
506,90.46474840026835,90.46474840026835,-0.0023620025618314605,0.0,5.936248525777183,405,0.14666666622845873,-0.3277205714350843,15677.421919373055
507,90.67115738986621,90.67115738986621,0.002279052052540483,0.0,5.936248525777183,405,0.1466231723218705,-0.3252472383956805,15682.887975013553
508,91.04084722393061,91.04084722393061,0.004068969960621305,0.0,5.936248525777183,405,0.14648735108050753,-0.33080721883316183,15696.182294640892
509,92.49564669515982,92.49564669515982,0.01585330425863797,0.0,5.936248525777183,405,0.14452648786600225,-0.2711214517944389,15776.353689685127
510,92.57411963172754,92.57411963172754,0.0008480363143922043,0.0,5.936248525777183,405,0.144601895037552,-0.2706436295341944,15774.820755779261
511,92.33309432342884,92.33309432342884,-0.00260698800930042,0.0,5.936248525777183,405,0.1448378847690421,-0.2706700757438823,15760.459708359414
512,91.70349469665824,91.70349469665824,-0.006842140319384353,0.0,5.936248525777183,405,0.14580207962093023,-0.25616958943041346,15716.824662792782
513,91.71137786705923,91.71137786705923,8.595999109185261e-05,0.0,5.936248525777183,405,0.14584343461289537,-0.2481599700511997,15715.427385157425
514,91.72373977665542,91.72373977665542,0.0001347823663615594,0.0,5.936248525777183,405,0.14585420505306984,-0.24810003432710953,15715.521584764996
515,90.85732145902547,90.85732145902547,-0.009490850972157414,0.0,5.936248525777183,405,0.1461568837899526,-0.24138840454136626,15675.185613156636
516,91.16560627246963,91.16560627246963,0.003387321718824259,0.0,5.936248525777183,405,0.14614807756263515,-0.2518121417539133,15681.964509891623
517,91.66459450376124,91.66459450376124,0.005458501583749413,0.0,5.936248525777183,405,0.1456429848816361,-0.24331755110013956,15707.222004855766
518,92.1773183241726,92.1773183241726,0.005577891808055685,0.0,5.936248525777183,405,0.14570794526864592,-0.22713629411821473,15718.563899614543
519,92.46824092336365,92.46824092336365,0.0031511490566979773,0.0,5.936248525777183,405,0.1457541873528402,-0.20858430989811597,15723.7943729432
520,92.88055667831335,92.88055667831335,0.004449086699372013,0.0,5.936248525777183,405,0.14568388471190455,-0.1596737981714837,15735.755659859076
521,92.17235421480632,92.17235421480632,-0.007654091120162776,0.0,5.936248525777183,405,0.14674059656964186,-0.11621010873379066,15690.992464651672
522,92.10866513136739,92.10866513136739,-0.0006912169924030329,0.0,5.936248525777183,405,0.14679553736489875,-0.1466339837272033,15686.517573220148
523,92.26421306864096,92.26421306864096,0.001687319476666022,0.0,5.936248525777183,405,0.14681273456384508,-0.16648089511807013,15690.947000862472
524,92.7907734428152,92.7907734428152,0.005690868483988329,0.0,5.936248525777183,405,0.1462413454231494,-0.1364739914048927,15718.361759773281
525,92.88400718181342,92.88400718181342,0.0010042693630286142,0.0,5.936248525777183,405,0.146289798405,-0.112356839357675,15718.278768853923
526,92.80466327111496,92.80466327111496,-0.0008545908087318787,0.0,5.936248525777183,405,0.14641936483527612,-0.12168055402102076,15711.343352451537
527,91.21118634669718,91.21118634669718,-0.017319342427183516,0.0,5.936248525777183,405,0.14864921133014725,-0.08445682283062993,15609.124337938378
528,91.47316866676893,91.47316866676893,0.0028681437953099347,0.0,5.936248525777183,405,0.14872955052325323,-0.07315632690625626,15612.49126109385
529,92.35422258401252,92.35422258401252,0.00958573863931155,0.0,5.936248525777183,405,0.14797774320928836,-0.02214297331314455,15645.415852112556
530,92.4026774605233,92.4026774605233,0.0005245257699174416,0.0,5.936248525777183,405,0.1480364965321449,-0.04362555805571624,15643.599833365095
531,93.18008212489138,93.18008212489138,0.008378032672449352,0.0,5.936248525777183,405,0.14782768534986548,-0.042939902239370026,15671.061250205328
532,93.21616278539068,93.21616278539068,0.00038713935430731227,0.0,5.936248525777183,405,0.1479415513335278,-0.04494791147164744,15665.902719456777
533,93.49408484599037,93.49408484599037,0.002977043514098485,0.0,5.936248525777183,405,0.14802999399679045,-0.03736770539743508,15667.226404408739
534,93.99007966588397,93.99007966588397,0.005291070617261878,0.0,5.936248525777183,405,0.1475766709855587,-0.030419934146508606,15689.389532201008
535,94.13449832172195,94.13449832172195,0.0015353515819436108,0.0,5.936248525777183,405,0.14761333821010242,-0.03090683510449627,15691.145281838595
536,94.20449501397417,94.20449501397417,0.0007433054009185774,0.0,5.936248525777183,405,0.14763929898423184,-0.030891433807347525,15689.732751012845
537,93.93672966127866,93.93672966127866,-0.002846431279989005,0.0,5.936248525777183,405,0.14791492578454515,-0.030545385598677668,15668.736857838481
538,93.19006965810125,93.19006965810125,-0.007980299652291405,0.0,5.936248525777183,405,0.14900747107636997,-0.01520831799970873,15613.342945744747
539,92.94717191127496,92.94717191127496,-0.002609879491632895,0.0,5.936248525777183,405,0.14895624804783766,-0.002190321398601865,15608.593306869188
540,93.76630576110118,93.76630576110118,0.008774290054817334,0.0,5.936248525777183,405,0.14904249254712965,-0.01443710037754797,15621.189776341173
541,93.35405058736313,93.35405058736313,-0.004406317396984501,0.0,5.936248525777183,405,0.1493970168453501,-0.030804528509378017,15593.497205186382
542,93.98240194607436,93.98240194607436,0.006708290955557977,0.0,5.936248525777183,405,0.14885107112601167,-0.04440025261352093,15634.255673172709
543,93.99051738197502,93.99051738197502,8.634686245995666e-05,0.0,5.936248525777183,405,0.1489021046632469,-0.044838790086961844,15631.320144327407
544,94.52069187409833,94.52069187409833,0.005624873895543542,0.0,5.936248525777183,405,0.14873841976771285,-0.0494291989808984,15658.95931433061
545,94.67689482449683,94.67689482449683,0.0016512154157453712,0.0,5.936248525777183,405,0.14873854366739744,-0.0468898289697921,15661.338600707826
546,94.77966862405155,94.77966862405155,0.0010849326913260002,0.0,5.936248525777183,405,0.1487972345581735,-0.04791482990615033,15661.667146948803
547,94.97008613237655,94.97008613237655,0.002007038928608841,0.0,5.936248525777183,405,0.14860944017385327,-0.06041690899613148,15670.090613294657
548,94.30226617702507,94.30226617702507,-0.007056738277064789,0.0,5.936248525777183,405,0.14930152115619827,-0.04651395233511508,15637.87694930364
549,94.84010730091367,94.84010730091367,0.005687171664980146,0.0,5.936248525777183,405,0.14912613776264155,-0.08421330963324515,15658.110180576281
550,94.65691479996619,94.65691479996619,-0.0019334610748508126,0.0,5.936248525777183,405,0.1495099115771597,-0.066879323427807,15645.121170360004
551,94.57254996841965,94.57254996841965,-0.0008916670270083448,0.0,5.936248525777183,405,0.1496616536041895,-0.05087655259835408,15637.10672414521
552,94.10345251046091,94.10345251046091,-0.0049725287622394915,0.0,5.936248525777183,405,0.1499407884579374,-0.05222180785057608,15616.086448783602
553,94.31747705640241,94.31747705640241,0.002271771384218236,0.0,5.936248525777183,405,0.14976098017393644,-0.049333415702289746,15624.7183963499
554,94.7232068207552,94.7232068207552,0.004292519250563837,0.0,5.936248525777183,405,0.14964976514992068,-0.07759261507853042,15635.494182282993
555,94.53446554819905,94.53446554819905,-0.00199454355286722,0.0,5.936248525777183,405,0.14985191858451954,-0.0739394706974371,15624.196707820225
556,94.40299523704124,94.40299523704124,-0.0013916809491400484,0.0,5.936248525777183,405,0.15012083479563829,-0.08312380693152514,15615.322306863553
557,94.55282409766643,94.55282409766643,0.0015858616321403755,0.0,5.936248525777183,405,0.15013921746410985,-0.06340008748402547,15617.000043037535
558,93.93597557519318,93.93597557519318,-0.006545224179785989,0.0,5.936248525777183,405,0.15054034136654376,-0.06500116730958623,15588.800214688808
559,93.83372433473218,93.83372433473218,-0.001089113425832954,0.0,5.936248525777183,405,0.15075807371998098,-0.05919257925475863,15581.439054199893
560,94.06657326846765,94.06657326846765,0.002478431975867819,0.0,5.936248525777183,405,0.15071503301277162,-0.06106956609365988,15586.848042415482
561,95.27276626089396,95.27276626089396,0.012741243453044606,0.0,5.936248525777183,405,0.15013617349913636,-0.0427583353886201,15637.889619734313
562,95.00740753571816,95.00740753571816,-0.0027891386885606486,0.0,5.936248525777183,405,0.15061213684199265,-0.09795597818345098,15620.620845517222
563,95.10174662420484,95.10174662420484,0.0009924729468946036,0.0,5.936248525777183,405,0.15067151060301467,-0.007676135298950494,15620.573034807301
564,94.72335041267395,94.72335041267395,-0.003986793302251724,0.0,5.936248525777183,405,0.15092757214906918,0.004431031351778932,15601.814841383282
565,93.7835660903313,93.7835660903313,-0.009970903198584334,0.0,5.936248525777183,405,0.15242617560073377,0.028573143320992055,15546.27908010591
566,93.40932890404618,93.40932890404618,-0.003998417620331623,0.0,5.936248525777183,405,0.15264064902614063,0.05685105526487502,15530.180452969033
567,92.74654264936511,92.74654264936511,-0.0071207966714902475,0.0,5.936248525777183,405,0.15299022926418224,0.06967116512225861,15504.254569618006
568,92.60643599601256,92.60643599601256,-0.0015117823415712317,0.0,5.936248525777183,405,0.15328213852148334,0.04659796049998917,15494.253784523713
569,92.83402029199766,92.83402029199766,0.002454528152070191,0.0,5.936248525777183,405,0.15329240055989807,0.04353082774969989,15499.49084765332
570,93.17148920107633,93.17148920107633,0.0036285944462349988,0.0,5.936248525777183,405,0.1528990104234631,0.049502822242200296,15515.149712770315
571,93.83604175931667,93.83604175931667,0.007107257683259241,0.0,5.936248525777183,405,0.15240007744528422,0.050790556421131464,15539.629023997359
572,93.83000534339385,93.83000534339385,-6.433146558039272e-05,0.0,5.936248525777183,405,0.15251955589672933,0.04970103738939575,15533.65156566102
573,94.30145838786116,94.30145838786116,0.005011963677060307,0.0,5.936248525777183,405,0.1521042604858751,0.047787480757387556,15556.498776619721
574,93.62330227371729,93.62330227371729,-0.007217346511675086,0.0,5.936248525777183,405,0.15206130549423474,0.025042302994919177,15549.193869165252
575,93.46695188035851,93.46695188035851,-0.0016713904255823188,0.0,5.936248525777183,405,0.15244458123295357,0.053228842009548,15534.180023543391
576,93.46200215218889,93.46200215218889,-5.295838942010603e-05,0.0,5.936248525777183,405,0.15248844356713684,0.04507084516031518,15532.915285890485
577,94.0682106633557,94.0682106633557,0.006465204871612327,0.0,5.936248525777183,405,0.15185354325143857,0.027438316394967775,15560.783774788108
578,94.6318076347601,94.6318076347601,0.00597348799823483,0.0,5.936248525777183,405,0.1517644943353655,0.039108889535361124,15574.508121865285
579,94.86931122704216,94.86931122704216,0.0025066207319979633,0.0,5.936248525777183,405,0.15175605925691377,0.039480930217645156,15579.960574934514
580,94.07554161883743,94.07554161883743,-0.008402179429934205,0.0,5.936248525777183,405,0.15296779604562555,0.04684234842238753,15530.478483378743
581,94.69424525539276,94.69424525539276,0.006555136415245797,0.0,5.936248525777183,405,0.15294772204489776,0.009764039973492546,15547.618731649869
582,95.65887663999995,95.65887663999995,0.010135264738726073,0.0,5.936248525777183,405,0.15259439226857727,0.0432359721490461,15586.323915865174
583,96.81733907191244,96.81733907191244,0.012037605959881735,0.0,5.936248525777183,405,0.15149515740331804,0.09488284933422485,15642.05675380876
584,96.83224999013748,96.83224999013748,0.00015399896614014857,0.0,5.936248525777183,405,0.15156812942433415,0.09144722038008891,15640.231916476758
585,97.36585163825849,97.36585163825849,0.005495450125847614,0.0,5.936248525777183,405,0.15116664693787565,0.089162105444058,15656.868399324561
586,97.03475419492322,97.03475419492322,-0.0034063449757774705,0.0,5.936248525777183,405,0.15135698385641275,0.06319770928082696,15645.10086246244
587,97.58826274018021,97.58826274018021,0.005688022375827494,0.0,5.936248525777183,405,0.15135785850828645,0.0825800282861163,15654.533332174227
588,97.39555116890666,97.39555116890666,-0.0019766936563480626,0.0,5.936248525777183,405,0.15147089036264824,0.06389506279055128,15647.637198960181
589,97.35584400520827,97.35584400520827,-0.0004077728348297495,0.0,5.936248525777183,405,0.15149895403901278,0.0717309394684669,15645.729077830694
590,98.10903296057212,98.10903296057212,0.007706680554515137,0.0,5.936248525777183,405,0.1512410710664736,0.06635134214588995,15667.46238861723
591,99.06181843727853,99.06181843727853,0.009664642478428275,0.0,5.936248525777183,405,0.15095782677006095,0.1044589341829676,15692.478123371371
592,98.95712929193085,98.95712929193085,-0.0010573650279624225,0.0,5.936248525777183,405,0.15102224794793256,0.09383886803073091,15684.450545625688
593,99.76955317216117,99.76955317216117,0.008176339444716196,0.0,5.936248525777183,405,0.1503754351154087,0.0775150967587516,15731.394263106498
594,100.36888947659587,100.36888947659587,0.005989235132087009,0.0,5.936248525777183,405,0.15055681667757884,0.09696258243364086,15736.074614521356
595,100.24927191448435,100.24927191448435,-0.0011924900064589849,0.0,5.936248525777183,405,0.1508108966277881,0.0900803659417901,15727.72566670737
596,101.08454944491021,101.08454944491021,0.008297486404079785,0.0,5.936248525777183,405,0.1507149740383335,0.07697113722507891,15747.480850719086
597,101.3254281582361,101.3254281582361,0.0023801082327203917,0.0,5.936248525777183,405,0.15073682549462214,0.06047355919126148,15751.9618883153
598,101.1410817468509,101.1410817468509,-0.0018210069646944257,0.0,5.936248525777183,405,0.15110162215257347,0.03846496841199897,15737.173057795353
599,101.2017486761357,101.2017486761357,0.0005996449785329893,0.0,5.936248525777183,405,0.15115397137123898,0.058643705586983626,15737.033697068007
600,100.85568572852827,100.85568572852827,-0.0034253952298229154,0.0,5.807331858256937,365,0.1716500798625355,0.08917316511959505,15588.738942627362
601,101.48619106630207,101.48619106630207,0.006232099735818814,0.0,5.807331858256937,365,0.17154382351863584,0.09442680469072058,15607.252867514922
602,101.08511966530125,101.08511966530125,-0.0039598097442517625,0.0,5.807331858256937,365,0.17169659848286714,0.08200982128171294,15591.623899231694
603,100.96483645901685,100.96483645901685,-0.0011906285237677887,0.0,5.807331858256937,365,0.1719249785919661,0.09275643167194136,15582.178374068468
604,102.0255468870946,102.0255468870946,0.010450939251370481,0.0,5.807331858256937,365,0.17219593236644845,0.07464635772667809,15610.169619130147
605,101.83986287970134,101.83986287970134,-0.0018216337823342167,0.0,5.807331858256937,365,0.17227548930129186,0.05710034511458839,15602.076707840877
606,102.32181469405494,102.32181469405494,0.00472128477124143,0.0,5.807331858256937,365,0.17219825174319756,0.05038398577660563,15616.252522904586
607,101.99925061416873,101.99925061416873,-0.003157426253419571,0.0,5.807331858256937,365,0.17233220876497185,0.044761326455850715,15607.03397560667
608,101.75440991783246,101.75440991783246,-0.002403302238047046,0.0,5.807331858256937,365,0.17259409008042625,0.07843479915233127,15596.068938771657
609,102.02613173727529,102.02613173727529,0.002666809875697761,0.0,5.807331858256937,365,0.17251455422531367,0.08484578952422675,15601.323036595155
610,100.68147807252585,100.68147807252585,-0.013267122920495485,0.0,5.807331858256937,365,0.17355770735432804,0.06083792799598027,15543.659583383585
611,101.73323251398725,101.73323251398725,0.010392168671325272,0.0,5.807331858256937,365,0.17273599259325306,-0.01943807892211952,15589.811110248023
612,100.78917611062161,100.78917611062161,-0.009323049709153852,0.0,5.807331858256937,365,0.17333778467430083,-0.0644363212401295,15547.34369766394
613,100.18968418568046,100.18968418568046,-0.0059657389045934955,0.0,5.807331858256937,365,0.17384977183253428,-0.027986349324878878,15520.246127800167
614,100.30972436286929,100.30972436286929,0.0011974119265544955,0.0,5.807331858256937,365,0.17378128791262837,-0.023885722403391475,15524.564766645204
615,100.31993904451699,100.31993904451699,0.00010182623529387774,0.0,5.807331858256937,365,0.17391210298898244,-0.02765114906557973,15520.33326915836
616,99.78093710092853,99.78093710092853,-0.005387315214198126,0.0,5.807331858256937,365,0.1744304239428321,-0.023629263128956385,15495.531756508113
617,100.20071152547831,100.20071152547831,0.004198135618478571,0.0,5.807331858256937,365,0.17412302133817148,-0.031367918969143996,15511.713621606183
618,99.99954405859006,99.99954405859006,-0.002009663114632029,0.0,5.807331858256937,365,0.17435019370486549,-0.04507939000139773,15500.388866203324
619,99.28129209889111,99.28129209889111,-0.007208471057223394,0.0,5.807331858256937,365,0.17488791989415098,-0.029915330086239162,15473.413891992062
620,99.31144133107686,99.31144133107686,0.00030362875717213,0.0,5.807331858256937,365,0.1748996031168657,-0.03649740839891038,15473.896823478908
621,99.1897400266587,99.1897400266587,-0.0012262024722938885,0.0,5.807331858256937,365,0.17510736779804822,-0.016640085992167937,15464.978700336083
622,99.62217318077082,99.62217318077082,0.004350180319529316,0.0,5.807331858256937,365,0.17493272466247187,-0.019904492995124926,15477.154920863315
623,99.49380769402002,99.49380769402002,-0.0012893541138195364,0.0,5.807331858256937,365,0.17514771346550514,-0.02312853896126525,15466.853689077212
624,99.42190133140993,99.42190133140993,-0.0007229832786413731,0.0,5.807331858256937,365,0.17513274638260687,-0.04902236106046863,15464.869375665961
625,99.69077132490175,99.69077132490175,0.0027006835208035424,0.0,5.807331858256937,365,0.17523202002952454,-0.08475467527116752,15469.403807054956
626,99.76437934147668,99.76437934147668,0.0007380909409527443,0.0,5.807331858256937,365,0.17532345118430087,-0.11009059257958467,15467.312972085563
627,99.33549299158324,99.33549299158324,-0.004308260053120374,0.0,5.807331858256937,365,0.17579256294542506,-0.12420021226274433,15444.063898978502
628,99.23589959044914,99.23589959044914,-0.0010030992701422102,0.0,5.807331858256937,365,0.17580252086044104,-0.11553215681757381,15440.940699053976
629,98.42336685170243,98.42336685170243,-0.008221595984564943,0.0,5.807331858256937,365,0.17594505825519394,-0.1010792952021522,15412.900785614633
630,98.0459645537967,98.0459645537967,-0.0038418491008691768,0.0,5.807331858256937,365,0.1762506643346068,-0.08540957930391717,15395.222948459643
631,97.7390269553649,97.7390269553649,-0.0031354584182062494,0.0,5.807331858256937,365,0.1765477234309939,-0.07348771062865951,15380.914835956039
632,98.32470660979065,98.32470660979065,0.0059743980781281165,0.0,5.807331858256937,365,0.17626151290377318,-0.08155151497096584,15400.973980550501
633,98.43187050473288,98.43187050473288,0.0010893044299752949,0.0,5.807331858256937,365,0.17631752860895084,-0.06252809669385007,15400.275504975896
634,98.26431519423129,98.26431519423129,-0.0017036970029163845,0.0,5.807331858256937,365,0.1765681362773751,-0.07653320713350499,15386.76141733031
635,97.93852744414279,97.93852744414279,-0.0033209309826735573,0.0,5.807331858256937,365,0.1765532716035223,-0.07130994745647079,15380.330598077437
636,97.59505674583764,97.59505674583764,-0.0035131668352250895,0.0,5.807331858256937,365,0.17683605259255578,-0.05814749858339049,15367.286297354467
637,97.43624305302747,97.43624305302747,-0.0016285973387465196,0.0,5.807331858256937,365,0.17708298384412416,-0.07157669526609793,15357.44047623049
638,97.81143801770034,97.81143801770034,0.003843276646789572,0.0,5.807331858256937,365,0.17691583439969277,-0.08268944647880629,15368.33781177737
639,97.64669854731093,97.64669854731093,-0.0016856756366709893,0.0,5.807331858256937,365,0.17718789881600328,-0.07647887086445897,15356.344441358162
640,98.08037071136641,98.08037071136641,0.004431404152512326,0.0,5.807331858256937,365,0.1772385859129516,-0.05252603941229941,15366.674617590652
641,98.0084379230693,98.0084379230693,-0.0007336756444666419,0.0,5.807331858256937,365,0.17727706736648324,-0.09209970831324886,15361.588723884219
642,98.44036897841785,98.44036897841785,0.004397397552937245,0.0,5.807331858256937,365,0.17708444069244295,-0.17210587468997568,15373.562904677448
643,99.30698520418525,99.30698520418525,0.008764939257277615,0.0,5.807331858256937,365,0.17658384100782998,-0.15563922197198637,15416.328439032872
644,99.18883611838085,99.18883611838085,-0.001190444201496787,0.0,5.807331858256937,365,0.17657494827287087,-0.1635985490012842,15413.463874405592
645,98.534290038503,98.534290038503,-0.006620859012731258,0.0,5.807331858256937,365,0.17695669521004107,-0.1412177465404076,15386.887022302066
646,98.2654941048998,98.2654941048998,-0.002731670686733466,0.0,5.807331858256937,365,0.17714776063114399,-0.11511664406871211,15373.660513446195
647,98.25261129233195,98.25261129233195,-0.00013111069395129376,0.0,5.807331858256937,365,0.17727592748844928,-0.10889484375934509,15368.689455649592
648,98.84584956205084,98.84584956205084,0.006019733067287393,0.0,5.807331858256937,365,0.17690998966926233,-0.1086874107135756,15395.54583700986
649,99.46370030816767,99.46370030816767,0.006231195075257263,0.0,5.807331858256937,365,0.1769574885997024,-0.08005110046161393,15414.472459514325
650,99.21977090086467,99.21977090086467,-0.002455458709055768,0.0,5.807331858256937,365,0.17721491769615227,-0.14167360752905991,15400.159305416853
651,99.33025442682438,99.33025442682438,0.0011129037851361167,0.0,5.807331858256937,365,0.17726534243444542,-0.1449791895374202,15401.848199318343
652,99.68299941272996,99.68299941272996,0.0035449433492605637,0.0,5.807331858256937,365,0.17717013292439585,-0.134473006010928,15414.992604156667
653,99.377098380471,99.377098380471,-0.0030734564731827825,0.0,5.807331858256937,365,0.17737007663651563,-0.18518477689909343,15397.873885314806
654,99.83940335870629,99.83940335870629,0.004641240098879445,0.0,5.807331858256937,365,0.17734882083464593,-0.19277426364562827,15406.347527217053
655,99.82347790692523,99.82347790692523,-0.00015952340979837295,0.0,5.807331858256937,365,0.17748609552267527,-0.1861724135217606,15401.33366852547
656,99.3308256324189,99.3308256324189,-0.004947453011559394,0.0,5.807331858256937,365,0.1774131171104314,-0.21081208675589394,15392.265833383868
657,99.55852961846436,99.55852961846436,0.002289756384856298,0.0,5.807331858256937,365,0.17746699755245976,-0.2170649764767961,15394.08739056535
658,99.2437526842249,99.2437526842249,-0.0031667362532033336,0.0,5.807331858256937,365,0.17784081952464495,-0.22075668363236695,15373.769545549767
659,98.65112147887457,98.65112147887457,-0.005989371674794901,0.0,5.807331858256937,365,0.17836639819861297,-0.20107081264577992,15336.447409153681
660,99.20788919115955,99.20788919115955,0.005627938601056199,0.0,5.807331858256937,365,0.17854029965979623,-0.206929263433289,15348.035541351823
661,99.09979838614085,99.09979838614085,-0.0010901323800779014,0.0,5.807331858256937,365,0.1785465043560223,-0.19926911016004362,15341.980721325135
662,98.10575474457627,98.10575474457627,-0.010081380010252453,0.0,5.807331858256937,365,0.1795727438715442,-0.18457700818863448,15292.650418159288
663,99.62378283050884,99.62378283050884,0.015354892650177381,0.0,5.807331858256937,365,0.1785995411851481,-0.2434839245682421,15365.751390174772
664,99.55978687017465,99.55978687017465,-0.0006425827454786642,0.0,5.807331858256937,365,0.1786433613109192,-0.25626805038316075,15361.769148347063
665,100.37640696195872,100.37640696195872,0.008168852444626588,0.0,5.807331858256937,365,0.17839468355475163,-0.2412991674226596,15392.871314458402
666,99.28037277809588,99.28037277809588,-0.010979293519382474,0.0,5.807331858256937,365,0.1787880909954191,-0.27451205459008066,15347.389073585135
667,100.56673767435534,100.56673767435534,0.012873667867513199,0.0,5.807331858256937,365,0.17853756393992778,-0.3291057970861117,15377.81531703494
668,99.97937643416783,99.97937643416783,-0.005857634512175094,0.0,5.807331858256937,365,0.17907056035083033,-0.36052930240289033,15350.619400363275
669,99.33580193431338,99.33580193431338,-0.006457879844056674,0.0,5.807331858256937,365,0.17944123446571814,-0.3160655879740299,15324.38023833894
670,98.86395780451271,98.86395780451271,-0.0047613077010417405,0.0,5.807331858256937,365,0.1799528866670167,-0.2484644850930994,15302.369548610877
671,98.43138033046628,98.43138033046628,-0.004385082499189718,0.0,5.807331858256937,365,0.18046497788573915,-0.19440598801423423,15282.100688470062
672,99.15128644960525,99.15128644960525,0.0072871706473463084,0.0,5.807331858256937,365,0.18015363152364855,-0.24697645488551612,15304.793005739808
673,98.86752645531682,98.86752645531682,-0.002865992219196629,0.0,5.807331858256937,365,0.18027313128910302,-0.2581210410232413,15295.975195714682
674,97.93335182678591,97.93335182678591,-0.009493673535323766,0.0,5.807331858256937,365,0.18068606066904971,-0.23143300495023997,15267.23894082647
675,97.98949812143137,97.98949812143137,0.0005731469932914108,0.0,5.807331858256937,365,0.18075746312099722,-0.23512883823430458,15265.42441021984
676,97.71039929827326,97.71039929827326,-0.0028523163891266768,0.0,5.807331858256937,365,0.18103133310482813,-0.2254742107586541,15253.005398694928
677,97.35471988065859,97.35471988065859,-0.0036467802474742807,0.0,5.807331858256937,365,0.1814934954616214,-0.2176323360609968,15232.99413759664
678,96.83400824101169,96.83400824101169,-0.005362956879237317,0.0,5.807331858256937,365,0.18206227295800576,-0.21150069345479305,15208.037073924554
679,97.84664497819563,97.84664497819563,0.01040314847091511,0.0,5.807331858256937,365,0.18131086100064853,-0.2311023305898192,15252.3939200196
680,97.67315721531226,97.67315721531226,-0.001774631586854156,0.0,5.807331858256937,365,0.18153987401640825,-0.239863312550775,15242.109524500624
681,96.9692567839672,96.9692567839672,-0.007232786374627678,0.0,5.807331858256937,365,0.1822588454217362,-0.22554863837167013,15206.760373466845
682,97.55642688089782,97.55642688089782,0.006036959944271867,0.0,5.807331858256937,365,0.18186714344153862,-0.24504257016923003,15231.126679970872
683,97.81600308290058,97.81600308290058,0.0026572465192649373,0.0,5.807331858256937,365,0.1818542187439272,-0.23367355683162985,15236.983319295641
684,98.7752685199412,98.7752685199412,0.009759060435576209,0.0,5.807331858256937,365,0.18130559580322836,-0.2053496191768647,15269.148257552624
685,98.49189797926822,98.49189797926822,-0.002872964017394803,0.0,5.807331858256937,365,0.18163732504346558,-0.221074350298755,15251.789813705778
686,98.96919422632158,98.96919422632158,0.00483434150282748,0.0,5.807331858256937,365,0.18170880960015567,-0.2233730222498001,15261.085921851689
687,98.83557282854403,98.83557282854403,-0.001351043456557483,0.0,5.807331858256937,365,0.18175174845851572,-0.23039484595611304,15255.620439886568
688,98.59187893228186,98.59187893228186,-0.0024686943771370317,0.0,5.807331858256937,365,0.18209061840958443,-0.23201539975782454,15240.052543483145
689,99.84222670065655,99.84222670065655,0.012602312616739872,0.0,5.807331858256937,365,0.18151598533653396,-0.25379410012678916,15299.26229034417
690,99.62215269514824,99.62215269514824,-0.002206650585689355,0.0,5.807331858256937,365,0.18146080036940268,-0.277151979985188,15293.48745231925
691,99.73459599265317,99.73459599265317,0.0011280612286157646,0.0,5.807331858256937,365,0.18153504889101207,-0.2699641627463458,15294.004443394653
692,99.8198999207774,99.8198999207774,0.0008549437378465463,0.0,5.807331858256937,365,0.18161643553855245,-0.2765823881224148,15293.183908496365
693,98.92590169304896,98.92590169304896,-0.008996459298278055,0.0,5.807331858256937,365,0.18225112900633264,-0.2672070684280657,15247.958816539734
694,98.01417426555729,98.01417426555729,-0.009258998571066396,0.0,5.807331858256937,365,0.18273824761150825,-0.2195546749301136,15204.67806758397
695,97.35180151850282,97.35180151850282,-0.0067808663447560666,0.0,5.807331858256937,365,0.18334557546291413,-0.19247072086343217,15173.27300996678
696,97.35211991521261,97.35211991521261,3.2705731599107453e-06,0.0,5.807331858256937,365,0.1834353006759183,-0.1964064923623166,15170.587176082016
697,96.9341754287652,96.9341754287652,-0.004302363482696231,0.0,5.807331858256937,365,0.18352131695106347,-0.1922972689589631,15156.489549211728
698,96.5397009757287,96.5397009757287,-0.00407781150608358,0.0,5.807331858256937,365,0.18372484937716232,-0.1818418406975089,15142.006356283995
699,97.0945246075666,97.0945246075666,0.005730651681541459,0.0,5.807331858256937,365,0.18349625550446802,-0.1863298451042417,15159.811485206374
700,96.98009675669984,96.98009675669984,-0.0011792151217110516,0.0,5.807331858256937,365,0.18359677752593434,-0.18976380995161243,15153.626650744172
701,96.96418258901186,96.96418258901186,-0.00016411072063985627,0.0,5.807331858256937,365,0.1837137709406024,-0.18863667700454045,15148.913793382228
702,96.56193332661599,96.56193332661599,-0.004157060040914566,0.0,5.807331858256937,365,0.18368778741767683,-0.2089191962240348,15139.188203190964
703,96.27054520313268,96.27054520313268,-0.0030221915674287954,0.0,5.807331858256937,365,0.18367499860953346,-0.20872843820991485,15129.989594620673
704,96.185245008605,96.185245008605,-0.0008864394261082873,0.0,5.807331858256937,365,0.18388532153073944,-0.21029391126243693,15121.182371770517
705,96.51213631230385,96.51213631230385,0.003392797712460514,0.0,5.807331858256937,365,0.1837515869578666,-0.22062464469917564,15133.15082476588
706,96.10378892324988,96.10378892324988,-0.004240023251659511,0.0,5.807331858256937,365,0.18366689949529824,-0.22634231722642204,15125.395917227446
707,96.98529015895352,96.98529015895352,0.009130577077965803,0.0,5.807331858256937,365,0.1833603178057559,-0.2342603839315049,15157.280141414243
708,96.99519984484395,96.99519984484395,0.0001021719854286285,0.0,5.807331858256937,365,0.18344742196718286,-0.25663305118363217,15154.284385867795
709,96.82408834463341,96.82408834463341,-0.001765681282437359,0.0,5.807331858256937,365,0.18367253644384451,-0.2556426373638412,15142.783150280904
710,96.33027824523057,96.33027824523057,-0.005113124636734784,0.0,5.807331858256937,365,0.1840037126979817,-0.24909778735218044,15121.311314146256
711,97.09893587499795,97.09893587499795,0.007947730950283118,0.0,5.807331858256937,365,0.18379964168697163,-0.2619364340577088,15148.805431457158
712,98.13126029321006,98.13126029321006,0.010575557059578947,0.0,5.807331858256937,365,0.18333939312556702,-0.2053194174909193,15185.911095139036
713,98.18388933343415,98.18388933343415,0.0005361689261881015,0.0,5.807331858256937,365,0.18333482357474132,-0.19607245696782444,15186.923781455045
714,98.24631237562448,98.24631237562448,0.0006355748123104718,0.0,5.807331858256937,365,0.18342008211482932,-0.19804114386433536,15184.985111954984
715,98.58377255478204,98.58377255478204,0.003428952539684652,0.0,5.807331858256937,365,0.18332609941927383,-0.19528652939561517,15194.11513404941
716,98.54250287834095,98.54250287834095,-0.000418713101065497,0.0,5.807331858256937,365,0.18343178197534193,-0.1924056306000577,15189.966520763068
717,98.09485967436463,98.09485967436463,-0.004552990046835162,0.0,5.807331858256937,365,0.18353680267823305,-0.18745703278000253,15171.840297521048
718,97.51540689392988,97.51540689392988,-0.005924581419277835,0.0,5.807331858256937,365,0.18381767809351424,-0.1819674724892304,15147.174232235275
719,98.50975867200843,98.50975867200843,0.010145231137955514,0.0,5.807331858256937,365,0.18340327632970488,-0.18704946186746654,15185.263298871092
720,97.76759315504584,97.76759315504584,-0.007562452286320488,0.0,5.807331858256937,365,0.1835931304938575,-0.2155519595760898,15159.926065811635
721,97.95174715776034,97.95174715776034,0.0018818176759087424,0.0,5.807331858256937,365,0.1835563888168178,-0.22550171558115614,15164.178517527225
722,97.26109260998399,97.26109260998399,-0.007075942651028,0.0,5.807331858256937,365,0.18352685737403662,-0.17028274597194357,15147.403241978514
723,97.24547156685362,97.24547156685362,-0.0001606222723645366,0.0,5.807331858256937,365,0.18357638360776987,-0.18840638108264535,15144.345369926066
724,97.12478357384919,97.12478357384919,-0.0012418361896686116,0.0,5.807331858256937,365,0.18381761168200117,-0.1874977704413005,15133.594615062944
725,96.48675163130093,96.48675163130093,-0.006590870234289704,0.0,5.807331858256937,365,0.18438703868045728,-0.14395038055498185,15096.58710888975
726,96.82913944990112,96.82913944990112,0.0035422662327313824,0.0,5.807331858256937,365,0.18444549099744034,-0.09153252623355893,15102.812988953594
727,96.35580908254344,96.35580908254344,-0.0049002918511096725,0.0,5.807331858256937,365,0.18470870655363777,-0.07063973996447546,15083.74387745043
728,95.68314179682706,95.68314179682706,-0.0070055583382688386,0.0,5.807331858256937,365,0.1850401381305554,-0.07179104789319812,15059.657623662795
729,96.08017960899758,96.08017960899758,0.004140920970716432,0.0,5.807331858256937,365,0.18485804222938035,-0.10318696645108245,15071.914310696871
730,95.94538103889501,95.94538103889501,-0.0014039650949567238,0.0,5.807331858256937,365,0.18502872003989715,-0.11577892420679202,15063.617366923949
731,95.62160335723046,95.62160335723046,-0.0033803109757039457,0.0,5.807331858256937,365,0.18516291951217465,-0.0975747795042683,15050.705547388408
732,95.64427537808659,95.64427537808659,0.00023707334640382438,0.0,5.807331858256937,365,0.18518740675523093,-0.09178810838312723,15050.24805434853
733,95.47630328009262,95.47630328009262,-0.0017577609111714334,0.0,5.807331858256937,365,0.18528271211273,-0.10453223635372132,15042.228900787406
734,94.98608503493718,94.98608503493718,-0.005147675947976832,0.0,5.807331858256937,365,0.1854224777725906,-0.0990884478874423,15024.488376156442
735,94.9018999631845,94.9018999631845,-0.0008866814534795786,0.0,5.807331858256937,365,0.18555271895454395,-0.0965221001002195,15017.977630554476
736,94.85234450385762,94.85234450385762,-0.0005223120103865277,0.0,5.807331858256937,365,0.185664583399911,-0.10139072977949527,15011.895911774533
737,95.13640467839888,95.13640467839888,0.0029902863978168237,0.0,5.807331858256937,365,0.1855159443479609,-0.11128106459276457,15020.258870654658
738,95.22637455303598,95.22637455303598,0.0009452465623719917,0.0,5.807331858256937,365,0.18554282023116866,-0.07647151638668351,15021.336629833424
739,95.92633823191083,95.92633823191083,0.007323639798367437,0.0,5.807331858256937,365,0.18550361378958743,-0.06330890040839268,15039.174506820744
740,95.38317909823117,95.38317909823117,-0.005678343667465726,0.0,5.807331858256937,365,0.18609115615818464,-0.0940724099907708,15010.329056301043
741,95.23586877700396,95.23586877700396,-0.0015455994791156505,0.0,5.807331858256937,365,0.1863066596031697,-0.06435091923049986,14999.414223894179
742,95.32073186308118,95.32073186308118,0.0008906864564384421,0.0,5.807331858256937,365,0.18632409974377143,-0.08007612127505445,15000.506790009815
743,96.04421710909477,96.04421710909477,0.007561350152602153,0.0,5.807331858256937,365,0.18630820926772668,-0.08998544043171565,15015.861957763855
744,96.1490212575883,96.1490212575883,0.0010906123417486274,0.0,5.807331858256937,365,0.18635263298086208,-0.07160512296417712,15014.156286704188
745,96.64519064737775,96.64519064737775,0.005147151258445172,0.0,5.807331858256937,365,0.18619231044106913,-0.05565319804557306,15036.136258987446
746,97.32892839063832,97.32892839063832,0.0070498124023420095,0.0,5.807331858256937,365,0.18639491947593242,-0.02420939069701853,15045.712115159806
747,97.39232747201736,97.39232747201736,0.0006511778422796084,0.0,5.807331858256937,365,0.18644461782045846,-0.021317022012178086,15045.506463118825
748,97.33990022757204,97.33990022757204,-0.0005384547419946545,0.0,5.807331858256937,365,0.18647861686425388,-0.0022599778109409995,15041.529874186319
749,98.1767458066115,98.1767458066115,0.00856040348870689,0.0,5.807331858256937,365,0.1859947093349707,0.013173799545276534,15071.6170773119
750,98.1542525169366,98.1542525169366,-0.00022913640704109284,0.0,5.807331858256937,365,0.1861246825301899,0.015447497526480478,15067.220120418655
751,98.86318376340463,98.86318376340463,0.007196665631194921,0.0,5.807331858256937,365,0.18604774609922492,0.014106231672504896,15086.748053121035
752,99.0016830381967,99.0016830381967,0.001399938247253252,0.0,5.807331858256937,365,0.18603512764222058,0.027884064730482817,15090.285740607436
753,99.15160892548573,99.15160892548573,0.0015132316441731912,0.0,5.807331858256937,365,0.18607363913808675,-0.029450498854157677,15092.34949205277
754,98.81496994507653,98.81496994507653,-0.0034009710811850474,0.0,5.807331858256937,365,0.18632640399466266,-0.08470767473029796,15076.023386823708
755,98.93095655309563,98.93095655309563,0.0011730873386285021,0.0,5.807331858256937,365,0.1863621087892281,-0.09231640965956242,15076.787879810185
756,99.36608300301609,99.36608300301609,0.004388639883661582,0.0,5.807331858256937,365,0.18629175284337746,-0.08942556288966086,15086.533130734777
757,99.82782187239388,99.82782187239388,0.004636082581835645,0.0,5.807331858256937,365,0.18618863808216593,-0.09328381102091371,15098.015800066321
758,100.19520563821783,100.19520563821783,0.0036734188410140695,0.0,5.807331858256937,365,0.18620477520810538,-0.06463313507648573,15104.690566379346
759,99.56223807761722,99.56223807761722,-0.006337382650517335,0.0,5.807331858256937,365,0.186292820083835,-0.07359777995023352,15087.391822884958
760,99.63799987189797,99.63799987189797,0.0007606597131972041,0.0,5.807331858256937,365,0.1863546805353771,-0.07633593810675487,15085.198310283398
761,100.33586674102563,100.33586674102563,0.006979609025828513,0.0,5.807331858256937,365,0.1860692958950954,-0.07503515227898329,15117.69550587526
762,100.45533515457322,100.45533515457322,0.0011899767172809277,0.0,5.807331858256937,365,0.18611280508461284,-0.08693818043155518,15118.42131341171
763,99.94011142086137,99.94011142086137,-0.005142081596850081,0.0,5.807331858256937,365,0.18633835259570639,-0.09213663266415378,15095.824675718337
764,99.49398738982532,99.49398738982532,-0.004473906697252064,0.0,5.807331858256937,365,0.1865702644707779,-0.06553179834551583,15075.805867118475
765,98.45238117465892,98.45238117465892,-0.010524222663581637,0.0,5.807331858256937,365,0.18747530186529765,-0.012380509639594145,15025.562341122839
766,98.30475006935227,98.30475006935227,-0.0015006432760817754,0.0,5.807331858256937,365,0.1876511952992832,0.029516350157221274,15013.266932649229
767,97.97297354797833,97.97297354797833,-0.0033806876424913226,0.0,5.807331858256937,365,0.18763659294829418,0.03651135857683563,15004.504047203845
768,98.80837295554123,98.80837295554123,0.008490687163043562,0.0,5.807331858256937,365,0.1871880960814357,0.013931216814131618,15035.826427035923
769,98.52344507185694,98.52344507185694,-0.0028878067870027582,0.0,5.807331858256937,365,0.18741376590618733,-0.011945247234100896,15021.953722440916
770,98.50948601079375,98.50948601079375,-0.0001416926704571112,0.0,5.807331858256937,365,0.1875604019363797,0.018171481417966106,15016.681326648522
771,98.11450297341906,98.11450297341906,-0.004017653905996433,0.0,5.807331858256937,365,0.1879036013096005,-0.038538655062234736,14994.98020411106
772,97.8995315066409,97.8995315066409,-0.0021934302157135864,0.0,5.807331858256937,365,0.18806050361874183,-0.0387350254485761,14983.445319093933
773,97.87424704970893,97.87424704970893,-0.0002583027947767115,0.0,5.807331858256937,365,0.18818320680349632,-0.03869171641544495,14978.762448525902
774,96.89970763107654,96.89970763107654,-0.010006959633651369,0.0,5.807331858256937,365,0.18891416638569364,-0.03676949179905656,14934.483025012716
775,97.30839072037216,97.30839072037216,0.004208719368818718,0.0,5.807331858256937,365,0.18884974838700738,-0.06772626906392686,14945.899510566702
776,98.39327599324932,98.39327599324932,0.011087247283601604,0.0,5.807331858256937,365,0.1882986618635877,-0.029795502264691142,14987.37867438569
777,99.09419693242775,99.09419693242775,0.00709841360495959,0.0,5.807331858256937,365,0.18794200097524394,0.003811818140633618,15014.523430523745
778,99.45856337296497,99.45856337296497,0.0036702269864717935,0.0,5.807331858256937,365,0.18794253875440622,0.061063911650173955,15023.296852235495
779,99.93775651460608,99.93775651460608,0.004806448428290681,0.0,5.807331858256937,365,0.18777494046633933,0.12928224063543686,15038.83292575802
780,99.97842851396183,99.97842851396183,0.0004068905167541355,0.0,5.807331858256937,365,0.18782112463143938,0.14454390865008868,15038.415671251274
781,100.16412729613867,100.16412729613867,0.0018556656750278913,0.0,5.807331858256937,365,0.18785524273944132,0.15286313291007964,15041.849358645932
782,99.8144497845403,99.8144497845403,-0.003497153275965631,0.0,5.807331858256937,365,0.1881155989641002,0.1498558273252615,15023.729392643681
783,99.73421542844855,99.73421542844855,-0.0008041583272920758,0.0,5.807331858256937,365,0.1882137701410776,0.1526704615867937,15018.880053498313
784,98.99748416448148,98.99748416448148,-0.007414364597980505,0.0,5.807331858256937,365,0.1886798573324801,0.14538710244268094,14986.634517134624
785,98.56202795096426,98.56202795096426,-0.0044083619569918716,0.0,5.807331858256937,365,0.18912256204198133,0.1915376610775748,14964.663009498217
786,98.64236601302395,98.64236601302395,0.0008147695382357538,0.0,5.807331858256937,365,0.18916477589416178,0.20389393796029012,14963.35845584532
787,99.00827112443919,99.00827112443919,0.003702548443318729,0.0,5.807331858256937,365,0.189225416442973,0.17765270726597004,14968.29824322437
788,99.29573983072027,99.29573983072027,0.002899274767699473,0.0,5.807331858256937,365,0.18910063735094776,0.21213299068228775,14977.49882665368
789,99.83368744857931,99.83368744857931,0.0054030078213727776,0.0,5.807331858256937,365,0.1889939204412912,0.2244778575644784,14990.251012388248
790,100.0228073877917,100.0228073877917,0.0018925579157784635,0.0,5.807331858256937,365,0.18897270619460355,0.22295803358294883,14992.747829480626
791,98.83297456797865,98.83297456797865,-0.011966934101622187,0.0,5.807331858256937,365,0.18987793633808336,0.18912472024284233,14929.05130864522
792,98.67158415788352,98.67158415788352,-0.0016342959074775634,0.0,5.807331858256937,365,0.18988220190037125,0.20720853808365444,14923.361244708101
793,99.43684337103163,99.43684337103163,0.007725698790187187,0.0,5.807331858256937,365,0.18997669927853109,0.18069064518211078,14941.939315441827
794,100.13814428383847,100.13814428383847,0.0070279728699805255,0.0,5.807331858256937,365,0.18971862990545738,0.20329332006744671,14966.146501218125
795,99.5491834868674,99.5491834868674,-0.005898847076123239,0.0,5.807331858256937,365,0.1902796909707034,0.1687429773884214,14937.599950976752
796,99.380400959074,99.380400959074,-0.0016969076647318111,0.0,5.807331858256937,365,0.19033326252144567,0.18108837797536578,14930.804142438044
797,99.68720931116492,99.68720931116492,0.003082456202730454,0.0,5.807331858256937,365,0.19033050695966494,0.1770574408716619,14937.094092155563
798,100.20582878225876,100.20582878225876,0.005188981464439162,0.0,5.807331858256937,365,0.19023037153584002,0.18104306644421275,14951.524711037078
799,100.16798514585517,100.16798514585517,-0.0003777303641795126,0.0,5.807331858256937,365,0.1903335310551668,0.21060460903965497,14946.53803279758
800,99.8052933815719,99.8052933815719,-0.0036274062679555914,0.0,5.684237254057341,331,0.2092129681073491,0.20697923903901722,14807.443397923329
801,100.75815468861356,100.75815468861356,0.009501915582333103,0.0,5.684237254057341,331,0.2083830478528334,0.17292672491075384,14848.307965218368
802,100.93381161475877,100.93381161475877,0.0017418340826992904,0.0,5.684237254057341,331,0.20838632513640992,0.1775562602701042,14850.962836184854
803,101.70255643453545,101.70255643453545,0.007587468283270725,0.0,5.684237254057341,331,0.2081192126523134,0.18030672647886767,14873.190526242839
804,102.22648319906233,102.22648319906233,0.005138335552557025,0.0,5.684237254057341,331,0.20776993835384353,0.19584732576526132,14892.466672785302
805,102.5195641820471,102.5195641820471,0.0028628751266181777,0.0,5.684237254057341,331,0.20770185204366376,0.18620165025730692,14900.524972558584
806,102.27969653788887,102.27969653788887,-0.002342466989358459,0.0,5.684237254057341,331,0.207753962427604,0.18614218145801123,14892.989577068032
807,101.86557966881671,101.86557966881671,-0.004057085667572001,0.0,5.684237254057341,331,0.20790559142591156,0.19322939385808066,14876.500179814346
808,101.67090222490775,101.67090222490775,-0.0019129494768127325,0.0,5.684237254057341,331,0.20800631580825424,0.20714455270670062,14868.549008676935
809,101.41679611238398,101.41679611238398,-0.0025024287261943504,0.0,5.684237254057341,331,0.20839456858670802,0.22422791367633874,14851.752970826956
810,100.86076324178558,100.86076324178558,-0.005497735615213863,0.0,5.684237254057341,331,0.2084754179653404,0.2340062218806232,14834.905708418457
811,100.86769075704798,100.86769075704798,6.868158782561769e-05,0.0,5.684237254057341,331,0.20850396903612772,0.23788175086467878,14833.957235027354
812,100.82004710737267,100.82004710737267,-0.0004724496498000999,0.0,5.684237254057341,331,0.20856359311931172,0.2372225569921702,14830.55813175539
813,100.50625735394284,100.50625735394284,-0.0031172281075098358,0.0,5.684237254057341,331,0.20865951391075555,0.2405383616780583,14820.25932395255
814,99.988702809955,99.988702809955,-0.005162780083369821,0.0,5.684237254057341,331,0.20905139998783276,0.25221818110806205,14797.484368388437
815,100.50618265743354,100.50618265743354,0.005162036880518205,0.0,5.684237254057341,331,0.20883401173198635,0.22867330475779127,14816.510611166934
816,101.07414482857592,101.07414482857592,0.005635110143628863,0.0,5.684237254057341,331,0.20868889477597383,0.2323775603586415,14834.810421534443
817,99.78387509921721,99.78387509921721,-0.012847756618882933,0.0,5.684237254057341,331,0.2090089388621425,0.16074153621838436,14796.794792195446
818,99.08737117211274,99.08737117211274,-0.007004600091345326,0.0,5.684237254057341,331,0.20948697029604516,0.22312485436931218,14771.42936309984
819,99.17416050263625,99.17416050263625,0.0008755035365065686,0.0,5.684237254057341,331,0.2095407390758124,0.22685683654596434,14771.142945306006
820,98.60953742913627,98.60953742913627,-0.005709516135344409,0.0,5.684237254057341,331,0.20984128487821374,0.21591437333253938,14748.49819502813
821,98.60138405849769,98.60138405849769,-8.268680640734655e-05,0.0,5.684237254057341,331,0.2099491159613064,0.2158902778621725,14745.220994446807
822,98.3304546798451,98.3304546798451,-0.0027515058135573803,0.0,5.684237254057341,331,0.2100791782346786,0.2195296091315964,14735.145455012245
823,98.27212332751986,98.27212332751986,-0.0005933935824043303,0.0,5.684237254057341,331,0.2101441310499698,0.21063501425493933,14731.703463592641
824,97.86602280915011,97.86602280915011,-0.004140970093516126,0.0,5.684237254057341,331,0.21044571138886073,0.18567364633496575,14714.890153641842
825,97.83120340929503,97.83120340929503,-0.0003558497061542134,0.0,5.684237254057341,331,0.21052310133047705,0.18929533168078544,14711.141026642465
826,98.12443048995199,98.12443048995199,0.0029927927427960232,0.0,5.684237254057341,331,0.21040440828760207,0.18473476579921996,14719.462724725045
827,96.81575953121538,96.81575953121538,-0.013426586055911073,0.0,5.684237254057341,331,0.2107993256839267,0.15937965951641025,14683.171857864734
828,97.41327714522599,97.41327714522599,0.00615273091199615,0.0,5.684237254057341,331,0.21076785373969073,0.12658442322868915,14695.7275609806
829,98.34038659201765,98.34038659201765,0.009472276136034505,0.0,5.684237254057341,331,0.21036343531684365,0.15540535260386523,14719.597805260384
830,97.67988254986179,97.67988254986179,-0.006739165749059062,0.0,5.684237254057341,331,0.21107532860324627,0.1164662082418659,14674.656187338003
831,97.68655894247512,97.68655894247512,6.83473841764221e-05,0.0,5.684237254057341,331,0.21110418481022813,0.1120357991373676,14671.777830157358
832,98.46943065078763,98.46943065078763,0.00798217649803335,0.0,5.684237254057341,331,0.21063906182828113,0.10867181441147965,14709.63170564863
833,98.70067019363468,98.70067019363468,0.0023455853385033532,0.0,5.684237254057341,331,0.21071081284807863,0.11574261067187193,14712.167534200646
834,98.05524191845181,98.05524191845181,-0.006560723724694119,0.0,5.684237254057341,331,0.21111817904820343,0.13397964342938024,14685.949275504214
835,98.07752120604687,98.07752120604687,0.00022718578309877845,0.0,5.684237254057341,331,0.21121844060295936,0.1101011341921549,14682.960719413235
836,98.3096801371008,98.3096801371008,0.0023642990746010582,0.0,5.684237254057341,331,0.21121573809141575,0.07064438665122527,14688.548023694626
837,98.36576733100847,98.36576733100847,0.0005703527933978689,0.0,5.684237254057341,331,0.2112551037160485,0.056817794450239406,14688.720594310527
838,98.88437580605415,98.88437580605415,0.005258395880367546,0.0,5.684237254057341,331,0.21113452297398502,0.0472979076949491,14704.494760693897
839,99.44824936319625,99.44824936319625,0.005686155527266811,0.0,5.684237254057341,331,0.2109883899500209,0.0644087938587765,14722.147417711461
840,99.3548506734106,99.3548506734106,-0.0009396100628210732,0.0,5.684237254057341,331,0.21107865443085708,0.060772907027230094,14715.793452732834
841,99.72890878813887,99.72890878813887,0.003757800796155597,0.0,5.684237254057341,331,0.21109479674432352,0.062408525340166124,14722.588409008997
842,99.4753048397214,99.4753048397214,-0.002546171898758725,0.0,5.684237254057341,331,0.21132422447659846,0.05532039153779612,14711.464833301521
843,99.51830114687924,99.51830114687924,0.00043213758164503354,0.0,5.684237254057341,331,0.21140345408733582,0.051159069490682156,14709.819523269318
844,99.39463281694067,99.39463281694067,-0.0012434419764296811,0.0,5.684237254057341,331,0.2114535666167744,0.03154720024757213,14705.081433086329
845,99.1793854955017,99.1793854955017,-0.002167931208443951,0.0,5.684237254057341,331,0.21159756086081527,0.03572939236610127,14694.56286632627
846,99.25955759278575,99.25955759278575,0.0008080279041848425,0.0,5.684237254057341,331,0.21164255434206553,0.03309988254696482,14694.18852236197
847,98.73844721590442,98.73844721590442,-0.005263806376365029,0.0,5.684237254057341,331,0.21222072043751447,0.023511778194658727,14668.497414596348
848,99.2124175738931,99.2124175738931,0.0047887768943487286,0.0,5.684237254057341,331,0.21201074813230714,-0.0021718123884476273,14682.849270691228
849,99.0269100054026,99.0269100054026,-0.0018715521779051208,0.0,5.684237254057341,331,0.21216946748452692,-0.014936420477853016,14674.599891638414
850,99.48136717380217,99.48136717380217,0.004578730608346448,0.0,5.684237254057341,331,0.21184950806082023,-0.005172273145057226,14691.806033226812
851,99.04014443875772,99.04014443875772,-0.0044450947201170555,0.0,5.684237254057341,331,0.21220845286828594,-0.03290953275637786,14672.476711810052
852,98.43802128628643,98.43802128628643,-0.006098142710675701,0.0,5.684237254057341,331,0.21243192104209044,-0.005809552480653237,14653.256717256245
853,97.69747507183155,97.69747507183155,-0.007551409584339917,0.0,5.684237254057341,331,0.21282144610392065,-0.014616908018595493,14626.388617885545
854,98.36842495900754,98.36842495900754,0.006844152972498855,0.0,5.684237254057341,331,0.21279461834677765,-0.02181265257460235,14640.459422097054
855,98.57515834631118,98.57515834631118,0.002099418115243296,0.0,5.684237254057341,331,0.21274854191077558,-0.016566995341158627,14646.891771163711
856,98.94370097095594,98.94370097095594,0.003731725199358542,0.0,5.684237254057341,331,0.2128368958064091,-0.0070607848148634585,14654.664759212339
857,98.94312022210767,98.94312022210767,-5.8695050511715065e-06,0.0,5.684237254057341,331,0.2128671869548637,-0.018467789739385072,14652.066209644574
858,100.11032718747137,100.11032718747137,0.011727707895298145,0.0,5.684237254057341,331,0.2124985515579653,-0.015099429712733814,14685.265833347585
859,99.79773705444768,99.79773705444768,-0.0031273414504501516,0.0,5.684237254057341,331,0.21295436339244775,-0.038569649131338854,14664.32295459286
860,100.85890014510315,100.85890014510315,0.010577003565950316,0.0,5.684237254057341,331,0.21304719160509822,-0.034680358621545095,14695.334163108146
861,100.4309055329748,100.4309055329748,-0.004252527898012834,0.0,5.684237254057341,331,0.21323114358725215,-0.07508059430723295,14678.30824697608
862,100.19703174913592,100.19703174913592,-0.002331418973274733,0.0,5.684237254057341,331,0.21343475099670084,-0.07795907677363913,14664.765625173717
863,99.5466921661335,99.5466921661335,-0.006511762855775986,0.0,5.684237254057341,331,0.21347656441063914,-0.09742870602820262,14650.636700467128
864,98.83172039699421,98.83172039699421,-0.007208192218190822,0.0,5.684237254057341,331,0.214111966042645,-0.08259618752818135,14622.627787119805
865,99.33105184507014,99.33105184507014,0.005039619694973028,0.0,5.684237254057341,331,0.2138619302886888,-0.10057102554825628,14639.63019068459
866,98.83445650755091,98.83445650755091,-0.005011935539800603,0.0,5.684237254057341,331,0.21399823117030267,-0.11836625056215128,14625.485366511795
867,98.70789633468208,98.70789633468208,-0.0012813474008381075,0.0,5.684237254057341,331,0.21411127905100616,-0.1202782370614603,14619.825114168207
868,98.79179888575288,98.79179888575288,0.0008496474490718034,0.0,5.684237254057341,331,0.21415952300630814,-0.1226886791629928,14619.92135992053
869,99.19337560069279,99.19337560069279,0.004056639762930372,0.0,5.684237254057341,331,0.21410407288675395,-0.12448462292150488,14629.940017527235
870,99.27687124495856,99.27687124495856,0.0008413921030342767,0.0,5.684237254057341,331,0.2141206324061623,-0.12208249960763853,14631.205109336233
871,99.04238168313046,99.04238168313046,-0.0023647696090091127,0.0,5.684237254057341,331,0.2143354867469506,-0.12314832580821956,14620.994485620975
872,98.76476328360438,98.76476328360438,-0.002806962123164955,0.0,5.684237254057341,331,0.21442174939351066,-0.11977011392035602,14613.334970881051
873,98.69760520049628,98.69760520049628,-0.0006802114875163541,0.0,5.684237254057341,331,0.21452288013154935,-0.12818336418682486,14608.474183753136
874,97.71310677829347,97.71310677829347,-0.010024979365554562,0.0,5.684237254057341,331,0.21481170392276572,-0.10521304533275068,14581.391531163052
875,97.87080154492237,97.87080154492237,0.0016125539381271175,0.0,5.684237254057341,331,0.2147943457303825,-0.1386343449983216,14585.580559212267
876,98.45123018521129,98.45123018521129,0.005913043241782044,0.0,5.684237254057341,331,0.21487557086165582,-0.08582361654760268,14598.281251009983
877,98.80918773323702,98.80918773323702,0.003629293141666176,0.0,5.684237254057341,331,0.21491939892949813,-0.13325762170441008,14604.949802203953
878,99.19418552037165,99.19418552037165,0.0038888051854410887,0.0,5.684237254057341,331,0.21490182030688804,-0.12193994699192673,14612.809394473317
879,100.10024606422812,100.10024606422812,0.009092745635204909,0.0,5.684237254057341,331,0.21411026254644286,-0.09101117048056083,14653.62432711366
880,100.44154971764723,100.44154971764723,0.0034038189557103003,0.0,5.684237254057341,331,0.21415228815783988,-0.07541537622447957,14660.63386048367
881,100.42059798421833,100.42059798421833,-0.00020861803724197867,0.0,5.684237254057341,331,0.21422899507931994,-0.07718681858124647,14658.167152890795
882,100.7196560542804,100.7196560542804,0.0029736294394111422,0.0,5.684237254057341,331,0.2141375592123745,-0.08020535570427671,14667.702167665015
883,100.6155723140261,100.6155723140261,-0.0010339347998872313,0.0,5.684237254057341,331,0.2142043664473218,-0.08537267847850945,14663.13485405559
884,101.46538224351772,101.46538224351772,0.008410638606630766,0.0,5.684237254057341,331,0.21412006299999292,-0.09314862402757756,14686.307152615018
885,101.70469540656484,101.70469540656484,0.00235579251130467,0.0,5.684237254057341,331,0.21415499877991873,-0.08303854927949818,14688.76908156297
886,101.83056098026611,101.83056098026611,0.0012367939783989599,0.0,5.684237254057341,331,0.2141836475383047,-0.06184397697504642,14689.173289322145
887,101.20230919778348,101.20230919778348,-0.00618869040362642,0.0,5.684237254057341,331,0.2141352178432647,-0.01830343411371513,14678.132345180875
888,101.74383201867411,101.74383201867411,0.0053366287512591,0.0,5.684237254057341,331,0.21374696400646773,-0.07346472922808786,14699.0033482794
889,102.45906906881608,102.45906906881608,0.00700518916443889,0.0,5.684237254057341,331,0.2135549991762656,-0.008302647697154941,14718.562872787732
890,102.31390391871876,102.31390391871876,-0.001417815762471253,0.0,5.684237254057341,331,0.2136906017554435,-0.022349674149485157,14711.43443658484
891,101.34977290790582,101.34977290790582,-0.009467944682550248,0.0,5.684237254057341,331,0.21479257135996932,-0.0025983909987645102,14666.172365680197
892,101.60419495639867,101.60419495639867,0.002507191009321262,0.0,5.684237254057341,331,0.21474845981106336,-0.025974898495291287,14672.606445923218
893,100.79417896313718,100.79417896313718,-0.008004217644757708,0.0,5.684237254057341,331,0.21520955754216164,-0.02691021784171814,14644.909604242881
894,100.48975238077244,100.48975238077244,-0.0030248496484562336,0.0,5.684237254057341,331,0.21538272678301035,-0.008834492492859855,14633.329920642918
895,99.87987666845673,99.87987666845673,-0.006087525326113707,0.0,5.684237254057341,331,0.21553302589073203,0.006625195758855296,14615.127998621047
896,100.06142440367194,100.06142440367194,0.0018160108405366534,0.0,5.684237254057341,331,0.21551741170189667,-0.00030803324049268857,14619.110637415415
897,100.42563781409294,100.42563781409294,0.0036332899195680424,0.0,5.684237254057341,331,0.21558019558496627,0.002370165999152816,14626.060926793585
898,99.80187060747605,99.80187060747605,-0.006230604670081341,0.0,5.684237254057341,331,0.2155913984756287,-0.030839795546301757,14609.775319294895
899,99.97370244293889,99.97370244293889,0.0017202491296974029,0.0,5.684237254057341,331,0.21561286819931524,-0.03431607583606311,14611.690858017455
900,99.97872570255494,99.97872570255494,5.024454730261005e-05,0.0,5.684237254057341,331,0.21571535300672992,-0.03179354305269311,14609.323016991144
901,100.50712748953494,100.50712748953494,0.005271224897641201,0.0,5.684237254057341,331,0.21563606651998532,-0.02516546446956329,14626.241989718113
902,99.97744364937887,99.97744364937887,-0.0052840482396789516,0.0,5.684237254057341,331,0.21584074014307725,-0.042643973603794925,14606.442853682389
903,100.18572359253139,100.18572359253139,0.002081102344591437,0.0,5.684237254057341,331,0.2158349005172835,-0.0493381950596503,14610.868997490343
904,99.74077132279831,99.74077132279831,-0.004451165960470056,0.0,5.684237254057341,331,0.21583556460075243,-0.05649377306005473,14600.848668838125
905,99.62673841778253,99.62673841778253,-0.0011439468507138653,0.0,5.684237254057341,331,0.21599573925048351,-0.05200004155470899,14595.11061290748
906,99.96555940742108,99.96555940742108,0.0033951341689467734,0.0,5.684237254057341,331,0.21593237292759343,-0.05186648503661473,14602.929797028362
907,99.18181057996438,99.18181057996438,-0.00787108435190195,0.0,5.684237254057341,331,0.21643756658513105,-0.051365581702973735,14573.658036083574
908,99.08891861057455,99.08891861057455,-0.000937021582214776,0.0,5.684237254057341,331,0.21655283735054257,-0.04116303913170291,14568.867066562188
909,98.77321328685441,98.77321328685441,-0.0031911673912468153,0.0,5.684237254057341,331,0.21700581710622435,-0.03369706194385179,14550.35026807794
910,98.58729778441764,98.58729778441764,-0.0018840198215980257,0.0,5.684237254057341,331,0.21717327272130607,-0.017140178634021605,14542.346392243619
911,98.25355301956638,98.25355301956638,-0.003391014449473988,0.0,5.684237254057341,331,0.21757974847843486,-0.030362768643231855,14524.087753422578
912,98.48077238740073,98.48077238740073,0.0023099117898757538,0.0,5.684237254057341,331,0.2175693346110669,-0.06705579351434342,14528.792175790313
913,98.53242840308606,98.53242840308606,0.00052439142820676,0.0,5.684237254057341,331,0.2176568612885535,-0.03317013722762736,14526.88002559147
914,99.12566631249196,99.12566631249196,0.006002685511723777,0.0,5.684237254057341,331,0.21710540116034815,-0.04109930857937143,14554.855442115737
915,99.49221684420061,99.49221684420061,0.0036910165593125135,0.0,5.684237254057341,331,0.2169733353992865,-0.03114630014229247,14565.871838266983
916,100.24218427960888,100.24218427960888,0.00750968241565108,0.0,5.684237254057341,331,0.2167945562734365,-0.01219303846742832,14584.581096909506
917,100.33260706013152,100.33260706013152,0.0009016366019320461,0.0,5.684237254057341,331,0.2167571381774353,-0.006973198844711325,14587.478252817526
918,100.56912147962001,100.56912147962001,0.002354529555056428,0.0,5.684237254057341,331,0.2167205798916899,0.02100542159811676,14592.804883708952
919,101.41971624521175,101.41971624521175,0.008422245537821019,0.0,5.684237254057341,331,0.21649102197284079,0.05847154991315252,14614.226398717701
920,101.2103755333517,101.2103755333517,-0.0020662359129516483,0.0,5.684237254057341,331,0.21668934710243073,0.083238258577344,14605.275029900069
921,100.58469691894157,100.58469691894157,-0.006201148638618194,0.0,5.684237254057341,331,0.21734414191260953,0.08437144299425788,14575.678528103494
922,100.17911663912373,100.17911663912373,-0.004040377838776532,0.0,5.684237254057341,331,0.2175995462186049,0.09127778225166154,14560.16115154955
923,99.52583693672814,99.52583693672814,-0.0065424719912239564,0.0,5.684237254057341,331,0.21836283883799734,0.07594102281367301,14527.697060355227
924,100.0859419110727,100.0859419110727,0.005611957847133486,0.0,5.684237254057341,331,0.2180829420679401,0.07659689574958171,14546.245546773614
925,101.10378477851597,101.10378477851597,0.01011832530532688,0.0,5.684237254057341,331,0.2177400575641695,0.12913298345584623,14573.813400649247
926,101.1702590515574,101.1702590515574,0.0006572694565829234,0.0,5.684237254057341,331,0.21771111976248828,0.1278292750527816,14575.743966525824
927,101.52102522742011,101.52102522742011,0.0034610913564165745,0.0,5.684237254057341,331,0.217569195961698,0.12833305832210753,14584.73849074516
928,102.0348022912732,102.0348022912732,0.005048031895209046,0.0,5.684237254057341,331,0.2175180149234726,0.13552097939635202,14595.5302413483
929,102.92917467821367,102.92917467821367,0.008727173200923729,0.0,5.684237254057341,331,0.2166999628571204,0.15548752344846134,14636.408171228906
930,103.93107600464764,103.93107600464764,0.009686821489622894,0.0,5.684237254057341,331,0.2164101624394218,0.1956927843215628,14669.031277377358
931,103.00041154999445,103.00041154999445,-0.008994964861081981,0.0,5.684237254057341,331,0.21686403684529879,0.12472483606787203,14638.114770713328
932,102.6989260018874,102.6989260018874,-0.002931324598080516,0.0,5.684237254057341,331,0.2171733528294082,0.1432937687699098,14624.7214031472
933,102.69729505904485,102.69729505904485,-1.588094302966812e-05,0.0,5.684237254057341,331,0.21731743139713533,0.13597394213472203,14620.722686187957
934,102.34573165840912,102.34573165840912,-0.0034291704601990885,0.0,5.684237254057341,331,0.21751177494745358,0.15267412559078058,14607.686234130166
935,102.208650805264,102.208650805264,-0.0013402878199408655,0.0,5.684237254057341,331,0.21765313360113323,0.15512342152043707,14601.453763103755
936,102.41912513535938,102.41912513535938,0.0020571440348444653,0.0,5.684237254057341,331,0.2176469527438715,0.14542667585963445,14605.687321855223
937,101.31536313931474,101.31536313931474,-0.01083540449526591,0.0,5.684237254057341,331,0.21824726131572103,0.1176451730200704,14567.497751154626
938,101.5134486201419,101.5134486201419,0.0019532288542758558,0.0,5.684237254057341,331,0.2181724539028699,0.08844482178773921,14573.428412881674
939,101.98909506978855,101.98909506978855,0.00467460806309807,0.0,5.684237254057341,331,0.21804936327478588,0.07849379677643954,14588.139079837587
940,102.00550587811982,102.00550587811982,0.00016089453633007944,0.0,5.684237254057341,331,0.21806397608134462,0.07952119029494407,14588.013490274707
941,100.82988663173401,100.82988663173401,-0.011591984970758156,0.0,5.684237254057341,331,0.2186170087586,0.07410804101008533,14545.622441606727
942,100.66082185244333,100.66082185244333,-0.0016781401012344458,0.0,5.684237254057341,331,0.21873203061524402,0.08845067542880072,14537.98089762322
943,100.81231600872111,100.81231600872111,0.0015038648470734098,0.0,5.684237254057341,331,0.21873624593169377,0.0922441229579569,14540.30300446192
944,101.3322475273022,101.3322475273022,0.005144166689826611,0.0,5.684237254057341,331,0.2188141477231396,0.08702613549998521,14550.661741635828
945,101.76687161991124,101.76687161991124,0.00427992753370346,0.0,5.684237254057341,331,0.21865400915112224,0.09819967218732513,14564.032223868724
946,101.70650231351163,101.70650231351163,-0.0005933877932425509,0.0,5.684237254057341,331,0.21875428618166617,0.10144671587158757,14560.167417410268
947,101.37936267911,101.37936267911,-0.003221690661434439,0.0,5.684237254057341,331,0.21900406017298313,0.12495174133216533,14546.017399305842
948,101.34914603235237,101.34914603235237,-0.0002980996325919014,0.0,5.684237254057341,331,0.21907847755276083,0.10363676351865189,14543.379716318106
949,100.48433844167232,100.48433844167232,-0.008569567981935373,0.0,5.684237254057341,331,0.2196456101316121,0.10872468172179726,14511.252479141673
950,100.20508484455492,100.20508484455492,-0.0027829446392790514,0.0,5.684237254057341,331,0.21985844039290786,0.11497437169574296,14500.07683668
951,100.81608988217886,100.81608988217886,0.006079030431241948,0.0,5.684237254057341,331,0.21948557607710892,0.12397962343946467,14521.868867888537
952,100.779119154244,100.779119154244,-0.00036678181516359396,0.0,5.684237254057341,331,0.219594493696939,0.13687701398945823,14518.238923306082
953,100.96970681875753,100.96970681875753,0.0018893564340601425,0.0,5.684237254057341,331,0.2196046719522581,0.12552122331792126,14520.959181275619
954,100.28360536814604,100.28360536814604,-0.006818313708143278,0.0,5.684237254057341,331,0.22033163009846116,0.10218509864816706,14483.992573606809
955,100.79782929563368,100.79782929563368,0.005114594983030356,0.0,5.684237254057341,331,0.22036344337766986,0.08675569789273131,14494.725110723748
956,100.71180005572107,100.71180005572107,-0.0008538474852660504,0.0,5.684237254057341,331,0.2205572834413909,0.07956047043159324,14485.148450588607
957,100.88166116884335,100.88166116884335,0.0016851851472641731,0.0,5.684237254057341,331,0.22060871152684758,0.09405370220409733,14486.86061172504
958,101.14575026911832,101.14575026911832,0.002614390283148291,0.0,5.684237254057341,331,0.22052274678732095,0.1056729834119993,14494.341739111138
959,101.64322646260557,101.64322646260557,0.0049063533871942615,0.0,5.684237254057341,331,0.22061797990029228,0.1120534402756387,14505.750792444398
960,101.72685353559663,101.72685353559663,0.0008224127925338905,0.0,5.684237254057341,331,0.22064852914861044,0.11454256430846328,14507.473178365504
961,101.65415464301594,101.65415464301594,-0.000714903484135816,0.0,5.684237254057341,331,0.22074227166252378,0.1351569199048826,14501.094539276086
962,101.0697393497506,101.0697393497506,-0.005765644105522298,0.0,5.684237254057341,331,0.22106657981074362,0.14541566077605217,14479.166584835573
963,100.33718177614074,100.33718177614074,-0.007274435257066611,0.0,5.684237254057341,331,0.22175858126613673,0.17590632723034463,14446.786005919383
964,100.41783207792783,100.41783207792783,0.0008034699067038363,0.0,5.684237254057341,331,0.2218151029926021,0.17061067375753278,14446.896298047943
965,100.58035069746019,100.58035069746019,0.0016171156644768008,0.0,5.684237254057341,331,0.2218028181511477,0.17406075742933572,14450.437187842173
966,100.82361081918158,100.82361081918158,0.0024156450367876347,0.0,5.684237254057341,331,0.22174772165841697,0.19439007173796607,14456.969174369953
967,100.40234326054959,100.40234326054959,-0.0041870162921965794,0.0,5.684237254057341,331,0.2219257558794209,0.18734934944271717,14442.651355902786
968,100.12243139136659,100.12243139136659,-0.0027917951931319303,0.0,5.684237254057341,331,0.2220363105616123,0.19285333158015447,14434.083378201824
969,100.17306927303,100.17306927303,0.0005056317548251065,0.0,5.684237254057341,331,0.2220958042131189,0.18866188223578276,14432.651050734703
970,99.9630292228302,99.9630292228302,-0.002098972937841766,0.0,5.684237254057341,331,0.2222263217180937,0.18278452851033583,14424.602144662293
971,101.21076619270171,101.21076619270171,0.012404726640600529,0.0,5.684237254057341,331,0.2211706174926436,0.15401711030242138,14479.330335507568
972,100.91273833657506,100.91273833657506,-0.0029489699656857758,0.0,5.684237254057341,331,0.22130438720087894,0.1271423564380539,14466.678159054636
973,101.12667094491239,101.12667094491239,0.002117732268686584,0.0,5.684237254057341,331,0.22130165700851995,0.12296501355949276,14469.977256754179
974,101.54407296225804,101.54407296225804,0.004119021812890818,0.0,5.684237254057341,331,0.22097948636851192,0.11653968107018259,14487.763691889222
975,101.98832714634989,101.98832714634989,0.004365446379758215,0.0,5.684237254057341,331,0.2207959245598162,0.1107482959215044,14501.125168584456
976,101.77011832541282,101.77011832541282,-0.0021418391159275752,0.0,5.684237254057341,331,0.2209979727354767,0.10433442675073426,14492.502562388396
977,102.04756761527452,102.04756761527452,0.0027225258687020052,0.0,5.684237254057341,331,0.22077838911973774,0.09925095263594665,14504.563323702218
978,102.25341018206007,102.25341018206007,0.0020150920339046655,0.0,5.684237254057341,331,0.22077535421585748,0.09103633282125154,14508.109333371456
979,102.57148106821612,102.57148106821612,0.0031057860193453445,0.0,5.684237254057341,331,0.2207109198916971,0.11063713920428923,14514.165221357922
980,102.62123320529349,102.62123320529349,0.00048493084394820224,0.0,5.684237254057341,331,0.22080249718155653,0.10153526645391941,14512.265552918108
981,103.04906123903797,103.04906123903797,0.004160334889242001,0.0,5.684237254057341,331,0.2208474532401958,0.08378080881665459,14523.122921543387
982,103.16129676415312,103.16129676415312,0.0010885538174197561,0.0,5.684237254057341,331,0.22088184169543745,0.06430983054289029,14523.788393314171
983,102.51635389968,102.51635389968,-0.006271415258053492,0.0,5.684237254057341,331,0.22137891829638126,0.08706863021895617,14499.047911466387
984,102.62146852631601,102.62146852631601,0.00102481965141938,0.0,5.684237254057341,331,0.2213321315347308,0.04983172448782778,14502.332896627298
985,102.77860583125364,102.77860583125364,0.0015300611363956267,0.0,5.684237254057341,331,0.22134495430998014,0.0510610376860013,14504.652566324874
986,103.17322675508713,103.17322675508713,0.0038321718414725103,0.0,5.684237254057341,331,0.22124311248703257,0.05320647141621899,14514.337689649285
987,103.24329683741331,103.24329683741331,0.0006789193403524825,0.0,5.684237254057341,331,0.2212974744277281,0.04286937034201175,14514.195699042237
988,104.15885858334123,104.15885858334123,0.008828912036863546,0.0,5.684237254057341,331,0.22104614706064726,0.014524024225556301,14537.424488994298
989,104.09634563330512,104.09634563330512,-0.0006003494812897423,0.0,5.684237254057341,331,0.22115672091511304,-0.054500581130273056,14533.457923720422
990,103.83511544249305,103.83511544249305,-0.0025126580354810947,0.0,5.684237254057341,331,0.22125502554611312,0.016538292150450752,14526.440472796956
991,104.53387238616746,104.53387238616746,0.006706943968085387,0.0,5.684237254057341,331,0.2211215502132887,-0.022981771571628146,14542.038384442589
992,104.47907074662659,104.47907074662659,-0.0005243851407023188,0.0,5.684237254057341,331,0.22121387983889226,-0.028388266574775046,14538.277011440376
993,104.50213811045734,104.50213811045734,0.00022076017313308756,0.0,5.684237254057341,331,0.22130616872118433,-0.029341624473210946,14536.463801571432
994,104.6649417428166,104.6649417428166,0.0015566853574652578,0.0,5.684237254057341,331,0.22134203920039103,-0.03552078261958284,14539.382500216256
995,104.78922692293067,104.78922692293067,0.0011867531259229945,0.0,5.684237254057341,331,0.22133449210153863,-0.032183136779275846,14542.325079391729
996,105.0833345158156,105.0833345158156,0.0028027273636296326,0.0,5.684237254057341,331,0.22130298898479525,-0.014223058711166659,14548.98437490021
997,105.4553191474663,105.4553191474663,0.003533650588616776,0.0,5.684237254057341,331,0.22132700013349005,0.006045227287260316,14555.979165084353
998,105.14379574254585,105.14379574254585,-0.002958451485409242,0.0,5.684237254057341,331,0.22162341618457262,-0.009691874445621945,14540.864332451203
999,104.56435868109065,104.56435868109065,-0.005526142153409947,0.0,5.684237254057341,331,0.22199374055874901,0.012378429385165443,14516.849746406579
1000,103.42935822886153,103.42935822886153,-0.010913903892927863,0.0,5.5917089421237565,306,0.2385203003819,0.0681015943798953,14474.307301188303
1001,103.47642136621671,103.47642136621671,0.0004549233787373734,0.0,5.5917089421237565,306,0.23850527705156313,0.05032607044906868,14475.39093008306
1002,104.06418328301177,104.06418328301177,0.005664081871212145,0.0,5.5917089421237565,306,0.23817106367624816,0.05140969634222771,14492.69939123722
1003,103.85063755691931,103.85063755691931,-0.002054166223644432,0.0,5.5917089421237565,306,0.23827339312658669,0.033981375550065515,14485.149334719967
1004,103.26100052719609,103.26100052719609,-0.005693920710738805,0.0,5.5917089421237565,306,0.23903182011158114,0.030340819319638317,14454.587325515751
1005,103.80457249768294,103.80457249768294,0.005250251996817459,0.0,5.5917089421237565,306,0.23886760814339714,0.005882669750364751,14468.827848526847
1006,104.45640728774062,104.45640728774062,0.006259808431238867,0.0,5.5917089421237565,306,0.23880277304102496,0.028606746007352715,14479.638922310598
1007,104.44440784595605,104.44440784595605,-0.00011488171350677582,0.0,5.5917089421237565,306,0.2388901453344253,0.023281183619330688,14477.637299868362
1008,103.84905917699625,103.84905917699625,-0.005716456677163709,0.0,5.5917089421237565,306,0.23931269953640358,0.02028106210674128,14457.7446417056
1009,103.03164800776595,103.03164800776595,-0.007902287593956333,0.0,5.5917089421237565,306,0.2396711995622734,0.04022660829122937,14435.845067789143
1010,103.1857179231826,103.1857179231826,0.0014942480075631592,0.0,5.5917089421237565,306,0.23963933082572406,0.04896464828395752,14439.010432554687
1011,102.8785226839073,102.8785226839073,-0.002981550471266183,0.0,5.5917089421237565,306,0.23974972548111273,0.05039689878923297,14431.37108111265
1012,102.82566069437698,102.82566069437698,-0.0005139612605424891,0.0,5.5917089421237565,306,0.239829218827454,0.053978296087157436,14428.082721199082
1013,102.75403362228643,102.75403362228643,-0.0006968302509348831,0.0,5.5917089421237565,306,0.23990216432894435,0.06528474503368657,14424.305836566904
1014,102.32272095689986,102.32272095689986,-0.004206359733189854,0.0,5.5917089421237565,306,0.24048347135006914,0.10366003361252114,14396.56570450312
1015,102.54397987143432,102.54397987143432,0.0021600289326436546,0.0,5.5917089421237565,306,0.2405029538753708,0.1029435148190367,14399.621443247956
1016,102.95440446025651,102.95440446025651,0.003994436607065441,0.0,5.5917089421237565,306,0.2404384164506145,0.10990479039624128,14406.744847357932
1017,103.36264706443374,103.36264706443374,0.003957434772944364,0.0,5.5917089421237565,306,0.24038080406330073,0.11835880002179923,14412.955263719354
1018,103.54692381171952,103.54692381171952,0.001781230275892519,0.0,5.5917089421237565,306,0.24021508427981925,0.11383135916113743,14419.692628527615
1019,103.1980505454904,103.1980505454904,-0.0033749173198000483,0.0,5.5917089421237565,306,0.24067393918007213,0.10712943135867545,14402.85359240456
1020,103.52630288712744,103.52630288712744,0.0031757517879832282,0.0,5.5917089421237565,306,0.24071432552412017,0.0968070292526753,14407.154028559464
1021,103.60965561489756,103.60965561489756,0.0008048118044981579,0.0,5.5917089421237565,306,0.24069770062967333,0.09234428089587816,14408.935595730769
1022,103.2921228436698,103.2921228436698,-0.003069408323989596,0.0,5.5917089421237565,306,0.24097479811792197,0.0477517353259024,14395.841591320179
1023,103.2292222379751,103.2292222379751,-0.0006091438888781061,0.0,5.5917089421237565,306,0.24104644593307936,0.056637263214832693,14392.738569990706
1024,101.6742756696787,101.6742756696787,-0.015177646394271401,0.0,5.5917089421237565,306,0.24287605454481426,0.05867604862070664,14329.292196018592
1025,101.82377543013935,101.82377543013935,0.0014692994507630227,0.0,5.5917089421237565,306,0.24287854109825896,0.04015163221741117,14331.025099242024
1026,102.31759215446277,102.31759215446277,0.004837997250281643,0.0,5.5917089421237565,306,0.24289046680815699,0.05217892492159362,14338.08272183117
1027,102.2205539352686,102.2205539352686,-0.000948852117121071,0.0,5.5917089421237565,306,0.2431195881701235,0.03702482327894198,14331.217457795725
1028,102.09684346771773,102.09684346771773,-0.0012109637675604278,0.0,5.5917089421237565,306,0.24318875409331886,0.03927726986746023,14326.581806383563
1029,101.15591976248047,101.15591976248047,-0.009258722114416912,0.0,5.5917089421237565,306,0.24342390912343448,0.048499784897549726,14304.007428908875
1030,101.89897599089558,101.89897599089558,0.0073188045278719084,0.0,5.5917089421237565,306,0.24292816822915264,0.0184088378371982,14326.263792810687
1031,102.00916066955145,102.00916066955145,0.0010807287162234878,0.0,5.5917089421237565,306,0.24296241704273422,0.05682238930341188,14327.515979854443
1032,101.07986600858992,101.07986600858992,-0.009151662815880729,0.0,5.5917089421237565,306,0.24355810378721718,0.051374948820983424,14298.230587797734
1033,99.98935662757083,99.98935662757083,-0.010847210322139691,0.0,5.5917089421237565,306,0.24388004719117587,0.11234819416138674,14273.560426128246
1034,99.94592508272233,99.94592508272233,-0.0004344560415762814,0.0,5.5917089421237565,306,0.24401758721797814,0.10092465876591872,14270.117604759855
1035,99.56735930613345,99.56735930613345,-0.003794897488321593,0.0,5.5917089421237565,306,0.2442432382353727,0.10826152708413239,14259.4216520716
1036,99.1526436691441,99.1526436691441,-0.004173875129342457,0.0,5.5917089421237565,306,0.2444898958379539,0.12073089932033715,14247.748250396971
1037,98.7598114498324,98.7598114498324,-0.0039697626403839,0.0,5.5917089421237565,306,0.24473521068223236,0.12412791333278701,14236.75977847547
1038,98.13739605724014,98.13739605724014,-0.006322257930239974,0.0,5.5917089421237565,306,0.2452406047123262,0.12870286527304345,14216.359779941951
1039,98.2215620369861,98.2215620369861,0.0008572665664693721,0.0,5.5917089421237565,306,0.24528085684248813,0.1201698629906989,14215.622182838903
1040,98.13744411932552,98.13744411932552,-0.0008567768237663453,0.0,5.5917089421237565,306,0.24553418426506352,0.11576325698901475,14205.41071345693
1041,98.05561758424324,98.05561758424324,-0.0008341430539521676,0.0,5.5917089421237565,306,0.24557432315851654,0.11079605163126963,14202.309007227466
1042,97.30838680707407,97.30838680707407,-0.007649663235804181,0.0,5.5917089421237565,306,0.24655012692908543,0.11535840376100528,14164.966003345984
1043,97.4757876635191,97.4757876635191,0.00171883468576438,0.0,5.5917089421237565,306,0.2465388848758664,0.11148063094465673,14167.996503969327
1044,97.70004213374821,97.70004213374821,0.0022979747968472296,0.0,5.5917089421237565,306,0.24647070567851492,0.11365179991692548,14173.067913846959
1045,98.40375870449209,98.40375870449209,0.0071770112400346186,0.0,5.5917089421237565,306,0.24626415262015716,0.11926993406575293,14188.723047800766
1046,98.62090414045264,98.62090414045264,0.0022042471307452383,0.0,5.5917089421237565,306,0.24630019720777435,0.13194240484055153,14189.730158760563
1047,99.44759980582322,99.44759980582322,0.00834762165041064,0.0,5.5917089421237565,306,0.24555392922267888,0.13463998409544478,14230.769469530222
1048,99.12740294708993,99.12740294708993,-0.0032249490802577553,0.0,5.5917089421237565,306,0.2455648424151468,0.12473235699465465,14225.439970382206
1049,99.89238915007697,99.89238915007697,0.007687576822437454,0.0,5.5917089421237565,306,0.2448156677973936,0.10516176459997685,14254.692800414343
1050,100.1010705186676,100.1010705186676,0.0020868826877798795,0.0,5.5917089421237565,306,0.2447860401388749,0.12974565104184838,14258.13538281887
1051,100.26887128439407,100.26887128439407,0.001674909953503319,0.0,5.5917089421237565,306,0.2448107859302214,0.13751651425580713,14260.247473513053
1052,100.16247519395635,100.16247519395635,-0.0010616712635103502,0.0,5.5917089421237565,306,0.24496647530609317,0.13679031720544246,14254.72863869192
1053,99.94235264862647,99.94235264862647,-0.0022000731965518823,0.0,5.5917089421237565,306,0.2453613487170689,0.1355059859862886,14240.334870963681
1054,99.65076022530614,99.65076022530614,-0.0029218706655089874,0.0,5.5917089421237565,306,0.24543917891198064,0.13448954093123025,14234.078001649183
1055,100.42911311721322,100.42911311721322,0.007780460926959641,0.0,5.5917089421237565,306,0.2448833260385183,0.1120151490958083,14257.38082466653
1056,100.30907430721511,100.30907430721511,-0.0011959739783091005,0.0,5.5917089421237565,306,0.24491468243625483,0.09992261060743574,14254.707061735588
1057,100.5211239091705,100.5211239091705,0.002111731030890171,0.0,5.5917089421237565,306,0.24492458853088897,0.10606543614436183,14257.43305290474
1058,100.87231340190121,100.87231340190121,0.003487599729064735,0.0,5.5917089421237565,306,0.24496308335472933,0.10615338425960633,14263.064472925851
1059,101.204525527466,101.204525527466,0.0032879812116550816,0.0,5.5917089421237565,306,0.24461113584840755,0.0833720284873713,14278.744682693912
1060,101.26760140477819,101.26760140477819,0.000623057408527159,0.0,5.5917089421237565,306,0.2447070864441478,0.09924427649168484,14276.749509884983
1061,102.0466109559734,102.0466109559734,0.007663147148915517,0.0,5.5917089421237565,306,0.24461217031463645,0.09754933863175952,14291.924149246248
1062,102.22841744752931,102.22841744752931,0.0017800172735816405,0.0,5.5917089421237565,306,0.24456993038937241,0.1182416508722464,14295.80482955392
1063,101.90848269313928,101.90848269313928,-0.0031345143001671708,0.0,5.5917089421237565,306,0.2445995128024134,0.10712790252426325,14289.684250806513
1064,101.70716755688535,101.70716755688535,-0.001977404011961054,0.0,5.5917089421237565,306,0.2446579685152504,0.1339147436223945,14284.765842114211
1065,100.96808103115264,100.96808103115264,-0.0072933405243436,0.0,5.5917089421237565,306,0.24485980228660434,0.11378739636602166,14266.890178305799
1066,101.08433607855147,101.08433607855147,0.001150741593598636,0.0,5.5917089421237565,306,0.24488532298676863,0.10718280595082039,14268.280448063735
1067,101.35916105570308,101.35916105570308,0.002715080008677011,0.0,5.5917089421237565,306,0.24487550207670766,0.1118407829825125,14273.29331299245
1068,101.66072016981755,101.66072016981755,0.0029707369945512394,0.0,5.5917089421237565,306,0.24488916766426094,0.0917303001390322,14277.83799780516
1069,101.90013225336558,101.90013225336558,0.002352242006140545,0.0,5.5917089421237565,306,0.2449344451388489,0.112018121319338,14280.475495556093
1070,101.79078141584468,101.79078141584468,-0.0010736939223870794,0.0,5.5917089421237565,306,0.24520152932018943,0.11409350870179875,14271.799484671734
1071,101.76561676978338,101.76561676978338,-0.00024724986700289337,0.0,5.5917089421237565,306,0.24523253821440832,0.11406716189212733,14269.780151033949
1072,101.7491546289621,101.7491546289621,-0.00016177833917451457,0.0,5.5917089421237565,306,0.24523998899317415,0.11394069132828928,14269.217055445712
1073,102.2026453378851,102.2026453378851,0.004447045393639049,0.0,5.5917089421237565,306,0.24522908402360613,0.11032654886931662,14279.402946367316
1074,101.30077336155782,101.30077336155782,-0.008863515772680379,0.0,5.5917089421237565,306,0.2452948160758043,0.08362010914678433,14260.454965492714
1075,101.05631475230483,101.05631475230483,-0.0024161123334247837,0.0,5.5917089421237565,306,0.2457174228764749,0.09043168694649635,14245.18859631129
1076,100.55331714896722,100.55331714896722,-0.004989827541925813,0.0,5.5917089421237565,306,0.24576909885955425,0.08389488966617008,14231.404608581723
1077,101.53625346357508,101.53625346357508,0.009727805971434926,0.0,5.5917089421237565,306,0.24574124909598627,0.041510337996647474,14253.330978487893
1078,102.10655861197827,102.10655861197827,0.005601048556984788,0.0,5.5917089421237565,306,0.24579916442965843,0.08429361834582308,14264.130437359738
1079,101.87886879279714,101.87886879279714,-0.0022324135271705866,0.0,5.5917089421237565,306,0.24580303344439777,0.08399164561109036,14259.096158095166
1080,101.20369044844429,101.20369044844429,-0.006649323649853438,0.0,5.5917089421237565,306,0.2457497240656679,0.08819621551833987,14246.008915208786
1081,100.65837376927051,100.65837376927051,-0.00540287753242376,0.0,5.5917089421237565,306,0.24586764326202282,0.10940391580157045,14231.761831915495
1082,101.10496296019693,101.10496296019693,0.004426868899859755,0.0,5.5917089421237565,306,0.24560882983216048,0.09235592011571626,14245.98377507414
1083,100.35657355416716,100.35657355416716,-0.007429635071128503,0.0,5.5917089421237565,306,0.24569072171483544,0.06728185352461115,14229.710230042909
1084,100.33225526695425,100.33225526695425,-0.0002423481912249597,0.0,5.5917089421237565,306,0.24577321775651303,0.09494095631044507,14227.092549625107
1085,100.71663585526446,100.71663585526446,0.0038237570424193503,0.0,5.5917089421237565,306,0.2457726138139589,0.08807524061385157,14233.332796366572
1086,100.11009733463031,100.11009733463031,-0.006040434510108613,0.0,5.5917089421237565,306,0.24652015331943308,0.0731710036477031,14192.352523111098
1087,100.10517141053968,100.10517141053968,-4.92062780475944e-05,0.0,5.5917089421237565,306,0.24656598990063036,0.07155427162198703,14190.763925840778
1088,99.89644702743476,99.89644702743476,-0.002087227698566225,0.0,5.5917089421237565,306,0.24683155306852972,0.06573987013194091,14181.031891983494
1089,99.61574920362578,99.61574920362578,-0.0028138431065230928,0.0,5.5917089421237565,306,0.24720821761802975,0.12337485498432055,14166.46845361473
1090,99.28630282618485,99.28630282618485,-0.003312652386924963,0.0,5.5917089421237565,306,0.24735010298355142,0.12511387811389107,14157.476620385058
1091,99.68673931952856,99.68673931952856,0.0040250380618963985,0.0,5.5917089421237565,306,0.24698484373597893,0.12344871119042349,14174.1860056458
1092,100.35802602789494,100.35802602789494,0.006711390092269038,0.0,5.5917089421237565,306,0.24691009078564777,0.07505717457403255,14190.589975946943
1093,100.21641821748734,100.21641821748734,-0.0014120226977927387,0.0,5.5917089421237565,306,0.246931486651086,0.07045886258427637,14187.078359638537
1094,100.35451190964237,100.35451190964237,0.001377006267937105,0.0,5.5917089421237565,306,0.2469568949334573,0.06703196443827444,14188.495327091014
1095,100.3661286115059,100.3661286115059,0.0001157499482498667,0.0,5.5917089421237565,306,0.24700903944746272,0.05324655993905086,14186.84699357226
1096,99.5026136471003,99.5026136471003,-0.00864087428060861,0.0,5.5917089421237565,306,0.24813009996962013,0.03668404061409457,14136.109348090455
1097,99.34602944652421,99.34602944652421,-0.0015749087396839728,0.0,5.5917089421237565,306,0.2481181279791369,0.027123151242664238,14134.041496412789
1098,98.41246836465156,98.41246836465156,-0.009441495835997604,0.0,5.5917089421237565,306,0.24815390867958345,0.043038175087498944,14119.03402367193
1099,98.18438524152496,98.18438524152496,-0.002320314097336207,0.0,5.5917089421237565,306,0.24829224773837152,0.06146025217956926,14111.248729471326
1100,98.14543314445757,98.14543314445757,-0.00039680266501242986,0.0,5.5917089421237565,306,0.24849993219533154,0.061638193163820944,14104.617650083339
1101,98.46005508513505,98.46005508513505,0.0032005435054653173,0.0,5.5917089421237565,306,0.24849457164228858,0.054624567691517814,14112.439100305064
1102,98.55754543267703,98.55754543267703,0.0009896613829711047,0.0,5.5917089421237565,306,0.248523500930026,0.06967062334295174,14113.375839198055
1103,98.98187578394759,98.98187578394759,0.0042961653052709095,0.0,5.5917089421237565,306,0.24852464727104123,0.0690004508259671,14122.011137882664
1104,98.55675833382621,98.55675833382621,-0.004304151522767982,0.0,5.5917089421237565,306,0.24897924789877884,0.04074945540836563,14103.840133914215
1105,99.15226394370113,99.15226394370113,0.006024079264555278,0.0,5.5917089421237565,306,0.24891909084474495,0.007574613660560894,14118.047047645152
1106,99.8134942879752,99.8134942879752,0.006646699256215909,0.0,5.5917089421237565,306,0.24885172788358323,0.025053375558966095,14134.067980527523
1107,98.87872805710482,98.87872805710482,-0.009409257356796288,0.0,5.5917089421237565,306,0.24902584843474307,-0.0033193184024671706,14109.170380545143
1108,98.11599147765733,98.11599147765733,-0.007743764835525398,0.0,5.5917089421237565,306,0.24981791320691218,0.06901693574806889,14077.333426203644
1109,98.06113657411306,98.06113657411306,-0.0005592385363031836,0.0,5.5917089421237565,306,0.24995138099103803,0.05955701628822911,14072.789846778214
1110,97.79557226453919,97.79557226453919,-0.0027118241074811783,0.0,5.5917089421237565,306,0.2500157505347499,0.055986300298989815,14066.34177103123
1111,97.58318314474815,97.58318314474815,-0.0021741279189413684,0.0,5.5917089421237565,306,0.2502972821115246,0.060386038209324776,14056.957959714664
1112,97.67742388530222,97.67742388530222,0.0009652817258435563,0.0,5.5917089421237565,306,0.2503175935973396,0.0574550570047709,14058.14610596998
1113,98.11743410548964,98.11743410548964,0.004494612018341083,0.0,5.5917089421237565,306,0.2502248384183229,0.057994792355005535,14068.769610895468
1114,97.67200318287544,97.67200318287544,-0.004550109518482511,0.0,5.5917089421237565,306,0.25068835233233716,0.05797843452661774,14051.485499724435
1115,98.20002100147772,98.20002100147772,0.005391470270790031,0.0,5.5917089421237565,306,0.25067405843937074,0.04560762781190156,14061.757203631581
1116,97.84373083216097,97.84373083216097,-0.003634806600611451,0.0,5.5917089421237565,306,0.25107652789912677,0.03193966161918652,14047.387859548757
1117,98.89367880909272,98.89367880909272,0.010673698988111855,0.0,5.5917089421237565,306,0.25083952997243564,-0.0031156344806919914,14072.583114329174
1118,99.48089886421742,99.48089886421742,0.005920332909586817,0.0,5.5917089421237565,306,0.25073176568234196,0.03590777689831385,14085.43415748041
1119,99.1897695719041,99.1897695719041,-0.0029307748646690505,0.0,5.5917089421237565,306,0.25079777558644584,0.021690613729357273,14076.35543015619
1120,98.53100755965978,98.53100755965978,-0.006663583457465449,0.0,5.5917089421237565,306,0.25171139350376653,0.026447366348231024,14030.301998616169
1121,98.23096034178326,98.23096034178326,-0.003049852099500565,0.0,5.5917089421237565,306,0.25172437794216485,0.024753408680973185,14025.25831327913
1122,97.8500303196352,97.8500303196352,-0.003885440399841956,0.0,5.5917089421237565,306,0.2523384316772484,0.03474627494703209,14003.159043739981
1123,98.09655447397265,98.09655447397265,0.0025162396646885173,0.0,5.5917089421237565,306,0.252357292224426,0.024810095280005044,14007.366256699483
1124,97.181709428306,97.181709428306,-0.00936972421160582,0.0,5.5917089421237565,306,0.25253198878881167,-0.0008061385040602286,13987.544889083705
1125,96.42350936575193,96.42350936575193,-0.007832474180420481,0.0,5.5917089421237565,306,0.25274423080622194,0.04935267149590008,13969.49785359018
1126,96.67461875336832,96.67461875336832,0.002600848921872004,0.0,5.5917089421237565,306,0.2527577042095733,0.028476155526560944,13972.970354758265
1127,96.28276657926685,96.28276657926685,-0.00406154666842324,0.0,5.5917089421237565,306,0.2534275055489163,0.011662969829156428,13947.94422082862
1128,96.04212174366334,96.04212174366334,-0.002502483826060581,0.0,5.5917089421237565,306,0.2535165141723687,0.006511737872286758,13938.763347580474
1129,96.39309545199708,96.39309545199708,0.003647711709050799,0.0,5.5917089421237565,306,0.2534236317148694,0.0019283867428368598,13949.243327486889
1130,96.82387922638465,96.82387922638465,0.0044590749740260355,0.0,5.5917089421237565,306,0.2533572111840315,0.018446419646073447,13959.987263469884
1131,97.40174758195035,97.40174758195035,0.0059505027238766816,0.0,5.5917089421237565,306,0.2534315528308518,0.041026172023520546,13967.30447527932
1132,97.71508343809391,97.71508343809391,0.0032117795667088536,0.0,5.5917089421237565,306,0.2531076385755352,0.0558667997126788,13979.495466069042
1133,97.58965712586067,97.58965712586067,-0.0012844166415451382,0.0,5.5917089421237565,306,0.2533585438318748,0.08287936962021528,13971.575027949468
1134,97.44605697703841,97.44605697703841,-0.0014725526084435453,0.0,5.5917089421237565,306,0.2534456552309382,0.076926843990148,13966.863286631695
1135,97.23057743296481,97.23057743296481,-0.002213718484747664,0.0,5.5917089421237565,306,0.2538282277084272,0.07258079707382727,13955.255479022351
1136,96.65928642942289,96.65928642942289,-0.005892960523343453,0.0,5.5917089421237565,306,0.25397955907041664,0.10831797381926891,13941.234978722543
1137,96.20253358045503,96.20253358045503,-0.004736590195950387,0.0,5.5917089421237565,306,0.25414155467196825,0.081110842646027,13929.273277496213
1138,96.70105206296161,96.70105206296161,0.0051685881383816,0.0,5.5917089421237565,306,0.25402180677189345,0.07074884034848315,13941.08987270328
1139,96.34579174676391,96.34579174676391,-0.0036805648850076534,0.0,5.5917089421237565,306,0.2544987754749534,0.05281038402787043,13925.440689331603
1140,95.78552868079237,95.78552868079237,-0.005832101218705251,0.0,5.5917089421237565,306,0.25463330885789726,0.04420825439715399,13913.045640065602
1141,96.30112575652981,96.30112575652981,0.005368392880016744,0.0,5.5917089421237565,306,0.25455781246097947,0.03874767825180781,13923.23100262621
1142,95.63840788914554,95.63840788914554,-0.006905513297143086,0.0,5.5917089421237565,306,0.25481577549037304,0.03645109361577519,13904.651250906121
1143,95.70403898898051,95.70403898898051,0.0006860067222892371,0.0,5.5917089421237565,306,0.25490265032465975,0.033121941920896465,13903.490475929639
1144,94.71580767787378,94.71580767787378,-0.010379592261253748,0.0,5.5917089421237565,306,0.2549405271095405,0.018881213399332977,13881.49497971448
1145,95.46401115117014,95.46401115117014,0.00786841987895704,0.0,5.5917089421237565,306,0.25490348488663817,-0.021072106962956246,13897.507935372792
1146,96.18475381683159,96.18475381683159,0.007521531001627441,0.0,5.5917089421237565,306,0.2547771593171238,0.0294868796227449,13911.999597529515
1147,95.6526969445198,95.6526969445198,-0.005546969420536764,0.0,5.5917089421237565,306,0.2556304692684806,0.004103420808819085,13882.51430842465
1148,95.5816125633808,95.5816125633808,-0.0007434271035972,0.0,5.5917089421237565,306,0.2556571593944164,0.0022648843679808936,13880.165883194803
1149,95.10439108623872,95.10439108623872,-0.005005322512791908,0.0,5.5917089421237565,306,0.25578564890134325,-0.0010253353779739727,13866.700567436028
1150,94.63629463659791,94.63629463659791,-0.0049340751300822085,0.0,5.5917089421237565,306,0.2559253408008839,0.017725931134783823,13854.898530593346
1151,94.40584229337809,94.40584229337809,-0.002438106774712378,0.0,5.5917089421237565,306,0.25606666830884833,-0.0017094223168550077,13847.02661443505
1152,94.67596970218106,94.67596970218106,0.002857256229213879,0.0,5.5917089421237565,306,0.2560781923355609,-0.0033221051724325423,13850.418036369962
1153,94.93470484388033,94.93470484388033,0.002729121690107599,0.0,5.5917089421237565,306,0.2558839135326646,0.00669671451347857,13859.558601743649
1154,95.13073520252317,95.13073520252317,0.0020627677299382098,0.0,5.5917089421237565,306,0.255855605142848,0.012197640651074286,13864.115614882454
1155,95.01390770055364,95.01390770055364,-0.0012288278532258284,0.0,5.5917089421237565,306,0.2558849908308694,0.01672932805234605,13861.142289090452
1156,95.29327513668431,95.29327513668431,0.0029359652393783154,0.0,5.5917089421237565,306,0.25585733584202014,0.011901207434542437,13867.077582963004
1157,94.73742146738425,94.73742146738425,-0.0058501627847072895,0.0,5.5917089421237565,306,0.2560247851211286,-0.005146544835950377,13852.81865375331
1158,94.80392249527445,94.80392249527445,0.0007017047492498355,0.0,5.5917089421237565,306,0.2560695405193164,-0.021044444333095942,13852.761779090451
1159,94.80307260645938,94.80307260645938,-8.964741143850395e-06,0.0,5.5917089421237565,306,0.2561167751932226,-0.020291352079441057,13851.589059768487
1160,94.66523452486722,94.66523452486722,-0.0014549990760599253,0.0,5.5917089421237565,306,0.25631411964704337,-0.021170908784129628,13845.274165882174
1161,94.7522975800655,94.7522975800655,0.0009192714144451919,0.0,5.5917089421237565,306,0.25636842054338393,-0.02664740853196605,13844.634696893834
1162,93.84898459815867,93.84898459815867,-0.009579148972943648,0.0,5.5917089421237565,306,0.2567118178185206,-0.040731411832535,13825.315984974912
1163,93.39236440891624,93.39236440891624,-0.004877353179292534,0.0,5.5917089421237565,306,0.2575280525469169,-0.0053893225108908715,13800.126867599081
1164,93.60402933661767,93.60402933661767,0.0022638406426978702,0.0,5.5917089421237565,306,0.2575010122345306,0.002040927766008016,13804.132088382195
1165,93.58193002130471,93.58193002130471,-0.0002361215070984385,0.0,5.5917089421237565,306,0.25751144152422567,-0.033416458819291256,13803.571235195413
1166,92.88532708878378,92.88532708878378,-0.007471619242696322,0.0,5.5917089421237565,306,0.2578285532136953,0.008071636958907015,13785.719796794156
1167,92.86737074076345,92.86737074076345,-0.00019333606764342911,0.0,5.5917089421237565,306,0.2578859151448577,-0.03751055622367849,13783.18827123928
1168,92.59574221570975,92.59574221570975,-0.0029291940045871353,0.0,5.5917089421237565,306,0.25842883124879185,-0.03782885307164011,13761.692407512111
1169,93.09182309261766,93.09182309261766,0.005343190927511598,0.0,5.5917089421237565,306,0.2584281324915684,-0.04547618865890186,13768.324775080966
1170,92.57316145906137,92.57316145906137,-0.005587084543687849,0.0,5.5917089421237565,306,0.2591208365848269,-0.0678772554807311,13747.119588311265
1171,92.05978623791982,92.05978623791982,-0.005561050187056342,0.0,5.5917089421237565,306,0.25989665970729975,-0.049633225344161064,13723.924832095576
1172,92.22617881283888,92.22617881283888,0.0018058089240780078,0.0,5.5917089421237565,306,0.2598990572880077,-0.06613859554384058,13725.969601853825
1173,92.12961714924626,92.12961714924626,-0.0010475577610032391,0.0,5.5917089421237565,306,0.2601555578916507,-0.05356881579024274,13719.160174624298
1174,92.00672165970055,92.00672165970055,-0.0013348316642801325,0.0,5.5917089421237565,306,0.26029230051515473,-0.037275850170867854,13713.315012736326
1175,92.99767520545417,92.99767520545417,0.010712859151328816,0.0,5.5917089421237565,306,0.25983790751138114,-0.0256894884631518,13742.17999748171
1176,93.25407294358982,93.25407294358982,0.0027532401993396022,0.0,5.5917089421237565,306,0.2597498702775046,0.026028127978099547,13748.502349584198
1177,93.09133105284185,93.09133105284185,-0.0017466696643211827,0.0,5.5917089421237565,306,0.25982663643020876,-0.03517639134553532,13744.03042173399
1178,92.36425106493057,92.36425106493057,-0.007841055036550823,0.0,5.5917089421237565,306,0.2607671618096239,-0.02224764155038719,13714.481897767244
1179,92.16080394239877,92.16080394239877,-0.0022050903056051057,0.0,5.5917089421237565,306,0.2609726423354501,-0.024475435363784888,13707.12425971203
1180,91.60984123225421,91.60984123225421,-0.005996217300370332,0.0,5.5917089421237565,306,0.2612765112011131,-0.02867975344315572,13691.145830788477
1181,91.17914987319773,91.17914987319773,-0.0047124518111183,0.0,5.5917089421237565,306,0.2618017012234,-0.019407250531754707,13673.84222060408
1182,90.7839748422929,90.7839748422929,-0.004343469621051788,0.0,5.5917089421237565,306,0.2619546847836446,-0.0036772113469825236,13664.407961972473
1183,91.21141467363884,91.21141467363884,0.004697268633164462,0.0,5.5917089421237565,306,0.26158649932731565,0.005350339363182061,13678.117782815929
1184,90.57871331483679,90.57871331483679,-0.006960817075046612,0.0,5.5917089421237565,306,0.2619920568696595,-0.06231014921979669,13659.15199312547
1185,90.94717407245618,90.94717407245618,0.004059600192047777,0.0,5.5917089421237565,306,0.2618217297234083,-0.06772623305648728,13668.657409182939
1186,91.12819847864257,91.12819847864257,0.001988456355155951,0.0,5.5917089421237565,306,0.26181525340538325,-0.047711876601572945,13671.405194728028
1187,91.29503560501168,91.29503560501168,0.0018291219725662586,0.0,5.5917089421237565,306,0.2616141353377122,-0.045264932497025775,13677.975168552139
1188,90.85200791085171,90.85200791085171,-0.004864515604983022,0.0,5.5917089421237565,306,0.26228284993024237,-0.04758222211285948,13657.13441380589
1189,91.18497681918541,91.18497681918541,0.003658259668135127,0.0,5.5917089421237565,306,0.2622357686332284,-0.08056365210554615,13662.585301874427
1190,89.92278763499573,89.92278763499573,-0.013938768707634167,0.0,5.5917089421237565,306,0.2643558020595353,-0.14333457117613416,13589.506251556788
1191,89.4567090939308,89.4567090939308,-0.005196575956687724,0.0,5.5917089421237565,306,0.26445106020741704,-0.135558286998544,13580.440123673106
1192,90.0625648977761,90.0625648977761,0.006749783358444788,0.0,5.5917089421237565,306,0.26414373381389383,-0.1530354608208236,13594.838325256076
1193,90.51932353971573,90.51932353971573,0.005058753344166465,0.0,5.5917089421237565,306,0.264058255258922,-0.11358891050000464,13602.899749628532
1194,91.22499415298077,91.22499415298077,0.007765570538384349,0.0,5.5917089421237565,306,0.26319866232283556,-0.07144329547007486,13634.461981253058
1195,91.21712830652517,91.21712830652517,-8.622840333615584e-05,0.0,5.5917089421237565,306,0.26320381093270423,-0.06925145944812336,13634.20694043682
1196,91.1105291261347,91.1105291261347,-0.001169314562996636,0.0,5.5917089421237565,306,0.2632557616428195,-0.08240393926880382,13630.14348638945
1197,90.92444897553366,90.92444897553366,-0.0020444446155968533,0.0,5.5917089421237565,306,0.2634126404566339,-0.06771918600487772,13623.018847449994
1198,91.87099804259923,91.87099804259923,0.010356467218187355,0.0,5.5917089421237565,306,0.26220927412387196,-0.061108817576632606,13673.338179036225
1199,92.12797533943284,92.12797533943284,0.0027932488882232236,0.0,5.5917089421237565,306,0.26222203568336955,-0.04484470930383183,13676.027435612023
1200,91.66348519007938,91.66348519007938,-0.005054545373663618,0.0,5.4454267459293435,271,0.28142676281524737,-0.03517388503636122,13588.407858999119
1201,91.10307705467717,91.10307705467717,-0.006132521012908661,0.0,5.4454267459293435,271,0.2817262998093437,0.0028010158429985733,13576.419230745354
1202,91.06743014684719,91.06743014684719,-0.00039135762240077155,0.0,5.4454267459293435,271,0.28176413976146836,0.0069494463345515555,13575.349495980146
1203,91.3269394745011,91.3269394745011,0.002845586772271916,0.0,5.4454267459293435,271,0.28163875807786054,0.016850622309281027,13580.000525897703
1204,91.13833388781872,91.13833388781872,-0.0020673046479253495,0.0,5.4454267459293435,271,0.28173173669407414,0.07076094539523389,13576.03951548617
1205,92.97616686526626,92.97616686526626,0.019964685176585607,0.0,5.4454267459293435,271,0.2807175051055986,0.005002129280266245,13613.937686204536
1206,93.01700349618986,93.01700349618986,0.0004391196891845633,0.0,5.4454267459293435,271,0.2807158975453089,0.03817286078819316,13614.394654030557
1207,92.70101027972882,92.70101027972882,-0.0034029388422762864,0.0,5.4454267459293435,271,0.28101183292345966,0.03628377633185907,13605.248308138393
1208,92.44846510052237,92.44846510052237,-0.0027280156782440376,0.0,5.4454267459293435,271,0.2810920059223039,0.03933182690839497,13601.04799764574
1209,93.25749042455884,93.25749042455884,0.008713026353540348,0.0,5.4454267459293435,271,0.280819377948342,0.015016273965983904,13614.209829950474
1210,93.1799270003012,93.1799270003012,-0.0008320586050146572,0.0,5.4454267459293435,271,0.28089656618076436,0.006973078214500368,13611.840393195704
1211,93.79021351295671,93.79021351295671,0.0065281940568316195,0.0,5.4454267459293435,271,0.2804505378069446,0.008464674965769345,13627.137951425175
1212,92.97736112897742,92.97736112897742,-0.008704482219484602,0.0,5.4454267459293435,271,0.2808494913128278,-0.026917999505987,13609.769498682039
1213,93.4369794698316,93.4369794698316,0.004931157879050828,0.0,5.4454267459293435,271,0.2806727117566561,-0.05324872154718939,13618.36221077862
1214,93.04845186608861,93.04845186608861,-0.0041668473844225255,0.0,5.4454267459293435,271,0.28089443704065076,-0.06243999328235415,13609.925032515219
1215,93.3767486449905,93.3767486449905,0.003522025105718727,0.0,5.4454267459293435,271,0.2807178841190689,-0.06804642370188331,13616.41032582315
1216,92.98286519440256,92.98286519440256,-0.0042271394428076295,0.0,5.4454267459293435,271,0.2808823546704205,-0.06625538395840115,13609.228687354638
1217,92.74894716852943,92.74894716852943,-0.002518880816125613,0.0,5.4454267459293435,271,0.2810179449506384,-0.05990733402247288,13604.151112496715
1218,92.23543705115222,92.23543705115222,-0.00555194362575345,0.0,5.4454267459293435,271,0.2813316917562493,-0.053604657501337985,13592.264993104678
1219,92.57717996428312,92.57717996428312,0.0036982680961557364,0.0,5.4454267459293435,271,0.2809870692585211,-0.06373516324475867,13604.55055512913
1220,92.99310779843466,92.99310779843466,0.004482706101926917,0.0,5.4454267459293435,271,0.2807234765858612,-0.05223843325754458,13616.277033421513
1221,92.62044181275925,92.62044181275925,-0.00401550950568643,0.0,5.4454267459293435,271,0.2809650802654644,-0.05484736692705532,13606.398841924398
1222,91.89968336794853,91.89968336794853,-0.007812287249084562,0.0,5.4454267459293435,271,0.28159681388863855,-0.06317986579884091,13584.294505058533
1223,92.50510433317746,92.50510433317746,0.006566241018231774,0.0,5.4454267459293435,271,0.28141076402991233,-0.08257122458998167,13595.114176585523
1224,92.18022036868364,92.18022036868364,-0.0035182470522518174,0.0,5.4454267459293435,271,0.2817189710030397,-0.09371919638542227,13585.214884754834
1225,92.06903819086615,92.06903819086615,-0.001206867177449758,0.0,5.4454267459293435,271,0.28186465331649885,-0.09199392008221258,13580.947307049053
1226,91.62424488845866,91.62424488845866,-0.004842791900158152,0.0,5.4454267459293435,271,0.28222434374380095,-0.09114513941626433,13568.421879466343
1227,91.91376112209214,91.91376112209214,0.003154839480458149,0.0,5.4454267459293435,271,0.28200591097874267,-0.09855602730901208,13576.055510265443
1228,92.21136515808256,92.21136515808256,0.003232630995713608,0.0,5.4454267459293435,271,0.2818837022481613,-0.08484608771274828,13581.949927557314
1229,92.90658763263944,92.90658763263944,0.00751116499116686,0.0,5.4454267459293435,271,0.2815552943159694,-0.0563153700302753,13596.749223487064
1230,93.38524960258835,93.38524960258835,0.0051388512821547,0.0,5.4454267459293435,271,0.28126702938684084,-0.05333394470123978,13608.08335714148
1231,93.83926840398361,93.83926840398361,0.004850002512505736,0.0,5.4454267459293435,271,0.28106977557295604,-0.03745816989189713,13617.599850657323
1232,93.76797565078556,93.76797565078556,-0.0007600213625972061,0.0,5.4454267459293435,271,0.2811651248127142,-0.038920811740365456,13614.903969986968
1233,93.65143631254819,93.65143631254819,-0.0012436209465867694,0.0,5.4454267459293435,271,0.2812481384484184,-0.03918559008182802,13611.787037569553
1234,93.93440235537471,93.93440235537471,0.003016925578837489,0.0,5.4454267459293435,271,0.2811107590855342,-0.032442155239520855,13617.801952445845
1235,93.84741177528701,93.84741177528701,-0.000926507039174857,0.0,5.4454267459293435,271,0.2811884065712793,-0.05068128772437861,13615.196741436941
1236,94.35048031616873,94.35048031616873,0.005346178254177768,0.0,5.4454267459293435,271,0.28096504227762187,-0.05047884132782612,13625.610984139192
1237,93.86861921475894,93.86861921475894,-0.005120225899972233,0.0,5.4454267459293435,271,0.2811987593726392,-0.07183019173395594,13615.037547158183
1238,93.03928331536626,93.03928331536626,-0.00887433148556695,0.0,5.4454267459293435,271,0.2818507509641449,-0.056353825363982216,13592.676859140105
1239,92.94527512897507,92.94527512897507,-0.0010109247260486507,0.0,5.4454267459293435,271,0.2819675761998712,-0.05864378412085232,13588.82865868969
1240,93.67657151439553,93.67657151439553,0.00783724029882876,0.0,5.4454267459293435,271,0.2813479625784755,-0.07912405187477096,13612.219340322732
1241,93.99847258718763,93.99847258718763,0.0034304122852707726,0.0,5.4454267459293435,271,0.28118843059736504,-0.08112089538170056,13620.542043144218
1242,94.49295719914196,94.49295719914196,0.0052467716637015745,0.0,5.4454267459293435,271,0.2809347368554869,-0.06369001015608898,13633.26915520803
1243,93.95231425785384,93.95231425785384,-0.005737946306134208,0.0,5.4454267459293435,271,0.281171026092785,-0.06192473308371251,13620.343858997176
1244,93.74304202491565,93.74304202491565,-0.002229914727782989,0.0,5.4454267459293435,271,0.2813211235634819,-0.04091920610059067,13613.621597707957
1245,93.41019137260105,93.41019137260105,-0.003556989074806327,0.0,5.4454267459293435,271,0.2815767637158905,-0.03771271493395753,13604.225545962778
1246,93.34297899100912,93.34297899100912,-0.000719799126976268,0.0,5.4454267459293435,271,0.28175573151154154,-0.03648726647387448,13595.823214508015
1247,92.76395287368906,92.76395287368906,-0.006222530024387077,0.0,5.4454267459293435,271,0.28181883477725234,-0.027848404600646286,13582.638834886984
1248,92.6698230704955,92.6698230704955,-0.001015239114873549,0.0,5.4454267459293435,271,0.28201262848021513,-0.014970059486012035,13573.177112797786
1249,93.52596493943473,93.52596493943473,0.009196211275911583,0.0,5.4454267459293435,271,0.2820516487839179,0.0027924574263184392,13586.457962569339
1250,92.75906590540575,92.75906590540575,-0.00823365530856994,0.0,5.4454267459293435,271,0.28275711561841355,-0.0818323469161126,13545.955576469454
1251,93.00850534973647,93.00850534973647,0.0026855020233813387,0.0,5.4454267459293435,271,0.2827649094921394,-0.07405165762065032,13551.486627498745
1252,92.4338168015769,92.4338168015769,-0.006198049951624436,0.0,5.4454267459293435,271,0.282798237914887,-0.09714395499739902,13537.11992958232
1253,91.93799225748086,91.93799225748086,-0.0053785417838336175,0.0,5.4454267459293435,271,0.2831612520033813,-0.09523990825160428,13523.129153953236
1254,92.01167999248771,92.01167999248771,0.0008011728213167681,0.0,5.4454267459293435,271,0.283178942917429,-0.0989731202741337,13523.697437912939
1255,92.79333778235551,92.79333778235551,0.008459320645800005,0.0,5.4454267459293435,271,0.2829261363035662,-0.09273835532167826,13538.828243052996
1256,92.51933559938257,92.51933559938257,-0.0029571898958785665,0.0,5.4454267459293435,271,0.283039900724685,-0.10819301932913385,13532.9311998277
1257,92.22306854034686,92.22306854034686,-0.0032073558249221994,0.0,5.4454267459293435,271,0.2832374794335983,-0.0896493873816578,13524.937191002193
1258,91.6092671813297,91.6092671813297,-0.006677863691248944,0.0,5.4454267459293435,271,0.283798538476216,-0.09571994506566661,13506.099532712176
1259,91.62611560323388,91.62611560323388,0.0001838992196334942,0.0,5.4454267459293435,271,0.28380374717921125,-0.08911072854292033,13506.177841800518
1260,90.83496134067046,90.83496134067046,-0.008672087593091921,0.0,5.4454267459293435,271,0.28408544368270644,-0.10377044893664364,13491.655777309583
1261,90.45790289807876,90.45790289807876,-0.004159667153545781,0.0,5.4454267459293435,271,0.28435707424748435,-0.08726194879998773,13481.773758152942
1262,90.27892799170097,90.27892799170097,-0.0019805035199247307,0.0,5.4454267459293435,271,0.28458126203667616,-0.08263430702352258,13475.29768931113
1263,90.30527201387112,90.30527201387112,0.00029176442187319113,0.0,5.4454267459293435,271,0.28458379866047895,-0.08036878781465309,13475.510155902646
1264,90.8653022592435,90.8653022592435,0.0061823729531742515,0.0,5.4454267459293435,271,0.28442829168801625,-0.05567525314595513,13484.48958926504
1265,90.79117524060173,90.79117524060173,-0.0008161230887705884,0.0,5.4454267459293435,271,0.28449974687000884,-0.0859515394656075,13482.182876471083
1266,90.31626132427857,90.31626132427857,-0.005244566583147895,0.0,5.4454267459293435,271,0.2849635536141198,-0.08148512846700512,13467.691979936355
1267,90.4952211025035,90.4952211025035,0.0019795184936346887,0.0,5.4454267459293435,271,0.28492624155762414,-0.09422925132834092,13470.3146118614
1268,89.98545172548025,89.98545172548025,-0.005649034045185564,0.0,5.4454267459293435,271,0.2851653343836573,-0.08730734140699267,13460.663840530215
1269,90.21912588693841,90.21912588693841,0.0025934334801761727,0.0,5.4454267459293435,271,0.285047606423643,-0.10111417049596053,13465.551784955584
1270,89.93153496365622,89.93153496365622,-0.0031927850414736328,0.0,5.4454267459293435,271,0.28538628187764475,-0.10521145372086474,13455.48146029612
1271,90.71765420976001,90.71765420976001,0.008703323961002074,0.0,5.4454267459293435,271,0.28474163629246685,-0.07995966555846892,13477.916245677934
1272,90.52193673373571,90.52193673373571,-0.0021597659880370755,0.0,5.4454267459293435,271,0.2848687111108358,-0.06269043835701688,13473.001905205365
1273,89.89381085387295,89.89381085387295,-0.0069631218577460696,0.0,5.4454267459293435,271,0.28528951304027245,-0.04055487777893817,13457.494579178816
1274,89.93910462951644,89.93910462951644,0.0005037317721228998,0.0,5.4454267459293435,271,0.28532923576314684,-0.03559657921014032,13456.882590786832
1275,89.88736126593267,89.88736126593267,-0.0005754810867703809,0.0,5.4454267459293435,271,0.28543393207307516,-0.02533314962518489,13454.11108515252
1276,89.90939928235267,89.90939928235267,0.0002451436440029665,0.0,5.4454267459293435,271,0.2854877687655902,-0.030718597116069384,13453.1024552248
1277,89.77165768683167,89.77165768683167,-0.0015331791211172494,0.0,5.4454267459293435,271,0.28559053754121455,-0.0385206671196773,13449.28066648647
1278,89.86000554974486,89.86000554974486,0.0009836558705182967,0.0,5.4454267459293435,271,0.28558604515111974,-0.024706941355303377,13450.502091242892
1279,89.94440061611364,89.94440061611364,0.0009387430971922123,0.0,5.4454267459293435,271,0.2855828666776296,-0.039005752024090845,13451.659788057155
1280,89.48192023490209,89.48192023490209,-0.005155112173352262,0.0,5.4454267459293435,271,0.28596157186723586,-0.03116145495039207,13438.22831730636
1281,90.13720096902928,90.13720096902928,0.007296368413678717,0.0,5.4454267459293435,271,0.28569381907149255,-0.0748133566341281,13452.201479807978
1282,89.9356095621439,89.9356095621439,-0.002238999774675048,0.0,5.4454267459293435,271,0.2858554820364096,-0.0493942679166467,13446.014000544863
1283,89.4253769318233,89.4253769318233,-0.005689464767634305,0.0,5.4454267459293435,271,0.2862300117275725,-0.02654751360427266,13432.295812267084
1284,89.49188645557838,89.49188645557838,0.0007434668467360523,0.0,5.4454267459293435,271,0.28626954582683256,-0.03348554282652666,13431.482791513887
1285,89.41512129183994,89.41512129183994,-0.0008581572003916298,0.0,5.4454267459293435,271,0.28633803999801033,-0.03624231679441956,13428.809838642339
1286,89.99500469394715,89.99500469394715,0.0064643555458386995,0.0,5.4454267459293435,271,0.2858086847460491,-0.025654376422308812,13449.192708617664
1287,90.05286194063927,90.05286194063927,0.0006426874115762487,0.0,5.4454267459293435,271,0.2858165423033082,-0.030506352686829927,13449.796796453358
1288,89.71286304454523,89.71286304454523,-0.0037826932974654626,0.0,5.4454267459293435,271,0.28605393585545563,-0.05540711951097081,13439.952098383717
1289,89.81585435861037,89.81585435861037,0.0011473520989084558,0.0,5.4454267459293435,271,0.28605207655447407,-0.09898435891441386,13441.141346461405
1290,89.92923046212204,89.92923046212204,0.0012615212111155808,0.0,5.4454267459293435,271,0.2860633838633427,-0.12454162565645567,13441.795552615738
1291,89.9741080634098,89.9741080634098,0.0004989079423032806,0.0,5.4454267459293435,271,0.2861243169507472,-0.12550961484186596,13440.769967349936
1292,90.08455720558858,90.08455720558858,0.0012268130041571401,0.0,5.4454267459293435,271,0.28609135451198286,-0.12324966654262069,13443.251759839688
1293,89.53968096908832,89.53968096908832,-0.006066863952220646,0.0,5.4454267459293435,271,0.2863306487627084,-0.12719777774256158,13428.556837780437
1294,89.84178868186974,89.84178868186974,0.003368330062220708,0.0,5.4454267459293435,271,0.286213763043317,-0.14409605254973,13433.548393325556
1295,90.02842245017312,90.02842245017312,0.0020752056063827783,0.0,5.4454267459293435,271,0.28613454757112883,-0.13272901791957953,13437.77790390299
1296,90.301297216732,90.301297216732,0.0030264004772681537,0.0,5.4454267459293435,271,0.28610498502449067,-0.10487640542485745,13441.22518041943
1297,90.1516081959857,90.1516081959857,-0.0016590373509106813,0.0,5.4454267459293435,271,0.2862563189173088,-0.13978902511678867,13436.501489622966
1298,89.99637049645023,89.99637049645023,-0.001723446902785626,0.0,5.4454267459293435,271,0.2863818828782154,-0.1504935536670531,13431.97875443385
1299,90.17095581947422,90.17095581947422,0.0019380359495684862,0.0,5.4454267459293435,271,0.2862659993404522,-0.14857319027904786,13436.34537270461
1300,90.05468723292148,90.05468723292148,-0.0012902559337671852,0.0,5.4454267459293435,271,0.28642603789139276,-0.19263622349310894,13431.585116905087
1301,89.96869968781954,89.96869968781954,-0.0009552931217658156,0.0,5.4454267459293435,271,0.2864928147109987,-0.2192017543976845,13428.894829105806
1302,90.33602583110248,90.33602583110248,0.004074509421868183,0.0,5.4454267459293435,271,0.28620070300060313,-0.19412946399562692,13439.124824819839
1303,90.66555505504725,90.66555505504725,0.003641179114694345,0.0,5.4454267459293435,271,0.28606825507735323,-0.18309088294656753,13445.79037611118
1304,90.87257475717279,90.87257475717279,0.0022807306881269117,0.0,5.4454267459293435,271,0.2859551527046959,-0.17544598786132176,13450.550659810322
1305,91.56696594820492,91.56696594820492,0.007612325064290678,0.0,5.4454267459293435,271,0.2855069150431387,-0.1469508487151689,13467.829076194626
1306,91.64464012590929,91.64464012590929,0.0008479177058978201,0.0,5.4454267459293435,271,0.2855133792397539,-0.14045381680312152,13468.682099035661
1307,91.2300049043154,91.2300049043154,-0.004534646473684416,0.0,5.4454267459293435,271,0.2857873709981419,-0.1513017655004782,13458.248223860151
1308,91.10282748697935,91.10282748697935,-0.0013950031521191616,0.0,5.4454267459293435,271,0.28590090451905853,-0.14035216802100656,13454.410013148565
1309,90.88287616444627,90.88287616444627,-0.002417238554662456,0.0,5.4454267459293435,271,0.2861630819871079,-0.07454173839023268,13446.679996317114
1310,90.60660420693956,90.60660420693956,-0.003044497899687027,0.0,5.4454267459293435,271,0.2862900979472396,-0.04772596801962957,13440.991246488555
1311,90.73498079452293,90.73498079452293,0.001415854052760082,0.0,5.4454267459293435,271,0.2862634276112077,-0.033914944859134696,13442.98068290767
1312,90.96484542561815,90.96484542561815,0.0025301593127983186,0.0,5.4454267459293435,271,0.2861300780495285,-0.0625101077403023,13448.30654381821
1313,91.23062622447218,91.23062622447218,0.0029175366980806854,0.0,5.4454267459293435,271,0.28600797201856537,-0.04815306467390874,13453.69776658617
1314,91.23178243098445,91.23178243098445,1.267336675878421e-05,0.0,5.4454267459293435,271,0.28603980572917903,-0.05687806694204547,13453.04607659169
1315,91.27661309294396,91.27661309294396,0.0004912723355269228,0.0,5.4454267459293435,271,0.2860747486448353,-0.033084454491518124,13452.946978233696
1316,90.90471750320935,90.90471750320935,-0.004082702712673994,0.0,5.4454267459293435,271,0.28633606685455,-0.04584989373445676,13443.402947203633
1317,91.08949872618415,91.08949872618415,0.0020306281188251125,0.0,5.4454267459293435,271,0.28627260397699783,-0.08072511115211835,13446.265449923547
1318,89.98972260070613,89.98972260070613,-0.012147055196469898,0.0,5.4454267459293435,271,0.2866729269150197,-0.0977321542164109,13425.18963706225
1319,90.20687091659417,90.20687091659417,0.0024101279248647705,0.0,5.4454267459293435,271,0.2865694537944755,-0.12775504041768507,13430.391233636734
1320,90.14087150901432,90.14087150901432,-0.0007319127995559379,0.0,5.4454267459293435,271,0.28661910294416254,-0.18054094513343955,13428.53704062964
1321,90.43821539561631,90.43821539561631,0.003293229137794842,0.0,5.4454267459293435,271,0.2863717329336101,-0.1938916092520906,13437.75890641996
1322,90.6726349136201,90.6726349136201,0.002588686967270526,0.0,5.4454267459293435,271,0.2862851381519071,-0.1827022218746359,13442.406799127593
1323,90.77651950337957,90.77651950337957,0.0011450546732383225,0.0,5.4454267459293435,271,0.2862367936233867,-0.1807582735282695,13444.528022772165
1324,91.14987073327396,91.14987073327396,0.004104426560009749,0.0,5.4454267459293435,271,0.28598779302689864,-0.17378764239203462,13453.471548168776
1325,92.17554421163688,92.17554421163688,0.011189765268162098,0.0,5.4454267459293435,271,0.28571829474820426,-0.1101861096671896,13470.783382952452
1326,92.91349163450947,92.91349163450947,0.00797401455670362,0.0,5.4454267459293435,271,0.285452300621684,-0.011642825767756024,13484.173853096217
1327,92.87323040524319,92.87323040524319,-0.0004334134264763309,0.0,5.4454267459293435,271,0.2855336642927941,-0.008974405234577045,13481.946170660724
1328,92.82251677482938,92.82251677482938,-0.0005462013260372503,0.0,5.4454267459293435,271,0.28559999766742544,0.00525656955129711,13479.960620617729
1329,93.50648655129518,93.50648655129518,0.007341560748280016,0.0,5.4454267459293435,271,0.28509512521980096,0.005347451030696669,13498.879134151099
1330,93.48948567415806,93.48948567415806,-0.00018183147991509448,0.0,5.4454267459293435,271,0.2851413213331302,0.03206441740378612,13497.773944997442
1331,93.20272763992587,93.20272763992587,-0.003071989502463938,0.0,5.4454267459293435,271,0.28544902320463894,0.06098110907049584,13488.767860680477
1332,93.639623139664,93.639623139664,0.004676630262771388,0.0,5.4454267459293435,271,0.2852664199666154,0.021871949277480148,13497.617257264077
1333,93.75389373575912,93.75389373575912,0.0012195791206018054,0.0,5.4454267459293435,271,0.28528321764961306,0.02469609640346251,13498.346794753372
1334,93.0901633335053,93.0901633335053,-0.007104675466339294,0.0,5.4454267459293435,271,0.28553345011872505,0.01862135274770925,13486.145705700375
1335,92.93106967960344,92.93106967960344,-0.0017104896050226927,0.0,5.4454267459293435,271,0.28570701504817625,0.03707974618575367,13480.092903466319
1336,92.33152868619501,92.33152868619501,-0.006472359684741143,0.0,5.4454267459293435,271,0.28640959381353975,0.0511477207394595,13456.099539440558
1337,91.2335878351853,91.2335878351853,-0.011962555467834089,0.0,5.4454267459293435,271,0.28713683918642113,0.12186738929565316,13428.824083638096
1338,92.04253952191,92.04253952191,0.008827739343707794,0.0,5.4454267459293435,271,0.2864824322329377,0.026755179069763966,13450.726345224004
1339,92.08050555223126,92.08050555223126,0.00041239846803586236,0.0,5.4454267459293435,271,0.28647368594390804,0.02938957242697552,13451.323305066338
1340,91.92701168255302,91.92701168255302,-0.0016683438545059262,0.0,5.4454267459293435,271,0.2865646503089436,0.06285506602032856,13447.68151308307
1341,91.69270824086387,91.69270824086387,-0.0025520523498727024,0.0,5.4454267459293435,271,0.2867512447234606,0.08635148663500972,13441.100810913114
1342,91.68051121843742,91.68051121843742,-0.00013302948468053662,0.0,5.4454267459293435,271,0.2868100069073786,0.07419505572085672,13439.793855047836
1343,91.427271166895,91.427271166895,-0.0027660234830293707,0.0,5.4454267459293435,271,0.2870986847153062,0.07934976979367196,13429.018940086935
1344,90.97857976264322,90.97857976264322,-0.004919713999961725,0.0,5.4454267459293435,271,0.28732287076704816,0.09265071818741696,13419.012412703532
1345,90.74716356112316,90.74716356112316,-0.0025468744535460507,0.0,5.4454267459293435,271,0.2875464506056293,0.11115064144335417,13411.933397016675
1346,91.37515654485134,91.37515654485134,0.006896414149939993,0.0,5.4454267459293435,271,0.28738404761152486,0.09212531783817451,13422.632035813736
1347,91.7916773840653,91.7916773840653,0.004548001930628965,0.0,5.4454267459293435,271,0.2870468203568493,0.11655940173595272,13434.61586456334
1348,91.56102240370656,91.56102240370656,-0.002515971701517189,0.0,5.4454267459293435,271,0.28730718268176325,0.10989362500274752,13426.429892813147
1349,92.44443441606442,92.44443441606442,0.009602093494176803,0.0,5.4454267459293435,271,0.2870007767592081,0.08044097955584768,13442.71658586421
1350,92.3901901914752,92.3901901914752,-0.0005869487522882591,0.0,5.4454267459293435,271,0.2871078438804023,0.07245631188929044,13440.087437930604
1351,92.02227530395558,92.02227530395558,-0.003990135641511479,0.0,5.4454267459293435,271,0.28724634565262763,0.0749343448370237,13433.118164483829
1352,92.16121488437999,92.16121488437999,0.0015087085887760692,0.0,5.4454267459293435,271,0.28723054181672997,0.07531053162153643,13435.06881520757
1353,92.88360018238664,92.88360018238664,0.007807719092138121,0.0,5.4454267459293435,271,0.2869396723084811,0.09596002179861447,13449.8818384464
1354,93.4907135260333,93.4907135260333,0.006515012492816725,0.0,5.4454267459293435,271,0.2866050363243508,0.12398937708684807,13464.104159673754
1355,93.14201625242521,93.14201625242521,-0.003736725919015011,0.0,5.4454267459293435,271,0.2866986662191868,0.09979470640962443,13457.67137644727
1356,92.58646775051798,92.58646775051798,-0.005982390496164895,0.0,5.4454267459293435,271,0.2869206434265873,0.12224026631734053,13446.047198597364
1357,92.41263388997423,92.41263388997423,-0.001879294657797984,0.0,5.4454267459293435,271,0.2870561106900593,0.12981180665179035,13440.524045101607
1358,92.6242411659427,92.6242411659427,0.002287191330397894,0.0,5.4454267459293435,271,0.28696444635747714,0.12913050212051344,13445.618817528002
1359,92.98557252464427,92.98557252464427,0.00389345593283764,0.0,5.4454267459293435,271,0.2869786730629458,0.13470672121149058,13449.74213875424
1360,93.51202023602502,93.51202023602502,0.005645639730647611,0.0,5.4454267459293435,271,0.2866092588730781,0.14296303266146412,13470.37985884374
1361,93.80454416009864,93.80454416009864,0.0031233133366106456,0.0,5.4454267459293435,271,0.28660009880537923,0.1557777624398479,13476.583822045763
1362,94.14107760395059,94.14107760395059,0.0035811826884780016,0.0,5.4454267459293435,271,0.2866124690022621,0.15394159851434938,13482.071158627958
1363,93.36513593146223,93.36513593146223,-0.008276484146299992,0.0,5.4454267459293435,271,0.2871135017325354,0.12460637880322847,13461.787572140205
1364,93.32093877948537,93.32093877948537,-0.00047349169316481747,0.0,5.4454267459293435,271,0.2871689716390487,0.12152023943929749,13459.900185902861
1365,93.63076361895067,93.63076361895067,0.003314493734282137,0.0,5.4454267459293435,271,0.28698985226574,0.12094619498694391,13468.226241746974
1366,93.20468304802017,93.20468304802017,-0.0045610329001074265,0.0,5.4454267459293435,271,0.2871976082351108,0.11061864439270881,13459.564882244296
1367,93.0509484431634,93.0509484431634,-0.0016507918556660072,0.0,5.4454267459293435,271,0.2874071260472366,0.11286166513794205,13453.984665242735
1368,92.96442789488783,92.96442789488783,-0.0009302516406781816,0.0,5.4454267459293435,271,0.2874453226597015,0.11134428722768554,13452.273754154521
1369,93.1448046384868,93.1448046384868,0.0019383971189643725,0.0,5.4454267459293435,271,0.2874238020803693,0.10329612732377055,13454.670529174777
1370,92.97102905698432,92.97102905698432,-0.0018673922422456025,0.0,5.4454267459293435,271,0.2875450804729508,0.10376207850557566,13450.295970734334
1371,93.52246024176023,93.52246024176023,0.0059136948307733994,0.0,5.4454267459293435,271,0.28706250542406064,0.09143358599410653,13466.543025012246
1372,93.75681826815601,93.75681826815601,0.002502766462923213,0.0,5.4454267459293435,271,0.2869831792014963,0.09562857039935017,13470.907858578881
1373,93.81391563957453,93.81391563957453,0.0006088089756070088,0.0,5.4454267459293435,271,0.2869830415367643,0.09696733926486212,13471.572827622605
1374,94.36449344536771,94.36449344536771,0.005851674265369514,0.0,5.4454267459293435,271,0.2866927236019871,0.09557096466794003,13483.336285718697
1375,94.46378597627522,94.46378597627522,0.001051670230361431,0.0,5.4454267459293435,271,0.286662848063451,0.0970948556862849,13485.086667120317
1376,94.36566355155132,94.36566355155132,-0.0010392704506733367,0.0,5.4454267459293435,271,0.2867855512699322,0.10254248795043992,13481.595938604181
1377,94.76701161080666,94.76701161080666,0.004244096493066994,0.0,5.4454267459293435,271,0.286677421906953,0.10983002665822508,13488.300573139777
1378,94.23449269888337,94.23449269888337,-0.005635090821232903,0.0,5.4454267459293435,271,0.2871510540585193,0.11933425576220862,13473.096245538207
1379,94.18146293134474,94.18146293134474,-0.0005629010426584278,0.0,5.4454267459293435,271,0.2871864175427451,0.12786500673110573,13471.80002694757
1380,94.80814639281238,94.80814639281238,0.006631959933172883,0.0,5.4454267459293435,271,0.2869516075485531,0.1220111915816069,13483.69873945755
1381,94.91850455467569,94.91850455467569,0.0011633386638973233,0.0,5.4454267459293435,271,0.28694853270911674,0.12062532196866242,13485.01618879518
1382,95.28167635553481,95.28167635553481,0.0038188422375036147,0.0,5.4454267459293435,271,0.2868604037739547,0.12048047711251991,13490.828723241044
1383,95.62243730428958,95.62243730428958,0.0035699734712915346,0.0,5.4454267459293435,271,0.286692793267184,0.12527302926531203,13497.973469753779
1384,96.5759016140875,96.5759016140875,0.009921752048731603,0.0,5.4454267459293435,271,0.2864357781635981,0.11356707874299748,13514.456150685004
1385,96.32845565714749,96.32845565714749,-0.002565479558449724,0.0,5.4454267459293435,271,0.28653203078046857,0.04028152426417631,13509.701100245164
1386,96.55923627080053,96.55923627080053,0.0023929025379152637,0.0,5.4454267459293435,271,0.2864774521418153,0.04377975526333075,13513.447765895016
1387,96.71729851447147,96.71729851447147,0.0016356075411228547,0.0,5.4454267459293435,271,0.28646072830023,0.04409236514803721,13515.734515842114
1388,96.43446604081834,96.43446604081834,-0.002928605663556522,0.0,5.4454267459293435,271,0.2866750353070207,0.047197202005736794,13508.189925877206
1389,96.61514561926889,96.61514561926889,0.001871846616550008,0.0,5.4454267459293435,271,0.28661458214521046,0.0493122553760146,13511.544928510264
1390,96.66996405912761,96.66996405912761,0.000567228809500592,0.0,5.4454267459293435,271,0.2866396406236873,0.04718121402291198,13511.679297481685
1391,96.54972434068684,96.54972434068684,-0.0012445909105595193,0.0,5.4454267459293435,271,0.28672448667025535,0.05978658904140688,13508.180695538844
1392,96.82980824541855,96.82980824541855,0.00289672952287871,0.0,5.4454267459293435,271,0.28659631130711655,0.05461183080394649,13514.817640864283
1393,96.26391197947156,96.26391197947156,-0.005861380530010918,0.0,5.4454267459293435,271,0.2866910503272684,0.04557268837251305,13500.648290761314
1394,96.5202669712355,96.5202669712355,0.0026595039516033375,0.0,5.4454267459293435,271,0.2865996149517789,0.021053546668700344,13505.74296034907
1395,96.2661968414089,96.2661968414089,-0.002635768838675324,0.0,5.4454267459293435,271,0.28665040606048986,0.0019427068022922927,13496.100071121633
1396,96.97746631222633,96.97746631222633,0.007361407574254836,0.0,5.4454267459293435,271,0.2862187789027417,-0.09421095951648191,13517.312491177196
1397,96.18666441784256,96.18666441784256,-0.008187920909244879,0.0,5.4454267459293435,271,0.2863046435939632,-0.062451660001506815,13495.00520681365
1398,97.16081613736833,97.16081613736833,0.010076779483054096,0.0,5.4454267459293435,271,0.2856906619841447,-0.13133824293942356,13532.898553029692
1399,97.17173366606175,97.17173366606175,0.00011235923900498857,0.0,5.4454267459293435,271,0.2856942555595389,-0.13876988257227918,13532.837930524789
1400,97.31118881024183,97.31118881024183,0.0014341122223547212,0.0,5.353197746663062,249,0.29988685340846566,-0.14805213861731914,13442.463316929412
1401,97.63412671864462,97.63412671864462,0.0033131158132933014,0.0,5.353197746663062,249,0.2998202430181794,-0.1517680844446939,13448.376715237659
1402,97.75111007157881,97.75111007157881,0.001197463726888484,0.0,5.353197746663062,249,0.2998348920903533,-0.15576503827982272,13449.628926501131
1403,97.626550858942,97.626550858942,-0.0012750611192607988,0.0,5.353197746663062,249,0.299837559453214,-0.17822321915614184,13447.861198003331
1404,97.99723953145559,97.99723953145559,0.003789816314755405,0.0,5.353197746663062,249,0.29984316824590757,-0.21067315603522757,13452.531829616606
1405,97.72489891780722,97.72489891780722,-0.002782932902459111,0.0,5.353197746663062,249,0.29992672944231785,-0.20001564213941456,13446.893892866488
1406,97.9179612224271,97.9179612224271,0.0019736203728481618,0.0,5.353197746663062,249,0.29988724522754956,-0.2274769346161747,13450.315474425774
1407,97.16927698493834,97.16927698493834,-0.007675416597277087,0.0,5.353197746663062,249,0.2999196640562605,-0.20974787584616497,13439.355224812636
1408,96.77487508935526,96.77487508935526,-0.004067175370279567,0.0,5.353197746663062,249,0.29995747169695086,-0.14248368012228757,13433.296122159394
1409,97.45648923580237,97.45648923580237,0.0070186084197904385,0.0,5.353197746663062,249,0.29977481633316305,-0.16366617579215134,13446.486292439899
1410,97.42095589754608,97.42095589754608,-0.000364673691465546,0.0,5.353197746663062,249,0.29983769247697717,-0.1773561474456953,13444.525826854077
1411,96.5352670490637,96.5352670490637,-0.00913293723020399,0.0,5.353197746663062,249,0.2998625121768378,-0.15211118878669902,13432.915188985533
1412,97.47642283180524,97.47642283180524,0.009702128423213314,0.0,5.353197746663062,249,0.29974499452810704,-0.21693883046936077,13446.289849585435
1413,97.89725765512722,97.89725765512722,0.00430800579818159,0.0,5.353197746663062,249,0.2996794056094964,-0.23130303816910291,13453.140696249744
1414,97.90637390020471,97.90637390020471,9.31162002631472e-05,0.0,5.353197746663062,249,0.29971376675155226,-0.2178268577243478,13452.510157754932
1415,97.73610116397593,97.73610116397593,-0.0017406524750308225,0.0,5.353197746663062,249,0.2997211021431948,-0.24553961972580082,13450.121626532617
1416,98.41780294413543,98.41780294413543,0.006950710747357977,0.0,5.353197746663062,249,0.29968187602263646,-0.2791353427824664,13459.582969533412
1417,98.95501074663456,98.95501074663456,0.005443598021754481,0.0,5.353197746663062,249,0.29968858634757034,-0.2510356674264474,13466.616328036811
1418,99.6379422305655,99.6379422305655,0.006877728194861827,0.0,5.353197746663062,249,0.29967835756129346,-0.22612609219001503,13475.986375242543
1419,99.85548750650905,99.85548750650905,0.0021809777140302977,0.0,5.353197746663062,249,0.29970840290233086,-0.23289550279356486,13478.502261111224
1420,99.59406236969865,99.59406236969865,-0.002621467801598395,0.0,5.353197746663062,249,0.29982695462244574,-0.24547402338548727,13472.760528984301
1421,99.37176540700516,99.37176540700516,-0.002234524970176361,0.0,5.353197746663062,249,0.29980689209308814,-0.23882908084199733,13470.118540704518
1422,99.25827426092107,99.25827426092107,-0.0011427391206692643,0.0,5.353197746663062,249,0.2998023769910566,-0.2127889320407505,13468.659285763468
1423,98.4292844085659,98.4292844085659,-0.008386918400113354,0.0,5.353197746663062,249,0.2998312398114786,-0.20703949118066461,13456.68151840909
1424,98.72499954010082,98.72499954010082,0.0029998369538256405,0.0,5.353197746663062,249,0.2997753327249776,-0.22034200079747604,13461.630641802814
1425,98.87194112358884,98.87194112358884,0.0014872862917912316,0.0,5.353197746663062,249,0.2997748202344277,-0.2092438233530859,13463.610224613964
1426,98.82508994188211,98.82508994188211,-0.0004739695111384177,0.0,5.353197746663062,249,0.29978926389317484,-0.22769276863261767,13462.672916091302
1427,98.90966492651563,98.90966492651563,0.0008554387906900712,0.0,5.353197746663062,249,0.29982237575035336,-0.2334675958576568,13463.11069203891
1428,98.74903312662816,98.74903312662816,-0.0016253454751246831,0.0,5.353197746663062,249,0.29994515137224076,-0.2308756612824227,13458.312441945665
1429,99.55239685238297,99.55239685238297,0.008102494479560565,0.0,5.353197746663062,249,0.2994526363255064,-0.2349883130864029,13479.858320214542
1430,98.87822794871111,98.87822794871111,-0.006795034771984594,0.0,5.353197746663062,249,0.29951660850771405,-0.2578797576369005,13469.04978190272
1431,98.09871324771811,98.09871324771811,-0.007914822573724856,0.0,5.353197746663062,249,0.29985702197024044,-0.2004673707884296,13452.644274592954
1432,98.595581095599,98.595581095599,0.005052194385250063,0.0,5.353197746663062,249,0.2998476272671976,-0.225997515209382,13459.53034277331
1433,98.66253171904746,98.66253171904746,0.0006788123952316372,0.0,5.353197746663062,249,0.2998592067476824,-0.22563490996793445,13460.180205079823
1434,99.27106643303655,99.27106643303655,0.006148896771507931,0.0,5.353197746663062,249,0.2999256301030996,-0.22654198278912743,13466.867290935837
1435,99.48392671959745,99.48392671959745,0.0021419373125298176,0.0,5.353197746663062,249,0.2998652269749316,-0.22079443971913587,13471.326211987729
1436,99.86910708310444,99.86910708310444,0.0038643088141730973,0.0,5.353197746663062,249,0.2999437179275396,-0.2121474970528537,13475.684352035529
1437,99.75783449564295,99.75783449564295,-0.0011148054276194596,0.0,5.353197746663062,249,0.30017666695063094,-0.20119512386766658,13466.177927984849
1438,100.3233907689832,100.3233907689832,0.00565328184928155,0.0,5.353197746663062,249,0.3002579457607807,-0.22000577892334425,13474.261084660642
1439,99.93225460085932,99.93225460085932,-0.0039063734237121785,0.0,5.353197746663062,249,0.30076500575622217,-0.2270297528030897,13454.338884019702
1440,100.1124514146692,100.1124514146692,0.0018015659213067286,0.0,5.353197746663062,249,0.30081967934698,-0.23681071829812533,13456.187362390068
1441,99.84506333138417,99.84506333138417,-0.0026744505501898478,0.0,5.353197746663062,249,0.30117537546703194,-0.23772481660524747,13442.524664272989
1442,100.04679179053359,100.04679179053359,0.002018376661826272,0.0,5.353197746663062,249,0.30115916216554905,-0.2486952607425125,13446.872287165694
1443,100.92452327537995,100.92452327537995,0.008734948720534406,0.0,5.353197746663062,249,0.30111085602196513,-0.24939393171122506,13464.140324694245
1444,100.86838274581777,100.86838274581777,-0.0005564172905534228,0.0,5.353197746663062,249,0.3011167660221645,-0.2504783837517012,13462.9686678306
1445,100.77814970594515,100.77814970594515,-0.0008949625346713411,0.0,5.353197746663062,249,0.30111876234345786,-0.24615319928293533,13461.240220129395
1446,101.1430898349327,101.1430898349327,0.003614681914334031,0.0,5.353197746663062,249,0.30112860673506214,-0.2499171719579911,13467.471545867462
1447,101.00173295272562,101.00173295272562,-0.001398570621783748,0.0,5.353197746663062,249,0.30114013086075303,-0.2513998484118626,13464.99263900797
1448,101.37120305315871,101.37120305315871,0.0036513826228410495,0.0,5.353197746663062,249,0.30114741707389076,-0.25430899393032236,13470.344219806171
1449,101.47446714432296,101.47446714432296,0.001018154343490155,0.0,5.353197746663062,249,0.30115764716594623,-0.253897728893825,13471.57626582396
1450,100.55982554954662,100.55982554954662,-0.009054382117397355,0.0,5.353197746663062,249,0.3012348534100101,-0.23757156339210156,13457.76424431418
1451,99.72118381256126,99.72118381256126,-0.008374699540446914,0.0,5.353197746663062,249,0.3013429133311373,-0.16080920637164314,13444.087799504934
1452,99.12638861912414,99.12638861912414,-0.0059824413254776065,0.0,5.353197746663062,249,0.3015016238018023,-0.10677750950031142,13433.630832584395
1453,98.55417800302006,98.55417800302006,-0.005789261170618684,0.0,5.353197746663062,249,0.30155932974435457,-0.07042676733978052,13425.587779258824
1454,98.60471338087939,98.60471338087939,0.0005126360633428843,0.0,5.353197746663062,249,0.30158253387872197,-0.06648434155676794,13425.705422574667
1455,97.86520949901181,97.86520949901181,-0.007527944871445869,0.0,5.353197746663062,249,0.30170763608494994,-0.051402896477889294,13414.713042345695
1456,96.8804125456145,96.8804125456145,-0.010113761094767727,0.0,5.353197746663062,249,0.30204988086508006,0.04027977843955599,13397.62886610308
1457,96.60088044822501,96.60088044822501,-0.0028895020035656477,0.0,5.353197746663062,249,0.30207612232625275,0.1156821759567206,13394.050867815864
1458,97.21651465283028,97.21651465283028,0.006352745322277795,0.0,5.353197746663062,249,0.30198450977778935,0.10700625573091499,13402.48418632207
1459,97.14050302558384,97.14050302558384,-0.0007821856090386161,0.0,5.353197746663062,249,0.302000386009014,0.10338606161341914,13401.358157001405
1460,97.32000052699873,97.32000052699873,0.0018461080693989282,0.0,5.353197746663062,249,0.3019694312907371,0.09903552449878628,13403.906628871631
1461,97.9211815727315,97.9211815727315,0.006158362075766311,0.0,5.353197746663062,249,0.30190372839831336,0.10238220185546769,13412.0287159127
1462,97.32694891981551,97.32694891981551,-0.006086967246928944,0.0,5.353197746663062,249,0.3020430734305842,0.07625953608835091,13402.69325631846
1463,98.27565700245532,98.27565700245532,0.009700438473090921,0.0,5.353197746663062,249,0.30199494846146463,0.03849922324504358,13414.459756656763
1464,97.711298573901,97.711298573901,-0.005759158682537794,0.0,5.353197746663062,249,0.3024052593766282,0.009892926784673035,13400.19548856191
1465,97.49105028280339,97.49105028280339,-0.0022566161304112984,0.0,5.353197746663062,249,0.3026056433559734,0.021071130532653675,13393.88611710501
1466,98.23824780774939,98.23824780774939,0.0076350465871887815,0.0,5.353197746663062,249,0.30248300225629615,0.019091884818851487,13405.002993338921
1467,98.04046790960429,98.04046790960429,-0.0020152971182965927,0.0,5.353197746663062,249,0.30256674515362114,-0.01024706418105661,13401.162969244466
1468,99.04856912102854,99.04856912102854,0.01022999572493878,0.0,5.353197746663062,249,0.3023911495232106,-0.005228900793715994,13416.461072623977
1469,99.73175706589959,99.73175706589959,0.006873825473545259,0.0,5.353197746663062,249,0.3022307210961953,0.03521894885557965,13427.681231588496
1470,99.47294605588336,99.47294605588336,-0.0025984442293055334,0.0,5.353197746663062,249,0.3022653870627535,0.019775888677748106,13423.841033531538
1471,100.18527206715292,100.18527206715292,0.007135484232118841,0.0,5.353197746663062,249,0.30206448087287935,0.061633098463488925,13436.385682478543
1472,99.24883080836257,99.24883080836257,-0.009391053260078115,0.0,5.353197746663062,249,0.30217785382105417,-0.0003129908104836658,13422.565918030128
1473,99.17461864096745,99.17461864096745,-0.0007480181506914417,0.0,5.353197746663062,249,0.3022193700433633,0.006117423650235604,13420.902119920456
1474,99.3120175580246,99.3120175580246,0.0013844653890547809,0.0,5.353197746663062,249,0.3022488639038915,0.005261188065738816,13421.713704248245
1475,99.06644973587373,99.06644973587373,-0.002475752040345629,0.0,5.353197746663062,249,0.30265041187933933,0.011332575087333874,13407.468615671149
1476,98.81911800410515,98.81911800410515,-0.002499746326988665,0.0,5.353197746663062,249,0.30269406518914393,-0.0066564209918882475,13400.119899256748
1477,98.29936598124083,98.29936598124083,-0.005273510803016218,0.0,5.353197746663062,249,0.3032776702033509,-0.022155139158970185,13373.542586434773
1478,98.54113151422132,98.54113151422132,0.002456462543314049,0.0,5.353197746663062,249,0.30329770121594063,-0.04173765588185164,13375.633236004207
1479,98.4464617723944,98.4464617723944,-0.0009611747373107045,0.0,5.353197746663062,249,0.3035152536979594,-0.039513020761686765,13367.167117166871
1480,99.32272757606599,99.32272757606599,0.008861557665035933,0.0,5.353197746663062,249,0.30362336970825377,-0.045138522875851676,13387.145473786719
1481,99.23288003766899,99.23288003766899,-0.0009050114031956066,0.0,5.353197746663062,249,0.30369434843994786,-0.051414214361543,13382.965016564602
1482,98.61305211271019,98.61305211271019,-0.006265784149247406,0.0,5.353197746663062,249,0.30431471898708395,-0.05209204675913004,13351.177616177716
1483,98.89579246383636,98.89579246383636,0.002863067169180813,0.0,5.353197746663062,249,0.30431190719504697,-0.05010860661219381,13357.2569013049
1484,99.32691329768153,99.32691329768153,0.004349870131898067,0.0,5.353197746663062,249,0.30433082269850353,-0.04497657787983409,13366.371706771683
1485,99.26672843680537,99.26672843680537,-0.0006061106709461929,0.0,5.353197746663062,249,0.3043275176495826,-0.0463928732432845,13365.077315152117
1486,100.30964382638649,100.30964382638649,0.010451386313947932,0.0,5.353197746663062,249,0.3044286806220322,-0.04734394109188194,13386.737971070175
1487,99.59205601767982,99.59205601767982,-0.007179437609205,0.0,5.353197746663062,249,0.30437423050390133,-0.08761608827448795,13371.32587820707
1488,100.394319641389,100.394319641389,0.008023225829063061,0.0,5.353197746663062,249,0.30444030774821673,-0.10806960050350843,13388.46851503111
1489,100.8920251082185,100.8920251082185,0.004945258276258281,0.0,5.353197746663062,249,0.30450306980726877,-0.0597614213817205,13398.817089163005
1490,100.6308212511704,100.6308212511704,-0.002592301647596154,0.0,5.353197746663062,249,0.30447140706493503,-0.10170064652260974,13393.31409052145
1491,101.019608445099,101.019608445099,0.003856056009989638,0.0,5.353197746663062,249,0.3045165885722749,-0.08864816727098246,13401.500681656977
1492,100.36660266542907,100.36660266542907,-0.006485131873586095,0.0,5.353197746663062,249,0.3044447469127214,-0.10194479229194198,13387.698454534722
1493,100.89689903609136,100.89689903609136,0.005269684700444598,0.0,5.353197746663062,249,0.3044969007681609,-0.12074630864029892,13399.116438374667
1494,101.1742761419858,101.1742761419858,0.0027453423761575474,0.0,5.353197746663062,249,0.3045303398467786,-0.12213693787799947,13404.990027910868
1495,101.06329678650411,101.06329678650411,-0.0010975148189781997,0.0,5.353197746663062,249,0.30451671395096863,-0.12815249834422315,13402.652356968616
1496,101.33901167440321,101.33901167440321,0.0027244260259354732,0.0,5.353197746663062,249,0.30455432406886435,-0.1277563252706214,13408.390195806876
1497,101.79238305950636,101.79238305950636,0.004463831290205433,0.0,5.353197746663062,249,0.30460502188185024,-0.11613905705679714,13418.343056334908
1498,101.18627811929603,101.18627811929603,-0.005972122765485058,0.0,5.353197746663062,249,0.30453918353118603,-0.11765654984481415,13405.102181619484
1499,101.19325328041546,101.19325328041546,6.893148802104101e-05,0.0,5.353197746663062,249,0.30457169854920174,-0.1147363731259351,13404.52733065769
1500,101.04216492396655,101.04216492396655,-0.0014941832236922965,0.0,5.353197746663062,249,0.304721125036897,-0.11188964182367146,13397.872767930965
1501,101.48115933283209,101.48115933283209,0.0043352546975078095,0.0,5.353197746663062,249,0.3046323330963354,-0.11233609297709736,13410.605199193893
1502,100.98539811043167,100.98539811043167,-0.004897225689744926,0.0,5.353197746663062,249,0.3046206573829677,-0.1318955828167638,13398.463568917758
1503,101.78077629417162,101.78077629417162,0.007845315084039154,0.0,5.353197746663062,249,0.30407259486773397,-0.15182099030913324,13429.410101187239
1504,100.9478336663956,100.9478336663956,-0.00821736325202869,0.0,5.353197746663062,249,0.30405942997595703,-0.18188802370255622,13415.235210993162
1505,101.60464605809022,101.60464605809022,0.006485377959537357,0.0,5.353197746663062,249,0.3036761403501826,-0.20474932725148734,13439.92775531794
1506,100.33432709919683,100.33432709919683,-0.012581382342184212,0.0,5.353197746663062,249,0.30369607868882137,-0.2278924793395955,13421.080414721155
1507,100.88573816485044,100.88573816485044,0.005480690458992407,0.0,5.353197746663062,249,0.3033131936972976,-0.2565809798216392,13439.95174151661
1508,100.44677288150748,100.44677288150748,-0.004360607004149809,0.0,5.353197746663062,249,0.30328082806117135,-0.2699769561261143,13434.358020392878
1509,99.32132548173959,99.32132548173959,-0.01126765801154786,0.0,5.353197746663062,249,0.30327808092534553,-0.22767459194440562,13419.88574911833
1510,99.11324200194593,99.11324200194593,-0.0020972510858661047,0.0,5.353197746663062,249,0.30330547299365984,-0.2610661540159776,13416.763098627765
1511,99.74552356851488,99.74552356851488,0.006359123224574043,0.0,5.353197746663062,249,0.30324099595201837,-0.2948049673296328,13425.913485221745
1512,99.07232304955194,99.07232304955194,-0.006772058979656067,0.0,5.353197746663062,249,0.3032455192380135,-0.3309843316151686,13417.5661856918
1513,99.31379667432381,99.31379667432381,0.0024343814412013613,0.0,5.353197746663062,249,0.30324515338739194,-0.34263839271376795,13420.509224291603
1514,98.29076505390653,98.29076505390653,-0.01035442453087822,0.0,5.353197746663062,249,0.3033480646100817,-0.33471187091455157,13406.06976838324
1515,98.19017347847046,98.19017347847046,-0.0010239322447877306,0.0,5.353197746663062,249,0.30336958413704557,-0.3758098734343234,13404.435207992425
1516,98.08533100884715,98.08533100884715,-0.0010683195528511005,0.0,5.353197746663062,249,0.30337282308011104,-0.41093164317971476,13403.131824302325
1517,98.0340096568114,98.0340096568114,-0.0005233686084505767,0.0,5.353197746663062,249,0.30337529321820705,-0.40266282760358496,13402.475948348183
1518,98.95932055225498,98.95932055225498,0.009394406396579286,0.0,5.353197746663062,249,0.3033259641221206,-0.39369104963782,13414.541097620946
1519,98.78309390053472,98.78309390053472,-0.0017823864330015426,0.0,5.353197746663062,249,0.30333798237901344,-0.4016062357103314,13412.167780839649
1520,98.95745790799454,98.95745790799454,0.0017635639332116186,0.0,5.353197746663062,249,0.3033346004437397,-0.4077278309674668,13414.338813001845
1521,99.10711885557724,99.10711885557724,0.0015112341490995287,0.0,5.353197746663062,249,0.30333296144259664,-0.39482471876936676,13416.185385147648
1522,99.06983766863449,99.06983766863449,-0.0003762413959362297,0.0,5.353197746663062,249,0.30333456368874545,-0.3724698439911707,13415.700027503937
1523,98.5072421695439,98.5072421695439,-0.005694962392263634,0.0,5.353197746663062,249,0.30336364473090743,-0.35186781255070215,13408.337599173308
1524,98.53465851326224,98.53465851326224,0.0002782793284094591,0.0,5.353197746663062,249,0.3033625993633227,-0.36667957375547794,13408.68637332174
1525,97.53897447376603,97.53897447376603,-0.010156313045304392,0.0,5.353197746663062,249,0.30341093264642,-0.34000269494538593,13395.979535656494
1526,97.76312988671297,97.76312988671297,0.002295474614650421,0.0,5.353197746663062,249,0.30340004097013773,-0.35390776181133343,13398.813515782804
1527,96.70283164758324,96.70283164758324,-0.010904826097869033,0.0,5.353197746663062,249,0.3035401409114152,-0.3377249382578822,13384.118022820488
1528,96.88591935834418,96.88591935834418,0.0018915124396172123,0.0,5.353197746663062,249,0.30355981778173236,-0.4084883623361304,13385.183902261553
1529,96.55052915097521,96.55052915097521,-0.0034677078290301635,0.0,5.353197746663062,249,0.30408084069834473,-0.413831287536936,13365.20126300884
1530,96.06717600378357,96.06717600378357,-0.005018792653275316,0.0,5.353197746663062,249,0.30405041382846015,-0.39513203357705634,13353.74729749518
1531,96.40061411059247,96.40061411059247,0.0034648752416986946,0.0,5.353197746663062,249,0.303819941709141,-0.3772117860852262,13362.373191378563
1532,96.18695223444625,96.18695223444625,-0.0022188552237466094,0.0,5.353197746663062,249,0.30384255172179536,-0.39804586519067725,13356.3301290126
1533,96.17509336681451,96.17509336681451,-0.000123297375110614,0.0,5.353197746663062,249,0.3039907320271443,-0.3981527983776937,13351.558769684361
1534,95.38824391481525,95.38824391481525,-0.008215077982760544,0.0,5.353197746663062,249,0.3039002273101541,-0.3858851671863004,13337.66136318267
1535,96.06546759400163,96.06546759400163,0.007074571690560939,0.0,5.353197746663062,249,0.303930025689928,-0.40778652471142757,13350.386736718445
1536,96.11343090938503,96.11343090938503,0.0004991527868332665,0.0,5.353197746663062,249,0.3039357272538333,-0.40959227668225023,13351.248478564223
1537,96.1507202664038,96.1507202664038,0.0003878971431572324,0.0,5.353197746663062,249,0.303945762460007,-0.4067376483602286,13351.786756431842
1538,96.72224673575059,96.72224673575059,0.0059264722375869435,0.0,5.353197746663062,249,0.30401055573997504,-0.39643592586017645,13362.335787791428
1539,96.94362213716128,96.94362213716128,0.002286159137050706,0.0,5.353197746663062,249,0.30404488429888354,-0.3831395784218035,13366.236341267797
1540,95.72243771165847,95.72243771165847,-0.01267686462687629,0.0,5.353197746663062,249,0.30390728630267316,-0.3854722138901469,13344.079658216939
1541,96.45768976059607,96.45768976059607,0.007651734297018586,0.0,5.353197746663062,249,0.30399305587293896,-0.42337653960306926,13357.260049259989
1542,96.27852422823905,96.27852422823905,-0.0018591792404435254,0.0,5.353197746663062,249,0.30397494073622844,-0.42622919973884094,13353.888172771358
1543,96.98152250289037,96.98152250289037,0.007275185815689513,0.0,5.353197746663062,249,0.3040587230053931,-0.42902810315297596,13366.89345286188
1544,96.78501109363054,96.78501109363054,-0.002028332478113645,0.0,5.353197746663062,249,0.30403394112745763,-0.43923820133039004,13363.335530272558
1545,96.46908647592751,96.46908647592751,-0.003269528595849248,0.0,5.353197746663062,249,0.30400268303814276,-0.43457433130896994,13357.46347282842
1546,96.6674745361394,96.6674745361394,0.002054381924859657,0.0,5.353197746663062,249,0.30402363488552203,-0.42620355472483334,13361.203060427437
1547,97.68962105458466,97.68962105458466,0.01051832904898204,0.0,5.353197746663062,249,0.30415475857504426,-0.36600958746375656,13380.244378663707
1548,98.25302911958183,98.25302911958183,0.005750760410892749,0.0,5.353197746663062,249,0.30423786525226104,-0.3612182056941584,13390.430636817637
1549,98.50066991858542,98.50066991858542,0.0025172683510574527,0.0,5.353197746663062,249,0.30427970780954916,-0.34976276607801665,13394.819512044187
1550,98.69562465056285,98.69562465056285,0.0019772663164827034,0.0,5.353197746663062,249,0.30430333825070666,-0.3411598566644753,13398.587494430547
1551,98.7089246554802,98.7089246554802,0.00013474871763837322,0.0,5.353197746663062,249,0.30431214182907074,-0.3301911593882523,13398.633314368783
1552,99.41677694613354,99.41677694613354,0.007145517181735071,0.0,5.353197746663062,249,0.30445163745372444,-0.30752597867128084,13411.344440765635
1553,99.787568796712,99.787568796712,0.003722732829158844,0.0,5.353197746663062,249,0.3045046807835525,-0.3033806307115324,13418.55808689714
1554,99.07657828710688,99.07657828710688,-0.007150545228572675,0.0,5.353197746663062,249,0.3043969590149726,-0.3101856003285101,13404.344092264313
1555,98.5842029865841,98.5842029865841,-0.00498203351998119,0.0,5.353197746663062,249,0.30460596449108773,-0.2898689649460517,13390.119453749596
1556,98.85429371861169,98.85429371861169,0.0027359497262523765,0.0,5.353197746663062,249,0.30463530744298395,-0.30491774382216436,13395.261852259713
1557,98.2851045801275,98.2851045801275,-0.005774499922617757,0.0,5.353197746663062,249,0.30455998555465685,-0.29920183782873117,13384.699330554467
1558,98.32273090412532,98.32273090412532,0.00038275508567103995,0.0,5.353197746663062,249,0.304572658340816,-0.3046577617805481,13385.242474579187
1559,98.74711078967132,98.74711078967132,0.00430690498250493,0.0,5.353197746663062,249,0.3046556792282381,-0.298850019296812,13392.62957905511
1560,98.95298960341843,98.95298960341843,0.0020827393386201537,0.0,5.353197746663062,249,0.3045761398564494,-0.2894517975869183,13398.47654776118
1561,98.30502942008049,98.30502942008049,-0.006569695032819759,0.0,5.353197746663062,249,0.30488329227677563,-0.284218746304526,13379.080407134146
1562,97.84460463062945,97.84460463062945,-0.00469463669724445,0.0,5.353197746663062,249,0.3048547400526425,-0.2533843394085807,13370.004428264552
1563,98.06138745775353,98.06138745775353,0.002213132056817912,0.0,5.353197746663062,249,0.30484458706614737,-0.23419792474582526,13374.671363928961
1564,99.03694868522003,99.03694868522003,0.009899314355840322,0.0,5.353197746663062,249,0.3049358959823877,-0.18616235220782842,13393.521161718145
1565,98.96918524539696,98.96918524539696,-0.0006844580127231158,0.0,5.353197746663062,249,0.3049284706064757,-0.14895500867169062,13392.199130261535
1566,99.41248710094081,99.41248710094081,0.004469188994764663,0.0,5.353197746663062,249,0.30500777457062866,-0.12126887482928685,13400.450791330186
1567,99.62427264933764,99.62427264933764,0.002128105668430355,0.0,5.353197746663062,249,0.3049579386353022,-0.10378431685512686,13406.024583641094
1568,99.28342485791913,99.28342485791913,-0.003427198940156274,0.0,5.353197746663062,249,0.30510454257384173,-0.13464363638056845,13395.89253917322
1569,99.74078480339368,99.74078480339368,0.004596031320407015,0.0,5.353197746663062,249,0.30525007619005134,-0.16723874778010547,13403.13579857525
1570,98.89418155581768,98.89418155581768,-0.008524263270321015,0.0,5.353197746663062,249,0.3060514433347945,-0.17550139584400304,13360.552379375262
1571,99.29718921589813,99.29718921589813,0.004066859358890928,0.0,5.353197746663062,249,0.3060701387697284,-0.1731398983093925,13364.672587007044
1572,99.51920954717225,99.51920954717225,0.0022334216387083442,0.0,5.353197746663062,249,0.30600141088711286,-0.16192178748487263,13368.709107012819
1573,99.23275063703095,99.23275063703095,-0.002882578951482616,0.0,5.353197746663062,249,0.3060385342780047,-0.15028371737279922,13359.72899575577
1574,98.6886842821289,98.6886842821289,-0.005497815085412187,0.0,5.353197746663062,249,0.3066512224600177,-0.15485079572684413,13331.496659257193
1575,98.44548249641986,98.44548249641986,-0.0024673745101257477,0.0,5.353197746663062,249,0.306632986152465,-0.14623101773698347,13325.743264634819
1576,98.07488803366196,98.07488803366196,-0.00377156730427871,0.0,5.353197746663062,249,0.3066697107626456,-0.13940981644822265,13315.743880427497
1577,97.93237400734797,97.93237400734797,-0.001454171135737665,0.0,5.353197746663062,249,0.3066502955248975,-0.13288169087776688,13312.94644099269
1578,97.73015826377544,97.73015826377544,-0.002066985571753417,0.0,5.353197746663062,249,0.30662723173148143,-0.12856969123068945,13308.89372357892
1579,97.44476754868211,97.44476754868211,-0.0029244629381079395,0.0,5.353197746663062,249,0.30657987106971146,-0.12282003202743358,13303.536758719856
1580,96.60912694475533,96.60912694475533,-0.008612512224305546,0.0,5.353197746663062,249,0.3064533529053907,-0.10621262813640567,13287.829540461691
1581,96.02375742496584,96.02375742496584,-0.006077584556982477,0.0,5.353197746663062,249,0.3063972094546471,-0.07576911313060622,13276.403226700628
1582,96.53237263993658,96.53237263993658,0.005282785831444045,0.0,5.353197746663062,249,0.30644929324448883,-0.09359945815198205,13286.239523927079
1583,96.2640745446661,96.2640745446661,-0.002783228346609834,0.0,5.353197746663062,249,0.3064141221034111,-0.10097156223161168,13281.198625135134
1584,96.12822337589144,96.12822337589144,-0.0014122310801566583,0.0,5.353197746663062,249,0.30639827100983985,-0.09529269007417306,13278.625730113845
1585,95.90969658381793,95.90969658381793,-0.002275872249008824,0.0,5.353197746663062,249,0.306379126194055,-0.08326032681885419,13274.364876459795
1586,96.60077666071874,96.60077666071874,0.007179692968387741,0.0,5.353197746663062,249,0.3064485109919914,-0.07324834776689995,13287.753444541608
1587,96.23067002097828,96.23067002097828,-0.0038386591044016812,0.0,5.353197746663062,249,0.3063999270153926,-0.08200352903301539,13280.791027739893
1588,95.82362270548549,95.82362270548549,-0.004238883903131484,0.0,5.353197746663062,249,0.3063523928541337,-0.06630642091807551,13273.114048976422
1589,96.06755093737797,96.06755093737797,0.002542361471344828,0.0,5.353197746663062,249,0.3063733615131423,-0.08508632777545562,13277.868747842977
1590,96.14249130714022,96.14249130714022,0.000779775839851254,0.0,5.353197746663062,249,0.3063839253630677,-0.0731092388485028,13279.245741861803
1591,96.40225596782189,96.40225596782189,0.0026982280426550162,0.0,5.353197746663062,249,0.3064164292912275,-0.06668259360865213,13284.13504613121
1592,96.6232695391998,96.6232695391998,0.0022899942106790632,0.0,5.353197746663062,249,0.3064472414481003,-0.0627727546931774,13288.275886712525
1593,97.0741723958255,97.0741723958255,0.004655752462220882,0.0,5.353197746663062,249,0.3065015516794222,-0.0566363443096904,13297.030746059714
1594,96.42149565913584,96.42149565913584,-0.006746189396211006,0.0,5.353197746663062,249,0.30648209290140704,-0.039150904602811815,13282.979655042856
1595,96.3901019716102,96.3901019716102,-0.00032564107334645987,0.0,5.353197746663062,249,0.3065268565685298,-0.04021020450227985,13279.032711629228
1596,96.55618778338281,96.55618778338281,0.001721576019982107,0.0,5.353197746663062,249,0.3064808730117766,-0.040679909808635395,13281.153590671496
1597,96.246224346397,96.246224346397,-0.0032153508932559467,0.0,5.353197746663062,249,0.3064439447454868,-0.04571620985106197,13273.068687043444
1598,95.73074589340307,95.73074589340307,-0.005370224263736351,0.0,5.353197746663062,249,0.30713290944428673,-0.044268103009669095,13241.116280355574
1599,95.4760137106003,95.4760137106003,-0.002664469959473363,0.0,5.353197746663062,249,0.3071292260078641,-0.012875131769657273,13236.459318969346
1600,95.15292076970002,95.15292076970002,-0.0033897608582393935,0.0,5.264958052687013,228,0.3308384232932569,0.06824523539516701,12957.945116953177
1601,96.09672979499607,96.09672979499607,0.009869996461732599,0.0,5.264958052687013,228,0.33034229816469807,0.051754648526660195,12987.599708086633
1602,96.51357942784921,96.51357942784921,0.004328431695608709,0.0,5.264958052687013,228,0.33024957696612556,0.09439474842195426,12997.797792942978
1603,96.63980280862542,96.63980280862542,0.0013069758062990498,0.0,5.264958052687013,228,0.3302384065169871,0.11378082768012796,13000.673347594222
1604,97.07304029739092,97.07304029739092,0.004472994192417007,0.0,5.264958052687013,228,0.33020725426425795,0.1118272405574683,13010.539733885877
1605,97.19651367037717,97.19651367037717,0.0012711553312445602,0.0,5.264958052687013,228,0.33020394136077436,0.12201799864730271,13013.305975673953
1606,97.38325813399184,97.38325813399184,0.0019194648983178442,0.0,5.264958052687013,228,0.3301857993950553,0.10799397005315575,13017.85146407078
1607,97.22778903230345,97.22778903230345,-0.0015977421325803977,0.0,5.264958052687013,228,0.3302119653198308,0.06259779365325804,13013.791510735718
1608,96.48082012311089,96.48082012311089,-0.007712332610576976,0.0,5.264958052687013,228,0.3302421363230962,0.05689274671752352,12997.239261328941
1609,96.06101252434388,96.06101252434388,-0.004360696667712904,0.0,5.264958052687013,228,0.33030096367130374,0.07568526336411843,12987.910009685498
1610,97.30032649151173,97.30032649151173,0.012818807978453414,0.0,5.264958052687013,228,0.3301683345007555,0.02772271004349758,13016.51797131631
1611,96.94583394875781,96.94583394875781,-0.003649935066895819,0.0,5.264958052687013,228,0.3301887556220457,-0.007115345046883041,13008.24802955971
1612,96.53384780396446,96.53384780396446,-0.004258708343221072,0.0,5.264958052687013,228,0.33021747403593493,-0.021463425116983754,12999.002039196279
1613,96.2732175721099,96.2732175721099,-0.002703535683134833,0.0,5.264958052687013,228,0.3302593881129702,0.005969050607588396,12992.898770331902
1614,95.63335324215181,95.63335324215181,-0.006668523109232741,0.0,5.264958052687013,228,0.3303688992602248,-0.006156527852702036,12978.549774003563
1615,95.521637450435,95.521637450435,-0.0011688505126756252,0.0,5.264958052687013,228,0.3303949267648149,0.007641168731113684,12975.884034643817
1616,96.2478685351189,96.2478685351189,0.007574035847848991,0.0,5.264958052687013,228,0.3302692015740407,0.016003981379495935,12992.14716227342
1617,95.74898820937403,95.74898820937403,-0.005196766832016034,0.0,5.264958052687013,228,0.3303526177423492,-0.008935609359840616,12980.975298963524
1618,95.46668546404989,95.46668546404989,-0.0029527176826722405,0.0,5.264958052687013,228,0.33040534019773277,-0.0031478567787402846,12974.653446767688
1619,96.44460232391498,96.44460232391498,0.010191431003584021,0.0,5.264958052687013,228,0.3302391054121064,-0.02920328146140522,12996.552794012026
1620,96.34275855660985,96.34275855660985,-0.0010565399755854401,0.0,5.264958052687013,228,0.3302843805768828,-0.023441319876673864,12993.424796335548
1621,96.6828715147242,96.6828715147242,0.003524022275897644,0.0,5.264958052687013,228,0.33031920815816734,-0.04517825522808844,12997.198497050545
1622,96.25767776226412,96.25767776226412,-0.0044075176771138265,0.0,5.264958052687013,228,0.33070056531420494,-0.048588679807820466,12973.688701332649
1623,96.14491587183136,96.14491587183136,-0.0011721453563951067,0.0,5.264958052687013,228,0.33071643489701313,-0.06461019662228132,12969.717498576623
1624,95.56501939982763,95.56501939982763,-0.006049746350784024,0.0,5.264958052687013,228,0.3312815941143397,-0.06397464294543144,12940.577764565345
1625,95.20559591242314,95.20559591242314,-0.003768126575440263,0.0,5.264958052687013,228,0.33128907183401785,-0.050450826324964594,12933.374401602714
1626,94.654188315211,94.654188315211,-0.005808593429279072,0.0,5.264958052687013,228,0.3316906361383107,-0.0500923875759057,12912.331961618096
1627,94.23925341449413,94.23925341449413,-0.004393329533489299,0.0,5.264958052687013,228,0.3320518884088135,-0.03099487326836383,12895.440846382688
1628,94.04264303767145,94.04264303767145,-0.0020884689605367456,0.0,5.264958052687013,228,0.3321502394033536,-0.017730211435989057,12889.457384257485
1629,94.36855550891829,94.36855550891829,0.00345959050019389,0.0,5.264958052687013,228,0.33198882650704586,0.009831691278992628,12899.348577523033
1630,93.94614580892636,93.94614580892636,-0.004486218075301236,0.0,5.264958052687013,228,0.3321987610504494,0.027443953239406935,12886.52879887876
1631,94.41204646656985,94.41204646656985,0.004946974720484646,0.0,5.264958052687013,228,0.331967703693364,-0.0007533364878725377,12900.66849145998
1632,94.36391222356056,94.36391222356056,-0.000509961590304464,0.0,5.264958052687013,228,0.33199108392736604,0.00559293479504194,12899.207657722969
1633,93.82542742055497,93.82542742055497,-0.0057228137753679775,0.0,5.264958052687013,228,0.3322606434082728,-0.0027247582382143925,12882.846067488896
1634,94.43926014423776,94.43926014423776,0.0065209775321776004,0.0,5.264958052687013,228,0.3319435474528384,-0.03562511598350673,12901.80736931901
1635,94.03270801914815,94.03270801914815,-0.004314198653773609,0.0,5.264958052687013,228,0.33214490766118077,-0.0585167432293316,12889.449730857214
1636,93.64424491063065,93.64424491063065,-0.004139705565505765,0.0,5.264958052687013,228,0.3323555204634755,-0.05103497720517926,12877.314329913643
1637,93.85960559545705,93.85960559545705,0.002297134474272083,0.0,5.264958052687013,228,0.332245061000726,-0.05908708834573116,12883.83133096118
1638,94.84091047931726,94.84091047931726,0.010400753006571237,0.0,5.264958052687013,228,0.331752564029655,-0.034235647682505206,12914.174576387675
1639,95.46367539531077,95.46367539531077,0.006544951465180076,0.0,5.264958052687013,228,0.331487540645901,0.003301911733202068,12933.448164520652
1640,95.26123936468586,95.26123936468586,-0.00212280715290503,0.0,5.264958052687013,228,0.33157815290384457,-0.03877998939080991,12926.883376378206
1641,95.09483265444058,95.09483265444058,-0.0017483734652607493,0.0,5.264958052687013,228,0.33164187036995785,-0.014919376323195774,12921.809812356352
1642,95.28646215095213,95.28646215095213,0.0020131133305329677,0.0,5.264958052687013,228,0.33156507307054667,-0.007528925420845908,12927.758756739662
1643,95.34640279809962,95.34640279809962,0.0006288595530353613,0.0,5.264958052687013,228,0.3315417371262285,-0.008572776632615126,12929.619553655959
1644,94.66455433161568,94.66455433161568,-0.007176969197489346,0.0,5.264958052687013,228,0.3318424018003916,-0.013780979618057678,12908.452255934055
1645,94.57569273424554,94.57569273424554,-0.0009391406455988272,0.0,5.264958052687013,228,0.331885258111847,8.179865949012915e-05,12905.693637296577
1646,94.21573869559874,94.21573869559874,-0.0038132501257192326,0.0,5.264958052687013,228,0.33207854084814664,0.02066788610889278,12894.168646373551
1647,94.50802034343056,94.50802034343056,0.0030974571829758936,0.0,5.264958052687013,228,0.33201865256486945,0.002000381039275688,12898.676449654398
1648,94.5696935530802,94.5696935530802,0.0006523583405560615,0.0,5.264958052687013,228,0.3320591552948529,0.012486760145308392,12896.579692002648
1649,94.23990893456107,94.23990893456107,-0.0034933070092073603,0.0,5.264958052687013,228,0.33225028395067907,0.008091943808743982,12884.045821100432
1650,93.61550092521671,93.61550092521671,-0.006647775641310879,0.0,5.264958052687013,228,0.332675568261587,0.019380765317712986,12862.04733390948
1651,94.82484771305717,94.82484771305717,0.012835503647421585,0.0,5.264958052687013,228,0.3322744120296681,-0.039772560083621275,12889.41325291665
1652,94.69861982945139,94.69861982945139,-0.0013320556436322724,0.0,5.264958052687013,228,0.33233099210530753,-0.05709053110905946,12886.253509362763
1653,94.67796203591534,94.67796203591534,-0.00021816629505617423,0.0,5.264958052687013,228,0.33234676252980944,-0.03731566326688976,12885.578041966559
1654,94.47878898796033,94.47878898796033,-0.0021059055041416307,0.0,5.264958052687013,228,0.33243320239216256,-0.03841051422222075,12880.733473982591
1655,94.02836163770976,94.02836163770976,-0.004778897840092154,0.0,5.264958052687013,228,0.33260807792814023,-0.03290731709704013,12870.459437535055
1656,94.20147913404978,94.20147913404978,0.0018394272070998646,0.0,5.264958052687013,228,0.3325399033235996,-0.035420132825002594,12874.40704133855
1657,94.54469966466915,94.54469966466915,0.003636851470155896,0.0,5.264958052687013,228,0.3324084027134889,-0.038949388013245434,12882.2335100708
1658,93.68377229552797,93.68377229552797,-0.009147748624788244,0.0,5.264958052687013,228,0.3327468876975455,-0.0668773811885223,12862.601755748985
1659,92.89666628808429,92.89666628808429,-0.008437226139126295,0.0,5.264958052687013,228,0.333082120838754,-0.02529053446617718,12844.653352297977
1660,92.779882055175,92.779882055175,-0.0012579321336077657,0.0,5.264958052687013,228,0.33313658310249994,-0.0028631513442834524,12841.85701847759
1661,93.27659521882093,93.27659521882093,0.005339393188500892,0.0,5.264958052687013,228,0.3329333616887163,-0.03802940266801597,12852.63409661378
1662,92.33812955428442,92.33812955428442,-0.010112060478759921,0.0,5.264958052687013,228,0.33332425239496627,-0.07725004686806859,12832.275532679721
1663,91.77442214584336,91.77442214584336,-0.006123527860617535,0.0,5.264958052687013,228,0.3335724522997955,-0.05260827601267931,12820.046770617853
1664,91.76809777629781,91.76809777629781,-6.891448968594018e-05,0.0,5.264958052687013,228,0.33357527611923843,-0.06342304698011823,12819.909573183148
1665,91.63545068473529,91.63545068473529,-0.0014465054335597086,0.0,5.264958052687013,228,0.33363732347852254,-0.06791120112067946,12816.945749967479
1666,91.61870688663444,91.61870688663444,-0.00018273853504161114,0.0,5.264958052687013,228,0.3336445536610996,-0.06741511739952828,12816.594641910453
1667,91.75941500095634,91.75941500095634,0.0015346230017876316,0.0,5.264958052687013,228,0.33358412386497244,-0.06848730493035954,12819.544931378154
1668,92.50554859587527,92.50554859587527,0.008098530055360141,0.0,5.264958052687013,228,0.3332721625955597,-0.0689601954520607,12835.189178162607
1669,92.2943238831155,92.2943238831155,-0.0022859843127574823,0.0,5.264958052687013,228,0.3333590165327995,-0.0475708593272126,12830.760411577248
1670,92.58676887354733,92.58676887354733,0.0031636034813495905,0.0,5.264958052687013,228,0.3332391772097464,-0.031083651353560605,12836.892130658587
1671,92.63242868985829,92.63242868985829,0.000493035471879328,0.0,5.264958052687013,228,0.33322070066406456,-0.03452842793430797,12837.849483925304
1672,92.3603612325218,92.3603612325218,-0.002941386565451486,0.0,5.264958052687013,228,0.33337620676394103,-0.04132735373903889,12831.115202415172
1673,92.56872176793419,92.56872176793419,0.002253411093599651,0.0,5.264958052687013,228,0.3333655106367701,-0.054122306473967124,12832.097877927654
1674,92.43419559159398,92.43419559159398,-0.00145431436402015,0.0,5.264958052687013,228,0.3335905952775954,-0.05968840474135767,12820.850854769256
1675,92.39579949658803,92.39579949658803,-0.00041547472356910387,0.0,5.264958052687013,228,0.3336249666708493,-0.05629851815504653,12818.261125972467
1676,92.46766576222787,92.46766576222787,0.0007775064603444713,0.0,5.264958052687013,228,0.33367536035929474,-0.03144987111691671,12817.250922507543
1677,92.58161716515997,92.58161716515997,0.0012315791288978173,0.0,5.264958052687013,228,0.33368409977553704,-0.03806736839117468,12818.421685603269
1678,92.10669943442045,92.10669943442045,-0.005142921720949551,0.0,5.264958052687013,228,0.33409853031304754,-0.024992659863374896,12801.8176763426
1679,92.02613591990352,92.02613591990352,-0.0008750586988214486,0.0,5.264958052687013,228,0.3341775638116605,-0.02392770898506129,12798.80860518039
1680,91.97151750769726,91.97151750769726,-0.000593685982326993,0.0,5.264958052687013,228,0.3342258823237931,-0.022964123406061413,12796.89595853216
1681,93.05870738884705,93.05870738884705,0.011751619428913243,0.0,5.264958052687013,228,0.33329351947033314,-0.007660413979972237,12834.849613438693
1682,92.70257188751023,92.70257188751023,-0.0038343398479405164,0.0,5.264958052687013,228,0.3335838209760162,-0.03799697020988393,12822.618535932976
1683,92.70210505836387,92.70210505836387,-5.035786087484849e-06,0.0,5.264958052687013,228,0.3335842056444725,-0.04168068091660813,12822.602503205406
1684,92.44285975210876,92.44285975210876,-0.002800459369226213,0.0,5.264958052687013,228,0.3338029502678985,-0.05652045027602813,12813.61641350664
1685,92.91759827937634,92.91759827937634,0.005122339147613127,0.0,5.264958052687013,228,0.33342225549835386,-0.07823752268565469,12829.594486807277
1686,92.53804589138862,92.53804589138862,-0.004093193492281529,0.0,5.264958052687013,228,0.3337263518591564,-0.11029304585208063,12816.801022398226
1687,92.81488894631276,92.81488894631276,0.0029872012658550312,0.0,5.264958052687013,228,0.33350041650313456,-0.1256585417076097,12826.225676673237
1688,94.076531718818,94.076531718818,0.013501550082469654,0.0,5.264958052687013,228,0.33255738249972805,-0.07688639697673205,12868.688252471187
1689,93.88095732021596,93.88095732021596,-0.0020810500308793274,0.0,5.264958052687013,228,0.33269003649589296,-0.08554592858167558,12862.086830825212
1690,93.56068839458946,93.56068839458946,-0.0034172687299325096,0.0,5.264958052687013,228,0.3329363924864799,-0.06699566221129755,12851.008670263576
1691,93.36650757634963,93.36650757634963,-0.0020776098103762264,0.0,5.264958052687013,228,0.3330821813338233,-0.06235718103565113,12844.454247179563
1692,93.4232958944431,93.4232958944431,0.000608045180067772,0.0,5.264958052687013,228,0.3330441323727244,-0.06461831281627783,12846.243506986119
1693,94.01922731977568,94.01922731977568,0.006358572462387967,0.0,5.264958052687013,228,0.33262892570773706,-0.035993386255537746,12865.8795029454
1694,93.43098965404877,93.43098965404877,-0.006276222094159157,0.0,5.264958052687013,228,0.33307244499627514,-0.0442636184027316,12845.59676436286
1695,92.45915566708254,92.45915566708254,-0.010456098568199719,0.0,5.264958052687013,228,0.3338415489723213,-0.012094640265612792,12812.491262149815
1696,92.7531488243387,92.7531488243387,0.0031746638537937777,0.0,5.264958052687013,228,0.3335962040955701,-0.028177478541581053,12822.699646304285
1697,93.18139849036359,93.18139849036359,0.0046064642583131055,0.0,5.264958052687013,228,0.33325326663385396,-0.0338626991658266,12837.410323345657
1698,93.06875070539022,93.06875070539022,-0.0012096398225246235,0.0,5.264958052687013,228,0.33334074254858426,-0.0893283696531329,12833.553252729233
1699,93.5092812199421,93.5092812199421,0.004722220817049469,0.0,5.264958052687013,228,0.333079727751663,-0.08536819420855879,12846.302857808101
1700,93.80038839060617,93.80038839060617,0.003108300875740197,0.0,5.264958052687013,228,0.3330640830959229,-0.07489442772383959,12849.354414720161
1701,93.60498982505345,93.60498982505345,-0.0020853044690674017,0.0,5.264958052687013,228,0.33329670702003067,-0.07671796634722895,12836.865746198278
1702,93.11149473833662,93.11149473833662,-0.00528604892049529,0.0,5.264958052687013,228,0.3334426440917364,-0.07123141055518913,12824.097748818349
1703,93.44619420598647,93.44619420598647,0.0035881643758158997,0.0,5.264958052687013,228,0.3332872479509208,-0.0790809772464892,12832.757081166987
1704,93.71797336800388,93.71797336800388,0.0029041814633830377,0.0,5.264958052687013,228,0.3332704348767944,-0.07615684043679308,12836.881406808247
1705,94.22203365856085,94.22203365856085,0.005364068110364892,0.0,5.264958052687013,228,0.3329184207355459,-0.06552444892396712,12853.24829479659
1706,94.2488221676527,94.2488221676527,0.00028427216669468374,0.0,5.264958052687013,228,0.33290505895756517,-0.05693267798443144,12853.979697184132
1707,93.93660465197249,93.93660465197249,-0.0033181932036593087,0.0,5.264958052687013,228,0.3331489254889515,-0.059147074874278144,12843.100598923436
1708,94.1599523950454,94.1599523950454,0.0023748212253170754,0.0,5.264958052687013,228,0.3329949890180153,-0.0626077238402345,12850.358165261134
1709,93.96820035801407,93.96820035801407,-0.0020385264047809598,0.0,5.264958052687013,228,0.3331479504011229,-0.08151431798265989,12843.597579270572
1710,94.72063751746062,94.72063751746062,0.007975470688581733,0.0,5.264958052687013,228,0.33263101982044696,-0.03357012983660935,12868.26992651302
1711,94.49717106205289,94.49717106205289,-0.0023620034602421574,0.0,5.264958052687013,228,0.33280435599922953,-0.0400764810388767,12860.430213632537
1712,94.47770045777953,94.47770045777953,-0.00020606553861533597,0.0,5.264958052687013,228,0.3328199631400546,-0.040042891757482386,12859.695622550922
1713,94.87335852053236,94.87335852053236,0.004179101408053354,0.0,5.264958052687013,228,0.33253654086579937,-0.040445517329233995,12872.993425380795
1714,95.32839843084928,95.32839843084928,0.004784822030776511,0.0,5.264958052687013,228,0.33224408413615986,-0.03370925897861834,12887.876106975033
1715,95.86017216989941,95.86017216989941,0.005562833685039645,0.0,5.264958052687013,228,0.33188519665845145,-0.009827898633072072,12905.814733690555
1716,96.61614225870308,96.61614225870308,0.007855241599921476,0.0,5.264958052687013,228,0.331441926398758,0.014908164245937097,12930.599312674183
1717,95.97700302653419,95.97700302653419,-0.006637220421710357,0.0,5.264958052687013,228,0.331863312330029,0.0004909553261598614,12908.585120256546
1718,96.35284469622265,96.35284469622265,0.003908308071259166,0.0,5.264958052687013,228,0.3316434408458074,-0.07902034686925749,12920.860634150053
1719,96.97192845114078,96.97192845114078,0.006404620173908779,0.0,5.264958052687013,228,0.33126083882303825,-0.08007057132330961,12941.7650350332
1720,97.27319847902298,97.27319847902298,0.003101959613768593,0.0,5.264958052687013,228,0.33109727281527856,-0.06299161491791372,12951.585021278534
1721,96.6018141119179,96.6018141119179,-0.00692597815410347,0.0,5.264958052687013,228,0.33151946876772653,-0.03747333590953483,12928.522852705279
1722,96.3357432918155,96.3357432918155,-0.0027581046671537237,0.0,5.264958052687013,228,0.33167846277303203,-0.07866367014890745,12919.59575054846
1723,96.3618744568629,96.3618744568629,0.0002712142009109879,0.0,5.264958052687013,228,0.3316651803808272,-0.08541421105264883,12920.41064039638
1724,96.31486808273097,96.31486808273097,-0.0004879299332649705,0.0,5.264958052687013,228,0.3316979141276036,-0.08637770605918958,12918.737997626917
1725,95.01261716257446,95.01261716257446,-0.01361300524970662,0.0,5.264958052687013,228,0.3325546481922432,-0.062412014652519505,12875.153923463877
1726,95.58756737035459,95.58756737035459,0.006033068153670076,0.0,5.264958052687013,228,0.33226402978320724,-0.11351511766902841,12890.919305081585
1727,95.93986594291934,95.93986594291934,0.003678835598632444,0.0,5.264958052687013,228,0.33216837474453936,-0.10608545182430366,12898.827232174068
1728,95.99031083449294,95.99031083449294,0.0005256587951113992,0.0,5.264958052687013,228,0.33223803412487823,-0.09531135445203669,12895.552667655775
1729,96.24672188514225,96.24672188514225,0.002667656684894659,0.0,5.264958052687013,228,0.33228486887710196,-0.09053842038147415,12896.283880087762
1730,95.84805553656452,95.84805553656452,-0.004150731490980219,0.0,5.264958052687013,228,0.332800013737584,-0.0960284074406378,12873.32819365257
1731,95.32398607189403,95.32398607189403,-0.005482713612942298,0.0,5.264958052687013,228,0.33278984623330693,-0.0740352827616727,12866.731109660257
1732,95.32902944003911,95.32902944003911,5.290625099960656e-05,0.0,5.264958052687013,228,0.3327864017595226,-0.0687604720775989,12866.891106078083
1733,95.05869326231046,95.05869326231046,-0.0028398507590127885,0.0,5.264958052687013,228,0.3329824050880143,-0.06493787233365791,12858.085375500808
1734,95.42930017299699,95.42930017299699,0.0038911363557804033,0.0,5.264958052687013,228,0.3327579436767374,-0.0735907260920739,12869.152264320073
1735,94.81609976132115,94.81609976132115,-0.006446437447922531,0.0,5.264958052687013,228,0.33313290061840245,-0.08658759219938099,12850.847267647565
1736,94.16536287203,94.16536287203,-0.006886807331859714,0.0,5.264958052687013,228,0.33355857239421094,-0.051841557733477095,12831.421748084394
1737,94.92840815032058,94.92840815032058,0.008070592869061956,0.0,5.264958052687013,228,0.3330658763144051,-0.08154761038536204,12854.06551597746
1738,95.2776987825281,95.2776987825281,0.0036727635140349235,0.0,5.264958052687013,228,0.33286016333296925,-0.07223069484103581,12864.111545882963
1739,96.3549485321431,96.3549485321431,0.011242980902597099,0.0,5.264958052687013,228,0.3322625972639924,-0.049537108492689705,12895.091059267439
1740,96.13109853069027,96.13109853069027,-0.002325883935824965,0.0,5.264958052687013,228,0.33238180002060214,-0.059623315402928055,12888.634950896152
1741,95.9679843003337,95.9679843003337,-0.0016982305917790888,0.0,5.264958052687013,228,0.3324755106092437,-0.028880958148646434,12883.800453301408
1742,95.94744011938462,95.94744011938462,-0.00021409619460931363,0.0,5.264958052687013,228,0.3324871056216312,-0.029814529577599527,12883.202653632316
1743,95.81468065158737,95.81468065158737,-0.0013846268332238705,0.0,5.264958052687013,228,0.3325624427340144,-0.02995055333062951,12879.339685260471
1744,95.55124402214298,95.55124402214298,-0.002753225751169483,0.0,5.264958052687013,228,0.33271368638884136,-0.016273380645255013,12871.674338416185
1745,95.18034446849049,95.18034446849049,-0.003889235381628088,0.0,5.264958052687013,228,0.3329313657451076,0.006354405039074512,12860.882089330957
1746,95.49005441211176,95.49005441211176,0.00324864496871547,0.0,5.264958052687013,228,0.33274919783948426,0.005870687338103676,12869.89387385002
1747,94.95100112469466,94.95100112469466,-0.005661118875239435,0.0,5.264958052687013,228,0.3330692053528442,-0.0261199369488801,12854.208771803584
1748,94.94825560031435,94.94825560031435,-2.891558848461857e-05,0.0,5.264958052687013,228,0.33307087373747574,-0.006696423917084239,12854.128883912941
1749,95.54970325810203,95.54970325810203,0.006314499744208873,0.0,5.264958052687013,228,0.33271457847598085,-0.013361684983454587,12871.629506037318
1750,95.75211813221622,95.75211813221622,0.002116184238932635,0.0,5.264958052687013,228,0.33259815337650495,-0.012354960893983193,12877.519272467294
1751,95.09765455493803,95.09765455493803,-0.0068584429885620215,0.0,5.264958052687013,228,0.33298068027576516,-0.019882447507151294,12858.476019722337
1752,95.01440419447047,95.01440419447047,-0.0008758031061943041,0.0,5.264958052687013,228,0.3330718559182843,-0.015529522441083994,12855.234889093286
1753,95.01214478534791,95.01214478534791,-2.3779931117951714e-05,0.0,5.264958052687013,228,0.3331249366192006,0.011676790476439174,12851.991426907322
1754,94.63244941944151,94.63244941944151,-0.004004288915749166,0.0,5.264958052687013,228,0.33346055482879355,-0.03583964841077526,12834.88760067389
1755,94.77298941057639,94.77298941057639,0.001484012473934533,0.0,5.264958052687013,228,0.33347546477865536,-0.020253598835280703,12834.982292462359
1756,94.61483088331286,94.61483088331286,-0.0016702083986671278,0.0,5.264958052687013,228,0.3336844155195955,-0.03124973912756261,12826.355454011886
1757,94.88545138913244,94.88545138913244,0.002856150782912783,0.0,5.264958052687013,228,0.33367940669054696,-0.030421190898549503,12829.814103751589
1758,95.17906158488955,95.17906158488955,0.00308958705356073,0.0,5.264958052687013,228,0.33355150986308807,-0.019598144023254774,12836.019530997595
1759,94.89812987638228,94.89812987638228,-0.00295597710496385,0.0,5.264958052687013,228,0.3336867179830155,-0.03654773082767157,12829.672501124778
1760,94.68793391335674,94.68793391335674,-0.0022174208900256186,0.0,5.264958052687013,228,0.3337536653987359,-0.025439461727668703,12825.88570282045
1761,94.65657242028792,94.65657242028792,-0.00033126383186796475,0.0,5.264958052687013,228,0.3337632175025843,-0.03425643280794053,12825.33715639264
1762,94.40324924959302,94.40324924959302,-0.0026798218686507795,0.0,5.264958052687013,228,0.3338446430195831,-0.019096959879257074,12820.796360297709
1763,94.6809850921607,94.6809850921607,0.002937696453374561,0.0,5.264958052687013,228,0.33376272037294646,-0.03252186797660153,12825.498344165926
1764,94.93533133673361,94.93533133673361,0.0026827480030215834,0.0,5.264958052687013,228,0.33368800679059435,-0.038199204455730044,12829.869899563031
1765,95.10180311318814,95.10180311318814,0.001751992519969119,0.0,5.264958052687013,228,0.33364163227868643,-0.036436276506661314,12832.667391408977
1766,94.76597613466654,94.76597613466654,-0.0035374862449867968,0.0,5.264958052687013,228,0.33374618683519836,-0.0402243064052895,12826.680242124865
1767,93.96918088540707,93.96918088540707,-0.008443577717349035,0.0,5.264958052687013,228,0.33400280115270214,-0.008828766607100549,12812.99251644065
1768,93.38786259441196,93.38786259441196,-0.006205479608839184,0.0,5.264958052687013,228,0.3342169640328101,0.03389032318836144,12802.69454218695
1769,93.68830198144812,93.68830198144812,0.0032119500205769745,0.0,5.264958052687013,228,0.3341115209831465,0.030489234818201007,12807.785766140878
1770,92.85789488831882,92.85789488831882,-0.008903023402887926,0.0,5.264958052687013,228,0.33442361133080567,0.021475766919645606,12793.118332566914
1771,93.06822632591546,93.06822632591546,0.0022625279971149304,0.0,5.264958052687013,228,0.334353891507069,0.005233183112848849,12796.552775573902
1772,93.69287324125669,93.69287324125669,0.0066892864308485565,0.0,5.264958052687013,228,0.3341449997692557,0.017628763422734332,12807.01494060062
1773,92.73502563485181,92.73502563485181,-0.010275887254357128,0.0,5.264958052687013,228,0.33446897741057413,-0.04543315753065903,12791.193058380868
1774,92.48317263911123,92.48317263911123,-0.002719529218074465,0.0,5.264958052687013,228,0.33456161165770754,-0.052196410978848695,12786.856510296022
1775,92.40694275245077,92.40694275245077,-0.0008245967159299624,0.0,5.264958052687013,228,0.3345908782307968,-0.08951878390249576,12785.551367802875
1776,91.82205602167468,91.82205602167468,-0.0063495833962087045,0.0,5.264958052687013,228,0.33480657563026106,-0.055150512443824296,12775.61252721093
1777,91.43391822621325,91.43391822621325,-0.004236024254559058,0.0,5.264958052687013,228,0.33495217414765316,-0.022363774741155747,12769.157144502573
1778,90.86976103869168,90.86976103869168,-0.006189222189054884,0.0,5.264958052687013,228,0.3352301625002709,-0.03509185140311492,12757.417829695556
1779,90.78830139019786,90.78830139019786,-0.0008968460068846425,0.0,5.264958052687013,228,0.33539094162579797,-0.06076331985782702,12750.380302159041
1780,92.06565669069813,92.06565669069813,0.013971544204815894,0.0,5.264958052687013,228,0.3351446921079527,-0.03470265584560333,12775.96884742943
1781,91.81971516519808,91.81971516519808,-0.002674945480081411,0.0,5.264958052687013,228,0.3354286902768106,-0.0607834299517189,12764.273754226897
1782,92.6499397850616,92.6499397850616,0.009001266096289161,0.0,5.264958052687013,228,0.33523314928376646,-0.06743155484671504,12779.463421242743
1783,92.09279844803798,92.09279844803798,-0.006031555355325092,0.0,5.264958052687013,228,0.33549039293407074,-0.09867273144588487,12763.832770538895
1784,91.2269588120071,91.2269588120071,-0.009446293049682112,0.0,5.264958052687013,228,0.33605468565668595,-0.0639987834202168,12736.995598979462
1785,90.47873183039867,90.47873183039867,-0.008235638719360356,0.0,5.264958052687013,228,0.3365739466880688,0.026839363720288823,12714.977140529232
1786,90.47259086977623,90.47259086977623,-6.787417227098857e-05,0.0,5.264958052687013,228,0.3365779716929513,0.0031808615053026453,12714.802594093177
1787,90.34903887775522,90.34903887775522,-0.001366562301437274,0.0,5.264958052687013,228,0.3366496136203459,-0.0017585482060243087,12711.525601653153
1788,90.67078637363075,90.67078637363075,0.003554835325375569,0.0,5.264958052687013,228,0.33648360600517035,-0.006323088031885968,12719.49283975896
1789,90.1094596498763,90.1094596498763,-0.006210064872238766,0.0,5.264958052687013,228,0.3367947688439041,-0.014185157997088632,12705.361869859116
1790,89.73982910294713,89.73982910294713,-0.004110453479430081,0.0,5.264958052687013,228,0.33698573489343336,-0.012883364592028837,12696.414230264856
1791,90.64395871542304,90.64395871542304,0.010024594725707726,0.0,5.264958052687013,228,0.33652945874928814,-0.029987583281118016,12717.52962939323
1792,91.10494260235888,91.10494260235888,0.0050727665711652195,0.0,5.264958052687013,228,0.33632423058435834,0.009962392320932437,12728.017373892642
1793,91.01091490226341,91.01091490226341,-0.0010326141802139846,0.0,5.264958052687013,228,0.33637206519411395,0.014863753532237551,12725.72898812752
1794,91.42421251522838,91.42421251522838,0.004530907242133902,0.0,5.264958052687013,228,0.33619697489130335,0.02958573293591224,12734.948203566466
1795,91.28501210080225,91.28501210080225,-0.001523737421045228,0.0,5.264958052687013,228,0.3362702193697813,0.005479989365624104,12731.642513843457
1796,91.46501580047861,91.46501580047861,0.0019699450660007264,0.0,5.264958052687013,228,0.33619210482545353,0.03815661059808785,12735.589452448077
1797,91.97931183779487,91.97931183779487,0.005607122241223696,0.0,5.264958052687013,228,0.3359686078393707,0.025608396561098187,12747.035562540037
1798,91.75438168428504,91.75438168428504,-0.0024484378620658015,0.0,5.264958052687013,228,0.33606627287770724,-0.014435657641277489,12742.001232386554
1799,91.65015996000038,91.65015996000038,-0.001136522951599104,0.0,5.264958052687013,228,0.3361185327920886,-0.002527575126524638,12739.557513046755
1800,91.83891165418602,91.83891165418602,0.002057362426036939,0.0,5.137110079397111,207,0.38143337747392186,-0.004161871201873952,12009.855774796317
1801,91.5850244117179,91.5850244117179,-0.0027683126864836783,0.0,5.137110079397111,207,0.38156959646179334,-0.007756126913779097,12004.357872979563
1802,91.33502141679415,91.33502141679415,-0.0027334691444762106,0.0,5.137110079397111,207,0.38167946752033444,-0.004778272887286698,11999.41465996629
1803,90.60728447040246,90.60728447040246,-0.007999687854891552,0.0,5.137110079397111,207,0.38204904527698236,0.004104279991922051,11984.484544913877
1804,90.83791475412242,90.83791475412242,0.0025421494634204054,0.0,5.137110079397111,207,0.38195845224098135,-0.016329075057579308,11988.539135093257
1805,91.10778112505707,91.10778112505707,0.002966451803423202,0.0,5.137110079397111,207,0.3818228469098419,0.0007835598237693191,11993.951458451982
1806,92.05997320746295,92.05997320746295,0.010397033728888906,0.0,5.137110079397111,207,0.38142414914883854,0.038619102587312694,12011.478743723641
1807,91.30612217355478,91.30612217355478,-0.008222406432679028,0.0,5.137110079397111,207,0.3817593736195752,-0.011579009614799372,11992.855678967695
1808,90.95832200178295,90.95832200178295,-0.0038164393005326127,0.0,5.137110079397111,207,0.3821298722298438,0.00013999276506353615,11978.864235203879
1809,90.98648311542138,90.98648311542138,0.0003095566685201509,0.0,5.137110079397111,207,0.38214808547111556,-0.014980245021651501,11977.73180927474
1810,91.6673669679877,91.6673669679877,0.007455490329117657,0.0,5.137110079397111,207,0.38175437013333313,0.0017467618697261465,11994.962471454959
1811,92.6499512184088,92.6499512184088,0.010661977596429745,0.0,5.137110079397111,207,0.38183983042559055,0.053625311789798014,12006.589628219986
1812,91.89437824595767,91.89437824595767,-0.00818857124001998,0.0,5.137110079397111,207,0.38221297920216046,0.00409468241649433,11986.631733088585
1813,91.05183110467952,91.05183110467952,-0.00921093802561399,0.0,5.137110079397111,207,0.3826924421620602,0.04044787166027534,11963.40635905762
1814,91.28530658900905,91.28530658900905,0.0025609222003074796,0.0,5.137110079397111,207,0.38260455858860887,0.029392372004984603,11968.288544817296
1815,91.19610478348768,91.19610478348768,-0.000977653690372397,0.0,5.137110079397111,207,0.38263588113066194,0.0299927295133265,11966.466926656301
1816,91.18821930915122,91.18821930915122,-8.64709659737438e-05,0.0,5.137110079397111,207,0.38264426226095416,0.03186973618026973,11966.191732594396
1817,91.19426035511381,91.19426035511381,6.624590230291416e-05,0.0,5.137110079397111,207,0.38265222551254385,0.025145849144428137,11966.126713458912
1818,90.62409112242234,90.62409112242234,-0.0062718762665269845,0.0,5.137110079397111,207,0.38286774832554793,0.02721767716035318,11954.314855551733
1819,90.7994994980585,90.7994994980585,0.0019336893255483198,0.0,5.137110079397111,207,0.3828073050877005,0.017405508514427594,11957.770120399715
1820,90.43389334729801,90.43389334729801,-0.0040346499171843506,0.0,5.137110079397111,207,0.3829568020846567,0.012977910928930981,11950.188515837903
1821,90.62145746882166,90.62145746882166,0.0020718988726440017,0.0,5.137110079397111,207,0.38288793702010393,0.008420118852807685,11953.89241154454
1822,90.93129936928155,90.93129936928155,0.0034132469995766953,0.0,5.137110079397111,207,0.38277494750858115,0.018308640975049747,11960.166787882346
1823,90.48134804197879,90.48134804197879,-0.004960538930265759,0.0,5.137110079397111,207,0.3829346073348054,0.002408647027651224,11951.212288032812
1824,91.55137286399291,91.55137286399291,0.011756536310824899,0.0,5.137110079397111,207,0.38254767558537234,-0.027213028795106845,11973.043340330083
1825,91.61252290253142,91.61252290253142,0.0006677084537267977,0.0,5.137110079397111,207,0.3825302545971913,-0.016189734054560374,11974.244070678073
1826,90.81107414197781,90.81107414197781,-0.008786735158905153,0.0,5.137110079397111,207,0.38281409518029136,-0.031151487500205476,11957.802680537778
1827,89.67688391746391,89.67688391746391,-0.012568208609380379,0.0,5.137110079397111,207,0.3832431256600952,-0.005190718798629858,11935.22283255275
1828,90.3628325482142,90.3628325482142,0.007620006999773139,0.0,5.137110079397111,207,0.38296148623855863,-0.04009990720486475,11949.17633858324
1829,90.42303959796021,90.42303959796021,0.0006660592584707759,0.0,5.137110079397111,207,0.3829396426520108,-0.0215261412706323,11950.36040580661
1830,90.3224224422575,90.3224224422575,-0.0011133575909504662,0.0,5.137110079397111,207,0.3829839414826135,-0.011784863194039524,11948.246290647237
1831,90.38027689623236,90.38027689623236,0.0006403275232017207,0.0,5.137110079397111,207,0.3829629161814943,-0.02141531362520012,11949.384448638279
1832,89.58627927705383,89.58627927705383,-0.008823892481444126,0.0,5.137110079397111,207,0.3833009169893588,0.007351817737734218,11933.02755324656
1833,89.54137856790115,89.54137856790115,-0.000501326379558333,0.0,5.137110079397111,207,0.3833945602930514,-0.0033588069718132963,11930.33814869654
1834,89.10881474211168,89.10881474211168,-0.004842588335341732,0.0,5.137110079397111,207,0.38355424444029335,-0.0037156653878810133,11919.705763496007
1835,89.02868477522897,89.02868477522897,-0.0008996418216746713,0.0,5.137110079397111,207,0.3836688397705564,-0.0037082358476801906,11915.270215309632
1836,88.78759518772318,88.78759518772318,-0.0027116722415628856,0.0,5.137110079397111,207,0.38377873866484913,-0.013911392712617099,11908.859784561831
1837,88.80908452369573,88.80908452369573,0.00024200155219495845,0.0,5.137110079397111,207,0.3838256636661492,-0.02541356327723878,11907.848122766434
1838,88.64621162110677,88.64621162110677,-0.0018356504636630384,0.0,5.137110079397111,207,0.38392687634126366,-0.027702534434199216,11903.948397711418
1839,88.39370300296032,88.39370300296032,-0.0028525633883972864,0.0,5.137110079397111,207,0.3840848509704718,-0.02263636567511489,11897.65090418104
1840,87.93810042916057,87.93810042916057,-0.005167571348913712,0.0,5.137110079397111,207,0.3843870280160407,-0.0031870039919164226,11886.349373121015
1841,87.18234082301336,87.18234082301336,-0.008631365850553532,0.0,5.137110079397111,207,0.3848723520166208,0.0250425414751977,11868.37037597428
1842,86.35151098496594,86.35151098496594,-0.009575494090863763,0.0,5.137110079397111,207,0.38544375491771515,0.08907789726236688,11848.238694126736
1843,85.76647363500685,85.76647363500685,-0.0067981228614611795,0.0,5.137110079397111,207,0.38585392521541406,0.09260793664983306,11834.277211663542
1844,86.02238715016246,86.02238715016246,0.002979398120389883,0.0,5.137110079397111,207,0.385676339662921,0.04808408325163854,11840.340209808359
1845,85.55527468796188,85.55527468796188,-0.0054449234386747735,0.0,5.137110079397111,207,0.38604709084475847,0.042528277507794164,11828.381069896512
1846,85.24086292842334,85.24086292842334,-0.0036817239439139535,0.0,5.137110079397111,207,0.38630717738485143,0.04958336766364566,11820.233494171418
1847,84.93196476146736,84.93196476146736,-0.003630409277662911,0.0,5.137110079397111,207,0.38653875082466277,0.05426094146206388,11812.664221078583
1848,84.71991044392878,84.71991044392878,-0.0024998772069679534,0.0,5.137110079397111,207,0.38670282371081155,0.07060220423321609,11807.388260767288
1849,84.89082261457548,84.89082261457548,0.0020153468523261484,0.0,5.137110079397111,207,0.3865774570138064,0.059463409064754565,11811.397267160562
1850,84.72995484963278,84.72995484963278,-0.0018967937251418699,0.0,5.137110079397111,207,0.38670105839788654,0.07822946387347403,11807.485185513227
1851,85.06398119653123,85.06398119653123,0.003934495961136202,0.0,5.137110079397111,207,0.38645492827148975,0.03842476984120751,11815.271222105892
1852,84.49054337801113,84.49054337801113,-0.0067640778837418265,0.0,5.137110079397111,207,0.3868597564336169,0.02018841065157166,11802.295413821083
1853,84.77436293135278,84.77436293135278,0.0033535577518633473,0.0,5.137110079397111,207,0.3866498628344296,0.003975632295547661,11808.884668827393
1854,85.35609221277421,85.35609221277421,0.00683865270423879,0.0,5.137110079397111,207,0.3862532208621447,0.02688849979186709,11821.868519132488
1855,85.31635080816176,85.31635080816176,-0.0004657038315885541,0.0,5.137110079397111,207,0.38628381034794657,0.03084843410296129,11820.908038545713
1856,84.82314755310607,84.82314755310607,-0.005797650061253278,0.0,5.137110079397111,207,0.3866824324519644,0.015696575670890004,11808.685743290918
1857,85.0043317657006,85.0043317657006,0.0021337451637814817,0.0,5.137110079397111,207,0.3865573390544984,0.011470066456893479,11812.745629842617
1858,84.97071950608894,84.97071950608894,-0.0003954963954803435,0.0,5.137110079397111,207,0.3865871622499761,0.0134932056984684,11811.864140586154
1859,85.06540077618104,85.06540077618104,0.0011136607883142295,0.0,5.137110079397111,207,0.3865726314968725,0.01451376175002606,11812.845625384707
1860,85.39900633467177,85.39900633467177,0.0039140837673898145,0.0,5.137110079397111,207,0.38644176562164156,0.024681627268618823,11817.438448646322
1861,85.18991434917568,85.18991434917568,-0.002451414656570264,0.0,5.137110079397111,207,0.3865847224843605,0.01946850117536539,11811.18190819696
1862,84.91626040852988,84.91626040852988,-0.0032174514194741747,0.0,5.137110079397111,207,0.38679981939211006,0.014787316639984456,11803.447270752782
1863,86.01950566391744,86.01950566391744,0.012908481356151127,0.0,5.137110079397111,207,0.3863734751379301,0.011416023024865133,11824.444004870562
1864,86.2053763658368,86.2053763658368,0.0021584659764917673,0.0,5.137110079397111,207,0.38631201414382277,0.027140191385557295,11827.941112923054
1865,86.64203185399269,86.64203185399269,0.0050525075447568615,0.0,5.137110079397111,207,0.38600770434012527,0.013357933504108736,11839.757928789952
1866,86.9715358651166,86.9715358651166,0.0037958370545304455,0.0,5.137110079397111,207,0.38578908116359256,0.07756185402899114,11848.515321664596
1867,87.41722380666731,87.41722380666731,0.005111440814841013,0.0,5.137110079397111,207,0.38544721919356806,0.08167971347519085,11861.176325783606
1868,87.53569981827312,87.53569981827312,0.0013543761059995308,0.0,5.137110079397111,207,0.38537326546803286,0.09082555582929847,11864.24614957039
1869,87.92292766193526,87.92292766193526,0.004413900620381482,0.0,5.137110079397111,207,0.3850977920422458,0.09128503926027377,11874.962821637791
1870,87.60350233657412,87.60350233657412,-0.003639630544304103,0.0,5.137110079397111,207,0.38530960109328116,0.029286017499335192,11866.343271707536
1871,86.83807593735453,86.83807593735453,-0.008775789799624603,0.0,5.137110079397111,207,0.3859233463517541,0.09712552136167182,11844.179277278618
1872,86.41510547351389,86.41510547351389,-0.004882695956548398,0.0,5.137110079397111,207,0.38622845376417864,0.0806172633811197,11832.681942616695
1873,86.3176107436751,86.3176107436751,-0.0011288508897106038,0.0,5.137110079397111,207,0.38631986587774825,0.10371548701773411,11829.689968430752
1874,86.16344966653291,86.16344966653291,-0.0017875715493195052,0.0,5.137110079397111,207,0.38644042123398287,0.10469236692220535,11825.36645466201
1875,86.13279029442478,86.13279029442478,-0.0003558913698719103,0.0,5.137110079397111,207,0.38646931085782377,0.10434532388084763,11824.42331627558
1876,85.7941683992925,85.7941683992925,-0.003939141779354905,0.0,5.137110079397111,207,0.3867606737418409,0.10192788795928553,11814.432710523262
1877,84.89048403157847,84.89048403157847,-0.010589034208149302,0.0,5.137110079397111,207,0.3874435325887679,0.11793561805081852,11790.32266334037
1878,84.68533482780833,84.68533482780833,-0.0024195584633839337,0.0,5.137110079397111,207,0.38762005394586363,0.13728064449306965,11784.458749879332
1879,84.06634888859918,84.06634888859918,-0.0073360893548931,0.0,5.137110079397111,207,0.38811072397310015,0.145506676857709,11767.87033873992
1880,84.01801276392284,84.01801276392284,-0.0005751412627984417,0.0,5.137110079397111,207,0.3881632237000414,0.1493231402467834,11766.285510237769
1881,84.15174780474125,84.15174780474125,0.00159047701034614,0.0,5.137110079397111,207,0.38806450734132164,0.1410191409645596,11769.714130509292
1882,83.94183772445244,83.94183772445244,-0.0024975395550167223,0.0,5.137110079397111,207,0.38824351135195967,0.15165674019540856,11763.852219335487
1883,83.43320591449866,83.43320591449866,-0.006077768400852684,0.0,5.137110079397111,207,0.3886991939351369,0.1845028704802973,11749.386838415183
1884,83.42388744541857,83.42388744541857,-0.00011169401194920748,0.0,5.137110079397111,207,0.3887116125895761,0.1819828431605195,11749.048603189021
1885,84.55067896362897,84.55067896362897,0.013416417070090024,0.0,5.137110079397111,207,0.3878048240398551,0.18016740028237116,11779.50193669616
1886,84.73472539174121,84.73472539174121,0.002174393017840275,0.0,5.137110079397111,207,0.387676040491217,0.16279178431042804,11784.173220737275
1887,84.94137903370252,84.94137903370252,0.0024358614884674246,0.0,5.137110079397111,207,0.3875814684924408,0.25365672394902394,11787.962653938226
1888,84.67198887321405,84.67198887321405,-0.0031765230574892916,0.0,5.137110079397111,207,0.38780413153021487,0.2498634580318454,11779.78500580243
1889,84.27213839707105,84.27213839707105,-0.004733532075978751,0.0,5.137110079397111,207,0.3880770959784285,0.2535386805105597,11769.18676092694
1890,84.69198561940945,84.69198561940945,0.004969671388937426,0.0,5.137110079397111,207,0.3879422508819456,0.23156223295633074,11775.27215489206
1891,83.65827241067484,83.65827241067484,-0.012280660717569131,0.0,5.137110079397111,207,0.38865022946317296,0.17899834718656332,11747.586182420508
1892,83.31650308180984,83.31650308180984,-0.00409366989883937,0.0,5.137110079397111,207,0.38882031988036314,0.2092188972456682,11740.406146123485
1893,83.99737540582503,83.99737540582503,0.008138907407845439,0.0,5.137110079397111,207,0.3884595754037304,0.18210030969997057,11755.108869362079
1894,83.9229686093392,83.9229686093392,-0.0008862154468776318,0.0,5.137110079397111,207,0.388517199993588,0.1850906775912982,11753.000439793615
1895,83.23441469633153,83.23441469633153,-0.00823843726000869,0.0,5.137110079397111,207,0.3889550401779788,0.178894474816437,11737.331229321879
1896,83.37874894396198,83.37874894396198,0.001732567590483595,0.0,5.137110079397111,207,0.38888460264100677,0.1670873740677604,11740.1855463723
1897,83.17246892891417,83.17246892891417,-0.0024770772998079014,0.0,5.137110079397111,207,0.3890096468467727,0.16521851732405993,11735.700594648973
1898,82.40565254795419,82.40565254795419,-0.00926235732464327,0.0,5.137110079397111,207,0.38944038199134245,0.16492870175047017,11719.511545818184
1899,82.46628228697587,82.46628228697587,0.000735476802833658,0.0,5.137110079397111,207,0.389413009326765,0.15148293247648625,11720.653184765548
1900,82.4616518613122,82.4616518613122,-5.6150896314698036e-05,0.0,5.137110079397111,207,0.3894290036378147,0.13557677694872605,11720.265349902706
1901,82.4352423747676,82.4352423747676,-0.0003203151507826328,0.0,5.137110079397111,207,0.3894543887999338,0.09963760773946535,11719.527659426436
1902,82.60800292577076,82.60800292577076,0.0020935193535102925,0.0,5.137110079397111,207,0.3893682737108715,0.07054079855500948,11722.91907049492
1903,82.08325472260772,82.08325472260772,-0.006372529865305091,0.0,5.137110079397111,207,0.38970639182500455,0.07502822807836763,11711.198502863657
1904,82.1840585930722,82.1840585930722,0.0012273151740684897,0.0,5.137110079397111,207,0.3896583194214777,0.07974816697356864,11713.11902894935
1905,82.21096711410527,82.21096711410527,0.000327364178540497,0.0,5.137110079397111,207,0.38965380595047655,0.07274584977011676,11713.475716131097
1906,82.62053689676361,82.62053689676361,0.0049695672927432995,0.0,5.137110079397111,207,0.38942178944242334,0.06895408090907822,11722.116381139173
1907,82.2785017734743,82.2785017734743,-0.00414842459442346,0.0,5.137110079397111,207,0.3896306131689955,0.051817057103775696,11714.73907804566
1908,82.76949879042407,82.76949879042407,0.005949765688778883,0.0,5.137110079397111,207,0.38935107085846277,0.038895045582709814,11725.14839808801
1909,83.07346802440847,83.07346802440847,0.0036657517675972627,0.0,5.137110079397111,207,0.3891880381858707,0.057200016344295224,11731.343051476735
1910,82.98306915770631,82.98306915770631,-0.001088772259933446,0.0,5.137110079397111,207,0.3892441948577019,0.0596125351972315,11729.318347866963
1911,82.9557894131186,82.9557894131186,-0.00032879272604894797,0.0,5.137110079397111,207,0.38926888720336794,0.07802208479888663,11728.584179588383
1912,81.98160211561813,81.98160211561813,-0.011812950563728934,0.0,5.137110079397111,207,0.3897851898699482,0.08782713650746245,11708.891765525732
1913,81.93164970572394,81.93164970572394,-0.0006094981447262717,0.0,5.137110079397111,207,0.38991009861643816,0.07160237167655543,11705.085175748687
1914,82.18538929164609,82.18538929164609,0.00309218091736992,0.0,5.137110079397111,207,0.38982548240490483,0.07260816170536082,11708.222467874722
1915,82.01871656814,82.01871656814,-0.0020300683697771675,0.0,5.137110079397111,207,0.38995885026343585,0.06987132824428757,11702.872822070476
1916,82.41311516893252,82.41311516893252,0.00479711687161394,0.0,5.137110079397111,207,0.3897900576529179,0.07382563570115881,11709.816121808488
1917,82.5593141355034,82.5593141355034,0.001772405309905231,0.0,5.137110079397111,207,0.38978482915787466,0.08121684739435965,11710.99850259513
1918,83.38220586817616,83.38220586817616,0.009917933474193653,0.0,5.137110079397111,207,0.3894434359229267,0.0900208219462031,11727.147616340095
1919,83.06516390875352,83.06516390875352,-0.003809520610252538,0.0,5.137110079397111,207,0.3896474020006383,0.06478794429648815,11719.297297350604
1920,83.29315807329692,83.29315807329692,0.00274100272919511,0.0,5.137110079397111,207,0.3895431143235136,0.06400763629630654,11723.818742782467
1921,82.69384561393008,82.69384561393008,-0.007221228775397566,0.0,5.137110079397111,207,0.3897797441369353,0.047094525512700006,11712.94526007779
1922,82.57527376711974,82.57527376711974,-0.001434894402518627,0.0,5.137110079397111,207,0.38986131226355786,0.07210138811171078,11710.149949419549
1923,82.75120242910091,82.75120242910091,0.002128258370158042,0.0,5.137110079397111,207,0.3897952250153588,0.05420175839262097,11713.152954122286
1924,83.00591716260377,83.00591716260377,0.0030733513543469743,0.0,5.137110079397111,207,0.38967691520125214,0.05046863753677937,11717.955314054885
1925,82.81983855658018,82.81983855658018,-0.002244267584597748,0.0,5.137110079397111,207,0.3897608864200948,0.030420634697901506,11714.490498258838
1926,83.28190967997314,83.28190967997314,0.005563726092600784,0.0,5.137110079397111,207,0.3895511117176206,0.007064153209997062,11723.347725073774
1927,83.84891997526769,83.84891997526769,0.006785252868974502,0.0,5.137110079397111,207,0.3893674294516576,0.02931495388221791,11733.038611082495
1928,83.53221588761839,83.53221588761839,-0.0037842312870061765,0.0,5.137110079397111,207,0.3895370582280695,0.007638141155652012,11726.244053570881
1929,83.96418883049137,83.96418883049137,0.005158008033918614,0.0,5.137110079397111,207,0.3894002051939826,0.005741290336673731,11733.587310367933
1930,83.59439916818494,83.59439916818494,-0.00441386224462838,0.0,5.137110079397111,207,0.3895885090177864,-0.02210855962095381,11725.867524039983
1931,83.41503651603728,83.41503651603728,-0.002147935179496445,0.0,5.137110079397111,207,0.3896694004900021,-0.042023384838503076,11722.315968013658
1932,83.47418168119735,83.47418168119735,0.0007087955504273381,0.0,5.137110079397111,207,0.3896568624110648,-0.045382921683948335,11723.195049868491
1933,83.67350666703666,83.67350666703666,0.0023850174931429203,0.0,5.137110079397111,207,0.3895881845417934,-0.04314969213988478,11726.70091638641
1934,83.50349393041343,83.50349393041343,-0.002033925655149455,0.0,5.137110079397111,207,0.38967445074393503,-0.04587307158469321,11723.196293593906
1935,83.84017203565153,83.84017203565153,0.004023798063176302,0.0,5.137110079397111,207,0.3895634924026832,-0.049498918117832746,11729.001589688078
1936,83.72491180599948,83.72491180599948,-0.0013757072199974741,0.0,5.137110079397111,207,0.3896191345395777,-0.0759751370388044,11726.657007287755
1937,83.9619921705009,83.9619921705009,0.002827656982708053,0.0,5.137110079397111,207,0.3895308739204061,-0.099386647715159,11730.865668085386
1938,83.47515625588314,83.47515625588314,-0.005815164568934161,0.0,5.137110079397111,207,0.38976594404054316,-0.11969840272261922,11720.94905724654
1939,83.35379800670503,83.35379800670503,-0.0014548825906263065,0.0,5.137110079397111,207,0.38989876510168936,-0.12129530230806176,11715.960571832118
1940,83.85847252850604,83.85847252850604,0.006036351908980559,0.0,5.137110079397111,207,0.3897435554265358,-0.12315986768238113,11724.235798231239
1941,83.58886103711049,83.58886103711049,-0.0032202570043358366,0.0,5.137110079397111,207,0.3899420366588278,-0.13301719880382087,11716.628407075394
1942,83.90702739298459,83.90702739298459,0.003799099088757142,0.0,5.137110079397111,207,0.3898508973481753,-0.15075829361033127,11721.871924442168
1943,83.71646833438001,83.71646833438001,-0.0022736566836190535,0.0,5.137110079397111,207,0.3900082320429423,-0.16082223219897626,11716.037210039902
1944,83.91517339788291,83.91517339788291,0.002370735673959183,0.0,5.137110079397111,207,0.38995763229613234,-0.16204219601901237,11719.64180635269
1945,83.63709367645504,83.63709367645504,-0.0033193221626259223,0.0,5.137110079397111,207,0.390060540944646,-0.2149760892951388,11713.774954536737
1946,84.10269061221489,84.10269061221489,0.005551433531172006,0.0,5.137110079397111,207,0.38990188022222677,-0.22885307073303618,11722.460460749438
1947,83.74474963142409,83.74474963142409,-0.004265081706071172,0.0,5.137110079397111,207,0.39001683459672426,-0.23907455655198895,11715.85903837656
1948,83.77029873292986,83.77029873292986,0.0003050364961637615,0.0,5.137110079397111,207,0.39002416312977245,-0.252812047364139,11716.013013649037
1949,83.93276862282282,83.93276862282282,0.0019375905674735453,0.0,5.137110079397111,207,0.3899894691887182,-0.23706904088307423,11718.629574605447
1950,83.78080876544412,83.78080876544412,-0.0018121359204112235,0.0,5.137110079397111,207,0.3900550871508193,-0.1947880366021448,11715.560985063521
1951,84.2623995410248,84.2623995410248,0.005731765049165708,0.0,5.137110079397111,207,0.3899176452320231,-0.26874543284160113,11724.130174322065
1952,83.75791720137512,83.75791720137512,-0.006005033979430748,0.0,5.137110079397111,207,0.3900853160809997,-0.2648050598155919,11714.95958662635
1953,83.60111261421217,83.60111261421217,-0.0018738712003681841,0.0,5.137110079397111,207,0.3901379105471365,-0.2629876219545716,11712.022095080161
1954,83.52473535530832,83.52473535530832,-0.0009140089956041936,0.0,5.137110079397111,207,0.39017698350540886,-0.2675913245597252,11710.375134443306
1955,83.74275466045394,83.74275466045394,0.002606835656937777,0.0,5.137110079397111,207,0.3901221037022743,-0.2724415498396295,11714.057732901038
1956,84.08794303023163,84.08794303023163,0.004113536573188464,0.0,5.137110079397111,207,0.39003138927857445,-0.2555015424456995,11719.84913744416
1957,83.84025779715533,83.84025779715533,-0.002949896580404199,0.0,5.137110079397111,207,0.39010615814163846,-0.2896829552940508,11715.38493340335
1958,84.00677788662861,84.00677788662861,0.0019841892759971565,0.0,5.137110079397111,207,0.3900621351692966,-0.31744892085895116,11718.21681447551
1959,83.42371835513909,83.42371835513909,-0.006964823034431938,0.0,5.137110079397111,207,0.3902543498529136,-0.3130464952337976,11707.388628710502
1960,83.21790908533585,83.21790908533585,-0.0024700835872354726,0.0,5.137110079397111,207,0.39032085601432687,-0.292504888481974,11703.754622969183
1961,82.6298030488537,82.6298030488537,-0.007092150913487635,0.0,5.137110079397111,207,0.39049981641387815,-0.26028506653596106,11693.719704867319
1962,82.33445149035464,82.33445149035464,-0.00358079845733891,0.0,5.137110079397111,207,0.3906182984487938,-0.2220944526544692,11688.345899381298
1963,82.12780262786738,82.12780262786738,-0.0025130261329488674,0.0,5.137110079397111,207,0.39073300025652197,-0.21368773836798047,11684.155450013897
1964,82.17971407789493,82.17971407789493,0.0006318816423687434,0.0,5.137110079397111,207,0.3907232364777221,-0.21578581793521492,11684.806232819517
1965,81.42532075333271,81.42532075333271,-0.009222193828250066,0.0,5.137110079397111,207,0.39110409059120466,-0.20728395231036728,11670.80610927376
1966,81.18469873826987,81.18469873826987,-0.0029595001764582667,0.0,5.137110079397111,207,0.39139438395130877,-0.1700296881422372,11661.665102526771
1967,81.07409894418784,81.07409894418784,-0.0013632519504700748,0.0,5.137110079397111,207,0.39150962536268613,-0.14765672137544128,11657.413035563764
1968,81.01426177690841,81.01426177690841,-0.0007383277828397121,0.0,5.137110079397111,207,0.39163057127769996,-0.17637605571639334,11653.514220261415
1969,81.65831691943983,81.65831691943983,0.007918464353230164,0.0,5.137110079397111,207,0.39137400629325414,-0.16814383392460874,11663.532654511762
1970,81.3197951583357,81.3197951583357,-0.0041542050478137965,0.0,5.137110079397111,207,0.3916277522950413,-0.19410565961612483,11655.703594980958
1971,81.37474227045156,81.37474227045156,0.0006754635413504542,0.0,5.137110079397111,207,0.3916158742373831,-0.19743156926764366,11656.270593704507
1972,82.05684872418614,82.05684872418614,0.00834735084257499,0.0,5.137110079397111,207,0.3914213958057333,-0.20804640590886603,11664.68952747296
1973,82.00132452116554,82.00132452116554,-0.0006768843519613074,0.0,5.137110079397111,207,0.3914540467607244,-0.21163241353002324,11663.685222286966
1974,81.98840517933581,81.98840517933581,-0.00015756281664779367,0.0,5.137110079397111,207,0.39147234137554515,-0.20755382444842535,11663.219814239477
1975,81.67519085990435,81.67519085990435,-0.0038275427082871383,0.0,5.137110079397111,207,0.39159355092982573,-0.19620195557765063,11658.817417092449
1976,81.41986284232452,81.41986284232452,-0.003131035802420696,0.0,5.137110079397111,207,0.39168549949635745,-0.19751553950792405,11655.355218724746
1977,81.6717517914518,81.6717517914518,0.003088928268637319,0.0,5.137110079397111,207,0.39160817130694064,-0.2239225481792411,11658.487763786608
1978,81.26759641929229,81.26759641929229,-0.0049608176961903035,0.0,5.137110079397111,207,0.39177214449635794,-0.22309000201757037,11652.587532560015
1979,80.7103532020776,80.7103532020776,-0.006880509562018652,0.0,5.137110079397111,207,0.39198785741960573,-0.1767544823166487,11644.892621037116
1980,80.48014490320811,80.48014490320811,-0.0028563526770265207,0.0,5.137110079397111,207,0.39208470819583296,-0.14050830078108045,11641.549827663986
1981,81.23900354551817,81.23900354551817,0.009384964235205894,0.0,5.137110079397111,207,0.39177756515401096,-0.1628897438165126,11652.324283853482
1982,80.95992632272339,80.95992632272339,-0.003441175578863659,0.0,5.137110079397111,207,0.391874073309239,-0.18772007537325075,11648.682928242151
1983,80.98448923932882,80.98448923932882,0.0003033499699083556,0.0,5.137110079397111,207,0.391878385916689,-0.19869288625875736,11648.756603377784
1984,81.29909749219145,81.29909749219145,0.0038772700718570194,0.0,5.137110079397111,207,0.3917719215639377,-0.18877881031498064,11652.876043929351
1985,81.21063136815516,81.21063136815516,-0.0010887487585570315,0.0,5.137110079397111,207,0.39182668860165576,-0.1816183741909839,11651.233440115797
1986,80.9203203335663,80.9203203335663,-0.003581195839668433,0.0,5.137110079397111,207,0.39192697542634697,-0.22621060313888533,11647.452489341094
1987,80.70825057974459,80.70825057974459,-0.002624163219660442,0.0,5.137110079397111,207,0.39202175428808855,-0.20710538259512012,11644.325279015608
1988,80.85549806739544,80.85549806739544,0.0018227793010905256,0.0,5.137110079397111,207,0.3919814850650098,-0.19414840007114664,11646.024451341025
1989,81.17092975669001,81.17092975669001,0.003893588126661035,0.0,5.137110079397111,207,0.39187313775398286,-0.16305883727093404,11650.088988045374
1990,80.73384332271962,80.73384332271962,-0.005399315752184561,0.0,5.137110079397111,207,0.39202219818879913,-0.18991493048347008,11644.447270313187
1991,80.14576533196168,80.14576533196168,-0.007310816019185699,0.0,5.137110079397111,207,0.3923031148833349,-0.1480964589534544,11635.397668983618
1992,79.9810059398365,79.9810059398365,-0.0020578626417076017,0.0,5.137110079397111,207,0.39245159235609284,-0.14334496333088215,11630.904264554192
1993,80.01264919159631,80.01264919159631,0.00039555633811091956,0.0,5.137110079397111,207,0.3925173499430305,-0.14202231538800725,11628.818531722734
1994,80.11675637876571,80.11675637876571,0.0013002883694829145,0.0,5.137110079397111,207,0.3925351059165567,-0.13311552660954046,11628.5776717125
1995,80.14751556997531,80.14751556997531,0.0003838558802066358,0.0,5.137110079397111,207,0.39259176378356986,-0.13080332390610666,11627.113013890137
1996,80.6179608683401,80.6179608683401,0.005852582925423322,0.0,5.137110079397111,207,0.39246249115272597,-0.11567536669381515,11633.95071716495
1997,79.9495346732491,79.9495346732491,-0.008325845204105117,0.0,5.137110079397111,207,0.39298490575649114,-0.14023229495778503,11615.807995856405
1998,79.813488427681,79.813488427681,-0.0017031009530442914,0.0,5.137110079397111,207,0.39310644134903183,-0.1405714995675718,11611.816397895816
1999,80.5256511718293,80.5256511718293,0.008883263676296972,0.0,5.137110079397111,207,0.39266658194889814,-0.13240730988506422,11627.95327729105
