step,price,fundamental,log_return,volume,strategy_entropy,n_families,wealth_gini,acf1,mean_fitness
0,100.0657961187444,100.0657961187444,0.0,0.0,6.214608098422218,500,0.0,0.0,20000.0
1,99.50772475169312,99.50772475169312,-0.005592653967512378,0.0,6.214608098422218,500,0.0,0.0,20000.0
2,98.82814969706058,98.82814969706058,-0.0068527967113317075,0.0,6.214608098422218,500,0.0,0.0,20000.0
3,98.16221683307724,98.16221683307724,-0.006761096113429784,0.0,6.214608098422218,500,5.988003592802156e-07,0.0,19999.988
4,98.09728747743378,98.09728747743378,-0.0006616684194778842,0.0,6.214608098422218,500,6.294176789374632e-06,0.0,19999.87357641277
5,96.83349222240062,96.83349222240062,-0.012966787128758137,0.0,6.214608098422218,500,8.624089319032787e-05,0.0,19998.264303795593
6,96.57603571862757,96.57603571862757,-0.0026622954782102395,0.0,6.214608098422218,500,0.00011014761180886438,0.0,19997.78227575824
7,96.67426519054771,96.67426519054771,0.001016603647372177,0.0,6.214608098422218,500,0.0001124652383656916,0.0,19997.73556031814
8,96.1117716559116,96.1117716559116,-0.005835434350114691,0.0,6.214608098422218,500,0.00015483877706117498,0.0,19996.88200668343
9,96.85436698367714,96.85436698367714,0.007696676721321133,0.0,6.214608098422218,500,0.0001435309165656142,0.0,19997.111258092675
10,96.36278921634252,96.36278921634252,-0.005088355895894253,0.0,6.214608098422218,500,0.0001658569312669856,0.0,19996.661968469638
11,95.89815662691235,95.89815662691235,-0.0048333632390179,0.0,6.214608098422218,500,0.00018063653518089642,0.0,19996.36517017331
12,95.86524171917667,95.86524171917667,-0.0003432866578587292,0.0,6.214608098422218,500,0.0001896251212604453,0.0,19996.18325760123
13,96.26493332883422,96.26493332883422,0.004160639380496039,0.0,6.214608098422218,500,0.00019124459079131344,0.0,19996.715295137987
14,96.36506362263253,96.36506362263253,0.001039612774763225,0.0,6.214608098422218,500,0.00019700094849192597,0.0,19996.76667453727
15,96.72972322262602,96.72972322262602,0.0037770054744991357,0.0,6.214608098422218,500,0.00020601609466360028,0.0,19997.19351381476
16,97.14220670544518,97.14220670544518,0.004255222562362904,0.0,6.214608098422218,500,0.00021130085432784188,0.0,19997.988184144106
17,97.42831253284399,97.42831253284399,0.0029408980839110946,0.0,6.214608098422218,500,0.0002111340622571876,0.0,19998.445260092554
18,96.43644974207386,96.43644974207386,-0.010232611988309775,0.0,6.214608098422218,500,0.00022355527963556265,0.0,19996.34706393622
19,96.53924809337482,96.53924809337482,0.001065402143147821,0.0,6.214608098422218,500,0.0002303634564938209,0.0,19996.381523011358
20,96.64141013632273,96.64141013632273,0.0010576840705290554,0.0,6.214608098422218,500,0.0002970105064735211,0.0,19994.298041661463
21,97.27795073040708,97.27795073040708,0.006565026591019101,0.0,6.214608098422218,500,0.0013207455125921676,0.0,20029.69188865863
22,97.34841820513816,97.34841820513816,0.0007241308379302249,0.0,6.214608098422218,500,0.001303727529105922,0.0,20026.61410766331
23,97.88286644062454,97.88286644062454,0.0054750402478789045,0.0,6.214608098422218,500,0.002239117206297061,0.0,20055.468758131476
24,97.77389358934843,97.77389358934843,-0.0011139187066916574,0.0,6.214608098422218,500,0.002295306699764018,0.0,20050.449443115827
25,97.3476089307292,97.3476089307292,-0.004369434750458959,0.0,6.214608098422218,500,0.0012283192960716605,0.0,20007.48508202633
26,96.5807885497929,96.5807885497929,-0.007908324798318213,0.0,6.214608098422218,500,0.0017193746445451966,0.0,19993.206044676524
27,96.3220219032772,96.3220219032772,-0.002682872282892463,0.0,6.214608098422218,500,0.0016489001298518398,0.0,19965.02425104071
28,97.115397657805,97.115397657805,0.008202965125232213,0.0,6.214608098422218,500,0.00117715195642784,0.0,19977.38469215177
29,97.21857200985652,97.21857200985652,0.0010618252889271799,0.0,6.214608098422218,500,0.0011112028143708318,0.0,19980.098574290736
30,97.8937196714491,97.8937196714491,0.006920633758799615,0.0,6.214608098422218,500,0.0012990991834499332,0.0,20002.56502141672
31,99.14690675929272,99.14690675929272,0.012720259858705446,0.0,6.214608098422218,500,0.003152909439135531,0.0,20050.644007016697
32,99.2939870362555,99.2939870362555,0.0014823588130682104,0.0,6.214608098422218,500,0.00332266435339704,0.0,20057.27177835379
33,99.84729066701276,99.84729066701276,0.005556909757111166,0.0,6.214608098422218,500,0.0038682777599667113,0.0,20088.259786640636
34,100.81176697231982,100.81176697231982,0.00961315919790593,0.0,6.214608098422218,500,0.005171156257984886,0.0,20131.773492455042
35,101.16705252639026,101.16705252639026,0.00351805126290226,0.0,6.214608098422218,500,0.005516062574825625,0.0,20140.112698264154
36,101.30185498432633,101.30185498432633,0.001331586953393186,0.0,6.214608098422218,500,0.005646195056501857,0.0,20144.599336318992
37,100.92262673255371,100.92262673255371,-0.0037505715736933314,0.0,6.214608098422218,500,0.00549866301879743,0.0,20118.337261544064
38,101.0805071392561,101.0805071392561,0.0015631484108567485,0.0,6.214608098422218,500,0.005717506266123063,0.0,20124.31849920999
39,101.21692016451455,101.21692016451455,0.00134863846518004,0.0,6.214608098422218,500,0.005802173102014386,0.0,20125.20142721034
40,101.76477981652087,101.76477981652087,0.005398131776754355,0.0,6.214608098422218,500,0.006462981504278436,0.0,20154.901064163165
41,101.83545634649407,101.83545634649407,0.000694267689900925,0.0,6.214608098422218,500,0.006539612444967695,0.0,20152.65613272147
42,101.35404589690478,101.35404589690478,-0.004738545496351271,0.0,6.214608098422218,500,0.00579056875760985,0.0,20115.472133339124
43,101.89567236434252,101.89567236434252,0.005329677739940727,0.0,6.214608098422218,500,0.0060079983839688355,0.0,20143.45704510532
44,101.8349691089831,101.8349691089831,-0.0005959168116963129,0.0,6.214608098422218,500,0.005912157220746067,0.0,20134.917920873064
45,102.057903807561,102.057903807561,0.0021867835224337103,0.0,6.214608098422218,500,0.006039944326394323,0.0,20146.784745230223
46,102.4418888271344,102.4418888271344,0.003755362936036251,0.0,6.214608098422218,500,0.0064093715192211995,0.0,20158.536205837056
47,102.7933190335811,102.7933190335811,0.0034246614270835945,0.0,6.214608098422218,500,0.006847337296740057,0.0,20175.271752547957
48,102.86560523682132,102.86560523682132,0.0007029717428842407,0.0,6.214608098422218,500,0.006900497336333649,0.0,20173.72451474842
49,102.73000786531517,102.73000786531517,-0.0013190689151500123,0.0,6.214608098422218,500,0.006857920980340849,0.0,20169.575972330433
50,103.09164040323226,103.09164040323226,0.003514041531527789,0.0,6.214608098422218,500,0.007005293282759031,0.0,20187.234062016258
51,103.03066059568457,103.03066059568457,-0.0005916857034024798,0.0,6.214608098422218,500,0.006889799577498978,0.0,20181.850175540665
52,103.15283900052252,103.15283900052252,0.0011851425490189858,0.0,6.214608098422218,500,0.00696837961873291,0.0,20182.220141833204
53,102.53385445122957,102.53385445122957,-0.006018730793616741,0.0,6.214608098422218,500,0.0071383689366572465,0.0,20132.706344293245
54,103.1207037212959,103.1207037212959,0.005707151527923574,0.0,6.214608098422218,500,0.007561219952107237,0.0,20155.457202239213
55,102.51366156739685,102.51366156739685,-0.005904109621248226,0.0,6.214608098422218,500,0.007002984184315135,0.0,20107.268292799134
56,103.00101859013972,103.00101859013972,0.004742804124040635,0.0,6.214608098422218,500,0.007331460047470029,0.0,20123.84342204407
57,103.30440508454974,103.30440508454974,0.002941141417468452,0.0,6.214608098422218,500,0.00765307619568361,0.0,20136.711428990442
58,103.06312263769772,103.06312263769772,-0.002338377160977409,0.0,6.214608098422218,500,0.00783697651540196,0.0,20112.982783290205
59,102.63643682147443,102.63643682147443,-0.00414863725839652,0.0,6.214608098422218,500,0.007682575029477981,0.0,20100.32801616612
60,102.62961831408921,102.62961831408921,-6.643580092401889e-05,0.0,6.214608098422218,500,0.0076403127922614455,0.14665646098038052,20093.642074922085
61,102.6163543704764,102.6163543704764,-0.00012924924623650865,0.0,6.214608098422218,500,0.007603199176383863,0.11946336095107976,20080.498315659162
62,102.27299521989976,102.27299521989976,-0.003351657591702396,0.0,6.214608098422218,500,0.00792302890569607,0.08592254882761668,20043.025350893764
63,103.28915370510234,103.28915370510234,0.009886710833790523,0.0,6.214608098422218,500,0.008564580904952775,0.050786515709853285,20062.466957961828
64,103.00303907267721,103.00303907267721,-0.002773879244088986,0.0,6.214608098422218,500,0.008711639582367077,0.01374427761403174,20045.147247254823
65,103.77979817364634,103.77979817364634,0.007512835831460123,0.0,6.214608098422218,500,0.00910813571030263,-0.044807741768587955,20079.648091365892
66,102.47980550746394,102.47980550746394,-0.012605569457581026,0.0,6.214608098422218,500,0.009198646987269474,-0.09903599239164848,19979.68173527957
67,101.77082679269404,101.77082679269404,-0.006942270427525509,0.0,6.214608098422218,500,0.009879969214290749,-0.02387525446506988,19920.17673373647
68,101.56024233763509,101.56024233763509,-0.0020713463146771445,0.0,6.214608098422218,500,0.009907064264388102,0.021470760927302754,19909.063680878015
69,101.47157316006222,101.47157316006222,-0.0008734511189073989,0.0,6.214608098422218,500,0.009894493246755974,0.0538101760756283,19900.102621371774
70,101.50440235621843,101.50440235621843,0.00032347864183409784,0.0,6.214608098422218,500,0.009986883230632885,0.03167413068566223,19894.047288346246
71,101.30626292135003,101.30626292135003,-0.0019539356831787527,0.0,6.214608098422218,500,0.009869350536151978,0.028138832769547952,19876.475662686822
72,100.91598473793053,100.91598473793053,-0.0038598984285235496,0.0,6.214608098422218,500,0.01046013195687826,0.040228642305007806,19844.478077824442
73,100.69975025841816,100.69975025841816,-0.0021450167312182084,0.0,6.214608098422218,500,0.010510105348657636,0.049646054082570765,19831.42445563054
74,100.64059982590841,100.64059982590841,-0.0005875666172896985,0.0,6.214608098422218,500,0.010503263427131981,0.051650332551806774,19824.160912748277
75,101.66242401041661,101.66242401041661,0.010102002974733976,0.0,6.214608098422218,500,0.010013587629627046,0.033899677210824784,19893.022597958414
76,102.41878926728697,102.41878926728697,0.00741242868826522,0.0,6.214608098422218,500,0.010190946925127885,0.0687904679394053,19923.135645256843
77,102.16738541778847,102.16738541778847,-0.0024576829439205096,0.0,6.214608098422218,500,0.010468691314967749,0.06973661230196955,19905.694536278686
78,102.40420769884123,102.40420769884123,0.0023153008023997566,0.0,6.214608098422218,500,0.010446036307576886,0.07277795156519379,19912.296880612943
79,102.34526318498379,102.34526318498379,-0.0005757720909500751,0.0,6.214608098422218,500,0.010447394354531675,0.07117356725314394,19900.83790476708
80,102.19400835436896,102.19400835436896,-0.0014789810978355924,0.0,6.214608098422218,500,0.010791524606512974,0.073060336568532,19887.17139436635
81,102.1895220153516,102.1895220153516,-4.390117941461674e-05,0.0,6.214608098422218,500,0.010884997672998371,0.07683076700668584,19880.752454358404
82,102.81695768052573,102.81695768052573,0.006121149196761338,0.0,6.214608098422218,500,0.011302546892823775,0.07267779484882621,19921.51498721085
83,102.7560254535874,102.7560254535874,-0.0005928038577225128,0.0,6.214608098422218,500,0.01140646502752192,0.07450106028003847,19916.637500646735
84,103.18423041120897,103.18423041120897,0.004158541737447407,0.0,6.214608098422218,500,0.0111501054398695,0.0631781647595917,19935.439785243845
85,102.91892057105194,102.91892057105194,-0.002574535958691058,0.0,6.214608098422218,500,0.01097178174236228,0.021813868864215626,19906.80369650919
86,103.18670249464813,103.18670249464813,0.0025984936295167667,0.0,6.214608098422218,500,0.010744784915359585,-0.0075413400504744516,19921.86020923796
87,103.03700048881004,103.03700048881004,-0.0014518411799229166,0.0,6.214608098422218,500,0.01078547036422511,0.010253261425154453,19914.413697870794
88,103.31134424986166,103.31134424986166,0.0026590368150919176,0.0,6.214608098422218,500,0.010689813163006068,0.007302453239618339,19933.76800773242
89,103.30443959923397,103.30443959923397,-6.683565506592387e-05,0.0,6.214608098422218,500,0.010781768963302954,0.005628993569377995,19925.239629970176
90,103.58100810327417,103.58100810327417,0.002673640624435497,0.0,6.214608098422218,500,0.011010346488281407,-0.0535828819779205,19935.136202587673
91,104.20856108859418,104.20856108859418,0.006040292549708728,0.0,6.214608098422218,500,0.01062240991706585,-0.05812027251586998,19976.050999399802
92,103.72525123123445,103.72525123123445,-0.004648697798050072,0.0,6.214608098422218,500,0.010576792761909606,-0.0850660719911266,19949.274334649792
93,103.92868701486783,103.92868701486783,0.0019593738547567983,0.0,6.214608098422218,500,0.01074495685311991,-0.13211539303430653,19959.932592758327
94,103.5927442222005,103.5927442222005,-0.003237671252796702,0.0,6.214608098422218,500,0.010967322654200598,-0.17243206045821005,19929.119421634005
95,103.07476103684574,103.07476103684574,-0.005012730659702811,0.0,6.214608098422218,500,0.010874915448320532,-0.15338177286379306,19897.801467149002
96,103.24209062998493,103.24209062998493,0.0016220645911921234,0.0,6.214608098422218,500,0.010902482744724924,-0.15596545071055434,19900.23774113516
97,103.4591385435182,103.4591385435182,0.002100113232754719,0.0,6.214608098422218,500,0.011056204979029175,-0.1512507354479729,19903.57831359551
98,103.27502779084311,103.27502779084311,-0.0017811356933689572,0.0,6.214608098422218,500,0.011484803419847032,-0.15542842463749057,19880.740598002238
99,103.12227030923087,103.12227030923087,-0.0014802278024985582,0.0,6.214608098422218,500,0.011450490676136071,-0.15637287852729548,19876.686909394535
100,102.93856094656229,102.93856094656229,-0.0017830599849695571,0.0,6.214608098422218,500,0.011783598572250245,-0.1586652354228246,19860.12215247653
101,103.19493490075234,103.19493490075234,0.002487456833037106,0.0,6.214608098422218,500,0.011878227443794385,-0.16001388578548972,19865.400888864544
102,103.13197238609492,103.13197238609492,-0.0006103180379115237,0.0,6.214608098422218,500,0.011836087802961779,-0.1406709974034744,19858.136981168573
103,103.7397374675717,103.7397374675717,0.0058757848570861575,0.0,6.214608098422218,500,0.012362041881592319,-0.14038706964903278,19888.497389842407
104,103.28032466283017,103.28032466283017,-0.0044383481888224585,0.0,6.214608098422218,500,0.012993343271162415,-0.1613461947926504,19852.72537127447
105,103.14682563686611,103.14682563686611,-0.0012934252532348966,0.0,6.214608098422218,500,0.013112476716763355,-0.1616550304553196,19840.305046774483
106,102.63808731427173,102.63808731427173,-0.004944379563308557,0.0,6.214608098422218,500,0.012699445990786692,-0.1646419972428462,19790.508303409522
107,102.8223433993481,102.8223433993481,0.0017935924093216166,0.0,6.214608098422218,500,0.012593308884683716,-0.17668414447393976,19800.66881749335
108,102.04427062673261,102.04427062673261,-0.007595932772423579,0.0,6.214608098422218,500,0.01291958828814003,-0.1791312560974355,19760.298890786864
109,102.48563242794538,102.48563242794538,0.004315872444230327,0.0,6.214608098422218,500,0.012969668026949358,-0.20194510223373172,19795.15019553017
110,102.53062724474859,102.53062724474859,0.00043893901486127113,0.0,6.214608098422218,500,0.013049597170407257,-0.20071792732272212,19788.29332841194
111,102.4403707274501,102.4403707274501,-0.0008806760373409723,0.0,6.214608098422218,500,0.01301457875896686,-0.20045395442790634,19778.762157786052
112,103.18865865040648,103.18865865040648,0.007278069913609859,0.0,6.214608098422218,500,0.012150058783940043,-0.19027588332374318,19826.827097493595
113,102.37861581011309,102.37861581011309,-0.007881089391953242,0.0,6.214608098422218,500,0.011966157824248118,-0.2055765999815506,19806.950274968283
114,101.95929706632309,101.95929706632309,-0.0041041755441255,0.0,6.214608098422218,500,0.012241750602954748,-0.15223824512959724,19786.896328108505
115,102.41753935459278,102.41753935459278,0.004484295423984099,0.0,6.214608098422218,500,0.012562988153370602,-0.14546188942500954,19812.757282694274
116,103.16717778391148,103.16717778391148,0.007292777033085869,0.0,6.214608098422218,500,0.011688132959351212,-0.12548980560462772,19867.785288920677
117,103.94898066047077,103.94898066047077,0.00754945046889377,0.0,6.214608098422218,500,0.011763085196606609,-0.07052920653111493,19902.47955966874
118,104.15315959669128,104.15315959669128,0.001962296029112614,0.0,6.214608098422218,500,0.011958275579549503,-0.06827050471147535,19913.714390177953
119,105.3500546266838,105.3500546266838,0.011426154546798524,0.0,6.214608098422218,500,0.011985276540293948,-0.04956041657880894,20005.220156349147
120,104.96629679511486,104.96629679511486,-0.003649343047959108,0.0,6.214608098422218,500,0.011813212263026479,-0.08246016627352787,19971.73572321613
121,104.84766763683481,104.84766763683481,-0.0011308033880614485,0.0,6.214608098422218,500,0.011744478381060774,-0.07918620461826635,19957.07142839633
122,104.9525718088293,104.9525718088293,0.0010000387131526994,0.0,6.214608098422218,500,0.011831431509443742,-0.05392311454168702,19956.257771781944
123,105.43858062367347,105.43858062367347,0.004620058150833368,0.0,6.214608098422218,500,0.011627901573331578,-0.03156706102492751,19985.121955726783
124,104.69937801191757,104.69937801191757,-0.007035432014260209,0.0,6.214608098422218,500,0.011499150997747476,-0.037762486324009595,19964.69147707797
125,104.94967101090603,104.94967101090603,0.0023877343500563544,0.0,6.214608098422218,500,0.011550857977749646,0.02295130148880699,19966.63387956336
126,104.69152413880292,104.69152413880292,-0.0024627507240980906,0.0,6.214608098422218,500,0.011734209315332887,-0.0649990769028137,19937.167171512243
127,104.28504760988066,104.28504760988066,-0.0038901685307161362,0.0,6.214608098422218,500,0.012006166782805444,-0.07302035599976163,19897.374836161278
128,104.41750410873276,104.41750410873276,0.0012693329865486702,0.0,6.214608098422218,500,0.012126052509837433,-0.08009777846565032,19900.358169037587
129,104.25010430856295,104.25010430856295,-0.0016044640311067308,0.0,6.214608098422218,500,0.01218752783250331,-0.08163921341946367,19888.5065438383
130,103.81064311066758,103.81064311066758,-0.004224360979857205,0.0,6.214608098422218,500,0.012228104595937839,-0.07126497024618676,19841.704394921984
131,104.19662189087434,104.19662189087434,0.003711209060061171,0.0,6.214608098422218,500,0.012146553195806896,-0.09465410429289518,19871.242835821926
132,105.2152562815412,105.2152562815412,0.009728602156265857,0.0,6.214608098422218,500,0.012456991925534894,-0.0745818674852635,19939.93869727491
133,104.92901868387459,104.92901868387459,-0.0027242024531428186,0.0,6.214608098422218,500,0.012864678166287799,-0.10418078900795727,19911.575875955517
134,105.54027565369013,105.54027565369013,0.0058085307915332245,0.0,6.214608098422218,500,0.012922233362893045,-0.10598402721899304,19951.376535337804
135,106.18936310039682,106.18936310039682,0.0061313048465788215,0.0,6.214608098422218,500,0.013234486125907908,-0.14351508347157602,19983.638639640238
136,105.75059673702789,105.75059673702789,-0.004140483847801088,0.0,6.214608098422218,500,0.013975595114202984,-0.15176708355604637,19942.52475336632
137,105.94502844327471,105.94502844327471,0.0018368991872377873,0.0,6.214608098422218,500,0.014094829283840146,-0.1536010036575955,19952.309350893633
138,106.05684103364311,106.05684103364311,0.0010548265542349117,0.0,6.214608098422218,500,0.014161823833403775,-0.15163477761233554,19950.760358468964
139,105.68105871337232,105.68105871337232,-0.003549508286047017,0.0,6.214608098422218,500,0.014855658987137437,-0.15328072086682784,19919.269317914765
140,105.16760223184563,105.16760223184563,-0.0048703889717513354,0.0,6.214608098422218,500,0.015092550180466185,-0.13123925740757772,19882.12635624127
141,105.00139795554284,105.00139795554284,-0.0015816253662700114,0.0,6.214608098422218,500,0.015409311444292752,-0.11857464692172645,19869.235922333217
142,103.84020276672857,103.84020276672857,-0.011120458293122217,0.0,6.214608098422218,500,0.016759223404166895,-0.08641925309545283,19809.676099806504
143,104.87984622433335,104.87984622433335,0.009962167610461835,0.0,6.214608098422218,500,0.016445477710812145,-0.16118025115738832,19840.945039284765
144,104.74099774139181,104.74099774139181,-0.0013247585556965048,0.0,6.214608098422218,500,0.016410017699181545,-0.16649723541740358,19829.969392531682
145,105.4982462648478,105.4982462648478,0.007203715003094214,0.0,6.214608098422218,500,0.01702957824707843,-0.1649856374774049,19852.32036663521
146,105.89001256525967,105.89001256525967,0.003706608409737945,0.0,6.214608098422218,500,0.01669182685996957,-0.14473682877721772,19870.018210243703
147,105.73193756262744,105.73193756262744,-0.001493937958105845,0.0,6.214608098422218,500,0.016656548201430404,-0.14627641209513115,19859.893220118644
148,105.94710226796097,105.94710226796097,0.002032934197064037,0.0,6.214608098422218,500,0.01677129550254642,-0.14800972858335432,19863.738124072755
149,105.4970560164103,105.4970560164103,-0.0042568868755954595,0.0,6.214608098422218,500,0.017549911288585386,-0.15049478778905162,19824.89831710183
150,106.24548427126429,106.24548427126429,0.007069258455952464,0.0,6.214608098422218,500,0.017956187854009025,-0.17712647790747474,19872.921605525175
151,107.16695551576586,107.16695551576586,0.008635644406898436,0.0,6.214608098422218,500,0.01845051603607502,-0.11544994621299147,19902.13266571709
152,107.73979518341429,107.73979518341429,0.0053310658922715096,0.0,6.214608098422218,500,0.018827552882208373,-0.08345066034713698,19917.961947198382
153,107.69820037808127,107.69820037808127,-0.00038614178284987065,0.0,6.214608098422218,500,0.019121873331086277,-0.08318993630270172,19905.226872984418
154,108.28368260528048,108.28368260528048,0.005421599749362491,0.0,6.214608098422218,500,0.019698030758942178,-0.10176773568074608,19940.508500863143
155,106.62034236443827,106.62034236443827,-0.015480151729768675,0.0,6.214608098422218,500,0.018725981225671057,-0.1296402687857981,19895.203703700663
156,106.82064490125924,106.82064490125924,0.0018768897032166631,0.0,6.214608098422218,500,0.018858462778283187,-0.14308764145661246,19896.62453254119
157,106.78759910923405,106.78759910923405,-0.0003094055891137893,0.0,6.214608098422218,500,0.01913393507260367,-0.14175241772830377,19883.928155812097
158,107.03109010306295,107.03109010306295,0.002277547392881308,0.0,6.214608098422218,500,0.01933172466728227,-0.14578268931242633,19896.370817327766
159,107.74577973188183,107.74577973188183,0.006655207027390985,0.0,6.214608098422218,500,0.0198276840883767,-0.1403974751796977,19920.20883247393
160,107.74387001882671,107.74387001882671,-1.7724406321760538e-05,0.0,6.214608098422218,500,0.0198352891340946,-0.1409019492849084,19914.009584056323
161,106.80278360052701,106.80278360052701,-0.008772846727176011,0.0,6.214608098422218,500,0.021545618609433034,-0.12872683598178994,19842.90698778245
162,106.62021272202051,106.62021272202051,-0.0017108833273477581,0.0,6.214608098422218,500,0.021388497085279626,-0.11308562092943789,19827.4154900401
163,107.288410098736,107.288410098736,0.006247523277003231,0.0,6.214608098422218,500,0.022104870943793403,-0.10521463191467997,19852.003050312996
164,106.72959606814015,106.72959606814015,-0.005222133506804259,0.0,6.214608098422218,500,0.022935758099007785,-0.12803381086494323,19807.549927632328
165,106.31264888782175,106.31264888782175,-0.003914225676202509,0.0,6.214608098422218,500,0.023425305709965327,-0.11812043450574762,19769.64634390614
166,106.96206536549413,106.96206536549413,0.006089971678652813,0.0,6.214608098422218,500,0.02320327622450385,-0.12828957873172647,19792.68411849074
167,106.65124535535661,106.65124535535661,-0.0029101204269029166,0.0,6.214608098422218,500,0.023314692823142837,-0.13280063973466125,19776.242373464036
168,105.78471056481874,105.78471056481874,-0.008158125518804338,0.0,6.214608098422218,500,0.024685048674268722,-0.09881388559765003,19715.24734524055
169,106.51187224502587,106.51187224502587,0.006850459054171398,0.0,6.214608098422218,500,0.025009899763747876,-0.12641223197560617,19758.506916582286
170,107.0508142094907,107.0508142094907,0.0050471654715550296,0.0,6.214608098422218,500,0.025308490333608036,-0.11087109441736899,19783.02343829093
171,106.49824426304473,106.49824426304473,-0.005175121666529687,0.0,6.214608098422218,500,0.026180318476947018,-0.11704865441881239,19745.566671286473
172,107.16284376614666,107.16284376614666,0.006221082675070011,0.0,6.214608098422218,500,0.026901822803206188,-0.10517200481263818,19786.27957283187
173,106.80317582493988,106.80317582493988,-0.0033619196230918543,0.0,6.214608098422218,500,0.0264315910937807,-0.14283904839210193,19765.721064242734
174,106.22551427386486,106.22551427386486,-0.005423334919647689,0.0,6.214608098422218,500,0.027484365143846674,-0.11857441269423695,19719.386017017525
175,105.86243584566236,105.86243584566236,-0.0034238511210826638,0.0,6.214608098422218,500,0.027555989186079297,-0.11925627102694135,19690.18981298821
176,106.41714361370977,106.41714361370977,0.005226211885609461,0.0,6.214608098422218,500,0.02709882406506143,-0.15679426078487402,19721.99430130044
177,106.81762216936833,106.81762216936833,0.0037562263832382346,0.0,6.214608098422218,500,0.02708255479957708,-0.1576810385760305,19735.9934012523
178,106.56368102997702,106.56368102997702,-0.002380164104999218,0.0,6.214608098422218,500,0.02722119291157096,-0.17205756542333614,19720.16135181786
179,106.24437359397461,106.24437359397461,-0.0030008984029353323,0.0,6.214608098422218,500,0.027734502071940427,-0.15285029303218806,19696.839751944935
180,106.78340827762918,106.78340827762918,0.005060709259074733,0.0,6.214608098422218,500,0.02834184811632684,-0.16444861624352658,19728.94663880626
181,107.22486139651818,107.22486139651818,0.0041255765088208645,0.0,6.214608098422218,500,0.028526267145025166,-0.1520162313632951,19733.031568545674
182,107.97849804204951,107.97849804204951,0.007003977338853937,0.0,6.214608098422218,500,0.029397259403754913,-0.13536979150702064,19771.53339813813
183,107.66128391102775,107.66128391102775,-0.0029420764291345327,0.0,6.214608098422218,500,0.029243942855934957,-0.1305901993625712,19765.588479733186
184,107.51236700000851,107.51236700000851,-0.0013841558589019142,0.0,6.214608098422218,500,0.029213729232082698,-0.12266477410713296,19755.391251744953
185,107.34390393496389,107.34390393496389,-0.0015681469182501125,0.0,6.214608098422218,500,0.029421589555157595,-0.11713767223683794,19744.23825528414
186,107.84883845846426,107.84883845846426,0.004692866911449534,0.0,6.214608098422218,500,0.02933985093905058,-0.12898685581855932,19758.626588254385
187,108.08292591583643,108.08292591583643,0.0021681622410006643,0.0,6.214608098422218,500,0.029308010292535356,-0.12434500536730253,19763.0000734147
188,106.93067303625492,106.93067303625492,-0.010718056120755003,0.0,6.214608098422218,500,0.02787065916955457,-0.12460707270124133,19671.92155977088
189,106.61527751822463,106.61527751822463,-0.0029538911559088203,0.0,6.214608098422218,500,0.027738353515400865,-0.10867271864972802,19664.826815455715
190,106.25315306473325,106.25315306473325,-0.003402334501413536,0.0,6.214608098422218,500,0.02777155704656846,-0.09371896236541792,19645.328220522628
191,106.82306602218166,106.82306602218166,0.0053493939299576075,0.0,6.214608098422218,500,0.027160263274456368,-0.12009533160710446,19678.057173518693
192,107.45796067521884,107.45796067521884,0.005925830398580236,0.0,6.214608098422218,500,0.02783843671808837,-0.09231328312029509,19720.211983936864
193,106.68254691368662,106.68254691368662,-0.0072421342357681185,0.0,6.214608098422218,500,0.02684712254965184,-0.10402251332580584,19675.08499136686
194,106.03707599269313,106.03707599269313,-0.00606876688880275,0.0,6.214608098422218,500,0.028090521040754792,-0.09648276962710724,19620.073498077425
195,106.16278350615075,106.16278350615075,0.0011848031234304426,0.0,6.214608098422218,500,0.028214208762154726,-0.08804312420456124,19628.350362729983
196,105.89670291916852,105.89670291916852,-0.0025094913800409865,0.0,6.214608098422218,500,0.027918635097472087,-0.08601258988653056,19600.246333903742
197,105.83726691594444,105.83726691594444,-0.0005614215312878315,0.0,6.214608098422218,500,0.028256041657275622,-0.0864450374133209,19586.97519647255
198,106.43600997237277,106.43600997237277,0.0056412625561084425,0.0,6.214608098422218,500,0.028852001819328944,-0.0847032069441806,19626.081236879523
199,105.83394833019896,105.83394833019896,-0.005672618597995259,0.0,6.214608098422218,500,0.028129542943337985,-0.11086034864538503,19589.441719741728
200,106.764103806567,106.764103806567,0.008750422707741517,0.0,5.928977255897989,400,0.05968960183716568,-0.13944544375750387,19158.010800092467
201,106.82579587641216,106.82579587641216,0.0005776684351862628,0.0,5.928977255897989,400,0.059715836530773475,-0.1495893262983438,19162.740880496618
202,107.17421043400492,107.17421043400492,0.0032562135997182755,0.0,5.928977255897989,400,0.05983371050846028,-0.09693031119157282,19179.666957901965
203,106.19474955601659,106.19474955601659,-0.009180977007607583,0.0,5.928977255897989,400,0.06052863520582554,-0.10358706681097417,19149.81289433122
204,105.79016221087949,105.79016221087949,-0.003817138050246258,0.0,5.928977255897989,400,0.060732741675725226,-0.07537474303024834,19118.45211826961
205,106.21320314344494,106.21320314344494,0.0039908941383800835,0.0,5.928977255897989,400,0.060773885253590613,-0.10048884900527402,19133.86777552546
206,105.59956837877917,105.59956837877917,-0.005794140523289902,0.0,5.928977255897989,400,0.06094932543808755,-0.10931305019093061,19121.887975461468
207,104.99360325457542,104.99360325457542,-0.005754857024896611,0.0,5.928977255897989,400,0.06170364392945613,-0.08732593862152,19087.092712129717
208,104.9638783460264,104.9638783460264,-0.0002831516983438794,0.0,5.928977255897989,400,0.061756589514294705,-0.08196431670479427,19085.364814350636
209,104.84352916080643,104.84352916080643,-0.0011472349794497488,0.0,5.928977255897989,400,0.06187400980156713,-0.06567992738034319,19080.91060571604
210,104.23372339357522,104.23372339357522,-0.005833322266941912,0.0,5.928977255897989,400,0.06227167522344267,-0.10116587719150948,19061.900235395467
211,103.2125890079659,103.2125890079659,-0.00984488585299825,0.0,5.928977255897989,400,0.06250839267430056,-0.10240333309011272,18966.14284826582
212,103.15397596594606,103.15397596594606,-0.0005680478676703694,0.0,5.928977255897989,400,0.06252531614315456,-0.10609176554261004,18964.56384495423
213,102.52523304113387,102.52523304113387,-0.006113839958157171,0.0,5.928977255897989,400,0.06287597335162669,-0.10640654519934219,18943.96115980732
214,102.36260766509245,102.36260766509245,-0.0015874578953295137,0.0,5.928977255897989,400,0.06296473086656101,-0.05185786446794454,18938.880887370033
215,102.47428937704096,102.47428937704096,0.001090445370220571,0.0,5.928977255897989,400,0.06300960989459427,-0.03477874725077998,18938.70313117556
216,102.87163119513468,102.87163119513468,0.0038699801086258673,0.0,5.928977255897989,400,0.06282449322803833,-0.029678770902294618,18946.50292290167
217,102.15872488180118,102.15872488180118,-0.006954181810174702,0.0,5.928977255897989,400,0.06326537458474046,-0.04830748509411662,18883.87734531481
218,101.99239035238628,101.99239035238628,-0.0016295239536696197,0.0,5.928977255897989,400,0.06319526484672408,-0.06001035654593638,18872.926776544147
219,102.2527083244039,102.2527083244039,0.0025490757395075555,0.0,5.928977255897989,400,0.06302381508691367,-0.06803117059522283,18880.004512337076
220,101.94396533071776,101.94396533071776,-0.0030239790240782923,0.0,5.928977255897989,400,0.06361164592710385,-0.06803516052140503,18856.34113518254
221,100.76427840490186,100.76427840490186,-0.011639390902519402,0.0,5.928977255897989,400,0.06472585329269308,-0.05480104743203998,18815.121540587974
222,100.68035753455774,100.68035753455774,-0.0008331904675208495,0.0,5.928977255897989,400,0.06479604158653444,-0.05223050917994451,18812.56583552984
223,100.8550308973912,100.8550308973912,0.0017334266495849626,0.0,5.928977255897989,400,0.06467202065286055,-0.03314620787497775,18817.379436650815
224,100.87970653066728,100.87970653066728,0.0002446344512970449,0.0,5.928977255897989,400,0.06466982766337957,-0.03975788389901342,18817.690475067597
225,100.6387584564829,100.6387584564829,-0.0023913261647792988,0.0,5.928977255897989,400,0.0649452493745338,-0.02681061724689328,18808.480307351896
226,100.81083261506679,100.81083261506679,0.001708359888132414,0.0,5.928977255897989,400,0.06484778811146273,-0.020786421902240868,18812.625192498384
227,100.517876961635,100.517876961635,-0.002910224386885204,0.0,5.928977255897989,400,0.06514303362080182,-0.03408356572393651,18802.462392274625
228,100.62738061443126,100.62738061443126,0.0010888018433425296,0.0,5.928977255897989,400,0.06517796172906608,0.0026533702564888596,18802.213118861357
229,100.19586591842071,100.19586591842071,-0.004297464238514083,0.0,5.928977255897989,400,0.06517416024067903,-0.038169411060181575,18790.791761339628
230,99.31981136540372,99.31981136540372,-0.008781868123197681,0.0,5.928977255897989,400,0.06488416188782509,-0.00041855598210308634,18685.462453003576
231,100.6289684254111,100.6289684254111,0.013095111351914657,0.0,5.928977255897989,400,0.06513345291084639,-0.051033874173236515,18688.416191978227
232,100.01593073941133,100.01593073941133,-0.006110692035010451,0.0,5.928977255897989,400,0.06551565854798003,-0.08926240135993999,18622.916125237047
233,99.82822624393825,99.82822624393825,-0.0018785092694635229,0.0,5.928977255897989,400,0.06547253527280383,-0.09351578773042936,18619.66957549798
234,99.26666319034446,99.26666319034446,-0.005641174862903089,0.0,5.928977255897989,400,0.06582752689919046,-0.09768564000108547,18586.187739908073
235,99.65776329600409,99.65776329600409,0.003932152692300079,0.0,5.928977255897989,400,0.0657751452621726,-0.1015375062668108,18600.290673149895
236,100.23380099584483,100.23380099584483,0.005763517799818463,0.0,5.928977255897989,400,0.06562634915039199,-0.09856081578305405,18616.261666675637
237,99.3553686780015,99.3553686780015,-0.008802461488865279,0.0,5.928977255897989,400,0.06659549045245466,-0.12628066552793848,18536.42712421859
238,98.68474824888847,98.68474824888847,-0.0067725974197207885,0.0,5.928977255897989,400,0.06663714246641035,-0.0986632357047459,18499.074310988595
239,99.98944725053234,99.98944725053234,0.013134244779701676,0.0,5.928977255897989,400,0.06620801092193958,-0.12499745602827632,18544.102575180426
240,99.73952917759954,99.73952917759954,-0.0025025733154596247,0.0,5.928977255897989,400,0.06664925809334624,-0.15802875149493287,18526.289239473568
241,99.5952381272495,99.5952381272495,-0.0014477261292921897,0.0,5.928977255897989,400,0.06667683475231925,-0.1857997008448725,18521.33941211685
242,100.44706005772106,100.44706005772106,0.008516469634332115,0.0,5.928977255897989,400,0.06661680959637441,-0.17603481772078924,18542.98302889417
243,100.62587953146101,100.62587953146101,0.0017786532712773862,0.0,5.928977255897989,400,0.0666924133025381,-0.15932049819481595,18543.768358327587
244,100.92379782615066,100.92379782615066,0.0029562787256117275,0.0,5.928977255897989,400,0.06654278607099906,-0.15130293353222138,18563.336560964995
245,101.23316341919613,101.23316341919613,0.0030606498301138357,0.0,5.928977255897989,400,0.06664480498595102,-0.13888889815292477,18572.379324157686
246,101.35145452785949,101.35145452785949,0.001167819386347295,0.0,5.928977255897989,400,0.06666464315650118,-0.14654198919438327,18574.710173365806
247,101.12214368709813,101.12214368709813,-0.0022650947168014264,0.0,5.928977255897989,400,0.06706515926321593,-0.13095390523804648,18559.03145628198
248,101.18489616030942,101.18489616030942,0.0006203686759608758,0.0,5.928977255897989,400,0.06712665899938383,-0.15125655709552138,18558.632211079635
249,101.24199624637805,101.24199624637805,0.0005641551565031292,0.0,5.928977255897989,400,0.06723477119203235,-0.15326548832604725,18556.949208688773
250,101.02388323433009,101.02388323433009,-0.0021566968897682244,0.0,5.928977255897989,400,0.06741876365560881,-0.14528338427369525,18545.37721329875
251,100.89670670749268,100.89670670749268,-0.001259668899448581,0.0,5.928977255897989,400,0.06765148142062034,-0.17510489017934575,18533.24950442314
252,101.79788813786378,101.79788813786378,0.008892071039239245,0.0,5.928977255897989,400,0.06768109094038936,-0.1458747521198326,18576.92957819998
253,101.6761253505301,101.6761253505301,-0.001196838847190427,0.0,5.928977255897989,400,0.0678151359162429,-0.1720646257974405,18569.387041699087
254,101.08347375699739,101.08347375699739,-0.005845871504223675,0.0,5.928977255897989,400,0.0684438049161347,-0.16467377107433293,18523.432638436818
255,100.36670629670166,100.36670629670166,-0.007116106670140652,0.0,5.928977255897989,400,0.06835915188767708,-0.1400664157092019,18486.67899463283
256,100.36719745381014,100.36719745381014,4.893613876795951e-06,0.0,5.928977255897989,400,0.06847930148731066,-0.14338114710457803,18482.138411521035
257,100.71795713173547,100.71795713173547,0.0034886715968788016,0.0,5.928977255897989,400,0.06828513316419604,-0.14045415931766123,18502.5976236774
258,100.72750111177426,100.72750111177426,9.47549786343864e-05,0.0,5.928977255897989,400,0.06829459261735989,-0.12257792651465171,18502.54652864907
259,100.17161113774397,100.17161113774397,-0.005534035332540775,0.0,5.928977255897989,400,0.06837013556986805,-0.09748505626018934,18483.926946460906
260,99.76853935442125,99.76853935442125,-0.004031929838741084,0.0,5.928977255897989,400,0.06832643154999322,-0.10450954094710167,18474.419472089317
261,100.08189653382641,100.08189653382641,0.003135919467058924,0.0,5.928977255897989,400,0.06831681229346723,-0.11600255804425402,18483.154093634643
262,100.11244384513499,100.11244384513499,0.0003051765748006082,0.0,5.928977255897989,400,0.06833263662526773,-0.09070968675579562,18483.449576824212
263,100.18569191099454,100.18569191099454,0.0007313904230636963,0.0,5.928977255897989,400,0.06838479100340192,-0.10843497525800881,18484.041598821543
264,99.98458049896355,99.98458049896355,-0.002009404066635141,0.0,5.928977255897989,400,0.0687659575000263,-0.10056973345300262,18468.28885582624
265,99.35075392903373,99.35075392903373,-0.006359421503078144,0.0,5.928977255897989,400,0.06907582434464848,-0.08035344022732271,18444.092189023675
266,100.08267247257417,100.08267247257417,0.007340011579802603,0.0,5.928977255897989,400,0.06836737012713175,-0.12242220500505678,18481.447596326812
267,100.15289188613956,100.15289188613956,0.000701368077831547,0.0,5.928977255897989,400,0.0684008875958872,-0.1138257185125204,18482.45136872719
268,100.41421259455267,100.41421259455267,0.0026058197026888152,0.0,5.928977255897989,400,0.06839240135952464,-0.10955095713372605,18487.674664440485
269,100.73042108225539,100.73042108225539,0.003144093306471181,0.0,5.928977255897989,400,0.06836849847282292,-0.10166635912675545,18490.804387304655
270,100.82883451629138,100.82883451629138,0.0009765211879184639,0.0,5.928977255897989,400,0.0683885201815987,-0.13166674420380678,18487.704868942616
271,101.14869795371128,101.14869795371128,0.0031673196608726665,0.0,5.928977255897989,400,0.06852078209019714,-0.13614230085621587,18487.58336757766
272,100.90330472986209,100.90330472986209,-0.002429011751862235,0.0,5.928977255897989,400,0.06885687241239122,-0.14163260156728794,18454.40886882573
273,100.8996136393601,100.8996136393601,-3.658114096892742e-05,0.0,5.928977255897989,400,0.06889060368294384,-0.15099094114579498,18452.88094304408
274,100.03520356416672,100.03520356416672,-0.008603938528379287,0.0,5.928977255897989,400,0.06964105782815168,-0.14422289923732287,18401.350946357757
275,99.86150421902626,99.86150421902626,-0.001737891441884569,0.0,5.928977255897989,400,0.06994178819340806,-0.14114800688437773,18383.38506192312
276,98.76578436549856,98.76578436549856,-0.01103303555401972,0.0,5.928977255897989,400,0.07058737424742129,-0.10585631069196523,18332.889625813474
277,99.16322747514387,99.16322747514387,0.004016022109412213,0.0,5.928977255897989,400,0.07034407654356982,-0.14342946347667157,18361.79136411709
278,98.31208423255619,98.31208423255619,-0.008620303023183857,0.0,5.928977255897989,400,0.07017442388705107,-0.1585356213360438,18334.54662895303
279,97.631242688473,97.631242688473,-0.006949400062104003,0.0,5.928977255897989,400,0.07038344085677721,-0.1201614483163131,18306.01536282857
280,97.78805217622124,97.78805217622124,0.0016048519826326081,0.0,5.928977255897989,400,0.07036400020692644,-0.144710738333415,18311.611385335014
281,97.10877674486781,97.10877674486781,-0.006970643756533938,0.0,5.928977255897989,400,0.07066738615894609,-0.1630450669013063,18281.065636041556
282,97.46035638805529,97.46035638805529,0.003613934236920436,0.0,5.928977255897989,400,0.07062013278706047,-0.17789964745926298,18287.08582250423
283,96.82800604497838,96.82800604497838,-0.0065094230865565435,0.0,5.928977255897989,400,0.07159535364721932,-0.1915176883653812,18225.03203009229
284,97.08177851954382,97.08177851954382,0.002617429749787741,0.0,5.928977255897989,400,0.07156628222497648,-0.20130214795075452,18232.368338462555
285,97.14375023434654,97.14375023434654,0.0006381418272185928,0.0,5.928977255897989,400,0.07157122138147474,-0.19634503752829083,18233.764240010558
286,97.49176218355244,97.49176218355244,0.0035760413477414895,0.0,5.928977255897989,400,0.07156595264357825,-0.1884542296644366,18241.842290626108
287,98.41369222697877,98.41369222697877,0.009412059016909505,0.0,5.928977255897989,400,0.07127650346594974,-0.15220587112690948,18272.77382588319
288,98.75700286192733,98.75700286192733,0.00348237329827861,0.0,5.928977255897989,400,0.07102548048930209,-0.12617129337572733,18288.97196286455
289,98.9368734053255,98.9368734053255,0.0018196880594142102,0.0,5.928977255897989,400,0.07102884328224165,-0.1427642489991846,18293.654736505785
290,98.40639233478583,98.40639233478583,-0.005376239683675456,0.0,5.928977255897989,400,0.07102150079909424,-0.08451324589992813,18279.82957190841
291,97.81464405774956,97.81464405774956,-0.006031464126648412,0.0,5.928977255897989,400,0.07130238977109898,-0.02217814450013167,18257.69022329539
292,97.87371081268908,97.87371081268908,0.0006036818774673794,0.0,5.928977255897989,400,0.07123195277900939,-0.032526313224455095,18262.014369016422
293,98.17345808156365,98.17345808156365,0.00305791207431242,0.0,5.928977255897989,400,0.07106586940522773,-0.035858136926161244,18274.633640699427
294,98.19572086332492,98.19572086332492,0.00022674415584238318,0.0,5.928977255897989,400,0.07117468677605669,-0.02012827250707847,18270.737818673893
295,98.9786374684994,98.9786374684994,0.007941405022504722,0.0,5.928977255897989,400,0.07037482577552386,-0.03297163386035187,18330.580262873616
296,100.27189736429483,100.27189736429483,0.012981426205276038,0.0,5.928977255897989,400,0.07064158976221253,0.06420863289081004,18354.686919287316
297,99.75822357033984,99.75822357033984,-0.005135975729110623,0.0,5.928977255897989,400,0.07052821561678672,-0.013246485627009343,18342.577509342245
298,100.0482614449766,100.0482614449766,0.0029031898372080516,0.0,5.928977255897989,400,0.07048794956891337,0.03481638726120513,18346.222065815648
299,100.41957770046832,100.41957770046832,0.003704501247838516,0.0,5.928977255897989,400,0.07038162100526367,0.06920815890651968,18370.4907717972
300,100.78278098379702,100.78278098379702,0.003610332207019141,0.0,5.928977255897989,400,0.07058169205294333,0.07498575888434507,18374.3178449346
301,100.44018706259672,100.44018706259672,-0.003405120752898106,0.0,5.928977255897989,400,0.07086810558937882,0.07515985672539036,18359.007207636598
302,100.87160138134863,100.87160138134863,0.004286037916747252,0.0,5.928977255897989,400,0.07081700211478731,0.05679416269656516,18371.9067876163
303,100.43632315536195,100.43632315536195,-0.0043245083902840615,0.0,5.928977255897989,400,0.07149888108733164,0.03884955827564632,18340.419837828435
304,100.30230860063647,100.30230860063647,-0.0013352145868808537,0.0,5.928977255897989,400,0.07154623680178838,0.03609696049393671,18335.57680706392
305,100.55441084443275,100.55441084443275,0.002510270772888454,0.0,5.928977255897989,400,0.07162809269011228,0.030877800185468696,18340.291430484784
306,100.03462023246708,100.03462023246708,-0.005182654032825211,0.0,5.928977255897989,400,0.07183010766689077,0.022869963939257387,18321.82150204978
307,98.90716524692976,98.90716524692976,-0.011334642981391932,0.0,5.928977255897989,400,0.07320642727521151,0.05876876387424526,18261.05771975343
308,98.88261833219272,98.88261833219272,-0.0002482121616079218,0.0,5.928977255897989,400,0.07326578611710878,0.05730198950343521,18258.937513901532
309,98.37411647928094,98.37411647928094,-0.005155747709221487,0.0,5.928977255897989,400,0.07363308204214644,0.05722492475146305,18239.56622990827
310,98.227513331543,98.227513331543,-0.001491372935736304,0.0,5.928977255897989,400,0.07379893817943661,0.0595083558959431,18230.590582691137
311,98.54504417264565,98.54504417264565,0.0032273922822213257,0.0,5.928977255897989,400,0.07363019776464033,0.061778562950536235,18252.178289072457
312,98.20589375748183,98.20589375748183,-0.0034475134364470544,0.0,5.928977255897989,400,0.07360004534889936,0.06145440504825164,18232.92498626453
313,98.62301109551456,98.62301109551456,0.004238381174394887,0.0,5.928977255897989,400,0.07352783304704323,0.04879919537685131,18246.542306517025
314,98.43619191145706,98.43619191145706,-0.0018960722176492098,0.0,5.928977255897989,400,0.07374076231288777,0.0205224791530369,18235.655197573768
315,99.08610488269304,99.08610488269304,0.006580678001152699,0.0,5.928977255897989,400,0.07376374534841527,0.014556136495178158,18250.235151738707
316,97.76202526965697,97.76202526965697,-0.013453006453773725,0.0,5.928977255897989,400,0.07536558010242222,-0.04302870375713214,18122.135606535045
317,97.82410821468154,97.82410821468154,0.0006348399654273069,0.0,5.928977255897989,400,0.07539476690156537,-0.053447886587675034,18122.90183870824
318,97.93514773567118,97.93514773567118,0.0011344498870241645,0.0,5.928977255897989,400,0.07543909186566729,-0.05049747045699344,18122.62737429494
319,96.92716548843643,96.92716548843643,-0.010345676607822532,0.0,5.928977255897989,400,0.07609151680718708,-0.06794996536759311,18074.947759448354
320,95.93505786520875,95.93505786520875,-0.010288343224266831,0.0,5.928977255897989,400,0.07698352546300496,-0.003922909115105679,17964.159885264966
321,96.74140406609258,96.74140406609258,0.008369999119814127,0.0,5.928977255897989,400,0.07734806232089562,-0.052678626973371306,17973.073943270134
322,96.83031111585508,96.83031111585508,0.0009185955285947692,0.0,5.928977255897989,400,0.07740770359655484,-0.04605006518482971,17975.837109054948
323,96.32323482736662,96.32323482736662,-0.005250511461537211,0.0,5.928977255897989,400,0.07737553489224498,-0.04826544782835766,17950.089081040824
324,96.31145717674903,96.31145717674903,-0.0001222796424645199,0.0,5.928977255897989,400,0.07747348079945943,-0.05388592007387966,17946.50923371605
325,96.42220707201574,96.42220707201574,0.001149253379144768,0.0,5.928977255897989,400,0.07745632585180592,-0.02923821139667223,17952.093035147664
326,96.6518822606412,96.6518822606412,0.002379141579851166,0.0,5.928977255897989,400,0.07745132117546638,-0.033163845786578425,17960.014380603934
327,96.07059751124366,96.07059751124366,-0.006032368541592561,0.0,5.928977255897989,400,0.07737389064302845,-0.04414267083114215,17946.371238006224
328,96.67197003056471,96.67197003056471,0.006240183249997425,0.0,5.928977255897989,400,0.07692729726666206,-0.06997253447157073,17973.788409455163
329,96.93215798740087,96.93215798740087,0.0026878364231492265,0.0,5.928977255897989,400,0.07696061295444094,-0.061018954254798,17979.812225759957
330,97.31735082403966,97.31735082403966,0.003965964638809859,0.0,5.928977255897989,400,0.0770783814947828,-0.055333088324193404,17987.011727820012
331,96.85291515335298,96.85291515335298,-0.0047838071813801,0.0,5.928977255897989,400,0.07711758333470986,-0.06196176223696044,17973.319834144877
332,96.77427007871651,96.77427007871651,-0.0008123350950637981,0.0,5.928977255897989,400,0.07717096904440303,-0.06125023317020493,17968.86664099258
333,96.30781031717282,96.30781031717282,-0.004831734442378907,0.0,5.928977255897989,400,0.07781004298460209,-0.05737351490164066,17929.690687619754
334,96.20652510053131,96.20652510053131,-0.0010522356765484229,0.0,5.928977255897989,400,0.07797071849561894,-0.06349566782681927,17916.322302341574
335,96.36096075188148,96.36096075188148,0.0016039642806394275,0.0,5.928977255897989,400,0.07805941197585763,-0.07043519773976561,17917.71527179378
336,96.39289786113785,96.39289786113785,0.00033137712291137264,0.0,5.928977255897989,400,0.07807757291430396,-0.04624823255619239,17919.07952896887
337,95.78895695417421,95.78895695417421,-0.006285118807409675,0.0,5.928977255897989,400,0.07861824119919503,-0.026921539426215682,17872.6730357529
338,96.51867755670405,96.51867755670405,0.007589132971591393,0.0,5.928977255897989,400,0.07851803854990896,-0.08627935212140528,17899.172021791903
339,95.81662503216754,95.81662503216754,-0.00730033054841769,0.0,5.928977255897989,400,0.07949904267105493,-0.1107241283485067,17841.063469582645
340,94.9711687022406,94.9711687022406,-0.008862850684478084,0.0,5.928977255897989,400,0.08041457121871448,-0.06556495290962619,17774.20822388493
341,94.55480937698225,94.55480937698225,-0.004393698418353934,0.0,5.928977255897989,400,0.0805669874240617,-0.032968109848418234,17755.872741800114
342,94.32408690446474,94.32408690446474,-0.002443074285349975,0.0,5.928977255897989,400,0.0810964922306866,-0.014519427164698855,17724.83833302255
343,94.57905405376044,94.57905405376044,0.0026994501291171223,0.0,5.928977255897989,400,0.0812711908547246,-0.007630831983369987,17729.046948787804
344,94.61579653208899,94.61579653208899,0.00038840886711977255,0.0,5.928977255897989,400,0.0814004686985903,-0.00815820993770863,17727.482347594872
345,93.76766497944848,93.76766497944848,-0.009004370938696755,0.0,5.928977255897989,400,0.08146214988194835,-0.014625535252557203,17692.273632016582
346,94.1117772597735,94.1117772597735,0.0036631220639344996,0.0,5.928977255897989,400,0.08159149706918951,-0.05797849024601388,17701.684802072632
347,94.01959674548509,94.01959674548509,-0.000979959054173854,0.0,5.928977255897989,400,0.08193316895666024,-0.08810274933393451,17683.381966165278
348,94.57799671292773,94.57799671292773,0.0059216195596150534,0.0,5.928977255897989,400,0.0822437857824509,-0.09383100624276108,17695.149504219313
349,94.47558947151883,94.47558947151883,-0.001083367456728777,0.0,5.928977255897989,400,0.08239163408258951,-0.08860208534385014,17688.403025978252
350,95.47382600341727,95.47382600341727,0.010510647998513532,0.0,5.928977255897989,400,0.08247170985328355,-0.10048225124572924,17731.11694932564
351,95.84320359301998,95.84320359301998,0.003861423620799986,0.0,5.928977255897989,400,0.08218728871196869,-0.07140197341219486,17760.108154097157
352,96.75265742829494,96.75265742829494,0.009444238211904344,0.0,5.928977255897989,400,0.0825771900313935,-0.047445540676733004,17802.088335517652
353,96.18485148962169,96.18485148962169,-0.005885922142525124,0.0,5.928977255897989,400,0.0826222518240286,-0.07672043134340634,17773.054398065764
354,96.50397161391042,96.50397161391042,0.00331228776958637,0.0,5.928977255897989,400,0.08242294569365237,-0.08897229566327167,17793.405570111
355,96.62825826852955,96.62825826852955,0.0012870629811692477,0.0,5.928977255897989,400,0.08250535921803195,-0.14929569395676806,17796.208128177866
356,96.43005582122227,96.43005582122227,-0.002053291699733545,0.0,5.928977255897989,400,0.0824444309568552,-0.1304979966714483,17788.94344491909
357,96.90276906427431,96.90276906427431,0.004890159602819585,0.0,5.928977255897989,400,0.08203844390575002,-0.12505929607862581,17823.070146997845
358,96.46857858184137,96.46857858184137,-0.004490750231670374,0.0,5.928977255897989,400,0.08249503314573271,-0.1465333264413228,17784.0535086195
359,96.58757776766038,96.58757776766038,0.0012327936403605459,0.0,5.928977255897989,400,0.08260385060566004,-0.16324691573301783,17784.128985616084
360,96.4776023812989,96.4776023812989,-0.0011392566818257059,0.0,5.928977255897989,400,0.08296936256164707,-0.1585824947412945,17766.908346899512
361,96.58779863496474,96.58779863496474,0.001141543384287221,0.0,5.928977255897989,400,0.0830202589680635,-0.15118940989252416,17769.690224249953
362,96.6764651663558,96.6764651663558,0.0009175678510656902,0.0,5.928977255897989,400,0.08307144714718075,-0.14041000413872443,17771.595971734623
363,96.62980154884937,96.62980154884937,-0.0004827946781629549,0.0,5.928977255897989,400,0.08309497456443193,-0.1429155748777649,17769.290888342606
364,96.4743580642566,96.4743580642566,-0.0016099447933073355,0.0,5.928977255897989,400,0.08342376267385214,-0.1416276467173655,17755.105364910003
365,96.46004271755851,96.46004271755851,-0.00014839600057177193,0.0,5.928977255897989,400,0.08349583332524042,-0.13383011941291942,17752.69328871307
366,95.94233961067218,95.94233961067218,-0.00538147553084594,0.0,5.928977255897989,400,0.0842546716457518,-0.16499335441600696,17715.65965649953
367,95.83357816307127,95.83357816307127,-0.0011342556513241366,0.0,5.928977255897989,400,0.08433903208786277,-0.17429696030242006,17709.516446964462
368,95.43357392901686,95.43357392901686,-0.004182681791891969,0.0,5.928977255897989,400,0.08502194731109405,-0.17026548458149499,17679.88370817725
369,95.1523088180194,95.1523088180194,-0.0029515860371036357,0.0,5.928977255897989,400,0.08509773586662543,-0.16922171568814923,17667.68189476257
370,93.96377960217951,93.96377960217951,-0.01256947384932262,0.0,5.928977255897989,400,0.08669328899180288,-0.13504636282386642,17593.480321070532
371,94.30836722860018,94.30836722860018,0.0036605309600583765,0.0,5.928977255897989,400,0.08670081520584656,-0.1600281915017856,17603.72935053294
372,94.62735923232523,94.62735923232523,0.0033767282959515452,0.0,5.928977255897989,400,0.08640928438013391,-0.13982096589498558,17625.77871108939
373,94.30999070493804,94.30999070493804,-0.0033595138916305556,0.0,5.928977255897989,400,0.08649220068001882,-0.14449570714873575,17605.212474155684
374,93.83518442975105,93.83518442975105,-0.005047243787227109,0.0,5.928977255897989,400,0.08674248785381249,-0.1312172888182045,17580.77460246224
375,93.31594233408816,93.31594233408816,-0.005548921205576091,0.0,5.928977255897989,400,0.0875341430688646,-0.06275847998952767,17519.17665875734
376,93.227164129406,93.227164129406,-0.0009518251632854252,0.0,5.928977255897989,400,0.08754534997240479,-0.057279939645827595,17515.93042748363
377,93.44168968356546,93.44168968356546,0.0022984621614270204,0.0,5.928977255897989,400,0.08747536166901046,-0.059147427540754166,17525.370576861416
378,93.18281806886456,93.18281806886456,-0.0027742527908242855,0.0,5.928977255897989,400,0.08737298718833791,-0.050546845947510216,17520.424807547348
379,93.12563561955703,93.12563561955703,-0.0006138470903604546,0.0,5.928977255897989,400,0.08740733854495504,-0.12243662803889037,17517.10830421243
380,93.28606173755092,93.28606173755092,0.0017212026913985188,0.0,5.928977255897989,400,0.08747930938501702,-0.06291788183239257,17517.358993829846
381,93.28359991584539,93.28359991584539,-2.6390375411077313e-05,0.0,5.928977255897989,400,0.08763945529873554,-0.0776994815272744,17505.972345396047
382,93.21262629087184,93.21262629087184,-0.0007611266977725388,0.0,5.928977255897989,400,0.0876704710417344,-0.0719290313550451,17503.386727242243
383,92.8123390433305,92.8123390433305,-0.00430359295731192,0.0,5.928977255897989,400,0.0885066633219827,-0.07007737559020123,17466.01238509654
384,92.60092420005606,92.60092420005606,-0.0022804726177522334,0.0,5.928977255897989,400,0.08848462544516858,-0.06559545370543249,17461.37718210142
385,92.88285657347485,92.88285657347485,0.003039970280574249,0.0,5.928977255897989,400,0.08845706489314704,-0.07446937251575347,17470.11483651614
386,92.24966490129142,92.24966490129142,-0.0068404420373499196,0.0,5.928977255897989,400,0.08937916269230751,-0.07779629114825659,17432.1510378655
387,92.09468972630141,92.09468972630141,-0.0016813665036020955,0.0,5.928977255897989,400,0.08949839374234905,-0.0441867934751503,17423.399653301865
388,91.96365902076994,91.96365902076994,-0.001423795536130899,0.0,5.928977255897989,400,0.08988246915816925,-0.06704234106810598,17408.774260505186
389,91.8506128340908,91.8506128340908,-0.0012300046105322264,0.0,5.928977255897989,400,0.08997344028927089,-0.08286418644790293,17396.6694564589
390,91.63908141454795,91.63908141454795,-0.0023056500706248578,0.0,5.928977255897989,400,0.09018553665963118,-0.06729219582848008,17385.161119244935
391,91.12871546498137,91.12871546498137,-0.005584870910948966,0.0,5.928977255897989,400,0.09112959471203982,-0.06089836874173325,17344.602199051707
392,91.1056339656303,91.1056339656303,-0.00025331667214886723,0.0,5.928977255897989,400,0.09136938176818503,-0.063305950524214,17333.661511142625
393,90.56701563687601,90.56701563687601,-0.005929565160986275,0.0,5.928977255897989,400,0.09164405738078085,-0.06613115786881196,17308.46372638499
394,90.5620770296433,90.5620770296433,-5.453135287344122e-05,0.0,5.928977255897989,400,0.09176871154620478,-0.07016427209459028,17305.72024190568
395,90.07162937608163,90.07162937608163,-0.005430313849237494,0.0,5.928977255897989,400,0.09223631602757612,-0.07657304174130668,17265.33554597399
396,89.88698210737988,89.88698210737988,-0.0020521088930144397,0.0,5.928977255897989,400,0.09241171644625756,-0.066496587346336,17255.206288925558
397,91.14401068730967,91.14401068730967,0.013887663805607743,0.0,5.928977255897989,400,0.09035004341376952,-0.0325731212339548,17351.63944518097
398,91.57273888231293,91.57273888231293,0.004692826276984536,0.0,5.928977255897989,400,0.0900916502042625,0.07081334691188929,17373.92207995098
399,92.20393537861362,92.20393537861362,0.006869195786670262,0.0,5.928977255897989,400,0.0901874847258154,0.061146564042967214,17387.69222341697
400,92.6316828137052,92.6316828137052,0.004628417432570069,0.0,5.675636826554846,326,0.13655693788980489,0.06789981679819644,16798.646581311463
401,92.10040455525095,92.10040455525095,-0.005751894332675156,0.0,5.675636826554846,326,0.13702415901616696,0.04009982951844036,16775.79135175711
402,92.1079313507351,92.1079313507351,8.172046559477158e-05,0.0,5.675636826554846,326,0.13702237010699236,0.043011035817985536,16776.012083714817
403,92.1186391389565,92.1186391389565,0.00011624586187529079,0.0,5.675636826554846,326,0.13709799105096868,0.041478857716624414,16773.651709861355
404,92.67508041336572,92.67508041336572,0.006022314584282403,0.0,5.675636826554846,326,0.1368416231524863,0.04777875397202007,16790.369565966226
405,92.92334914613323,92.92334914613323,0.00267533385316744,0.0,5.675636826554846,326,0.13670069782378808,0.09302326532788634,16802.34893513389
406,92.30631060412621,92.30631060412621,-0.006662440834463628,0.0,5.675636826554846,326,0.13757566817118227,0.07867927282889224,16760.084695433958
407,92.80736124957937,92.80736124957937,0.00541345070908323,0.0,5.675636826554846,326,0.13737227011765388,0.052412721872087197,16778.21910998836
408,92.75614536294155,92.75614536294155,-0.000552003881293884,0.0,5.675636826554846,326,0.1374793742642218,0.05625832049859343,16773.621074397408
409,92.46214305367921,92.46214305367921,-0.003174660112670504,0.0,5.675636826554846,326,0.1376834190719587,0.06263546666626942,16762.746492773527
410,92.96686791358592,92.96686791358592,0.0054438742218986015,0.0,5.675636826554846,326,0.1376196324862688,0.013564722878302226,16777.3296355696
411,92.63346469965623,92.63346469965623,-0.0035927044725926854,0.0,5.675636826554846,326,0.13792533952309177,-0.03979704131015588,16762.740810899075
412,92.48978623691347,92.48978623691347,-0.0015522468503005203,0.0,5.675636826554846,326,0.13808262302956203,0.00793397756640393,16754.935990377402
413,92.25995000068531,92.25995000068531,-0.0024880831710682103,0.0,5.675636826554846,326,0.13826918885092165,0.029223119841632696,16745.116611487447
414,92.71717535085332,92.71717535085332,0.004943598085248726,0.0,5.675636826554846,326,0.13791013620943116,0.012025440577399236,16770.203283130293
415,92.65691977316999,92.65691977316999,-0.0006500970889719098,0.0,5.675636826554846,326,0.13807074929688581,0.014689460993903159,16762.529387417435
416,91.90231990046358,91.90231990046358,-0.008177364395293107,0.0,5.675636826554846,326,0.13886205956330872,0.020036803073092264,16727.711300519586
417,92.30090565924519,92.30090565924519,0.0043276807955677146,0.0,5.675636826554846,326,0.13873238273413624,0.004969016161302588,16739.76319112234
418,92.95820586121727,92.95820586121727,0.007096039214523585,0.0,5.675636826554846,326,0.13856480186635256,0.04607542993308688,16756.7310816938
419,93.33878804904792,93.33878804904792,0.0040857633746900655,0.0,5.675636826554846,326,0.1383246545101931,0.07708102013723149,16776.32779146976
420,93.20623258219754,93.20623258219754,-0.0014211635208709712,0.0,5.675636826554846,326,0.1385307908221689,0.07450978020346047,16764.99098983378
421,92.89120151186337,92.89120151186337,-0.0033856605577954513,0.0,5.675636826554846,326,0.13884861149984506,0.07385353195606627,16751.0339189545
422,93.46383010909975,93.46383010909975,0.006145585600968582,0.0,5.675636826554846,326,0.13870714253412011,0.0559579807405176,16767.877317494087
423,93.78625599090826,93.78625599090826,0.0034438029608653774,0.0,5.675636826554846,326,0.13867199448582293,0.07694230129708869,16775.60750557823
424,93.94681407021527,93.94681407021527,0.0017104937175034145,0.0,5.675636826554846,326,0.13859076565135825,0.08400596436356508,16783.52907371636
425,93.11317444843162,93.11317444843162,-0.00891313152902733,0.0,5.675636826554846,326,0.13922729087828847,0.06722762331545214,16736.667214837602
426,93.45120296402807,93.45120296402807,0.003623723780315112,0.0,5.675636826554846,326,0.1390200504221872,0.03810636571223142,16749.504622143042
427,93.90050984884388,93.90050984884388,0.004796409271617174,0.0,5.675636826554846,326,0.13892923835861906,0.05101189683104569,16763.79490799392
428,94.32535873026158,94.32535873026158,0.004514253073775903,0.0,5.675636826554846,326,0.13887270225678625,0.06111778646078874,16774.58913837907
429,94.34634526474127,94.34634526474127,0.00022246615811350717,0.0,5.675636826554846,326,0.13887801978687497,0.036748833906860796,16775.16883266835
430,94.90970985018525,94.90970985018525,0.005953481901433391,0.0,5.675636826554846,326,0.1385701199808041,0.07908310741643489,16799.82191132433
431,95.39680732662173,95.39680732662173,0.0051190946833194395,0.0,5.675636826554846,326,0.1384982363006178,0.09268817341067798,16815.180686752534
432,95.57116706134498,95.57116706134498,0.0018260630740035363,0.0,5.675636826554846,326,0.1385169892979856,0.10920782930497132,16820.171300985767
433,95.07814379532428,95.07814379532428,-0.005172055045383328,0.0,5.675636826554846,326,0.1388268115883342,0.08587585022110235,16799.19019583289
434,95.566632263722,95.566632263722,0.0051246044873059565,0.0,5.675636826554846,326,0.13887951270991994,0.03903444138310381,16811.858011488788
435,95.26540523798104,95.26540523798104,-0.0031569885210888213,0.0,5.675636826554846,326,0.13912974067324213,0.019572105711617382,16796.83166542146
436,95.63772070941778,95.63772070941778,0.0039005746148770668,0.0,5.675636826554846,326,0.1390161296224088,0.01128066987941816,16814.110438559706
437,95.78759422916417,95.78759422916417,0.0015658697013817466,0.0,5.675636826554846,326,0.13908952947142644,0.019519927212742465,16815.14343950535
438,95.685837244959,95.685837244959,-0.0010628836909801407,0.0,5.675636826554846,326,0.139262356397137,0.015421758526205273,16805.904818693853
439,96.2535811104551,96.2535811104551,0.00591588248176301,0.0,5.675636826554846,326,0.13941733671875325,0.009497325541339148,16815.671070430613
440,95.99415693914341,95.99415693914341,-0.002698854419927947,0.0,5.675636826554846,326,0.13940231971827086,-0.00409987990483072,16808.768712861685
441,96.0215310372437,96.0215310372437,0.0002851235602073672,0.0,5.675636826554846,326,0.13953611278614833,-0.0041191565370473655,16803.86286375102
442,96.38605917455867,96.38605917455867,0.0037891288286105032,0.0,5.675636826554846,326,0.13945803066252974,-0.009735693537939369,16821.975533829427
443,96.1711597007774,96.1711597007774,-0.002232059273156408,0.0,5.675636826554846,326,0.13937158368255587,-0.028547047457096623,16817.983795966975
444,95.81370587695494,95.81370587695494,-0.003723775161125527,0.0,5.675636826554846,326,0.13930066706689997,-0.012869153228524848,16808.663842461556
445,94.95264790641859,94.95264790641859,-0.009027418106594473,0.0,5.675636826554846,326,0.14020639714251582,0.03342208891471295,16764.17967287308
446,94.9693209298986,94.9693209298986,0.00017557761879790683,0.0,5.675636826554846,326,0.1402036056893641,0.02378656816006432,16764.926460672734
447,94.54046469022454,94.54046469022454,-0.004525961235613304,0.0,5.675636826554846,326,0.14082356389236955,0.021567772799541293,16731.151593410905
448,93.73419614879656,93.73419614879656,-0.008564864401923488,0.0,5.675636826554846,326,0.14139077838879263,0.05092845553998868,16699.590134280923
449,93.50992484016305,93.50992484016305,-0.002395497542947307,0.0,5.675636826554846,326,0.14160473714704666,0.0653443814026905,16687.108648311958
450,93.20453112659109,93.20453112659109,-0.0032712409366051085,0.0,5.675636826554846,326,0.14205382083318796,0.06104154526268705,16667.50301358178
451,93.50351686118591,93.50351686118591,0.0032027113280234626,0.0,5.675636826554846,326,0.14196597558945676,0.051594560259106866,16676.529049195717
452,94.28353848868477,94.28353848868477,0.008307559987835583,0.0,5.675636826554846,326,0.14184227838401764,0.06103231536205096,16697.929556245243
453,94.18862208608286,94.18862208608286,-0.0010072194252643727,0.0,5.675636826554846,326,0.14202162708075663,0.05056130149505599,16691.448942009756
454,94.23085336532976,94.23085336532976,0.00044826873499045775,0.0,5.675636826554846,326,0.14198874328446007,0.04765594665761873,16693.80207485115
455,94.2858261772945,94.2858261772945,0.0005832143198819672,0.0,5.675636826554846,326,0.14210315442167043,0.03599704712947065,16690.79629410719
456,94.57232722131222,94.57232722131222,0.0030340364833726053,0.0,5.675636826554846,326,0.14193985302659753,0.06407721456750556,16701.13771971932
457,94.76476366626665,94.76476366626665,0.0020327397058345904,0.0,5.675636826554846,326,0.14189910153291804,0.029758490121720826,16707.50978682748
458,94.7795212696429,94.7795212696429,0.0001557166802582298,0.0,5.675636826554846,326,0.14195596013254275,0.007010633182715065,16706.72583327632
459,95.18865861325789,95.18865861325789,0.004307436924035974,0.0,5.675636826554846,326,0.14193105563443417,-0.017350775867644774,16717.757337396062
460,94.97514839208905,94.97514839208905,-0.0022455409812107883,0.0,5.675636826554846,326,0.14215611075088425,-0.0035800162038806,16707.778491292327
461,93.74702632902455,93.74702632902455,-0.013015316315239707,0.0,5.675636826554846,326,0.1431897123011968,0.02429933528071781,16645.585507115415
462,93.91415846732994,93.91415846732994,0.0017812120569880444,0.0,5.675636826554846,326,0.14319762137010272,0.008476993370508551,16648.892088849054
463,92.75369203167133,92.75369203167133,-0.01243365028068871,0.0,5.675636826554846,326,0.14432210533063924,-0.005615268043966887,16596.092154069996
464,92.81446184850236,92.81446184850236,0.0006549595685759977,0.0,5.675636826554846,326,0.1442986753021375,-0.0221731997940621,16598.479489438683
465,93.30185845036017,93.30185845036017,0.0052375602017574446,0.0,5.675636826554846,326,0.14408584134852914,-0.006990831267290318,16619.128546240052
466,92.9952031322127,92.9952031322127,-0.0032921141375358114,0.0,5.675636826554846,326,0.14445241668888906,0.006384752767543365,16602.9198238696
467,93.33728175743072,93.33728175743072,0.003671705550745844,0.0,5.675636826554846,326,0.1443547392867858,3.753979893480661e-05,16613.334239145883
468,93.38749232157674,93.38749232157674,0.0005378029305848287,0.0,5.675636826554846,326,0.14443371055087842,-0.0004081111931838486,16611.20779863284
469,93.2829409844793,93.2829409844793,-0.0011201704113308123,0.0,5.675636826554846,326,0.14460402992369595,0.012307822711082881,16598.076163826285
470,93.26446829521485,93.26446829521485,-0.000198048200145438,0.0,5.675636826554846,326,0.14461699673209738,0.027868033781564102,16597.258966062178
471,93.41074556738404,93.41074556738404,0.0015671850491706804,0.0,5.675636826554846,326,0.14457205555290456,0.022973444031410203,16601.951244309803
472,92.81908055704416,92.81908055704416,-0.00635415941017208,0.0,5.675636826554846,326,0.145285487587808,0.012332971264739673,16571.69644814499
473,93.70915127656284,93.70915127656284,0.009543622072102692,0.0,5.675636826554846,326,0.14490667031237528,-0.022088357557640728,16600.946791607257
474,92.61133472977464,92.61133472977464,-0.011784310730077794,0.0,5.675636826554846,326,0.14596807233879064,-0.09093085569425195,16540.84734840325
475,92.76246180265868,92.76246180265868,0.0016305120701287426,0.0,5.675636826554846,326,0.1459869546273693,-0.10693127354585723,16543.400144662923
476,93.2735460214062,93.2735460214062,0.005494479380607505,0.0,5.675636826554846,326,0.14565897896598962,-0.08104958248538144,16561.781910607544
477,93.9566184217587,93.9566184217587,0.007296638690663543,0.0,5.675636826554846,326,0.14503596877143232,-0.07307247606146196,16596.53845029361
478,93.44705434557397,93.44705434557397,-0.005438157368650318,0.0,5.675636826554846,326,0.1456768591535113,-0.1186991148405624,16564.86980655482
479,93.69579127995647,93.69579127995647,0.0026582590429543697,0.0,5.675636826554846,326,0.14560029294461604,-0.1248908258295299,16571.53171653
480,93.4472535995187,93.4472535995187,-0.0026561267795706636,0.0,5.675636826554846,326,0.14585105436243623,-0.13243490867750302,16558.399461946843
481,92.98192220569666,92.98192220569666,-0.004992055113410322,0.0,5.675636826554846,326,0.14650753474956285,-0.10873328943458306,16528.53991119904
482,92.36451959908281,92.36451959908281,-0.0066621714902530245,0.0,5.675636826554846,326,0.14715182799209234,-0.10167527814888261,16500.529583281117
483,93.22139113987936,93.22139113987936,0.009234296141568631,0.0,5.675636826554846,326,0.1464845375332879,-0.1388286391071478,16539.2517932614
484,93.70762592029688,93.70762592029688,0.005202358464268032,0.0,5.675636826554846,326,0.14618803044373124,-0.09689587758571949,16557.427284591602
485,93.48062373467842,93.48062373467842,-0.0024253904538942307,0.0,5.675636826554846,326,0.14629218124202426,-0.08900302524538255,16549.05935836054
486,93.01044297909567,93.01044297909567,-0.005042405087775069,0.0,5.675636826554846,326,0.14681254749956324,-0.09170255639523989,16525.527616384617
487,92.88406210854362,92.88406210854362,-0.001359705494936891,0.0,5.675636826554846,326,0.14685634185215318,-0.10403772727885292,16521.936258532507
488,94.01929508731857,94.01929508731857,0.01214795663994606,0.0,5.675636826554846,326,0.14615846053082157,-0.10545128974323988,16566.905113838977
489,92.92220708191431,92.92220708191431,-0.011737367976035223,0.0,5.675636826554846,326,0.14746955160185213,-0.1779688087677289,16510.67559085215
490,93.02120308396914,93.02120308396914,0.0010647972016854534,0.0,5.675636826554846,326,0.1475206408300842,-0.2095577725969725,16510.857966106938
491,92.83112484293228,92.83112484293228,-0.0020454767441509983,0.0,5.675636826554846,326,0.14783239060775846,-0.2215246752849868,16497.011220618344
492,92.61250893178247,92.61250893178247,-0.002357762388219858,0.0,5.675636826554846,326,0.1478323412050629,-0.21376644978906684,16492.169713799878
493,92.92953398463783,92.92953398463783,0.003417288679015727,0.0,5.675636826554846,326,0.14785523949218132,-0.2036434411560763,16497.372751715313
494,93.04822833075569,93.04822833075569,0.0012764360723104913,0.0,5.675636826554846,326,0.14789060141999308,-0.1944402730277951,16496.28757136445
495,92.55993884335767,92.55993884335767,-0.00526152077572163,0.0,5.675636826554846,326,0.1482362662332468,-0.19067288339978267,16452.38732759159
496,92.89268441303162,92.89268441303162,0.0035884736586502012,0.0,5.675636826554846,326,0.14831203882790453,-0.20747707065904653,16454.091145095535
497,93.31627255912113,93.31627255912113,0.004549607963321389,0.0,5.675636826554846,326,0.1480831913562207,-0.19249803121699877,16474.279413900418
498,92.89269552942368,92.89269552942368,-0.0045494882941411775,0.0,5.675636826554846,326,0.14802731472068595,-0.2002907499591148,16469.62359057363
499,93.4012059848308,93.4012059848308,0.00545924170587233,0.0,5.675636826554846,326,0.14801916709465193,-0.20665855168771874,16477.167708645935
500,93.23710537276068,93.23710537276068,-0.0017584884171268265,0.0,5.675636826554846,326,0.14820222775376415,-0.21034799052876735,16470.552107530842
501,93.0416105111129,93.0416105111129,-0.0020989508381862405,0.0,5.675636826554846,326,0.14835979435131103,-0.2109418796246682,16462.806701770915
502,92.50032538069405,92.50032538069405,-0.005834655797962816,0.0,5.675636826554846,326,0.1487369048252046,-0.20130878135729766,16443.870392333196
503,92.58341969712068,92.58341969712068,0.0008979105320625765,0.0,5.675636826554846,326,0.1486529564696215,-0.20874812702256582,16448.10520985084
504,93.32736153261732,93.32736153261732,0.008003256201623135,0.0,5.675636826554846,326,0.14807238735003192,-0.20978557092325506,16480.956108431703
505,94.3473863247483,94.3473863247483,0.010870240645393136,0.0,5.675636826554846,326,0.14713771609162657,-0.1521098630097086,16524.167207446488
506,93.44789226869608,93.44789226869608,-0.009579590515280739,0.0,5.675636826554846,326,0.14769472899251238,-0.19737031018350193,16489.502852901
507,93.91680762296215,93.91680762296215,0.005005386111147079,0.0,5.675636826554846,326,0.14761526340476053,-0.24047643920162376,16497.541369284532
508,93.59059968230638,93.59059968230638,-0.0034794174208112685,0.0,5.675636826554846,326,0.14784471544056907,-0.26775971841774227,16485.253377004552
509,94.57528882267395,94.57528882267395,0.010466276719839547,0.0,5.675636826554846,326,0.14691507294083714,-0.2766930782321573,16525.912039264153
510,94.25567177152728,94.25567177152728,-0.003385221950551972,0.0,5.675636826554846,326,0.1470553472224518,-0.2896702962367678,16516.341340773088
511,94.26862871201588,94.26862871201588,0.00013745644965420593,0.0,5.675636826554846,326,0.14713931135690292,-0.303448940676728,16514.188279444803
512,94.56667547228656,94.56667547228656,0.003156687347771336,0.0,5.675636826554846,326,0.14708489072057163,-0.3080276158546737,16520.3400050166
513,94.68110710206601,94.68110710206601,0.001209331408474266,0.0,5.675636826554846,326,0.1471368143830512,-0.3059470254303565,16520.720423156825
514,95.75983658220444,95.75983658220444,0.01132887704258135,0.0,5.675636826554846,326,0.14638892784455515,-0.28147302104612104,16556.68856822199
515,95.0230662524858,95.0230662524858,-0.007723689926728931,0.0,5.675636826554846,326,0.14704594008578006,-0.31532486258799597,16522.742750496007
516,94.52975293780163,94.52975293780163,-0.005205033937701831,0.0,5.675636826554846,326,0.14792420750875454,-0.29593809708512153,16490.48134980657
517,94.76455785581648,94.76455785581648,0.0024808462278438637,0.0,5.675636826554846,326,0.14787550555910778,-0.3018209206189867,16495.84317257603
518,94.98472778631793,94.98472778631793,0.0023206414565887486,0.0,5.675636826554846,326,0.14788955035442966,-0.29864754690109446,16499.271015314087
519,94.40655246731959,94.40655246731959,-0.006105636060569327,0.0,5.675636826554846,326,0.14825959428856963,-0.2983643766468443,16481.021391099748
520,95.25005895876649,95.25005895876649,0.008895150523640531,0.0,5.675636826554846,326,0.14759335365780799,-0.325704481653574,16516.71583905792
521,95.06900828479348,95.06900828479348,-0.0019026021008885152,0.0,5.675636826554846,326,0.14799776188669003,-0.350597747059247,16502.324175929578
522,95.2853027191611,95.2853027191611,0.0022725466664136277,0.0,5.675636826554846,326,0.14795925995215944,-0.3430176754725632,16507.206616220567
523,94.63258043230695,94.63258043230695,-0.006873758763909481,0.0,5.675636826554846,326,0.14826020520184666,-0.36751448486268234,16488.48608937657
524,94.52786506846168,94.52786506846168,-0.0011071593140389465,0.0,5.675636826554846,326,0.14837119250856207,-0.3627647820146218,16484.46948816395
525,93.45818636105659,93.45818636105659,-0.011380527909652459,0.0,5.675636826554846,326,0.1486221918625616,-0.32775220649910874,16459.916624742305
526,93.71045827312922,93.71045827312922,0.002695665882810958,0.0,5.675636826554846,326,0.14858662385845403,-0.33728662447443686,16463.954499740834
527,92.38483880811913,92.38483880811913,-0.014246914435553721,0.0,5.675636826554846,326,0.1500362415480627,-0.3266814312267379,16387.590136006682
528,92.31077971175722,92.31077971175722,-0.0008019583888842612,0.0,5.675636826554846,326,0.15003599768904313,-0.322478890290814,16386.468665265857
529,92.07510480926173,92.07510480926173,-0.002556323998968072,0.0,5.675636826554846,326,0.150153287009511,-0.32117073478521,16380.001173455725
530,92.2132716214953,92.2132716214953,0.0014994634040115472,0.0,5.675636826554846,326,0.15009848586109154,-0.32252136420876376,16383.559886478499
531,91.93571466293734,91.93571466293734,-0.003014484894442803,0.0,5.675636826554846,326,0.15027066489599195,-0.31907106319749023,16374.381083463792
532,91.3862387507681,91.3862387507681,-0.005994672732185842,0.0,5.675636826554846,326,0.15069260561540337,-0.2864411128687446,16352.869464622652
533,91.71987741434772,91.71987741434772,0.0036442150573922773,0.0,5.675636826554846,326,0.15053161799368192,-0.2556655137219277,16367.606875580792
534,91.5993888194172,91.5993888194172,-0.0013145220876775254,0.0,5.675636826554846,326,0.15054540007735584,-0.26363142977442794,16364.971617684263
535,91.5437816943337,91.5437816943337,-0.000607253075681732,0.0,5.675636826554846,326,0.15073545773579153,-0.2689520061854429,16356.642527534155
536,92.05322813268978,92.05322813268978,0.005549630098512062,0.0,5.675636826554846,326,0.15080848986377784,-0.2908355077204688,16362.735232740217
537,91.92332055690326,91.92332055690326,-0.0014122190931621207,0.0,5.675636826554846,326,0.15082193708581734,-0.28303469785879726,16360.24031867977
538,92.07418993499158,92.07418993499158,0.0016399070997864336,0.0,5.675636826554846,326,0.1508376277363624,-0.2796995251219471,16361.982930083712
539,92.15522179628853,92.15522179628853,0.0008796843648466345,0.0,5.675636826554846,326,0.15077664774446814,-0.2761024393827564,16366.091673437317
540,91.34241351381804,91.34241351381804,-0.008859117962201995,0.0,5.675636826554846,326,0.15163490182651146,-0.2769970645126639,16317.96527723127
541,92.34894284065625,92.34894284065625,0.010959028454036394,0.0,5.675636826554846,326,0.15075151891201966,-0.3234906968527597,16361.657513327946
542,92.10581042854298,92.10581042854298,-0.0026362297377793874,0.0,5.675636826554846,326,0.15094337310952477,-0.3132412847106755,16349.779712807802
543,92.4429742611721,92.4429742611721,0.0036539304046308905,0.0,5.675636826554846,326,0.15091503496546402,-0.3538631108075484,16355.980016431067
544,93.25052731122324,93.25052731122324,0.008697753386274609,0.0,5.675636826554846,326,0.1501249488409912,-0.32340238556578643,16395.02826900516
545,92.53043566856128,92.53043566856128,-0.007752088666785133,0.0,5.675636826554846,326,0.15099501500883222,-0.3521016896900774,16355.01293192286
546,93.16005047283689,93.16005047283689,0.00678136214936688,0.0,5.675636826554846,326,0.1505311818707633,-0.37617534576940875,16381.383693175907
547,92.6806539723546,92.6806539723546,-0.005159231022944627,0.0,5.675636826554846,326,0.15106160026716225,-0.38057969470768793,16355.650936335354
548,92.75063436776009,92.75063436776009,0.0007547852291189651,0.0,5.675636826554846,326,0.15106493082338557,-0.34054028830610844,16357.427495122878
549,92.77206810833547,92.77206810833547,0.00023106326486929449,0.0,5.675636826554846,326,0.1511148188759295,-0.35775184865207876,16356.383232160331
550,93.327454852727,93.327454852727,0.005968724523192576,0.0,5.675636826554846,326,0.15081290545493398,-0.34948375149021366,16375.984264817309
551,92.85025498229447,92.85025498229447,-0.005126294827440403,0.0,5.675636826554846,326,0.151125574854082,-0.3636678880530084,16356.335447112842
552,93.08341789560144,93.08341789560144,0.0025080237690982246,0.0,5.675636826554846,326,0.15116400453228565,-0.3660225289688283,16359.964691279065
553,93.23972587664373,93.23972587664373,0.0016778164488409676,0.0,5.675636826554846,326,0.1511622660664598,-0.3677702548715514,16365.321875345293
554,93.11685398979394,93.11685398979394,-0.0013186752487415357,0.0,5.675636826554846,326,0.15113072452453286,-0.36543406069920287,16362.061716239088
555,93.64725776748789,93.64725776748789,0.005679947808865225,0.0,5.675636826554846,326,0.15130379569473787,-0.3593626533413542,16374.147922884968
556,93.78822065497872,93.78822065497872,0.0015041220077781883,0.0,5.675636826554846,326,0.1513564821063966,-0.36525695446221307,16376.327799945395
557,93.13731248096367,93.13731248096367,-0.006964386234367941,0.0,5.675636826554846,326,0.1519935662752849,-0.35416203333333496,16340.303386933118
558,92.5102182755701,92.5102182755701,-0.006755776259575076,0.0,5.675636826554846,326,0.15283681509575706,-0.3139100082277798,16300.305854774324
559,92.1398273098045,92.1398273098045,-0.0040118209705186075,0.0,5.675636826554846,326,0.1531847385058596,-0.2987679810179948,16281.341021898688
560,92.73173276908514,92.73173276908514,0.006403445522645836,0.0,5.675636826554846,326,0.15301824680955423,-0.30688048465868284,16302.92764500805
561,92.55603326643235,92.55603326643235,-0.0018965046540749466,0.0,5.675636826554846,326,0.15315480823580693,-0.3185618303117032,16296.112325659595
562,92.47154954271214,92.47154954271214,-0.0009132014622763444,0.0,5.675636826554846,326,0.15322471896822182,-0.32041680130281935,16292.338365235617
563,92.08102624999907,92.08102624999907,-0.004232115145697401,0.0,5.675636826554846,326,0.153730719396614,-0.3198364685166234,16269.87958802932
564,91.6890647724328,91.6890647724328,-0.004265787427762491,0.0,5.675636826554846,326,0.1541451501751908,-0.3668462162941832,16248.009985816732
565,91.2917474796122,91.2917474796122,-0.0043427276593323355,0.0,5.675636826554846,326,0.15467980377242743,-0.3243138914674476,16223.77790639476
566,91.79465687156191,91.79465687156191,0.005493697454797456,0.0,5.675636826554846,326,0.15441184414057646,-0.31845859366036644,16244.910812452828
567,91.4435570410143,91.4435570410143,-0.003832172915519739,0.0,5.675636826554846,326,0.15477635627948827,-0.32372672713031886,16225.321139379901
568,91.65566032086703,91.65566032086703,0.0023168135591508502,0.0,5.675636826554846,326,0.1547103737109964,-0.3102517997634076,16231.750550334902
569,92.01238721744188,92.01238721744188,0.003884479090572008,0.0,5.675636826554846,326,0.15472226268559125,-0.3028707389799366,16239.490145924274
570,91.63282668947309,91.63282668947309,-0.004133634199924561,0.0,5.675636826554846,326,0.1551095194942825,-0.31046173933588256,16221.405791832487
571,92.27218871504749,92.27218871504749,0.006953204621474683,0.0,5.675636826554846,326,0.15462472146041864,-0.31751477458136884,16247.192947198542
572,92.36489461632937,92.36489461632937,0.0010041959870645011,0.0,5.675636826554846,326,0.1546372689708839,-0.3169863410168304,16249.099855219258
573,92.62949146192379,92.62949146192379,0.0028605951957437056,0.0,5.675636826554846,326,0.154544913234979,-0.32356486046747296,16257.251749671115
574,93.91744101354739,93.91744101354739,0.013808536002393804,0.0,5.675636826554846,326,0.15402275267228063,-0.23817394463136254,16297.125519980122
575,94.20562474170865,94.20562474170865,0.003063781173564205,0.0,5.675636826554846,326,0.15407986759705863,-0.23889565520601963,16302.138995138688
576,94.00353087664831,94.00353087664831,-0.002147546351472723,0.0,5.675636826554846,326,0.15430826204893291,-0.23800461658755837,16290.236254834768
577,93.58488893135412,93.58488893135412,-0.004463416672958079,0.0,5.675636826554846,326,0.1548241775590115,-0.2351454823318135,16258.524632751352
578,94.18645096100215,94.18645096100215,0.006407411142525255,0.0,5.675636826554846,326,0.15502567306240422,-0.23782649450248622,16264.945276102202
579,94.1313353487347,94.1313353487347,-0.0005853468747821151,0.0,5.675636826554846,326,0.15516320454655153,-0.21318413122736335,16260.47808016445
580,93.49277731645672,93.49277731645672,-0.00680680631834034,0.0,5.675636826554846,326,0.15534144989301593,-0.20723135665788628,16241.94991347437
581,93.17965629421013,93.17965629421013,-0.003354767598595463,0.0,5.675636826554846,326,0.1556946832525749,-0.19239410350188552,16227.458447088817
582,94.35428215791393,94.35428215791393,0.012527238906157404,0.0,5.675636826554846,326,0.15555307678900696,-0.18826061950968417,16265.485488982175
583,94.62975279171856,94.62975279171856,0.0029152814837191702,0.0,5.675636826554846,326,0.15559550819456217,-0.1748258377562947,16271.598741963713
584,93.98219771119972,93.98219771119972,-0.006866559866676882,0.0,5.675636826554846,326,0.15590065455238242,-0.1874082230559273,16250.391775866983
585,94.03414893801727,94.03414893801727,0.0005526245889311845,0.0,5.675636826554846,326,0.15590743734260748,-0.18674342451082876,16251.649142711316
586,94.1229612121194,94.1229612121194,0.0009440225843914109,0.0,5.675636826554846,326,0.15594650723017514,-0.1654941573974151,16252.894928349948
587,93.46155115232155,93.46155115232155,-0.007051891357197497,0.0,5.675636826554846,326,0.15641129528116976,-0.19482973770958853,16224.11680836315
588,93.42298230401114,93.42298230401114,-0.0004127559209386797,0.0,5.675636826554846,326,0.15652535528768516,-0.19387325093232716,16218.441624592317
589,93.40473515215365,93.40473515215365,-0.0001953366680701421,0.0,5.675636826554846,326,0.15661147327425848,-0.19240365681353266,16214.185693313117
590,93.21749694830703,93.21749694830703,-0.00200660194195168,0.0,5.675636826554846,326,0.15693226683356684,-0.18870436370893554,16195.839566009376
591,92.78013507395993,92.78013507395993,-0.004702884393638587,0.0,5.675636826554846,326,0.15688961251475583,-0.1926287126490493,16188.695293608584
592,92.9497396514583,92.9497396514583,0.0018263580362965495,0.0,5.675636826554846,326,0.15685712926194276,-0.18873124591710078,16193.264967432498
593,92.89408748325636,92.89408748325636,-0.0005989132996613442,0.0,5.675636826554846,326,0.15684874895628007,-0.18753792334198838,16192.316443126545
594,93.26507406583822,93.26507406583822,0.003985697728894132,0.0,5.675636826554846,326,0.15692114014871753,-0.18907346381789658,16197.143003333676
595,92.55231896660077,92.55231896660077,-0.007671602569372453,0.0,5.675636826554846,326,0.15753863885899053,-0.1974099793989264,16160.932654396935
596,92.30692943826881,92.30692943826881,-0.0026548812091673865,0.0,5.675636826554846,326,0.15782464509535238,-0.18106199590437544,16145.841836037864
597,91.39884247586286,91.39884247586286,-0.009886399859607525,0.0,5.675636826554846,326,0.15910684439399417,-0.1535477033837276,16084.47942709852
598,91.35193171210537,91.35193171210537,-0.0005133851278745567,0.0,5.675636826554846,326,0.15919326716764892,-0.15244515319605234,16081.158996678272
599,91.28418053918506,91.28418053918506,-0.0007419252982664608,0.0,5.675636826554846,326,0.15925845811485168,-0.14699891851322092,16076.407864230232
600,91.46482435611661,91.46482435611661,0.0019769615256770914,0.0,5.407988090115195,260,0.1953031694716172,-0.09406964370399329,15780.90516366356
601,91.672595431715,91.672595431715,0.002269019242278794,0.0,5.407988090115195,260,0.1952484069290862,-0.07976603697365067,15785.891888611282
602,92.20659371535615,92.20659371535615,0.005808159012524452,0.0,5.407988090115195,260,0.19510961261667847,-0.06263869086983387,15799.420351582443
603,93.54627778245373,93.54627778245373,0.014424620036094927,0.0,5.407988090115195,260,0.19450731674202212,-0.02405592092079519,15844.310056700504
604,94.32747659609898,94.32747659609898,0.008316258101542361,0.0,5.407988090115195,260,0.19425532070379503,0.08313455112679236,15868.980786267253
605,94.04037082011504,94.04037082011504,-0.003048354613048481,0.0,5.407988090115195,260,0.19433218146215253,0.10146909280901072,15861.201800848723
606,93.10530464706304,93.10530464706304,-0.0099930062720113,0.0,5.407988090115195,260,0.19469469050510368,0.13834073787232193,15834.084726157542
607,93.18641389072695,93.18641389072695,0.0008707767519206702,0.0,5.407988090115195,260,0.19466738071680456,0.13735600737139958,15836.565759097277
608,92.84745708963301,92.84745708963301,-0.0036440372324865813,0.0,5.407988090115195,260,0.194872140736595,0.1344818806303639,15822.961554660786
609,92.47328408512043,92.47328408512043,-0.004038118028146048,0.0,5.407988090115195,260,0.19500841001307032,0.14087882662399243,15813.002206051153
610,92.19721062702075,92.19721062702075,-0.002989905498374378,0.0,5.407988090115195,260,0.1951759467869287,0.16826660326524626,15803.806361280866
611,92.16157538560113,92.16157538560113,-0.0003865857726031164,0.0,5.407988090115195,260,0.19519668174349356,0.1789904575209774,15802.496524556547
612,91.97929018845691,91.97929018845691,-0.0019798457677412413,0.0,5.407988090115195,260,0.19534181320566735,0.17663169472323748,15794.444138944746
613,91.22888871236994,91.22888871236994,-0.008191835942756959,0.0,5.407988090115195,260,0.19564920168810473,0.1800170997374993,15774.756213526829
614,91.10354656872771,91.10354656872771,-0.001374875108680734,0.0,5.407988090115195,260,0.19576298057162347,0.18798090926125066,15769.928544121198
615,90.86051632416786,90.86051632416786,-0.0026711910605107412,0.0,5.407988090115195,260,0.1958797697445606,0.1856070292735538,15762.688423141077
616,90.99695457530169,90.99695457530169,0.0015004968017879202,0.0,5.407988090115195,260,0.19585900086827995,0.19073241076615194,15765.440248484821
617,91.13675640647322,91.13675640647322,0.001535156318661899,0.0,5.407988090115195,260,0.19578301759376435,0.17205039632620128,15769.491445049154
618,91.74571707825062,91.74571707825062,0.006659609429046082,0.0,5.407988090115195,260,0.19550246085246348,0.16402484752677463,15786.896390637037
619,92.05978483398741,92.05978483398741,0.0034173956505662625,0.0,5.407988090115195,260,0.19539799817902959,0.1946021436797669,15795.634478932978
620,92.63166778894247,92.63166778894247,0.006192866800828997,0.0,5.407988090115195,260,0.1952705483438756,0.21520669330462502,15810.315134346754
621,93.73642162535205,93.73642162535205,0.01185575041405819,0.0,5.407988090115195,260,0.19491302312086956,0.23908459096052073,15840.426891489375
622,93.70967943718108,93.70967943718108,-0.00028533203092320536,0.0,5.407988090115195,260,0.1949323508832903,0.2331266558031803,15839.371379425505
623,93.4914404767124,93.4914404767124,-0.002331599933139544,0.0,5.407988090115195,260,0.1950610041393608,0.22413904736479873,15831.896160870165
624,93.67807292718668,93.67807292718668,0.001994261874538152,0.0,5.407988090115195,260,0.19501729654950994,0.21143349629214422,15836.866972407546
625,93.65828990380723,93.65828990380723,-0.0002112032405671589,0.0,5.407988090115195,260,0.19505243670365305,0.22761366517750367,15835.59506204549
626,93.67051563926066,93.67051563926066,0.00013052702103489254,0.0,5.407988090115195,260,0.1950534668476001,0.24387896318136254,15835.748155542678
627,92.88999395423966,92.88999395423966,-0.008367539741203696,0.0,5.407988090115195,260,0.19536453628701292,0.2416333529608728,15813.19558566256
628,92.94951751762429,92.94951751762429,0.000640591066438893,0.0,5.407988090115195,260,0.1953559332306103,0.23599512665261638,15814.257067877776
629,92.89721361574559,92.89721361574559,-0.0005628713826782199,0.0,5.407988090115195,260,0.19537977899543238,0.24677166992021793,15812.710448023527
630,92.28738806301543,92.28738806301543,-0.0065861605294730285,0.0,5.407988090115195,260,0.19566685508439013,0.2622181197944003,15794.517187797443
631,91.23951837928364,91.23951837928364,-0.011419372680027412,0.0,5.407988090115195,260,0.19607498430413145,0.28802736409344715,15768.477033585132
632,90.89997188858514,90.89997188858514,-0.0037284268616331238,0.0,5.407988090115195,260,0.196254200161391,0.3056320167244042,15759.185904933196
633,90.708769381717,90.708769381717,-0.0021056539038432054,0.0,5.407988090115195,260,0.19632907358592858,0.285642462701861,15754.547996811778
634,90.98633496811463,90.98633496811463,0.0030552920323230893,0.0,5.407988090115195,260,0.19626595877200168,0.2838430633592685,15760.285940608357
635,90.95346449220148,90.95346449220148,-0.0003613335440436306,0.0,5.407988090115195,260,0.19636134544915396,0.28992073043583877,15756.801398869815
636,91.04392689677415,91.04392689677415,0.000994106688367661,0.0,5.407988090115195,260,0.19637275114995037,0.28630217672137653,15755.081390255384
637,91.85563784420168,91.85563784420168,0.008876087570639879,0.0,5.407988090115195,260,0.19660471233801124,0.2992278556345537,15775.426328260535
638,91.93423223868051,91.93423223868051,0.0008552636686038602,0.0,5.407988090115195,260,0.19662075920139632,0.3142966147990506,15773.617747162152
639,91.15533904546604,91.15533904546604,-0.00850838075138907,0.0,5.407988090115195,260,0.19651021507941183,0.29655515649323166,15751.03650356094
640,91.1491637985968,91.1491637985968,-6.774650955144266e-05,0.0,5.407988090115195,260,0.19658205742761642,0.29029824550011885,15747.601777544522
641,90.56085157408106,90.56085157408106,-0.0064753093433026826,0.0,5.407988090115195,260,0.19669906938559023,0.30606402590971354,15736.954176647141
642,89.9344988644039,89.9344988644039,-0.006940402867946338,0.0,5.407988090115195,260,0.19688560726075208,0.3250180869198411,15723.680957708351
643,90.10184976040135,90.10184976040135,0.0018590795189444708,0.0,5.407988090115195,260,0.19686120797860596,0.3303474430542138,15726.401394797866
644,89.77818841040296,89.77818841040296,-0.003598639433032327,0.0,5.407988090115195,260,0.19705698112099718,0.3368882543713458,15717.148894031143
645,89.1538653865409,89.1538653865409,-0.006978353449684819,0.0,5.407988090115195,260,0.19757196122227233,0.3386930130815911,15697.71563437379
646,89.44758972876807,89.44758972876807,0.003289162530556403,0.0,5.407988090115195,260,0.1975071325904475,0.32682364186173685,15702.847562166447
647,89.00155039848548,89.00155039848548,-0.004999074345426294,0.0,5.407988090115195,260,0.19771528938991934,0.32196630960922523,15692.976315396536
648,89.1444836519763,89.1444836519763,0.0016046754554326285,0.0,5.407988090115195,260,0.19768143341990074,0.31432496086403067,15695.441197049266
649,89.41788650384632,89.41788650384632,0.0030622696739993995,0.0,5.407988090115195,260,0.1975804723457776,0.3176726213059207,15701.018197496249
650,90.53453823258387,90.53453823258387,0.012410680912208644,0.0,5.407988090115195,260,0.19719665512613718,0.31212223729748667,15725.179776753106
651,90.5767503188814,90.5767503188814,0.0004661452899982488,0.0,5.407988090115195,260,0.1972109315983984,0.32766678570338287,15725.487221103682
652,91.39497044622665,91.39497044622665,0.008992887885633573,0.0,5.407988090115195,260,0.19696996698255026,0.31776181522516034,15743.673010843346
653,90.94346366040718,90.94346366040718,-0.0049524140190311495,0.0,5.407988090115195,260,0.19717104652273254,0.2913638157297193,15732.421950079717
654,91.66156133084786,91.66156133084786,0.007865077888539516,0.0,5.407988090115195,260,0.19700121804101356,0.28068738168033125,15747.766506394559
655,91.31767516952823,91.31767516952823,-0.003758749602096658,0.0,5.407988090115195,260,0.19713308310599406,0.2622300184080299,15739.533954341912
656,90.88767239817412,90.88767239817412,-0.004719988468007069,0.0,5.407988090115195,260,0.19727930438600647,0.2564196484972794,15729.407600337194
657,91.07719321546365,91.07719321546365,0.0020830492213919135,0.0,5.407988090115195,260,0.19722558497217826,0.2609270866416524,15733.400353379098
658,91.07256611113003,91.07256611113003,-5.080549490398208e-05,0.0,5.407988090115195,260,0.19724217063055394,0.2607886842129854,15732.882954431781
659,90.8434084279203,90.8434084279203,-0.002519380774569458,0.0,5.407988090115195,260,0.19734099629024623,0.26073814923958727,15727.375842374908
660,90.5993870371972,90.5993870371972,-0.002689790324510126,0.0,5.407988090115195,260,0.19746238359674884,0.26107373202985507,15720.872446896696
661,89.99375820483851,89.99375820483851,-0.006707132786553918,0.0,5.407988090115195,260,0.1978804079999788,0.2564382957814397,15701.879090592685
662,90.20507687500157,90.20507687500157,0.0023453954842638,0.0,5.407988090115195,260,0.19779235176395665,0.2006744446485076,15704.164441616887
663,90.60344618285629,90.60344618285629,0.004406539533995083,0.0,5.407988090115195,260,0.19791411455586727,0.15094553963826424,15712.728871023173
664,90.61222295723724,90.61222295723724,9.686551311440484e-05,0.0,5.407988090115195,260,0.1979782170519278,0.17482727136380694,15709.002493090535
665,90.54870030976375,90.54870030976375,-0.0007012842386901684,0.0,5.407988090115195,260,0.19796749238557634,0.16057124344655677,15703.649784761215
666,91.23685910508274,91.23685910508274,0.007571141346554397,0.0,5.407988090115195,260,0.19768840085368306,0.17074137529479516,15723.738283981595
667,91.02060725252086,91.02060725252086,-0.0023730380803092086,0.0,5.407988090115195,260,0.1976895900899868,0.16244083941929363,15717.763335787493
668,90.71690073666625,90.71690073666625,-0.003342257764315432,0.0,5.407988090115195,260,0.19775218564734753,0.1585969049456358,15708.737918854902
669,90.70004051648903,90.70004051648903,-0.0001858726104552611,0.0,5.407988090115195,260,0.1977903949681484,0.15295264831187003,15707.430513961992
670,91.00612421568192,91.00612421568192,0.003368999495996048,0.0,5.407988090115195,260,0.1976564748389788,0.15237454417845211,15718.152704839027
671,90.83490134419964,90.83490134419964,-0.001883215534652858,0.0,5.407988090115195,260,0.19778920280247425,0.14791517696330875,15710.731617803229
672,90.4125643290128,90.4125643290128,-0.004660344110257019,0.0,5.407988090115195,260,0.19788209600818646,0.14223079179612863,15698.09130655565
673,90.31129349899241,90.31129349899241,-0.0011207246440770296,0.0,5.407988090115195,260,0.1979607142482607,0.14422597855503191,15693.894513690551
674,90.65228867664929,90.65228867664929,0.0037686652435672168,0.0,5.407988090115195,260,0.19790210875673844,0.13800838760616224,15703.586409043912
675,90.99519614574467,90.99519614574467,0.003775531235851323,0.0,5.407988090115195,260,0.19777032028131475,0.15016997141220603,15715.289713290946
676,90.8909370677629,90.8909370677629,-0.0011464215282228868,0.0,5.407988090115195,260,0.19782992745130767,0.14564735329608997,15711.313788298257
677,90.59107697222157,90.59107697222157,-0.003304573954674457,0.0,5.407988090115195,260,0.19793950196323987,0.13985931053929415,15701.043296798485
678,90.71038955937821,90.71038955937821,0.0013161791425430394,0.0,5.407988090115195,260,0.19792925182516402,0.12369670553038253,15704.255833144434
679,91.17250963189763,91.17250963189763,0.005081522990609394,0.0,5.407988090115195,260,0.19777849107553702,0.11216212820345375,15719.692849417863
680,91.05489318958645,91.05489318958645,-0.0012908756512213918,0.0,5.407988090115195,260,0.1978329105704761,0.05501283053110053,15715.394176935644
681,90.94278101014933,90.94278101014933,-0.0012320178717782743,0.0,5.407988090115195,260,0.19789106402153148,0.060173720288838516,15711.05215594701
682,90.28894923582364,90.28894923582364,-0.007215454050207691,0.0,5.407988090115195,260,0.19808903901632624,0.06233155991171689,15690.155310590508
683,91.40671468469331,91.40671468469331,0.012303865990010314,0.0,5.407988090115195,260,0.19755048720033178,0.00013748491972676702,15731.136789552711
684,91.24087712335165,91.24087712335165,-0.001815929849084735,0.0,5.407988090115195,260,0.19763658711686888,-0.012810267958864033,15724.758280106233
685,91.72302964084622,91.72302964084622,0.0052704781191159605,0.0,5.407988090115195,260,0.19754147650078846,-0.01787027430568125,15740.63826143025
686,92.01865236728653,92.01865236728653,0.0032178107687930637,0.0,5.407988090115195,260,0.1975111606848416,-0.0020427843735075788,15749.79822949954
687,91.91628273636734,91.91628273636734,-0.0011131071042185105,0.0,5.407988090115195,260,0.19755215541748145,0.0005290314721903009,15745.838673601456
688,92.02082211285253,92.02082211285253,0.0011366862365999647,0.0,5.407988090115195,260,0.19759583024863228,-0.00010680272448899118,15746.037940444485
689,92.48780551976114,92.48780551976114,0.005061924854458137,0.0,5.407988090115195,260,0.1975144891234296,0.0023837084498124187,15760.427776339024
690,92.77245035421309,92.77245035421309,0.0030729209251830866,0.0,5.407988090115195,260,0.19743054064136883,-0.04008439374531737,15768.107918310609
691,92.46704508909454,92.46704508909454,-0.0032974128018270223,0.0,5.407988090115195,260,0.19736553868416032,-0.08687118463760844,15761.513385869424
692,92.90732522783964,92.90732522783964,0.004750181655357702,0.0,5.407988090115195,260,0.19720871211557087,-0.10654661563433862,15776.656751403945
693,93.7385052483228,93.7385052483228,0.008906553260994862,0.0,5.407988090115195,260,0.19740907805833796,-0.06935868949494758,15786.7393479566
694,93.46378412312914,93.46378412312914,-0.0029350209693265418,0.0,5.407988090115195,260,0.19758166775928482,-0.08869615904578475,15774.932621927219
695,93.60738087097981,93.60738087097981,0.001535210154471797,0.0,5.407988090115195,260,0.1975620485747912,-0.09102156933207116,15779.306696791311
696,92.95250919686929,92.95250919686929,-0.007020526905707151,0.0,5.407988090115195,260,0.1977685787509802,-0.09691941526287529,15756.551172239779
697,92.96101289082831,92.96101289082831,9.148010181794347e-05,0.0,5.407988090115195,260,0.19776972946584243,-0.10500578401815025,15756.748871627802
698,92.9956736171776,92.9956736171776,0.00037278279583868114,0.0,5.407988090115195,260,0.1977928682468916,-0.10079900575575956,15757.233692003245
699,93.6482257443971,93.6482257443971,0.006992511283134205,0.0,5.407988090115195,260,0.1976157241657655,-0.10590891317607898,15779.874613335383
700,94.20691403492432,94.20691403492432,0.005948093178319714,0.0,5.407988090115195,260,0.19736445274668052,-0.08025574152631104,15802.100441950515
701,93.66273924222098,93.66273924222098,-0.005793126299002534,0.0,5.407988090115195,260,0.1975804012994235,-0.14548991347232573,15780.882072395661
702,93.75003707472716,93.75003707472716,0.0009316103259934108,0.0,5.407988090115195,260,0.1975667480583559,-0.14686133640959514,15783.712798176435
703,94.19121417435068,94.19121417435068,0.004694849130198989,0.0,5.407988090115195,260,0.19747725913449246,-0.14076152448171309,15799.132592805723
704,94.26038439320067,94.26038439320067,0.0007340900526396537,0.0,5.407988090115195,260,0.1974651189484539,-0.16964767720314491,15801.534560928481
705,94.10114281387844,94.10114281387844,-0.0016908083048641017,0.0,5.407988090115195,260,0.19754620399613199,-0.16174879757788296,15794.817516831416
706,94.67168253212941,94.67168253212941,0.006044741391619403,0.0,5.407988090115195,260,0.19740709030643114,-0.15859637507713703,15816.066117109216
707,94.18348778661127,94.18348778661127,-0.0051700552558449535,0.0,5.407988090115195,260,0.19756741323386573,-0.18011462865245179,15797.134497481211
708,93.85120125002948,93.85120125002948,-0.003534314696689758,0.0,5.407988090115195,260,0.19771380756515713,-0.15714914494915683,15783.676002644192
709,94.22200381591755,94.22200381591755,0.003943177830298346,0.0,5.407988090115195,260,0.19760697505022962,-0.18702115274438427,15797.377297579338
710,94.4796329144163,94.4796329144163,0.002730546094180538,0.0,5.407988090115195,260,0.19752272249233074,-0.20098675547544345,15807.262810499698
711,94.90606458670537,94.90606458670537,0.004503322041545412,0.0,5.407988090115195,260,0.19743430324771868,-0.18971970899997537,15823.015273920322
712,94.7480108735631,94.7480108735631,-0.0016667582739702757,0.0,5.407988090115195,260,0.19749611140122383,-0.1664530078434535,15816.489231992426
713,94.14229832517249,94.14229832517249,-0.006413400741675269,0.0,5.407988090115195,260,0.19772192563287544,-0.1132128899798676,15792.20049133626
714,94.55675075672927,94.55675075672927,0.004392741776058619,0.0,5.407988090115195,260,0.197699539201407,-0.11287980239721197,15804.535644863388
715,93.70672587294564,93.70672587294564,-0.009030223761531212,0.0,5.407988090115195,260,0.19793483053265373,-0.1568355343788682,15772.934744013248
716,93.19672233860047,93.19672233860047,-0.005457414563796066,0.0,5.407988090115195,260,0.19796932365545114,-0.10008096635353374,15752.608469645225
717,93.18239301228517,93.18239301228517,-0.00015376536492881635,0.0,5.407988090115195,260,0.19799786702477248,-0.09674631271391672,15748.033853892906
718,92.42960441470166,92.42960441470166,-0.008111466236526577,0.0,5.407988090115195,260,0.19830186670688016,-0.08810163329051396,15722.818228497088
719,92.43288683163492,92.43288683163492,3.551198419401206e-05,0.0,5.407988090115195,260,0.19835504057721745,-0.09409389946855862,15720.047315303103
720,92.70014436865465,92.70014436865465,0.002887196530405459,0.0,5.407988090115195,260,0.19830418625849966,-0.11280048797785733,15725.742669149851
721,92.81343158120809,92.81343158120809,0.0012213362397397146,0.0,5.407988090115195,260,0.1982517541017856,-0.10452304685849266,15728.987015468168
722,92.92886522328764,92.92886522328764,0.001242944218163382,0.0,5.407988090115195,260,0.1982342030769347,-0.11057468411862723,15731.551476917932
723,93.43754146777965,93.43754146777965,0.005458896983816012,0.0,5.407988090115195,260,0.1978773590895884,-0.10513176870723526,15749.782203155895
724,94.41513250720291,94.41513250720291,0.010408154900315618,0.0,5.407988090115195,260,0.19728126347003688,-0.05909817328442491,15783.636755326666
725,95.06723676156977,95.06723676156977,0.006883034357209714,0.0,5.407988090115195,260,0.19708468440091803,-0.003261725901000073,15803.247311547524
726,95.47582350974582,95.47582350974582,0.004288661826281921,0.0,5.407988090115195,260,0.19694141277364693,0.030167362121432204,15816.035573172243
727,95.5231106310116,95.5231106310116,0.0004951558755514449,0.0,5.407988090115195,260,0.19694625050442913,0.019179400720327963,15817.057944629158
728,96.54899058527651,96.54899058527651,0.010682339634094627,0.0,5.407988090115195,260,0.19663335785792754,0.011755358212242968,15850.074475219566
729,96.53408893040273,96.53408893040273,-0.00015435485015824845,0.0,5.407988090115195,260,0.19665286606685214,0.005269217559674045,15849.194076436359
730,96.53664018103908,96.53664018103908,2.642814525258436e-05,0.0,5.407988090115195,260,0.19666933279180618,0.011343308320277426,15848.903309031544
731,96.88590596101501,96.88590596101501,0.0036114317234332794,0.0,5.407988090115195,260,0.1965966895593659,-0.003321052487262168,15860.04550006032
732,96.59410368861688,96.59410368861688,-0.0030163580637750033,0.0,5.407988090115195,260,0.19667535025629937,-0.02105224540398458,15850.40340078721
733,96.71178294048315,96.71178294048315,0.0012175445709990743,0.0,5.407988090115195,260,0.19666511852270266,-0.01694535733517788,15853.82598817488
734,96.87706306321265,96.87706306321265,0.0017075380767038963,0.0,5.407988090115195,260,0.19665197109184807,-0.022466883925089217,15858.637044040464
735,96.5208005124604,96.5208005124604,-0.0036842491137025852,0.0,5.407988090115195,260,0.19675328208961865,-0.01987698935021811,15846.658252637613
736,96.9480350597764,96.9480350597764,0.004416579450928744,0.0,5.407988090115195,260,0.19665997077530026,-0.03927691353122733,15860.287755855463
737,97.02745468821718,97.02745468821718,0.000818862558169175,0.0,5.407988090115195,260,0.19664775677663787,-0.03993206594414052,15862.72012805763
738,97.48991563381206,97.48991563381206,0.00475496677927752,0.0,5.407988090115195,260,0.19657991941686487,-0.040775307456401545,15877.429909936827
739,97.92202500994267,97.92202500994267,0.004422555540966917,0.0,5.407988090115195,260,0.19654422534369242,-0.024806224834663708,15891.20632821412
740,98.04635763859771,98.04635763859771,0.0012689051535477423,0.0,5.407988090115195,260,0.19661097897514007,-0.029504167455854907,15892.824399500982
741,98.2162152334675,98.2162152334675,0.0017309223535919276,0.0,5.407988090115195,260,0.19661173816050995,-0.04609705902403414,15893.289837579609
742,97.91994268942439,97.91994268942439,-0.0030210928216464383,0.0,5.407988090115195,260,0.19680539500523983,0.025820091380131534,15875.591754112245
743,97.99688995579041,97.99688995579041,0.0007855095377321987,0.0,5.407988090115195,260,0.19680646031722504,0.06040985707582201,15873.794639237147
744,98.10089822593234,98.10089822593234,0.0010607797350424832,0.0,5.407988090115195,260,0.19682450713608104,0.07197454258034407,15872.995923333776
745,97.93022126281605,97.93022126281605,-0.0017413256292047794,0.0,5.407988090115195,260,0.19673986970510107,0.0648798430569144,15867.54781808615
746,98.01650789055867,98.01650789055867,0.0008807152198238785,0.0,5.407988090115195,260,0.19675897539638798,0.06995813597157448,15869.120195436028
747,97.82483261069046,97.82483261069046,-0.0019574553623870512,0.0,5.407988090115195,260,0.19675367164671756,0.07034187459189348,15863.390778219507
748,98.43352146150724,98.43352146150724,0.0062029543189130185,0.0,5.407988090115195,260,0.19679530519372848,0.05496593420582733,15881.163074570635
749,98.19384533674071,98.19384533674071,-0.002437872686526888,0.0,5.407988090115195,260,0.196868718679844,0.031597111868485336,15871.89692731301
750,97.36775709834663,97.36775709834663,-0.0084484187249392,0.0,5.407988090115195,260,0.19714745192412642,0.06397933387027241,15840.103383902115
751,97.20152846291123,97.20152846291123,-0.0017086836228987943,0.0,5.407988090115195,260,0.19717728479872929,0.09746571530954556,15834.487758735326
752,97.04219259496462,97.04219259496462,-0.0016405771349155367,0.0,5.407988090115195,260,0.19724271277802446,0.07586042857854525,15828.417085269915
753,97.61773376857292,97.61773376857292,0.0059133162274632115,0.0,5.407988090115195,260,0.1971936811275994,0.09370787161586912,15846.671579188493
754,97.83725829118607,97.83725829118607,0.0022462932525462633,0.0,5.407988090115195,260,0.19716860345482168,0.10436270707982875,15853.94234908103
755,98.18149500696273,98.18149500696273,0.003512287103805255,0.0,5.407988090115195,260,0.1971554459901579,0.1123567870370451,15865.0320844262
756,97.88241785788584,97.88241785788584,-0.003050815182435631,0.0,5.407988090115195,260,0.19721454636165,0.10207241234061147,15854.299132339982
757,97.20198459377819,97.20198459377819,-0.006975811646872673,0.0,5.407988090115195,260,0.19732144500378776,0.12306153461818013,15831.290059938829
758,97.29199913056573,97.29199913056573,0.0009256280476218576,0.0,5.407988090115195,260,0.19731773471026376,0.12390696368243824,15834.002569170441
759,96.3841249529607,96.3841249529607,-0.009375247792797931,0.0,5.407988090115195,260,0.19754212197517595,0.08716701101502285,15803.096889798973
760,95.96542901395233,95.96542901395233,-0.004353496971178775,0.0,5.407988090115195,260,0.1977033249143286,0.15567202802569863,15787.95118816282
761,95.48076000662674,95.48076000662674,-0.005063250882556685,0.0,5.407988090115195,260,0.1979082796728481,0.18074375332299938,15770.596264878102
762,94.86186176024613,94.86186176024613,-0.00650301463427733,0.0,5.407988090115195,260,0.19820932630816837,0.2010206998837744,15748.463468031905
763,94.58914868723497,94.58914868723497,-0.0028789845008834534,0.0,5.407988090115195,260,0.19838844742041714,0.21714949682683368,15738.172578080887
764,94.03431295408618,94.03431295408618,-0.005883015066656662,0.0,5.407988090115195,260,0.19868610624955466,0.22613755441325067,15718.854809726252
765,94.1481791919102,94.1481791919102,0.0012101683894395767,0.0,5.407988090115195,260,0.19864692292245095,0.22870113351053534,15722.294935066066
766,94.21218976403856,94.21218976403856,0.0006796607476109614,0.0,5.407988090115195,260,0.1986140155968454,0.2614859102594582,15724.431093072619
767,94.36125970920997,94.36125970920997,0.0015810282586410328,0.0,5.407988090115195,260,0.19858635034828054,0.2523359823760682,15728.229358503046
768,94.86666211497197,94.86666211497197,0.0053417445233434014,0.0,5.407988090115195,260,0.19839648681452074,0.2676049182096395,15742.177279276859
769,94.78416320458508,94.78416320458508,-0.0008700085059118134,0.0,5.407988090115195,260,0.19846905291030292,0.2577160830842187,15734.630591041141
770,94.58641471843012,94.58641471843012,-0.0020884823841319806,0.0,5.407988090115195,260,0.19853124917298587,0.2499184814526934,15725.558814431946
771,94.02895871047623,94.02895871047623,-0.00591105190387859,0.0,5.407988090115195,260,0.19881662635536404,0.2632491051482932,15703.959830260148
772,93.79082000883595,93.79082000883595,-0.0025358227006185433,0.0,5.407988090115195,260,0.19891362724109893,0.2660899224674106,15695.401258938922
773,93.75867337577245,93.75867337577245,-0.00034280693376651634,0.0,5.407988090115195,260,0.1989592462143353,0.29931524330507636,15692.898154806504
774,93.80566880520182,93.80566880520182,0.0005011126301124584,0.0,5.407988090115195,260,0.19895718711145965,0.33896122026466224,15693.952672359654
775,94.27714514048107,94.27714514048107,0.005013507751661814,0.0,5.407988090115195,260,0.19891077637045784,0.3131567920062692,15705.584748315478
776,94.91519619529198,94.91519619529198,0.006745024342254299,0.0,5.407988090115195,260,0.19878142595857512,0.33701155782035047,15724.40814225665
777,95.53040733065278,95.53040733065278,0.006460776872371972,0.0,5.407988090115195,260,0.19873448983470376,0.35638979324061004,15741.663717056963
778,96.6037670957836,96.6037670957836,0.011173139133058643,0.0,5.407988090115195,260,0.19892093705075894,0.3948050261415242,15768.08939233221
779,96.36692395526937,96.36692395526937,-0.0024547070661432775,0.0,5.407988090115195,260,0.19889368201410987,0.3650921190304769,15761.75669267163
780,96.64853619963372,96.64853619963372,0.002918029923233079,0.0,5.407988090115195,260,0.19891932762357373,0.3582528145895917,15769.442216508049
781,96.69497103880735,96.69497103880735,0.0004803351374934891,0.0,5.407988090115195,260,0.1989547620289815,0.3576748319832402,15770.034085656585
782,96.0893755025718,96.0893755025718,-0.0062826421240508665,0.0,5.407988090115195,260,0.19888733725660632,0.34255261613172794,15753.748617571966
783,95.03558082419852,95.03558082419852,-0.011027396708026953,0.0,5.407988090115195,260,0.1988453346205128,0.33562899106330096,15725.963981755465
784,94.57787699578358,94.57787699578358,-0.004827766158210416,0.0,5.407988090115195,260,0.19895171729708927,0.34631870721126196,15712.113993110597
785,94.32378775532976,94.32378775532976,-0.0026901763309136913,0.0,5.407988090115195,260,0.19905119112290545,0.34343144792610025,15703.589122603635
786,94.7814314051143,94.7814314051143,0.004840104839370304,0.0,5.407988090115195,260,0.19904833694884205,0.3295018772396968,15715.100864871187
787,94.82455867770895,94.82455867770895,0.00045491467141481866,0.0,5.407988090115195,260,0.19907027769157828,0.32643173041069573,15715.683993175853
788,93.96121175877076,93.96121175877076,-0.009146377246849134,0.0,5.407988090115195,260,0.19919523227492011,0.3307290872133593,15691.919427189569
789,94.71457318087685,94.71457318087685,0.007985819971963497,0.0,5.407988090115195,260,0.19906736673973965,0.2543420641932463,15713.29829212178
790,95.13702984204427,95.13702984204427,0.004450395484747223,0.0,5.407988090115195,260,0.19904483640662293,0.2798957559542417,15724.647517362706
791,94.91361978086888,94.91361978086888,-0.0023510591994978956,0.0,5.407988090115195,260,0.19908294605625013,0.2828440198092751,15717.965679122539
792,95.61591729237215,95.61591729237215,0.007372092568735264,0.0,5.407988090115195,260,0.1990570058571779,0.2633520070781168,15737.423685096013
793,95.12152105406668,95.12152105406668,-0.005184061921057008,0.0,5.407988090115195,260,0.1990647869135301,0.22871301873998398,15723.540605275099
794,94.4346299188032,94.4346299188032,-0.007247394909634046,0.0,5.407988090115195,260,0.19912718204987914,0.25116624852803426,15701.254814875278
795,94.17219460777326,94.17219460777326,-0.002782884246703462,0.0,5.407988090115195,260,0.19934203147615046,0.2750743907063437,15681.696817351632
796,94.31509337587632,94.31509337587632,0.0015162698451405396,0.0,5.407988090115195,260,0.19932605383033006,0.27114376957701913,15682.843788053055
797,94.38575489459646,94.38575489459646,0.000748926384492334,0.0,5.407988090115195,260,0.19933916707090732,0.2680444245060455,15681.35673708191
798,94.62496604535231,94.62496604535231,0.0025311926993749185,0.0,5.407988090115195,260,0.19926083199483682,0.2552106411057614,15687.167185325981
799,94.6521233509074,94.6521233509074,0.0002869581926483383,0.0,5.407988090115195,260,0.1992815501959945,0.2546923375647208,15686.372227242184
800,94.05268519451697,94.05268519451697,-0.0063532050643605,0.0,5.135983148244969,207,0.25980177495708673,0.24204929351503954,14652.63662061376
801,95.28952799150639,95.28952799150639,0.013064813906200182,0.0,5.135983148244969,207,0.25959037010743374,0.16641174289780525,14674.502446913453
802,95.17559243094277,95.17559243094277,-0.0011963930603263574,0.0,5.135983148244969,207,0.2596512513038309,0.1630108511930898,14671.587371774429
803,95.10275213916637,95.10275213916637,-0.0007656183418985155,0.0,5.135983148244969,207,0.25970749174616325,0.16200068467794024,14669.241248438002
804,95.0489797323944,95.0489797323944,-0.000565573688717803,0.0,5.135983148244969,207,0.2597574649725068,0.1635391476088338,14667.348102420981
805,95.16401326597254,95.16401326597254,0.0012095235534528585,0.0,5.135983148244969,207,0.25974548699171407,0.16446998321403258,14669.30607589572
806,96.01226257467309,96.01226257467309,0.008874060042487381,0.0,5.135983148244969,207,0.25948764863566404,0.1668584015194627,14687.789149605107
807,95.67530285869502,95.67530285869502,-0.00351572166189384,0.0,5.135983148244969,207,0.2595930425324099,0.1544779266822177,14680.194885977742
808,95.90491590191876,95.90491590191876,0.0023970444824850078,0.0,5.135983148244969,207,0.2595203177721286,0.16087476525371433,14685.242272221672
809,96.19858308146424,96.19858308146424,0.0030573873964494813,0.0,5.135983148244969,207,0.2594502523003987,0.1556315236194504,14691.199002766225
810,95.42343846499895,95.42343846499895,-0.00809039418603472,0.0,5.135983148244969,207,0.2597331973439176,0.1325436244386362,14673.290216276122
811,95.10385484151851,95.10385484151851,-0.003354731153276896,0.0,5.135983148244969,207,0.2598253200472626,0.14556905283807403,14666.341012954399
812,93.9883619031926,93.9883619031926,-0.011798538276504202,0.0,5.135983148244969,207,0.2604330874793117,0.15882741151588853,14637.717267534928
813,93.95873780266754,93.95873780266754,-0.00031523871149638234,0.0,5.135983148244969,207,0.26047102575830017,0.1500983679621129,14636.434418175122
814,92.88234065417822,92.88234065417822,-0.011522188439157125,0.0,5.135983148244969,207,0.26101290322140425,0.13149652443226706,14610.278580329596
815,93.03852896892641,93.03852896892641,0.0016801594334974823,0.0,5.135983148244969,207,0.2609602436458588,0.12248701439695982,14613.269480691135
816,92.46431203341244,92.46431203341244,-0.006190943130016832,0.0,5.135983148244969,207,0.26128289135559546,0.10624331412832541,14599.12256846524
817,92.3192172237688,92.3192172237688,-0.0015704304387618542,0.0,5.135983148244969,207,0.2613567593178229,0.1165044987816847,14595.844151554968
818,92.16388736398689,92.16388736398689,-0.00168394712171036,0.0,5.135983148244969,207,0.2614632789669337,0.12583443492229057,14591.69732142893
819,92.09840527203494,92.09840527203494,-0.0007107487242427079,0.0,5.135983148244969,207,0.2614937403293357,0.11279256608298414,14590.183916548149
820,91.86774775006232,91.86774775006232,-0.002507609568934871,0.0,5.135983148244969,207,0.2616287166066431,0.10401304848763074,14583.930666117241
821,91.99377545861562,91.99377545861562,0.0013708983379617115,0.0,5.135983148244969,207,0.26162519632748693,0.08693842916727788,14583.717937812502
822,92.13668534291932,92.13668534291932,0.001552268021023299,0.0,5.135983148244969,207,0.261627241082567,0.08240022087178162,14584.125497790443
823,91.73732579335991,91.73732579335991,-0.004343845821938591,0.0,5.135983148244969,207,0.26178749410933705,0.06935438858508505,14574.358825249083
824,91.52148063684602,91.52148063684602,-0.002355633112852553,0.0,5.135983148244969,207,0.2618541767060695,0.08045849010192584,14567.85325277194
825,91.09198321024596,91.09198321024596,-0.004703905281672111,0.0,5.135983148244969,207,0.26205940444079073,0.0833799327476725,14556.153648575279
826,92.38617876007729,92.38617876007729,0.014107586434548161,0.0,5.135983148244969,207,0.26180979872972115,0.039603663231266455,14578.803401393632
827,92.39549982233103,92.39549982233103,0.00010088729935956151,0.0,5.135983148244969,207,0.2618196287811199,0.037040729463435194,14578.423003031474
828,92.0699178588637,92.0699178588637,-0.0035300091003368232,0.0,5.135983148244969,207,0.26192867934968167,0.037929343236286404,14571.5336432776
829,92.00246105412523,92.00246105412523,-0.0007329378601681509,0.0,5.135983148244969,207,0.26199949716993326,0.037994813751331485,14568.968634835412
830,91.2492152282876,91.2492152282876,-0.008220935091892966,0.0,5.135983148244969,207,0.2623728201933645,0.03357846005407956,14551.118464248108
831,91.52064874770991,91.52064874770991,0.0029702240081769856,0.0,5.135983148244969,207,0.26222914209599985,0.013000009228182018,14557.42189826447
832,91.43778200627526,91.43778200627526,-0.0009058532778146166,0.0,5.135983148244969,207,0.262282267450671,0.012277278866873704,14555.09764698164
833,91.33300921349424,91.33300921349424,-0.0011464939617356186,0.0,5.135983148244969,207,0.2623871186860749,0.012415200154276752,14551.422614124249
834,92.12650933069295,92.12650933069295,0.00865046492719152,0.0,5.135983148244969,207,0.2620204215548826,0.006329986341149376,14569.688255814463
835,91.85871346909796,91.85871346909796,-0.0029110604279451034,0.0,5.135983148244969,207,0.2622091021629147,-0.026430387122792953,14561.86418645506
836,91.12590210653896,91.12590210653896,-0.008009583515491291,0.0,5.135983148244969,207,0.26259351915922574,-0.044373728551811736,14544.405282311804
837,90.86203197359139,90.86203197359139,-0.002899866072915195,0.0,5.135983148244969,207,0.26282367942752427,-0.08392045555620917,14536.385229658676
838,90.96375855588681,90.96375855588681,0.001118945696460474,0.0,5.135983148244969,207,0.2627850473387983,-0.08291531255445636,14538.200593880209
839,91.63260384363431,91.63260384363431,0.007325975943460222,0.0,5.135983148244969,207,0.2623457113622965,-0.06652573012067634,14555.785912840927
840,92.77052634243462,92.77052634243462,0.012341839769646786,0.0,5.135983148244969,207,0.2618550428758618,-0.007740796390421348,14582.024273276671
841,91.74871322217736,91.74871322217736,-0.01107552326678257,0.0,5.135983148244969,207,0.26249108220603096,-0.07000889322816638,14553.633238033923
842,92.39768101815075,92.39768101815075,0.007048419116611619,0.0,5.135983148244969,207,0.2622118174760279,-0.13611510559943787,14568.441596346911
843,92.59298380002693,92.59298380002693,0.0021114887567908413,0.0,5.135983148244969,207,0.2621280728122675,-0.15603353011163945,14572.969502321881
844,91.95235984814832,91.95235984814832,-0.006942754690891677,0.0,5.135983148244969,207,0.26236557939865435,-0.16739922833814785,14559.197997635718
845,92.32214888909358,92.32214888909358,0.004013463824768534,0.0,5.135983148244969,207,0.2621209441957962,-0.17461025716514683,14569.601145488583
846,92.24215806800424,92.24215806800424,-0.0008668071028098707,0.0,5.135983148244969,207,0.2622162874808433,-0.18056489484244345,14566.26151060206
847,92.5862887513592,92.5862887513592,0.003723789134597464,0.0,5.135983148244969,207,0.2621386321483436,-0.17620862319551578,14572.891710370055
848,93.09464797240838,93.09464797240838,0.0054756347116527845,0.0,5.135983148244969,207,0.262072768947228,-0.130418841561966,14581.845883904633
849,92.19657528964862,92.19657528964862,-0.009693710251864395,0.0,5.135983148244969,207,0.262270363952674,-0.1773343339987013,14560.403143876367
850,91.4879197360654,91.4879197360654,-0.007716046685793945,0.0,5.135983148244969,207,0.2624930985591159,-0.13702744505453374,14542.313108916218
851,91.90149678666924,91.90149678666924,0.004510377529733351,0.0,5.135983148244969,207,0.2624299768697716,-0.14641744285404903,14548.174800334993
852,92.2297948336406,92.2297948336406,0.0035659163845782227,0.0,5.135983148244969,207,0.26234619966628475,-0.12083135513513078,14554.21134477182
853,91.85382047418268,91.85382047418268,-0.004084827230447127,0.0,5.135983148244969,207,0.2624180088200298,-0.14436280968081358,14548.131156155341
854,91.33049258009886,91.33049258009886,-0.005713691408207694,0.0,5.135983148244969,207,0.26256374022404266,-0.14412603019846787,14539.04983624671
855,91.60170121382237,91.60170121382237,0.002965129612280046,0.0,5.135983148244969,207,0.26240313855457165,-0.1505606334199744,14545.622120239668
856,91.7464795636811,91.7464795636811,0.0015792726094777327,0.0,5.135983148244969,207,0.262367641744116,-0.14818707686690602,14548.017029623174
857,91.8892659496275,91.8892659496275,0.0015551048007881863,0.0,5.135983148244969,207,0.2623355909700104,-0.14771040522159032,14550.52529127485
858,91.63711559441887,91.63711559441887,-0.0027478394304390054,0.0,5.135983148244969,207,0.26243685309546755,-0.15166363271504016,14545.267392478183
859,91.38440931285464,91.38440931285464,-0.002761494226254886,0.0,5.135983148244969,207,0.262607349785062,-0.1462555190807425,14538.601155155022
860,90.50349649209012,90.50349649209012,-0.009686402233224535,0.0,5.135983148244969,207,0.2629417650551166,-0.09377942559990082,14522.21766137249
861,90.2069001466093,90.2069001466093,-0.003282562789101445,0.0,5.135983148244969,207,0.2631682207431289,-0.08803373828726847,14513.9970833805
862,89.59342306749738,89.59342306749738,-0.00682400841997504,0.0,5.135983148244969,207,0.2634470856016443,-0.07883634220999154,14501.71784602778
863,89.92454885436864,89.92454885436864,0.0036890586369120394,0.0,5.135983148244969,207,0.26326562302130146,-0.09250883176267427,14509.000050080294
864,90.00651286849892,90.00651286849892,0.0009110602584661961,0.0,5.135983148244969,207,0.2632495602757936,-0.08820395976026768,14510.148388085956
865,89.68699473545092,89.68699473545092,-0.0035562605911990805,0.0,5.135983148244969,207,0.26346917104519846,-0.10217146006490016,14501.986706840766
866,89.34616480451754,89.34616480451754,-0.003807454926806511,0.0,5.135983148244969,207,0.26363919240780853,-0.09034696929549202,14495.00499167365
867,88.96678917912705,88.96678917912705,-0.004255172597895688,0.0,5.135983148244969,207,0.2639090938531715,-0.08107457154880351,14485.316648411072
868,88.89906667098589,88.89906667098589,-0.0007615009760032157,0.0,5.135983148244969,207,0.2639563552670723,-0.09131392390478855,14483.659148331064
869,88.81060741682967,88.81060741682967,-0.0009955480692472036,0.0,5.135983148244969,207,0.26403921045605316,-0.07538912966618555,14480.931009759663
870,87.57926951981577,87.57926951981577,-0.013961775137115766,0.0,5.135983148244969,207,0.2646563016946778,-0.07993557819259567,14457.051181205376
871,87.72202019720712,87.72202019720712,0.0016286327291141535,0.0,5.135983148244969,207,0.26458046387021633,-0.11123840667399004,14459.921550061734
872,87.56516827170104,87.56516827170104,-0.001789656948016082,0.0,5.135983148244969,207,0.2646783429866549,-0.11375338417593968,14456.431640703013
873,87.07631682759471,87.07631682759471,-0.005598357350318298,0.0,5.135983148244969,207,0.26509301574617666,-0.10562315687088716,14442.272325810796
874,86.73559488009195,86.73559488009195,-0.003920587266909747,0.0,5.135983148244969,207,0.26539285957085185,-0.08768820995450699,14428.393420959053
875,85.94350102593405,85.94350102593405,-0.00917423624033519,0.0,5.135983148244969,207,0.26567449920669933,-0.06376761355332096,14408.152803932291
876,85.91222462240087,85.91222462240087,-0.0003639844265938248,0.0,5.135983148244969,207,0.2657503909522269,-0.0700000337831851,14404.45049208052
877,86.22562674172559,86.22562674172559,0.003641296357835314,0.0,5.135983148244969,207,0.2656872354883691,-0.06680628991580748,14407.77435107007
878,86.01426613945547,86.01426613945547,-0.0024542596355212024,0.0,5.135983148244969,207,0.26583632097379195,-0.0702205407388438,14400.753638531442
879,86.24724460133075,86.24724460133075,0.002704940911365043,0.0,5.135983148244969,207,0.2657771719970879,-0.07219006189925896,14404.00324828623
880,85.81382874822923,85.81382874822923,-0.005037941021393253,0.0,5.135983148244969,207,0.2659878121777865,-0.07815114210036614,14394.010246812693
881,85.53077476402255,85.53077476402255,-0.003303917787736618,0.0,5.135983148244969,207,0.2661242585904925,-0.07749942424447652,14387.579504077396
882,85.13802380371439,85.13802380371439,-0.0046025009481291575,0.0,5.135983148244969,207,0.2664711082379437,-0.06847761206746876,14375.701386020883
883,85.26776617058152,85.26776617058152,0.001522746286458663,0.0,5.135983148244969,207,0.2664166796889606,-0.07580665300189358,14378.145667852943
884,85.31098090946736,85.31098090946736,0.0005066837522272733,0.0,5.135983148244969,207,0.2664240247695753,-0.07543260319926476,14378.566595059094
885,85.49483002130209,85.49483002130209,0.002152727496012971,0.0,5.135983148244969,207,0.2663582033750488,-0.04118208678162349,14382.256813391594
886,85.39489174630681,85.39489174630681,-0.0011696231388837108,0.0,5.135983148244969,207,0.26648422408936034,-0.06182748057647748,14378.33506274023
887,85.86838319749506,85.86838319749506,0.005529412627853173,0.0,5.135983148244969,207,0.2662455522296361,-0.05755578964131583,14388.948371475508
888,85.25488974702853,85.25488974702853,-0.007170223761196727,0.0,5.135983148244969,207,0.2667066606839889,-0.08062380502484158,14369.148000019844
889,85.34036713007671,85.34036713007671,0.0010021074649564253,0.0,5.135983148244969,207,0.26667695188631296,-0.08645479340175216,14370.551065132277
890,85.08687809726112,85.08687809726112,-0.00297474995159806,0.0,5.135983148244969,207,0.26692886362427454,-0.07289394299851033,14362.192323639196
891,84.68037695507958,84.68037695507958,-0.004788931987419219,0.0,5.135983148244969,207,0.2671419698629172,-0.06999928549680598,14351.027507965819
892,84.22904735517545,84.22904735517545,-0.005344055559609327,0.0,5.135983148244969,207,0.2675644276619817,-0.060420357423189956,14337.135283263382
893,85.1901561312826,85.1901561312826,0.011346046573502418,0.0,5.135983148244969,207,0.26713166370084196,-0.0840030372751504,14359.961769812528
894,85.3854492637551,85.3854492637551,0.002289814154270058,0.0,5.135983148244969,207,0.2670091986825729,-0.05242416296622929,14364.815542311842
895,85.77691293473305,85.77691293473305,0.004574187321386183,0.0,5.135983148244969,207,0.26685908301369277,-0.04636879338241524,14374.192934302544
896,86.34971193238356,86.34971193238356,0.006655578269981884,0.0,5.135983148244969,207,0.26645231603415215,-0.028227074020525388,14389.858127014191
897,85.77575748785266,85.77575748785266,-0.006669048732173599,0.0,5.135983148244969,207,0.2667188161853823,-0.05066791860029891,14373.906466990918
898,86.11361174609127,86.11361174609127,0.003931071419077333,0.0,5.135983148244969,207,0.2665403867851748,-0.07568841305343599,14383.161014642765
899,86.53716158339839,86.53716158339839,0.004906444133691666,0.0,5.135983148244969,207,0.2663930429475282,-0.12503738675604187,14392.771747650868
900,86.25228263399434,86.25228263399434,-0.0032974144782626693,0.0,5.135983148244969,207,0.26666453858890865,-0.061235665669248755,14382.476785910625
901,86.12279271617417,86.12279271617417,-0.0015024207173212178,0.0,5.135983148244969,207,0.26681483457833016,-0.00854012025622274,14376.287510810813
902,86.71344723685284,86.71344723685284,0.006834872365076533,0.0,5.135983148244969,207,0.2665896613956887,-0.028939706487861552,14388.46257159262
903,86.87346490981233,86.87346490981233,0.0018436610952608742,0.0,5.135983148244969,207,0.2665700376303473,4.4157793766928256e-05,14389.356294694027
904,87.13353212524686,87.13353212524686,0.0029891603614714633,0.0,5.135983148244969,207,0.26649685397181744,0.02939357239624415,14393.179360399796
905,88.32076547189344,88.32076547189344,0.013533455531575835,0.0,5.135983148244969,207,0.26605551261217253,0.06156328767230668,14418.867899830791
906,88.86504403491392,88.86504403491392,0.006143610218780872,0.0,5.135983148244969,207,0.26591920752634807,0.12028776557095738,14430.978844181991
907,88.82332636222287,88.82332636222287,-0.0004695599758647544,0.0,5.135983148244969,207,0.26593834672172606,0.10556163064841957,14429.844885624481
908,89.09110670905977,89.09110670905977,0.003010217264780953,0.0,5.135983148244969,207,0.26582936190133727,0.14249568771413426,14436.89171226541
909,89.32624277646865,89.32624277646865,0.0026357997607261096,0.0,5.135983148244969,207,0.2657289083948191,0.11426549480072372,14443.242625478091
910,89.4337846883189,89.4337846883189,0.0012031987950477062,0.0,5.135983148244969,207,0.2657057493720462,0.14613058000714396,14445.715380457412
911,89.48622269048984,89.48622269048984,0.0005861614297984639,0.0,5.135983148244969,207,0.2657114810148348,0.13584892764782233,14446.560318056996
912,89.71523422075137,89.71523422075137,0.002555912869020268,0.0,5.135983148244969,207,0.2656366778406057,0.14873978867333404,14452.552716971231
913,89.43082400533054,89.43082400533054,-0.0031751795957273596,0.0,5.135983148244969,207,0.26581957646212306,0.13034576649159058,14443.28841314835
914,89.26235170071398,89.26235170071398,-0.0018856047956829613,0.0,5.135983148244969,207,0.26592800902672487,0.14812556782860908,14437.791508909217
915,89.05353323931139,89.05353323931139,-0.0023421195136862374,0.0,5.135983148244969,207,0.26607939153011956,0.1460409895754944,14430.851616841659
916,88.72526607628068,88.72526607628068,-0.003692988560779133,0.0,5.135983148244969,207,0.26628553777258857,0.14652264446993005,14420.615770999173
917,88.24919508235196,88.24919508235196,-0.005380122523473474,0.0,5.135983148244969,207,0.26661393162243563,0.15847787680540532,14405.660618991373
918,88.85274550032538,88.85274550032538,0.00681587962889112,0.0,5.135983148244969,207,0.26629943223761654,0.12590813133082077,14422.787957882761
919,89.01903102710932,89.01903102710932,0.0018697241178223269,0.0,5.135983148244969,207,0.2662333433556205,0.12316785057348635,14427.067723572134
920,87.96111174591432,87.96111174591432,-0.011955373810573783,0.0,5.135983148244969,207,0.26686443032788726,0.08506842812640457,14395.449898219329
921,88.55816472074602,88.55816472074602,0.0067647597887474705,0.0,5.135983148244969,207,0.26652582362685145,0.017507164163274573,14412.377299237121
922,88.606042450175,88.606042450175,0.0005404898806487614,0.0,5.135983148244969,207,0.2665207699482713,0.03874564428532932,14413.287856644707
923,89.85704474165044,89.85704474165044,0.014019961241727942,0.0,5.135983148244969,207,0.26601580896813604,0.03857925223898014,14446.571947420975
924,90.63210838677736,90.63210838677736,0.008588531730915437,0.0,5.135983148244969,207,0.2656712852978671,0.10624934350714664,14469.35192895158
925,90.28384796338004,90.28384796338004,-0.003849973883912241,0.0,5.135983148244969,207,0.26581427535821867,0.07928727106064082,14459.26932299315
926,90.41829414382234,90.41829414382234,0.0014880421856966466,0.0,5.135983148244969,207,0.2657394509500092,0.0667751034511569,14463.508513746463
927,91.69446086745462,91.69446086745462,0.014015356730993528,0.0,5.135983148244969,207,0.26515254071130684,0.06715832058273043,14499.128444621278
928,91.35323063708258,91.35323063708258,-0.003728324818927204,0.0,5.135983148244969,207,0.2654231497081248,0.036464161421491434,14478.797533424646
929,91.23575784598752,91.23575784598752,-0.0012867458030131874,0.0,5.135983148244969,207,0.2655230592739598,0.029527566215128045,14469.514075176712
930,91.112297463275,91.112297463275,-0.001354118105271239,0.0,5.135983148244969,207,0.26554017176448785,0.04291406788496295,14468.101159682874
931,91.03176979862157,91.03176979862157,-0.0008842195204120615,0.0,5.135983148244969,207,0.2656208282300507,0.04604645095874549,14461.601349796974
932,91.6985278749529,91.6985278749529,0.007297761170020983,0.0,5.135983148244969,207,0.26560280732565167,0.030363481359539753,14463.603884571665
933,91.9590766684023,91.9590766684023,0.0028373338407857896,0.0,5.135983148244969,207,0.26550018585870205,0.020774504715516482,14468.60102899308
934,91.7465119709906,91.7465119709906,-0.002314189719011191,0.0,5.135983148244969,207,0.2655687332531238,-0.010902043626512923,14465.105437752007
935,91.5429546921934,91.5429546921934,-0.002221157234958799,0.0,5.135983148244969,207,0.26567543840979074,-0.014083330979086765,14461.08271865742
936,91.5608035218484,91.5608035218484,0.00019495863859510248,0.0,5.135983148244969,207,0.2656796684192602,-0.010149996082605669,14461.158845189011
937,91.7354304748492,91.7354304748492,0.0019054074601118315,0.0,5.135983148244969,207,0.2656030295929739,-0.005078652929536635,14464.370938005752
938,91.70015014961598,91.70015014961598,-0.0003846617493524126,0.0,5.135983148244969,207,0.2656378692559178,-0.00232626249225337,14463.301235129895
939,91.80319430242068,91.80319430242068,0.0011230766822611495,0.0,5.135983148244969,207,0.26561253071663143,0.003847369757560031,14464.812997909354
940,91.42883411396,91.42883411396,-0.004086192928017916,0.0,5.135983148244969,207,0.26587112514675043,-0.012854808535049982,14455.678798042567
941,91.09464581995285,91.09464581995285,-0.0036618704351227224,0.0,5.135983148244969,207,0.26610736304606564,-0.013045871537567626,14447.85341563687
942,91.1494282246913,91.1494282246913,0.0006011982192088917,0.0,5.135983148244969,207,0.2660957406695294,-0.010578892390414462,14448.545519429988
943,90.89711407232502,90.89711407232502,-0.002771975899620382,0.0,5.135983148244969,207,0.26625619912361087,-0.009011591685312815,14443.130136394715
944,91.22619005785064,91.22619005785064,0.0036137752411680357,0.0,5.135983148244969,207,0.26604674098002246,-0.014673986209725083,14450.400158901255
945,90.4286115790618,90.4286115790618,-0.008781310450320648,0.0,5.135983148244969,207,0.2666095022629422,-0.02687854102912457,14432.313971120135
946,90.42352364179398,90.42352364179398,-5.6266267057821095e-05,0.0,5.135983148244969,207,0.26663298725676776,-0.015533596769118302,14431.740488506255
947,89.64422421694736,89.64422421694736,-0.008655678760732557,0.0,5.135983148244969,207,0.26714163890299114,0.012064424698513562,14415.54670115726
948,89.57466365828621,89.57466365828621,-0.0007762637407122948,0.0,5.135983148244969,207,0.26721217058284996,0.021542162241803442,14413.528948756653
949,88.66980177913395,88.66980177913395,-0.010153130422744057,0.0,5.135983148244969,207,0.26788832063425844,0.03049958636353018,14393.324958810746
950,88.67576797734456,88.67576797734456,6.728330706048672e-05,0.0,5.135983148244969,207,0.2678952016295914,0.02303266197025429,14393.228564951556
951,88.91287766545085,88.91287766545085,0.0026703264518226377,0.0,5.135983148244969,207,0.2677266015977388,0.003348121724020446,14398.275913412235
952,89.0031500027158,89.0031500027158,0.0010147747360900034,0.0,5.135983148244969,207,0.26767185620237033,0.04107053671833123,14400.03044001715
953,89.0282114697976,89.0282114697976,0.00028153991566488704,0.0,5.135983148244969,207,0.26771201050611454,0.033707022427039705,14399.145866642208
954,88.87173076208028,88.87173076208028,-0.0017591995377886892,0.0,5.135983148244969,207,0.26789709838466996,0.030452357777164842,14390.691668276038
955,88.19237976160458,88.19237976160458,-0.007673540753061624,0.0,5.135983148244969,207,0.26813027902906,0.02642617811038531,14365.154682935425
956,88.10081327341487,88.10081327341487,-0.001038797866751934,0.0,5.135983148244969,207,0.26820156998797845,0.061203875934773215,14361.935545233338
957,88.63031587929578,88.63031587929578,0.00599220061343165,0.0,5.135983148244969,207,0.26808426179320144,0.0721435149046778,14373.556697444012
958,87.81327821998985,87.81327821998985,-0.009261242985753428,0.0,5.135983148244969,207,0.26839674000250924,0.02791509991580921,14359.783087108834
959,88.113011085093,88.113011085093,0.0034074856725797302,0.0,5.135983148244969,207,0.2683523158231957,0.020486582077174586,14364.523174049797
960,87.80428113118944,87.80428113118944,-0.0035099479644088876,0.0,5.135983148244969,207,0.2684031123285028,0.009727246253781841,14359.448923307711
961,87.2164297917263,87.2164297917263,-0.006717531278883451,0.0,5.135983148244969,207,0.26851744610531625,0.031217380385708926,14349.560300785488
962,87.77850473133302,87.77850473133302,0.006423921630135906,0.0,5.135983148244969,207,0.26821569879042173,0.00040671998279112723,14363.087802814354
963,87.72955439153576,87.72955439153576,-0.0005578130293408097,0.0,5.135983148244969,207,0.2682545040610571,-0.005034788639468734,14361.659882016433
964,88.61648793955179,88.61648793955179,0.010059097612961058,0.0,5.135983148244969,207,0.26790299823223224,-0.028277517667707194,14380.87652082732
965,89.22995851318096,89.22995851318096,0.00689890654591652,0.0,5.135983148244969,207,0.2678012950191292,-0.03937540578950708,14391.376098000963
966,88.63904642315934,88.63904642315934,-0.006644375889816666,0.0,5.135983148244969,207,0.2681192763668172,-0.06450095212620928,14376.581649892254
967,88.63597176850465,88.63597176850465,-3.4687963215171505e-05,0.0,5.135983148244969,207,0.26814692223734043,-0.06376300631716636,14375.91887434675
968,87.4443042817181,87.4443042817181,-0.013535708913953049,0.0,5.135983148244969,207,0.26863027725499145,-0.06325865123062928,14350.734935197037
969,87.45973778428338,87.45973778428338,0.00017647965619349174,0.0,5.135983148244969,207,0.2686390843773653,-0.06948999484138317,14350.748909099437
970,86.85811800691214,86.85811800691214,-0.006902587957567593,0.0,5.135983148244969,207,0.2690063220326913,-0.07082125981583315,14335.478775992744
971,86.4427504468172,86.4427504468172,-0.004793609624514742,0.0,5.135983148244969,207,0.2691933408263913,-0.057726488418278266,14326.487627855535
972,87.24945173628124,87.24945173628124,0.009288926961355583,0.0,5.135983148244969,207,0.2688628596397395,-0.07185936384823226,14343.112809941993
973,86.64940823631547,86.64940823631547,-0.006901090455492977,0.0,5.135983148244969,207,0.2690461366742726,-0.10314683934888808,14331.649832733003
974,87.00376867786277,87.00376867786277,0.004081249070290537,0.0,5.135983148244969,207,0.2688854105487927,-0.1178017220893155,14339.292393086273
975,87.03786841483179,87.03786841483179,0.00039185723571661524,0.0,5.135983148244969,207,0.2688883584204195,-0.11933971819066792,14339.642615595665
976,87.01661233773618,87.01661233773618,-0.0002442462510516859,0.0,5.135983148244969,207,0.2689159492217641,-0.12825279624881317,14338.832895333493
977,86.50059275993188,86.50059275993188,-0.005947780207069449,0.0,5.135983148244969,207,0.26911606401566657,-0.11053087776646872,14328.400510744545
978,86.4298701576677,86.4298701576677,-0.0008179311500569265,0.0,5.135983148244969,207,0.2691693465329914,-0.12050321246638097,14326.536290007254
979,86.75399797012447,86.75399797012447,0.003743168395708868,0.0,5.135983148244969,207,0.2690641484360758,-0.10736605283185663,14332.564633803217
980,86.88998352598703,86.88998352598703,0.0015662573789251338,0.0,5.135983148244969,207,0.2690100602066475,-0.0669698079258354,14335.220611622943
981,86.75098994652524,86.75098994652524,-0.0016009310057257798,0.0,5.135983148244969,207,0.269158638104252,-0.0734859883734893,14328.272937101285
982,86.8984081072534,86.8984081072534,0.0016978831806528667,0.0,5.135983148244969,207,0.2691486842601994,-0.08149563247571218,14328.992316671189
983,87.41728644051608,87.41728644051608,0.0059533350353062064,0.0,5.135983148244969,207,0.26903225590496493,-0.16045813875701012,14337.272625042478
984,86.94087436688253,86.94087436688253,-0.005464765825062764,0.0,5.135983148244969,207,0.26925654458396014,-0.16817976406377805,14324.767678800552
985,86.6086937130872,86.6086937130872,-0.0038280828137369433,0.0,5.135983148244969,207,0.2693873199811016,-0.1546321292816918,14316.018249411738
986,86.97801162032142,86.97801162032142,0.004255146887802615,0.0,5.135983148244969,207,0.2692804761843784,-0.18148520900375587,14320.606908214253
987,87.16469865191011,87.16469865191011,0.002144070260697274,0.0,5.135983148244969,207,0.2692066597626369,-0.16846006706356084,14323.811464856135
988,87.41104922317344,87.41104922317344,0.002822279013922092,0.0,5.135983148244969,207,0.2691272770416658,-0.16140854831284338,14327.56101299628
989,87.94100957147973,87.94100957147973,0.00604454792861311,0.0,5.135983148244969,207,0.26877141718009256,-0.14042545499734746,14339.581570007938
990,87.48873404111266,87.48873404111266,-0.005156212659146015,0.0,5.135983148244969,207,0.2690137288529064,-0.1589509101696974,14330.65386550843
991,88.04406254127287,88.04406254127287,0.006327368602487872,0.0,5.135983148244969,207,0.26870877449607566,-0.17270071671851692,14341.950688440313
992,87.92525475879853,87.92525475879853,-0.0013503240490992038,0.0,5.135983148244969,207,0.2687714561211392,-0.20286997228954617,14339.59706771538
993,87.79451950926561,87.79451950926561,-0.0014879972865844476,0.0,5.135983148244969,207,0.2688939113996181,-0.2004093138305637,14335.826172313054
994,86.82431630306883,86.82431630306883,-0.011112354350675245,0.0,5.135983148244969,207,0.2694358259967376,-0.18363915131043668,14316.201159127157
995,87.38768217270145,87.38768217270145,0.006467612315572607,0.0,5.135983148244969,207,0.26910021227131786,-0.22344228185484521,14327.981114366976
996,87.86433692715158,87.86433692715158,0.005439662632661071,0.0,5.135983148244969,207,0.2689202574522959,-0.19261886084604798,14335.867193896358
997,88.38935665184333,88.38935665184333,0.005957563406334278,0.0,5.135983148244969,207,0.2685929772316934,-0.16469248854588947,14347.701073948765
998,88.57000518633659,88.57000518633659,0.0020416958489210663,0.0,5.135983148244969,207,0.2685339740373435,-0.15391877916718905,14350.79589767096
999,88.45137687316618,88.45137687316618,-0.00134027120959282,0.0,5.135983148244969,207,0.2686290834693295,-0.15175395627748664,14347.607565241915
1000,88.11165474234046,88.11165474234046,-0.003848173051251937,0.0,4.962842585608949,177,0.3368891051821362,-0.1567589705485022,13170.23945399388
1001,88.69867152239544,88.69867152239544,0.006640097886771206,0.0,4.962842585608949,177,0.33673009820095146,-0.16456896796679626,13177.176127618766
1002,88.81494253317781,88.81494253317781,0.001309995608264485,0.0,4.962842585608949,177,0.3367004070563464,-0.15584599990790032,13178.550081620144
1003,89.1085200873807,89.1085200873807,0.003300046169380296,0.0,4.962842585608949,177,0.3366265536671094,-0.14591226384360234,13182.019235733433
1004,89.02017688142477,89.02017688142477,-0.000991903210459081,0.0,4.962842585608949,177,0.3366486090119412,-0.12915416264164326,13180.97529966974
1005,88.64130457193872,88.64130457193872,-0.004265110036576459,0.0,4.962842585608949,177,0.3367450807708741,-0.13069947276035637,13176.498232496013
1006,88.86755365273785,88.86755365273785,0.0025491595808776308,0.0,4.962842585608949,177,0.3366908981024514,-0.13564121923433248,13179.081629790444
1007,88.21771442606428,88.21771442606428,-0.0073393134360094274,0.0,4.962842585608949,177,0.33695727652103935,-0.15189136765722686,13169.205249622783
1008,88.75606746086703,88.75606746086703,0.006084005095690115,0.0,4.962842585608949,177,0.336735614019265,-0.17842007906802945,13177.387241441502
1009,89.13852017055079,89.13852017055079,0.004299774422705217,0.0,4.962842585608949,177,0.3366006618560996,-0.17061772127260882,13182.803883998486
1010,89.99042429523092,89.99042429523092,0.009511701752429283,0.0,4.962842585608949,177,0.33643878678104344,-0.13837933241922754,13192.531177400555
1011,90.46765389844944,90.46765389844944,0.005289103380919087,0.0,4.962842585608949,177,0.33630188028323477,-0.11074585290008036,13202.42121646586
1012,90.60915220831629,90.60915220831629,0.0015628543678242166,0.0,4.962842585608949,177,0.3363002955546554,-0.10698122348076512,13202.795186492904
1013,91.1555686932027,91.1555686932027,0.006012367286560258,0.0,4.962842585608949,177,0.3362963851366357,-0.10105813710673234,13207.600201676863
1014,90.61480360478951,90.61480360478951,-0.0059499980876351,0.0,4.962842585608949,177,0.33645409521453107,-0.12821159888081754,13197.11164704608
1015,91.35534179163878,91.35534179163878,0.00813916231555727,0.0,4.962842585608949,177,0.3364346529723485,-0.16365890633171112,13203.233361780023
1016,90.84139093647467,90.84139093647467,-0.005641728154876309,0.0,4.962842585608949,177,0.33648423671839506,-0.18158542375538883,13196.082027584762
1017,91.11120867178887,91.11120867178887,0.0029658046510070697,0.0,4.962842585608949,177,0.33648095893474433,-0.16253085476183773,13199.612828474432
1018,91.53343632717481,91.53343632717481,0.004623496161538049,0.0,4.962842585608949,177,0.3364940827137684,-0.14833655968554046,13205.13804637586
1019,91.29559267375419,91.29559267375419,-0.00260181644996797,0.0,4.962842585608949,177,0.3364868988547901,-0.14890233872840014,13201.943859670768
1020,92.13987114346085,92.13987114346085,0.009205247599365864,0.0,4.962842585608949,177,0.33644452971058636,-0.17806294089894084,13215.513367720836
1021,92.3627254384297,92.3627254384297,0.0024157318918485663,0.0,4.962842585608949,177,0.3364626658544179,-0.15153877326717438,13218.826339237345
1022,92.35145194302369,92.35145194302369,-0.00012206421380138758,0.0,4.962842585608949,177,0.33646104027935586,-0.15047780068024194,13218.67038684681
1023,92.85129326658623,92.85129326658623,0.005397787561038312,0.0,4.962842585608949,177,0.33653675027369945,-0.14344450307615583,13225.584963603227
1024,92.40779326444788,92.40779326444788,-0.004787898479630374,0.0,4.962842585608949,177,0.3364692535387024,-0.19857669470196207,13219.449786974772
1025,92.0476987267909,92.0476987267909,-0.0039044106653841524,0.0,4.962842585608949,177,0.3364274266375933,-0.15755682492719472,13214.468403478008
1026,91.79731125663596,91.79731125663596,-0.0027238990603291823,0.0,4.962842585608949,177,0.3364096238198541,-0.1554243368549191,13211.004657485797
1027,91.59634732951872,91.59634732951872,-0.002191613484405033,0.0,4.962842585608949,177,0.33640218670161726,-0.15411171926211142,13208.224614232431
1028,91.42059219312772,91.42059219312772,-0.0019206439674667997,0.0,4.962842585608949,177,0.336399758382151,-0.17631715231464973,13205.793297885377
1029,91.2496047319003,91.2496047319003,-0.0018720898542217194,0.0,4.962842585608949,177,0.3363978455624861,-0.17345162693572794,13203.427935380703
1030,90.7557562839337,90.7557562839337,-0.005426759488670826,0.0,4.962842585608949,177,0.3364184339051062,-0.19488173233543327,13196.596261330296
1031,90.25327373728003,90.25327373728003,-0.005552030606959345,0.0,4.962842585608949,177,0.33647984261013475,-0.13240707802457738,13189.645147099018
1032,90.11042616921694,90.11042616921694,-0.0015839949835212883,0.0,4.962842585608949,177,0.33650864906553996,-0.07971619543289434,13187.66905903411
1033,90.73701886639365,90.73701886639365,0.006929544449938132,0.0,4.962842585608949,177,0.33641942462557345,-0.07178267825290305,13196.337056447286
1034,91.09911865326791,91.09911865326791,0.003982709602702668,0.0,4.962842585608949,177,0.3364023666257119,-0.055813063419066035,13201.346179646584
1035,90.45822490790721,90.45822490790721,-0.0070599888147375,0.0,4.962842585608949,177,0.33643982205178047,-0.07183467233722052,13192.480348059433
1036,91.05015030555495,91.05015030555495,0.006522316067846406,0.0,4.962842585608949,177,0.3364045313375961,-0.10706638229630479,13200.668773872121
1037,90.90731875882004,90.90731875882004,-0.0015699446338319155,0.0,4.962842585608949,177,0.33642423565848484,-0.12813336756227306,13197.281175559472
1038,90.99600770105911,90.99600770105911,0.0009751217967552846,0.0,4.962842585608949,177,0.3364335470411655,-0.12510806441039837,13196.824222225187
1039,91.05820465500086,91.05820465500086,0.0006832795084130102,0.0,4.962842585608949,177,0.336444602552411,-0.12754439956533964,13195.894456404341
1040,91.78467962065467,91.78467962065467,0.007946481389138253,0.0,4.962842585608949,177,0.3363455273644847,-0.12249875986065671,13202.702678738571
1041,92.00850139711567,92.00850139711567,0.0024355842351216355,0.0,4.962842585608949,177,0.3363388847707377,-0.11391982396745538,13204.770260599082
1042,91.84488610377674,91.84488610377674,-0.00177984576466433,0.0,4.962842585608949,177,0.3363840387475724,-0.11897766501087223,13202.648192576904
1043,92.36500325925444,92.36500325925444,0.0056470207917357525,0.0,4.962842585608949,177,0.33627549814464724,-0.10545821434872822,13209.035832440193
1044,93.05666396860838,93.05666396860838,0.007460443299228665,0.0,4.962842585608949,177,0.3361531322057566,-0.1067833089539071,13217.530225429178
1045,92.84846966146365,92.84846966146365,-0.0022397917703099774,0.0,4.962842585608949,177,0.336188844999449,-0.1120390688044319,13214.973358689404
1046,92.5822497409302,92.5822497409302,-0.002871370011414356,0.0,4.962842585608949,177,0.3362353701365653,-0.10431110369336104,13211.703870346457
1047,92.84261290426367,92.84261290426367,0.0028082893602489898,0.0,4.962842585608949,177,0.33618985377856125,-0.1104886962261181,13214.901430941269
1048,92.82869240349932,92.82869240349932,-0.000149947788295761,0.0,4.962842585608949,177,0.33619225175024076,-0.11870546265813206,13214.730471101426
1049,92.42725835057418,92.42725835057418,-0.004333838450072294,0.0,4.962842585608949,177,0.33626295312690346,-0.09190578002328144,13209.800396921135
1050,92.07505368398054,92.07505368398054,-0.0038178935594907555,0.0,4.962842585608949,177,0.3363349179148673,-0.0517896389386081,13205.474916508354
1051,92.02948428300733,92.02948428300733,-0.0004950383342749729,0.0,4.962842585608949,177,0.33634450376268715,-0.03965535856593749,13204.915271591557
1052,91.31469354986395,91.31469354986395,-0.007797295371631893,0.0,4.962842585608949,177,0.33652892698919495,-0.033325807904508245,13196.136815174861
1053,92.19006555660545,92.19006555660545,0.009540664242195506,0.0,4.962842585608949,177,0.33631118068060284,-0.10019772886758939,13206.887395244334
1054,92.81412908529182,92.81412908529182,0.006746505363631439,0.0,4.962842585608949,177,0.33619476299671436,-0.02367066388888456,13214.551616720362
1055,93.03273153195933,93.03273153195933,0.002352501912149,0.0,4.962842585608949,177,0.3361572229034041,-0.03656722085631455,13217.236307444058
1056,93.48405625715526,93.48405625715526,0.0048395172511352565,0.0,4.962842585608949,177,0.3360843121539198,-0.04906862889007014,13222.779096747561
1057,93.16938449230051,93.16938449230051,-0.0033717252862224,0.0,4.962842585608949,177,0.33613404958427845,-0.06614456475185047,13218.914563751734
1058,93.21790745001218,93.21790745001218,0.0005206681024464446,0.0,4.962842585608949,177,0.33612605324528494,-0.06313953758098344,13219.510481759244
1059,92.2561425270157,92.2561425270157,-0.010370976893988807,0.0,4.962842585608949,177,0.33629768296282986,-0.06177724616983193,13207.698896818149
1060,91.91024718386669,91.91024718386669,-0.0037563395841087913,0.0,4.962842585608949,177,0.3363698811146918,-0.009631808764639106,13203.450902190101
1061,91.99037725007217,91.99037725007217,0.0008714496921714103,0.0,4.962842585608949,177,0.3363527780770378,-0.013365909045435428,13204.434992024
1062,91.80018598829797,91.80018598829797,-0.0020696528299692075,0.0,4.962842585608949,177,0.33639375142494643,-0.015252803393968058,13202.09922349077
1063,92.25786373738025,92.25786373738025,0.004973199412522655,0.0,4.962842585608949,177,0.3363192461161385,-0.020183325830095307,13206.68455048397
1064,92.54586351357572,92.54586351357572,0.0031168203545356627,0.0,4.962842585608949,177,0.3363217602437663,-0.01799457494998816,13208.976057432299
1065,92.3519258568381,92.3519258568381,-0.00209778308891285,0.0,4.962842585608949,177,0.3363578991472973,-0.016492466126518043,13204.456669737012
1066,91.66235489411494,91.66235489411494,-0.007494789945438829,0.0,4.962842585608949,177,0.3364595695250902,0.010080185186658307,13193.457633139627
1067,92.20613890317475,92.20613890317475,0.005914940436551861,0.0,4.962842585608949,177,0.3364224183211058,0.010280402574015189,13198.975769072527
1068,92.5685058834627,92.5685058834627,0.003922263742034122,0.0,4.962842585608949,177,0.33642772921092473,0.008414754753610953,13203.010102344839
1069,92.55442117735826,92.55442117735826,-0.00015216598349253647,0.0,4.962842585608949,177,0.3364284859968935,-0.016276120086620445,13202.805111301219
1070,92.47653858053691,92.47653858053691,-0.0008418331885946206,0.0,4.962842585608949,177,0.33643292436855293,-0.04881043605053017,13201.67159565071
1071,91.7971835511905,91.7971835511905,-0.00737335849437579,0.0,4.962842585608949,177,0.3364899240608358,-0.04505355292034757,13191.784154945786
1072,91.60784698478568,91.60784698478568,-0.0020646831017883654,0.0,4.962842585608949,177,0.3365202814964055,-0.03808088252601319,13189.028520567983
1073,91.5808310775648,91.5808310775648,-0.00029495171538432464,0.0,4.962842585608949,177,0.3365252258577656,-0.011843053098569768,13188.635326775051
1074,91.84039890738639,91.84039890738639,0.0028302939972280443,0.0,4.962842585608949,177,0.33648465481774026,0.024014814899414913,13192.413118085047
1075,92.023854793618,92.023854793618,0.001995558608261155,0.0,4.962842585608949,177,0.33646546787910736,0.06536187747276122,13195.083164112128
1076,91.75513709214337,91.75513709214337,-0.0029243592014590153,0.0,4.962842585608949,177,0.3364954179371912,0.07513736491897877,13191.172204120781
1077,91.65376123054148,91.65376123054148,-0.0011054629612069521,0.0,4.962842585608949,177,0.336511949643598,0.06820601346810812,13189.696763773392
1078,91.63907471028864,91.63907471028864,-0.00016025198376007637,0.0,4.962842585608949,177,0.336514588252242,0.07958264108123188,13189.483013831332
1079,91.60691628837971,91.60691628837971,-0.0003509863660733968,0.0,4.962842585608949,177,0.3365204512123499,0.1002547627713195,13189.01497506507
1080,92.0894544977095,92.0894544977095,0.0052536619764561214,0.0,4.962842585608949,177,0.336458790728924,0.08393436546600853,13196.037912596274
1081,92.33231568124475,92.33231568124475,0.002633759817914413,0.0,4.962842585608949,177,0.3364416932347834,0.0961921535627045,13199.572552729935
1082,92.26198929682651,92.26198929682651,-0.0007619562025934304,0.0,4.962842585608949,177,0.336446186545418,0.09490930989675112,13198.54901139162
1083,91.8337278027044,91.8337278027044,-0.004652604345255926,0.0,4.962842585608949,177,0.33648536803476164,0.12124742146790805,13192.316025770822
1084,91.7375909848984,91.7375909848984,-0.0010474057410483238,0.0,4.962842585608949,177,0.3364977552944495,0.11117550741042052,13190.916835296686
1085,91.492746548885,91.492746548885,-0.002672533217381102,0.0,4.962842585608949,177,0.3365413718785544,0.10511428676798301,13187.35333059232
1086,91.37073850141213,91.37073850141213,-0.0013344169345122449,0.0,4.962842585608949,177,0.3365638722525802,0.10343914116228956,13185.577606143686
1087,91.52631891428082,91.52631891428082,0.0017012898139843918,0.0,4.962842585608949,177,0.33653521600418046,0.09780343824287828,13187.841948116053
1088,92.0499803908327,92.0499803908327,0.005705125322796551,0.0,4.962842585608949,177,0.3364627909531156,0.1004594193482986,13195.463400192206
1089,92.22786217100996,92.22786217100996,0.0019305830039431148,0.0,4.962842585608949,177,0.33646968858854914,0.09936071642549009,13196.466533397877
1090,92.07506980338913,92.07506980338913,-0.0016580572103562332,0.0,4.962842585608949,177,0.33653662823792246,0.06927369629498584,13193.477782396241
1091,92.88246534511059,92.88246534511059,0.008730659928741145,0.0,4.962842585608949,177,0.33654191587396126,0.0420836439665837,13205.578114990205
1092,93.47008327235837,93.47008327235837,0.0063065397193585206,0.0,4.962842585608949,177,0.3364674360935647,0.09407556449374489,13210.288223943837
1093,92.97772509014135,92.97772509014135,-0.005281470788255002,0.0,4.962842585608949,177,0.3365075286070286,0.045691575604677064,13201.654404831253
1094,93.66289772564113,93.66289772564113,0.007342192746382162,0.0,4.962842585608949,177,0.33651715029581003,0.03350438803165163,13207.563380465846
1095,94.26674375262799,94.26674375262799,0.0064263210460212185,0.0,4.962842585608949,177,0.33656326641519957,0.10778045465812278,13213.115495949445
1096,93.91770611992563,93.91770611992563,-0.003709531081728963,0.0,4.962842585608949,177,0.3365342183564772,0.09832250001783409,13209.906238691341
1097,94.92187590362234,94.92187590362234,0.010635262352896987,0.0,4.962842585608949,177,0.3366214228140389,0.05709345550450008,13219.13916621766
1098,95.09716450989089,95.09716450989089,0.001844958858951994,0.0,4.962842585608949,177,0.3366376456435695,0.06595551092573719,13220.750872747913
1099,95.03648238955195,95.03648238955195,-0.0006383101927392104,0.0,4.962842585608949,177,0.3366319902262927,0.06481208257198548,13220.192925647401
1100,96.44782952373849,96.44782952373849,0.014741392421691929,0.0,4.962842585608949,177,0.3367745349922581,0.03638752612579682,13233.169681188134
1101,95.91585685843776,95.91585685843776,-0.005530919389614284,0.0,4.962842585608949,177,0.3367176038184404,-0.023208850071114336,13228.278411659367
1102,95.63170611830445,95.63170611830445,-0.0029668970375120274,0.0,4.962842585608949,177,0.33668913370104653,0.0011725466970236792,13225.66576265041
1103,96.14669010781752,96.14669010781752,0.005370628157093922,0.0,4.962842585608949,177,0.336741816021773,-0.034203391877770196,13230.400828303236
1104,97.3579516646462,97.3579516646462,0.012519362494103419,0.0,4.962842585608949,177,0.33689742200352213,0.017336127149981402,13241.537879378848
1105,97.9730681206355,97.9730681206355,0.0062982161257318535,0.0,4.962842585608949,177,0.3369962206616325,0.0515040292865279,13247.19362181464
1106,97.65368473077571,97.65368473077571,-0.003265235137528487,0.0,4.962842585608949,177,0.33694390484007064,0.041596352286517646,13244.257023104381
1107,97.35381217485681,97.35381217485681,-0.0030755001427565437,0.0,4.962842585608949,177,0.3368968397672479,0.05300511780043038,13241.49981847536
1108,97.94033366181056,97.94033366181056,0.006006562540372788,0.0,4.962842585608949,177,0.336990801959775,0.03607580632597227,13246.892641949631
1109,98.9003590908112,98.9003590908112,0.009754416402993061,0.0,4.962842585608949,177,0.33715369875392215,0.04616641819363276,13255.719680318336
1110,99.05430987472313,99.05430987472313,0.0015554148407249664,0.0,4.962842585608949,177,0.33718106017040317,0.04381847428431907,13257.135194361435
1111,99.04253776240046,99.04253776240046,-0.00011885209155969902,0.0,4.962842585608949,177,0.33717896621124227,0.03397206459341475,13257.026954637764
1112,99.35409840869583,99.35409840869583,0.0031407881547323834,0.0,4.962842585608949,177,0.33723696097163747,0.08279925340133934,13259.89162644327
1113,99.40493255229684,99.40493255229684,0.0005115153204723842,0.0,4.962842585608949,177,0.33724886323750697,0.054542947426985976,13260.359025454227
1114,99.16235313969109,99.16235313969109,-0.002443298073372681,0.0,4.962842585608949,177,0.33720031938332273,0.052251482344643,13258.12860767794
1115,98.78267717783218,98.78267717783218,-0.0038361804473486354,0.0,4.962842585608949,177,0.337132956899557,0.05982331120116078,13254.637643603694
1116,98.50900120737732,98.50900120737732,-0.0027743303542558796,0.0,4.962842585608949,177,0.33708535614400226,0.08371647219322553,13250.771629037414
1117,99.13612126086974,99.13612126086974,0.0063459411517002035,0.0,4.962842585608949,177,0.3369875226178265,0.06813917307951549,13259.506018816279
1118,98.21345486288277,98.21345486288277,-0.009350647098891872,0.0,4.962842585608949,177,0.33683795399117544,0.026396141421435485,13249.86078380053
1119,99.11665310501058,99.11665310501058,0.00915424978759067,0.0,4.962842585608949,177,0.3367541973959188,-0.06561067032292564,13262.058485717684
1120,99.11497133004167,99.11497133004167,-1.6967776698076493e-05,0.0,4.962842585608949,177,0.33676134478111575,-0.0743472214023846,13261.388865581173
1121,99.63538323273833,99.63538323273833,0.0052368519611694815,0.0,4.962842585608949,177,0.33676084327993006,-0.07796814650237124,13266.341941466073
1122,100.71388399571617,100.71388399571617,0.01076631021021204,0.0,4.962842585608949,177,0.33680295276518035,-0.04335449426012608,13276.058911304679
1123,100.94570244343143,100.94570244343143,0.002299107658829021,0.0,4.962842585608949,177,0.3368183672830368,-0.04281467090760494,13278.147526298573
1124,100.85185357222919,100.85185357222919,-0.0009301289849218143,0.0,4.962842585608949,177,0.33681206850727613,-0.04020344180682915,13277.30197599192
1125,100.4836503479741,100.4836503479741,-0.003657612567827368,0.0,4.962842585608949,177,0.3367911227606726,-0.051872569036812755,13273.98457488533
1126,100.52543958090371,100.52543958090371,0.0004157944652795894,0.0,4.962842585608949,177,0.336792788812853,-0.0252161328846634,13274.361083395934
1127,100.8212155083427,100.8212155083427,0.002937979178869255,0.0,4.962842585608949,177,0.3368100278674212,-0.033738010035025426,13277.025936184702
1128,100.0509073766689,100.0509073766689,-0.007669674583522225,0.0,4.962842585608949,177,0.33677448209891225,-0.038127988030987096,13270.085689929112
1129,100.2310915486314,100.2310915486314,0.001799305195090212,0.0,4.962842585608949,177,0.336781262499867,-0.043085877791468115,13271.709095516253
1130,100.42615542671489,100.42615542671489,0.0019442501327085009,0.0,4.962842585608949,177,0.3367888561505652,-0.05537978469368956,13273.466562812526
1131,99.99336806130516,99.99336806130516,-0.004318821146573607,0.0,4.962842585608949,177,0.3367724728777224,-0.07925473547326455,13269.567277878685
1132,99.84562660841331,99.84562660841331,-0.0014786051146120037,0.0,4.962842585608949,177,0.33676752951737243,-0.07246412684887464,13268.23617150311
1133,99.90772513501022,99.90772513501022,0.0006217520562774991,0.0,4.962842585608949,177,0.3367695861103798,-0.06942958962721857,13268.795660685386
1134,100.20141905171229,100.20141905171229,0.0029353393996382642,0.0,4.962842585608949,177,0.3367801228677564,-0.07071894949311518,13271.441755179096
1135,100.31549157845478,100.31549157845478,0.0011377847253887805,0.0,4.962842585608949,177,0.33678451713779733,-0.06943386824256939,13272.469514583467
1136,100.63995261955374,100.63995261955374,0.0032291866920141172,0.0,4.962842585608949,177,0.3367981621569539,-0.07841557069107344,13275.392811681057
1137,100.1774490461154,100.1774490461154,-0.004606218259535328,0.0,4.962842585608949,177,0.33677920622387153,-0.0863954556092115,13271.225792586012
1138,100.19870695049917,100.19870695049917,0.0002121799807745632,0.0,4.962842585608949,177,0.3367800188461724,-0.08338881771567735,13271.417319956989
1139,99.1786944470935,99.1786944470935,-0.010232066377027635,0.0,4.962842585608949,177,0.33675035015127514,-0.06381430844005927,13262.227311872777
1140,98.92113940079633,98.92113940079633,-0.0026002565111982,0.0,4.962842585608949,177,0.3367449633799971,-0.040109826032832425,13259.9068178105
1141,99.33527122688133,99.33527122688133,0.004177745648811068,0.0,4.962842585608949,177,0.33675377115828603,-0.04504840378820865,13263.638021905494
1142,99.06900369167631,99.06900369167631,-0.002684092317782683,0.0,4.962842585608949,177,0.3367479946391741,-0.05838406003668737,13261.239030919669
1143,98.11863738121896,98.11863738121896,-0.009639282299261545,0.0,4.962842585608949,177,0.33673027228942687,-0.03890945355811235,13252.67651423786
1144,98.3577834751077,98.3577834751077,0.0024343502487062566,0.0,4.962842585608949,177,0.33673407387651877,-0.05190730751337693,13254.831149135773
1145,98.17117934928729,98.17117934928729,-0.0018989993048991107,0.0,4.962842585608949,177,0.3367310604785071,-0.05978205049206932,13253.149901681343
1146,97.24701241805242,97.24701241805242,-0.009458421579535161,0.0,4.962842585608949,177,0.33671992263206496,-0.03798519687383209,13244.823433583302
1147,97.44261177886388,97.44261177886388,0.002009346182970686,0.0,4.962842585608949,177,0.336721718239121,-0.04509365906399982,13246.585725419061
1148,97.95060321104978,97.95060321104978,0.0051996951557547934,0.0,4.962842585608949,177,0.3367392659400688,-0.04529222734192717,13249.85121249599
1149,97.90790008537905,97.90790008537905,-0.0004360609892209735,0.0,4.962842585608949,177,0.33674825176781503,-0.04722407040922295,13247.000314691637
1150,97.45382882618277,97.45382882618277,-0.0046485263965155175,0.0,4.962842585608949,177,0.33675452286376023,-0.031546314053860366,13241.71622883658
1151,96.96242654590193,96.96242654590193,-0.005055167077570946,0.0,4.962842585608949,177,0.33678217909624353,-0.038067472154027455,13232.368418618451
1152,97.2303556967415,97.2303556967415,0.0027594158521731392,0.0,4.962842585608949,177,0.3367925737823016,-0.02673283826152633,13234.261536362581
1153,97.2601458499166,97.2601458499166,0.00030634044512368904,0.0,4.962842585608949,177,0.3367937512567392,-0.005492649244299981,13234.5513883106
1154,97.38159113570225,97.38159113570225,0.0012478855093074335,0.0,4.962842585608949,177,0.3367987277122658,-0.02787243877581753,13235.733025493053
1155,97.49668062520512,97.49668062520512,0.0011811424828742098,0.0,4.962842585608949,177,0.3368052259768725,-0.013625814182778868,13236.8528221095
1156,96.76933427327486,96.76933427327486,-0.00748818315965342,0.0,4.962842585608949,177,0.33677632197541696,0.008119253817030785,13229.77589451694
1157,96.25618355254483,96.25618355254483,-0.005316933588861565,0.0,4.962842585608949,177,0.33676077194018605,0.026049570744357726,13224.783045532358
1158,96.37256618473371,96.37256618473371,0.0012083621630609254,0.0,4.962842585608949,177,0.3367641291067844,0.023692295726355787,13225.915424156168
1159,96.91963452354642,96.91963452354642,0.005660547063580445,0.0,4.962842585608949,177,0.3367816952718753,0.034546693604271386,13231.229042893363
1160,97.30259057484919,97.30259057484919,0.003943488417877878,0.0,4.962842585608949,177,0.33678949498158195,0.10631813194230916,13235.076844871593
1161,96.62935401125304,96.62935401125304,-0.0069430466396706095,0.0,4.962842585608949,177,0.33677728677011437,0.07617125636751988,13228.312410748122
1162,96.62833521374135,96.62833521374135,-1.0543409846086372e-05,0.0,4.962842585608949,177,0.33677727219759196,0.08796718803043468,13228.302174244305
1163,95.99315947597977,95.99315947597977,-0.006595089930556753,0.0,4.962842585608949,177,0.3367698610718449,0.0439432379403323,13221.920161342385
1164,96.46597008524304,96.46597008524304,0.004913371078067962,0.0,4.962842585608949,177,0.33677717260324797,-0.032948970335412546,13226.630929645018
1165,96.63983618044806,96.63983618044806,0.001800734483850262,0.0,4.962842585608949,177,0.3367824901915545,-0.012180823371742,13228.322610318608
1166,96.5808897115827,96.5808897115827,-0.0006101464573423195,0.0,4.962842585608949,177,0.33678067266194134,-0.01937590074718093,13227.749073528481
1167,96.39585087985526,96.39585087985526,-0.001917732550255263,0.0,4.962842585608949,177,0.33677508856896965,-0.005661331870839067,13225.948684469719
1168,97.0601327398439,97.0601327398439,0.006867551557369995,0.0,4.962842585608949,177,0.336796340175662,-0.05922889371447395,13232.412007770527
1169,96.09187039387487,96.09187039387487,-0.010025994461383964,0.0,4.962842585608949,177,0.33676648581059426,-0.12580340437833257,13222.991018038692
1170,96.50668176302236,96.50668176302236,0.004307529894669369,0.0,4.962842585608949,177,0.3367784040504786,-0.15770009110258745,13227.027045738887
1171,95.82148579368668,95.82148579368668,-0.007125309589228438,0.0,4.962842585608949,177,0.33675994887921323,-0.17626056304433868,13220.360232536575
1172,95.7917697584781,95.7917697584781,-0.0003101668030343312,0.0,4.962842585608949,177,0.33675927622674273,-0.18208748534267513,13220.071101740841
1173,95.60476808432804,95.60476808432804,-0.0019540764505133514,0.0,4.962842585608949,177,0.3367551548313305,-0.18083595442945904,13218.251614636609
1174,96.05378999376781,96.05378999376781,0.0046856528138159515,0.0,4.962842585608949,177,0.33678007182192027,-0.18702076419608016,13221.25068768257
1175,96.40052050804626,96.40052050804626,0.003603254076466516,0.0,4.962842585608949,177,0.3367657587433604,-0.17699582007808964,13225.11726792842
1176,96.32254388049341,96.32254388049341,-0.0008092091318212343,0.0,4.962842585608949,177,0.33677488168039327,-0.16755017470331426,13223.114315629391
1177,96.05653594873924,96.05653594873924,-0.0027654576736784392,0.0,4.962842585608949,177,0.3368480870053048,-0.12817379207521842,13217.43071690108
1178,95.75416994245386,95.75416994245386,-0.0031527568321819736,0.0,4.962842585608949,177,0.3368390779655038,-0.06595159733204874,13214.110654547134
1179,95.62366447186969,95.62366447186969,-0.0013638516833769478,0.0,4.962842585608949,177,0.33684405704748743,-0.07344724739882146,13212.873868738336
1180,95.92079566521863,95.92079566521863,0.003102480034867033,0.0,4.962842585608949,177,0.33683293829757455,-0.07741298315174794,13215.689747962711
1181,96.07378325373726,96.07378325373726,0.0015936660478591688,0.0,4.962842585608949,177,0.33682745494492455,-0.12763848217933726,13217.139594299077
1182,96.11331877368939,96.11331877368939,0.00041142740686280345,0.0,4.962842585608949,177,0.3368260454105966,-0.1737411622751265,13217.514268018127
1183,95.94339232541411,95.94339232541411,-0.0017695449603771294,0.0,4.962842585608949,177,0.336832126671262,-0.17601527697650976,13215.903893994528
1184,96.0871167250167,96.0871167250167,0.0014968915840512516,0.0,4.962842585608949,177,0.33682697956636404,-0.17746625673151092,13217.265954121283
1185,96.50915703225971,96.50915703225971,0.004382649513843214,0.0,4.962842585608949,177,0.3368130387697437,-0.16073860708901772,13221.265583105436
1186,96.33741623618691,96.33741623618691,-0.001781113748241561,0.0,4.962842585608949,177,0.33681840572277505,-0.1695940814055941,13219.638014709844
1187,96.02978929549846,96.02978929549846,-0.003198333126200614,0.0,4.962842585608949,177,0.33682902540094833,-0.14473732993890617,13216.72266845697
1188,95.61442811889323,95.61442811889323,-0.004334718079029573,0.0,4.962842585608949,177,0.3368444142722112,-0.12478263846814311,13212.78633684994
1189,96.02727746193443,96.02727746193443,0.004308560920570562,0.0,4.962842585608949,177,0.33682911524277204,-0.14568436953236552,13216.698864090056
1190,96.59074667424501,96.59074667424501,0.005850655172488064,0.0,4.962842585608949,177,0.3368105836660201,-0.10267397941537498,13222.038799054933
1191,96.72974735368757,96.72974735368757,0.0014380338111099507,0.0,4.962842585608949,177,0.3368065889665701,-0.09440830918743748,13223.35609301187
1192,98.03677046318906,98.03677046318906,0.013421636785672836,0.0,4.962842585608949,177,0.33677563224422113,-0.05804050621090849,13235.742605442085
1193,98.66791500580447,98.66791500580447,0.00641720055636857,0.0,4.962842585608949,177,0.33676502940125874,0.01107933557087937,13241.723891974461
1194,99.25083261125614,99.25083261125614,0.005890490900630842,0.0,4.962842585608949,177,0.33675871205648555,0.03759693725728303,13247.248137194942
1195,99.07487501723377,99.07487501723377,-0.0017744309832027258,0.0,4.962842585608949,177,0.3367599432916865,0.02700430643391418,13245.580606674856
1196,98.75105539405571,98.75105539405571,-0.003273786320336713,0.0,4.962842585608949,177,0.3367638437443551,0.04179641048169146,13242.511804173597
1197,98.58959533493707,98.58959533493707,-0.0016363592047585773,0.0,4.962842585608949,177,0.33676623081698176,0.04677835230943461,13240.981665177034
1198,99.22403406738974,99.22403406738974,0.0064145317970685945,0.0,4.962842585608949,177,0.33675867341374827,0.04142113062760452,13246.994170379587
1199,99.70908439576344,99.70908439576344,0.004876526275254589,0.0,4.962842585608949,177,0.3367618997007018,0.04808118203602898,13251.590938315827
1200,100.36475111065141,100.36475111065141,0.006554270931326901,0.0,4.862898100324522,163,0.34008357758008667,0.07835946505589875,13204.487921265885
1201,100.09499146459056,100.09499146459056,-0.0026914113071618475,0.0,4.862898100324522,163,0.3400740072683431,0.07345783640847293,13200.377034691479
1202,99.56816758217118,99.56816758217118,-0.005277138832473139,0.0,4.862898100324522,163,0.3400734443508609,0.0636708632996678,13194.297879011998
1203,98.83690478829456,98.83690478829456,-0.0073714456634542715,0.0,4.862898100324522,163,0.3400547981040443,0.11317641333704155,13186.64396547265
1204,99.0134035652652,99.0134035652652,0.0017841652637219357,0.0,4.862898100324522,163,0.34007256257842233,0.1074593739672405,13187.831776121115
1205,98.97173541341455,98.97173541341455,-0.00042092202152954166,0.0,4.862898100324522,163,0.34006882535448796,0.09215945626250159,13187.476183602272
1206,99.26601287329007,99.26601287329007,0.0029689368304471027,0.0,4.862898100324522,163,0.34009650716290324,0.11079028875949913,13189.987522803758
1207,99.69062447184332,99.69062447184332,0.004268389824948694,0.0,4.862898100324522,163,0.3401417989408979,0.11165702636023887,13193.61112263129
1208,100.86451952470445,100.86451952470445,0.01170659037445351,0.0,4.862898100324522,163,0.3403254683488363,0.1391300184824225,13203.629044717221
1209,100.47856458548691,100.47856458548691,-0.0038338084832303864,0.0,4.862898100324522,163,0.3402622120810964,0.09828289219253368,13200.335337583574
1210,100.44148899988933,100.44148899988933,-0.00036905809407069905,0.0,4.862898100324522,163,0.3402562611793912,0.08119894674532621,13200.01893764058
1211,100.50736674631891,100.50736674631891,0.0006556668217393924,0.0,4.862898100324522,163,0.34026685241595567,0.09247235931738657,13200.581132812385
1212,101.49049032126463,101.49049032126463,0.009734076905271501,0.0,4.862898100324522,163,0.3404380576843472,0.0882191182510709,13208.97102707989
1213,102.01920040862609,102.01920040862609,0.00519593219331766,0.0,4.862898100324522,163,0.34053961616195433,0.11610274453643264,13213.482994694306
1214,101.46991463980459,101.46991463980459,-0.005398687814883244,0.0,4.862898100324522,163,0.340434141908528,0.09385718546262999,13208.795435937198
1215,102.07125271265824,102.07125271265824,0.005908778359195364,0.0,4.862898100324522,163,0.34054971428675,0.07273011757259297,13213.927204698355
1216,101.64767889385841,101.64767889385841,-0.004158419895935396,0.0,4.862898100324522,163,0.34046804822102344,0.021094637034406474,13210.312461196343
1217,101.09906512227163,101.09906512227163,-0.005411826594066042,0.0,4.862898100324522,163,0.3403647889758316,0.04466019054569955,13205.630637207367
1218,101.11838565738219,101.11838565738219,0.0001910867246606447,0.0,4.862898100324522,163,0.34036804450852975,0.046013441291039014,13205.79551703621
1219,101.11418731182711,101.11418731182711,-4.15199737020478e-05,0.0,4.862898100324522,163,0.3403673370528037,0.03564811961764365,13205.759688706787
1220,101.73244492712018,101.73244492712018,0.006095832333648751,0.0,4.862898100324522,163,0.3404843053521904,0.049750027177072886,13211.035847426381
1221,101.20989687219512,101.20989687219512,-0.0051497307571289975,0.0,4.862898100324522,163,0.3403847907175253,0.023546023814867048,13206.576466080804
1222,101.05322309687097,101.05322309687097,-0.001549207850481578,0.0,4.862898100324522,163,0.34035706994363385,0.029346461029255148,13205.239425201142
1223,101.12080180350145,101.12080180350145,0.0006685201937354795,0.0,4.862898100324522,163,0.34036845164726537,0.05325124763023367,13205.816136224877
1224,101.07634353736995,101.07634353736995,-0.00043975167674104834,0.0,4.862898100324522,163,0.34036096278327427,0.05085991534368134,13205.436733104389
1225,101.20284302668689,101.20284302668689,0.0012507416898053247,0.0,4.862898100324522,163,0.34038345427806865,0.05153279430762346,13206.516269153884
1226,100.66782081475341,100.66782081475341,-0.005300655919583884,0.0,4.862898100324522,163,0.34029296437069734,0.04556146011435311,13201.950434396911
1227,101.24803840041807,101.24803840041807,0.005747138287685972,0.0,4.862898100324522,163,0.34039201689713994,0.03497058088638967,13206.901962688906
1228,101.96156323027277,101.96156323027277,0.007022579213900018,0.0,4.862898100324522,163,0.3405350873824907,0.1048063441154388,13211.193216405361
1229,101.99327188908056,101.99327188908056,0.0003109380470897145,0.0,4.862898100324522,163,0.3406020079473446,0.14128342027237076,13206.799514120188
1230,101.84274768216564,101.84274768216564,-0.0014769149691286493,0.0,4.862898100324522,163,0.3406188140803534,0.16510788251729439,13202.470297141457
1231,101.46346260709012,101.46346260709012,-0.003731174906650711,0.0,4.862898100324522,163,0.34058043124820286,0.17164463092326498,13200.40706864167
1232,100.74168813309116,100.74168813309116,-0.007139061857356575,0.0,4.862898100324522,163,0.34060038199455345,0.1904152637533467,13187.619884537708
1233,101.23253948505386,101.23253948505386,0.004860544081390278,0.0,4.862898100324522,163,0.3406612391592267,0.1726868603820266,13189.137457712279
1234,100.83055547482908,100.83055547482908,-0.003978802171840386,0.0,4.862898100324522,163,0.34067521447661187,0.1480911119445162,13185.24620678657
1235,101.19772305106773,101.19772305106773,0.0036348176915234555,0.0,4.862898100324522,163,0.3406618181154921,0.14107910367961685,13188.800430672565
1236,101.03833884880312,101.03833884880312,-0.0015762197282329798,0.0,4.862898100324522,163,0.34066691521463105,0.1310957501253764,13187.257573472203
1237,100.82982881926245,100.82982881926245,-0.0020658046892836797,0.0,4.862898100324522,163,0.3406752441523484,0.12583241907012094,13185.239172678062
1238,101.24361272632943,101.24361272632943,0.004095387125004085,0.0,4.862898100324522,163,0.3406610574376857,0.11171827950427826,13189.244647946885
1239,101.77820618965396,101.77820618965396,0.005266376803687921,0.0,4.862898100324522,163,0.3406543367491238,0.12505630884373495,13194.419573456673
1240,101.37244480565083,101.37244480565083,-0.0039946898677874435,0.0,4.862898100324522,163,0.34065902441796125,0.10582206320207035,13190.491757123293
1241,101.5009884735085,101.5009884735085,0.001267230341420371,0.0,4.862898100324522,163,0.34065807213238514,0.10481489724076647,13191.715077826033
1242,102.03175292785518,102.03175292785518,0.0052155309640679595,0.0,4.862898100324522,163,0.3406409186944283,0.10333076156932111,13197.174274771254
1243,101.22093176386171,101.22093176386171,-0.007978496976634681,0.0,4.862898100324522,163,0.34066199991791063,0.07218668897224245,13188.982523508928
1244,100.99046662554284,100.99046662554284,-0.0022794485369639008,0.0,4.862898100324522,163,0.3406726413257404,0.08993354506194096,13186.673526930104
1245,101.52071454888029,101.52071454888029,0.005236739344764045,0.0,4.862898100324522,163,0.3406534488930511,0.08639665040868694,13191.98600347144
1246,101.79887536114438,101.79887536114438,0.002736194637523973,0.0,4.862898100324522,163,0.3406468858465479,0.08463971507393955,13194.772856045178
1247,102.61445518753035,102.61445518753035,0.007979755057696212,0.0,4.862898100324522,163,0.34063328481841343,0.07552649562458726,13202.944031272023
1248,102.52531899241542,102.52531899241542,-0.0008690289445913452,0.0,4.862898100324522,163,0.3406342995908518,0.07951979385094987,13202.050988744764
1249,103.85349669280487,103.85349669280487,0.012871437729318988,0.0,4.862898100324522,163,0.3406525093163612,0.04885198314102728,13215.357807245122
1250,104.04904696558626,104.04904696558626,0.0018811730439495808,0.0,4.862898100324522,163,0.34065793223267604,0.05326978562139532,13217.3169968828
1251,103.92490883519726,103.92490883519726,-0.0011937854877424614,0.0,4.862898100324522,163,0.34065444752540047,0.05011841828422111,13216.073275075414
1252,104.16503806077674,104.16503806077674,0.0023079378485152914,0.0,4.862898100324522,163,0.34066150174015947,0.00510243422263191,13218.479094733791
1253,105.43216541661253,105.43216541661253,0.012091218512013432,0.0,4.862898100324522,163,0.34075306463422916,-0.0027052137280060935,13231.174258743851
1254,105.96049734682973,105.96049734682973,0.004998593833698624,0.0,4.862898100324522,163,0.340802742659934,0.03579594214741554,13236.467539229801
1255,106.12098588111768,106.12098588111768,0.0015134613590907608,0.0,4.862898100324522,163,0.3408291602505027,0.028290708716547628,13238.075450427625
1256,105.16148447382653,105.16148447382653,-0.009082703376977372,0.0,4.862898100324522,163,0.34073058090962,0.01678616520772426,13228.462345890546
1257,105.30875103177223,105.30875103177223,0.0013994053042705975,0.0,4.862898100324522,163,0.34074259931647405,0.024011824837447113,13229.937788037469
1258,105.03430137089673,105.03430137089673,-0.0026095448695303575,0.0,4.862898100324522,163,0.3407203616451066,0.009411057481281761,13227.188116947758
1259,104.29366564000706,104.29366564000706,-0.007076348488510085,0.0,4.862898100324522,163,0.3406656841323832,0.01206169486651033,13219.767795673777
1260,104.16090682419116,104.16090682419116,-0.0012737435518518224,0.0,4.862898100324522,163,0.34066301801471377,0.03538855236483087,13218.391857392542
1261,104.0424736078175,104.0424736078175,-0.0011376686478560352,0.0,4.862898100324522,163,0.3406650834494124,0.024824124492488,13216.00042306808
1262,104.14576304370314,104.14576304370314,0.0009922697460896619,0.0,4.862898100324522,163,0.3406775207609593,-0.007771055612613419,13215.711616991606
1263,104.00776325955202,104.00776325955202,-0.0013259425081125565,0.0,4.862898100324522,163,0.3406821489988272,-0.0030941764350811782,13213.246488083878
1264,103.95293041500152,103.95293041500152,-0.0005273385547270367,0.0,4.862898100324522,163,0.34068387322025423,-0.00016225145996842032,13211.772227416763
1265,103.46712473868605,103.46712473868605,-0.004684277653569935,0.0,4.862898100324522,163,0.34071062989954876,0.006651139577208049,13205.656407850069
1266,102.84476828314448,102.84476828314448,-0.006033179514770161,0.0,4.862898100324522,163,0.3406674108827699,0.025140285191148866,13201.82449664664
1267,102.35730849451735,102.35730849451735,-0.004751030917477366,0.0,4.862898100324522,163,0.3406354511396549,0.01978965271488345,13198.82315776981
1268,103.29195769456493,103.29195769456493,0.00908980277703227,0.0,4.862898100324522,163,0.3406981028115342,0.022510863668197073,13204.577886766432
1269,103.60704571589343,103.60704571589343,0.003045817135162545,0.0,4.862898100324522,163,0.3407206546374782,0.03594304604814747,13206.517915359764
1270,103.66615089422086,103.66615089422086,0.0005703118482862341,0.0,4.862898100324522,163,0.3407248888770996,0.036146028647720395,13206.881831878982
1271,103.54114054437346,103.54114054437346,-0.001206621293553181,0.0,4.862898100324522,163,0.3407159329775331,0.03500260033768842,13206.112130599498
1272,103.61471352609676,103.61471352609676,0.0007103152855308322,0.0,4.862898100324522,163,0.3407212039653932,0.0035954250648490035,13206.565126837306
1273,103.20065084641251,103.20065084641251,-0.0040041825149607834,0.0,4.862898100324522,163,0.3406916290318966,0.02302691109328582,13204.015701331911
1274,103.23808102117336,103.23808102117336,0.0003626274472081582,0.0,4.862898100324522,163,0.34069427740207453,0.04711987306450877,13204.246162677231
1275,103.68560517764658,103.68560517764658,0.004325506300984063,0.0,4.862898100324522,163,0.34072628251270204,0.0669255370095904,13207.001613855933
1276,104.86342688450904,104.86342688450904,0.011295513752753481,0.0,4.862898100324522,163,0.34081491353685567,0.07438926302137425,13214.25358040016
1277,104.91046658249978,104.91046658249978,0.00044848000865828694,0.0,4.862898100324522,163,0.3408186215300921,0.07390294913479062,13214.543208545143
1278,104.5257550224674,104.5257550224674,-0.003673786604619742,0.0,4.862898100324522,163,0.3407887116169945,0.07331322594752354,13212.174500831337
1279,105.41528963367855,105.41528963367855,0.008474187940934332,0.0,4.862898100324522,163,0.3408586387252136,0.04993019098660111,13217.65145477339
1280,105.43473285079631,105.43473285079631,0.00018442698695270168,0.0,4.862898100324522,163,0.3408601891882899,0.07036829520759082,13217.771168613972
1281,104.87924610159916,104.87924610159916,-0.005282464281976996,0.0,4.862898100324522,163,0.34081615968401163,0.06335618368334009,13214.350980908594
1282,105.45927684213922,105.45927684213922,0.005515225672302469,0.0,4.862898100324522,163,0.34086214636298756,0.04244386860529033,13217.922288433756
1283,105.82299859114259,105.82299859114259,0.003442996887086446,0.0,4.862898100324522,163,0.340893266947494,0.051195053853501434,13220.161759772935
1284,106.32558070171461,106.32558070171461,0.004738028908314634,0.0,4.862898100324522,163,0.3409542412985903,0.05835633104056,13223.256208304794
1285,106.1466137840986,106.1466137840986,-0.0016846153481280277,0.0,4.862898100324522,163,0.34092797048356455,0.05331326272199258,13222.154291018407
1286,106.02057745771636,106.02057745771636,-0.0011880851178739538,0.0,4.862898100324522,163,0.34091062718807374,0.07890258722483598,13221.378272698354
1287,106.03288036443463,106.03288036443463,0.00011603589829127282,0.0,4.862898100324522,163,0.34091173983873074,0.059312061698475166,13221.454022930668
1288,106.04976023705662,106.04976023705662,0.00015918203026661182,0.0,4.862898100324522,163,0.3409137700390591,0.06290078001558755,13221.557954001739
1289,105.97300249629643,105.97300249629643,-0.0007240519189920803,0.0,4.862898100324522,163,0.3409063391868903,0.06281468205643008,13221.08534888268
1290,106.64115703891639,106.64115703891639,0.006285157522901004,0.0,4.862898100324522,163,0.34100145416438793,0.048956135957595834,13225.199243508003
1291,106.53594109860855,106.53594109860855,-0.0009871224420514373,0.0,4.862898100324522,163,0.34098547407972535,0.01650786380559437,13224.551418396115
1292,106.4001814445864,106.4001814445864,-0.001275121109517673,0.0,4.862898100324522,163,0.3409652556093817,0.04405104020407979,13223.715532571217
1293,107.44013267517646,107.44013267517646,0.009726504878788183,0.0,4.862898100324522,163,0.34113956554343494,0.042063281538553335,13230.118616745947
1294,108.37612051310707,108.37612051310707,0.008673987177403112,0.0,4.862898100324522,163,0.3413268197898709,0.09726052041591712,13235.881587870463
1295,108.00185145881593,108.00185145881593,-0.003459404154081981,0.0,4.862898100324522,163,0.3412508104693074,0.0766979228648258,13233.577175713304
1296,107.75948184351326,107.75948184351326,-0.0022466464545634825,0.0,4.862898100324522,163,0.3412025636984809,0.08122360054076828,13232.08488164938
1297,107.31937260358694,107.31937260358694,-0.004092544153975309,0.0,4.862898100324522,163,0.3411231857339111,0.09859018869263848,13229.199863832077
1298,107.0105007931023,107.0105007931023,-0.002882211605968286,0.0,4.862898100324522,163,0.34116182170296355,0.10258431047723274,13223.940734920992
1299,107.46314684309652,107.46314684309652,0.004221000827312026,0.0,4.862898100324522,163,0.3411744791574675,0.10922019930668395,13228.123262037807
1300,108.54617884889097,108.54617884889097,0.010027725216874806,0.0,4.862898100324522,163,0.34136682635708426,0.12565018727236388,13233.93934093516
1301,108.23908259474702,108.23908259474702,-0.0028331857758151476,0.0,4.862898100324522,163,0.3413736928267085,0.10067440077460534,13228.645502538082
1302,108.65556756934008,108.65556756934008,0.0038404403812817346,0.0,4.862898100324522,163,0.3414389154654726,0.1190048319708431,13230.255048675464
1303,108.03599882599929,108.03599882599929,-0.005718454502023415,0.0,4.862898100324522,163,0.34141949439965213,0.08848110752218155,13224.428432851484
1304,108.61816240894883,108.61816240894883,0.005374140803680615,0.0,4.862898100324522,163,0.3414370391170722,0.07793288219392629,13229.90327899409
1305,108.91130688293529,108.91130688293529,0.0026952178240096246,0.0,4.862898100324522,163,0.3414523102066864,0.07854526425175348,13232.660100168821
1306,109.08176119406112,109.08176119406112,0.001563851065251589,0.0,4.862898100324522,163,0.3414616301017052,0.07170938859872641,13234.263105157606
1307,108.52494101704974,108.52494101704974,-0.005117686051449423,0.0,4.862898100324522,163,0.3414336970682856,0.07914624934876249,13229.026596232072
1308,109.5233936850791,109.5233936850791,0.009158149709124295,0.0,4.862898100324522,163,0.3414869616308926,0.05840498346709834,13238.416353506891
1309,109.75689207870644,109.75689207870644,0.002129680569025697,0.0,4.862898100324522,163,0.34150116876704906,0.061999871441556574,13240.612244519481
1310,110.13749764312884,110.13749764312884,0.0034617158262679726,0.0,4.862898100324522,163,0.3415268054361428,0.06540803672022695,13244.191576802126
1311,110.3233384334367,110.3233384334367,0.0016859305955114362,0.0,4.862898100324522,163,0.3415398451126936,0.06902484725079891,13245.93928099345
1312,110.67415405605591,110.67415405605591,0.0031748407037664643,0.0,4.862898100324522,163,0.34157749445647934,0.05958485109000427,13249.23845946238
1313,111.98194572848564,111.98194572848564,0.011747324355582673,0.0,4.862898100324522,163,0.3417323001376614,0.04464663715372039,13261.537336277826
1314,112.1091336539044,112.1091336539044,0.0011351450439407362,0.0,4.862898100324522,163,0.3417513270269347,0.04449920649246822,13262.733450812057
1315,112.41881673788616,112.41881673788616,0.0027585276560757647,0.0,4.862898100324522,163,0.3418085650759449,0.048727915102199586,13265.645806183338
1316,111.11718697322405,111.11718697322405,-0.0116459492384862,0.0,4.862898100324522,163,0.341627392118892,0.03420218672423144,13253.404877851723
1317,111.89588772573377,111.89588772573377,0.006983482186096762,0.0,4.862898100324522,163,0.34172141300317804,-0.017900846936382556,13260.72802023985
1318,111.23994066246367,111.23994066246367,-0.005879369149422399,0.0,4.862898100324522,163,0.3416415889406512,-0.06422823087153526,13254.559291459354
1319,111.03564944762714,111.03564944762714,-0.001838180002210282,0.0,4.862898100324522,163,0.34161800549762944,-0.06658655773870843,13252.638073777116
1320,110.77875639672857,110.77875639672857,-0.002316289284976498,0.0,4.862898100324522,163,0.34158908243654773,-0.06305077315376659,13250.222172181815
1321,110.5436756662798,110.5436756662798,-0.00212432889574733,0.0,4.862898100324522,163,0.3415632334938581,-0.05557222390548995,13248.011400385034
1322,109.8492346881104,109.8492346881104,-0.00630186583838335,0.0,4.862898100324522,163,0.34150723905351077,-0.03819134278692013,13241.480662939493
1323,108.99722073002062,108.99722073002062,-0.0077864479108955865,0.0,4.862898100324522,163,0.3414569717174308,0.0014873922102287428,13233.468060522384
1324,108.84226802449894,108.84226802449894,-0.0014226321640897165,0.0,4.862898100324522,163,0.3414522495102314,0.00900593833394667,13230.743903290118
1325,109.20161539683298,109.20161539683298,0.0032961043624220227,0.0,4.862898100324522,163,0.3415013151502367,-0.019424828983832795,13232.754416053278
1326,109.60753599614834,109.60753599614834,0.003710275026381932,0.0,4.862898100324522,163,0.3415337790519772,-0.042859733558854994,13235.470798621474
1327,109.57844575064968,109.57844575064968,-0.00026543892485849567,0.0,4.862898100324522,163,0.3415347270954784,-0.014424276909395616,13234.326352893368
1328,108.2454569226148,108.2454569226148,-0.012239294694612747,0.0,4.862898100324522,163,0.34140728683816696,-0.013485849832140013,13217.855886075107
1329,106.93366443726487,106.93366443726487,-0.01219271394167278,0.0,4.862898100324522,163,0.34123715727627313,0.08466706465315778,13209.184835236068
1330,105.47430737676484,105.47430737676484,-0.01374129239431622,0.0,4.862898100324522,163,0.3410976318663756,0.169614624498653,13199.538371023757
1331,105.86104494520609,105.86104494520609,0.003659946108348114,0.0,4.862898100324522,163,0.3411358582973976,0.1448791486036904,13202.029716898818
1332,105.96785888203912,105.96785888203912,0.001008492646245696,0.0,4.862898100324522,163,0.341138960608644,0.14668988893887167,13202.95444849758
1333,105.934523412861,105.934523412861,-0.00031463043588376456,0.0,4.862898100324522,163,0.34113796771904115,0.1477324486860529,13202.66584981259
1334,104.93343381711502,104.93343381711502,-0.009495014131237099,0.0,4.862898100324522,163,0.3411125262313639,0.1441607166924441,13193.999010916596
1335,105.08031729260269,105.08031729260269,0.0013987988754198743,0.0,4.862898100324522,163,0.34111586874265765,0.11722802381610556,13195.27064077265
1336,105.37242457812714,105.37242457812714,0.002775991137131435,0.0,4.862898100324522,163,0.3411230507598724,0.12388763412021987,13197.79953208742
1337,105.01377303923655,105.01377303923655,-0.003409462126118269,0.0,4.862898100324522,163,0.3411143281213531,0.11902733843000213,13194.694540166043
1338,105.41672074906165,105.41672074906165,0.0038297510505579755,0.0,4.862898100324522,163,0.3411241751383636,0.12884273221036288,13198.183022015623
1339,106.93521413571236,106.93521413571236,0.014301911312433316,0.0,4.862898100324522,163,0.34117050461404697,0.14643159416987991,13211.329235504065
1340,106.554691283199,106.554691283199,-0.0035647892084779286,0.0,4.862898100324522,163,0.34115719747137213,0.11938365980729987,13208.034894744764
1341,106.24098917838066,106.24098917838066,-0.0029483900367618912,0.0,4.862898100324522,163,0.3411472316044869,0.14064969906602479,13205.319048315685
1342,105.87805488486607,105.87805488486607,-0.0034219902251699705,0.0,4.862898100324522,163,0.3411363253124622,0.13835948348964566,13202.176978849488
1343,105.18461396644437,105.18461396644437,-0.006570971714617264,0.0,4.862898100324522,163,0.34111835241872657,0.13919771555847685,13196.173579404132
1344,105.73307729707564,105.73307729707564,0.005200745025890972,0.0,4.862898100324522,163,0.34113238990076233,0.12591170208738364,13200.921849036682
1345,105.87732080213331,105.87732080213331,0.001363293379662594,0.0,4.862898100324522,163,0.3411363048599819,0.12878734745553194,13202.170623597362
1346,105.78945696489399,105.78945696489399,-0.0008302090976477339,0.0,4.862898100324522,163,0.34113391302036555,0.12837655005516746,13201.409950701176
1347,106.14538417065678,106.14538417065678,0.003358839334586834,0.0,4.862898100324522,163,0.3411443331746192,0.1263576641402735,13204.491356965067
1348,105.84597163206261,105.84597163206261,-0.002824763647102619,0.0,4.862898100324522,163,0.34113544872189255,0.12135123488664146,13201.899221109832
1349,105.62698651483271,105.62698651483271,-0.0020710467893582927,0.0,4.862898100324522,163,0.34112955107766096,0.12593026797562365,13200.003378080679
1350,105.10138710453518,105.10138710453518,-0.004988416995783927,0.0,4.862898100324522,163,0.3411297332069909,0.13423476460988534,13194.25091777531
1351,104.84280672961457,104.84280672961457,-0.0024633260958845027,0.0,4.862898100324522,163,0.34115849607164417,0.13871571893175294,13189.659123358348
1352,105.10531042155314,105.10531042155314,0.0025006542787120636,0.0,4.862898100324522,163,0.34119303918899985,0.14049098467685203,13190.847660815689
1353,104.70051106782464,104.70051106782464,-0.003858804804899508,0.0,4.862898100324522,163,0.3412123013176958,0.095023163861995,13183.601054366654
1354,104.4829424868917,104.4829424868917,-0.0020801708327243536,0.0,4.862898100324522,163,0.341196655479362,0.11607172751886143,13181.949511842009
1355,104.11014401296931,104.11014401296931,-0.003574412528210671,0.0,4.862898100324522,163,0.3412136499646762,0.11587441127936866,13177.328056563252
1356,103.62639067948935,103.62639067948935,-0.0046573820886023735,0.0,4.862898100324522,163,0.341193804303411,0.11845157280460718,13173.438152161903
1357,102.75790982718448,102.75790982718448,-0.008416201974206745,0.0,4.862898100324522,163,0.3411908613604125,0.12770727751225472,13166.454618910435
1358,102.76533603946332,102.76533603946332,7.22663974166135e-05,0.0,4.862898100324522,163,0.3411908526845226,0.13037593530635364,13166.514333756473
1359,102.52823233897404,102.52823233897404,-0.002309899991383699,0.0,4.862898100324522,163,0.34119120930165026,0.10323016193449698,13164.607761410038
1360,101.98181876595221,101.98181876595221,-0.005343648102245535,0.0,4.862898100324522,163,0.3412021297037418,0.12349626054603104,13160.214000343083
1361,101.91535906562828,101.91535906562828,-0.0006518942869569803,0.0,4.862898100324522,163,0.34120382993394555,0.1276415593672293,13159.679591868948
1362,102.38711633793736,102.38711633793736,0.00461823196071838,0.0,4.862898100324522,163,0.3411922696385114,0.14058297469942388,13163.473034855113
1363,102.55377790359387,102.55377790359387,0.0016264357878632873,0.0,4.862898100324522,163,0.3411911687359763,0.16653618369282092,13164.813175610565
1364,102.17220384027219,102.17220384027219,-0.0037276607679859026,0.0,4.862898100324522,163,0.34119739718350034,0.1522650556919151,13161.74490398197
1365,102.47686258779534,102.47686258779534,0.0029773795493124506,0.0,4.862898100324522,163,0.3411913168295837,0.14069442276423455,13164.194692584713
1366,102.93728081651686,102.93728081651686,0.004482836401924511,0.0,4.862898100324522,163,0.3411907208563816,0.15676322910963067,13167.896957293633
1367,102.72578075571315,102.72578075571315,-0.0020567634629717812,0.0,4.862898100324522,163,0.3411909047969352,0.17841253178656097,13166.196266134591
1368,102.1648826540942,102.1648826540942,-0.005475110416903919,0.0,4.862898100324522,163,0.3411975759642457,0.17042188413873283,13161.686033660328
1369,102.1427490117944,102.1427490117944,-0.0002166697563465181,0.0,4.862898100324522,163,0.3411981164695934,0.1599354419492627,13161.50805503643
1370,101.17916893748608,101.17916893748608,-0.009478439885726102,0.0,4.862898100324522,163,0.34122518448175276,0.14260843728017095,13153.75982032115
1371,101.10929110479383,101.10929110479383,-0.0006908731764242008,0.0,4.862898100324522,163,0.3412274659696896,0.13165116800830284,13153.197926334824
1372,101.42703144283115,101.42703144283115,0.003137615956588109,0.0,4.862898100324522,163,0.3412177036620127,0.09853999736694426,13155.752905192594
1373,101.71340713688176,101.71340713688176,0.0028194867133783026,0.0,4.862898100324522,163,0.341209406853209,0.09763794256837947,13158.055678105213
1374,102.01488316596584,102.01488316596584,0.002959591411608459,0.0,4.862898100324522,163,0.34120128462805915,0.10212571735750024,13160.47987418051
1375,101.58609650812625,101.58609650812625,-0.004212035644031201,0.0,4.862898100324522,163,0.3412130806685555,0.1233716397953663,13157.031961800101
1376,101.87820152157784,101.87820152157784,0.002871316658180864,0.0,4.862898100324522,163,0.34120480305737705,0.17975736074773663,13159.380804689323
1377,100.97865270183911,100.97865270183911,-0.0088688619319346,0.0,4.862898100324522,163,0.3412318977894446,0.18504086171691125,13152.147451095754
1378,101.87404192357141,101.87404192357141,0.008828031971619398,0.0,4.862898100324522,163,0.3412049182616269,0.12532169786254008,13159.347356984732
1379,101.45816284914326,101.45816284914326,-0.004090642255257464,0.0,4.862898100324522,163,0.34121679174378233,0.10748074844015694,13156.003235652464
1380,102.08533805090026,102.08533805090026,0.006162586217291852,0.0,4.862898100324522,163,0.3411995204442566,0.09114852188380584,13161.046408296217
1381,101.76545304486133,101.76545304486133,-0.0031384255796515132,0.0,4.862898100324522,163,0.34120792834825336,0.0805931129330957,13158.474183968656
1382,102.10034647152202,102.10034647152202,0.003285433149588595,0.0,4.862898100324522,163,0.34120215851176633,0.05530936874268893,13161.095286879929
1383,102.80917269541064,102.80917269541064,0.006918458977436869,0.0,4.862898100324522,163,0.34115558308659344,0.07500337576880232,13167.103157477066
1384,103.1135222956423,103.1135222956423,0.002955961914297448,0.0,4.862898100324522,163,0.3411617272330917,0.09425930171796922,13169.050167303563
1385,102.76166918426111,102.76166918426111,-0.003418123878131599,0.0,4.862898100324522,163,0.3411808886628785,0.07677363175770505,13165.397921836047
1386,103.47581079334147,103.47581079334147,0.006925457617678668,0.0,4.862898100324522,163,0.34117112400232785,0.06176043492396523,13172.999545968392
1387,103.29016805911245,103.29016805911245,-0.0017956801708150338,0.0,4.862898100324522,163,0.34118924229694475,0.06264146402834879,13171.046648341295
1388,103.89997925958697,103.89997925958697,0.00588650540813036,0.0,4.862898100324522,163,0.34118449754146774,-0.020122901881106513,13176.44684873094
1389,103.24347330226566,103.24347330226566,-0.00633868121188426,0.0,4.862898100324522,163,0.3411897315044383,-0.14728184232087374,13170.63314159704
1390,103.18939599756565,103.18939599756565,-0.0005239214677431248,0.0,4.862898100324522,163,0.3411903299783903,-0.12660386138859211,13170.154258490784
1391,102.76650883515381,102.76650883515381,-0.004106585407727052,0.0,4.862898100324522,163,0.3412042229044708,-0.13115704418377566,13166.409369224311
1392,102.75472220504382,102.75472220504382,-0.00011469987857952006,0.0,4.862898100324522,163,0.34120514124344004,-0.13262868247131812,13166.304992386918
1393,102.47684718498893,102.47684718498893,-0.00270791857881749,0.0,4.862898100324522,163,0.34122688027721,-0.13121885547009152,13163.844262261911
1394,102.12914600005561,102.12914600005561,-0.0033987422775359657,0.0,4.862898100324522,163,0.3412561918695059,-0.12062003050448351,13160.765184552458
1395,102.04418887127781,102.04418887127781,-0.0008322059659215005,0.0,4.862898100324522,163,0.34126366794140556,-0.12495324805297205,13160.012844287845
1396,101.57967749397599,101.57967749397599,-0.004562453226773762,0.0,4.862898100324522,163,0.341305360836808,-0.11583203580879906,13155.899350605294
1397,101.35954260505093,101.35954260505093,-0.002169467046911576,0.0,4.862898100324522,163,0.34132580016801234,-0.10151090939014144,13153.949939849928
1398,101.15947039984468,101.15947039984468,-0.00197583690861097,0.0,4.862898100324522,163,0.3413449776660774,-0.15591892250162195,13152.178194759526
1399,101.10720466791149,101.10720466791149,-0.0005168002398709773,0.0,4.862898100324522,163,0.3413500478483654,-0.15169369221101034,13151.715354087313
1400,101.68179049247193,101.68179049247193,0.005666849542338709,0.0,4.707298648709497,140,0.4131966888776001,-0.1497217495327247,11771.11495664536
1401,101.85345108049404,101.85345108049404,0.0016867902324637365,0.0,4.707298648709497,140,0.41317019697728924,-0.1402068133035155,11772.575007175214
1402,101.72195143440628,101.72195143440628,-0.0012919013078472397,0.0,4.707298648709497,140,0.4131904903624224,-0.1581760500809974,11771.456543524599
1403,101.84506403526605,101.84506403526605,0.001209553675337946,0.0,4.707298648709497,140,0.41317149117392854,-0.13002579450949053,11772.503671582286
1404,100.98631297256095,100.98631297256095,-0.008467685882992152,0.0,4.707298648709497,140,0.4133067084962433,-0.15234797336522504,11765.199607448745
1405,101.05701119208952,101.05701119208952,0.0006998323028621242,0.0,4.707298648709497,140,0.4132952403931615,-0.1635374742310438,11765.8009276124
1406,100.6136268422341,100.6136268422341,-0.004397120657401485,0.0,4.707298648709497,140,0.4133672350211281,-0.16666182201703725,11762.029744241805
1407,100.45330820043453,100.45330820043453,-0.0015946796596842602,0.0,4.707298648709497,140,0.4133933893959684,-0.1589167073916996,11760.666162067228
1408,100.03796809275003,100.03796809275003,-0.004143229665845108,0.0,4.707298648709497,140,0.41346145686591373,-0.15783219970095203,11757.133507593178
1409,100.87090686110498,100.87090686110498,0.008291754565919606,0.0,4.707298648709497,140,0.4133302093631499,-0.17764577733319,11764.114328682273
1410,101.75019148463267,101.75019148463267,0.008679156812838033,0.0,4.707298648709497,140,0.4131019768199275,-0.10231428387828032,11773.28885467843
1411,101.93407076838133,101.93407076838133,0.0018055330506914996,0.0,4.707298648709497,140,0.41311848157770303,-0.07894163529654663,11773.825154303899
1412,102.0750114618866,102.0750114618866,0.0013817102100282315,0.0,4.707298648709497,140,0.41313383982004326,-0.06719704496509833,11773.926968482649
1413,101.38297066081608,101.38297066081608,-0.006802814642317615,0.0,4.707298648709497,140,0.4131887285031521,-0.07963464916014944,11766.252439644059
1414,101.72354377989151,101.72354377989151,0.0033536436703003546,0.0,4.707298648709497,140,0.41316156886369765,-0.10299832684840815,11768.455726786007
1415,101.44221195561023,101.44221195561023,-0.0027694825152150384,0.0,4.707298648709497,140,0.4132011214411186,-0.12154639881974288,11765.8944232037
1416,101.03199468031221,101.03199468031221,-0.004052050316899008,0.0,4.707298648709497,140,0.41325995367202134,-0.14298845410002337,11762.15971960438
1417,101.47252228814287,101.47252228814287,0.0043507997681996365,0.0,4.707298648709497,140,0.41319682589834256,-0.16121445896264142,11766.170374790388
1418,101.70525077121519,101.70525077121519,0.0022908862652742217,0.0,4.707298648709497,140,0.41316412862024304,-0.15021280642350138,11768.289183421162
1419,101.5309589515086,101.5309589515086,-0.0017151654488333312,0.0,4.707298648709497,140,0.41318857865925646,-0.16323457014052334,11766.70239435696
1420,101.37800113222993,101.37800113222993,-0.001507650013961027,0.0,4.707298648709497,140,0.4132102831571976,-0.16754385909356606,11765.309834480517
1421,101.35536793106799,101.35536793106799,-0.00022328047287466156,0.0,4.707298648709497,140,0.41321351272017653,-0.1651315280901662,11765.103777098408
1422,102.12423232224612,102.12423232224612,0.0075572003233057,0.0,4.707298648709497,140,0.4131056332920484,-0.16751057159646063,11772.103678813992
1423,101.64250448664178,101.64250448664178,-0.004728237205112463,0.0,4.707298648709497,140,0.41317290931266737,-0.18930155296378187,11767.717928164617
1424,100.43919701076261,100.43919701076261,-0.011909259364570433,0.0,4.707298648709497,140,0.41335143232660126,-0.1223971988360653,11756.762766030142
1425,99.6938674578864,99.6938674578864,-0.007448374416812214,0.0,4.707298648709497,140,0.41350159481963633,-0.07030060274977319,11749.97713038917
1426,100.76418349504205,100.76418349504205,0.010678804900471904,0.0,4.707298648709497,140,0.4132987030488812,-0.1131388889242522,11759.72151073851
1427,100.78452428653041,100.78452428653041,0.00020184492157071017,0.0,4.707298648709497,140,0.4132957573789312,-0.11527442090594266,11759.906697545011
1428,100.40667464317366,100.40667464317366,-0.003756129389436147,0.0,4.707298648709497,140,0.41335792382117875,-0.11743290495127374,11756.466675615118
1429,99.77442087179504,99.77442087179504,-0.0063168389814618345,0.0,4.707298648709497,140,0.4134851549614765,-0.09942072515742853,11750.710505463741
1430,100.70667917918577,100.70667917918577,0.009300278448173788,0.0,4.707298648709497,140,0.4133070310898154,-0.14157005226833944,11759.197979458046
1431,100.59697322500297,100.59697322500297,-0.0010899550379088966,0.0,4.707298648709497,140,0.4133229212704155,-0.14657724302044578,11758.19919357889
1432,101.23506884444716,101.23506884444716,0.006323056922754462,0.0,4.707298648709497,140,0.4132307199369652,-0.1538298500487702,11764.008549133006
1433,101.24445678805328,101.24445678805328,9.27298064683384e-05,0.0,4.707298648709497,140,0.413229374824518,-0.15997388536550897,11764.094018928861
1434,101.14488244362542,101.14488244362542,-0.0009839881175572741,0.0,4.707298648709497,140,0.41324365758153575,-0.152586461304712,11763.187473337226
1435,102.2478876071822,102.2478876071822,0.010846167012982355,0.0,4.707298648709497,140,0.41308857155822193,-0.14133382538665268,11773.22946230858
1436,102.67495191971824,102.67495191971824,0.004168055955043014,0.0,4.707298648709497,140,0.41306506463214954,-0.09815449263212496,11775.925657582135
1437,102.07237035091399,102.07237035091399,-0.005886116623090274,0.0,4.707298648709497,140,0.4131281621316056,-0.06649007099351338,11768.72665331595
1438,101.42115324012099,101.42115324012099,-0.006400393706826903,0.0,4.707298648709497,140,0.4132462050232295,-0.018556248454563953,11761.831301800166
1439,101.82382749838501,101.82382749838501,0.00396245736223104,0.0,4.707298648709497,140,0.41321954776872144,-0.01870295429960694,11765.553120063343
1440,102.40087216804426,102.40087216804426,0.005651091236789681,0.0,4.707298648709497,140,0.4131569390761593,0.008356639879758203,11772.191893896528
1441,102.88734568956995,102.88734568956995,0.004739428664801273,0.0,4.707298648709497,140,0.4131097339277931,0.03213798401392141,11777.788666304372
1442,103.45756373229774,103.45756373229774,0.005526857879093886,0.0,4.707298648709497,140,0.4130677263371572,0.03420790169642307,11784.348901274581
1443,102.7120639294616,102.7120639294616,-0.007231938675770598,0.0,4.707298648709497,140,0.4131245197334855,-0.004523294996361968,11775.772087651754
1444,103.30981501605066,103.30981501605066,0.005802808584859224,0.0,4.707298648709497,140,0.4130775803400738,-0.024585283219716682,11782.649084322997
1445,103.93585501932283,103.93585501932283,0.006041543906633617,0.0,4.707298648709497,140,0.4130503744009349,0.012462868981198373,11789.851538848232
1446,104.12720555578075,104.12720555578075,0.0018393518760835338,0.0,4.707298648709497,140,0.41306392083247295,0.027266751742330606,11792.052985289376
1447,104.21498425341397,104.21498425341397,0.000842639725611934,0.0,4.707298648709497,140,0.41307028352649533,0.03528972338610329,11793.062860177057
1448,104.51412960319998,104.51412960319998,0.0028663519819824585,0.0,4.707298648709497,140,0.4130920198466554,0.061378350137107636,11796.504462577874
1449,103.94330259022637,103.94330259022637,-0.005476690696564354,0.0,4.707298648709497,140,0.4130508865193844,0.04898225447083153,11789.937221537
1450,104.65262242419607,104.65262242419607,0.006800924494642481,0.0,4.707298648709497,140,0.41310225040680104,0.021688802215285047,11798.09779246108
1451,105.72363138637022,105.72363138637022,0.010181930665048283,0.0,4.707298648709497,140,0.4131840100648169,0.05874839686195287,11810.419518398498
1452,105.62616821164941,105.62616821164941,-0.000922292633490821,0.0,4.707298648709497,140,0.41317635131095365,0.04936106469742476,11809.298225701317
1453,105.51980407688632,105.51980407688632,-0.0010074939399248536,0.0,4.707298648709497,140,0.4131680190828802,0.04325749979461018,11808.074529388392
1454,104.2887907978957,104.2887907978957,-0.011734766214475924,0.0,4.707298648709497,140,0.4130756325969477,0.04782385863220045,11793.9119884716
1455,104.37142268858145,104.37142268858145,0.0007920234876083706,0.0,4.707298648709497,140,0.4130816239026951,0.04146280655337885,11794.862650461071
1456,104.21140216793371,104.21140216793371,-0.0015343598127215523,0.0,4.707298648709497,140,0.41307002389810704,0.03410213944129584,11793.021649060129
1457,104.0742183970921,104.0742183970921,-0.0013172660724838068,0.0,4.707298648709497,140,0.41306009327789234,0.03252044559696728,11791.443379515174
1458,104.36020511723656,104.36020511723656,0.0027441426880147556,0.0,4.707298648709497,140,0.4130808099132806,0.028735590095442146,11794.733594734482
1459,104.7928023517937,104.7928023517937,0.004136663934935401,0.0,4.707298648709497,140,0.41311269263228073,0.03634071850682955,11799.710532140007
1460,104.79524963408296,104.79524963408296,2.335326146874356e-05,0.0,4.707298648709497,140,0.4131128751657361,0.03217885799773176,11799.738687592226
1461,105.46010403942478,105.46010403942478,0.006324277691016946,0.0,4.707298648709497,140,0.4131633416150641,0.03118476148958776,11807.38769339912
1462,105.8012068087778,105.8012068087778,0.0032292052377706063,0.0,4.707298648709497,140,0.4132072289215623,0.04035673920298225,11810.321601587826
1463,105.90458052994676,105.90458052994676,0.0009765791543453796,0.0,4.707298648709497,140,0.41322307936157954,0.04371190366019538,11810.02782247422
1464,105.51983091561345,105.51983091561345,-0.0036395990077386607,0.0,4.707298648709497,140,0.4132307134958087,0.04439214461937319,11805.501910376692
1465,105.92507334416268,105.92507334416268,0.0038330829124239487,0.0,4.707298648709497,140,0.4132405914305634,0.035964296182708314,11808.974507943629
1466,106.05065491486539,106.05065491486539,0.0011848675924006375,0.0,4.707298648709497,140,0.41327357718238783,0.02952518737760183,11809.674139333458
1467,105.24351214379037,105.24351214379037,-0.0076400281975240614,0.0,4.707298648709497,140,0.41324305664777455,0.020245049432369103,11800.620090215161
1468,104.44757669404171,104.44757669404171,-0.0075915412212857,0.0,4.707298648709497,140,0.4132144821453171,0.07949795401430747,11791.691758183619
1469,105.09241927449256,105.09241927449256,0.006154859487759238,0.0,4.707298648709497,140,0.41323754828832504,0.020742059483690276,11798.925219977738
1470,104.33429407923703,104.33429407923703,-0.007240036332875153,0.0,4.707298648709497,140,0.4132105604540515,-0.01031918589481068,11790.421020966554
1471,104.89291020574044,104.89291020574044,0.005339816643444321,0.0,4.707298648709497,140,0.4132302846578592,-0.032001751965560495,11796.687245516761
1472,104.08884246144059,104.08884246144059,-0.007695137989638019,0.0,4.707298648709497,140,0.413202461549784,-0.04831509761783002,11787.667690225902
1473,104.73526705204006,104.73526705204006,0.0061911113317758915,0.0,4.707298648709497,140,0.4132246476079331,-0.06325763954143362,11794.918898072028
1474,104.70819137571057,104.70819137571057,-0.0002585487910060563,0.0,4.707298648709497,140,0.4132236812832781,-0.06087417337712549,11794.615179185876
1475,104.68726415930341,104.68726415930341,-0.00019988224122018274,0.0,4.707298648709497,140,0.4132229346910989,-0.06926460633829994,11794.38043007822
1476,105.17297183216444,105.17297183216444,0.004628876335882869,0.0,4.707298648709497,140,0.4132404814263398,-0.06149086654008722,11799.828810816809
1477,104.76081947193072,104.76081947193072,-0.003926503562869343,0.0,4.707298648709497,140,0.4132255595222732,-0.07502367949930054,11795.205529970463
1478,103.70085391670848,103.70085391670848,-0.010169492290708283,0.0,4.707298648709497,140,0.41319059457932195,-0.04384905845448044,11783.315464737143
1479,103.4256474889936,103.4256474889936,-0.002657376895743585,0.0,4.707298648709497,140,0.4132096417301872,-0.02940329309840335,11780.228362177973
1480,103.75716340800315,103.75716340800315,0.0032002288269788685,0.0,4.707298648709497,140,0.41319204977009766,-0.03437351564262961,11783.947111229287
1481,103.43412653431749,103.43412653431749,-0.003118250149697008,0.0,4.707298648709497,140,0.4132087095142459,-0.037155281022780255,11780.323475081897
1482,103.36045186574172,103.36045186574172,-0.000712539683224826,0.0,4.707298648709497,140,0.4132168171159554,-0.017072167789046983,11779.49703632538
1483,103.70377965857985,103.70377965857985,0.0033161507899054027,0.0,4.707298648709497,140,0.4131906701456579,-0.051807549197956305,11783.348283975029
1484,104.22107143572516,104.22107143572516,0.004975767366842106,0.0,4.707298648709497,140,0.41320675537652235,-0.10583616901045229,11789.150956471898
1485,103.10308231130168,103.10308231130168,-0.010785043044648744,0.0,4.707298648709497,140,0.41324533992684576,-0.0846910316921087,11776.610017236615
1486,102.36804298597741,102.36804298597741,-0.007154703219732541,0.0,4.707298648709497,140,0.4133391702483749,-0.0368485295517466,11768.36478182863
1487,102.02699951843648,102.02699951843648,-0.0033371042649370047,0.0,4.707298648709497,140,0.4133900288061457,-0.02150365161026449,11764.53915838598
1488,102.09333592534065,102.09333592534065,0.0006499735471760433,0.0,4.707298648709497,140,0.41338010761291805,-0.037757402372697924,11765.28328087331
1489,101.8450041552859,101.8450041552859,-0.0024353624992175943,0.0,4.707298648709497,140,0.41345133689763425,-0.004427564172056479,11761.194949687024
1490,101.3694874258712,101.3694874258712,-0.004679957552356699,0.0,4.707298648709497,140,0.4135288538854756,0.010461281454344724,11755.929784269638
1491,100.75870184929222,100.75870184929222,-0.006043565104208474,0.0,4.707298648709497,140,0.4136522896134349,0.03176022847321838,11747.910308632643
1492,99.90275512578606,99.90275512578606,-0.008531303698719041,0.0,4.707298648709497,140,0.41381388459507756,0.06012139302189312,11738.588390790828
1493,99.60519498760377,99.60519498760377,-0.0029829423704932296,0.0,4.707298648709497,140,0.4138911178262188,0.07325909623406113,11735.434367200856
1494,99.50234992875218,99.50234992875218,-0.001033060480367627,0.0,4.707298648709497,140,0.4138976347048908,0.07900784119037381,11734.805632084375
1495,100.41504056550615,100.41504056550615,0.009130741207055263,0.0,4.707298648709497,140,0.4138412313969682,0.04709683101268942,11740.385293958458
1496,99.9178259740684,99.9178259740684,-0.00496389455193775,0.0,4.707298648709497,140,0.4138714251019642,0.03597664263139471,11737.345611959585
1497,100.1626436914723,100.1626436914723,0.002447193771512237,0.0,4.707298648709497,140,0.41385644005648475,0.008421615235676121,11738.842285672328
1498,100.26094707494275,100.26094707494275,0.0009809562933928496,0.0,4.707298648709497,140,0.4138504667166378,0.02651748329845623,11739.44325561631
1499,100.42443980036752,100.42443980036752,0.001629343961111332,0.0,4.707298648709497,140,0.4138406687918845,0.012891293715659332,11740.442755435863
1500,100.27492604218995,100.27492604218995,-0.0014899278351828288,0.0,4.707298648709497,140,0.4138496245291694,-0.007487503971695896,11739.528714924698
1501,99.96471988977613,99.96471988977613,-0.003098351469103734,0.0,4.707298648709497,140,0.41386851741040953,-0.02552441095655092,11737.632294196766
1502,99.62110601048062,99.62110601048062,-0.003443272759873579,0.0,4.707298648709497,140,0.41389010967092094,0.005351242980382743,11735.531637978214
1503,99.77456131827974,99.77456131827974,0.0015392043383035169,0.0,4.707298648709497,140,0.41388041893789734,0.02964542325479834,11736.46977484061
1504,99.77380703548333,99.77380703548333,-7.559899413193537e-06,0.0,4.707298648709497,140,0.41388046653670035,0.002237696590105515,11736.465163592513
1505,99.72435350097277,99.72435350097277,-0.0004957793634842838,0.0,4.707298648709497,140,0.41388358736965974,-0.009648989805106893,11736.162833328639
1506,100.68757533250195,100.68757533250195,0.009612494165751587,0.0,4.707298648709497,140,0.41382535194740067,-0.009924032259283035,11742.051413657216
1507,100.55094371004273,100.55094371004273,-0.0013579074632830699,0.0,4.707298648709497,140,0.41383316457848446,-0.018571168437600878,11741.216127061814
1508,99.96914134299445,99.96914134299445,-0.0058029498595005575,0.0,4.707298648709497,140,0.4138682475851703,-0.004652250433703495,11737.659324400602
1509,100.19775445805654,100.19775445805654,0.00228422600600216,0.0,4.707298648709497,140,0.41385429784978994,0.008987272692444473,11739.056932561198
1510,100.08915717244514,100.08915717244514,-0.0010844173028531946,0.0,4.707298648709497,140,0.41386092392943546,-0.048034653269433465,11738.393031662303
1511,100.11525867724441,100.11525867724441,0.0002607485437958481,0.0,4.707298648709497,140,0.4138593312737876,-0.052474871697786016,11738.552601143263
1512,99.25815399874604,99.25815399874604,-0.00859803669103001,0.0,4.707298648709497,140,0.41391316414288437,-0.05672332903782556,11733.312759619608
1513,99.80805666268823,99.80805666268823,0.0055248357908127274,0.0,4.707298648709497,140,0.4138783066794431,-0.0900844701454388,11736.674545974036
1514,99.15848626558281,99.15848626558281,-0.006529466666662609,0.0,4.707298648709497,140,0.41392279637437307,-0.10933847642709586,11732.63064800248
1515,98.94748610438414,98.94748610438414,-0.00213017546580222,0.0,4.707298648709497,140,0.41399507739040686,-0.10321302712237726,11729.816589706903
1516,98.98191301348116,98.98191301348116,0.0003478706003012323,0.0,4.707298648709497,140,0.4140201556324926,-0.10449461152538463,11728.899714285448
1517,100.2096353727712,100.2096353727712,0.012327208822488294,0.0,4.707298648709497,140,0.41383755214883794,-0.08087357225063113,11738.647754463793
1518,100.0441848362705,100.0441848362705,-0.001652408667902059,0.0,4.707298648709497,140,0.413882191566047,-0.10119891455553928,11735.963763407433
1519,99.73367693441885,99.73367693441885,-0.0031085341402252277,0.0,4.707298648709497,140,0.41390729851833963,-0.10373914781857696,11733.152429821783
1520,98.88077977678479,98.88077977678479,-0.00858852285396298,0.0,4.707298648709497,140,0.41398035353761303,-0.09309444705475682,11725.43031257432
1521,97.99489182857295,97.99489182857295,-0.008999526656541279,0.0,4.707298648709497,140,0.4140691864142643,-0.07499134372654576,11717.409497235714
1522,98.27849638288184,98.27849638288184,0.0028898951026425936,0.0,4.707298648709497,140,0.41404044465883855,-0.10195149474391622,11719.977248342262
1523,98.42148631158418,98.42148631158418,0.0014538888304024558,0.0,4.707298648709497,140,0.4140260783243531,-0.09131838023034859,11721.271876873689
1524,99.2790980714951,99.2790980714951,0.008675919113365252,0.0,4.707298648709497,140,0.41394534968720625,-0.06262479788133425,11729.036680054893
1525,99.85364724392396,99.85364724392396,0.005770530264572191,0.0,4.707298648709497,140,0.41389754397149126,-0.02872540515503972,11734.238639088539
1526,99.19559912880169,99.19559912880169,-0.006611936739024012,0.0,4.707298648709497,140,0.4139523588093778,-0.041826451354618197,11728.280681960927
1527,98.88368305419408,98.88368305419408,-0.00314940895371609,0.0,4.707298648709497,140,0.4139800692699955,-0.06210775312882391,11725.45659880163
1528,99.68500237755242,99.68500237755242,0.008070997413377898,0.0,4.707298648709497,140,0.4139113184835679,-0.04428384939839749,11732.711731161075
1529,100.02545676010958,100.02545676010958,0.0034094830469096472,0.0,4.707298648709497,140,0.4138836943458011,0.0040134579320878095,11735.794199704893
1530,100.60951808410861,100.60951808410861,0.005822145159855943,0.0,4.707298648709497,140,0.4138372947946447,0.0445670876156597,11741.082281606983
1531,101.04234689329571,101.04234689329571,0.004292838788601755,0.0,4.707298648709497,140,0.41380447114564833,0.08938150385942846,11745.001106734615
1532,101.57110343926483,101.57110343926483,0.005219374582097104,0.0,4.707298648709497,140,0.4137724155731723,0.13734287797708955,11749.788460059444
1533,102.10227451793816,102.10227451793816,0.005215922554503192,0.0,4.707298648709497,140,0.4137489957847666,0.15716062081922244,11754.597674524824
1534,101.82583316972058,101.82583316972058,-0.0027111664074384147,0.0,4.707298648709497,140,0.41376089789396353,0.1487193136161003,11752.094778971856
1535,100.9022900162333,100.9022900162333,-0.009111212868717892,0.0,4.707298648709497,140,0.4138148669420953,0.15244175972586013,11743.733034005907
1536,101.06351329749364,101.06351329749364,0.0015965407297753257,0.0,4.707298648709497,140,0.41380290502885536,0.1536048591628557,11745.19274702027
1537,100.39017333278647,100.39017333278647,-0.006684836434938188,0.0,4.707298648709497,140,0.4138546609314322,0.1254919980568888,11739.096337730674
1538,99.86154984827763,99.86154984827763,-0.005279602132994356,0.0,4.707298648709497,140,0.4138969068592035,0.13563761070418992,11734.310189142181
1539,99.69775604200635,99.69775604200635,-0.001641555549834089,0.0,4.707298648709497,140,0.41391449498922894,0.1435530186561929,11732.735205571973
1540,99.0606392214616,99.0606392214616,-0.00641098960238277,0.0,4.707298648709497,140,0.4140951914812936,0.1512880887069871,11724.187337003865
1541,99.27940302520868,99.27940302520868,0.002205947825578006,0.0,4.707298648709497,140,0.4140995098802102,0.1408272361628709,11725.263628756733
1542,99.5549693116239,99.5549693116239,0.0027718191739934104,0.0,4.707298648709497,140,0.4140887498198837,0.14603498088219977,11726.841661436398
1543,99.6966875022363,99.6966875022363,0.001422504753797298,0.0,4.707298648709497,140,0.41409522649229036,0.13771905967676967,11727.311903682763
1544,100.23576227506233,100.23576227506233,0.005392582142429892,0.0,4.707298648709497,140,0.4140017688839847,0.17926227767346337,11732.72001249263
1545,99.46560092729584,99.46560092729584,-0.00771316884049525,0.0,4.707298648709497,140,0.4142026840465924,0.11702301446184657,11723.691240385437
1546,98.89145228602932,98.89145228602932,-0.005789058018632606,0.0,4.707298648709497,140,0.41435469590843754,0.1300054615847327,11716.96036866267
1547,99.64136939362348,99.64136939362348,0.007554626664507631,0.0,4.707298648709497,140,0.41415675098824756,0.1016683739159269,11725.75181305726
1548,98.86342608564367,98.86342608564367,-0.007838070499664269,0.0,4.707298648709497,140,0.41436238805924197,0.06500358593236738,11716.631811306415
1549,98.20457613315025,98.20457613315025,-0.006686548803814822,0.0,4.707298648709497,140,0.4145477526226609,0.08534316474474445,11708.907967346771
1550,98.63102913095666,98.63102913095666,0.0043330947617987205,0.0,4.707298648709497,140,0.41442659267848125,0.05420520635245276,11713.907370319654
1551,98.54789797365606,98.54789797365606,-0.0008432053409235407,0.0,4.707298648709497,140,0.4144501397291096,0.027017466317009506,11712.932805345117
1552,99.77531043933149,99.77531043933149,0.012378058494452606,0.0,4.707298648709497,140,0.41412180523312603,0.0083025738811229,11727.3220336104
1553,99.85222124620358,99.85222124620358,0.0007705431212628444,0.0,4.707298648709497,140,0.41410174312488407,0.012013826095279534,11728.223676038759
1554,99.60208842855798,99.60208842855798,-0.002508172916235047,0.0,4.707298648709497,140,0.41416700397212436,0.016274839437968834,11725.291313601198
1555,99.86789250952162,99.86789250952162,0.002665105165626424,0.0,4.707298648709497,140,0.41409765566957135,0.03927493416906749,11728.407393730566
1556,100.17273031247377,100.17273031247377,0.0030477613458482454,0.0,4.707298648709497,140,0.4140181826948714,0.05177390299138213,11731.981074830628
1557,100.11677263536012,100.11677263536012,-0.0005587679608367459,0.0,4.707298648709497,140,0.4140327620457361,0.04944878268043313,11731.32507058454
1558,100.26170218032135,100.26170218032135,0.0014465582729581946,0.0,4.707298648709497,140,0.4139950154497788,0.048002597206456915,11733.0241117489
1559,100.42731666552726,100.42731666552726,0.0016504592404014053,0.0,4.707298648709497,140,0.4139522101006525,0.05083621326854162,11734.965647050445
1560,99.86389308259756,99.86389308259756,-0.005626058874838678,0.0,4.707298648709497,140,0.4140986988074328,0.04210933226735168,11728.360507562673
1561,99.43797083920042,99.43797083920042,-0.004274148604771505,0.0,4.707298648709497,140,0.4142099256911162,0.049551078552073344,11723.367326741318
1562,99.57257506432998,99.57257506432998,0.0013527348015088042,0.0,4.707298648709497,140,0.4141747126381819,0.04941085879794386,11724.94532189374
1563,99.51567274017206,99.51567274017206,-0.0005716291778633604,0.0,4.707298648709497,140,0.4141895906124628,0.04899486466963239,11724.27824334107
1564,100.47904956717062,100.47904956717062,0.009634097012731688,0.0,4.707298648709497,140,0.4139388674698807,0.043652408223253523,11735.572123317705
1565,99.70299981045645,99.70299981045645,-0.007753478864880808,0.0,4.707298648709497,140,0.4141406702033244,0.004849736565548688,11726.47432008786
1566,99.41558552313312,99.41558552313312,-0.0028868675061255664,0.0,4.707298648709497,140,0.414229198805391,0.02385866323760108,11722.828606907866
1567,98.8272617013095,98.8272617013095,-0.005935402535137574,0.0,4.707298648709497,140,0.4145101731024415,0.02861915891064426,11712.738689183443
1568,99.48182055668178,99.48182055668178,0.006601424654807613,0.0,4.707298648709497,140,0.41448951374896076,0.014570582597120026,11717.713723380626
1569,99.45912484771013,99.45912484771013,-0.00022816528818617494,0.0,4.707298648709497,140,0.4145330386604535,0.015344487942786735,11716.289146837837
1570,99.41494450408308,99.41494450408308,-0.0004443047250739597,0.0,4.707298648709497,140,0.41456404898694293,0.01556821831059318,11714.970988290233
1571,99.34488998598137,99.34488998598137,-0.0007049162742797531,0.0,4.707298648709497,140,0.41457614282316085,0.017477282311926263,11714.246997572058
1572,99.58660247549047,99.58660247549047,0.0024301090337142447,0.0,4.707298648709497,140,0.4145451696790663,0.044168799854458124,11716.522771829388
1573,98.64917838338327,98.64917838338327,-0.009457738412895912,0.0,4.707298648709497,140,0.4146798691296016,0.050287107340669275,11707.696725557005
1574,99.0937821931552,99.0937821931552,0.004496792782663342,0.0,4.707298648709497,140,0.4146086575291514,0.019009525761865584,11711.882764545086
1575,98.89647119880976,98.89647119880976,-0.00199313911957755,0.0,4.707298648709497,140,0.41463785293606686,0.014466813975722397,11710.025039764161
1576,99.2670925288736,99.2670925288736,0.0037405641605433196,0.0,4.707298648709497,140,0.41458618048916984,0.00821808341937225,11713.514518044287
1577,99.37213772428608,99.37213772428608,0.0010576481299362334,0.0,4.707298648709497,140,0.4145726401274099,0.022575606503801963,11714.503540796324
1578,98.77737276721459,98.77737276721459,-0.006003211835354006,0.0,4.707298648709497,140,0.41465805047174775,0.015536040353783191,11708.903702818503
1579,99.25015157483617,99.25015157483617,0.004774888818658676,0.0,4.707298648709497,140,0.4145883695016023,-0.016608172968418232,11713.355015375759
1580,99.60669871658708,99.60669871658708,0.0035859717510764457,0.0,4.707298648709497,140,0.4145426141044504,-0.05468342735523248,11716.711982193528
1581,99.73609640308531,99.73609640308531,0.0012982431052483197,0.0,4.707298648709497,140,0.4145263441955439,-0.03955617403153676,11717.930288804366
1582,100.82479866450974,100.82479866450974,0.010856682251962822,0.0,4.707298648709497,140,0.41439116716596164,-0.032241407260038615,11728.180651065253
1583,101.59932529224517,101.59932529224517,0.007652550421171775,0.0,4.707298648709497,140,0.4142978840673419,0.008230643985035018,11735.472983226486
1584,100.98568541162075,100.98568541162075,-0.006058116098974311,0.0,4.707298648709497,140,0.41437158543239627,-0.04665055072171192,11729.695433847744
1585,100.68465490036347,100.68465490036347,-0.0029853743923715257,0.0,4.707298648709497,140,0.4144082977392394,-0.012031029074241533,11726.8611678585
1586,101.38990142565598,101.38990142565598,0.006980090927938197,0.0,4.707298648709497,140,0.41432279410685524,-0.039563819940007225,11733.501213189189
1587,102.0679884929386,102.0679884929386,0.006665650353692253,0.0,4.707298648709497,140,0.4142425714046324,0.0020394562322241386,11739.885546473271
1588,101.83477980488313,101.83477980488313,-0.0022874509423257716,0.0,4.707298648709497,140,0.41427007786529507,-0.022764862773553364,11737.689837306812
1589,102.01148399253914,102.01148399253914,0.0017337009629166435,0.0,4.707298648709497,140,0.41424923054258705,-0.03545350434124024,11739.353544640458
1590,101.65090872623894,101.65090872623894,-0.0035409153180431365,0.0,4.707298648709497,140,0.4142917869260562,-0.05357023271702111,11735.958652177338
1591,102.67549267897986,102.67549267897986,0.01002897847205433,0.0,4.707298648709497,140,0.41418951013214406,-0.08435233338559502,11745.251915846715
1592,102.87166590602541,102.87166590602541,0.001908791033248319,0.0,4.707298648709497,140,0.414198503242766,-0.09084927709698422,11746.26005284185
1593,102.08928319336793,102.08928319336793,-0.007634493460550692,0.0,4.707298648709497,140,0.41429682667201395,-0.08857338682177225,11738.380289130548
1594,102.10212250302729,102.10212250302729,0.00012575759133928474,0.0,4.707298648709497,140,0.41433248582567606,-0.10436129191879571,11737.212201221375
1595,102.32412287218169,102.32412287218169,0.0021719369351749537,0.0,4.707298648709497,140,0.4143392241274305,-0.10163916944002979,11738.140102905909
1596,103.07258274542627,103.07258274542627,0.00728797654116983,0.0,4.707298648709497,140,0.41426927565142213,-0.08522119633603423,11744.729449376926
1597,103.7068407967281,103.7068407967281,0.00613465333806514,0.0,4.707298648709497,140,0.41415902894808926,-0.08716446439543954,11751.495643315482
1598,103.08504253597867,103.08504253597867,-0.006013776988712972,0.0,4.707298648709497,140,0.4143061172930232,-0.1163894676997072,11743.88854297615
1599,103.55877997791562,103.55877997791562,0.004585070737823159,0.0,4.707298648709497,140,0.4141912715681806,-0.14110076611666234,11749.684262396415
1600,102.63866680120968,102.63866680120968,-0.008924642843683156,0.0,4.622440204415495,131,0.426495397766957,-0.15313037923335754,11514.072836558094
1601,102.89177131846112,102.89177131846112,0.00246294074505905,0.0,4.622440204415495,131,0.426479153975052,-0.1654955775782542,11515.626310375337
1602,103.5660601610138,103.5660601610138,0.006531999636053997,0.0,4.622440204415495,131,0.4264371817879477,-0.15718812099210222,11519.764877610483
1603,104.13347605424451,104.13347605424451,0.00546382832796214,0.0,4.622440204415495,131,0.42641904027612465,-0.14105950510259313,11523.247493184452
1604,103.90782822382532,103.90782822382532,-0.0021692607599052087,0.0,4.622440204415495,131,0.4264261812542407,-0.12729337521116416,11521.862539647153
1605,104.70599343413554,104.70599343413554,0.007652121021260219,0.0,4.622440204415495,131,0.42640162135800125,-0.1732748251773421,11526.76142003663
1606,105.15476093941895,105.15476093941895,0.004276818604443771,0.0,4.622440204415495,131,0.42638813086658967,-0.1367617962803377,11529.515810108594
1607,105.29948366766581,105.29948366766581,0.0013753369653303513,0.0,4.622440204415495,131,0.426383815565179,-0.10443425871797325,11530.404071493784
1608,106.23095679023474,106.23095679023474,0.008807045844379958,0.0,4.622440204415495,131,0.42635682702580435,-0.1471402332954185,11536.121152812955
1609,106.18088708232688,106.18088708232688,-0.0004714398964048016,0.0,4.622440204415495,131,0.4263582546124102,-0.14543288581528468,11535.813841109804
1610,105.98928824987549,105.98928824987549,-0.0018060868756274522,0.0,4.622440204415495,131,0.4263637181773447,-0.13786578493279128,11534.637869330003
1611,105.6521369129993,105.6521369129993,-0.0031860645600814727,0.0,4.622440204415495,131,0.42637335454968023,-0.11408267474451012,11532.568543266712
1612,106.46083870802522,106.46083870802522,0.007625235666030523,0.0,4.622440204415495,131,0.4263502736128509,-0.13687655066409007,11537.532093811651
1613,107.87654710300549,107.87654710300549,0.013210285062451638,0.0,4.622440204415495,131,0.4263124434955238,-0.077829079861803,11546.221254907374
1614,108.53972100458853,108.53972100458853,0.006128707265615709,0.0,4.622440204415495,131,0.42629634341032263,-0.039627778877874616,11550.291602223082
1615,108.07681452132546,108.07681452132546,-0.004273978316513623,0.0,4.622440204415495,131,0.42630756554703586,-0.056217791088412246,11547.450431668756
1616,109.06327898579629,109.06327898579629,0.009086035057625518,0.0,4.622440204415495,131,0.42628365756461156,-0.07748752498582674,11553.505032091687
1617,108.78127721740276,108.78127721740276,-0.002589019719661885,0.0,4.622440204415495,131,0.42630786912835233,-0.09441252422891165,11551.219161225732
1618,109.63460606663313,109.63460606663313,0.007813838244156115,0.0,4.622440204415495,131,0.4264297021021982,-0.10651122705335896,11553.670582127806
1619,109.94707056459612,109.94707056459612,0.0028459998453682113,0.0,4.622440204415495,131,0.4264355708828014,-0.10106539471165024,11554.996404598096
1620,109.13038947238604,109.13038947238604,-0.007455672300957528,0.0,4.622440204415495,131,0.4263583580084318,-0.1284069298116806,11551.791706561644
1621,109.90580550655478,109.90580550655478,0.007080284366413935,0.0,4.622440204415495,131,0.4263492110634532,-0.157196638853841,11556.185383497885
1622,110.64341879039597,110.64341879039597,0.0066889016394867514,0.0,4.622440204415495,131,0.4264575517073914,-0.14088327342222196,11558.447514462725
1623,111.02772907487233,111.02772907487233,0.0034673945907578822,0.0,4.622440204415495,131,0.42647676790612593,-0.12636165370919228,11560.375762303807
1624,111.57948194396977,111.57948194396977,0.004957197895440157,0.0,4.622440204415495,131,0.4265043486758129,-0.08528657131310582,11563.14414067312
1625,111.66752167600637,111.66752167600637,0.0007887204322836234,0.0,4.622440204415495,131,0.4265087596438296,-0.1187163412380469,11563.585873382563
1626,111.76066559508556,111.76066559508556,0.0008337705784820418,0.0,4.622440204415495,131,0.4265134347976999,-0.14230433013677096,11564.053215965183
1627,111.21928449224666,111.21928449224666,-0.004855882032638547,0.0,4.622440204415495,131,0.4264863436244588,-0.11706728284534836,11561.336877150117
1628,110.78947778164826,110.78947778164826,-0.003871984539504982,0.0,4.622440204415495,131,0.42646485567237646,-0.08668080455848251,11559.180354425454
1629,110.37060528298576,110.37060528298576,-0.003787962038292071,0.0,4.622440204415495,131,0.4264439066544736,-0.06922526232815382,11557.078693283767
1630,110.3402215151223,110.3402215151223,-0.00027532648485071426,0.0,4.622440204415495,131,0.42644238703527715,-0.06585783049285876,11556.92624502216
1631,110.27718143116377,110.27718143116377,-0.0005714878774963486,0.0,4.622440204415495,131,0.4264392437558558,-0.062153175622540545,11556.609946159742
1632,109.67650675756906,109.67650675756906,-0.005461842188722701,0.0,4.622440204415495,131,0.42640928452304744,-0.04565060559748123,11553.596106329434
1633,110.28328412571766,110.28328412571766,0.005517180252505294,0.0,4.622440204415495,131,0.4264395480534897,-0.04738388183189855,11556.640565968979
1634,110.59190839491028,110.59190839491028,0.0027945598283114943,0.0,4.622440204415495,131,0.4264549756085888,-0.039216250857260035,11558.189064941853
1635,109.9887181164871,109.9887181164871,-0.005469127470368693,0.0,4.622440204415495,131,0.4264248583182917,-0.03809221220112747,11555.162603254217
1636,109.93725085858257,109.93725085858257,-0.00046804166951209235,0.0,4.622440204415495,131,0.42642229130795783,-0.027585507629752454,11554.904370172904
1637,110.30205849572688,110.30205849572688,0.0033128324989439035,0.0,4.622440204415495,131,0.426440484186639,-0.032792304649678236,11556.734764953238
1638,110.03044679194235,110.03044679194235,-0.0024654722734963816,0.0,4.622440204415495,131,0.4264269395173064,-0.023466127400303353,11555.37197373325
1639,110.03935175640771,110.03935175640771,8.092854656986541e-05,0.0,4.622440204415495,131,0.4264273836386598,-0.022559389536125567,11555.416653720225
1640,110.06102913111796,110.06102913111796,0.00019697716735362584,0.0,4.622440204415495,131,0.42642846474989726,-0.020608422343475964,11555.525418311427
1641,109.92247579149704,109.92247579149704,-0.00125967042838673,0.0,4.622440204415495,131,0.4264215543570803,-0.01605133353878984,11554.83023738916
1642,110.74092632811607,110.74092632811607,0.007418124455021285,0.0,4.622440204415495,131,0.42646242786492566,-0.06296161040622353,11558.936751172469
1643,110.97626533055755,110.97626533055755,0.0021228763458758762,0.0,4.622440204415495,131,0.4264741949989947,-0.03219202772982956,11560.117546851665
1644,111.01638918236189,111.01638918236189,0.0003614881071566081,0.0,4.622440204415495,131,0.4264838373890031,-0.05733745328934703,11559.800387763109
1645,111.14973392947397,111.14973392947397,0.0012004059057838894,0.0,4.622440204415495,131,0.4264976277396463,-0.040987483841855236,11559.940958232375
1646,111.62159993049386,111.62159993049386,0.004236332373105266,0.0,4.622440204415495,131,0.4265311797688569,-0.061270428855749,11561.857794316895
1647,110.89543587496388,110.89543587496388,-0.006526840794556368,0.0,4.622440204415495,131,0.426499146005935,-0.06108330230008433,11558.167801358208
1648,109.74964604290673,109.74964604290673,-0.010385911360482796,0.0,4.622440204415495,131,0.42644192826929483,0.002688511715759319,11552.398004388187
1649,108.66853716291277,108.66853716291277,-0.009899521122408944,0.0,4.622440204415495,131,0.42638803655008317,0.07939676548351512,11546.953918077132
1650,107.99421629216235,107.99421629216235,-0.006224632866226285,0.0,4.622440204415495,131,0.42635439688614146,0.14662596463482885,11543.558273947621
1651,107.33502258077799,107.33502258077799,-0.00612267775718394,0.0,4.622440204415495,131,0.4263214927313708,0.1732147562493296,11540.238804903483
1652,107.1838178097242,107.1838178097242,-0.0014097111080697278,0.0,4.622440204415495,131,0.42631394256124194,0.18734591715141422,11539.477390545047
1653,106.63910978409471,106.63910978409471,-0.005094956000079946,0.0,4.622440204415495,131,0.4262867866532395,0.1955097549143267,11536.73443138457
1654,106.44207548017735,106.44207548017735,-0.0018493829929783915,0.0,4.622440204415495,131,0.42627699368657124,0.20412518679456546,11535.742235522881
1655,106.8045214512552,106.8045214512552,0.0033993163343206704,0.0,4.622440204415495,131,0.4262950066162622,0.19384181512881926,11537.567386704373
1656,106.06237901766814,106.06237901766814,-0.0069728589922686875,0.0,4.622440204415495,131,0.4262581950683524,0.15792012823168658,11533.830216898157
1657,105.14294966514254,105.14294966514254,-0.00870655268304206,0.0,4.622440204415495,131,0.4262369474449993,0.21326137179917942,11529.200292156353
1658,104.989191756433,104.989191756433,-0.0014634404342975598,0.0,4.622440204415495,131,0.4262384521149917,0.24218020717276426,11528.426021089384
1659,104.8546597943143,104.8546597943143,-0.0012822103631447781,0.0,4.622440204415495,131,0.426240369387988,0.26950854754167153,11527.748565167114
1660,104.29190175799076,104.29190175799076,-0.005381483590128489,0.0,4.622440204415495,131,0.4262485171192618,0.2952134365226733,11524.91471246395
1661,105.16946372832962,105.16946372832962,0.008379274172377073,0.0,4.622440204415495,131,0.4262366881938894,0.25064934011044904,11529.333807707948
1662,105.45658115308211,105.45658115308211,0.0027263257281966266,0.0,4.622440204415495,131,0.4262338811810495,0.2476582222008642,11530.779630668694
1663,105.07908262299158,105.07908262299158,-0.0035860806465904784,0.0,4.622440204415495,131,0.42623757195340023,0.2513008583092981,11528.878680063124
1664,104.10166157504865,104.10166157504865,-0.00934529767771201,0.0,4.622440204415495,131,0.426251355900297,0.2690352554496103,11523.956729419933
1665,104.33273352224961,104.33273352224961,0.0022172160382307794,0.0,4.622440204415495,131,0.4262479078855369,0.24586437302525868,11525.120326951974
1666,103.57903485319592,103.57903485319592,-0.007250209802823961,0.0,4.622440204415495,131,0.4262592438694954,0.22782233867010449,11521.324963984573
1667,102.96745364208486,102.96745364208486,-0.005921988825945181,0.0,4.622440204415495,131,0.4262777254268552,0.23753080000019144,11518.234513755076
1668,103.15637874311611,103.15637874311611,0.0018331228538634203,0.0,4.622440204415495,131,0.42626618323150506,0.2414802802096699,11519.251567152207
1669,104.23006177289331,104.23006177289331,0.010354511317904727,0.0,4.622440204415495,131,0.42623025508569123,0.23982224600262325,11525.03159832285
1670,103.8614496264356,103.8614496264356,-0.0035427925870507044,0.0,4.622440204415495,131,0.42624150603398175,0.2173309810814036,11523.047223384145
1671,103.67042306279231,103.67042306279231,-0.001840937636400997,0.0,4.622440204415495,131,0.42626767948480976,0.2333780585477164,11521.547623926888
1672,102.52317517240434,102.52317517240434,-0.011127985922192,0.0,4.622440204415495,131,0.42624338597704,0.174446508583534,11515.79602366084
1673,102.7198314233873,102.7198314233873,0.0019163265479940855,0.0,4.622440204415495,131,0.42624622611109436,0.11937208032837661,11516.246743395153
1674,102.96143188550377,102.96143188550377,0.00234927158018522,0.0,4.622440204415495,131,0.4262515397712979,0.1421929632548696,11516.774876659065
1675,102.75595873498102,102.75595873498102,-0.0019976261436288915,0.0,4.622440204415495,131,0.42628828559649673,0.16200266839566638,11515.497735036613
1676,103.27642518179827,103.27642518179827,0.005052288810379499,0.0,4.622440204415495,131,0.4262746292009087,0.17515539952389458,11517.384581532862
1677,103.50872404229618,103.50872404229618,0.0022467663571502706,0.0,4.622440204415495,131,0.4262653223207799,0.1962790528610646,11518.329918802949
1678,102.70657196253954,102.70657196253954,-0.007779792684243422,0.0,4.622440204415495,131,0.42632653051126906,0.16320285530025522,11514.714302519333
1679,103.20530854494507,103.20530854494507,0.004844184380818052,0.0,4.622440204415495,131,0.42628475160249635,0.15158812343067093,11516.910480308205
1680,103.48937320786729,103.48937320786729,0.0027486420004270945,0.0,4.622440204415495,131,0.4262714087153123,0.20373660181398104,11518.081145562437
1681,102.99056386525133,102.99056386525133,-0.004831562039744701,0.0,4.622440204415495,131,0.42630013313840665,0.15764765069007197,11516.025491191773
1682,102.51127685571836,102.51127685571836,-0.004664560442702946,0.0,4.622440204415495,131,0.42633659689271325,0.14601625798639187,11514.050290745885
1683,102.24505233242394,102.24505233242394,-0.0026004048262619657,0.0,4.622440204415495,131,0.4263578067391776,0.12950469104720053,11512.941206422887
1684,103.09026906346789,103.09026906346789,0.008232597285772894,0.0,4.622440204415495,131,0.42628992132663,0.10755793870336063,11516.70130101529
1685,103.11731348879367,103.11731348879367,0.00026230291967063973,0.0,4.622440204415495,131,0.42628797995708195,0.11499002903382134,11516.812754403134
1686,102.57551222457806,102.57551222457806,-0.00526807403582478,0.0,4.622440204415495,131,0.42633076944472625,0.11520492982267898,11514.534662621092
1687,101.62828192702534,101.62828192702534,-0.009277370143448177,0.0,4.622440204415495,131,0.42638950152142713,0.12615750051891095,11510.940509536436
1688,100.95473725484743,100.95473725484743,-0.006649591429169412,0.0,4.622440204415495,131,0.42643948731814446,0.14726484772116108,11508.07608806555
1689,100.67122188957187,100.67122188957187,-0.0028122921605784642,0.0,4.622440204415495,131,0.42645870128603114,0.15369329939631438,11506.991999154294
1690,99.26396638248023,99.26396638248023,-0.014077349355421548,0.0,4.622440204415495,131,0.42657611154180924,0.14821095877113566,11501.063781146324
1691,99.93209297234976,99.93209297234976,0.00670825615271061,0.0,4.622440204415495,131,0.4265309454523439,0.08483271126483109,11503.578694407117
1692,100.77522289341977,100.77522289341977,0.008401635754652623,0.0,4.622440204415495,131,0.4264644132962522,0.14224005314055807,11507.045915204068
1693,99.8748677048409,99.8748677048409,-0.008974441315375722,0.0,4.622440204415495,131,0.42652488138439654,0.08390371837248271,11503.629233521624
1694,99.99673175348794,99.99673175348794,0.001219423510676128,0.0,4.622440204415495,131,0.42651678119638275,0.08220118166272564,11504.086879052971
1695,100.24878415469256,100.24878415469256,0.002517434991502307,0.0,4.622440204415495,131,0.42650460275658914,0.09109061654445509,11504.929553577691
1696,99.40972848241941,99.40972848241941,-0.008404957050485197,0.0,4.622440204415495,131,0.42655897076222726,0.07075440326019203,11501.762978307537
1697,99.12066256954985,99.12066256954985,-0.002912059112090606,0.0,4.622440204415495,131,0.42660799226088086,0.07806905921332204,11499.68443065013
1698,98.9493413193429,98.9493413193429,-0.0017299064933362415,0.0,4.622440204415495,131,0.4266168715755039,0.07875631635331364,11498.523753565603
1699,98.87479953244735,98.87479953244735,-0.0007536167234445441,0.0,4.622440204415495,131,0.4266441567417423,0.07687622927570519,11497.629163523245
1700,99.57962952598108,99.57962952598108,0.007103222240357871,0.0,4.622440204415495,131,0.42661764265603785,0.07827452872400546,11499.73454324264
1701,98.5158059538944,98.5158059538944,-0.010740618999726182,0.0,4.622440204415495,131,0.42674262047753164,0.03262316010684571,11494.030730842222
1702,98.00396199329323,98.00396199329323,-0.005209095485310355,0.0,4.622440204415495,131,0.42680655718239063,0.02915137835652052,11491.286420595525
1703,97.80344412449372,97.80344412449372,-0.0020481139387828495,0.0,4.622440204415495,131,0.4268317761285997,0.02395412474360329,11490.211320986366
1704,97.77282811079728,97.77282811079728,-0.0003130851569734162,0.0,4.622440204415495,131,0.4268356270915181,0.01971473854144186,11490.047169708698
1705,97.84218459877673,97.84218459877673,0.0007091121476313509,0.0,4.622440204415495,131,0.42682690340730944,0.011276210741871778,11490.419032493623
1706,98.00577597865019,98.00577597865019,0.0016705960831890367,0.0,4.622440204415495,131,0.4268083704082972,0.03211808965643222,11491.246109559863
1707,97.83379591678262,97.83379591678262,-0.0017563366219833598,0.0,4.622440204415495,131,0.4268272442726694,0.013406457281379907,11490.391560650862
1708,97.93483387040082,97.93483387040082,0.0010322181107274935,0.0,4.622440204415495,131,0.42681615557371105,-0.023508626072491105,11490.893606481608
1709,98.50470780686545,98.50470780686545,0.0058020450492942246,0.0,4.622440204415495,131,0.4267536312700583,-0.03224311239789565,11493.725243738769
1710,98.21741608811874,98.21741608811874,-0.0029207891547648047,0.0,4.622440204415495,131,0.4267851479246078,-0.05000033773846261,11492.297724628974
1711,98.13343974992844,98.13343974992844,-0.0008553702804303645,0.0,4.622440204415495,131,0.4267943618278804,-0.05092615856543259,11491.880455979323
1712,98.50070794573945,98.50070794573945,0.0037355528243435705,0.0,4.622440204415495,131,0.42675407001156807,-0.04826547526767412,11493.705368894414
1713,98.83676067744769,98.83676067744769,0.003405871767816985,0.0,4.622440204415495,131,0.4267174152279718,-0.03535004861474612,11495.37517580185
1714,98.86510808438886,98.86510808438886,0.00028676923807525697,0.0,4.622440204415495,131,0.42671647441382016,-0.02961681989435694,11495.47216596432
1715,98.19729939458959,98.19729939458959,-0.006777662515664591,0.0,4.622440204415495,131,0.42677843360900436,-0.019223676871368497,11492.380597290481
1716,98.06710761200728,98.06710761200728,-0.0013266980362274627,0.0,4.622440204415495,131,0.4267904887880465,-0.04370875124002117,11491.77937231043
1717,97.76272996717273,97.76272996717273,-0.003108595643100991,0.0,4.622440204415495,131,0.4268186777243567,-0.04612690528559668,11490.373757917467
1718,98.06311632024384,98.06311632024384,0.0030678952178022118,0.0,4.622440204415495,131,0.42679085838381015,-0.05039295727592364,11491.760940545664
1719,97.95042081043438,97.95042081043438,-0.0011498748900348663,0.0,4.622440204415495,131,0.42680129453798166,-0.050786967657973935,11491.240513262983
1720,98.18518193159242,98.18518193159242,0.0023938665901155026,0.0,4.622440204415495,131,0.42677955557885694,-0.027037335322145563,11492.324638908896
1721,98.16164213238284,98.16164213238284,-0.00023977774465752113,0.0,4.622440204415495,131,0.4267817351872028,-0.049648475573251666,11492.215932237636
1722,97.49673039700635,97.49673039700635,-0.00679668635089719,0.0,4.622440204415495,131,0.42685984284637885,-0.04671058364033514,11488.695968751756
1723,98.52148788212394,98.52148788212394,0.01045583242227458,0.0,4.622440204415495,131,0.42680491254987735,-0.09151439096765525,11491.866431859571
1724,98.54753319133066,98.54753319133066,0.00026432677461426466,0.0,4.622440204415495,131,0.4268187966999906,-0.07059391605923972,11491.537005656906
1725,99.24541805829809,99.24541805829809,0.0070567505934461235,0.0,4.622440204415495,131,0.4267897984265123,-0.051940296070917324,11493.578919046508
1726,99.59018133533553,99.59018133533553,0.0034678259184346993,0.0,4.622440204415495,131,0.42677874818195766,-0.05314586078206393,11494.711983726125
1727,100.35806737066082,100.35806737066082,0.007680885583895358,0.0,4.622440204415495,131,0.4267529066866777,-0.025533450002703253,11497.048534516425
1728,99.50751088107583,99.50751088107583,-0.008511336786925578,0.0,4.622440204415495,131,0.42678159541748184,-0.0751803011130062,11494.460431143647
1729,98.76261491605791,98.76261491605791,-0.0075139859497679205,0.0,4.622440204415495,131,0.4268110911285543,-0.03023998745917466,11492.193835352491
1730,98.41724317991063,98.41724317991063,-0.0035031173333578518,0.0,4.622440204415495,131,0.42682798663008437,-0.021818345669208695,11491.142926017099
1731,98.87885138861013,98.87885138861013,0.00467935315195307,0.0,4.622440204415495,131,0.42680553091566775,-0.03574127697660904,11492.547523802745
1732,98.82903768645049,98.82903768645049,-0.0005039121447988031,0.0,4.622440204415495,131,0.426807910548196,-0.021217833944308196,11492.395948907779
1733,98.26292006220808,98.26292006220808,-0.005744721272421845,0.0,4.622440204415495,131,0.426835590344474,-0.026162461031166807,11490.673346175765
1734,98.89207923224208,98.89207923224208,0.006382402759460739,0.0,4.622440204415495,131,0.42680489902363367,-0.04383329091516822,11492.587773953248
1735,98.46133341331782,98.46133341331782,-0.004365229839672718,0.0,4.622440204415495,131,0.4268258143571711,-0.05423807424625262,11491.277085338888
1736,98.28439648372007,98.28439648372007,-0.0017986360099498644,0.0,4.622440204415495,131,0.42683453213412614,-0.06352311430383219,11490.738695390815
1737,98.04163060396337,98.04163060396337,-0.002473090370045552,0.0,4.622440204415495,131,0.4268464946680496,-0.05011650231391737,11489.999998784668
1738,98.10298825548804,98.10298825548804,0.0006256368783691867,0.0,4.622440204415495,131,0.4268434710625496,-0.029199387811214672,11490.186700017097
1739,98.86609928539795,98.86609928539795,0.007748574738892906,0.0,4.622440204415495,131,0.4268061400858464,-0.032875465016197224,11492.508721252017
1740,99.15368765684146,99.15368765684146,0.002904644814359235,0.0,4.622440204415495,131,0.42679415824300804,-0.006406488595057932,11493.383805321351
1741,98.47024976432861,98.47024976432861,-0.006916577273112444,0.0,4.622440204415495,131,0.4268253750654179,-0.02868276191418301,11491.304216327138
1742,98.83399107692905,98.83399107692905,0.003687115118585493,0.0,4.622440204415495,131,0.4268076739187431,-0.04920294750278544,11492.41102125954
1743,98.36815421639047,98.36815421639047,-0.0047244691615861666,0.0,4.622440204415495,131,0.4268304052441105,-0.04901943210143047,11490.993556382502
1744,98.47388169358526,98.47388169358526,0.0010742368810945698,0.0,4.622440204415495,131,0.4268251961277258,-0.06107780338824488,11491.31526768995
1745,98.81434210623608,98.81434210623608,0.0034514046917004716,0.0,4.622440204415495,131,0.4268086125774872,-0.05320399195633517,11492.351232676483
1746,99.66285039235636,99.66285039235636,0.008550236374511648,0.0,4.622440204415495,131,0.42677625862084084,-0.053371927773959854,11494.93310370331
1747,100.45878185528261,100.45878185528261,0.007954518967499975,0.0,4.622440204415495,131,0.42674959277614294,-0.04357097053328517,11497.354992112752
1748,100.47882536143797,100.47882536143797,0.0001994997999574903,0.0,4.622440204415495,131,0.4267508798708161,-0.053436514892513595,11497.27673080397
1749,99.78697824230957,99.78697824230957,-0.006909316108861946,0.0,4.622440204415495,131,0.4268000737510961,-0.07488922356018118,11493.811524793824
1750,99.68011127103698,99.68011127103698,-0.0010715249493880143,0.0,4.622440204415495,131,0.4268329255064399,-0.018881353045678246,11492.61111646478
1751,99.6907645717272,99.6907645717272,0.00010686917690792616,0.0,4.622440204415495,131,0.42684543190166196,-0.057934172647865975,11492.310298649189
1752,99.52874672587859,99.52874672587859,-0.001626526242461752,0.0,4.622440204415495,131,0.42688247598035967,-0.007504969342061628,11490.906861433796
1753,99.16991821393032,99.16991821393032,-0.0036117897635008643,0.0,4.622440204415495,131,0.4268994916109193,0.004523496368217849,11489.716765250423
1754,99.24847618630073,99.24847618630073,0.0007918416708553572,0.0,4.622440204415495,131,0.4268920928788859,-0.00048079470764801326,11490.102161242958
1755,99.16287681496543,99.16287681496543,-0.0008628475674527375,0.0,4.622440204415495,131,0.4269001555702216,0.01560175568133539,11489.68222099144
1756,99.94997993401304,99.94997993401304,0.007906141590797597,0.0,4.622440204415495,131,0.4268270378957849,-0.00762104679174136,11493.543654511659
1757,100.64447840671187,100.64447840671187,0.006924431047707266,0.0,4.622440204415495,131,0.4267634889991933,0.027052601672623758,11496.950780741148
1758,100.44963000558447,100.44963000558447,-0.0019378833486814935,0.0,4.622440204415495,131,0.42678131166900835,0.014893284081509832,11495.994877849562
1759,101.54286085272976,101.54286085272976,0.010824575875060027,0.0,4.622440204415495,131,0.4266816243424519,0.003525929804616702,11501.358137295938
1760,102.03381025581992,102.03381025581992,0.004823247695250165,0.0,4.622440204415495,131,0.42663745180617213,0.0863456528036724,11503.766676197572
1761,101.89050703245319,101.89050703245319,-0.0014054552086900777,0.0,4.622440204415495,131,0.4266502875086714,0.03920507553556614,11503.063647767278
1762,101.8310932192471,101.8310932192471,-0.0005832843922016465,0.0,4.622440204415495,131,0.42665560967761584,0.02980341469010288,11502.772170724022
1763,101.49973168494463,101.49973168494463,-0.0032593368743178376,0.0,4.622440204415495,131,0.4266855221012626,0.03136850600754794,11501.146550770418
1764,101.11145805874483,101.11145805874483,-0.0038327014612526723,0.0,4.622440204415495,131,0.4267208818963371,0.044065236363512374,11499.241726918317
1765,101.61828095521521,101.61828095521521,0.004999996101355705,0.0,4.622440204415495,131,0.4266748086648171,0.028843058273327768,11501.728139275077
1766,102.09807916607866,102.09807916607866,0.004710462112541822,0.0,4.622440204415495,131,0.4266316957347413,0.04341365141069494,11504.081971764792
1767,101.78241281345535,101.78241281345535,-0.003096584688390774,0.0,4.622440204415495,131,0.42665997766480357,0.03266896400111456,11502.533350490492
1768,101.92148811393662,101.92148811393662,0.0013654654766735138,0.0,4.622440204415495,131,0.4266475123931856,0.029340060297530886,11503.215637238081
1769,101.85890586047486,101.85890586047486,-0.0006142127238902282,0.0,4.622440204415495,131,0.4266531182440178,0.042829146007410876,11502.90861620686
1770,101.75035145233332,101.75035145233332,-0.0010663014035779662,0.0,4.622440204415495,131,0.42666287457505375,0.040758796837178465,11502.376061297318
1771,101.89138461331682,101.89138461331682,0.0013851107956188904,0.0,4.622440204415495,131,0.4266502088987782,0.04327834719530761,11503.067953073762
1772,102.11332167810026,102.11332167810026,0.002175804238779341,0.0,4.622440204415495,131,0.4266303306265932,0.03775739300216149,11504.156749701035
1773,103.12799133121678,103.12799133121678,0.00988765765419401,0.0,4.622440204415495,131,0.42654137459927,0.04692176720743005,11509.134597349808
1774,102.62861369306702,102.62861369306702,-0.00485407132975169,0.0,4.622440204415495,131,0.42658432125707224,0.008509009115190432,11506.684710537604
1775,102.52269741330191,102.52269741330191,-0.001032567509362028,0.0,4.622440204415495,131,0.42660047404503676,0.004288377672728339,11506.030204304407
1776,102.92712602802033,102.92712602802033,0.003937011289013825,0.0,4.622440204415495,131,0.4265772216098672,-0.0058334612780533215,11507.778191244082
1777,102.28168838104217,102.28168838104217,-0.006290565804705601,0.0,4.622440204415495,131,0.4266147787934472,-0.015048777942533825,11504.988535576225
1778,102.44811696661253,102.44811696661253,0.0016258367651786102,0.0,4.622440204415495,131,0.4266071656864296,-0.016337210957765982,11505.660379792016
1779,102.37999941157204,102.37999941157204,-0.0006651192107424051,0.0,4.622440204415495,131,0.4266100486132025,-0.015027706378996957,11505.390251633917
1780,102.29398544995674,102.29398544995674,-0.000840497308313146,0.0,4.622440204415495,131,0.42661369086395323,-0.01234787005409178,11505.049153175403
1781,101.63472507026377,101.63472507026377,-0.006465619035844586,0.0,4.622440204415495,131,0.4266419059414686,-0.008611333539145009,11502.434778775605
1782,101.89287303209235,101.89287303209235,0.0025367380411126833,0.0,4.622440204415495,131,0.42663816550158196,0.03321912619703279,11503.274330354354
1783,101.20498067925567,101.20498067925567,-0.006774025138436469,0.0,4.622440204415495,131,0.4266868197297972,0.025711641536611825,11500.17299016285
1784,102.27104796992803,102.27104796992803,0.010478650015283815,0.0,4.622440204415495,131,0.426576040853755,-0.023892390212270062,11504.9899525736
1785,101.69020106307137,101.69020106307137,-0.005695674838891609,0.0,4.622440204415495,131,0.4265854615784324,-0.08050087107382856,11502.921237016273
1786,102.24478278618976,102.24478278618976,0.005438822508335395,0.0,4.622440204415495,131,0.42653649619744954,-0.11527397966084715,11505.171346128349
1787,102.63185536701798,102.63185536701798,0.00377859618219345,0.0,4.622440204415495,131,0.4265424462087881,-0.06175631306386076,11506.231614816019
1788,102.9329038881529,102.9329038881529,0.002928991695367448,0.0,4.622440204415495,131,0.4265015048267588,-0.11260710813083671,11508.032494412533
1789,102.81953870000005,102.81953870000005,-0.001101957266689325,0.0,4.622440204415495,131,0.4265169026857625,-0.1474434339777082,11507.354341091834
1790,102.53120988277625,102.53120988277625,-0.0028081612430265667,0.0,4.622440204415495,131,0.4265561558669218,-0.1303376439352138,11505.629551074371
1791,102.42577664578825,102.42577664578825,-0.0010288329085417916,0.0,4.622440204415495,131,0.42657061447298716,-0.12356071580249493,11504.998846879012
1792,102.16767124862231,102.16767124862231,-0.0025231065486072905,0.0,4.622440204415495,131,0.42660640105988396,-0.12402236245017231,11503.454854097536
1793,102.23152556132366,102.23152556132366,0.0006248000557261012,0.0,4.622440204415495,131,0.4265975466974471,-0.09882201130556416,11503.83683215363
1794,102.27346398771896,102.27346398771896,0.00041014575806366983,0.0,4.622440204415495,131,0.42659173162272745,-0.07789960694822505,11504.087708843277
1795,102.29105034290038,102.29105034290038,0.00017193945178902467,0.0,4.622440204415495,131,0.426589293219266,-0.08968906214246605,11504.192910848935
1796,102.90187393659033,102.90187393659033,0.005953669212657686,0.0,4.622440204415495,131,0.42650571556404454,-0.0970027311515954,11507.846872485414
1797,103.27672239524436,103.27672239524436,0.0036361569855665192,0.0,4.622440204415495,131,0.426462847000231,-0.08556806390772778,11510.089225108273
1798,104.07503628244419,104.07503628244419,0.007700130799533982,0.0,4.622440204415495,131,0.4263796558796022,-0.06541089255359397,11514.864758253736
1799,103.34809223770803,103.34809223770803,-0.007009314980255413,0.0,4.622440204415495,131,0.42645532370943845,-0.11896073268765674,11510.516161246722
1800,102.91840753540676,102.91840753540676,-0.004166312264166079,0.0,4.57376325109707,127,0.427576290078123,-0.0743332215455566,11469.758802782222
1801,103.02383004030375,103.02383004030375,0.0010238066299217844,0.0,4.57376325109707,127,0.42757023178896647,-0.0610840551905791,11470.213762338417
1802,102.91996660607234,102.91996660607234,-0.0010086581361376723,0.0,4.57376325109707,127,0.42757619359732973,-0.048470738226174835,11469.76553108088
1803,103.34036711191764,103.34036711191764,0.004076412370925041,0.0,4.57376325109707,127,0.4275608239711671,-0.052823712580190356,11471.579804302235
1804,103.30979213859672,103.30979213859672,-0.00029591047647794296,0.0,4.57376325109707,127,0.42756172231097167,-0.056396470849544675,11471.447855471137
1805,103.11754770918245,103.11754770918245,-0.0018625874376369295,0.0,4.57376325109707,127,0.42756744135513375,-0.0718299751271835,11470.6182087048
1806,103.27778270897666,103.27778270897666,0.0015527001668285973,0.0,4.57376325109707,127,0.4275626708305124,-0.1288092447243863,11471.309716125004
1807,103.40373773073185,103.40373773073185,0.0012188321150332952,0.0,4.57376325109707,127,0.427558962110593,-0.1327753541640796,11471.853285459218
1808,103.31736349165135,103.31736349165135,-0.0008356596747619035,0.0,4.57376325109707,127,0.42756558649630794,-0.1352569055897071,11471.399080177665
1809,103.24353468044067,103.24353468044067,-0.0007148382390650411,0.0,4.57376325109707,127,0.4275655307690432,-0.15259111608803524,11471.125237237962
1810,102.21545745533508,102.21545745533508,-0.010007698323740813,0.0,4.57376325109707,127,0.42760288516475503,-0.12677874961361102,11466.917882680566
1811,101.89121644492623,101.89121644492623,-0.003177174728934688,0.0,4.57376325109707,127,0.42761663563753344,-0.09344309437576498,11465.773676541203
1812,102.5922065118202,102.5922065118202,0.006856231207029175,0.0,4.57376325109707,127,0.4276042712507533,-0.11714518238526074,11468.045132142192
1813,103.47493706058319,103.47493706058319,0.00856745944959344,0.0,4.57376325109707,127,0.42763146886601044,-0.0712550919401047,11470.182820126334
1814,103.77617438910679,103.77617438910679,0.002906981183852708,0.0,4.57376325109707,127,0.42763786089549255,-0.057037923314477414,11471.417265687216
1815,103.35690359800923,103.35690359800923,-0.0040483284252770995,0.0,4.57376325109707,127,0.42762896390955385,-0.05546182456297111,11469.699128796896
1816,103.04620632069599,103.04620632069599,-0.003010589444185195,0.0,4.57376325109707,127,0.42762451312497873,-0.08172639463253062,11468.425917151324
1817,101.84912031539993,101.84912031539993,-0.011684987116640467,0.0,4.57376325109707,127,0.42767249151825376,-0.032272402117950454,11463.520358094373
1818,101.78317791689807,101.78317791689807,-0.0006476615092923702,0.0,4.57376325109707,127,0.42767578424850067,-0.0074629552329019905,11463.250131620436
1819,101.09758096166621,101.09758096166621,-0.006758645509983614,0.0,4.57376325109707,127,0.4277100874864041,-0.04561213292132205,11460.440612222266
1820,100.73639537109834,100.73639537109834,-0.0035790403843976542,0.0,4.57376325109707,127,0.42772818185734707,-0.022354539878805296,11458.960503660966
1821,101.40723172047649,101.40723172047649,0.006637249184935872,0.0,4.57376325109707,127,0.42769457858459886,-0.040043567216638334,11461.709535321905
1822,100.73436163897932,100.73436163897932,-0.006657438041614398,0.0,4.57376325109707,127,0.42772828375477695,-0.07298059446786428,11458.952169595601
1823,101.02909115187182,101.02909115187182,0.002921537260107098,0.0,4.57376325109707,127,0.42771351827199205,-0.09715218098759971,11460.159946668362
1824,101.18339350630444,101.18339350630444,0.0015261410257861037,0.0,4.57376325109707,127,0.4277057892090495,-0.07979904375367508,11460.79226490527
1825,100.50174604634991,100.50174604634991,-0.006759546656940031,0.0,4.57376325109707,127,0.42773994480389266,-0.10539628861915265,11457.998930210824
1826,100.87504584394252,100.87504584394252,0.0037074801091519062,0.0,4.57376325109707,127,0.42772123531020306,-0.1146785896386924,11459.528681786682
1827,100.2759624388406,100.2759624388406,-0.005956571448905863,0.0,4.57376325109707,127,0.42775128537047086,-0.1258509515699982,11457.07368773382
1828,100.55734681752243,100.55734681752243,0.002802170255985854,0.0,4.57376325109707,127,0.4277371556932179,-0.13761596283686856,11458.226777554619
1829,100.79662574215395,100.79662574215395,0.002376700436791852,0.0,4.57376325109707,127,0.42772516416229883,-0.13147226824947422,11459.20732272069
1830,101.24119931738652,101.24119931738652,0.0044009015899934105,0.0,4.57376325109707,127,0.42770289391383587,-0.12011369829155669,11461.02914831953
1831,101.3983959336099,101.3983959336099,0.001551489950039481,0.0,4.57376325109707,127,0.4276950210786311,-0.11715838197305439,11461.673327000952
1832,101.45227304876298,101.45227304876298,0.0005311997903703619,0.0,4.57376325109707,127,0.42769232296941095,-0.1334067576960627,11461.89411094549
1833,102.20449143952983,102.20449143952983,0.007387152725994669,0.0,4.57376325109707,127,0.4276550999334234,-0.0988060996018378,11464.976639454977
1834,102.48724038999012,102.48724038999012,0.0027626824764358507,0.0,4.57376325109707,127,0.4276512362602113,-0.08696009747970643,11465.821170264157
1835,101.75510986535036,101.75510986535036,-0.007169263960975018,0.0,4.57376325109707,127,0.42767383413070637,-0.09567005042890606,11463.662354781767
1836,101.85929919211983,101.85929919211983,0.001023398455396822,0.0,4.57376325109707,127,0.4276826467123181,-0.08415459398283577,11463.662883422661
1837,101.2876434873904,101.2876434873904,-0.005628016903440043,0.0,4.57376325109707,127,0.4276984011692064,-0.08134276670709191,11462.045017888802
1838,101.07455184418448,101.07455184418448,-0.002106042797364087,0.0,4.57376325109707,127,0.42771811259868603,-0.07282824054093891,11460.851877990699
1839,101.02842932361503,101.02842932361503,-0.00045642593794168753,0.0,4.57376325109707,127,0.42771889476874075,-0.07271642766087909,11460.733939942214
1840,100.82137901624864,100.82137901624864,-0.002051529121461582,0.0,4.57376325109707,127,0.42772241080517026,-0.07500179856210254,11460.20449990105
1841,100.87029138889433,100.87029138889433,0.00048502125552637044,0.0,4.57376325109707,127,0.42772157837990865,-0.06535458634330213,11460.329571768445
1842,100.80906006125706,100.80906006125706,-0.0006072146610783462,0.0,4.57376325109707,127,0.42772262046070103,-0.05219000386087539,11460.172999595059
1843,100.87741007901369,100.87741007901369,0.0006777848838915169,0.0,4.57376325109707,127,0.4277214572305334,0.0019097441918517807,11460.347774685592
1844,100.96919710610207,100.96919710610207,0.000909473136013129,0.0,4.57376325109707,127,0.4277198992835702,0.05377616917971489,11460.582479613191
1845,100.91365873756743,100.91365873756743,-0.0005502039259709297,0.0,4.57376325109707,127,0.42772084117880405,0.08263635387680701,11460.440464677316
1846,101.31676287554652,101.31676287554652,0.003986587859901943,0.0,4.57376325109707,127,0.4277140053203659,0.06220033791130401,11461.471226109741
1847,101.16215271378974,101.16215271378974,-0.0015271732501727286,0.0,4.57376325109707,127,0.4277166270612117,0.04608352438269282,11461.075878662805
1848,99.97056179267443,99.97056179267443,-0.01184894128598799,0.0,4.57376325109707,127,0.42773689352027827,0.05555114407664388,11458.028909284447
1849,100.71299846739181,100.71299846739181,0.007399111924514882,0.0,4.57376325109707,127,0.42772425536654174,-0.019059941486679076,11459.927364344105
1850,99.9759704371859,99.9759704371859,-0.007345011016112364,0.0,4.57376325109707,127,0.42773680143629833,-0.060814804651748045,11458.042739512517
1851,99.78254734420395,99.78254734420395,-0.001936569770138307,0.0,4.57376325109707,127,0.4277400946672669,-0.05368797029325625,11457.548145074996
1852,99.53547920929522,99.53547920929522,-0.0024791361395990683,0.0,4.57376325109707,127,0.42774443379973665,-0.04968139041909943,11456.916377051175
1853,99.68395130498489,99.68395130498489,0.0014905385764313575,0.0,4.57376325109707,127,0.42774177430376326,-0.05322999362606976,11457.29602909542
1854,100.35995268570224,100.35995268570224,0.006758555901313585,0.0,4.57376325109707,127,0.42773026457826135,-0.04150672036224334,11459.024605127912
1855,99.96498308809414,99.96498308809414,-0.003943294506826954,0.0,4.57376325109707,127,0.42773698849982084,-0.06226368060902879,11458.014644202593
1856,100.00131276444135,100.00131276444135,0.0003633580008273636,0.0,4.57376325109707,127,0.4277363699776696,-0.08583648135282555,11458.107541361669
1857,99.46762990158307,99.46762990158307,-0.0053510499345827845,0.0,4.57376325109707,127,0.4277456900498017,-0.11489308672389832,11456.742882306226
1858,99.45746518917366,99.45746518917366,-0.00010219638114151037,0.0,4.57376325109707,127,0.4277458782557451,-0.08170360042350314,11456.716890527585
1859,98.63707171122948,98.63707171122948,-0.008282895440997855,0.0,4.57376325109707,127,0.42776233622503246,-0.10072823611577386,11454.619095251366
1860,98.69061639893485,98.69061639893485,0.0005426981842471308,0.0,4.57376325109707,127,0.4277612398948189,-0.10458800822120415,11454.75601222591
1861,98.75373254134573,98.75373254134573,0.0006393309800913523,0.0,4.57376325109707,127,0.42775995117579607,-0.10297918098677784,11454.9174039836
1862,99.1390500958174,99.1390500958174,0.0038942101503419285,0.0,4.57376325109707,127,0.4277521318456493,-0.0952098920197253,11455.90268405633
1863,99.2523730987147,99.2523730987147,0.0011424184916622572,0.0,4.57376325109707,127,0.4277498491461302,-0.09180571830717095,11456.19245776438
1864,99.9068948063883,99.9068948063883,0.006572870757944058,0.0,4.57376325109707,127,0.42773797748870357,-0.07815565803769518,11457.866108985963
1865,99.78248990658415,99.78248990658415,-0.0012459842677927586,0.0,4.57376325109707,127,0.4277400956452447,-0.07983415812591042,11457.547998203561
1866,100.35995477330113,100.35995477330113,0.005770554767342217,0.0,4.57376325109707,127,0.4277603669406943,-0.08351737938589299,11457.768806870872
1867,99.34171436945755,99.34171436945755,-0.010197703728457668,0.0,4.57376325109707,127,0.42883846230678774,-0.11981261989832985,11423.437726891778
1868,99.7577313490043,99.7577313490043,0.004178992899634567,0.0,4.57376325109707,127,0.4287257725581319,-0.14914206313224196,11428.103581732828
1869,99.45755472718952,99.45755472718952,-0.003013592530014081,0.0,4.57376325109707,127,0.4287872405194458,-0.15692078885164523,11425.416207872677
1870,100.28180947900624,100.28180947900624,0.008253349898799148,0.0,4.57376325109707,127,0.42862885513986504,-0.19172098326181408,11432.795465660127
1871,99.8827427139283,99.8827427139283,-0.00398739226747047,0.0,4.57376325109707,127,0.42870022235398336,-0.19847684348120664,11429.222763740698
1872,99.72554982868789,99.72554982868789,-0.0015750139008090646,0.0,4.57376325109707,127,0.4287323578389033,-0.24886190341605754,11427.815472099388
1873,99.87635710470406,99.87635710470406,0.0015110808010683006,0.0,4.57376325109707,127,0.428701526051348,-0.28874909054830095,11429.16559566676
1874,99.42979687263026,99.42979687263026,-0.004481155954639388,0.0,4.57376325109707,127,0.4287929287913299,-0.28543335181773966,11425.167701735505
1875,98.79495946333469,98.79495946333469,-0.006405250196766459,0.0,4.57376325109707,127,0.4289530668296673,-0.2708109311876545,11419.48422962208
1876,98.2978978850024,98.2978978850024,-0.00504394364003299,0.0,4.57376325109707,127,0.42910914686175033,-0.26820699263821984,11415.034215212496
1877,98.58905546772561,98.58905546772561,0.0029576138998182056,0.0,4.57376325109707,127,0.42901476026645124,-0.30438559171058954,11417.640844843629
1878,97.86901923420722,97.86901923420722,-0.0073302098545839,0.0,4.57376325109707,127,0.429249092959149,-0.311895929328826,11411.19461815009
1879,98.34875091524071,98.34875091524071,0.004889798070155556,0.0,4.57376325109707,127,0.4290926488539924,-0.3571502346350941,11415.489484191625
1880,99.24273779848018,99.24273779848018,0.009048901743862938,0.0,4.57376325109707,127,0.4288312747543172,-0.28405570304984423,11423.49302879417
1881,99.21451177879263,99.21451177879263,-0.0002844544095818744,0.0,4.57376325109707,127,0.4288370869413508,-0.2616840165247198,11423.240331342162
1882,98.94532739699065,98.94532739699065,-0.0027168426104670095,0.0,4.57376325109707,127,0.428911461608982,-0.25304214785379464,11420.830419914544
1883,98.95052308713943,98.95052308713943,5.250933900087012e-05,0.0,4.57376325109707,127,0.428910024191644,-0.2604362107124234,11420.876935068878
1884,99.1901225947274,99.1901225947274,0.002418480302707693,0.0,4.57376325109707,127,0.4288437503403298,-0.24959196331807232,11423.021983706258
1885,98.63797042819336,98.63797042819336,-0.005582155616752377,0.0,4.57376325109707,127,0.42899891783929966,-0.24335181151036814,11418.078762977746
1886,98.95739960161842,98.95739960161842,0.0032331673726578415,0.0,4.57376325109707,127,0.42890812178266324,-0.24090485472359308,11420.938498041865
1887,99.30055415390173,99.30055415390173,0.0034617011672130856,0.0,4.57376325109707,127,0.42881941899435494,-0.22032299985077622,11424.01063793145
1888,98.88039029400781,98.88039029400781,-0.004240210789067508,0.0,4.57376325109707,127,0.42892924086019946,-0.2371577935610074,11420.231546925605
1889,99.1233391532868,99.1233391532868,0.002453983890886649,0.0,4.57376325109707,127,0.4288616798100557,-0.2553475808638606,11422.373479028905
1890,99.17510003810938,99.17510003810938,0.0005220503621632048,0.0,4.57376325109707,127,0.4288472890271988,-0.2651711991826138,11422.829823220953
1891,99.40608488654868,99.40608488654868,0.002326352848579344,0.0,4.57376325109707,127,0.4288003585735806,-0.2638769492390838,11424.789321805385
1892,99.52672318814857,99.52672318814857,0.0012128549087086333,0.0,4.57376325109707,127,0.428772629630685,-0.2654865677899287,11425.911839030654
1893,99.44459564679485,99.44459564679485,-0.0008255214520229728,0.0,4.57376325109707,127,0.42879568041908656,-0.300607025834903,11425.05848360831
1894,99.89937600765376,99.89937600765376,0.004562778057325556,0.0,4.57376325109707,127,0.4287059486441857,-0.2807175439402043,11428.976431543055
1895,100.34781984133498,100.34781984133498,0.004478909993740826,0.0,4.57376325109707,127,0.4286296652236168,-0.2583718461728061,11432.839790085409
1896,99.68750228352086,99.68750228352086,-0.006602033573153408,0.0,4.57376325109707,127,0.4287477115973253,-0.2688957151613613,11427.151132362753
1897,99.33101738853787,99.33101738853787,-0.003582433200948196,0.0,4.57376325109707,127,0.4288361289551,-0.2639393185405075,11423.537953017152
1898,99.23184404880126,99.23184404880126,-0.0009989113499391312,0.0,4.57376325109707,127,0.4289893576916654,-0.26294167090042886,11418.919176298381
1899,99.87583692535225,99.87583692535225,0.006468812444443262,0.0,4.57376325109707,127,0.42883753895938387,-0.25760699103019274,11426.801777492195
1900,100.14676528747228,100.14676528747228,0.0027089791334407357,0.0,4.57376325109707,127,0.42880181253208105,-0.240356137045238,11429.241244331124
1901,100.59774584612718,100.59774584612718,0.004493087405492398,0.0,4.57376325109707,127,0.42881345626453177,-0.22606168838204035,11434.486263848985
1902,99.93242275235762,99.93242275235762,-0.006635665243917364,0.0,4.57376325109707,127,0.428802311016591,-0.24117210322674537,11428.208319531275
1903,99.8267854667026,99.8267854667026,-0.00105764631772535,0.0,4.57376325109707,127,0.42881731792010996,-0.23736362733957203,11427.21153315271
1904,99.7892918868168,99.7892918868168,-0.00037565691926033266,0.0,4.57376325109707,127,0.42882265245861845,-0.2371408201725174,11426.857746234744
1905,100.35281937027976,100.35281937027976,0.0056312883791439375,0.0,4.57376325109707,127,0.4287432864423358,-0.23070544718994132,11432.175153966129
1906,100.58782062717377,100.58782062717377,0.002339012795396672,0.0,4.57376325109707,127,0.42880986840439583,-0.21785565254627362,11434.39261014522
1907,101.07004313918814,101.07004313918814,0.004782589899253181,0.0,4.57376325109707,127,0.42899348879431337,-0.2187177140995235,11438.942829591266
1908,101.39031378926506,101.39031378926506,0.0031637889222670985,0.0,4.57376325109707,127,0.42911771266412585,-0.1595755779853321,11441.964882074648
1909,100.48010156151612,100.48010156151612,-0.009017848350728594,0.0,4.57376325109707,127,0.428770938624757,-0.13412018260876632,11433.376180229461
1910,100.12543111102453,100.12543111102453,-0.003536002375535311,0.0,4.57376325109707,127,0.42877489887990217,-0.12474532973059661,11430.029533524763
1911,100.18655718545395,100.18655718545395,0.0006103087173822937,0.0,4.57376325109707,127,0.42876621923099834,-0.13104721918994172,11430.606315084313
1912,100.45841849942575,100.45841849942575,0.0027098757834323516,0.0,4.57376325109707,127,0.42876310184632277,-0.12695447384844846,11433.171580302424
1913,99.74520885796427,99.74520885796427,-0.007124872490835052,0.0,4.57376325109707,127,0.42882892784477183,-0.14458616077863778,11426.441781716027
1914,100.34953397496479,100.34953397496479,0.00604040811788043,0.0,4.57376325109707,127,0.42874371798601346,-0.1587200544489253,11432.14415319516
1915,100.22980030047404,100.22980030047404,-0.0011938786131192507,0.0,4.57376325109707,127,0.42876007941713,-0.16533251335355315,11431.014354232151
1916,101.05814151631115,101.05814151631115,0.008230457168679522,0.0,4.57376325109707,127,0.42898887742691516,-0.16395431379428876,11438.830526671958
1917,101.4138981190387,101.4138981190387,0.0035141342920783475,0.0,4.57376325109707,127,0.42912686432892133,-0.14752707938486861,11442.187422236677
1918,100.42862631277858,100.42862631277858,-0.00976285482770621,0.0,4.57376325109707,127,0.42875233377842575,-0.1617382617898894,11432.890463217167
1919,100.2061703860631,100.2061703860631,-0.002217521801147591,0.0,4.57376325109707,127,0.4287634344235211,-0.15013482405833753,11430.791383936526
1920,100.24436545464063,100.24436545464063,0.0003810922118974807,0.0,4.57376325109707,127,0.42875801150254556,-0.1504456840269371,11431.151790054977
1921,99.79801477141457,99.79801477141457,-0.004462568616306893,0.0,4.57376325109707,127,0.42882141077709807,-0.1497190604981693,11426.940054791756
1922,99.56522739282515,99.56522739282515,-0.0023353099784879593,0.0,4.57376325109707,127,0.42885462326654566,-0.14496601298809597,11424.743488620621
1923,99.62365826056569,99.62365826056569,0.0005866880496356272,0.0,4.57376325109707,127,0.42884627965129185,-0.151282077193164,11425.294838389696
1924,100.60891515208542,100.60891515208542,0.00984120442045618,0.0,4.57376325109707,127,0.4288174937784844,-0.13541036052743893,11434.591656674711
1925,100.34869595776571,100.34869595776571,-0.002589793323318505,0.0,4.57376325109707,127,0.42874382806173367,-0.14835482478453216,11432.13624572079
1926,100.34202833240053,100.34202833240053,-6.644677168034783e-05,0.0,4.57376325109707,127,0.42874470387694463,-0.10821043129320293,11432.073330452755
1927,101.03885001025789,101.03885001025789,0.006920463001772278,0.0,4.57376325109707,127,0.42898140260502776,-0.08210238916629747,11438.648493308106
1928,100.68751838127538,100.68751838127538,-0.003483252953105102,0.0,4.57376325109707,127,0.4288510300603773,-0.09169951996551096,11435.165126542173
1929,100.86221285695066,100.86221285695066,0.0017335127995400533,0.0,4.57376325109707,127,0.42891087302243697,-0.07646923314052617,11436.900465992543
1930,100.73533541537208,100.73533541537208,-0.001258720251488418,0.0,4.57376325109707,127,0.42886791480780984,-0.05508300127991848,11435.60743489129
1931,100.19235300074095,100.19235300074095,-0.005404767662326031,0.0,4.57376325109707,127,0.4288332450069298,-0.053881957426309204,11428.4767540479
1932,100.53988636533602,100.53988636533602,0.003462659639892615,0.0,4.57376325109707,127,0.42886081902488565,-0.0665855029881722,11431.772964574735
1933,101.31965488099797,101.31965488099797,0.0077258908793956,0.0,4.57376325109707,127,0.42915067962282205,-0.03969149744976938,11439.168747114389
1934,100.71717649415027,100.71717649415027,-0.005964062776024736,0.0,4.57376325109707,127,0.4289251054937368,-0.09816725161947253,11433.454488274143
1935,100.71209345732547,100.71209345732547,-5.0469694172115386e-05,0.0,4.57376325109707,127,0.42892326261726077,-0.12871122092623904,11433.406277767765
1936,100.26914798470605,100.26914798470605,-0.004407836140402035,0.0,4.57376325109707,127,0.428822479018531,-0.11680869156829869,11429.205122775458
1937,100.25922627152372,100.25922627152372,-9.895570367263889e-05,0.0,4.57376325109707,127,0.42882384957976827,-0.09961644439648665,11429.111019420881
1938,99.8342747249353,99.8342747249353,-0.004247536110579829,0.0,4.57376325109707,127,0.4288837540893852,-0.07264024997410208,11425.080529390401
1939,99.29958445335876,99.29958445335876,-0.005370172192368428,0.0,4.57376325109707,127,0.428961130086436,-0.08500869666037197,11420.009212845529
1940,99.94982017799298,99.94982017799298,0.006526875542520378,0.0,4.57376325109707,127,0.42886740162912335,-0.11430844936207986,11426.176430323943
1941,99.22137233346378,99.22137233346378,-0.0073148238297689756,0.0,4.57376325109707,127,0.4289725158366056,-0.14820699876930093,11419.267403168567
1942,98.72924527599926,98.72924527599926,-0.0049722307241597055,0.0,4.57376325109707,127,0.42907283675958197,-0.1171697609575766,11414.599781142564
1943,98.62874050861407,98.62874050861407,-0.0010185022478194793,0.0,4.57376325109707,127,0.42909505442362433,-0.11345503079247482,11413.646534904932
1944,99.33999310956965,99.33999310956965,0.007185535293696299,0.0,4.57376325109707,127,0.42895524890016634,-0.10455744896845884,11420.392472271953
1945,98.91350746052376,98.91350746052376,-0.004302434062518617,0.0,4.57376325109707,127,0.42903240496606637,-0.11565064638295171,11416.34743191283
1946,98.34054172603781,98.34054172603781,-0.005809435581090437,0.0,4.57376325109707,127,0.4291628443880144,-0.10337149845808871,11410.913088399573
1947,98.2221272471701,98.2221272471701,-0.0012048523131188973,0.0,4.57376325109707,127,0.42919395397227045,-0.0881972005331255,11409.789975940346
1948,97.65998797880818,97.65998797880818,-0.0057395828191516675,0.0,4.57376325109707,127,0.42934280291370913,-0.07481779000678071,11404.458316989902
1949,97.79874469616858,97.79874469616858,0.0014198059996688146,0.0,4.57376325109707,127,0.42930593807190204,-0.08341987772745503,11405.774367185442
1950,97.47467313318181,97.47467313318181,-0.003319160017876642,0.0,4.57376325109707,127,0.4293924980479195,-0.08830219188310515,11402.700682163548
1951,97.74419106511327,97.74419106511327,0.002761189132778899,0.0,4.57376325109707,127,0.42932043084884913,-0.0980269328685713,11405.256948510632
1952,98.5101228725646,98.5101228725646,0.007805542521583255,0.0,4.57376325109707,127,0.4291243534143848,-0.07529088012326415,11412.433482366383
1953,98.32790473134101,98.32790473134101,-0.0018514531515430729,0.0,4.57376325109707,127,0.42920187893881406,-0.08260857215100854,11409.719856202473
1954,98.1079038610469,98.1079038610469,-0.002239927270432975,0.0,4.57376325109707,127,0.4292650768141748,-0.0981964767361916,11407.483298165982
1955,98.40955328095946,98.40955328095946,0.003069952778853815,0.0,4.57376325109707,127,0.4291688459168226,-0.08169468001158244,11410.862280242212
1956,98.890461185567,98.890461185567,0.004874899358636466,0.0,4.57376325109707,127,0.4290645925243616,-0.0860276234649366,11415.34345598798
1957,99.17393615306841,99.17393615306841,0.002862454483169998,0.0,4.57376325109707,127,0.42898095555907373,-0.07766938925625474,11418.861594017939
1958,98.85161862963452,98.85161862963452,-0.0032553152892094463,0.0,4.57376325109707,127,0.42907689046295555,-0.07950870941557622,11414.861390589362
1959,98.49031902913572,98.49031902913572,-0.0036616647071658335,0.0,4.57376325109707,127,0.42919186842394286,-0.08762454699920143,11410.377390199741
1960,98.06750556463949,98.06750556463949,-0.004302185552952342,0.0,4.57376325109707,127,0.4293415669030123,-0.08780373282142945,11405.129956388799
1961,97.64072792748297,97.64072792748297,-0.004361373111796672,0.0,4.57376325109707,127,0.42949638622636865,-0.05318675283457631,11399.83332420695
1962,97.72873644328979,97.72873644328979,0.0009009444955312101,0.0,4.57376325109707,127,0.42946439858529956,-0.062258132280753616,11400.925576228881
1963,98.1029361470271,98.1029361470271,0.0038216510559328583,0.0,4.57376325109707,127,0.4293288189417076,-0.05740687868665659,11405.569676623782
1964,98.79285214215955,98.79285214215955,0.007007959130987382,0.0,4.57376325109707,127,0.42909549849064943,-0.03211893381118536,11414.132054181655
1965,98.99092873418178,98.99092873418178,0.002002961591347982,0.0,4.57376325109707,127,0.4290336368797443,-0.03242288794333098,11416.590333998669
1966,99.02671863213597,99.02671863213597,0.00036148190648583483,0.0,4.57376325109707,127,0.4290232815321032,-0.04152894844908916,11417.034513610684
1967,99.01523115170596,99.01523115170596,-0.00011601057710682122,0.0,4.57376325109707,127,0.4290265905363581,-0.05619529361242963,11416.891945319294
1968,99.12168350076114,99.12168350076114,0.0010745333294865998,0.0,4.57376325109707,127,0.4289959519609508,-0.03252872678003405,11418.213099214787
1969,99.50745346392584,99.50745346392584,0.003884328896570231,0.0,4.57376325109707,127,0.4288985850548249,-0.05348609611641328,11423.000795250835
1970,99.61380001556154,99.61380001556154,0.0010681588217111436,0.0,4.57376325109707,127,0.42887299090278863,-0.04785029881684483,11424.320636120603
1971,99.3816596075271,99.3816596075271,-0.0023331237182814385,0.0,4.57376325109707,127,0.42892897718007855,-0.051548450014109445,11421.43959866959
1972,99.57192537898092,99.57192537898092,0.0019126655040738218,0.0,4.57376325109707,127,0.4288830465760877,-0.03898598848574148,11423.800940315561
1973,99.40967576433904,99.40967576433904,-0.001630800532997296,0.0,4.57376325109707,127,0.42892220768405637,-0.00621208935327258,11421.78730029419
1974,99.41821962002196,99.41821962002196,8.594222326465035e-05,0.0,4.57376325109707,127,0.42892014332884054,-0.0009144396095746338,11421.893335983568
1975,99.30198566345481,99.30198566345481,-0.0011698253799281406,0.0,4.57376325109707,127,0.428948230911793,0.006591410683867707,11420.450784965482
1976,98.79280327342046,98.79280327342046,-0.005140806723401094,0.0,4.57376325109707,127,0.4290955139656088,-0.01946028369186651,11414.131447683765
1977,98.89341635768336,98.89341635768336,0.0010179069956220952,0.0,4.57376325109707,127,0.4290761617554171,0.008531279360971917,11415.005645325655
1978,98.28980891472544,98.28980891472544,-0.00612231925439495,0.0,4.57376325109707,127,0.42922073679819955,-0.016395593615414355,11409.122112430037
1979,97.8762284278688,97.8762284278688,-0.004216643260477891,0.0,4.57376325109707,127,0.4293853571901629,0.006909747462533057,11403.502276127221
1980,97.57850480510682,97.57850480510682,-0.0030464737087898875,0.0,4.57376325109707,127,0.42946933924770636,0.019973431948120915,11400.463111899266
1981,98.3281767311625,98.3281767311625,0.007653394764028391,0.0,4.57376325109707,127,0.42921634263535735,-0.008639487248263746,11409.756470654886
1982,98.47084456774986,98.47084456774986,0.001449883852453248,0.0,4.57376325109707,127,0.4291833543898455,0.005372344714518479,11411.17828277148
1983,98.1295262373584,98.1295262373584,-0.003472207828614428,0.0,4.57376325109707,127,0.4292645895744709,-0.007438754407692033,11407.77674147546
1984,97.83704285413363,97.83704285413363,-0.002985035679915188,0.0,4.57376325109707,127,0.42933806767176286,0.022926861115586256,11404.861883942614
1985,97.92691646755554,97.92691646755554,0.000918183510870888,0.0,4.57376325109707,127,0.4293141644513073,0.02020553075090809,11405.757554582768
1986,98.53970256757692,98.53970256757692,0.006238088589094081,0.0,4.57376325109707,127,0.4291694130254006,0.026266820893132502,11411.864514096074
1987,98.8773138628873,98.8773138628873,0.0034202889957520165,0.0,4.57376325109707,127,0.42910185924507915,0.07488926201550737,11415.229111484337
1988,98.92694390248364,98.92694390248364,0.000501809629362549,0.0,4.57376325109707,127,0.42909205684252233,0.08552413052883531,11415.723719052048
1989,98.46248739864988,98.46248739864988,-0.004706000295389012,0.0,4.57376325109707,127,0.429185046541773,0.08257310333478786,11411.094996134694
1990,99.24037251623075,99.24037251623075,0.007869275458687078,0.0,4.57376325109707,127,0.42903890443572157,0.03894554563773821,11418.847314470417
1991,99.53176822960671,99.53176822960671,0.0029319593885579545,0.0,4.57376325109707,127,0.42900264428047663,0.08249447579921962,11421.75133240404
1992,99.65939686514099,99.65939686514099,0.001281469014342669,0.0,4.57376325109707,127,0.42898707530793023,0.05994200856891552,11423.023265481372
1993,100.45235743596731,100.45235743596731,0.007925218826043438,0.0,4.57376325109707,127,0.4289232864990952,0.1151274640399331,11430.925824141754
1994,100.2806570403025,100.2806570403025,-0.0017107344099607808,0.0,4.57376325109707,127,0.42891186936695264,0.10629500451161467,11429.214676704325
1995,100.41333302595544,100.41333302595544,0.0013221721780223665,0.0,4.57376325109707,127,0.42890846260916815,0.10381668789322625,11430.53691112306
1996,101.15560557146254,101.15560557146254,0.007364982977287596,0.0,4.57376325109707,127,0.4292017912297035,0.10916263077730887,11437.934318445277
1997,101.60577208375963,101.60577208375963,0.0044403648974749126,0.0,4.57376325109707,127,0.4293848431139495,0.13525499267463179,11442.420628863789
1998,102.39382475368735,102.39382475368735,0.007726060268529913,0.0,4.57376325109707,127,0.429704982463466,0.13526856278985866,11450.274275918502
1999,101.56604206899829,101.56604206899829,-0.00811715797500509,0.0,4.57376325109707,127,0.42936869151400137,0.10666663376471311,11442.024683865033
