step,price,fundamental,log_return,volume,strategy_entropy,n_families,wealth_gini,acf1,mean_fitness
0,98.9360774455446,98.9360774455446,0.0,0.0,5.298317366548021,200,0.0,0.0,50000.0
1,96.23902864784749,96.23902864784749,-0.027638980627272675,0.0,5.298317366548021,200,0.0,0.0,50000.0
2,93.86464325797476,93.86464325797476,-0.024981199413561042,0.0,5.298317366548021,200,1.492502238753358e-06,0.0,49999.925
3,92.99593068436323,92.99593068436323,-0.009298043069071565,0.0,5.298317366548021,200,5.617906545729481e-05,0.0,49997.16126251734
4,89.81705751634121,89.81705751634121,-0.03478082877327665,0.0,5.298317366548021,200,0.0012507467875432687,0.0,49935.32730311262
5,87.81464186433645,87.81464186433645,-0.022546656772297908,0.0,5.298317366548021,200,0.0016749869089030193,0.0,49912.69539337679
6,88.05817623031948,88.05817623031948,0.0027694390102599013,0.0,5.298317366548021,200,0.001650241356499042,0.0,49917.51173098019
7,88.47668581463968,88.47668581463968,0.004741390607014003,0.0,5.298317366548021,200,0.0016103964603276246,0.0,49921.60040051225
8,87.67532277343348,87.67532277343348,-0.009098602689761917,0.0,5.298317366548021,200,0.0020144745381035123,0.0,49896.70800830187
9,89.48873259125094,89.48873259125094,0.020472247024704144,0.0,5.298317366548021,200,0.0020278834296748515,0.0,49932.28693191337
10,88.45233741009234,88.45233741009234,-0.011648877920221476,0.0,5.298317366548021,200,0.002373120597535073,0.0,49907.20982670289
11,89.59302659605827,89.59302659605827,0.012813642182888033,0.0,5.298317366548021,200,0.002540480293257554,0.0,49925.52235943241
12,87.79462062370631,87.79462062370631,-0.020277258541751917,0.0,5.298317366548021,200,0.0030769520774020665,0.0,49879.25412083654
13,86.77621478703604,86.77621478703604,-0.011667669317110342,0.0,5.298317366548021,200,0.003246054780348586,0.0,49861.40422171634
14,87.83157964958647,87.83157964958647,0.012088552150858821,0.0,5.298317366548021,200,0.002909602368483995,0.0,49892.034937583965
15,89.69149054986147,89.69149054986147,0.020954785824732525,0.0,5.298317366548021,200,0.0029112732390811466,0.0,49922.610095963486
16,88.50859004516268,88.50859004516268,-0.013276288939037827,0.0,5.298317366548021,200,0.0029707034065591317,0.0,49885.80218689099
17,90.52620558273394,90.52620558273394,0.022539763279470867,0.0,5.298317366548021,200,0.0031466745424595186,0.0,49935.47320761133
18,88.83731355732914,88.83731355732914,-0.01883261378282809,0.0,5.298317366548021,200,0.003260963233088223,0.0,49888.22617742746
19,88.96741378643506,88.96741378643506,0.0014634059990146439,0.0,5.298317366548021,200,0.0032580914537221747,0.0,49890.1119188509
20,88.80602005691242,88.80602005691242,-0.001815724322519857,0.0,5.298317366548021,200,0.0033256461566158993,0.0,49883.266093997685
21,88.42393760973154,88.42393760973154,-0.0043117207062537575,0.0,5.298317366548021,200,0.0034655411589883003,0.0,49866.69427289026
22,87.5090502604379,87.5090502604379,-0.010400500864941358,0.0,5.298317366548021,200,0.004312598462246521,0.0,49810.57981638361
23,85.09987566158095,85.09987566158095,-0.027916645070500956,0.0,5.298317366548021,200,0.009553030494145135,0.0,49298.45667161963
24,83.70793316010254,83.70793316010254,-0.016491820602915448,0.0,5.298317366548021,200,0.010126930573666253,0.0,49220.52434145272
25,83.01503761845302,83.01503761845302,-0.008311986377214645,0.0,5.298317366548021,200,0.012002431900102301,0.0,49059.358610864874
26,83.85093119889281,83.85093119889281,0.010018826227838954,0.0,5.298317366548021,200,0.011773237723348562,0.0,49095.27510583295
27,84.9442743364248,84.9442743364248,0.012954851711232826,0.0,5.298317366548021,200,0.010004481480102495,0.0,49270.00012473061
28,83.95997667525334,83.95997667525334,-0.011655228306648635,0.0,5.298317366548021,200,0.010582808951646493,0.0,49211.277369423464
29,83.11036132407878,83.11036132407878,-0.010170838048710853,0.0,5.298317366548021,200,0.01196583762877074,0.0,49078.93735495521
30,81.82731377910125,81.82731377910125,-0.015558281942467176,0.0,5.298317366548021,200,0.013253753692035228,0.0,48982.4889323452
31,80.76004961129516,80.76004961129516,-0.013128689403633508,0.0,5.298317366548021,200,0.014656227488809022,0.0,48869.90874510373
32,82.55697822440419,82.55697822440419,0.02200629234958715,0.0,5.298317366548021,200,0.012876178574850931,0.0,49045.93122895914
33,85.43006987774508,85.43006987774508,0.03420944501710583,0.0,5.298317366548021,200,0.017428020537261307,0.0,49519.212981220604
34,83.68401413678949,83.68401413678949,-0.02065017586442884,0.0,5.298317366548021,200,0.01795130969066412,0.0,49241.79548634658
35,81.72370910597148,81.72370910597148,-0.023703812349574676,0.0,5.298317366548021,200,0.01705704145145912,0.0,48965.28675359694
36,80.69360845927957,80.69360845927957,-0.012684786011192672,0.0,5.298317366548021,200,0.01709670913834274,0.0,48858.96475420995
37,78.99954989161832,78.99954989161832,-0.02121721601489547,0.0,5.298317366548021,200,0.01779081529692009,0.0,48631.60962115681
38,77.09166882269477,77.09166882269477,-0.024446936919995492,0.0,5.298317366548021,200,0.018941557882934355,0.0,48410.03490194837
39,75.66976479480822,75.66976479480822,-0.018616545556471936,0.0,5.298317366548021,200,0.02039365165107422,0.0,48200.962108655745
40,74.98400559921537,74.98400559921537,-0.009103840283554288,0.0,5.298317366548021,200,0.021114305651096964,0.0,48132.8176707114
41,73.0515271782671,73.0515271782671,-0.026109788207030964,0.0,5.298317366548021,200,0.023754562935689144,0.0,47897.35565287284
42,74.70521324578367,74.70521324578367,0.022384834894522778,0.0,5.298317366548021,200,0.0238360388549856,0.0,48098.53969940989
43,72.70663572129712,72.70663572129712,-0.027117223033571503,0.0,5.298317366548021,200,0.026513292218571457,0.0,47759.996345049796
44,71.08878858915122,71.08878858915122,-0.022503016498003292,0.0,5.298317366548021,200,0.028086857021150508,0.0,47567.13799042778
45,72.23385642142773,72.23385642142773,0.01597922221988022,0.0,5.298317366548021,200,0.026850860682767225,0.0,47704.00420517422
46,68.79568855418277,68.79568855418277,-0.04876778488005725,0.0,5.298317366548021,200,0.031217740751704873,0.0,47314.41338019001
47,69.7278092530505,69.7278092530505,0.013458146560283171,0.0,5.298317366548021,200,0.029794399285791726,0.0,47473.289910699415
48,71.27969033657968,71.27969033657968,0.0220122156566987,0.0,5.298317366548021,200,0.028784371479928055,0.0,47648.988683341035
49,71.68464947443508,71.68464947443508,0.005665192053723112,0.0,5.298317366548021,200,0.02846641402600093,0.0,47699.60820271746
50,69.32703324851146,69.32703324851146,-0.03344171058618165,0.0,5.298317366548021,200,0.030031547802310096,0.0,47418.26538372925
51,69.68033444009164,69.68033444009164,0.005083211893032504,0.0,5.298317366548021,200,0.02985392590182758,0.0,47460.16488297993
52,67.13311740870567,67.13311740870567,-0.03724065693336323,0.0,5.298317366548021,200,0.0328384375196162,0.0,47178.83925990902
53,66.66881868277797,66.66881868277797,-0.006940117655648593,0.0,5.298317366548021,200,0.03329917011020023,0.0,47079.05605114433
54,65.91038473999457,65.91038473999457,-0.011441345199124353,0.0,5.298317366548021,200,0.03452727508185212,0.0,46982.00220375025
55,65.83490839231308,65.83490839231308,-0.0011457920680786127,0.0,5.298317366548021,200,0.03467184442981948,0.0,46955.279131005926
56,65.42708991441117,65.42708991441117,-0.006213828760411485,0.0,5.298317366548021,200,0.03537898336875442,0.0,46901.956653223875
57,65.53301903825299,65.53301903825299,0.0016177315029872017,0.0,5.298317366548021,200,0.035284160320595684,0.0,46914.633043395996
58,66.15728690842514,66.15728690842514,0.009480918763923337,0.0,5.298317366548021,200,0.034474804289696064,0.0,46999.5689639473
59,66.2087285285568,66.2087285285568,0.0007772632960456758,0.0,5.298317366548021,200,0.034456079665521666,0.0,47000.652955302845
60,63.65912439152904,63.65912439152904,-0.03926963782947876,0.0,5.298317366548021,200,0.03993383425555806,-0.05273444917915812,46376.8642680997
61,63.994527261432104,63.994527261432104,0.005254900856764584,0.0,5.298317366548021,200,0.039658517665341,-0.09398956427646461,46424.6460648778
62,64.20027158279143,64.20027158279143,0.0032098727852884505,0.0,5.298317366548021,200,0.0393579937725964,-0.09175990753769217,46455.33322320099
63,65.04679846756939,65.04679846756939,0.013099546312575868,0.0,5.298317366548021,200,0.03832995961964883,-0.08546247967537371,46593.27692880279
64,65.67549363974773,65.67549363974773,0.009618864684969138,0.0,5.298317366548021,200,0.03834004899195588,-0.09976400286218216,46703.06532816462
65,62.95728637580664,62.95728637580664,-0.042269349531238655,0.0,5.298317366548021,200,0.043640146074178994,-0.11498276597466735,46114.77452224086
66,64.5054894249123,64.5054894249123,0.024293825128458985,0.0,5.298317366548021,200,0.041608284796169535,-0.16732747742894227,46395.16078650088
67,63.38012032190505,63.38012032190505,-0.017600074861592218,0.0,5.298317366548021,200,0.041571545293951725,-0.18286033877557406,46125.822741761614
68,64.45158299608354,64.45158299608354,0.01676403801682529,0.0,5.298317366548021,200,0.04008229047664344,-0.18665435833807284,46357.288284877526
69,63.327671801513965,63.327671801513965,-0.017591903809570188,0.0,5.298317366548021,200,0.04057709889430296,-0.19712612135278518,46242.43201958056
70,64.27128381456268,64.27128381456268,0.014790547626357186,0.0,5.298317366548021,200,0.03986315859090313,-0.19970506847265088,46353.405744936696
71,62.84863991821671,62.84863991821671,-0.022383639837035722,0.0,5.298317366548021,200,0.041283708537775694,-0.2037971680045372,46033.11353961434
72,63.55087379094953,63.55087379094953,0.011111452523560422,0.0,5.298317366548021,200,0.040675517079019466,-0.22092377598572732,46171.43155963681
73,63.826253970657675,63.826253970657675,0.004323862746550183,0.0,5.298317366548021,200,0.04051021721362657,-0.2074555406778501,46190.34827986971
74,65.73322155948833,65.73322155948833,0.029439843137138936,0.0,5.298317366548021,200,0.04013849893294282,-0.2040254177541163,46446.23658070877
75,64.95992535180787,64.95992535180787,-0.01183390637364259,0.0,5.298317366548021,200,0.041359565570071234,-0.21158111027779364,46295.3849438047
76,66.09884672637112,66.09884672637112,0.017380752586163322,0.0,5.298317366548021,200,0.03972829557907778,-0.20347574942275234,46481.06375176834
77,64.38269212564518,64.38269212564518,-0.02630645812200746,0.0,5.298317366548021,200,0.04136944165224614,-0.2115470779476512,46249.79212311581
78,64.41407978175684,64.41407978175684,0.0004873981896936807,0.0,5.298317366548021,200,0.04140540127049174,-0.21460390536397161,46242.29544231755
79,63.92361586577809,63.92361586577809,-0.007643370894097846,0.0,5.298317366548021,200,0.04197321672626199,-0.21687330164424673,46126.94046003683
80,63.077656222514555,63.077656222514555,-0.013322262702545126,0.0,5.298317366548021,200,0.04292676620627092,-0.2158850482005638,45902.83865473178
81,62.697697712413316,62.697697712413316,-0.006041877904633697,0.0,5.298317366548021,200,0.04302815131612217,-0.21547145886707816,45868.40244681645
82,63.28752126632298,63.28752126632298,0.009363445458749542,0.0,5.298317366548021,200,0.04264520019830033,-0.21892394084226283,45938.4071164197
83,63.07494547735173,63.07494547735173,-0.0033645432062500017,0.0,5.298317366548021,200,0.043030497264210196,-0.23539003752060508,45883.540337008235
84,63.568319885017594,63.568319885017594,0.007791601113187159,0.0,5.298317366548021,200,0.04256161275100765,-0.2362710740224842,45987.94440472301
85,64.39418080261136,64.39418080261136,0.012908037589547339,0.0,5.298317366548021,200,0.04237072205299257,-0.22022412111815284,46164.96440752729
86,66.23663798395094,66.23663798395094,0.028210484896037242,0.0,5.298317366548021,200,0.04109935856142374,-0.1973629042685894,46515.61343991654
87,66.61699198308924,66.61699198308924,0.005725926170476702,0.0,5.298317366548021,200,0.04094902301246604,-0.1790745349285024,46571.862280660745
88,66.3300794944835,66.3300794944835,-0.004316197879924201,0.0,5.298317366548021,200,0.041210630151865525,-0.18187498517067574,46510.790251407394
89,65.81764563039407,65.81764563039407,-0.007755508951644811,0.0,5.298317366548021,200,0.04170611016435558,-0.18536152791101496,46404.22340463046
90,66.97694947221642,66.97694947221642,0.01746054941367131,0.0,5.298317366548021,200,0.04148998325313836,-0.19195996573892865,46559.727737586116
91,66.11803144232877,66.11803144232877,-0.012907022458247628,0.0,5.298317366548021,200,0.042532366749466664,-0.1897795468030621,46342.5290784728
92,64.72349662906502,64.72349662906502,-0.02131720169411128,0.0,5.298317366548021,200,0.043127393454932536,-0.23062989944176762,46260.58844776728
93,65.66512259669504,65.66512259669504,0.01444362772157535,0.0,5.298317366548021,200,0.04243988582517584,-0.22830403366629767,46419.11673001213
94,67.55965301524496,67.55965301524496,0.028443029939296392,0.0,5.298317366548021,200,0.04288690926136259,-0.20731515075904497,46679.16058177173
95,68.54976159655926,68.54976159655926,0.014548972221808657,0.0,5.298317366548021,200,0.04246908945694515,-0.19064635499451688,46880.30514479737
96,67.8993229996122,67.8993229996122,-0.009533864234304343,0.0,5.298317366548021,200,0.04299137551156329,-0.20496227264935135,46713.85656616805
97,65.22352397634785,65.22352397634785,-0.04020586292010972,0.0,5.298317366548021,200,0.04491591745673666,-0.20134745832288756,46382.32522904689
98,63.82995484337328,63.82995484337328,-0.02159760922794877,0.0,5.298317366548021,200,0.046401357524231024,-0.18656995991929712,46104.64197627878
99,61.85857790699278,61.85857790699278,-0.03137181371797456,0.0,5.298317366548021,200,0.048576425792427616,-0.1630428316244954,45875.55934363377
100,61.13199138672798,61.13199138672798,-0.01181545832899099,0.0,5.291385894742422,199,0.04859485921239431,-0.15806472151092543,45790.156440272105
101,61.67510787183949,61.67510787183949,0.008845091681317608,0.0,5.291385894742422,199,0.04775964265616256,-0.1392329293463843,45875.12667097731
102,60.358808142614436,60.358808142614436,-0.021573523560780516,0.0,5.291385894742422,199,0.04896302974887476,-0.1234985048772224,45605.17659712876
103,61.65036402349706,61.65036402349706,0.021172246382689486,0.0,5.291385894742422,199,0.048352128489419416,-0.1652253593864454,45887.265244415925
104,61.48324616492453,61.48324616492453,-0.002714416655663031,0.0,5.291385894742422,199,0.04851303871705135,-0.15122216850036635,45848.845878166714
105,60.06959298298707,60.06959298298707,-0.02326094448962335,0.0,5.291385894742422,199,0.050967523097136945,-0.11058483947513416,45547.05767151601
106,60.23513065288313,60.23513065288313,0.002751974641829982,0.0,5.291385894742422,199,0.05086422602909378,-0.09133334593555034,45575.17643618659
107,60.74544594593393,60.74544594593393,0.00843636778872859,0.0,5.291385894742422,199,0.050556033470815664,-0.10879114392959713,45660.53208327815
108,61.363022074146166,61.363022074146166,0.010115291822720111,0.0,5.291385894742422,199,0.04982539053312799,-0.11476888703970337,45758.06572682098
109,57.87345633712455,57.87345633712455,-0.05854856769052296,0.0,5.291385894742422,199,0.054359776718094305,-0.11865073041390536,45077.139029422935
110,54.449916860422576,54.449916860422576,-0.06097751720983874,0.0,5.291385894742422,199,0.06024595110993443,0.032312492141836534,44444.51936651294
111,55.556809604111145,55.556809604111145,0.02012477122506277,0.0,5.291385894742422,199,0.05942690672394928,-0.011383512026615455,44712.00163482367
112,53.944597688935374,53.944597688935374,-0.02944854253052425,0.0,5.291385894742422,199,0.06211263705106926,-0.041042031554872856,44483.034997484436
113,55.047617801259996,55.047617801259996,0.020241037692743713,0.0,5.291385894742422,199,0.06105464793230941,-0.06588937255978518,44710.44541065252
114,56.2925696821783,56.2925696821783,0.022363960342492776,0.0,5.291385894742422,199,0.05966999265465184,-0.04063851154470307,44912.97451470585
115,54.961642071205794,54.961642071205794,-0.023927024172906795,0.0,5.291385894742422,199,0.061822894945733724,-0.06007472384862348,44628.960941384816
116,53.827277577899146,53.827277577899146,-0.020855168182998353,0.0,5.291385894742422,199,0.06285442577575322,-0.044728322872916344,44343.92174578036
117,54.60893496302162,54.60893496302162,0.014417156520007125,0.0,5.291385894742422,199,0.06260455131712081,-0.05806029857986325,44424.38206438236
118,54.144480162754284,54.144480162754284,-0.008541481175408958,0.0,5.291385894742422,199,0.06306057970404892,-0.06394050264561064,44312.08147545453
119,55.551648561038746,55.551648561038746,0.025657160513072996,0.0,5.291385894742422,199,0.0629073972254931,-0.06263739970736783,44493.03604100486
120,57.33513173952829,57.33513173952829,0.031600362491616546,0.0,5.291385894742422,199,0.06181067917364206,-0.017214400427992955,44884.28791012401
121,56.01142178511806,56.01142178511806,-0.023357924816722546,0.0,5.291385894742422,199,0.062040865578482915,-0.044527549149874106,44704.65512030065
122,55.1140446801103,55.1140446801103,-0.016151052331897488,0.0,5.291385894742422,199,0.06264814591908541,-0.03691315199844823,44501.1177707274
123,55.210431841886994,55.210431841886994,0.0017473400162758012,0.0,5.291385894742422,199,0.06263044194238727,-0.046437219545706565,44507.01193890146
124,52.85466530968338,52.85466530968338,-0.043605935106057564,0.0,5.291385894742422,199,0.06664034693776946,-0.03276134692599164,43914.24037824317
125,50.95682301406582,50.95682301406582,-0.03656731638249551,0.0,5.291385894742422,199,0.06809616917381388,0.05049189073121163,43386.28576365612
126,50.033301482829906,50.033301482829906,-0.018289853196980958,0.0,5.291385894742422,199,0.06878665496689335,0.08256351602849575,43286.16788622614
127,52.06238687007936,52.06238687007936,0.039753933575612875,0.0,5.291385894742422,199,0.06637864413622632,0.06669435712711182,43637.36978513085
128,52.315360417878026,52.315360417878026,0.00484727922753913,0.0,5.291385894742422,199,0.0659523065956723,0.08908199332983645,43676.49645331046
129,51.62223329116841,51.62223329116841,-0.013337568766394147,0.0,5.291385894742422,199,0.06694011710468388,0.0954048164656827,43497.20720415985
130,50.56720030789603,50.56720030789603,-0.020649306570080458,0.0,5.291385894742422,199,0.06824691170303163,0.11325984634497954,43304.35235609902
131,49.35073121724126,49.35073121724126,-0.024350568117007757,0.0,5.291385894742422,199,0.07010095511092088,0.13401345755002733,43072.01485388061
132,48.77570646777141,48.77570646777141,-0.01172021211202742,0.0,5.291385894742422,199,0.07127230392185654,0.13554723931190887,42936.64967306361
133,48.12930512734449,48.12930512734449,-0.013341124824601938,0.0,5.291385894742422,199,0.072162607332097,0.12721275248633518,42732.13303543806
134,47.89409534626973,47.89409534626973,-0.0048990194128031034,0.0,5.291385894742422,199,0.07251167537136032,0.14081745611260663,42695.8640572658
135,48.347586498775605,48.347586498775605,0.00942407697250014,0.0,5.291385894742422,199,0.07199729388678446,0.14566985641827643,42767.08227802815
136,48.25585267293842,48.25585267293842,-0.0018991840082840364,0.0,5.291385894742422,199,0.07225196962308791,0.16710793565848225,42744.57682347653
137,49.014814237744226,49.014814237744226,0.015605464450359666,0.0,5.291385894742422,199,0.07133942635340076,0.1738404721629803,42902.13341935652
138,48.70157762952385,48.70157762952385,-0.006411159379644163,0.0,5.291385894742422,199,0.07189281822241507,0.1731760466448399,42839.39050836239
139,50.365622202705225,50.365622202705225,0.033597418768588704,0.0,5.291385894742422,199,0.07046891103639251,0.1611556521780695,43124.04820441604
140,51.14045889838305,51.14045889838305,0.015267100008314266,0.0,5.291385894742422,199,0.06934378557255849,0.1835335811768612,43251.11574070652
141,51.34661272281714,51.34661272281714,0.004023026499215726,0.0,5.291385894742422,199,0.06915383492979987,0.18922232788315813,43288.45972516327
142,51.83939149815422,51.83939149815422,0.00955134420268539,0.0,5.291385894742422,199,0.06891296152206237,0.19244000366734543,43360.89054563978
143,51.254605181995004,51.254605181995004,-0.01134484270813983,0.0,5.291385894742422,199,0.06965194561901895,0.18847265147691694,43248.52671682756
144,50.9829391295324,50.9829391295324,-0.005314421305442861,0.0,5.291385894742422,199,0.07013696055593,0.18327957679865392,43182.59000360115
145,50.68692447211145,50.68692447211145,-0.005823072508945817,0.0,5.291385894742422,199,0.07070242710360693,0.16636229779064407,43099.88926748733
146,49.881407044204764,49.881407044204764,-0.016019648378190646,0.0,5.291385894742422,199,0.0716032538623734,0.16035670515178052,42862.32371839614
147,48.53568706543507,48.53568706543507,-0.027348985852785262,0.0,5.291385894742422,199,0.07286939488910112,0.16680557293608866,42730.62354050195
148,49.03467333308332,49.03467333308332,0.010228323762939142,0.0,5.291385894742422,199,0.0723084845536013,0.1535572426914397,42852.571107771146
149,49.982732654270826,49.982732654270826,0.01914993195875064,0.0,5.291385894742422,199,0.07146432785308546,0.16560942260248424,42949.79194418814
150,50.344862933644265,50.344862933644265,0.007218987954710114,0.0,5.291385894742422,199,0.07112313331633124,0.1835848484843097,43034.5038723931
151,50.246762351573864,50.246762351573864,-0.0019504727733136613,0.0,5.291385894742422,199,0.07127272416483962,0.18029579170650353,43017.09257080539
152,52.51095248384519,52.51095248384519,0.044075652530642544,0.0,5.291385894742422,199,0.07071903761615723,0.18302180134166673,43532.66010764049
153,51.80979081864639,51.80979081864639,-0.013442623231711904,0.0,5.291385894742422,199,0.0708517413126726,0.14947284607911843,43371.566194747946
154,52.07111765334666,52.07111765334666,0.005031288035691162,0.0,5.291385894742422,199,0.07037572192675999,0.1306193366755739,43424.401237620805
155,53.24530998016899,53.24530998016899,0.022299293837274366,0.0,5.291385894742422,199,0.06961026339531556,0.14074872374187058,43720.433521361316
156,52.05455136200299,52.05455136200299,-0.022617491869327433,0.0,5.291385894742422,199,0.07148414144364405,0.11716769140663431,43447.54990598001
157,52.697850240417935,52.697850240417935,0.012282428961798169,0.0,5.291385894742422,199,0.07085598752642627,0.08833714814423069,43549.695100548866
158,54.58288894921095,54.58288894921095,0.03514578211226131,0.0,5.291385894742422,199,0.06856200421386806,0.08727852563109613,43913.4649904965
159,54.56186180034053,54.56186180034053,-0.00038530756607458964,0.0,5.291385894742422,199,0.06863642654609059,0.08295423339178101,43905.27361609876
160,54.716001185397275,54.716001185397275,0.002821056032209195,0.0,5.291385894742422,199,0.06852884223098234,0.08706871052964665,43926.85352885712
161,53.99380274080249,53.99380274080249,-0.013286916972580588,0.0,5.291385894742422,199,0.06939040047175804,0.09250266786744142,43788.68089709801
162,54.49150068362849,54.49150068362849,0.00917546282934137,0.0,5.291385894742422,199,0.06894114134892866,0.10458351424826204,43881.53886324268
163,53.637261134197274,53.637261134197274,-0.015800741776647056,0.0,5.291385894742422,199,0.07030237327421994,0.1008455677905914,43712.015567029914
164,53.55738488284154,53.55738488284154,-0.0014903032774011091,0.0,5.291385894742422,199,0.07034134710891955,0.1001545100024295,43682.91288185027
165,51.98487833014863,51.98487833014863,-0.02980081874723366,0.0,5.291385894742422,199,0.07236324217807881,0.10199584331364599,43315.87651600826
166,49.34461639214168,49.34461639214168,-0.05212420534999012,0.0,5.291385894742422,199,0.07542616755385936,0.13515646560503278,42853.951462428195
167,48.86302556449767,48.86302556449767,-0.009807682547307829,0.0,5.291385894742422,199,0.07607737357511876,0.1403841127691612,42742.928729862164
168,48.38171327044359,48.38171327044359,-0.009899069712018345,0.0,5.291385894742422,199,0.07731662846114717,0.16688333225825203,42616.17679069166
169,47.98252641732163,47.98252641732163,-0.008285005678568366,0.0,5.291385894742422,199,0.07772873731092408,0.07214214763696226,42493.901993886495
170,48.68531221656421,48.68531221656421,0.014540475743819078,0.0,5.291385894742422,199,0.07709253208861924,0.12917091728638405,42624.60110626649
171,49.65435173567754,49.65435173567754,0.019708647498451404,0.0,5.291385894742422,199,0.07643437078001063,0.167477002574241,42805.59071851575
172,49.93558961307326,49.93558961307326,0.005647932335140707,0.0,5.291385894742422,199,0.07607369062563064,0.20392993697782402,42857.3961759839
173,50.58502522755679,50.58502522755679,0.012921621137137521,0.0,5.291385894742422,199,0.0753528971147644,0.18891385278435344,42975.21156488685
174,49.815247223869534,49.815247223869534,-0.015334482049483136,0.0,5.291385894742422,199,0.07700806306586437,0.20613950830210484,42806.9362440057
175,48.80841119720363,48.80841119720363,-0.020418447719247772,0.0,5.291385894742422,199,0.07797137240638917,0.20018021184450155,42519.53783981975
176,49.28838936458981,49.28838936458981,0.009785884860641959,0.0,5.291385894742422,199,0.07760976403646122,0.2060736656395809,42571.96632450739
177,48.16372119410675,48.16372119410675,-0.023082478130704954,0.0,5.291385894742422,199,0.0788260985453459,0.1985971074296186,42264.727278656705
178,46.98887446400208,46.98887446400208,-0.024695205177974567,0.0,5.291385894742422,199,0.07982079598299929,0.22169636735252699,42134.22499340988
179,49.720993913113745,49.720993913113745,0.05651639649302761,0.0,5.291385894742422,199,0.07798990363920165,0.11586159289924902,42795.0569179442
180,50.29613401511233,50.29613401511233,0.011500958955304102,0.0,5.291385894742422,199,0.07754266059997297,0.17815226224843767,42850.122311770356
181,48.484016482183144,48.484016482183144,-0.036694029046265245,0.0,5.291385894742422,199,0.0785711134211599,0.14448261151542124,42385.126304021
182,47.427466695706244,47.427466695706244,-0.022032659529695506,0.0,5.291385894742422,199,0.07964961471256485,0.17081262128168007,42257.51522291532
183,49.07244993344548,49.07244993344548,0.03409624914300225,0.0,5.291385894742422,199,0.07736460964230041,0.1428434041799288,42569.05242945506
184,49.44023105328741,49.44023105328741,0.00746671037394087,0.0,5.291385894742422,199,0.0767974467164559,0.10766835984296676,42625.50215281978
185,49.24883190302293,49.24883190302293,-0.0038788369147213196,0.0,5.291385894742422,199,0.07721729241434194,0.08668955094989989,42567.63146986164
186,49.215727855968616,49.215727855968616,-0.0006724053483327822,0.0,5.291385894742422,199,0.0773393254577167,0.11699662878806576,42555.18910839172
187,49.01150992888762,49.01150992888762,-0.0041580772487057925,0.0,5.291385894742422,199,0.07754227626841086,0.11493599987874839,42492.041046257065
188,47.647295210973674,47.647295210973674,-0.028229302218744413,0.0,5.291385894742422,199,0.0808347847294035,0.11838750229589085,42175.84363663895
189,47.38348100449275,47.38348100449275,-0.005552198870757505,0.0,5.291385894742422,199,0.08129046268674907,0.11383536603532883,42097.74177381798
190,46.17782981554623,46.17782981554623,-0.0257738571562878,0.0,5.291385894742422,199,0.08417181130986118,0.0986817909688295,41858.04194344694
191,46.214019790139055,46.214019790139055,0.000783401925562664,0.0,5.291385894742422,199,0.08419353132264204,0.08794331073773515,41857.111137014865
192,45.37151663935546,45.37151663935546,-0.018398689354932708,0.0,5.291385894742422,199,0.08632175368212273,0.08045020595576703,41652.80921404601
193,45.705392378128344,45.705392378128344,0.007331764724807611,0.0,5.291385894742422,199,0.08579695493624316,0.07232633368675591,41732.033873142
194,45.84343202961951,45.84343202961951,0.003015653275661471,0.0,5.291385894742422,199,0.08556841061221114,0.07549180106979189,41751.77000175515
195,46.54090584430293,46.54090584430293,0.015099682104354922,0.0,5.291385894742422,199,0.08444626210049103,0.0780716230869512,41914.819695759725
196,46.09831006962517,46.09831006962517,-0.00955533005935272,0.0,5.291385894742422,199,0.0851876976469751,0.07267747792310471,41836.744173515544
197,46.51039839994859,46.51039839994859,0.008899617693036297,0.0,5.291385894742422,199,0.08443806702771606,0.07348695459252055,41933.04882056445
198,47.08823480467508,47.08823480467508,0.012347268888375288,0.0,5.291385894742422,199,0.08371092226322517,0.08697094272477214,42023.85720907054
199,47.854662036836366,47.854662036836366,0.01614536540346551,0.0,5.291385894742422,199,0.08250534158390833,0.07545746779758479,42199.85446848204
200,48.08617608073733,48.08617608073733,0.004826192845813699,0.0,5.2844544229368235,198,0.08572221666789843,0.07685851152829665,42106.944488022935
201,47.39954041073041,47.39954041073041,-0.014382203557801527,0.0,5.2844544229368235,198,0.08681192414928092,0.07034081752147332,41943.7477423998
202,47.108894864779316,47.108894864779316,-0.006150698853279453,0.0,5.2844544229368235,198,0.08715626659124906,0.078249353557979,41849.4786381615
203,48.43566731692066,48.43566731692066,0.027774636535404285,0.0,5.2844544229368235,198,0.08575552020905937,0.0680703269640029,42034.55432894577
204,47.64009670970625,47.64009670970625,-0.01656169586433231,0.0,5.2844544229368235,198,0.08656616788212544,0.04753723000056648,41817.80040608939
205,48.00125179115195,48.00125179115195,0.007552315054507023,0.0,5.2844544229368235,198,0.08646514134928167,0.038606663930731276,41857.38468579444
206,48.854503360115295,48.854503360115295,0.017619472204765816,0.0,5.2844544229368235,198,0.08604268217398425,0.027199637185849623,42055.80936123029
207,49.326632507394095,49.326632507394095,0.009617586562847133,0.0,5.2844544229368235,198,0.08593402402292534,0.04768424886409427,42110.45124981505
208,49.366091747333165,49.366091747333165,0.0007996383186224573,0.0,5.2844544229368235,198,0.08595277921236666,0.03971116624470109,42108.5435754517
209,49.572799789554864,49.572799789554864,0.004178505333327663,0.0,5.2844544229368235,198,0.08593625031588029,0.03416706219693315,42131.35575895576
210,50.10408404067563,50.10408404067563,0.010660230576646643,0.0,5.2844544229368235,198,0.08528419597781006,0.036733824586353464,42232.913770729036
211,49.2870258216086,49.2870258216086,-0.016441644051180804,0.0,5.2844544229368235,198,0.08597116086870439,0.03180151061367793,42121.52310315793
212,49.24339027894461,49.24339027894461,-0.0008857274178600995,0.0,5.2844544229368235,198,0.08610427363144404,0.062009391986290144,42106.40211601905
213,51.45642515808305,51.45642515808305,0.04396018500105459,0.0,5.2844544229368235,198,0.08460389976611589,0.06042795959815346,42445.432880172746
214,51.89214435991447,51.89214435991447,0.00843208155655654,0.0,5.2844544229368235,198,0.08377363328982375,0.07185197934855797,42542.04565417743
215,51.98584704489439,51.98584704489439,0.0018040916873265217,0.0,5.2844544229368235,198,0.08374404870099068,0.09683790896146502,42558.16671201816
216,51.580223654382955,51.580223654382955,-0.007833172810568037,0.0,5.2844544229368235,198,0.08416838461692783,0.11085023027429389,42453.08738911604
217,50.76327227755345,50.76327227755345,-0.01596523007050452,0.0,5.2844544229368235,198,0.08594858041648427,0.09490447893491305,42277.83946538213
218,51.00222399270077,51.00222399270077,0.004696133032346252,0.0,5.2844544229368235,198,0.08583484447358776,0.09546403593344857,42327.701799215945
219,51.31675383348306,51.31675383348306,0.006148044833764692,0.0,5.2844544229368235,198,0.08543004482869611,0.09715719300775721,42385.04813671502
220,51.19683065050177,51.19683065050177,-0.0023396555352108014,0.0,5.2844544229368235,198,0.08566806341796032,0.09907792438338676,42348.79168175597
221,54.02960156601436,54.02960156601436,0.05385444474637497,0.0,5.2844544229368235,198,0.08337335074653175,0.08957823696442571,42826.750757412156
222,53.23908571626005,53.23908571626005,-0.014739253011677318,0.0,5.2844544229368235,198,0.08418119979325894,0.061697099954168666,42655.859429554635
223,52.229652224075174,52.229652224075174,-0.019142436628052567,0.0,5.2844544229368235,198,0.08531195626662451,0.07207403744861687,42458.820427186045
224,51.83158675776887,51.83158675776887,-0.00765063748689255,0.0,5.2844544229368235,198,0.08586455978215438,0.07643085572241738,42371.147894164016
225,51.752335689865326,51.752335689865326,-0.0015301811612158135,0.0,5.2844544229368235,198,0.08602771009687146,0.012050854543795736,42350.2500060098
226,50.86433083659825,50.86433083659825,-0.01730765674632819,0.0,5.2844544229368235,198,0.08729923796043515,-0.011818380480083164,42155.705100730636
227,51.07927773508516,51.07927773508516,0.004216982703099811,0.0,5.2844544229368235,198,0.08713567528788739,-0.02062990452599893,42189.77144915782
228,51.40611517868983,51.40611517868983,0.006378246545107232,0.0,5.2844544229368235,198,0.0867259535389904,-0.024750897931396013,42252.33222193254
229,52.08882631613392,52.08882631613392,0.013193321924579716,0.0,5.2844544229368235,198,0.08610922450575437,-0.015215332071704538,42388.79257587307
230,51.54019671169389,51.54019671169389,-0.010588437760036604,0.0,5.2844544229368235,198,0.0867783567992597,-0.034777133116201384,42277.77404617329
231,52.889236101602684,52.889236101602684,0.025837819922855443,0.0,5.2844544229368235,198,0.08614289939521319,-0.052463744480795466,42515.878029099564
232,53.53428492449358,53.53428492449358,0.012122446542117154,0.0,5.2844544229368235,198,0.0851794036835645,-0.04148178500062911,42634.85924597373
233,56.60611243224877,56.60611243224877,0.05579468451884936,0.0,5.2844544229368235,198,0.08505021380111316,-0.0028953304232991056,43398.50305616793
234,55.765475424282656,55.765475424282656,-0.014962014974760867,0.0,5.2844544229368235,198,0.08566083460070026,-0.057948227419392206,43298.72861132545
235,54.807194423293055,54.807194423293055,-0.017333487472702063,0.0,5.2844544229368235,198,0.0870998038439915,-0.03687625455144118,43133.30344475879
236,54.46581037357202,54.46581037357202,-0.0062482982146606315,0.0,5.2844544229368235,198,0.08754864554332399,-0.021509314535766016,43089.895123152295
237,54.83896559258704,54.83896559258704,0.006827820017860413,0.0,5.2844544229368235,198,0.0870461150200406,-0.053698316448518024,43153.55917124692
238,55.33009890610632,55.33009890610632,0.008916052239234121,0.0,5.2844544229368235,198,0.08721374958409006,0.012956032972239434,43281.637389336705
239,56.00002227929236,56.00002227929236,0.012035044103718246,0.0,5.2844544229368235,198,0.08720801147771601,-0.009159812655558541,43315.37194860616
240,58.392919332963075,58.392919332963075,0.0418425496053433,0.0,5.2844544229368235,198,0.08887291651835312,0.02794388836837907,43886.012302110306
241,56.25627678767233,56.25627678767233,-0.037277015989397005,0.0,5.2844544229368235,198,0.08927099073453187,-0.0939257521659313,43756.927407904506
242,54.32433999518724,54.32433999518724,-0.03494524531804661,0.0,5.2844544229368235,198,0.0885425927059686,0.014590788527938759,43475.12875752493
243,54.197049051000455,54.197049051000455,-0.0023459154675856864,0.0,5.2844544229368235,198,0.08899975054451278,0.014481649058023873,43425.570397535535
244,56.40023098001127,56.40023098001127,0.03984679247600747,0.0,5.2844544229368235,198,0.09090220350077649,0.008040978487667886,44064.60369961323
245,57.216305718651775,57.216305718651775,0.014365668887938575,0.0,5.2844544229368235,198,0.09090525446261298,0.02788878315307501,44179.61454216102
246,56.08921246753568,56.08921246753568,-0.019895419866767176,0.0,5.2844544229368235,198,0.09358312725296315,0.01467979699824257,43918.30299062374
247,56.26533592546596,56.26533592546596,0.0031351396932409064,0.0,5.2844544229368235,198,0.09360965945548302,0.004991890351151552,43952.45392148928
248,56.0604747730291,56.0604747730291,-0.003647627883670202,0.0,5.2844544229368235,198,0.09393267739730858,-0.0068828730468027816,43912.17501582918
249,55.797747549635254,55.797747549635254,-0.004697512638115548,0.0,5.2844544229368235,198,0.09413818272642613,-0.01564652870772433,43847.7494017539
250,55.202978911677874,55.202978911677874,-0.010716584460310048,0.0,5.2844544229368235,198,0.09510345861176996,-0.014365088910583112,43737.15889489474
251,55.295501754030205,55.295501754030205,0.0016746449981535115,0.0,5.2844544229368235,198,0.09519274043162111,-0.01577269190626099,43755.84915374203
252,56.48861705049357,56.48861705049357,0.021347587105739554,0.0,5.2844544229368235,198,0.09575224577514059,-0.01314015424409161,44023.51145008803
253,55.97984841948988,55.97984841948988,-0.00904737340034748,0.0,5.2844544229368235,198,0.09682047723324161,-0.02372923154597498,43909.12979118955
254,56.66114769467205,56.66114769467205,0.012096973693890642,0.0,5.2844544229368235,198,0.09787832557950199,-0.028523615141584805,44087.1882402272
255,57.549290211865994,57.549290211865994,0.015553051659432842,0.0,5.2844544229368235,198,0.09880945722119598,-0.016393133652235155,44286.07691592417
256,59.06095136613856,59.06095136613856,0.025928182979265867,0.0,5.2844544229368235,198,0.09598437966423387,-0.0004637929310025713,44600.84557195264
257,58.03913929068247,58.03913929068247,-0.017452386336838967,0.0,5.2844544229368235,198,0.0949551156268573,-0.024175083384202257,44295.222285815835
258,58.03086382034461,58.03086382034461,-0.0001425944710964136,0.0,5.2844544229368235,198,0.09503600161251838,-0.02568510638151344,44281.6175186319
259,57.28337659023276,57.28337659023276,-0.01296453407961034,0.0,5.2844544229368235,198,0.09584589420531585,-0.02393736559878294,44141.50149679654
260,57.3831527904038,57.3831527904038,0.0017402850839168267,0.0,5.2844544229368235,198,0.09592301868368586,-0.021520669572845475,44156.05459578052
261,57.46327373256895,57.46327373256895,0.0013952711910855883,0.0,5.2844544229368235,198,0.09595322954762231,-0.029407309662249845,44162.86789400662
262,56.216044676521875,56.216044676521875,-0.02194381742257788,0.0,5.2844544229368235,198,0.09785544900076817,-0.01634734593761332,43931.567284652905
263,56.37152338793048,56.37152338793048,0.002761917908284289,0.0,5.2844544229368235,198,0.09784701791907219,0.005932133374379746,43957.82962572524
264,58.89401902370967,58.89401902370967,0.043775414385057373,0.0,5.2844544229368235,198,0.09474314183149231,0.009586690956776679,44466.59121646743
265,59.458111836220496,59.458111836220496,0.00953252096011201,0.0,5.2844544229368235,198,0.09563564844185621,0.017754122319979013,44599.561540931536
266,57.93829361796009,57.93829361796009,-0.02589352081155377,0.0,5.2844544229368235,198,0.09393590754090667,0.005434393320206643,44288.71208189703
267,56.88377347669712,56.88377347669712,-0.018368416755760973,0.0,5.2844544229368235,198,0.09614237292687638,0.03154004216419602,44021.827705957294
268,56.81113983919402,56.81113983919402,-0.0012776938785732175,0.0,5.2844544229368235,198,0.09597821195737086,0.034841022117556485,43985.60027753679
269,55.79232029267426,55.79232029267426,-0.018096199674835053,0.0,5.2844544229368235,198,0.09634976374073817,0.036525049100886955,43877.58133934508
270,57.17427727360523,57.17427727360523,0.024467868475422407,0.0,5.2844544229368235,198,0.09699233762432838,0.023923152563288416,44076.682656484394
271,55.6078200042811,55.6078200042811,-0.027780260301772962,0.0,5.2844544229368235,198,0.10118913341455371,-0.005331038450391896,43711.70326839473
272,56.13296199469476,56.13296199469476,0.009399358896215118,0.0,5.2844544229368235,198,0.10179573761005267,-0.008977966732354493,43845.27401309886
273,54.38115810176929,54.38115810176929,-0.031705462379218126,0.0,5.2844544229368235,198,0.10279811880070332,-0.032456938283441525,43636.414950553524
274,54.30620460009326,54.30620460009326,-0.001379249835398429,0.0,5.2844544229368235,198,0.10292979596552691,-0.029779392161312944,43615.2723795855
275,53.19707680009848,53.19707680009848,-0.020635038135840313,0.0,5.2844544229368235,198,0.10549556427145779,-0.026932259099256405,43395.54623323194
276,53.88790824039945,53.88790824039945,0.012902668363483607,0.0,5.2844544229368235,198,0.10649856233271798,-0.0431349120095155,43579.50451040869
277,55.0177117617816,55.0177117617816,0.020749049588827635,0.0,5.2844544229368235,198,0.10610774237216261,-0.03090525704410509,43668.73466186363
278,55.357082740875335,55.357082740875335,0.00614944834253641,0.0,5.2844544229368235,198,0.1065149936898266,-0.027799905190453913,43746.362941152576
279,56.56833062550771,56.56833062550771,0.021644685263159557,0.0,5.2844544229368235,198,0.10616091313133183,-0.02285817246114352,43863.34529010591
280,53.931630874265316,53.931630874265316,-0.047732149561444996,0.0,5.2844544229368235,198,0.1054039422353521,-0.050320688111722,43500.555804595395
281,54.089159973851785,54.089159973851785,0.0029166461386243743,0.0,5.2844544229368235,198,0.10512069423721794,-0.028220606663766218,43520.26174082188
282,54.58287444017893,54.58287444017893,0.009086383002528753,0.0,5.2844544229368235,198,0.10573651932900179,-0.03926995296300556,43656.4144758622
283,55.24270729994805,55.24270729994805,0.012016158505654174,0.0,5.2844544229368235,198,0.1053563401983299,-0.04261603074530441,43733.85749521067
284,53.222997464545706,53.222997464545706,-0.03724575100643582,0.0,5.2844544229368235,198,0.10806960764658276,-0.057302097618556654,43424.6843614832
285,53.67121728991709,53.67121728991709,0.008386280835283645,0.0,5.2844544229368235,198,0.10719791394264211,-0.070173833363053,43498.83895650606
286,54.34565669554321,54.34565669554321,0.012487829824911489,0.0,5.2844544229368235,198,0.10816330491575836,-0.06489552891912337,43678.36289220264
287,54.46781502173157,54.46781502173157,0.0022452803973632787,0.0,5.2844544229368235,198,0.10823069881396587,-0.06506038521754584,43692.258337383246
288,53.10249660943587,53.10249660943587,-0.025386032896383515,0.0,5.2844544229368235,198,0.11083024517808947,-0.06741822832203252,43425.1950311636
289,52.50532092716256,52.50532092716256,-0.011309428813989535,0.0,5.2844544229368235,198,0.10991015183288531,-0.050552719985895105,43221.54978008548
290,53.80890026063024,53.80890026063024,0.02452437038355213,0.0,5.2844544229368235,198,0.10991154952682203,-0.049504778714880196,43426.49637902707
291,55.017633008424696,55.017633008424696,0.022214848165361938,0.0,5.2844544229368235,198,0.1069924176193475,-0.041461013129044724,43694.003180879896
292,55.513017351466644,55.513017351466644,0.00896380611944432,0.0,5.2844544229368235,198,0.10765712988865804,-0.05870460699182541,43826.19416808229
293,56.28113292371122,56.28113292371122,0.013741822049643863,0.0,5.2844544229368235,198,0.10849130336778036,-0.026239902727524595,43972.78039083949
294,57.39442888824713,57.39442888824713,0.019587878745586783,0.0,5.2844544229368235,198,0.10632105838068145,-0.02619154254516509,44188.13192376577
295,57.88566175947323,57.88566175947323,0.008522474986877167,0.0,5.2844544229368235,198,0.10697909286243143,-0.025507206240050522,44323.086226571155
296,59.284912304510364,59.284912304510364,0.023885127784135925,0.0,5.2844544229368235,198,0.10683482485897823,-0.016029842204133428,44504.34944793121
297,60.68689036663837,60.68689036663837,0.023372856859108986,0.0,5.2844544229368235,198,0.10447770794573216,0.0028749712291788456,44776.276601918966
298,63.86853607756922,63.86853607756922,0.051099146416694184,0.0,5.2844544229368235,198,0.10433260920887563,0.04014328694357937,45538.5854422778
299,63.23004509087486,63.23004509087486,-0.010047261770922206,0.0,5.2844544229368235,198,0.1049874732967286,0.0027656519136647277,45436.42407569001
300,62.60364744731349,62.60364744731349,-0.00995604285478398,0.0,5.277522951131224,197,0.10261042118138913,0.07006396029465277,45331.03560558999
301,62.59813785997197,62.59813785997197,-8.801132238735993e-05,0.0,5.277522951131224,197,0.10271097287725076,0.015129070892040537,45320.3218137158
302,62.92239220138442,62.92239220138442,0.005166566179116051,0.0,5.277522951131224,197,0.10248421078313621,0.007823223265786125,45370.59311859754
303,63.24772071050419,63.24772071050419,0.00515699356383461,0.0,5.277522951131224,197,0.1024608196304515,0.016281357464805128,45420.50169988553
304,63.326449822239844,63.326449822239844,0.0012439998075009203,0.0,5.277522951131224,197,0.10244923647928732,-0.005083240480463326,45419.62567990087
305,63.76927701870426,63.76927701870426,0.006968432368401103,0.0,5.277522951131224,197,0.10315019763909809,0.0076850169894331095,45524.28319358595
306,64.28135767493053,64.28135767493053,0.00799813897486514,0.0,5.277522951131224,197,0.10335753484526257,0.010333950125989505,45576.89617091355
307,63.93927522271731,63.93927522271731,-0.00533585361592383,0.0,5.277522951131224,197,0.10394439284783129,0.008475887606197684,45504.04889557214
308,65.54619939706132,65.54619939706132,0.02482142002055798,0.0,5.277522951131224,197,0.1041768641000189,-0.0019051554456882887,45884.23727675467
309,65.56712196134802,65.56712196134802,0.00031915238280182513,0.0,5.277522951131224,197,0.10421316828418342,-0.009025479266408672,45878.69869281016
310,66.24512722287969,66.24512722287969,0.010287530109587613,0.0,5.277522951131224,197,0.10524085699179574,-0.010838893756359321,46025.28907366417
311,68.20232006661259,68.20232006661259,0.029116672034291247,0.0,5.277522951131224,197,0.10657952647188455,-0.00024303224290318093,46406.786062586114
312,69.5885458059114,69.5885458059114,0.020121399199980267,0.0,5.277522951131224,197,0.10487655087649199,0.029911284772297226,46619.233182144955
313,67.45152214536,67.45152214536,-0.031190832625737495,0.0,5.277522951131224,197,0.10064456403878047,0.00782529011437295,46108.53982124768
314,67.39977807870267,67.39977807870267,-0.0007674241050827311,0.0,5.277522951131224,197,0.10057821970197575,0.008575296588650916,46084.865228932606
315,67.52665441807899,67.52665441807899,0.0018806748896365885,0.0,5.277522951131224,197,0.10050285040638157,-0.004610143114660688,46092.36734398151
316,68.63139573948234,68.63139573948234,0.016227693674910434,0.0,5.277522951131224,197,0.10219934384030599,0.016084995819875426,46376.836629181
317,69.79715597963616,69.79715597963616,0.016843169784259638,0.0,5.277522951131224,197,0.10228900717740225,0.02224552307972877,46475.222383834785
318,69.5161668457053,69.5161668457053,-0.004033921656101351,0.0,5.277522951131224,197,0.10227578156093538,0.015412069772783955,46430.68706680491
319,69.26660375990406,69.26660375990406,-0.0035964601904185686,0.0,5.277522951131224,197,0.1027842375681367,0.016653192821010108,46365.69787405823
320,67.90716498079063,67.90716498079063,-0.019821330271957295,0.0,5.277522951131224,197,0.10070832325773736,0.023219939375963887,46003.37859390883
321,66.96767057094122,66.96767057094122,-0.013931577397756,0.0,5.277522951131224,197,0.10060267649042473,0.0385789072590557,45937.12896880019
322,67.95552011916575,67.95552011916575,0.014643401109782907,0.0,5.277522951131224,197,0.09999652441401104,0.029869387397291954,46082.050974243415
323,68.79885987494474,68.79885987494474,0.012333797962536001,0.0,5.277522951131224,197,0.09999648389109281,0.03556994995126888,46143.893385767384
324,69.07620523642834,69.07620523642834,0.004023145669526509,0.0,5.277522951131224,197,0.09970856690668058,0.024894343415377596,46187.52655437686
325,66.10690253021667,66.10690253021667,-0.04393715191013828,0.0,5.277522951131224,197,0.09893575031980772,0.0293321275715931,45548.54413327611
326,66.54304331391444,66.54304331391444,0.00657583917644579,0.0,5.277522951131224,197,0.09850349749218772,-0.006703582633758581,45609.769485688324
327,68.66429602792391,68.66429602792391,0.031380349507607014,0.0,5.277522951131224,197,0.10105298361606997,-0.005266773419067528,46068.11503368929
328,67.28775848209216,67.28775848209216,-0.020251030322819413,0.0,5.277522951131224,197,0.10160327488652614,-0.03822456564307137,45784.95490295461
329,67.93924036410449,67.93924036410449,0.009635456350743851,0.0,5.277522951131224,197,0.10095426430992403,-0.02557585659814767,45883.29938300403
330,69.96279431504891,69.96279431504891,0.02934980927469902,0.0,5.277522951131224,197,0.10114116445512374,0.011443524572783097,46253.18979047455
331,69.42914346526219,69.42914346526219,-0.007656876940113051,0.0,5.277522951131224,197,0.10173981698189274,0.006930146143883683,46159.679847660875
332,70.52748370758451,70.52748370758451,0.015695759651481875,0.0,5.277522951131224,197,0.10325032216788944,0.009779532125843942,46399.0684985718
333,70.17948425897396,70.17948425897396,-0.0049464523781961875,0.0,5.277522951131224,197,0.10289107618730767,-0.00463854985328288,46323.03151393379
334,72.45916284329427,72.45916284329427,0.03196711074075734,0.0,5.277522951131224,197,0.1001390900596415,-0.023961761232645984,46716.68058363298
335,69.00559771381928,69.00559771381928,-0.04883550444294041,0.0,5.277522951131224,197,0.09556684075221417,-0.07485486097333821,45883.85698369829
336,68.03338863410136,68.03338863410136,-0.014189033598443477,0.0,5.277522951131224,197,0.09456315592997366,-0.03880169875936371,45653.17993438106
337,67.92417078025363,67.92417078025363,-0.0016066466301981398,0.0,5.277522951131224,197,0.09479444213983046,-0.03693614558850365,45621.89980399859
338,68.97866623694058,68.97866623694058,0.01540532445256128,0.0,5.277522951131224,197,0.09638455234141931,-0.04121551289405409,45874.31605978912
339,68.26550409680773,68.26550409680773,-0.010392697297540093,0.0,5.277522951131224,197,0.09624626120514962,-0.008232119093365147,45818.64851025042
340,67.41701641046944,67.41701641046944,-0.012507119468925788,0.0,5.277522951131224,197,0.09651537118109185,-0.001054073818121317,45712.891368268065
341,68.33087309660921,68.33087309660921,0.013464231306512793,0.0,5.277522951131224,197,0.09546881975244745,-0.008304241726838572,45865.20739882476
342,68.23565379242237,68.23565379242237,-0.0013944752317556254,0.0,5.277522951131224,197,0.09523618353456675,-0.012814155853371654,45824.08808302684
343,69.2103055596143,69.2103055596143,0.014182564681241232,0.0,5.277522951131224,197,0.09535786767501743,0.0007016161552515516,45884.804947165074
344,69.63591100749157,69.63591100749157,0.006130621221289393,0.0,5.277522951131224,197,0.0958728960664204,0.010426910648248765,45959.13277153714
345,68.02792197650594,68.02792197650594,-0.023362158831226776,0.0,5.277522951131224,197,0.09475741822751087,0.005886934253099126,45674.03458773029
346,67.78701398615014,67.78701398615014,-0.0035475957236834987,0.0,5.277522951131224,197,0.09532474756335725,0.016685029695114803,45610.32711401159
347,68.5599681867634,68.5599681867634,0.0113381677952788,0.0,5.277522951131224,197,0.09623419612672426,0.011601034557832702,45782.758745614905
348,69.91627234919315,69.91627234919315,0.01958960657341892,0.0,5.277522951131224,197,0.09592757253236328,-0.006324154105819809,45878.43642190311
349,68.93445535829481,68.93445535829481,-0.01414228605091386,0.0,5.277522951131224,197,0.09605947647803684,-0.004475488785385666,45768.54755299985
350,66.71046573629326,66.71046573629326,-0.03279428258807808,0.0,5.277522951131224,197,0.10026830954675889,0.010635204209051848,45331.83263459064
351,66.21175358854923,66.21175358854923,-0.007503854365230457,0.0,5.277522951131224,197,0.09936218022482342,0.0250421458081177,45189.70045560216
352,65.50473415764792,65.50473415764792,-0.010735576592909845,0.0,5.277522951131224,197,0.09932730221453319,0.028672391937000434,45128.5873741147
353,67.58824071386248,67.58824071386248,0.031311596734899014,0.0,5.277522951131224,197,0.09948101102456437,0.0012316841157208808,45388.01982885306
354,65.67577996604584,65.67577996604584,-0.028703802330754202,0.0,5.277522951131224,197,0.10301493441076344,-0.04475467364887562,44999.60875014242
355,67.46440496710444,67.46440496710444,0.02686991331895264,0.0,5.277522951131224,197,0.10539289905719355,-0.08323611612238006,45446.33508972238
356,66.60870693382235,66.60870693382235,-0.012764821225051062,0.0,5.277522951131224,197,0.1052656092514006,-0.12207670419742134,45321.466974792245
357,63.590331500550136,63.590331500550136,-0.0463738653851813,0.0,5.277522951131224,197,0.11177400687367438,-0.13071389940809372,44720.62312363957
358,63.23014535134165,63.23014535134165,-0.005680267518506514,0.0,5.277522951131224,197,0.11139622080395173,-0.10842438719323283,44614.71821815006
359,62.662722822942335,62.662722822942335,-0.009014432334710764,0.0,5.277522951131224,197,0.11178069118862616,-0.11077301729493584,44481.08823431269
360,64.10816243277604,64.10816243277604,0.022804956359583926,0.0,5.277522951131224,197,0.10997628075082562,-0.11821749499837586,44690.886627526575
361,63.36834459409831,63.36834459409831,-0.011607254734504727,0.0,5.277522951131224,197,0.108836067785274,-0.129615108865148,44511.025718813806
362,65.70536530343036,65.70536530343036,0.03621614570094775,0.0,5.277522951131224,197,0.11077287283549052,-0.14174943869629292,44963.30987627915
363,67.07875584798947,67.07875584798947,0.02068680366501888,0.0,5.277522951131224,197,0.10828998961564702,-0.10956292263254769,45172.1018910137
364,67.21034261170641,67.21034261170641,0.001959754102767531,0.0,5.277522951131224,197,0.10841879929695976,-0.1088057602020041,45198.33344126746
365,65.92435675129454,65.92435675129454,-0.019319168687371734,0.0,5.277522951131224,197,0.10771661250521736,-0.10995812190527493,44929.990718275745
366,66.2998207390868,66.2998207390868,0.005679218492226376,0.0,5.277522951131224,197,0.107210201931686,-0.11251477044378566,44988.57797143044
367,66.11330249315512,66.11330249315512,-0.0028172187882990352,0.0,5.277522951131224,197,0.10681299902439652,-0.10737167974517707,44930.171130178824
368,66.86652382673074,66.86652382673074,0.011328476051626547,0.0,5.277522951131224,197,0.10722378039482244,-0.11108268710632184,45040.37984909894
369,67.87204456476262,67.87204456476262,0.014925784315189348,0.0,5.277522951131224,197,0.10574159934115504,-0.10321910783824753,45261.600972403074
370,71.48898192550017,71.48898192550017,0.05191910389928053,0.0,5.277522951131224,197,0.10814797108540306,-0.07477707303147384,46270.973622921396
371,70.82771634482495,70.82771634482495,-0.009292940990684244,0.0,5.277522951131224,197,0.10848665425380036,-0.1195399452690211,46145.26198371134
372,71.97432094878828,71.97432094878828,0.01605900402025959,0.0,5.277522951131224,197,0.10821898258327882,-0.10175987919866727,46335.679606549835
373,71.40401999888384,71.40401999888384,-0.007955231645033518,0.0,5.277522951131224,197,0.10882789154075576,-0.1133608177125888,46244.649746727395
374,70.22313158676303,70.22313158676303,-0.016676403727699185,0.0,5.277522951131224,197,0.10740220988580743,-0.10555095063097307,45956.74527329063
375,70.33602737253814,70.33602737253814,0.0016063814110432147,0.0,5.277522951131224,197,0.10746497277645649,-0.10695670981816702,45960.909557518746
376,69.50269695267161,69.50269695267161,-0.01191859105707123,0.0,5.277522951131224,197,0.10885803469984495,-0.11866735035410095,45789.983582977045
377,66.85927437468868,66.85927437468868,-0.03877552886544312,0.0,5.277522951131224,197,0.10453204957791964,-0.09261895287260367,45097.71595233236
378,65.1285808645485,65.1285808645485,-0.026226544980448123,0.0,5.277522951131224,197,0.10419091674578415,-0.053980437123933994,44991.405700527794
379,63.589795376939584,63.589795376939584,-0.023910475621898873,0.0,5.277522951131224,197,0.10356707118813856,-0.03316018782836136,44822.36007505712
380,62.62420788863317,62.62420788863317,-0.01530109658433407,0.0,5.277522951131224,197,0.10557471277765557,-0.030372072393116248,44586.22808413205
381,64.27070071438902,64.27070071438902,0.025951951150327855,0.0,5.277522951131224,197,0.10804890667511584,-0.036247507734080336,45029.6918766048
382,64.29599254432419,64.29599254432419,0.0003934429613201613,0.0,5.277522951131224,197,0.1080377092394246,-0.043110279284311805,45029.658056849825
383,63.73892143827543,63.73892143827543,-0.00870191737536477,0.0,5.277522951131224,197,0.10764204893132616,-0.04635293751563101,44919.85060672993
384,64.49190118016254,64.49190118016254,0.011744265243345904,0.0,5.277522951131224,197,0.10619926955262152,-0.041530386666371315,45073.7664670563
385,64.518387598826,64.518387598826,0.0004106094062150112,0.0,5.277522951131224,197,0.10624124928924142,-0.0317782953116059,45063.854241800334
386,64.79973488571429,64.79973488571429,0.004351249854037548,0.0,5.277522951131224,197,0.10600610765796904,-0.04049777631322878,45091.16532459743
387,64.43436813735413,64.43436813735413,-0.005654354590055555,0.0,5.277522951131224,197,0.10566231982868036,-0.017544928887158646,45004.706769054035
388,63.30101221088496,63.30101221088496,-0.01774583777439684,0.0,5.277522951131224,197,0.10483738480749678,-0.0059590231558434535,44764.77816916962
389,63.266841010454094,63.266841010454094,-0.000539966514267519,0.0,5.277522951131224,197,0.10503136484178228,-0.02006177090535092,44740.04753696829
390,63.09085598005842,63.09085598005842,-0.0027855073078548453,0.0,5.277522951131224,197,0.10466891860806692,-0.012948605519360255,44672.91271118603
391,64.17398449004075,64.17398449004075,0.017022056664398003,0.0,5.277522951131224,197,0.10469676406359966,-0.00902026362808134,44762.90537571674
392,64.16833179520444,64.16833179520444,-8.808777967520137e-05,0.0,5.277522951131224,197,0.10468888145977974,-0.005644898626799344,44751.4924515043
393,63.278232880924435,63.278232880924435,-0.013968417104952807,0.0,5.277522951131224,197,0.10646264826502368,-0.0017367701586026524,44553.74421200349
394,62.30461448193281,62.30461448193281,-0.015505905891895488,0.0,5.277522951131224,197,0.10689873316041498,0.07746295489896354,44314.301665794264
395,65.12340295732288,65.12340295732288,0.0442484852632784,0.0,5.277522951131224,197,0.10451098558393314,0.02187697179875795,44689.95225416592
396,62.319233435297924,62.319233435297924,-0.044013876018314496,0.0,5.277522951131224,197,0.10492535756124068,-0.0613822157115122,44213.507374802575
397,63.88142728889945,63.88142728889945,0.024758565353631384,0.0,5.277522951131224,197,0.10210738815960328,-0.10481519419514974,44518.564379083604
398,64.19042785082749,64.19042785082749,0.00482543430288876,0.0,5.277522951131224,197,0.10235277948166335,-0.09334129293931007,44596.575665169956
399,64.8040820798816,64.8040820798816,0.009514495751222833,0.0,5.277522951131224,197,0.10260241296999065,-0.09515716328103446,44709.89656137728
400,64.03662476283475,64.03662476283475,-0.01191341483446999,0.0,5.270591479325624,196,0.10415263361395533,-0.09306196368770517,44540.77045335475
401,64.29569137815575,64.29569137815575,0.004037439283101289,0.0,5.270591479325624,196,0.10437217367608687,-0.09578413607855403,44591.16656579953
402,64.44674962082873,64.44674962082873,0.00234667466023603,0.0,5.270591479325624,196,0.10442421460647533,-0.09475894333274103,44603.15275767568
403,64.46164469228272,64.46164469228272,0.00023109544726943116,0.0,5.270591479325624,196,0.10444401257680987,-0.1002186665580689,44602.390582223554
404,65.16133252607537,65.16133252607537,0.010795842597127375,0.0,5.270591479325624,196,0.10414402543967118,-0.09241716451530503,44728.512592065716
405,64.8881230583716,64.8881230583716,-0.004201630347556801,0.0,5.270591479325624,196,0.10444322836769121,-0.09857534706646656,44677.37491414437
406,64.58737132108422,64.58737132108422,-0.004645701947605188,0.0,5.270591479325624,196,0.10401187576744049,-0.09656654509680289,44586.40445399691
407,67.07773297235839,67.07773297235839,0.03783323921162062,0.0,5.270591479325624,196,0.10476790219295155,-0.10676241517731903,44829.72505065286
408,66.9662683379351,66.9662683379351,-0.001663105532893145,0.0,5.270591479325624,196,0.10480670198958277,-0.09939605402422261,44804.51327603409
409,68.43928418418028,68.43928418418028,0.021757954971269363,0.0,5.270591479325624,196,0.10243156947259074,-0.1175678550706382,45048.874138356616
410,69.99567110259275,69.99567110259275,0.022486408803445414,0.0,5.270591479325624,196,0.10437034492140251,-0.11158957601154587,45411.16689480066
411,70.34415210002403,70.34415210002403,0.004966255560456304,0.0,5.270591479325624,196,0.10440856280903145,-0.1122425577738711,45429.7849805229
412,70.09787329207114,70.09787329207114,-0.0035071989272464667,0.0,5.270591479325624,196,0.10410256011888959,-0.0985859789480102,45378.240284496256
413,68.87073183178421,68.87073183178421,-0.017661159600364143,0.0,5.270591479325624,196,0.1054304325982996,-0.058845282741216344,45164.661950442205
414,69.71544334799859,69.71544334799859,0.012190566283170003,0.0,5.270591479325624,196,0.10561644747919995,-0.03620110803051272,45231.220850022575
415,70.3793984507555,70.3793984507555,0.009478722633569626,0.0,5.270591479325624,196,0.10488256772289406,-0.016865653019917853,45338.09771966134
416,69.90619981465596,69.90619981465596,-0.006746243899961609,0.0,5.270591479325624,196,0.10537002654531671,-0.04920435547395671,45259.73455770785
417,69.85500590967477,69.85500590967477,-0.0007325910935795828,0.0,5.270591479325624,196,0.1054430884388834,-0.07197342315491162,45236.57674551552
418,69.38132904120829,69.38132904120829,-0.006803952373343045,0.0,5.270591479325624,196,0.10479975030864029,-0.07481568411441213,45084.40678378965
419,67.02152660415516,67.02152660415516,-0.03460393694138759,0.0,5.270591479325624,196,0.10441621876791399,-0.045515215261386,44942.60283173221
420,64.80502110473215,64.80502110473215,-0.03363077384641463,0.0,5.270591479325624,196,0.10298734343486964,0.026037271609489068,44520.890819424334
421,64.22779933562693,64.22779933562693,-0.008946958108596205,0.0,5.270591479325624,196,0.10351823974018623,0.06033269394998566,44423.91492608166
422,64.7306377782431,64.7306377782431,0.007798496977411095,0.0,5.270591479325624,196,0.10302177696219332,0.02284923457958967,44482.902980088365
423,62.05932079801038,62.05932079801038,-0.04214391072849957,0.0,5.270591479325624,196,0.10427555903459497,0.002468273558182874,44066.23486688576
424,63.876455953039255,63.876455953039255,0.028860127368661375,0.0,5.270591479325624,196,0.10192451394703549,-0.050438710893017255,44359.51773801197
425,64.32164333628695,64.32164333628695,0.006945331877457232,0.0,5.270591479325624,196,0.10228381121268508,-0.035385937342952575,44465.56788148569
426,66.0441694285974,66.0441694285974,0.026427578029094543,0.0,5.270591479325624,196,0.1036528933666252,-0.024952132687094904,44748.935650770414
427,67.56329168907392,67.56329168907392,0.022741061251911773,0.0,5.270591479325624,196,0.10201099916345739,0.0030957746707642045,45037.299956210845
428,67.8323738723808,67.8323738723808,0.003974758519092455,0.0,5.270591479325624,196,0.10207288466066183,-0.00043655890828540563,45086.86280789989
429,65.40096316561697,65.40096316561697,-0.036502586069281376,0.0,5.270591479325624,196,0.10425104669082158,-0.0398150453548657,44597.10523591153
430,68.44331758325023,68.44331758325023,0.04546893652296577,0.0,5.270591479325624,196,0.10287964427400466,-0.09191070297021417,44982.612615689635
431,70.48079207591499,70.48079207591499,0.029334297691623625,0.0,5.270591479325624,196,0.10310011044336605,-0.02581987291115416,45274.674046196
432,70.38442482168065,70.38442482168065,-0.0013682195135209577,0.0,5.270591479325624,196,0.10331919025278043,-0.022504979678659442,45247.4405476551
433,69.2398504829947,69.2398504829947,-0.016395429455266987,0.0,5.270591479325624,196,0.10305327617141664,-0.026612773995716887,44971.75476820871
434,70.9969769549127,70.9969769549127,0.02506072713150053,0.0,5.270591479325624,196,0.1017950722745283,-0.04170688403475777,45275.305116645664
435,69.60827036910433,69.60827036910433,-0.01975391061172926,0.0,5.270591479325624,196,0.1024277482858165,-0.06001492587304026,45073.80591720654
436,69.47462661703942,69.47462661703942,-0.0019217861590847627,0.0,5.270591479325624,196,0.10248526982973027,-0.07749518706557208,45032.82072907988
437,70.12280923813935,70.12280923813935,0.00928652127980192,0.0,5.270591479325624,196,0.10189439438807518,-0.12860592968861997,45129.73985167421
438,70.23627350945611,70.23627350945611,0.001616771694591758,0.0,5.270591479325624,196,0.10197523436156523,-0.16293037993067408,45148.37056633195
439,70.65561699809825,70.65561699809825,0.005952716304838074,0.0,5.270591479325624,196,0.10214941858925186,-0.18727556591802486,45216.15264206109
440,69.49298017796374,69.49298017796374,-0.01659186770761927,0.0,5.270591479325624,196,0.10328795209973271,-0.1717407239215772,45028.15500658272
441,70.11337750668723,70.11337750668723,0.008887867615622104,0.0,5.270591479325624,196,0.10388868012401896,-0.180901457041661,45164.70501652464
442,67.89677968688503,67.89677968688503,-0.03212500430332681,0.0,5.270591479325624,196,0.10335173356311267,-0.18328402071640826,45016.52127696877
443,69.5658361663206,69.5658361663206,0.024284981001907166,0.0,5.270591479325624,196,0.10530552902631858,-0.208668745109173,45400.053537582724
444,66.95804773943156,66.95804773943156,-0.038207317017617606,0.0,5.270591479325624,196,0.10463944489290232,-0.23330132633059286,45217.11674566546
445,66.21437760555615,66.21437760555615,-0.011168646396593863,0.0,5.270591479325624,196,0.10372352685714926,-0.21347772752016078,45038.79743682034
446,66.08942610969386,66.08942610969386,-0.0018888577577286826,0.0,5.270591479325624,196,0.10373779092566585,-0.21150542176725706,45017.36989877703
447,67.67096219688891,67.67096219688891,0.023648403122979268,0.0,5.270591479325624,196,0.10201322024053827,-0.21418015748502695,45282.896594587946
448,66.32595186294245,66.32595186294245,-0.020075917684688176,0.0,5.270591479325624,196,0.10143540685881072,-0.23322712688233224,44940.69066954468
449,67.41910065813313,67.41910065813313,0.01634711890770749,0.0,5.270591479325624,196,0.10195400621259036,-0.24403078782551105,45117.14401475033
450,65.20873824769188,65.20873824769188,-0.03333488816778323,0.0,5.270591479325624,196,0.10404430756566042,-0.2511362321055448,44666.04641396616
451,64.40526846617324,64.40526846617324,-0.012398043911169668,0.0,5.270591479325624,196,0.10342737809408867,-0.23564084948518083,44467.26532472667
452,62.053385472924475,62.053385472924475,-0.037200367681192247,0.0,5.270591479325624,196,0.10271364800457397,-0.2072748398350751,44190.3934151921
453,62.035206361368786,62.035206361368786,-0.00029300214334005537,0.0,5.270591479325624,196,0.102776653022103,-0.2164506366840549,44178.6160300834
454,61.08831335217489,61.08831335217489,-0.015381491369478986,0.0,5.270591479325624,196,0.10424085859418608,-0.1921130620999117,43954.33763731864
455,60.23325582790613,60.23325582790613,-0.014095954874951529,0.0,5.270591479325624,196,0.10368710191518868,-0.12271590869571582,43730.50073334598
456,62.108426678049426,62.108426678049426,0.03065705285619646,0.0,5.270591479325624,196,0.10417668857830988,-0.09983060761955696,43939.551204197036
457,61.41256371650031,61.41256371650031,-0.011267240021335707,0.0,5.270591479325624,196,0.10384599182658626,-0.12167456883731097,43806.776674214714
458,63.08375227070976,63.08375227070976,0.02684880963158554,0.0,5.270591479325624,196,0.10460984633207956,-0.13177760159909452,44012.62793607479
459,62.056866396239734,62.056866396239734,-0.016412080029010293,0.0,5.270591479325624,196,0.105394066552404,-0.14372438244280542,43834.206600538346
460,62.14930784423691,62.14930784423691,0.001488516422486325,0.0,5.270591479325624,196,0.10541434039590894,-0.14374950878649198,43838.12251403359
461,62.08570060135167,62.08570060135167,-0.0010239826799060862,0.0,5.270591479325624,196,0.10555231713686808,-0.14444611329942708,43816.85271223352
462,63.485565832353814,63.485565832353814,0.022296871976981825,0.0,5.270591479325624,196,0.10654177262690512,-0.14203214644403536,44157.082420141924
463,63.07056594732564,63.07056594732564,-0.006558376377335821,0.0,5.270591479325624,196,0.10657675691239808,-0.14759837808153495,44124.94944661779
464,63.90029106601753,63.90029106601753,0.01306972244103665,0.0,5.270591479325624,196,0.10720256201930609,-0.14883312833585124,44290.97381593939
465,64.64755790177013,64.64755790177013,0.011626413966322085,0.0,5.270591479325624,196,0.10764888340866631,-0.14268159994205687,44385.42174894443
466,63.41025371078228,63.41025371078228,-0.019324751542986195,0.0,5.270591479325624,196,0.11008969159969956,-0.1430706156588463,44117.53391004946
467,65.24986917988193,65.24986917988193,0.028598462474569486,0.0,5.270591479325624,196,0.11229947286748365,-0.16615952677859128,44533.18038341369
468,67.41820860874276,67.41820860874276,0.032691097537297466,0.0,5.270591479325624,196,0.11265479246163386,-0.1219938817712428,44802.23130472553
469,67.79510235185988,67.79510235185988,0.005574816806855626,0.0,5.270591479325624,196,0.11277745224875518,-0.13615422175728667,44848.13477079791
470,66.37867414451654,66.37867414451654,-0.02111412326581564,0.0,5.270591479325624,196,0.11488688828859148,-0.1465094398349497,44579.058878698284
471,68.0994824582381,68.0994824582381,0.025593781021295524,0.0,5.270591479325624,196,0.11666879625363165,-0.16225112158204857,44961.59855061815
472,68.05893076192277,68.05893076192277,-0.0005956546724550213,0.0,5.270591479325624,196,0.11660189606016937,-0.1642876621733458,44937.72465600841
473,68.43653247673963,68.43653247673963,0.005532823862760941,0.0,5.270591479325624,196,0.11616063100756442,-0.15784109464954216,44992.637979316205
474,68.16808726051912,68.16808726051912,-0.003930255979495854,0.0,5.270591479325624,196,0.11570401890267615,-0.16418201708416816,44905.30558663994
475,66.79749692187521,66.79749692187521,-0.0203109179940893,0.0,5.270591479325624,196,0.11532578638156074,-0.15749722456131435,44708.748697856485
476,66.34258895731195,66.34258895731195,-0.006833550268648994,0.0,5.270591479325624,196,0.11623337956978276,-0.15312180086517888,44608.91041300754
477,65.77763178696259,65.77763178696259,-0.008552220252111357,0.0,5.270591479325624,196,0.1158079275159233,-0.15102204947748804,44456.28674003754
478,65.23295345450992,65.23295345450992,-0.008315075758529186,0.0,5.270591479325624,196,0.11616067282429204,-0.15608823223050938,44329.47351852045
479,65.21425442746167,65.21425442746167,-0.0002866911063861012,0.0,5.270591479325624,196,0.11623678879995154,-0.20744280242541893,44317.328895419676
480,66.11133549938472,66.11133549938472,0.013662151086543384,0.0,5.270591479325624,196,0.11758592596057597,-0.2279793157983733,44538.85437739833
481,65.48696080201083,65.48696080201083,-0.00948917121321603,0.0,5.270591479325624,196,0.1166755105843567,-0.23037656362112297,44397.802498168545
482,65.18352088017714,65.18352088017714,-0.004644361348680145,0.0,5.270591479325624,196,0.11728668770086047,-0.21556658498508452,44326.93394517605
483,67.22393518256312,67.22393518256312,0.030822672674523544,0.0,5.270591479325624,196,0.12027108095210516,-0.1797956946001723,44858.12763740122
484,64.8787203204669,64.8787203204669,-0.03550967660256137,0.0,5.270591479325624,196,0.12053718292108292,-0.22847830801237706,44674.58646983902
485,66.48603898133828,66.48603898133828,0.024472299668986362,0.0,5.270591479325624,196,0.12052095553371345,-0.2650959300191551,44871.00130651506
486,67.83129758681366,67.83129758681366,0.02003171926795373,0.0,5.270591479325624,196,0.11804640027088067,-0.2728577764690062,45117.34514611137
487,65.82762400179085,65.82762400179085,-0.029984136870105513,0.0,5.270591479325624,196,0.11431950608179159,-0.296691662067788,44631.46322010106
488,63.5473754732077,63.5473754732077,-0.03525386971823454,0.0,5.270591479325624,196,0.11366870074743357,-0.23708795633782417,44321.455347868374
489,65.20396895187444,65.20396895187444,0.025734642404241365,0.0,5.270591479325624,196,0.11091533077192661,-0.21351233552076407,44640.79177759046
490,63.53594772064868,63.53594772064868,-0.025914489016725648,0.0,5.270591479325624,196,0.11221024542243695,-0.3140643572876459,44256.57293543908
491,63.45633357882021,63.45633357882021,-0.0012538423822937475,0.0,5.270591479325624,196,0.11235073624508139,-0.3275168190711197,44239.61659438572
492,65.24685125675694,65.24685125675694,0.027825779261110684,0.0,5.270591479325624,196,0.11223025457956538,-0.3151817617901717,44521.0838853868
493,65.90232055186458,65.90232055186458,0.009995865681615854,0.0,5.270591479325624,196,0.11119337827332056,-0.28598087192824756,44629.36719264678
494,66.41622142065049,66.41622142065049,0.007767671031535048,0.0,5.270591479325624,196,0.11176692332527381,-0.26834620381960583,44752.39721580818
495,67.54880371025799,67.54880371025799,0.016909029406547187,0.0,5.270591479325624,196,0.11299890495436138,-0.26313895000091186,44974.18160279326
496,68.69656711836964,68.69656711836964,0.016848874258190802,0.0,5.270591479325624,196,0.1112550488528392,-0.24625980602130432,45140.9543615691
497,68.97961718362649,68.97961718362649,0.004111829006432414,0.0,5.270591479325624,196,0.1115930135588293,-0.24465441566902146,45199.80061787264
498,69.52309312651333,69.52309312651333,0.007847914759887095,0.0,5.270591479325624,196,0.11206873523009472,-0.24295616641634737,45282.779686932896
499,69.95709041525848,69.95709041525848,0.0062230874427464875,0.0,5.270591479325624,196,0.11148457224527453,-0.236444087693759,45344.28008809768
500,70.02995303305022,70.02995303305022,0.001040990974261401,0.0,5.263660007520025,195,0.1162119643694074,-0.23257960234569838,45132.19147976032
501,70.24980265612821,70.24980265612821,0.0031344480462691367,0.0,5.263660007520025,195,0.11634282418939212,-0.22081471043381437,45150.19267465434
502,68.7481701115416,68.7481701115416,-0.021607379411415856,0.0,5.263660007520025,195,0.11899118473659279,-0.19479465848381933,44844.292116116456
503,70.53582266545305,70.53582266545305,0.02567058404865779,0.0,5.263660007520025,195,0.12009777832004893,-0.17786292715766389,45258.99701095959
504,70.7758022077063,70.7758022077063,0.0033964618716684483,0.0,5.263660007520025,195,0.1199743631960176,-0.20909573163237055,45296.758024782845
505,70.23211144717801,70.23211144717801,-0.0077115310874455376,0.0,5.263660007520025,195,0.1202924702372036,-0.21248531889388547,45205.326648543414
506,70.00219316491739,70.00219316491739,-0.0032790619799926432,0.0,5.263660007520025,195,0.12052115175098271,-0.20755230490270543,45157.20764311547
507,68.23261683992048,68.23261683992048,-0.02560386917818602,0.0,5.263660007520025,195,0.11806645584938069,-0.17832952498732635,44727.56790816434
508,66.47004233563827,66.47004233563827,-0.02617134834100452,0.0,5.263660007520025,195,0.11793724948849277,-0.12914494199346224,44547.81560530752
509,65.84749331999697,65.84749331999697,-0.009409994016866917,0.0,5.263660007520025,195,0.11851418781317966,-0.09273254363594698,44448.46077996274
510,65.30584269618711,65.30584269618711,-0.008259853996508113,0.0,5.263660007520025,195,0.11881350043332016,-0.11443603687893723,44372.31369506181
511,65.00970688394769,65.00970688394769,-0.004544911531237391,0.0,5.263660007520025,195,0.11930221355328889,-0.13663955350529128,44302.852022298255
512,66.80975484700627,66.80975484700627,0.02731250510282613,0.0,5.263660007520025,195,0.12225452618218657,-0.1513753939875606,44762.9076497327
513,67.68547849579565,67.68547849579565,0.013022558538860819,0.0,5.263660007520025,195,0.1223062027443975,-0.13608460093838645,44820.03955309469
514,65.29917324161431,65.29917324161431,-0.03589228378633812,0.0,5.263660007520025,195,0.11935732169117713,-0.16191451694005515,44255.72658947357
515,66.82548253437656,66.82548253437656,0.02310510758751117,0.0,5.263660007520025,195,0.1194236902788912,-0.17721003563389462,44374.81986958829
516,66.18417290120064,66.18417290120064,-0.009643128548517066,0.0,5.263660007520025,195,0.11975482201896835,-0.17762859040327547,44290.69072021269
517,67.19041693915007,67.19041693915007,0.015089277971375365,0.0,5.263660007520025,195,0.11832036306434843,-0.16872542147076258,44437.94353631922
518,66.65890515259952,66.65890515259952,-0.007941983896592337,0.0,5.263660007520025,195,0.11786135086506813,-0.15726692336657924,44311.82902558251
519,66.79598086596884,66.79598086596884,0.0020542636641299678,0.0,5.263660007520025,195,0.11791982246492438,-0.16003647611780428,44322.873619389895
520,65.22523633640223,65.22523633640223,-0.02379645763706814,0.0,5.263660007520025,195,0.12033324731639397,-0.156062188964092,44059.81651446529
521,65.62562349112977,65.62562349112977,0.006119767265539382,0.0,5.263660007520025,195,0.12082724552769568,-0.16034962648191153,44146.99232965489
522,66.7839945436465,66.7839945436465,0.017497227509408103,0.0,5.263660007520025,195,0.12099228847138163,-0.14941777524046077,44211.45444960619
523,64.65318349951507,64.65318349951507,-0.03242610312256508,0.0,5.263660007520025,195,0.12018027572441697,-0.16435844006127137,43859.230859724965
524,65.81145596989387,65.81145596989387,0.01775657999233412,0.0,5.263660007520025,195,0.11835202221700976,-0.1971963560747884,44066.018269771106
525,64.8808600909453,64.8808600909453,-0.014241259701568821,0.0,5.263660007520025,195,0.11969626469503954,-0.19786333737342113,43876.71526291384
526,67.2058056497123,67.2058056497123,0.03520697103282204,0.0,5.263660007520025,195,0.11867968883680413,-0.18784831700147497,44152.71923504927
527,68.22045043642261,68.22045043642261,0.014984742277751647,0.0,5.263660007520025,195,0.12016836999947292,-0.21221040997966575,44403.03358211237
528,69.00364993552937,69.00364993552937,0.011415021142544453,0.0,5.263660007520025,195,0.12068574512219957,-0.22252785718441856,44469.20244878438
529,68.75991435157884,68.75991435157884,-0.003538465914761364,0.0,5.263660007520025,195,0.12081410181703359,-0.21918670204815435,44427.289203474036
530,72.48274266239191,72.48274266239191,0.0527275663837522,0.0,5.263660007520025,195,0.11840070562587914,-0.18227887945159765,44965.209585754965
531,71.79442649991206,71.79442649991206,-0.009541653591827268,0.0,5.263660007520025,195,0.11873527379437575,-0.21022199273303763,44831.35695951805
532,70.36544714842664,70.36544714842664,-0.020104512563973175,0.0,5.263660007520025,195,0.1202557656152525,-0.19618770554118656,44617.78019806078
533,69.43855946216118,69.43855946216118,-0.013260010063438623,0.0,5.263660007520025,195,0.11956724246772084,-0.18120486914839126,44404.09273798515
534,70.91969338257358,70.91969338257358,0.021105832705543517,0.0,5.263660007520025,195,0.12016605646406112,-0.19441119070419255,44683.08387149551
535,71.06385963674285,71.06385963674285,0.0020307465287047258,0.0,5.263660007520025,195,0.12009425596279812,-0.20444455218152405,44694.09926323868
536,70.97625637167818,70.97625637167818,-0.0012335004875244115,0.0,5.263660007520025,195,0.12003781981317492,-0.20848394461062467,44665.86172400432
537,70.32955401839122,70.32955401839122,-0.009153294782527152,0.0,5.263660007520025,195,0.11938387618652677,-0.21134242935301187,44510.988866947955
538,70.18953770005072,70.18953770005072,-0.0019928447155038,0.0,5.263660007520025,195,0.11970713194379398,-0.21131356206313484,44472.747515888084
539,69.4585952281477,69.4585952281477,-0.010468441386081363,0.0,5.263660007520025,195,0.11883145647314236,-0.20766340526490895,44284.11111684169
540,70.39636712249792,70.39636712249792,0.013410835531927179,0.0,5.263660007520025,195,0.11996288394492616,-0.20814016207807662,44448.724152821684
541,70.04446140363318,70.04446140363318,-0.005011455131069556,0.0,5.263660007520025,195,0.12063006427073411,-0.21487587878393735,44361.63132207161
542,69.1273381274848,69.1273381274848,-0.013179919428284217,0.0,5.263660007520025,195,0.11979611980790078,-0.2019974596472976,44118.952782178436
543,70.47352733986865,70.47352733986865,0.01928685667612196,0.0,5.263660007520025,195,0.12011178070545887,-0.1695257235425739,44280.816364936596
544,69.09819382900504,69.09819382900504,-0.019708548652982286,0.0,5.263660007520025,195,0.12100561189699878,-0.15424247759407883,44028.21225244224
545,69.2280041656747,69.2280041656747,0.0018768733133410218,0.0,5.263660007520025,195,0.12101394177733268,-0.18152161617932944,44038.6812190677
546,66.6338986314,66.6338986314,-0.038192028720899954,0.0,5.263660007520025,195,0.12341731650707585,-0.14690583721742206,43655.124731503725
547,64.79788323302573,64.79788323302573,-0.02794049984744647,0.0,5.263660007520025,195,0.12174153197473658,-0.14735175383769242,43167.71062948196
548,64.325779579703,64.325779579703,-0.007312459184212848,0.0,5.263660007520025,195,0.12189046406129452,-0.10207411529305348,43122.08254762463
549,63.63340520954105,63.63340520954105,-0.010821905883449359,0.0,5.263660007520025,195,0.12234318052747303,-0.06721144047009596,43015.630252701136
550,62.95096206423994,62.95096206423994,-0.010782528236124678,0.0,5.263660007520025,195,0.12325599999126007,-0.06498826636785263,42905.77945139096
551,63.921351199784766,63.921351199784766,0.015297396791001465,0.0,5.263660007520025,195,0.12231686239507711,-0.0706585497265695,43062.34263142615
552,65.0091508311267,65.0091508311267,0.01687460184923003,0.0,5.263660007520025,195,0.12159109399370234,-0.0738421486867513,43194.378335053174
553,65.37713231446679,65.37713231446679,0.005644496513946339,0.0,5.263660007520025,195,0.12164732096669295,-0.07323716163521252,43262.56390704972
554,64.03410508888854,64.03410508888854,-0.02075670508103072,0.0,5.263660007520025,195,0.1219489591536891,-0.08564789997436136,43123.379544709635
555,63.869794573925404,63.869794573925404,-0.0025692821842594467,0.0,5.263660007520025,195,0.12214093855794772,-0.10161710694480806,43095.69175864549
556,66.37694798690637,66.37694798690637,0.03850327608066326,0.0,5.263660007520025,195,0.12006570553081683,-0.10265271943193974,43424.88091252286
557,69.76361422015864,69.76361422015864,0.04976276027383846,0.0,5.263660007520025,195,0.11977585847136182,-0.006391121586317067,44133.054326423444
558,71.12781434935921,71.12781434935921,0.01936587311592181,0.0,5.263660007520025,195,0.12014293851230194,0.03301454150750075,44380.462504508636
559,69.73109992165666,69.73109992165666,-0.019832045605551022,0.0,5.263660007520025,195,0.1215608130322333,0.01583274874809372,44155.38879272591
560,69.566291620422,69.566291620422,-0.002366280894579266,0.0,5.263660007520025,195,0.12147170990023827,0.017622050756716367,44109.68020071133
561,69.87983584282067,69.87983584282067,0.004497001910393135,0.0,5.263660007520025,195,0.12160576259599265,0.020128351804028794,44137.70888124463
562,69.99631751343254,69.99631751343254,0.001665497581145761,0.0,5.263660007520025,195,0.12156395559982834,0.04507807905337872,44141.2802230479
563,71.51407660698048,71.51407660698048,0.02145167223000342,0.0,5.263660007520025,195,0.12337829770684877,0.04319831624923554,44507.87464150676
564,72.56937451376349,72.56937451376349,0.014648688233795998,0.0,5.263660007520025,195,0.12379377204796872,0.05720228288929515,44576.9034468661
565,71.05928157344317,71.05928157344317,-0.02102851377674588,0.0,5.263660007520025,195,0.1232421227431455,0.04200886466728731,44364.43266080755
566,70.19126436962564,70.19126436962564,-0.012290616292208156,0.0,5.263660007520025,195,0.12489619698407733,0.04939936949335669,44184.686127870154
567,71.5499191458452,71.5499191458452,0.019171511855270638,0.0,5.263660007520025,195,0.12651066150165827,0.0092202365295791,44491.35395497026
568,73.61706952846943,73.61706952846943,0.028481545821306232,0.0,5.263660007520025,195,0.12658971152216836,0.017820882878326106,44684.731691202214
569,73.9615818734673,73.9615818734673,0.00466887273385799,0.0,5.263660007520025,195,0.1265885755228835,0.01633988773240769,44710.006515712754
570,76.33886417047755,76.33886417047755,0.03163637412321364,0.0,5.263660007520025,195,0.12409833659139087,0.015971941885899312,45066.39923011753
571,76.50724636771726,76.50724636771726,0.0022032914643929052,0.0,5.263660007520025,195,0.12424773254921102,0.023036066892804966,45090.919264209246
572,75.14866131453766,75.14866131453766,-0.017917157579639843,0.0,5.263660007520025,195,0.12370087748933482,0.011780354666498094,44951.245067055264
573,76.1048707805224,76.1048707805224,0.012643965291853798,0.0,5.263660007520025,195,0.12277995942320802,0.02056040387912122,45101.38204469657
574,80.88091604855558,80.88091604855558,0.06086563284909205,0.0,5.263660007520025,195,0.120560335225472,0.07414780336998927,45887.73286012019
575,78.88166601990697,78.88166601990697,-0.025029069655432314,0.0,5.263660007520025,195,0.12134457445520447,0.019310459953440287,45638.36252943084
576,81.31467711445471,81.31467711445471,0.030377699559863365,0.0,5.263660007520025,195,0.12473752349934972,-0.004415839010115309,46211.528004576714
577,82.24150626816045,82.24150626816045,0.011333586483418123,0.0,5.263660007520025,195,0.12568400665966484,0.008697520001712136,46321.98578620736
578,81.14417832067839,81.14417832067839,-0.013432565402320906,0.0,5.263660007520025,195,0.12730513955254094,0.0030744273107541353,46115.926434180874
579,78.11234535669534,78.11234535669534,-0.03807943615214173,0.0,5.263660007520025,195,0.1274629922364753,0.02691324309890586,45401.223874236464
580,74.67415956740183,74.67415956740183,-0.045014006000978525,0.0,5.263660007520025,195,0.13081346758216136,0.09407901453714462,44931.82889924231
581,73.85683624018723,73.85683624018723,-0.011005535543530228,0.0,5.263660007520025,195,0.13135200143711034,0.11240968155108497,44833.815763062026
582,74.45474344383422,74.45474344383422,0.008062896290288012,0.0,5.263660007520025,195,0.1309520096053191,0.12862233192972372,44909.92271179806
583,75.79294296474096,75.79294296474096,0.01781371733721326,0.0,5.263660007520025,195,0.13285998513213912,0.15485248134252402,45229.50335890262
584,77.52820229333798,77.52820229333798,0.0226365831375782,0.0,5.263660007520025,195,0.1352021437678953,0.1732584082214044,45578.945531634774
585,78.01330617922905,78.01330617922905,0.006237633459070873,0.0,5.263660007520025,195,0.13466311798511954,0.19686367052939233,45636.607113788894
586,78.23174798473022,78.23174798473022,0.002796145439516813,0.0,5.263660007520025,195,0.13487239175632817,0.18956663814952424,45682.108407719235
587,77.70131873257154,77.70131873257154,-0.006803320286593956,0.0,5.263660007520025,195,0.13436788471135702,0.18568728215147098,45555.23402132443
588,78.37231340352297,78.37231340352297,0.00859849028788164,0.0,5.263660007520025,195,0.13372585422472877,0.18580164972528682,45650.22144771797
589,77.32209790809883,77.32209790809883,-0.013490932850547588,0.0,5.263660007520025,195,0.13215387521138394,0.1908234704397693,45381.27710534194
590,75.46662817078088,75.46662817078088,-0.02428923921578452,0.0,5.263660007520025,195,0.13034042319708422,0.24213784246545333,45128.44068068802
591,75.591286325204,75.591286325204,0.0016504687375955016,0.0,5.263660007520025,195,0.13033513796696777,0.23364769828545923,45148.56719211482
592,76.80681340065658,76.80681340065658,0.01595233607907375,0.0,5.263660007520025,195,0.1306220940304927,0.2237342243341115,45424.592092783416
593,74.67913495835536,74.67913495835536,-0.028092617077249808,0.0,5.263660007520025,195,0.1307755432666294,0.21270222941076836,45108.28202545207
594,73.86420095996233,73.86420095996233,-0.010972450153761429,0.0,5.263660007520025,195,0.13059007991332194,0.22770757045031514,44956.569815004084
595,73.9380765073402,73.9380765073402,0.000999653791481575,0.0,5.263660007520025,195,0.13061123269488445,0.2276781898119884,44952.873377907745
596,73.93561300456346,73.93561300456346,-3.3319014154463873e-05,0.0,5.263660007520025,195,0.13049393245131943,0.2269642280235457,44933.81820142301
597,74.74929125303045,74.74929125303045,0.010945110741755939,0.0,5.263660007520025,195,0.13072319880026118,0.22547169044345217,44978.99512382623
598,77.62145196844801,77.62145196844801,0.03770410121721307,0.0,5.263660007520025,195,0.13204780589297202,0.2263669414799882,45370.13845199513
599,74.22939387862696,74.22939387862696,-0.04468361623239353,0.0,5.263660007520025,195,0.1355071978209446,0.15819598984312697,44858.87296807996
600,73.13550478464057,73.13550478464057,-0.014846265236678924,0.0,5.256728535714426,194,0.136942272475391,0.185305880699122,44723.96429987166
601,71.30721631216875,71.30721631216875,-0.02531641756101652,0.0,5.256728535714426,194,0.13772002289824015,0.1924605989227109,44528.019894824174
602,70.31898430037106,70.31898430037106,-0.013955723540697284,0.0,5.256728535714426,194,0.13586868747038755,0.21320072852244182,44258.36725331142
603,71.45837053281734,71.45837053281734,0.01607324052036637,0.0,5.256728535714426,194,0.13618697439439503,0.21924238459709805,44327.66857520086
604,69.54806037214902,69.54806037214902,-0.027097020098173937,0.0,5.256728535714426,194,0.13514311831162223,0.20342150957369115,44029.6741439151
605,68.51418110103552,68.51418110103552,-0.014977282515075217,0.0,5.256728535714426,194,0.13638653597014844,0.21811328709893976,43858.51626909371
606,70.1287641428308,70.1287641428308,0.023292292803814594,0.0,5.256728535714426,194,0.1356872914243296,0.17492864648808013,44087.072918036494
607,69.08711981419981,69.08711981419981,-0.01496472583489524,0.0,5.256728535714426,194,0.13658532648210664,0.1576097582584491,43942.30121564079
608,66.66456712321398,66.66456712321398,-0.03569472995128199,0.0,5.256728535714426,194,0.13383306921332136,0.16761199678884472,43304.679044768025
609,66.13188193409488,66.13188193409488,-0.008022624851449013,0.0,5.256728535714426,194,0.13382422627332655,0.1740133358827844,43255.23186613382
610,68.32816309104231,68.32816309104231,0.032671066144703054,0.0,5.256728535714426,194,0.1336217373795818,0.1655987488413205,43558.0899660858
611,68.36923546255782,68.36923546255782,0.0006009239851829145,0.0,5.256728535714426,194,0.13366807245503706,0.15856944577158005,43552.63610362998
612,68.17001045189886,68.17001045189886,-0.0029182108148795836,0.0,5.256728535714426,194,0.13335696822693577,0.15731009361732134,43492.03028097306
613,70.37697871459163,70.37697871459163,0.031861464094803435,0.0,5.256728535714426,194,0.1337063907181067,0.15204168967552026,43755.61513285129
614,71.39102795269407,71.39102795269407,0.014305999733363144,0.0,5.256728535714426,194,0.1336660914358303,0.16344571499711172,43872.94216775824
615,69.74837065718229,69.74837065718229,-0.023278141848968283,0.0,5.256728535714426,194,0.13501712583437125,0.1551099456201019,43640.590495522105
616,69.33247439303062,69.33247439303062,-0.005980658280561755,0.0,5.256728535714426,194,0.13483536426379367,0.10671916480036879,43540.60416008808
617,66.42910484151287,66.42910484151287,-0.042778116022370596,0.0,5.256728535714426,194,0.1342225930116936,0.08437002500977701,43006.102218574204
618,67.14921993497234,67.14921993497234,0.010782019775782246,0.0,5.256728535714426,194,0.1336752611949166,0.08163298429716997,43102.855371818914
619,67.37035045224005,67.37035045224005,0.0032877107147344146,0.0,5.256728535714426,194,0.13385675696012667,0.08314590772168842,43145.39529311856
620,65.67995452223902,65.67995452223902,-0.025411244132768216,0.0,5.256728535714426,194,0.1337214579539719,0.07844662921884878,42989.503975360094
621,66.06930005291862,66.06930005291862,0.0059104192331641625,0.0,5.256728535714426,194,0.13378876387049032,0.07222708130798187,43032.41603889962
622,66.11505364079368,66.11505364079368,0.0006922693711284389,0.0,5.256728535714426,194,0.13384966148890282,0.07062734462734238,43023.75685588637
623,67.97613571539416,67.97613571539416,0.027760236884439467,0.0,5.256728535714426,194,0.1363747004959272,0.059858782437240396,43455.465031614054
624,70.7979956603295,70.7979956603295,0.04067399219806915,0.0,5.256728535714426,194,0.13678737342398656,0.10493053297567219,43659.87326651774
625,72.24778504488106,72.24778504488106,0.020270979287766215,0.0,5.256728535714426,194,0.13854849019493232,0.12363638432058395,43944.81561963559
626,72.19283288233107,72.19283288233107,-0.0007608962906672953,0.0,5.256728535714426,194,0.13858001013143786,0.1312749726952314,43937.20043976895
627,72.35848229208251,72.35848229208251,0.002291912488830582,0.0,5.256728535714426,194,0.13844427935685985,0.11523273152156134,43958.552332435705
628,71.20525010655976,71.20525010655976,-0.016066132751379934,0.0,5.256728535714426,194,0.13959459092542542,0.11124737624999025,43795.7155210231
629,70.35476537332934,70.35476537332934,-0.012016033813371078,0.0,5.256728535714426,194,0.1403839173709466,0.11085292823756915,43679.50430455082
630,70.19445002029006,70.19445002029006,-0.002281270971401152,0.0,5.256728535714426,194,0.14000794595815694,0.11139967363044935,43616.986285385676
631,69.92346121904686,69.92346121904686,-0.003868015683560193,0.0,5.256728535714426,194,0.14000744917377794,0.11358489799350134,43601.723833073505
632,68.09338314065803,68.09338314065803,-0.02652118811504435,0.0,5.256728535714426,194,0.1399802703634469,0.12209130997205037,43367.844208216855
633,68.39027154688495,68.39027154688495,0.00435054109854883,0.0,5.256728535714426,194,0.1395076213049752,0.08696765605419071,43407.21359939149
634,68.68753470623152,68.68753470623152,0.004337151774656427,0.0,5.256728535714426,194,0.1396243828144621,0.15765245902229644,43467.46688881573
635,69.55547850858163,69.55547850858163,0.012556948618199334,0.0,5.256728535714426,194,0.13947267114392736,0.19334479176057193,43616.333173708226
636,69.47782043190479,69.47782043190479,-0.0011171148975781255,0.0,5.256728535714426,194,0.1396337067332033,0.18341210279334755,43595.54357708122
637,68.80023933867149,68.80023933867149,-0.009800347468582351,0.0,5.256728535714426,194,0.1392204873988026,0.19036657067119545,43462.2147856662
638,67.14200876846226,67.14200876846226,-0.024397313487370995,0.0,5.256728535714426,194,0.1389131002467765,0.17888691158154935,43193.71796657744
639,68.26369452805349,68.26369452805349,0.016568156157119786,0.0,5.256728535714426,194,0.13722548629787723,0.10223370436948534,43354.72801376762
640,69.96379624631831,69.96379624631831,0.02459984541320285,0.0,5.256728535714426,194,0.13890939573332936,0.11082748553086917,43792.1860437071
641,72.76037892023713,72.76037892023713,0.039193649670148455,0.0,5.256728535714426,194,0.13903124768412514,0.15132893935347608,44092.78700163792
642,72.357836947689,72.357836947689,-0.005547794294380721,0.0,5.256728535714426,194,0.1392431317211758,0.13617267461863072,44033.69292015722
643,69.56525180920906,69.56525180920906,-0.0393585800957456,0.0,5.256728535714426,194,0.142357256682147,0.11926956095515799,43672.93753599992
644,69.1811282323144,69.1811282323144,-0.005537075031281075,0.0,5.256728535714426,194,0.14224300333033946,0.12029578906101981,43582.36373774103
645,72.50623903091464,72.50623903091464,0.04694450173218138,0.0,5.256728535714426,194,0.14140030852665578,0.10205020894541607,44093.923153603704
646,71.88738471793393,71.88738471793393,-0.008571820363797056,0.0,5.256728535714426,194,0.14147608547290963,0.08941987604926974,44004.41537849815
647,73.30250874705712,73.30250874705712,0.01949404065813325,0.0,5.256728535714426,194,0.14136473647641504,0.08461580128524651,44191.08907445168
648,72.38838343565223,72.38838343565223,-0.012548997316799303,0.0,5.256728535714426,194,0.14194094399608742,0.0801951347649179,44062.2986562875
649,72.92752008507021,72.92752008507021,0.007420235639561016,0.0,5.256728535714426,194,0.14212383173214121,0.06592381775497369,44152.559452858055
650,71.147563080985,71.147563080985,-0.024709998867615206,0.0,5.256728535714426,194,0.1437392883827032,0.06074882219434892,43931.57565145847
651,71.70465928683566,71.70465928683566,0.007799655067897005,0.0,5.256728535714426,194,0.14351253173688316,0.051286785827635635,43988.13956109292
652,71.46270134882629,71.46270134882629,-0.0033800744429066626,0.0,5.256728535714426,194,0.1437371549291399,0.06830355767822449,43951.275873755694
653,72.50903035732715,72.50903035732715,0.014535456625527146,0.0,5.256728535714426,194,0.14382656444430386,0.057264124396524806,44118.93373616735
654,71.30361436803196,71.30361436803196,-0.01676409222268236,0.0,5.256728535714426,194,0.14527457167962218,0.048269261549299405,43940.757165826886
655,71.14971404386486,71.14971404386486,-0.0021607130666411387,0.0,5.256728535714426,194,0.14531076673865792,0.04919783660155708,43899.98336480244
656,69.42809867929,69.42809867929,-0.02449463979158876,0.0,5.256728535714426,194,0.14745103073078425,0.0490713747002068,43646.34117695326
657,70.954144400762,70.954144400762,0.021742149201728928,0.0,5.256728535714426,194,0.1482774164573422,0.012090570401128525,43956.870320928014
658,71.1319314387193,71.1319314387193,0.002502527143375559,0.0,5.256728535714426,194,0.14831672544334815,0.08143888175655598,43974.51166540485
659,69.96495000838527,69.96495000838527,-0.01654193953683859,0.0,5.256728535714426,194,0.14986631303458253,0.05943509082872329,43822.967463954126
660,71.7162373772501,71.7162373772501,0.024722782205681224,0.0,5.256728535714426,194,0.1531278397107575,0.027304521983807915,44254.98016111838
661,70.45685813202267,70.45685813202267,-0.017716603573994995,0.0,5.256728535714426,194,0.15331084953045823,-0.00456126888104171,44157.93096124107
662,70.70315260389734,70.70315260389734,0.0034895820781205102,0.0,5.256728535714426,194,0.15362420489385642,0.002050507224639168,44202.77753302167
663,71.40074252853631,71.40074252853631,0.009818105656753931,0.0,5.256728535714426,194,0.153518356982629,0.021682587338774133,44239.24472963473
664,72.64886677319838,72.64886677319838,0.017329522601972444,0.0,5.256728535714426,194,0.1556235123991334,0.010740369877202866,44530.9504905506
665,74.11466213181103,74.11466213181103,0.01997559080079556,0.0,5.256728535714426,194,0.15571440754575672,0.039489028280618704,44629.322569486285
666,72.78017804781872,72.78017804781872,-0.01816974368866332,0.0,5.256728535714426,194,0.15491196515317676,0.0392736303713312,44409.59629281218
667,72.12131532373802,72.12131532373802,-0.009094002407491546,0.0,5.256728535714426,194,0.1556890285861585,0.0228162833929171,44295.737728762746
668,71.45961319174268,71.45961319174268,-0.009217196510706897,0.0,5.256728535714426,194,0.15620502720008994,0.013157514082834918,44176.47887303011
669,70.51858547359542,70.51858547359542,-0.013256140832169023,0.0,5.256728535714426,194,0.15688923452723016,0.03282266071853071,44060.42941726053
670,72.16653390070111,72.16653390070111,0.0231001202450609,0.0,5.256728535714426,194,0.15988966255667644,0.019461050256951478,44490.66139023508
671,75.82226346973,75.82226346973,0.04941554378439487,0.0,5.256728535714426,194,0.16053056736340987,0.06233458227454865,44707.05056824158
672,75.36266204822476,75.36266204822476,-0.006080008780655457,0.0,5.256728535714426,194,0.16064770421533703,0.05248625369294155,44652.13280226888
673,75.76459335341201,75.76459335341201,0.0053191233014136105,0.0,5.256728535714426,194,0.16021292556927275,0.03596162201056856,44697.679848898944
674,78.97244948029218,78.97244948029218,0.04146797352228027,0.0,5.256728535714426,194,0.16494139509607786,0.053433951155842443,45473.76582757845
675,80.3247637220972,80.3247637220972,0.016978912586724234,0.0,5.256728535714426,194,0.16666137633681555,0.0707596207558361,45736.195597616024
676,77.85102045209031,77.85102045209031,-0.03128095735299452,0.0,5.256728535714426,194,0.1703064583310863,0.03415151471692582,45369.02730392312
677,79.83501014152881,79.83501014152881,0.02516512570201132,0.0,5.256728535714426,194,0.1710420555109887,0.01866733193816158,45798.54006456184
678,79.80527726504421,79.80527726504421,-0.00037249841266797246,0.0,5.256728535714426,194,0.1711424897261623,0.015343877732189017,45790.33129719678
679,77.79573476565537,77.79573476565537,-0.025503026792149316,0.0,5.256728535714426,194,0.17256605178105672,0.019651777482209216,45523.717127754855
680,77.07779058703521,77.07779058703521,-0.009271427376800917,0.0,5.256728535714426,194,0.17330884939314706,0.03776701548580701,45432.289968017976
681,77.40887706734915,77.40887706734915,0.004286285570669719,0.0,5.256728535714426,194,0.17327450935159078,0.037232505666103276,45473.963678855675
682,76.69409641359414,76.69409641359414,-0.009276729236739405,0.0,5.256728535714426,194,0.1740750409240984,0.03808646018003453,45382.130040167045
683,74.92503629568878,74.92503629568878,-0.023336637945527008,0.0,5.256728535714426,194,0.17289318125372055,0.007978709090925044,44991.96393334667
684,75.13494381316666,75.13494381316666,0.0027976500361398407,0.0,5.256728535714426,194,0.17278466493078018,-0.027154160472590377,45015.0279523089
685,77.01948570147903,77.01948570147903,0.024772703231611022,0.0,5.256728535714426,194,0.17105476332646602,-0.023444095651024312,45230.14490899949
686,78.45371491205375,78.45371491205375,0.018450381042715888,0.0,5.256728535714426,194,0.17051336858442487,-0.004938932973923897,45416.51085130929
687,81.3870314451257,81.3870314451257,0.036707109519927617,0.0,5.256728535714426,194,0.16759320150934792,0.02070446786516199,45774.284142511635
688,83.56287323052517,83.56287323052517,0.026383379875711876,0.0,5.256728535714426,194,0.17067942351226953,0.04418490278600754,46292.80446883068
689,86.98116529339183,86.98116529339183,0.0400922830008369,0.0,5.256728535714426,194,0.17371450031747354,0.07363651033229823,46746.734688846234
690,85.24729827276876,85.24729827276876,-0.020135180490095744,0.0,5.256728535714426,194,0.17616823033849377,0.037197048742606965,46463.1622289041
691,86.58762141423638,86.58762141423638,0.01560044171570522,0.0,5.256728535714426,194,0.17767038558945236,0.017327531363616047,46772.52638896822
692,86.44461457402878,86.44461457402878,-0.00165295064184602,0.0,5.256728535714426,194,0.1774692873893259,0.01589220168843749,46720.93791849179
693,87.78582861696827,87.78582861696827,0.015396167419868156,0.0,5.256728535714426,194,0.1762129785360019,0.013260148160278783,46875.93894104386
694,85.51776426127276,85.51776426127276,-0.02617595884073854,0.0,5.256728535714426,194,0.17223119216388047,-0.00048285834374806735,46303.65879167334
695,85.91236755946704,85.91236755946704,0.004603671372486099,0.0,5.256728535714426,194,0.17250096983670193,3.555257159739526e-05,46336.75583107559
696,88.71144178575831,88.71144178575831,0.03206108032708268,0.0,5.256728535714426,194,0.1722406120431641,-0.0014974777616862866,46695.21161108809
697,89.2157784699401,89.2157784699401,0.005669037420506757,0.0,5.256728535714426,194,0.17237608667881305,-0.015081295701843368,46749.19590363392
698,88.01007568295546,88.01007568295546,-0.01360660829824965,0.0,5.256728535714426,194,0.17227737388443337,-0.0029445436610368225,46599.017601514104
699,86.58919457640381,86.58919457640381,-0.016276270482270816,0.0,5.256728535714426,194,0.17352091472801434,0.0015006724059802572,46412.669272955565
700,87.53022551561114,87.53022551561114,0.010809134340003046,0.0,5.249797063908827,193,0.17379446637225313,-0.03226537171101632,46679.69774469315
701,88.24938871789149,88.24938871789149,0.0081826009010239,0.0,5.249797063908827,193,0.17422355213428123,-0.019885755940384525,46738.03698153468
702,88.884436092243,88.884436092243,0.00717028603472582,0.0,5.249797063908827,193,0.17444644225818093,-0.034702399119004176,46793.09124272595
703,87.72064896959151,87.72064896959151,-0.013179733398218735,0.0,5.249797063908827,193,0.17562871283772488,-0.057322432785210285,46612.33855238542
704,86.60909288754456,86.60909288754456,-0.012752512958628526,0.0,5.249797063908827,193,0.17359025378972218,-0.027501296225007233,46329.93551885709
705,84.67259062461358,84.67259062461358,-0.022612864847823006,0.0,5.249797063908827,193,0.17220913939595595,0.013101034289909224,46133.41637590307
706,86.47460498245047,86.47460498245047,0.02105884290566862,0.0,5.249797063908827,193,0.17215000390094762,0.0006577503416023004,46383.95501582196
707,89.94097955700731,89.94097955700731,0.039302885695123115,0.0,5.249797063908827,193,0.17473048071315303,0.039615822192234196,46725.76078478988
708,95.56017616663034,95.56017616663034,0.060602493463616805,0.0,5.249797063908827,193,0.17476453497415148,0.11532697652509175,47538.15052096267
709,96.01971149107206,96.01971149107206,0.004797332448486044,0.0,5.249797063908827,193,0.17482979057406875,0.1188915871189046,47588.247360955684
710,96.75304988591543,96.75304988591543,0.007608356358753564,0.0,5.249797063908827,193,0.17450119395088395,0.12613246213105725,47644.003086797864
711,96.51500158141555,96.51500158141555,-0.0024634017166578715,0.0,5.249797063908827,193,0.1741559675657429,0.12608270736508922,47580.975924823426
712,96.96636318387995,96.96636318387995,0.004665693999088047,0.0,5.249797063908827,193,0.17442267611380907,0.12967692214704585,47621.450342752774
713,95.23268110869655,95.23268110869655,-0.018040975220061407,0.0,5.249797063908827,193,0.17641074538754664,0.13616852943155974,47351.64429778383
714,94.96719127212828,94.96719127212828,-0.0027916949225140057,0.0,5.249797063908827,193,0.17637257592419991,0.13897672874097086,47279.15484783004
715,93.48561372604327,93.48561372604327,-0.0157239163577371,0.0,5.249797063908827,193,0.17774053197056455,0.1354351403652626,47075.023651789874
716,92.98298522438365,92.98298522438365,-0.005391038725286894,0.0,5.249797063908827,193,0.17801132419515742,0.1674311428122596,47014.40158795571
717,91.6734659694393,91.6734659694393,-0.014183541378750098,0.0,5.249797063908827,193,0.17941260995218514,0.17609834595001822,46828.26036556758
718,92.66902634326281,92.66902634326281,0.01080130837449551,0.0,5.249797063908827,193,0.17897680177361724,0.1694253153477438,46940.901101907504
719,93.90919987112638,93.90919987112638,0.013294067779073555,0.0,5.249797063908827,193,0.17791736079003678,0.19151880675311195,47105.63138658713
720,94.54985861856017,94.54985861856017,0.006798943181299881,0.0,5.249797063908827,193,0.1776631923818803,0.21377171623035457,47178.26582223386
721,93.35296542318869,93.35296542318869,-0.012739663592765538,0.0,5.249797063908827,193,0.1782769035494345,0.2128326283517402,47027.88288270978
722,91.17996854682426,91.17996854682426,-0.02355240637358477,0.0,5.249797063908827,193,0.17979257537251989,0.22608172209959465,46811.32156322122
723,92.40208729529252,92.40208729529252,0.013314338340112013,0.0,5.249797063908827,193,0.18152619253850913,0.21261376787729724,47087.56955671564
724,92.49101048049752,92.49101048049752,0.00096188763270143,0.0,5.249797063908827,193,0.18150446283416088,0.20422975664603904,47085.65047380425
725,89.25759942814878,89.25759942814878,-0.035584891111866926,0.0,5.249797063908827,193,0.17640334298670032,0.21277170404164478,46341.673617987995
726,89.57980848552907,89.57980848552907,0.003603378172142931,0.0,5.249797063908827,193,0.17649390935989231,0.20521291890680596,46354.77746955314
727,90.25684765147555,90.25684765147555,0.0075295257278976445,0.0,5.249797063908827,193,0.17679848725463043,0.19987152721078347,46418.841001945984
728,87.59801794758309,87.59801794758309,-0.02990109707203414,0.0,5.249797063908827,193,0.18010582308233264,0.179827033422687,46063.304216939585
729,88.56509844671214,88.56509844671214,0.010979485762531061,0.0,5.249797063908827,193,0.17966033573046827,0.18433532967992344,46205.34541410128
730,86.18944150079662,86.18944150079662,-0.027190175502256823,0.0,5.249797063908827,193,0.18059660721463236,0.13717784530964053,45994.81131465219
731,84.92439495793894,84.92439495793894,-0.014786292184387657,0.0,5.249797063908827,193,0.17839763978385126,0.18463682034390255,45693.25091746745
732,82.64257386512618,82.64257386512618,-0.027236419754566612,0.0,5.249797063908827,193,0.1779883197244082,0.19915200182277248,45545.14571058288
733,81.27621105902821,81.27621105902821,-0.01667160300255591,0.0,5.249797063908827,193,0.17788523514272228,0.2105625415134223,45409.647527063775
734,79.39512942065568,79.39512942065568,-0.023416342773539996,0.0,5.249797063908827,193,0.18049575494251008,0.20931973248314278,45127.623685703875
735,81.06358008100881,81.06358008100881,0.020796761977984354,0.0,5.249797063908827,193,0.18347445918078334,0.20980817003975202,45499.08285658239
736,80.73534698138042,80.73534698138042,-0.004057301934697968,0.0,5.249797063908827,193,0.18342841922747824,0.24750435525553008,45475.93323214287
737,80.05557762715833,80.05557762715833,-0.008455370298844373,0.0,5.249797063908827,193,0.18305796900362245,0.2554702722179721,45372.70815410055
738,81.94011044038241,81.94011044038241,0.023267506131065225,0.0,5.249797063908827,193,0.1809401621212001,0.24068317975382503,45632.59958941585
739,83.73663136461393,83.73663136461393,0.02168791252856462,0.0,5.249797063908827,193,0.1795609228734459,0.25195057346121735,45898.66984109434
740,83.17703852875701,83.17703852875701,-0.006705201950304223,0.0,5.249797063908827,193,0.17978627555853322,0.24693201317158872,45843.1433213369
741,83.70434529691953,83.70434529691953,0.0063195607681007,0.0,5.249797063908827,193,0.18054737880618,0.24639281995178455,45952.52386037817
742,82.776496085029,82.776496085029,-0.011146733897413148,0.0,5.249797063908827,193,0.17935671139375958,0.23234636538644945,45770.846310837835
743,82.69353637033706,82.69353637033706,-0.001002715965082419,0.0,5.249797063908827,193,0.17960366588270363,0.24094949233096155,45744.119759228706
744,80.9920533507373,80.9920533507373,-0.02079039834319133,0.0,5.249797063908827,193,0.17651910064306986,0.23688792575053028,45330.58129536513
745,81.73961834014771,81.73961834014771,0.009187765853396404,0.0,5.249797063908827,193,0.17698997735737676,0.21638447580198353,45386.60904345026
746,83.71963815679386,83.71963815679386,0.02393476657233349,0.0,5.249797063908827,193,0.17697303517862498,0.19584127811375446,45611.49155314381
747,85.40172942201217,85.40172942201217,0.019892775928349832,0.0,5.249797063908827,193,0.17784332804666803,0.18205397626974873,45747.655684141515
748,85.5550076100853,85.5550076100853,0.0017931815008439078,0.0,5.249797063908827,193,0.17781175876245656,0.1409589089569421,45764.09784368632
749,82.43793281544015,82.43793281544015,-0.03711385224460259,0.0,5.249797063908827,193,0.17720317615782274,0.1770579785364549,45166.57392379827
750,81.47219301437659,81.47219301437659,-0.011783908668339298,0.0,5.249797063908827,193,0.17766184427521123,0.21274723418592242,45052.960714684734
751,81.3540395062127,81.3540395062127,-0.0014512837037740935,0.0,5.249797063908827,193,0.17770662329320874,0.21636809065899718,45025.38048293987
752,79.0386196155875,79.0386196155875,-0.0288738994074203,0.0,5.249797063908827,193,0.17991068041696898,0.2094159124993814,44690.74746681693
753,81.44872602032123,81.44872602032123,0.030037104767950573,0.0,5.249797063908827,193,0.18297852570810302,0.18278297891819117,45240.411372091155
754,82.86158783324967,82.86158783324967,0.01719790563223015,0.0,5.249797063908827,193,0.18419843887669135,0.21748129396271468,45438.29287569777
755,83.78841380856859,83.78841380856859,0.011123138578688692,0.0,5.249797063908827,193,0.18347596026193913,0.21837218320286575,45537.692503974016
756,85.01805472468865,85.01805472468865,0.014568904572279036,0.0,5.249797063908827,193,0.1852615848226267,0.22522970673032405,45794.287342024356
757,83.07220457230234,83.07220457230234,-0.023153478231719073,0.0,5.249797063908827,193,0.18371376485799676,0.20875988538225587,45628.37729094697
758,81.66533915926108,81.66533915926108,-0.017080497677070445,0.0,5.249797063908827,193,0.1843553214888363,0.21528313628135187,45428.99228437265
759,82.05852725853826,82.05852725853826,0.004803073171527189,0.0,5.249797063908827,193,0.18432994236255387,0.22111760262526214,45473.42810731801
760,82.63015031370185,82.63015031370185,0.0069418901059085745,0.0,5.249797063908827,193,0.18397623312801695,0.21898179639049858,45513.62514546639
761,80.39576593533207,80.39576593533207,-0.02741311752688171,0.0,5.249797063908827,193,0.1798389528129241,0.19988210370320073,44936.215279412056
762,80.7095453811623,80.7095453811623,0.003895338273223432,0.0,5.249797063908827,193,0.17986496422453316,0.19852827899285744,44948.317424684356
763,80.60876299940982,80.60876299940982,-0.0012494848957455163,0.0,5.249797063908827,193,0.17956051661063188,0.19378423232450262,44905.122536987976
764,82.18386824839624,82.18386824839624,0.019351667103258044,0.0,5.249797063908827,193,0.17980914385695596,0.1798853564396886,44990.47672595417
765,82.73193210160335,82.73193210160335,0.006646614450719251,0.0,5.249797063908827,193,0.1799246029683501,0.21215142074813365,45033.9242319894
766,85.51612810917358,85.51612810917358,0.03309934377581759,0.0,5.249797063908827,193,0.17646840117205978,0.17918500643744237,45436.78895163553
767,84.91597862815091,84.91597862815091,-0.007042710122121958,0.0,5.249797063908827,193,0.17533987288276096,0.06348355545514361,45276.55187745896
768,83.07184887503594,83.07184887503594,-0.021956398452162695,0.0,5.249797063908827,193,0.17426200433560224,0.057708309787410574,45116.60091788105
769,85.77345675905124,85.77345675905124,0.03200371441374826,0.0,5.249797063908827,193,0.1742301708093982,0.014729823155776364,45450.28021802821
770,86.45229405906517,86.45229405906517,0.007883151181072703,0.0,5.249797063908827,193,0.17420204481017312,0.032758742327678815,45530.89758793204
771,86.35562387386501,86.35562387386501,-0.001118816735256202,0.0,5.249797063908827,193,0.17425264009396282,0.03336763359041813,45504.419695452
772,84.97064857539664,84.97064857539664,-0.016168045315785612,0.0,5.249797063908827,193,0.17536222808792398,0.03831538452729905,45347.78923181952
773,84.39371726002548,84.39371726002548,-0.006812927195078053,0.0,5.249797063908827,193,0.17447833280144237,0.041589397904088644,45196.88768659562
774,83.75007723409885,83.75007723409885,-0.0076558658810762835,0.0,5.249797063908827,193,0.17409764602621822,0.04246515912981983,45140.37903165777
775,81.87289139610273,81.87289139610273,-0.022669153219898274,0.0,5.249797063908827,193,0.17546532722968644,0.04572208730159513,44847.28743091409
776,78.4607894017015,78.4607894017015,-0.04256893775289819,0.0,5.249797063908827,193,0.17760290530556752,0.08112147665035932,44289.66752099309
777,77.84976829129675,77.84976829129675,-0.007818080002718369,0.0,5.249797063908827,193,0.17781948354347682,0.09890608375417809,44219.94281940205
778,79.03014744096652,79.03014744096652,0.015048470920592734,0.0,5.249797063908827,193,0.17977646465122177,0.08336056888378938,44504.662358941816
779,81.10874762921392,81.10874762921392,0.025961424715739527,0.0,5.249797063908827,193,0.18054048192308386,0.09830357303394316,44652.60051877237
780,82.74062220019232,82.74062220019232,0.019919863385538906,0.0,5.249797063908827,193,0.1799952112133825,0.13046071604040968,44838.6179190363
781,84.52240929693546,84.52240929693546,0.021306017035146823,0.0,5.249797063908827,193,0.18040726531615506,0.14066126804710632,44978.565883840165
782,82.78972815994301,82.78972815994301,-0.0207127003281574,0.0,5.249797063908827,193,0.1813411642225648,0.13635182792911366,44766.335261777516
783,83.22294209501808,83.22294209501808,0.005219058494190457,0.0,5.249797063908827,193,0.1812902935702625,0.12953693128221042,44804.59169693332
784,84.16385593131365,84.16385593131365,0.01124250846372034,0.0,5.249797063908827,193,0.18074194289376766,0.1367125456984554,44891.84298402962
785,85.20463306022809,85.20463306022809,0.012290246383777945,0.0,5.249797063908827,193,0.18217693244463273,0.15924696511514144,45104.666900100485
786,85.08897648268479,85.08897648268479,-0.0013583198528265693,0.0,5.249797063908827,193,0.18193546653316137,0.15722034983837033,45073.5568896593
787,85.36595106594261,85.36595106594261,0.003249830685577558,0.0,5.249797063908827,193,0.18178097120489237,0.16939257005807298,45100.38862494104
788,88.94202474001074,88.94202474001074,0.04103742822780592,0.0,5.249797063908827,193,0.1876729723804266,0.18599398802407288,45921.5756310771
789,90.68296013068374,90.68296013068374,0.019384718747641607,0.0,5.249797063908827,193,0.18971253623976977,0.2331661803878965,46126.6043291802
790,91.63527511323356,91.63527511323356,0.010446828231578472,0.0,5.249797063908827,193,0.18900072595834957,0.22862323823150518,46266.68278830573
791,92.91776293954078,92.91776293954078,0.013898535451317444,0.0,5.249797063908827,193,0.18944382816652233,0.2131564280223479,46521.346639827665
792,92.08491418467801,92.08491418467801,-0.009003700856170586,0.0,5.249797063908827,193,0.18965302638744513,0.1878120363049802,46420.31782611267
793,93.25982863729601,93.25982863729601,0.012678322272882913,0.0,5.249797063908827,193,0.18970487767515026,0.1597961926718487,46539.90843418654
794,93.53654894327362,93.53654894327362,0.0029628037972404806,0.0,5.249797063908827,193,0.18963117924556855,0.19014368271257268,46560.03449371837
795,95.14193862001243,95.14193862001243,0.017017609591433513,0.0,5.249797063908827,193,0.19199925260344392,0.19787476451837793,46907.01955522133
796,93.8627975987458,93.8627975987458,-0.013535751291561196,0.0,5.249797063908827,193,0.19099459234919106,0.17999968948259512,46779.092308880696
797,95.32749374924022,95.32749374924022,0.015484149894118173,0.0,5.249797063908827,193,0.19063362719970287,0.18083525826053867,47001.78591950844
798,94.6974833961485,94.6974833961485,-0.006630840544381342,0.0,5.249797063908827,193,0.1908160492955281,0.1567430351485101,46885.03674208578
799,96.20207859837168,96.20207859837168,0.015763539137276177,0.0,5.249797063908827,193,0.19033112522116186,0.1611998589103941,46994.77163454294
800,96.19789609107839,96.19789609107839,-4.3477212517398235e-05,0.0,5.242865592103227,192,0.19423567566471678,0.16205911828503727,46773.350341494704
801,92.64938845406068,92.64938845406068,-0.03758513517158071,0.0,5.242865592103227,192,0.1935832104996036,0.15747232378390605,46661.05548836722
802,92.75159961579868,92.75159961579868,0.001102595764532529,0.0,5.242865592103227,192,0.19362077117231088,0.15804740825530778,46662.65759473653
803,92.26985430631305,92.26985430631305,-0.005207465274159894,0.0,5.242865592103227,192,0.19401596590859746,0.15484579491609607,46608.84820508673
804,90.3078608600215,90.3078608600215,-0.021492973248698498,0.0,5.242865592103227,192,0.19492515816902597,0.17087640240651925,46476.805527514436
805,89.66768874359069,89.66768874359069,-0.007114019851317596,0.0,5.242865592103227,192,0.19501708384071795,0.17251585633101507,46374.340035982874
806,92.73815778481992,92.73815778481992,0.033669524969866686,0.0,5.242865592103227,192,0.1924829269902467,0.1354381611520126,46628.58777378139
807,90.02656978418288,90.02656978418288,-0.029675167880315958,0.0,5.242865592103227,192,0.19423538817752453,0.08406732979005303,46429.427605014156
808,90.51045897533427,90.51045897533427,0.005360566230824759,0.0,5.242865592103227,192,0.19397916944905524,0.07913662659395292,46467.778358276766
809,91.45585229160292,91.45585229160292,0.010390954413481238,0.0,5.242865592103227,192,0.1951857720697505,0.060599705442311406,46677.80484201902
810,91.58046361415937,91.58046361415937,0.0013616023813836893,0.0,5.242865592103227,192,0.19519773882863978,0.058658765810044505,46681.35092630182
811,93.09351110008312,93.09351110008312,0.01638651406946574,0.0,5.242865592103227,192,0.1957081931394441,0.0519553527799696,46823.98172575302
812,92.46881212911126,92.46881212911126,-0.006733062187561342,0.0,5.242865592103227,192,0.19661227591009786,0.09271234537392513,46738.40262160503
813,91.32333703041448,91.32333703041448,-0.012465058335391722,0.0,5.242865592103227,192,0.19632682602053966,0.07997170696222736,46503.372956399806
814,89.44919619614032,89.44919619614032,-0.020735539312432782,0.0,5.242865592103227,192,0.19814514467099198,0.08780904228457956,46246.55113852105
815,89.3590424775839,89.3590424775839,-0.001008384477856673,0.0,5.242865592103227,192,0.19815795899061556,0.08371171745202781,46238.55010259046
816,89.73645500511513,89.73645500511513,0.004214657448248086,0.0,5.242865592103227,192,0.1982432074929063,0.10177615360038321,46281.52792853278
817,90.59028975709867,90.59028975709867,0.009469933415211775,0.0,5.242865592103227,192,0.19773493130318062,0.08113674679187678,46346.12320503346
818,90.63632108988959,90.63632108988959,0.0005079975127902015,0.0,5.242865592103227,192,0.19773668891672513,0.08554590968510546,46348.12496675963
819,91.16179716033773,91.16179716033773,0.005780890791376656,0.0,5.242865592103227,192,0.19752928009101706,0.08434316970225611,46384.42904598847
820,90.71595407732711,90.71595407732711,-0.004902677463396898,0.0,5.242865592103227,192,0.19792124101282502,0.0915325825695077,46334.00494260062
821,88.04714281129971,88.04714281129971,-0.029860856272280044,0.0,5.242865592103227,192,0.1946327593099295,0.10592381628510616,45755.27770852783
822,88.03747015432454,88.03747015432454,-0.00010986373905122323,0.0,5.242865592103227,192,0.1946287129945221,0.10915311636204272,45753.87205066325
823,89.12998463860717,89.12998463860717,0.012333284733903039,0.0,5.242865592103227,192,0.19494362257937,0.11042341900095995,45836.28970891417
824,87.4494671854686,87.4494671854686,-0.01903469713891099,0.0,5.242865592103227,192,0.1972455108137564,0.09203107541232612,45569.073055080764
825,87.80674366173648,87.80674366173648,0.004077196117314093,0.0,5.242865592103227,192,0.19759961985873314,0.07875511826948829,45635.28513616137
826,91.17979416024467,91.17979416024467,0.037695012499978926,0.0,5.242865592103227,192,0.19811592303512818,0.09764155236046425,45759.2141351782
827,91.04399157588966,91.04399157588966,-0.0014905036567865976,0.0,5.242865592103227,192,0.1980002728433661,0.08253615024992075,45734.036680486526
828,90.98619259326226,90.98619259326226,-0.0006350483556744268,0.0,5.242865592103227,192,0.197967906176856,0.12541838566775843,45711.77156146709
829,88.23289542247298,88.23289542247298,-0.030727907807769187,0.0,5.242865592103227,192,0.2013199837087046,0.11591446144543535,45315.196653316256
830,86.33068584560627,86.33068584560627,-0.021794750772375998,0.0,5.242865592103227,192,0.19873839446192806,0.15163509492664737,44812.61157703992
831,84.96651504820707,84.96651504820707,-0.015927868414210254,0.0,5.242865592103227,192,0.19839929405264065,0.16754171704464463,44693.34509798675
832,85.94590507868487,85.94590507868487,0.011460849364304916,0.0,5.242865592103227,192,0.19852292536812433,0.15251937476496122,44778.57468871088
833,84.42645536117796,84.42645536117796,-0.01783728299759753,0.0,5.242865592103227,192,0.20043165945035474,0.13662671971930906,44533.17650342138
834,81.32000482040237,81.32000482040237,-0.03748875659560496,0.0,5.242865592103227,192,0.19579657750452212,0.1530047417768459,43717.882423091236
835,81.96890711759558,81.96890711759558,0.007947945826932248,0.0,5.242865592103227,192,0.19618895805666395,0.09117285622307579,43778.15527507049
836,80.791133770958,80.791133770958,-0.014472764915275084,0.0,5.242865592103227,192,0.19577268178003362,0.07309163003841333,43647.754076938436
837,78.39675447234775,78.39675447234775,-0.030084699485660674,0.0,5.242865592103227,192,0.19878456106143783,0.10033428661782735,43255.96071880425
838,79.5037502544342,79.5037502544342,0.01402166409632514,0.0,5.242865592103227,192,0.20035258498090872,0.057609085771171326,43537.06813376871
839,80.28208467294417,80.28208467294417,0.009742297557024404,0.0,5.242865592103227,192,0.2013453995611639,0.03800525651268572,43658.66097574123
840,76.83957770704009,76.83957770704009,-0.043826648975077966,0.0,5.242865592103227,192,0.20523432720074067,-0.011025001744484578,43050.95372123707
841,77.01339916223225,77.01339916223225,0.002259579667366896,0.0,5.242865592103227,192,0.2052258343583493,0.003780363574761615,43073.41622150236
842,75.33353309027689,75.33353309027689,-0.02205405956723472,0.0,5.242865592103227,192,0.20582543634577657,0.006469818389557907,42888.12165920227
843,75.49365469178585,75.49365469178585,0.002123246664189256,0.0,5.242865592103227,192,0.20588319172060507,-0.0020567624731761347,42901.82178309624
844,75.71450707424378,75.71450707424378,0.002921172202974669,0.0,5.242865592103227,192,0.20565433101293795,-0.010779647800113834,42927.59545253823
845,75.7243532576603,75.7243532576603,0.00013003509678829962,0.0,5.242865592103227,192,0.20566053451115732,-0.010881042043670587,42927.00547747024
846,77.33142258174608,77.33142258174608,0.021000558492833596,0.0,5.242865592103227,192,0.20600500722156892,-0.008161479669519247,43282.247262696
847,81.82317146989001,81.82317146989001,0.056460098600152116,0.0,5.242865592103227,192,0.2022353783027555,0.043629555431094355,43804.24606981196
848,82.44782005319382,82.44782005319382,0.007605135735969024,0.0,5.242865592103227,192,0.2027561252202443,0.028152311296424086,43929.41839052964
849,85.586731569148,85.586731569148,0.037364657065445804,0.0,5.242865592103227,192,0.20509167728959518,0.03180893661863147,44500.57892116142
850,82.89936603400426,82.89936603400426,-0.03190285134606046,0.0,5.242865592103227,192,0.20842626482870522,-0.02952715523553292,44121.119287659276
851,82.33330213475104,82.33330213475104,-0.006851745724150189,0.0,5.242865592103227,192,0.20788281690556676,-0.01796509544948871,43985.25524096477
852,80.23760900102063,80.23760900102063,-0.025783323912901543,0.0,5.242865592103227,192,0.20588431235729507,-0.008247736920026047,43541.086495802
853,79.21558028449448,79.21558028449448,-0.012819344879537656,0.0,5.242865592103227,192,0.20748806226088698,-0.001345855257022016,43384.69784316455
854,78.75200491720614,78.75200491720614,-0.005869263589436605,0.0,5.242865592103227,192,0.2069195549153367,-0.005011109805950727,43256.92486543155
855,81.92528595117238,81.92528595117238,0.039503948332876335,0.0,5.242865592103227,192,0.20928787808082006,-0.0011007092962231073,43685.75759662241
856,82.03281128393112,82.03281128393112,0.0013116198588183534,0.0,5.242865592103227,192,0.2092272379535234,0.01374125531525033,43702.001066516714
857,83.83906035167134,83.83906035167134,0.021779708032952955,0.0,5.242865592103227,192,0.2084962790420574,0.020310905960943863,44018.87675437931
858,83.14995301988145,83.14995301988145,-0.00825337223807329,0.0,5.242865592103227,192,0.2087599210531279,0.017597565220319487,43942.590181461026
859,82.23971348435566,82.23971348435566,-0.011007322830012028,0.0,5.242865592103227,192,0.2075634876874583,0.018053430225682857,43707.48988453509
860,79.67102018999334,79.67102018999334,-0.03173240929769212,0.0,5.242865592103227,192,0.20618572455382653,0.03145385593050261,43432.91835517407
861,82.80703315156619,82.80703315156619,0.03860709072128939,0.0,5.242865592103227,192,0.205997588047772,-0.011668765176320662,43857.58428773746
862,85.25772003078589,85.25772003078589,0.029165670381484748,0.0,5.242865592103227,192,0.20659937114125018,0.036527716116653834,44154.47974315276
863,85.63882098497491,85.63882098497491,0.004460026910514613,0.0,5.242865592103227,192,0.20668106443612685,0.04023603359982622,44196.04316327304
864,85.26417653835578,85.26417653835578,-0.004384300476515506,0.0,5.242865592103227,192,0.20702876507414314,0.03533172788713878,44139.27853775125
865,85.42102097029233,85.42102097029233,0.00183782165497898,0.0,5.242865592103227,192,0.207173860430795,0.04334429552353285,44162.88864036481
866,83.1931442738321,83.1931442738321,-0.026427273821244688,0.0,5.242865592103227,192,0.20540001113371614,0.08048854965587393,43896.75261887941
867,84.01927867249654,84.01927867249654,0.009881336639143357,0.0,5.242865592103227,192,0.20497782275534085,0.0785348964271227,44023.73764078118
868,86.31013360875966,86.31013360875966,0.026900733724268447,0.0,5.242865592103227,192,0.204354115253617,0.08568892390788033,44430.04870802005
869,88.81391007250726,88.81391007250726,0.028596268450690993,0.0,5.242865592103227,192,0.20368737763575243,0.11349380045581996,44657.94421119133
870,86.08708738858117,86.08708738858117,-0.031183854762587854,0.0,5.242865592103227,192,0.20064840832583639,0.07530668046498484,44008.8707627522
871,87.99395949567396,87.99395949567396,0.02190874209895302,0.0,5.242865592103227,192,0.20153079779813246,0.053139083327314006,44162.86240487269
872,85.6964957129893,85.6964957129893,-0.026456235423392798,0.0,5.242865592103227,192,0.20069139468889324,0.02900730016004853,43955.38751524464
873,82.12970643007964,82.12970643007964,-0.04251215131267309,0.0,5.242865592103227,192,0.2056685019799455,0.055719735216878494,43508.90237286621
874,83.98574308925257,83.98574308925257,0.02234727601887836,0.0,5.242865592103227,192,0.20815503087164677,0.0224104210903694,43959.020099219575
875,83.16116796002515,83.16116796002515,-0.009866551685895427,0.0,5.242865592103227,192,0.20803273934651778,0.015412661882236597,43921.813375328464
876,84.79819059182644,84.79819059182644,0.01949369758514235,0.0,5.242865592103227,192,0.2090774795633531,0.007510000568181811,44180.65982174848
877,86.28101063647837,86.28101063647837,0.017335329692821613,0.0,5.242865592103227,192,0.20990449629518446,0.019261937582005513,44397.249262991325
878,87.57384561054286,87.57384561054286,0.014872852370426829,0.0,5.242865592103227,192,0.20850502526113876,0.028150506592486066,44555.65919862343
879,87.71172617329178,87.71172617329178,0.0015732109583637738,0.0,5.242865592103227,192,0.20861430189848296,0.030155061149144565,44574.0700143303
880,85.60110203837432,85.60110203837432,-0.024357440886390327,0.0,5.242865592103227,192,0.20719576372096804,0.0243120250428434,44335.269760409414
881,85.11061506797465,85.11061506797465,-0.005746393140574878,0.0,5.242865592103227,192,0.20740349618146783,0.02908371474130164,44257.9705669871
882,87.57331370498014,87.57331370498014,0.028524549255416996,0.0,5.242865592103227,192,0.20705110102502122,0.023493370616940866,44602.26800637721
883,89.36200717786645,89.36200717786645,0.020219302752911984,0.0,5.242865592103227,192,0.20600815685748566,0.049191813534318264,44766.54415949335
884,88.94796960084005,88.94796960084005,-0.00464402865880114,0.0,5.242865592103227,192,0.20586028299167358,0.04905423004617851,44680.153705282675
885,88.49527285422472,88.49527285422472,-0.005102451043105896,0.0,5.242865592103227,192,0.20568421239110113,0.04512759861441606,44570.655367547755
886,89.64339492909481,89.64339492909481,0.012890384630911855,0.0,5.242865592103227,192,0.20469046184874873,0.04632713030021495,44670.84965162123
887,89.92755541190833,89.92755541190833,0.003164885182875608,0.0,5.242865592103227,192,0.20494531006781122,0.0478113643247833,44717.86932774947
888,89.58739699409628,89.58739699409628,-0.003789754785020852,0.0,5.242865592103227,192,0.2046128702426705,0.04700418183126529,44654.00465104432
889,90.58567897374795,90.58567897374795,0.0110814802928167,0.0,5.242865592103227,192,0.20336303166751887,0.02315631094457544,44757.23323729165
890,91.51407931719586,91.51407931719586,0.010196700931097393,0.0,5.242865592103227,192,0.20379336485065683,0.013700187347253557,44922.202293740345
891,90.36126633915484,90.36126633915484,-0.012677126884279511,0.0,5.242865592103227,192,0.20323274813404021,0.01553198001398766,44708.6148942828
892,91.02403792816808,91.02403792816808,0.007307918812220528,0.0,5.242865592103227,192,0.20267790216122547,0.019474073134315612,44773.55432069374
893,91.83356284937585,91.83356284937585,0.008854214497620765,0.0,5.242865592103227,192,0.20342392029888715,-0.005058381156821486,44918.73094148079
894,91.84623910394386,91.84623910394386,0.0001380255689882398,0.0,5.242865592103227,192,0.2034027835264253,0.0030652549003163058,44906.87835411557
895,90.53843368010702,90.53843368010702,-0.014341422655636671,0.0,5.242865592103227,192,0.20523933522963192,0.007961602945979864,44719.83787319908
896,89.95563387793148,89.95563387793148,-0.006457850227149837,0.0,5.242865592103227,192,0.20464528424045308,-0.006528984757940088,44583.16348436122
897,88.30520797686877,88.30520797686877,-0.018517505519064854,0.0,5.242865592103227,192,0.2038646229141778,0.014526271859101802,44418.65930711657
898,88.98595505106712,88.98595505106712,0.0076794625079817155,0.0,5.242865592103227,192,0.20361800850392084,0.006421853995053448,44515.34510761772
899,86.25483612256268,86.25483612256268,-0.031172423538321527,0.0,5.242865592103227,192,0.2044546502749496,0.013334783503888665,44118.060002490034
900,84.00113099644842,84.00113099644842,-0.026475862329678943,0.0,5.235934120297628,191,0.2050235123056913,0.05017196508117638,44026.40665059162
901,83.40655803306821,83.40655803306821,-0.0071033232328284015,0.0,5.235934120297628,191,0.20411191773050036,0.060184629622435044,43856.54766948987
902,82.07290615848092,82.07290615848092,-0.016118988020187755,0.0,5.235934120297628,191,0.2039238672701419,0.06715303480998014,43795.726068422686
903,82.62991811443521,82.62991811443521,0.006763867978773585,0.0,5.235934120297628,191,0.20447265519253938,0.06338644900176059,43889.8301741254
904,83.2977238621686,83.2977238621686,0.008049404493800769,0.0,5.235934120297628,191,0.20460389037060303,0.06470540885693295,43923.58942514586
905,82.20380710440212,82.20380710440212,-0.013219608087330234,0.0,5.235934120297628,191,0.2047835266021287,0.0614075794041665,43845.44562475211
906,83.96619752979932,83.96619752979932,0.021212691366671806,0.0,5.235934120297628,191,0.20285375393649288,0.008349221375127377,44046.22009367425
907,84.89701826237011,84.89701826237011,0.011024664620985683,0.0,5.235934120297628,191,0.2042279873889028,0.0007398311109826743,44244.47472491103
908,82.91331559468482,82.91331559468482,-0.023643300500578356,0.0,5.235934120297628,191,0.2037960954780294,-0.022039309559120895,44126.01932154615
909,80.12602305109263,80.12602305109263,-0.03419498826772717,0.0,5.235934120297628,191,0.2029497627565373,0.06422417923292448,43800.4499053657
910,79.72880343821994,79.72880343821994,-0.004969764619044817,0.0,5.235934120297628,191,0.2035548776296204,0.06400043123327206,43740.98289967321
911,80.36524221743758,80.36524221743758,0.007950853254668556,0.0,5.235934120297628,191,0.20333184396573734,0.05485442095154399,43842.41958987437
912,79.04963125556105,79.04963125556105,-0.01650587303749252,0.0,5.235934120297628,191,0.20419657958810908,0.03492540963948457,43717.65557238159
913,79.21016211740798,79.21016211740798,0.002028701206827883,0.0,5.235934120297628,191,0.2042109637712322,0.029990561076018087,43727.83105456054
914,78.95744663960363,78.95744663960363,-0.003195542941320864,0.0,5.235934120297628,191,0.20450637021418513,0.0405197498986912,43681.72380301931
915,81.62234774380212,81.62234774380212,0.03319403667269687,0.0,5.235934120297628,191,0.20870316907762743,0.033754075927590395,44317.10332241614
916,79.70488792370726,79.70488792370726,-0.02377218093819483,0.0,5.235934120297628,191,0.2083620693559073,-0.005269040905232326,44167.71803818433
917,81.0607445104369,81.0607445104369,0.016867892895564368,0.0,5.235934120297628,191,0.20894149672400608,-0.01611363358422089,44329.13905467839
918,82.34928894449229,82.34928894449229,0.015771016191153918,0.0,5.235934120297628,191,0.2074455049265969,-0.006895537396641823,44495.53990944232
919,82.20894535813652,82.20894535813652,-0.001705701583114707,0.0,5.235934120297628,191,0.20754303826229253,-0.02423846562537672,44457.933019870216
920,79.15398069677457,79.15398069677457,-0.03786904231347301,0.0,5.235934120297628,191,0.20911357078251913,0.03476395100218317,44140.80588703198
921,79.43733821250231,79.43733821250231,0.003573434147627878,0.0,5.235934120297628,191,0.20922804107395507,-0.026672215770040298,44172.82535848585
922,77.34624720076016,77.34624720076016,-0.026676453561603655,0.0,5.235934120297628,191,0.21217446241078197,-0.04175413397647174,43875.70325800068
923,80.57095000236392,80.57095000236392,0.0408461040161527,0.0,5.235934120297628,191,0.21139602048123876,-0.08599464403745315,44454.489308318945
924,80.477438302928,80.477438302928,-0.001161287125304458,0.0,5.235934120297628,191,0.2114978587693236,-0.08587904918216656,44440.28460233994
925,83.79812201492598,83.79812201492598,0.04043372130101489,0.0,5.235934120297628,191,0.21251335414366318,-0.07774250202834142,44905.01255770258
926,84.1545178313555,84.1545178313555,0.004244010117309737,0.0,5.235934120297628,191,0.21220256452568168,-0.06071333997930043,44938.033910639715
927,83.22766208486865,83.22766208486865,-0.011074837480619762,0.0,5.235934120297628,191,0.21115032071633008,-0.0744377595704508,44722.30460943384
928,85.48395316747225,85.48395316747225,0.026748906525876793,0.0,5.235934120297628,191,0.2124178769193219,-0.12107489130708732,45037.898159262055
929,86.27081798500022,86.27081798500022,0.009162718652535195,0.0,5.235934120297628,191,0.21168941960127513,-0.07373906022093366,45125.314423478616
930,90.65715285457887,90.65715285457887,0.049593445642252536,0.0,5.235934120297628,191,0.2184475214276138,-0.020382522690785575,46128.21348480389
931,89.61848904236088,89.61848904236088,-0.011523190758529417,0.0,5.235934120297628,191,0.2180735795427391,-0.02173682297140156,46034.5500401268
932,92.13137260912049,92.13137260912049,0.027653872009155665,0.0,5.235934120297628,191,0.21845646648950642,-0.08730934506810005,46280.91083036466
933,96.71311650124882,96.71311650124882,0.04853351281012827,0.0,5.235934120297628,191,0.21452138351990355,0.004149945828440965,46761.1031186448
934,99.55855743461656,99.55855743461656,0.02899695355524018,0.0,5.235934120297628,191,0.2181257661734116,0.06488185791166376,47325.9246135066
935,101.15713075084251,101.15713075084251,0.015929069937058993,0.0,5.235934120297628,191,0.2191156673168309,0.08815753734651051,47472.520355144545
936,104.18720075676629,104.18720075676629,0.029514230422025053,0.0,5.235934120297628,191,0.2168816558228788,0.09110956267837272,47823.12652936149
937,104.09696904672323,104.09696904672323,-0.0008664289347857875,0.0,5.235934120297628,191,0.21677388094894187,0.08022530243580069,47799.34758807562
938,102.49809606827263,102.49809606827263,-0.01547863594922596,0.0,5.235934120297628,191,0.21571763577954658,0.08317487792950443,47574.10050741027
939,101.57296951065341,101.57296951065341,-0.009066771838453768,0.0,5.235934120297628,191,0.2166234545555741,0.09041933980729853,47439.48492853633
940,103.31039899694224,103.31039899694224,0.016960587362910808,0.0,5.235934120297628,191,0.2188804535920259,0.07524779881434976,47800.9924689464
941,101.86088426170929,101.86088426170929,-0.014130036420199412,0.0,5.235934120297628,191,0.21826880283190103,0.07392337579404577,47691.54611768355
942,101.29669059327104,101.29669059327104,-0.005554261211077763,0.0,5.235934120297628,191,0.21841596852073095,0.06228871938950889,47625.00312452573
943,100.03606714017442,100.03606714017442,-0.012522948991904124,0.0,5.235934120297628,191,0.2188410442745084,0.07278725864391929,47508.146473631285
944,102.13278121884322,102.13278121884322,0.020742950999448846,0.0,5.235934120297628,191,0.21864405071272666,0.05823706758774279,47735.533425763715
945,106.37130173367918,106.37130173367918,0.04066207661529749,0.0,5.235934120297628,191,0.21596986669022092,0.0864041112264298,48121.49340154345
946,104.39205705592161,104.39205705592161,-0.018782229263949887,0.0,5.235934120297628,191,0.21325671663053844,0.05266076688577624,47676.984825989006
947,105.70709968845453,105.70709968845453,0.012518468198072855,0.0,5.235934120297628,191,0.21394577734463477,0.044255764073121914,47779.538907722774
948,108.23085850559801,108.23085850559801,0.023594465596373855,0.0,5.235934120297628,191,0.21432438231625184,0.053638049896748856,48003.560802281456
949,107.97015075831317,107.97015075831317,-0.002411717452541771,0.0,5.235934120297628,191,0.21456140262069345,0.047033580021931795,47969.77666565483
950,105.21520861594304,105.21520861594304,-0.02584694860904988,0.0,5.235934120297628,191,0.2132652131279269,0.055892742319838276,47500.81316843503
951,108.03844212635661,108.03844212635661,0.02647925095782893,0.0,5.235934120297628,191,0.2131142799842207,0.032510744579095134,47881.787325817815
952,105.18342313428572,105.18342313428572,-0.02678139628676702,0.0,5.235934120297628,191,0.21430857025080732,0.005271772009795884,47639.817350717894
953,108.74094343474734,108.74094343474734,0.03326267462172687,0.0,5.235934120297628,191,0.2175586510760307,-0.025660728822056837,48221.28151492237
954,107.32100527227792,107.32100527227792,-0.013143995172030836,0.0,5.235934120297628,191,0.21639617322161633,-0.04364107853040714,48003.449897155624
955,104.21284718341387,104.21284718341387,-0.02938897734185231,0.0,5.235934120297628,191,0.2197155394632624,-0.030570959876052316,47680.69504539739
956,103.39474414419585,103.39474414419585,-0.007881284770599841,0.0,5.235934120297628,191,0.21900976004851985,-0.025784746971081046,47541.69765404995
957,103.48672404453605,103.48672404453605,0.0008892039215117879,0.0,5.235934120297628,191,0.21903074310199114,-0.022037013906724637,47535.98162995167
958,104.036693751632,104.036693751632,0.005300327071346348,0.0,5.235934120297628,191,0.21861432256571145,-0.016358277705390886,47584.07996744001
959,105.54247411945548,105.54247411945548,0.014369808735496698,0.0,5.235934120297628,191,0.22000308511320638,-0.05230609153516876,47851.36153059499
960,106.25961107470498,106.25961107470498,0.0067717907033638105,0.0,5.235934120297628,191,0.22057887758703884,-0.06489317798405547,47951.031284031924
961,110.42936567370741,110.42936567370741,0.03849083100706296,0.0,5.235934120297628,191,0.21663768728962826,-0.06767085671252718,48328.46235276297
962,110.42877874098198,110.42877874098198,-5.315019982458137e-06,0.0,5.235934120297628,191,0.21659898325343113,-0.07296405651719343,48319.93597173083
963,111.30641337108895,111.30641337108895,0.007916102128847866,0.0,5.235934120297628,191,0.21714424230498383,-0.07367332729897895,48400.61439280537
964,112.02345351741967,112.02345351741967,0.00642137677502127,0.0,5.235934120297628,191,0.2165221896748063,-0.07152041488704228,48461.71179087084
965,108.53225820116226,108.53225820116226,-0.03166081637590291,0.0,5.235934120297628,191,0.21511168769800554,-0.06070413676840015,47944.51907715285
966,106.14569602476541,106.14569602476541,-0.022234798238319104,0.0,5.235934120297628,191,0.2149316616228151,-0.03087498724831878,47623.41259173572
967,106.45663766174074,106.45663766174074,0.0029251029684470345,0.0,5.235934120297628,191,0.21480631851457757,-0.02327954347034734,47637.53489863045
968,107.56099203068125,107.56099203068125,0.010320310270378382,0.0,5.235934120297628,191,0.21585276662036584,-0.06173399186698174,47826.46801988121
969,103.47597659411171,103.47597659411171,-0.038718578840907084,0.0,5.235934120297628,191,0.2141627331430858,-0.08208015955867953,47530.70032507776
970,107.62152992580545,107.62152992580545,0.039281244397300165,0.0,5.235934120297628,191,0.21448322475036072,-0.12808492775016944,47915.55127795116
971,108.94981625783888,108.94981625783888,0.01226665494852837,0.0,5.235934120297628,191,0.2143836781507973,-0.11757364203877399,48038.623064477455
972,109.1007109345812,109.1007109345812,0.0013840342674005337,0.0,5.235934120297628,191,0.21442168402388406,-0.12274080473397533,48044.25060554438
973,110.34665336871105,110.34665336871105,0.01135539564330997,0.0,5.235934120297628,191,0.21370319674920796,-0.1244743325534405,48138.20588028523
974,109.3565978796033,109.3565978796033,-0.009012722253811294,0.0,5.235934120297628,191,0.21328492375318978,-0.11872907755322012,47976.06979489749
975,109.92258547863223,109.92258547863223,0.005162267090540483,0.0,5.235934120297628,191,0.2135004920111169,-0.09388462960413486,48033.85971957065
976,110.88605563012212,110.88605563012212,0.00872679856393545,0.0,5.235934120297628,191,0.21289429267805882,-0.08482962594320975,48100.87082561981
977,113.89468704358492,113.89468704358492,0.0267710753479202,0.0,5.235934120297628,191,0.21610844676930796,-0.0854359104389955,48605.947848940945
978,113.6968606233598,113.6968606233598,-0.0017384342439327935,0.0,5.235934120297628,191,0.2160175709975658,-0.08849386221931083,48593.93681723016
979,110.71093910520733,110.71093910520733,-0.02661313691871524,0.0,5.235934120297628,191,0.2147723688190981,-0.087568707114142,48402.303730749096
980,108.99859048857618,108.99859048857618,-0.015587701556270919,0.0,5.235934120297628,191,0.21670069873006534,-0.07157776534773576,48198.02796962634
981,108.60532716421427,108.60532716421427,-0.003614491473815802,0.0,5.235934120297628,191,0.21604307688498897,-0.06658666705062849,48093.585161678166
982,105.98267450179895,105.98267450179895,-0.024444826717516605,0.0,5.235934120297628,191,0.2156493600823836,-0.01694370624750723,47954.18417148489
983,104.10735263974261,104.10735263974261,-0.017853028984953424,0.0,5.235934120297628,191,0.2143049817394693,0.015101126381052581,47683.85826156445
984,102.47802195719235,102.47802195719235,-0.015774248014389262,0.0,5.235934120297628,191,0.2132378543577733,0.03784621053521137,47449.8556988086
985,102.02850953533736,102.02850953533736,-0.004396076179030718,0.0,5.235934120297628,191,0.21379944653279784,0.044688726533558855,47378.51216674783
986,103.22204193748993,103.22204193748993,0.011630135428743268,0.0,5.235934120297628,191,0.21522284292963298,0.04260194566933555,47615.462385101935
987,102.65699525248428,102.65699525248428,-0.005489127125127542,0.0,5.235934120297628,191,0.21507105939980292,0.052951627004413734,47585.166940025614
988,104.02316555291017,104.02316555291017,0.013220332256314084,0.0,5.235934120297628,191,0.21568477242894882,0.045113527584142644,47717.42297191904
989,104.20922645042118,104.20922645042118,0.001787050950500355,0.0,5.235934120297628,191,0.2156308854874608,0.033740126261825695,47725.857380347785
990,102.42360930973763,102.42360930973763,-0.017283425292773043,0.0,5.235934120297628,191,0.21417417519396872,0.06442788308684526,47397.26425025478
991,103.3229377288728,103.3229377288728,0.008742155430468286,0.0,5.235934120297628,191,0.21476237818690339,0.07415138552311276,47500.81140754605
992,103.92643041819592,103.92643041819592,0.0058238478645295825,0.0,5.235934120297628,191,0.2142973248303071,0.025553636435209276,47554.83094664845
993,105.36059758609885,105.36059758609885,0.013705480277761013,0.0,5.235934120297628,191,0.21596347063864674,-0.031446602416420485,47826.585595310156
994,107.28656071988837,107.28656071988837,0.018114662941835565,0.0,5.235934120297628,191,0.21711894349575733,-0.04201925825283605,47998.12654088614
995,110.28215566212523,110.28215566212523,0.027538740925912533,0.0,5.235934120297628,191,0.2176964692241495,-0.03933202562405458,48315.358263808295
996,111.68676730046892,111.68676730046892,0.012656099497194059,0.0,5.235934120297628,191,0.217781082120128,-0.0234576839769764,48454.59912263346
997,112.21280963258617,112.21280963258617,0.004698921786584698,0.0,5.235934120297628,191,0.21785457845370657,-0.023190015493266714,48504.195965872634
998,113.8124083935451,113.8124083935451,0.01415439817797325,0.0,5.235934120297628,191,0.216987758261148,-0.030323418628832154,48629.348544838715
999,112.95468265843417,112.95468265843417,-0.00756485274428794,0.0,5.235934120297628,191,0.21638853339593855,-0.027945266612445036,48490.99328333589
