step,price,fundamental,log_return,volume,strategy_entropy,n_families,wealth_gini,acf1,mean_fitness
0,100.57453703979218,100.57453703979218,0.0,0.0,6.214608098422218,500,0.0,0.0,20000.0
1,100.20688114364317,100.20688114364317,-0.003662254310137648,0.0,6.214608098422218,500,0.0,0.0,20000.0
2,100.51180636284448,100.51180636284448,0.00303833646548284,0.0,6.214608098422218,500,0.0,0.0,20000.0
3,100.57349155389326,100.57349155389326,0.0006135226555372478,0.0,6.214608098422218,500,0.0,0.0,20000.0
4,100.30993003251588,100.30993003251588,-0.0026240261194842656,0.0,6.214608098422218,500,0.0,0.0,20000.0
5,101.18820206763327,101.18820206763327,0.00871747631539361,0.0,6.214608098422218,500,0.0,0.0,20000.0
6,101.06407896507804,101.06407896507804,-0.0012274088332097889,0.0,6.214608098422218,500,0.0,0.0,20000.0
7,100.79893938304767,100.79893938304767,-0.00262692727644512,0.0,6.214608098422218,500,0.0,0.0,20000.0
8,101.0250740955387,101.0250740955387,0.00224091081358249,0.0,6.214608098422218,500,0.0,0.0,20000.0
9,100.7443649328682,100.7443649328682,-0.0027824763267467333,0.0,6.214608098422218,500,5.988003592802156e-07,0.0,19999.988
10,100.66023974003055,100.66023974003055,-0.0008353850485854874,0.0,6.214608098422218,500,4.858189175766357e-06,0.0,19999.90264197342
11,100.81084365942068,100.81084365942068,0.001495042811115899,0.0,6.214608098422218,500,5.455537899234345e-06,0.0,19999.890671180827
12,101.87155770837329,101.87155770837329,0.010466855786789322,0.0,6.214608098422218,500,1.2879051565676183e-05,0.0,20000.258100556515
13,103.0729000901434,103.0729000901434,0.01172372412105704,0.0,6.214608098422218,500,1.2879051565676183e-05,0.0,20000.258100556515
14,103.00514886873833,103.00514886873833,-0.0006575297484457695,0.0,6.214608098422218,500,1.2879051565676183e-05,0.0,20000.258100556515
15,103.43984612454165,103.43984612454165,0.004211270883621416,0.0,6.214608098422218,500,1.4668254878816423e-05,0.0,20000.222100556515
16,103.12040554785503,103.12040554785503,-0.0030929554815854704,0.0,6.214608098422218,500,4.176378934359406e-05,0.0,19999.675840460262
17,103.60761465570167,103.60761465570167,0.004713536262871886,0.0,6.214608098422218,500,7.765856203969821e-05,0.0,20000.65304632993
18,102.47322429570505,102.47322429570505,-0.01100928959246873,0.0,6.214608098422218,500,0.0002660785383432815,0.0,19996.24136890052
19,102.59413964806434,102.59413964806434,0.0011792745958875929,0.0,6.214608098422218,500,0.00027351475743910193,0.0,19996.460838850515
20,102.40363866026294,102.40363866026294,-0.0018585668997027618,0.0,6.214608098422218,500,0.0002737461424442003,0.0,19995.51035005835
21,102.71349390270136,102.71349390270136,0.003021253995340326,0.0,6.214608098422218,500,0.00037940877589264177,0.0,19994.575533057297
22,102.96452823261629,102.96452823261629,0.002441043062955568,0.0,6.214608098422218,500,0.00047575643474127036,0.0,20003.643724750014
23,102.52459009716978,102.52459009716978,-0.004281869630754259,0.0,6.214608098422218,500,0.0005616662094323737,0.0,19996.36365519678
24,103.1906336741503,103.1906336741503,0.00647541676393677,0.0,6.214608098422218,500,0.001768804800655472,0.0,20036.175801264504
25,103.48636541665056,103.48636541665056,0.0028617789655613073,0.0,6.214608098422218,500,0.0016748716121817691,0.0,20036.14515791562
26,103.73875342051441,103.73875342051441,0.0024358835461267313,0.0,6.214608098422218,500,0.0019360752643663005,0.0,20043.750387295426
27,103.81143182596254,103.81143182596254,0.0007003453967767202,0.0,6.214608098422218,500,0.0019209379842879768,0.0,20041.892264185448
28,104.06374576629223,104.06374576629223,0.002427553565169718,0.0,6.214608098422218,500,0.0021568842432433265,0.0,20048.307606374423
29,103.5686737265938,103.5686737265938,-0.004768744487078227,0.0,6.214608098422218,500,0.0023063499551342482,0.0,20040.491606402007
30,104.35975429704878,104.35975429704878,0.007609198943389006,0.0,6.214608098422218,500,0.003272975863615752,0.0,20065.315603034982
31,104.19794931708311,104.19794931708311,-0.0015516570198628246,0.0,6.214608098422218,500,0.0030015095804883387,0.0,20054.727788889566
32,104.20659485052569,104.20659485052569,8.29687613777301e-05,0.0,6.214608098422218,500,0.0030773063722678677,0.0,20052.005169160508
33,102.98794440124345,102.98794440124345,-0.011763480897411343,0.0,6.214608098422218,500,0.0043005088283278,0.0,19979.592472544984
34,102.9625293441989,102.9625293441989,-0.0002468074650314007,0.0,6.214608098422218,500,0.004396445109604857,0.0,19976.336355195042
35,103.1392235151822,103.1392235151822,0.0017146308735503208,0.0,6.214608098422218,500,0.004338281540922129,0.0,19978.873171704938
36,102.99185954356969,102.99185954356969,-0.0014298085910297504,0.0,6.214608098422218,500,0.0045297275181056034,0.0,19972.498041731084
37,102.78608628543421,102.78608628543421,-0.001999955105922472,0.0,6.214608098422218,500,0.004937531298922003,0.0,19959.823097578406
38,103.25482152370881,103.25482152370881,0.004549931874210528,0.0,6.214608098422218,500,0.00488902208107471,0.0,19971.46680129533
39,104.04702750742304,104.04702750742304,0.007643056189726138,0.0,6.214608098422218,500,0.005500999706804575,0.0,20014.38108735378
40,104.32802389889063,104.32802389889063,0.002697026922375883,0.0,6.214608098422218,500,0.005686885354356044,0.0,20021.999842801702
41,103.6232350755048,103.6232350755048,-0.006778429959443965,0.0,6.214608098422218,500,0.0065024379022669675,0.0,19994.61192322628
42,102.71311888717132,102.71311888717132,-0.008821732798662833,0.0,6.214608098422218,500,0.007943403976818367,0.0,19940.10813063904
43,103.23051169348462,103.23051169348462,0.005024616623447621,0.0,6.214608098422218,500,0.007890029310138815,0.0,19954.46505878437
44,104.80756882593994,104.80756882593994,0.015161525606175633,0.0,6.214608098422218,500,0.008078040139072977,0.0,20010.853022148818
45,104.14191976738631,104.14191976738631,-0.006371408849673283,0.0,6.214608098422218,500,0.009078754506972417,0.0,19976.644840530513
46,104.2683371374907,104.2683371374907,0.0012131589633489473,0.0,6.214608098422218,500,0.009117799640878122,0.0,19979.20383977561
47,104.4518113887936,104.4518113887936,0.0017580889996139718,0.0,6.214608098422218,500,0.00920150163659942,0.0,19982.78943421498
48,103.86854371414584,103.86854371414584,-0.005599733146444921,0.0,6.214608098422218,500,0.009285931713254345,0.0,19955.405170325965
49,103.41966217507606,103.41966217507606,-0.004330996438538738,0.0,6.214608098422218,500,0.009641773219805517,0.0,19930.61154061569
50,103.49634801317814,103.49634801317814,0.0007412267571112635,0.0,6.214608098422218,500,0.009596614089434555,0.0,19927.54905305051
51,104.4143580159455,104.4143580159455,0.008830867694607024,0.0,6.214608098422218,500,0.00981090891813053,0.0,19937.181218842212
52,104.15061012627271,104.15061012627271,-0.002529169041330575,0.0,6.214608098422218,500,0.009484410081332485,0.0,19913.664914681955
53,104.36007632150847,104.36007632150847,0.002009165758050693,0.0,6.214608098422218,500,0.009544693220472624,0.0,19914.532464182776
54,103.9965918945778,103.9965918945778,-0.003489063237422425,0.0,6.214608098422218,500,0.009390877560235633,0.0,19886.003448549145
55,103.31930805261584,103.31930805261584,-0.006533857283912174,0.0,6.214608098422218,500,0.00923095563466316,0.0,19875.528620197776
56,104.15689717640335,104.15689717640335,0.008074117927472766,0.0,6.214608098422218,500,0.009335626813381947,0.0,19892.498582322412
57,104.03638650673953,104.03638650673953,-0.0011576807953757435,0.0,6.214608098422218,500,0.009593903018263834,0.0,19874.879512417956
58,103.80301021776107,103.80301021776107,-0.002245737725757161,0.0,6.214608098422218,500,0.009534412174331092,0.0,19850.722422503615
59,103.15137155287397,103.15137155287397,-0.006297434370320998,0.0,6.214608098422218,500,0.009435047927764841,0.0,19838.76865116075
60,102.49907653293847,102.49907653293847,-0.006343747008947936,0.0,6.214608098422218,500,0.009797531486669986,-0.04368464986272176,19814.84541247265
61,102.44191720634868,102.44191720634868,-0.0005578125393949522,0.0,6.214608098422218,500,0.009955781661328275,-0.03439856048990564,19800.12536786013
62,102.00740923476336,102.00740923476336,-0.004250526361086451,0.0,6.214608098422218,500,0.01008106732572359,-0.032252971450969475,19759.730562036548
63,101.85047501053835,101.85047501053835,-0.0015396437160826492,0.0,6.214608098422218,500,0.010116453331343428,-0.026895928934391505,19754.874976450465
64,101.77726606212708,101.77726606212708,-0.0007190469351559905,0.0,6.214608098422218,500,0.01026274590692897,-0.011967207001534362,19745.415321661956
65,101.27420825532482,101.27420825532482,-0.004954988263397625,0.0,6.214608098422218,500,0.010657199521594454,-0.002877163691913107,19709.950809749895
66,100.66147852346454,100.66147852346454,-0.0060685817557525725,0.0,6.214608098422218,500,0.011050484564372721,0.013118024428745632,19657.884567986486
67,100.42541071301682,100.42541071301682,-0.0023479195465417784,0.0,6.214608098422218,500,0.011183993848499439,0.024598162446447563,19641.42978846344
68,100.62075128012104,100.62075128012104,0.0019432415584348785,0.0,6.214608098422218,500,0.011121525889674258,0.025602415469947,19648.423046348256
69,101.05560543105162,101.05560543105162,0.004312402622997658,0.0,6.214608098422218,500,0.011020882489160715,0.02909895892587028,19675.199776510482
70,101.55346507445869,101.55346507445869,0.00491449513292659,0.0,6.214608098422218,500,0.010838473519966372,0.041390127053271164,19701.310045680733
71,101.44308187464831,101.44308187464831,-0.001087537816272169,0.0,6.214608098422218,500,0.01086295932094864,0.029736204446156277,19697.328900107314
72,100.95584534378584,100.95584534378584,-0.004814625045317324,0.0,6.214608098422218,500,0.01114843667769882,-0.04140569401350683,19671.909793260227
73,100.92821281196447,100.92821281196447,-0.00027374654785881,0.0,6.214608098422218,500,0.011268556592201337,-0.042501208326090334,19663.326385040207
74,100.00373508967144,100.00373508967144,-0.009201963703351424,0.0,6.214608098422218,500,0.012067178678487507,-0.040377746083664665,19585.44889564421
75,100.36117398773362,100.36117398773362,0.003567883007905684,0.0,6.214608098422218,500,0.011964207745994847,-0.05516571885416186,19596.2172790422
76,99.85720803780771,99.85720803780771,-0.005034173277767193,0.0,6.214608098422218,500,0.012352539484908909,-0.05783898311945613,19564.89539292995
77,99.94218330426453,99.94218330426453,0.0008506059103539091,0.0,6.214608098422218,500,0.012394711760787784,-0.027519646747113585,19565.663431566194
78,100.15348173897218,100.15348173897218,0.0021119749216183988,0.0,6.214608098422218,500,0.012366427363983551,-0.015463982062173193,19579.003501307914
79,100.82375488082145,100.82375488082145,0.0066701646238111105,0.0,6.214608098422218,500,0.012311242533127285,-0.0018326643835880135,19620.901157589495
80,101.51208937589085,101.51208937589085,0.006803907167582081,0.0,6.214608098422218,500,0.012083381306176378,0.033378771151971215,19643.814539075844
81,100.60310450840441,100.60310450840441,-0.008994781426804106,0.0,6.214608098422218,500,0.012488570041841222,-0.011604359670071734,19586.369562443124
82,100.93176986792332,100.93176986792332,0.0032616255812132284,0.0,6.214608098422218,500,0.012481466921982428,-0.023990194838555395,19598.76145348605
83,100.57391960192385,100.57391960192385,-0.0035517671300741437,0.0,6.214608098422218,500,0.012739533570476932,-0.014618312706918529,19576.109025122318
84,100.15915144082527,100.15915144082527,-0.004132540285705781,0.0,6.214608098422218,500,0.013190525358075914,-0.021901504265611837,19542.494400004332
85,99.72296756782453,99.72296756782453,-0.004364418063389883,0.0,6.214608098422218,500,0.013391005696611788,-0.01970627784127688,19524.322499035337
86,99.4531047046603,99.4531047046603,-0.0027097936536090318,0.0,6.214608098422218,500,0.013660868081822784,-0.017610963003138486,19505.409176030957
87,99.74553124519578,99.74553124519578,0.0029360316571209175,0.0,6.214608098422218,500,0.01343214895954206,-0.024694631515669238,19516.757784088008
88,99.77413503670873,99.77413503670873,0.00028672653921239355,0.0,6.214608098422218,500,0.013483560472934851,-0.014674253625920218,19512.473118832084
89,100.2938656413529,100.2938656413529,0.005195551232635607,0.0,6.214608098422218,500,0.013164843649848245,0.01055031717170912,19543.787306199527
90,100.72707082260519,100.72707082260519,0.004310057046746846,0.0,6.214608098422218,500,0.013180978880129961,0.033628039217275967,19555.018880976735
91,99.75784771268869,99.75784771268869,-0.009668863551362239,0.0,6.214608098422218,500,0.013431301655092322,0.005344119331015492,19513.04261839252
92,99.8399786260151,99.8399786260151,0.0008229640519475227,0.0,6.214608098422218,500,0.013494310055452768,0.0022715717294507277,19509.75561832494
93,99.35168541059109,99.35168541059109,-0.004902757310437221,0.0,6.214608098422218,500,0.014162264639782169,0.0008026353542734896,19464.67369368805
94,98.29617770329243,98.29617770329243,-0.010680790826148458,0.0,6.214608098422218,500,0.014319930244680104,0.026396057380142515,19445.47723542548
95,98.68718346795399,98.68718346795399,0.003969942190769872,0.0,6.214608098422218,500,0.014120276341614248,-0.0011914387624444409,19461.34151966051
96,98.73599663241468,98.73599663241468,0.0004945028788471814,0.0,6.214608098422218,500,0.014162980391347063,0.0017312307257615124,19458.068588644768
97,98.19824348051107,98.19824348051107,-0.005461259435140678,0.0,6.214608098422218,500,0.014536086841028016,0.002234351375999386,19427.86216701318
98,98.77622930940461,98.77622930940461,0.005868653735463445,0.0,6.214608098422218,500,0.01411352193485083,-0.04233394860686364,19464.48678910028
99,98.42720747463068,98.42720747463068,-0.003539717206666669,0.0,6.214608098422218,500,0.01421117882810932,-0.074401285298454,19455.948657304332
100,98.4629648120214,98.4629648120214,0.00036322115389056495,0.0,6.214608098422218,500,0.014267806354423974,-0.0638620557793382,19451.851615922078
101,98.8348337996304,98.8348337996304,0.0037696257189178957,0.0,6.214608098422218,500,0.014134110610653571,-0.09044747307848543,19465.883101981384
102,98.86446505533375,98.86446505533375,0.00029976086002168504,0.0,6.214608098422218,500,0.014224064927524253,-0.06095134024429747,19460.31295797685
103,99.02914541210586,99.02914541210586,0.001664332611819852,0.0,6.214608098422218,500,0.01424781744854959,-0.12049243543679573,19462.35751443877
104,98.85936963639796,98.85936963639796,-0.001715873377705426,0.0,6.214608098422218,500,0.014383702287345746,-0.07763012175554294,19450.87577989327
105,98.49483873575579,98.49483873575579,-0.003694183348927091,0.0,6.214608098422218,500,0.01481418200426112,-0.06794271699954772,19416.45284544233
106,97.48928469826086,97.48928469826086,-0.010261676749781071,0.0,6.214608098422218,500,0.0157948306500676,-0.04930811106152976,19337.352775038093
107,98.33229964945903,98.33229964945903,0.008610084143420781,0.0,6.214608098422218,500,0.01547294197968399,-0.10065798054111606,19376.33022122436
108,97.60247683099291,97.60247683099291,-0.007449685113281068,0.0,6.214608098422218,500,0.016269404108219955,-0.15331968722985684,19319.80715995162
109,97.35254591409948,97.35254591409948,-0.002563986813935893,0.0,6.214608098422218,500,0.01647729514230895,-0.14321750670355368,19301.112852642098
110,97.04081596684931,97.04081596684931,-0.0032072104874725487,0.0,6.214608098422218,500,0.016703285160157025,-0.15333841856965136,19272.61963323415
111,96.31339929992376,96.31339929992376,-0.00752422281298571,0.0,6.214608098422218,500,0.01767527768260407,-0.14119069507313575,19214.016262529305
112,96.48224813456986,96.48224813456986,0.0017515839186477077,0.0,6.214608098422218,500,0.017595053283393936,-0.1513918396558779,19225.6774045335
113,96.09184549302564,96.09184549302564,-0.0040545762831139635,0.0,6.214608098422218,500,0.017888958386732195,-0.152726789955789,19188.69550971718
114,96.49604735942238,96.49604735942238,0.004197589515153491,0.0,6.214608098422218,500,0.01763527720325196,-0.16923859116132106,19206.574430030923
115,97.03550605213998,97.03550605213998,0.0055749058010046105,0.0,6.214608098422218,500,0.01731307660288107,-0.10504890756309844,19243.350041393125
116,96.94549338456659,96.94549338456659,-0.0009280566065269032,0.0,6.214608098422218,500,0.01741401188090636,-0.11146841028352272,19228.950662434654
117,96.87516357478306,96.87516357478306,-0.0007257205085730658,0.0,6.214608098422218,500,0.01768271845058089,-0.1113296513257583,19216.10199026516
118,96.49460063994648,96.49460063994648,-0.003936121324054836,0.0,6.214608098422218,500,0.01801631393347059,-0.11570458961723883,19186.863007356234
119,96.31438770545954,96.31438770545954,-0.0018693421765452862,0.0,6.214608098422218,500,0.018222585545788907,-0.13729111491652343,19166.468182087312
120,96.17041623169645,96.17041623169645,-0.0014959258878254871,0.0,6.214608098422218,500,0.018528086681599647,-0.13794442792534067,19150.602940770677
121,96.31451126385276,96.31451126385276,0.001497208752378933,0.0,6.214608098422218,500,0.018490495179454353,-0.1369542907871136,19159.395440326498
122,96.85546604094318,96.85546604094318,0.005600830923646464,0.0,6.214608098422218,500,0.018358175763712833,-0.12256646070549407,19190.127671108665
123,96.50955038853273,96.50955038853273,-0.0035778552688039964,0.0,6.214608098422218,500,0.018823285569885852,-0.13518283567787961,19167.641528131713
124,95.77199477984394,95.77199477984394,-0.007671659028977645,0.0,6.214608098422218,500,0.019367230977581223,-0.11650487763197546,19115.60274425384
125,96.5180464534656,96.5180464534656,0.007759688565451867,0.0,6.214608098422218,500,0.019174764582894653,-0.1682648000781713,19152.76845945601
126,96.37600598218285,96.37600598218285,-0.0014727307054031246,0.0,6.214608098422218,500,0.019503052293104915,-0.18196972585309779,19135.29693976292
127,95.80777212253516,95.80777212253516,-0.005913459722060429,0.0,6.214608098422218,500,0.020076719120280948,-0.17312100356363458,19091.768412872083
128,95.79106303500903,95.79106303500903,-0.00017441742330790068,0.0,6.214608098422218,500,0.020146287718518813,-0.18629107219644694,19086.3036932942
129,95.2024418071071,95.2024418071071,-0.00616380218777143,0.0,6.214608098422218,500,0.02107645606306863,-0.21094933095704319,19044.058298714815
130,95.15818614397718,95.15818614397718,-0.00046496656796723995,0.0,6.214608098422218,500,0.02120410442821738,-0.21832040672058822,19037.808703213734
131,96.08290710244961,96.08290710244961,0.009670810282187355,0.0,6.214608098422218,500,0.020612630565885866,-0.19762746042530357,19093.13140922889
132,95.05516955773982,95.05516955773982,-0.010753979189327325,0.0,6.214608098422218,500,0.02130811695732977,-0.2520438923670358,19057.31346392658
133,95.05959016012241,95.05959016012241,4.650456797732352e-05,0.0,6.214608098422218,500,0.021457049678747363,-0.25469035111498506,19052.04510392745
134,95.49547216299055,95.49547216299055,0.004574874661274375,0.0,6.214608098422218,500,0.02128714463435746,-0.23353302511083673,19068.95262961066
135,95.36175372938064,95.36175372938064,-0.0014012406904072288,0.0,6.214608098422218,500,0.02152669635028104,-0.22644332734275693,19052.541326647788
136,95.38670243384595,95.38670243384595,0.00026158748657173036,0.0,6.214608098422218,500,0.021545290026683935,-0.22477359194938157,19052.37840175822
137,95.61911838377209,95.61911838377209,0.0024336019042416556,0.0,6.214608098422218,500,0.021499648477990917,-0.22446978294371747,19058.292651472308
138,95.54123496560229,95.54123496560229,-0.0008148491160912372,0.0,6.214608098422218,500,0.021758382900203283,-0.24034368624616415,19046.806742007582
139,95.32334839740922,95.32334839740922,-0.0022831544648435815,0.0,6.214608098422218,500,0.022014126886723554,-0.2903598366093377,19029.05134171403
140,96.12617233861502,96.12617233861502,0.008386844155510302,0.0,6.214608098422218,500,0.021849294391217248,-0.25104032775211416,19066.874096166386
141,96.23876635855994,96.23876635855994,0.0011706294667361732,0.0,6.214608098422218,500,0.021893398702113584,-0.22495361830186417,19065.373397843738
142,95.79662580862488,95.79662580862488,-0.004604790046363777,0.0,6.214608098422218,500,0.02244643855455345,-0.22265065148493135,19024.298499116994
143,96.55049110565439,96.55049110565439,0.007838632251638035,0.0,6.214608098422218,500,0.022515557766824176,-0.241482898940875,19036.15054182248
144,95.98487557800804,95.98487557800804,-0.005875462410103029,0.0,6.214608098422218,500,0.022947433678713304,-0.27733452435828404,19001.954071282005
145,97.0048094271112,97.0048094271112,0.010569926003310129,0.0,6.214608098422218,500,0.022975556187998517,-0.30025695877685715,19036.230578468647
146,96.88017570589109,96.88017570589109,-0.0012856461092304288,0.0,6.214608098422218,500,0.023235536574994158,-0.3019944929070775,19017.62820292381
147,96.52088129984513,96.52088129984513,-0.0037155414241703474,0.0,6.214608098422218,500,0.023763052692718514,-0.3023323047981215,18983.142162213615
148,96.72419379969938,96.72419379969938,0.002104194114811013,0.0,6.214608098422218,500,0.023809374236043297,-0.3092981688615017,18985.385738011395
149,96.79077729100679,96.79077729100679,0.0006881482456852414,0.0,6.214608098422218,500,0.02387892940853476,-0.3316928658697477,18983.596346660146
150,96.14137381441489,96.14137381441489,-0.0067319617327881425,0.0,6.214608098422218,500,0.024515667579714257,-0.3054848415030264,18945.051146621045
151,96.28189709664807,96.28189709664807,0.00146056458295062,0.0,6.214608098422218,500,0.024500768795402243,-0.3213473017338572,18945.142852325167
152,95.72117023181058,95.72117023181058,-0.0058408281362492456,0.0,6.214608098422218,500,0.024604757359537027,-0.3189738454767371,18916.823690467063
153,95.33863944394832,95.33863944394832,-0.00400430943223414,0.0,6.214608098422218,500,0.02512846725668623,-0.3370041856643083,18879.481460030278
154,95.7533046784743,95.7533046784743,0.0043399619726625545,0.0,6.214608098422218,500,0.025187965016371303,-0.33557068059512896,18887.126934063683
155,95.55101059512394,95.55101059512394,-0.002114893837730449,0.0,6.214608098422218,500,0.025318972807822398,-0.34856994534526226,18876.26444182445
156,95.50843637195322,95.50843637195322,-0.00044566468239293596,0.0,6.214608098422218,500,0.025512642473481645,-0.34530888526018705,18863.87051547349
157,95.37476704486586,95.37476704486586,-0.0014005354745104067,0.0,6.214608098422218,500,0.025754162513302998,-0.3285582359750241,18849.014308280184
158,94.57985101011427,94.57985101011427,-0.008369585148337933,0.0,6.214608098422218,500,0.026157982996721917,-0.306044200758934,18814.93569207321
159,94.09438198733243,94.09438198733243,-0.005146119705273533,0.0,6.214608098422218,500,0.02686137718042237,-0.27763833735472915,18779.44768992801
160,94.10337197640405,94.10337197640405,9.553768723712495e-05,0.0,6.214608098422218,500,0.02705140074387382,-0.2839037680859756,18771.043211484706
161,94.00136379800792,94.00136379800792,-0.0010845892632719682,0.0,6.214608098422218,500,0.02711896252819371,-0.2920285693162522,18763.364206818722
162,93.74217211441,93.74217211441,-0.0027611267360817095,0.0,6.214608098422218,500,0.027388322370359267,-0.29337097734285794,18742.2978825824
163,94.04674486838755,94.04674486838755,0.0032437805801691618,0.0,6.214608098422218,500,0.027394535419781787,-0.2951354336207055,18752.894664196243
164,93.44235796563707,93.44235796563707,-0.006447190659320905,0.0,6.214608098422218,500,0.028291963306865793,-0.3063254314470252,18707.05798903648
165,94.34255421026018,94.34255421026018,0.009587598171097896,0.0,6.214608098422218,500,0.02755149007231093,-0.34232143355457995,18771.63939022764
166,94.45574011432416,94.45574011432416,0.0011990141969120832,0.0,6.214608098422218,500,0.02758808684861384,-0.28876256596608557,18770.0542896854
167,95.25673732073739,95.25673732073739,0.008444378324482754,0.0,6.214608098422218,500,0.026954754739053424,-0.23520676392612408,18810.16897907643
168,95.85645310297998,95.85645310297998,0.00627604771201294,0.0,6.214608098422218,500,0.026629966577109695,-0.20499141578389285,18850.397295071856
169,95.87235619814702,95.87235619814702,0.00016589155548892137,0.0,6.214608098422218,500,0.026687596073859378,-0.20829839681293183,18843.7102609263
170,96.10803073706833,96.10803073706833,0.002455195148530311,0.0,6.214608098422218,500,0.02657347404071443,-0.22333347568043144,18851.62737571983
171,96.19790448347698,96.19790448347698,0.0009346955708756668,0.0,6.214608098422218,500,0.026571928857937254,-0.2204127607396486,18856.160526361025
172,96.3631812747671,96.3631812747671,0.0017166171578793757,0.0,6.214608098422218,500,0.026588637536311594,-0.21408685899007016,18858.71881901237
173,96.27309706245113,96.27309706245113,-0.0009352778164141895,0.0,6.214608098422218,500,0.02681203020752752,-0.20527365275132436,18849.076253510466
174,95.52386774112634,95.52386774112634,-0.00781277360809677,0.0,6.214608098422218,500,0.027302758820503887,-0.21158288092579655,18797.78468464785
175,95.63470377664355,95.63470377664355,0.0011596241492866847,0.0,6.214608098422218,500,0.027349301350393363,-0.22087072372008254,18796.611207744478
176,95.43175618830105,95.43175618830105,-0.0021243672458667053,0.0,6.214608098422218,500,0.02775926633907219,-0.22251182244512602,18776.990376630838
177,95.43865977702131,95.43865977702131,7.233796487909308e-05,0.0,6.214608098422218,500,0.027829030774676643,-0.22424849509011224,18773.228076837117
178,95.27623180221025,95.27623180221025,-0.0017033595304373245,0.0,6.214608098422218,500,0.027928550486168116,-0.2309692028201318,18764.411889369912
179,96.0235369279291,96.0235369279291,0.007812962160025746,0.0,6.214608098422218,500,0.027232130090691063,-0.23147180983599813,18802.934531554034
180,95.88071047678835,95.88071047678835,-0.0014885181484397296,0.0,6.214608098422218,500,0.027600213350301994,-0.23780124861407145,18787.189993386066
181,96.44468026114406,96.44468026114406,0.005864762823983742,0.0,6.214608098422218,500,0.02750852036928795,-0.24397928009038974,18806.63652454214
182,96.23814308427545,96.23814308427545,-0.0021438055804320474,0.0,6.214608098422218,500,0.02779510485292928,-0.2436561862764335,18786.53827273584
183,96.534773953678,96.534773953678,0.003077518440653036,0.0,6.214608098422218,500,0.027790702444935603,-0.26776852335831985,18793.637150237206
184,96.24760578886234,96.24760578886234,-0.002979197347793717,0.0,6.214608098422218,500,0.027961994367177955,-0.2411632048621313,18778.644037788992
185,95.48388516780189,95.48388516780189,-0.007966606387804038,0.0,6.214608098422218,500,0.028818735001711886,-0.21570146968623913,18731.311315911913
186,95.99778838981595,95.99778838981595,0.0053676620465898835,0.0,6.214608098422218,500,0.02845420114755006,-0.24770884188112177,18760.915657575086
187,95.96958150451034,95.96958150451034,-0.00029387166708727704,0.0,6.214608098422218,500,0.028476376676521753,-0.25569681906636016,18759.803132491732
188,95.4217612575067,95.4217612575067,-0.00572462406254272,0.0,6.214608098422218,500,0.028907175032981052,-0.24897581597445545,18736.896643030344
189,95.31237820634436,95.31237820634436,-0.001146968900913877,0.0,6.214608098422218,500,0.029186037266974194,-0.2532897676196855,18721.66967919762
190,95.6346586399223,95.6346586399223,0.0033756034649691066,0.0,6.214608098422218,500,0.02900066043984515,-0.2503550352549742,18738.729245891653
191,95.21403632538635,95.21403632538635,-0.0044079211090409754,0.0,6.214608098422218,500,0.02909312704202014,-0.19661166403057187,18727.77907816482
192,95.10885303601404,95.10885303601404,-0.001105314241854395,0.0,6.214608098422218,500,0.029242313754566207,-0.21141974901088928,18718.90902939866
193,95.10821512796622,95.10821512796622,-6.707158868345408e-06,0.0,6.214608098422218,500,0.029401899271836444,-0.21154952081464273,18710.731605574863
194,95.32703908395145,95.32703908395145,0.0022981464561303735,0.0,6.214608098422218,500,0.02931910556846807,-0.20904916104301266,18720.413165875303
195,95.61454307788487,95.61454307788487,0.0030114363561189856,0.0,6.214608098422218,500,0.02931094296341313,-0.201608420262159,18726.53523936792
196,95.286389001901,95.286389001901,-0.0034379549185823773,0.0,6.214608098422218,500,0.029509805846786624,-0.20877949000048573,18711.741003792933
197,95.52278831646709,95.52278831646709,0.002477862321322004,0.0,6.214608098422218,500,0.029431953714498034,-0.2142094466132531,18718.170026094485
198,96.23362834874183,96.23362834874183,0.007414023486045144,0.0,6.214608098422218,500,0.028973827210272658,-0.1921377126434109,18766.015622570638
199,96.0838105411918,96.0838105411918,-0.0015580265494488494,0.0,6.214608098422218,500,0.0290282069826202,-0.1864532035622877,18760.153771888672
200,97.35424903157377,97.35424903157377,0.013135540753260984,0.0,5.922698278172817,400,0.08684776281661287,-0.19462677700883796,17882.30640971198
201,97.23015764783297,97.23015764783297,-0.0012754506147827972,0.0,5.922698278172817,400,0.08690342200840698,-0.20511057646141065,17878.240947021724
202,97.00607641431985,97.00607641431985,-0.0023073072231471485,0.0,5.922698278172817,400,0.08709596090791663,-0.17756746385094677,17866.216978535995
203,96.80519071900403,96.80519071900403,-0.002073004012890822,0.0,5.922698278172817,400,0.08721489064619405,-0.14472145568890574,17858.698023571418
204,96.60845947622916,96.60845947622916,-0.00203430637312699,0.0,5.922698278172817,400,0.08745479035871545,-0.09483710113561296,17843.317049753852
205,96.25269727149073,96.25269727149073,-0.0036893132267990752,0.0,5.922698278172817,400,0.0877876534618893,-0.08516584568202674,17826.762854068726
206,96.42805078954056,96.42805078954056,0.00182014620791784,0.0,5.922698278172817,400,0.0877428495023773,-0.094791138831223,17831.350338151766
207,96.50408655500226,96.50408655500226,0.0007882125854702215,0.0,5.922698278172817,400,0.08773658007925479,-0.08757983905670694,17833.053112375557
208,96.21016020754134,96.21016020754134,-0.003050387610783368,0.0,5.922698278172817,400,0.08791137324233553,-0.09082617725418664,17821.526130345486
209,96.28619749084386,96.28619749084386,0.0007900127375538885,0.0,5.922698278172817,400,0.08793938024214672,-0.08859431572707022,17821.962492685612
210,96.19496213765791,96.19496213765791,-0.0009479926263404793,0.0,5.922698278172817,400,0.0881071679157414,-0.08394878456553677,17812.51482848577
211,95.5516963988309,95.5516963988309,-0.006709563097047719,0.0,5.922698278172817,400,0.0886803399683168,-0.06736201878503748,17782.46039386758
212,96.06755214652927,96.06755214652927,0.005384187630551759,0.0,5.922698278172817,400,0.08851563449059947,-0.12036926807931252,17798.214078239645
213,96.19504773337368,96.19504773337368,0.0013262652810538537,0.0,5.922698278172817,400,0.08850409366610945,-0.10058806138420918,17800.80110976686
214,96.60885350910964,96.60885350910964,0.004292510768254424,0.0,5.922698278172817,400,0.0884103904437923,-0.08787384294071011,17812.548503252678
215,96.46080239763603,96.46080239763603,-0.0015336551960744066,0.0,5.922698278172817,400,0.08861422090617883,-0.09547304307450108,17802.940457653727
216,96.68509151941842,96.68509151941842,0.0023224850194897163,0.0,5.922698278172817,400,0.08859951621179107,-0.09928661942084092,17806.61202490875
217,96.86872760990215,96.86872760990215,0.0018975202495051448,0.0,5.922698278172817,400,0.08848289509239543,-0.1087859127823259,17814.443378837826
218,96.08180123746676,96.08180123746676,-0.008156813461138222,0.0,5.922698278172817,400,0.08891347050319406,-0.16289372915647812,17786.895055054272
219,96.68784824793894,96.68784824793894,0.006287805251880467,0.0,5.922698278172817,400,0.0885266716678001,-0.2088605959835536,17808.105406371855
220,96.68478336418838,96.68478336418838,-3.1699250563724794e-05,0.0,5.922698278172817,400,0.08857642778640329,-0.21182743852144761,17806.714376690343
221,97.07534945411321,97.07534945411321,0.004031444582724001,0.0,5.922698278172817,400,0.0882995027383957,-0.21616909130673123,17824.80668976895
222,96.2341011865668,96.2341011865668,-0.008703698401059152,0.0,5.922698278172817,400,0.08860323827090956,-0.2222158396857754,17798.37575897275
223,95.61835467663418,95.61835467663418,-0.006418980892310023,0.0,5.922698278172817,400,0.08970758395501906,-0.14952454054605244,17745.685481418357
224,95.68498582599135,95.68498582599135,0.000696602075808221,0.0,5.922698278172817,400,0.08975079807704722,-0.10537901263853207,17744.931474307807
225,95.19181881264477,95.19181881264477,-0.005167396967464895,0.0,5.922698278172817,400,0.09072702455308425,-0.12071177587692168,17700.50615726437
226,95.76142730463343,95.76142730463343,0.005965964895214177,0.0,5.922698278172817,400,0.09074450505350555,-0.1503447671580618,17704.086878998616
227,95.55244685884419,95.55244685884419,-0.0021846876482171807,0.0,5.922698278172817,400,0.09127043306428857,-0.21804729166730197,17684.057826781078
228,95.23627811085791,95.23627811085791,-0.0033143367089228932,0.0,5.922698278172817,400,0.09132500742663809,-0.21853778408948643,17679.9845447613
229,95.29461461993907,95.29461461993907,0.0006123575034785081,0.0,5.922698278172817,400,0.0913593393311331,-0.22119709869656756,17678.061416223398
230,95.27615599625726,95.27615599625726,-0.0001937193587437797,0.0,5.922698278172817,400,0.09145090044828635,-0.22520990995720186,17670.555225598917
231,95.13350925336574,95.13350925336574,-0.0014983143780090376,0.0,5.922698278172817,400,0.09188960570488684,-0.2269986584370021,17652.58713341456
232,94.93806586363912,94.93806586363912,-0.002056524848479884,0.0,5.922698278172817,400,0.09189204816460902,-0.22355612018843352,17649.313513817735
233,94.20173442736241,94.20173442736241,-0.007786147126007525,0.0,5.922698278172817,400,0.09233922071001728,-0.20441153648199248,17625.73212158281
234,94.14419457453344,94.14419457453344,-0.0006110018403261832,0.0,5.922698278172817,400,0.0924706690513903,-0.20353428330255177,17616.883917454557
235,93.94780193054012,93.94780193054012,-0.002088262329202821,0.0,5.922698278172817,400,0.09292359719153094,-0.20021027909031108,17598.690204706778
236,93.69067049941292,93.69067049941292,-0.0027407129119204534,0.0,5.922698278172817,400,0.09331326668487702,-0.19505667089691245,17580.47524494615
237,93.8372866691024,93.8372866691024,0.0015636729773754428,0.0,5.922698278172817,400,0.09330957245426118,-0.1981809943043674,17584.22965335599
238,93.48316158723698,93.48316158723698,-0.0037809593883900068,0.0,5.922698278172817,400,0.09382324171015202,-0.19196859670805067,17555.74933186819
239,93.14524781373524,93.14524781373524,-0.003621250846582633,0.0,5.922698278172817,400,0.0940051388069084,-0.1837086580473448,17542.879572092697
240,93.15979424079758,93.15979424079758,0.00015615709517553862,0.0,5.922698278172817,400,0.09401641646421262,-0.17964562727743288,17542.458821843196
241,92.31254359558342,92.31254359558342,-0.009136203796634995,0.0,5.922698278172817,400,0.09452868143311004,-0.17089923500595275,17509.938444474574
242,91.82702743366734,91.82702743366734,-0.005273361769210907,0.0,5.922698278172817,400,0.09474789973418392,-0.12815560959315156,17493.312342206038
243,92.06134615141427,92.06134615141427,0.002548490043168852,0.0,5.922698278172817,400,0.09472824225336085,-0.1345801558203208,17497.363357964794
244,92.19644557738785,92.19644557738785,0.0014664177717057505,0.0,5.922698278172817,400,0.09464533773242427,-0.14274179711386428,17502.15335836804
245,92.41133129755124,92.41133129755124,0.002328025621156427,0.0,5.922698278172817,400,0.09458119370085057,-0.10040351486029259,17507.22990953223
246,92.53966406583439,92.53966406583439,0.001387749102153006,0.0,5.922698278172817,400,0.09451247275478579,-0.09991548865524633,17512.09495208087
247,92.58951416813376,92.58951416813376,0.0005385439937642228,0.0,5.922698278172817,400,0.09455681657463204,-0.09598260229677302,17509.2717023749
248,92.07505618968686,92.07505618968686,-0.005571824724200294,0.0,5.922698278172817,400,0.09479022060213656,-0.10453023772285772,17488.30432770719
249,92.17684912453181,92.17684912453181,0.0011049323482188618,0.0,5.922698278172817,400,0.09472135007371156,-0.11033982940900003,17492.304503551673
250,92.01889563511303,92.01889563511303,-0.001715061640999522,0.0,5.922698278172817,400,0.09496016086077035,-0.0987138048405506,17481.16846971434
251,91.66944069782348,91.66944069782348,-0.0038048725994876214,0.0,5.922698278172817,400,0.09527004070821031,-0.09751244036559918,17462.90705983885
252,91.25310153231308,91.25310153231308,-0.004552089418459724,0.0,5.922698278172817,400,0.09587710126892457,-0.08345404966153995,17430.49120081081
253,90.92856842485762,90.92856842485762,-0.003562745371812246,0.0,5.922698278172817,400,0.09619011051663907,-0.07413625581013714,17414.96982728
254,90.87314556321355,90.87314556321355,-0.0006097067199774747,0.0,5.922698278172817,400,0.0962302756055145,-0.08693230366762462,17412.416642262484
255,91.13354631529795,91.13354631529795,0.0028614434675318127,0.0,5.922698278172817,400,0.0960465612843009,-0.07634613023093245,17422.966097672925
256,90.42532898491766,90.42532898491766,-0.007801556616835548,0.0,5.922698278172817,400,0.09652649300823968,-0.08957510463725446,17393.970373595967
257,90.22699484549454,90.22699484549454,-0.0021957560789057492,0.0,5.922698278172817,400,0.09676167568775253,-0.10923246930974093,17381.903626943247
258,90.71715578420516,90.71715578420516,0.005417827942743594,0.0,5.922698278172817,400,0.09619335919462776,-0.11551065902930661,17412.796203487105
259,90.97335579792228,90.97335579792228,0.0028201823121290796,0.0,5.922698278172817,400,0.09616463395176561,-0.08121675915078941,17417.08062121641
260,89.9074943145626,89.9074943145626,-0.01178536942484344,0.0,5.922698278172817,400,0.0970773359580657,-0.1333114541025336,17380.56225458565
261,90.06934315443105,90.06934315443105,0.0017985523667761972,0.0,5.922698278172817,400,0.09704027935478148,-0.1666503839523058,17383.087065646792
262,89.81726089156479,89.81726089156479,-0.0028026814916261014,0.0,5.922698278172817,400,0.09752109794827822,-0.17226266022103517,17363.010141354673
263,90.4103659705069,90.4103659705069,0.006581756974254857,0.0,5.922698278172817,400,0.09708864915478345,-0.1747077939192334,17390.134056576735
264,89.88087809525639,89.88087809525639,-0.005873711730068628,0.0,5.922698278172817,400,0.0977528487198823,-0.20876073465720607,17361.71701153674
265,90.05925590465544,90.05925590465544,0.001982635711835289,0.0,5.922698278172817,400,0.09756002181836285,-0.21518574353655237,17372.2418470424
266,90.71635338227954,90.71635338227954,0.00726979014671265,0.0,5.922698278172817,400,0.09715773733882371,-0.18403479236515932,17400.956423258598
267,90.0426722302205,90.0426722302205,-0.007453948913401563,0.0,5.922698278172817,400,0.09801255833334613,-0.22207830483995583,17367.923071315043
268,89.87947594154869,89.87947594154869,-0.0018140772004445558,0.0,5.922698278172817,400,0.09827572768848025,-0.21572764870467415,17355.220246334367
269,90.20365045558208,90.20365045558208,0.0036002802781357718,0.0,5.922698278172817,400,0.09798189064300963,-0.2152645318917217,17370.615432315324
270,89.7759100781749,89.7759100781749,-0.004753219548597189,0.0,5.922698278172817,400,0.0984422979615878,-0.22671263343754758,17351.108325889745
271,89.33718984943219,89.33718984943219,-0.004898816516511174,0.0,5.922698278172817,400,0.09917315392618777,-0.18626408680213463,17312.488331460077
272,89.93434638417,89.93434638417,0.006662058639275644,0.0,5.922698278172817,400,0.09895085477562424,-0.2223669497703679,17328.889271642685
273,90.24750531236624,90.24750531236624,0.003476035356145598,0.0,5.922698278172817,400,0.09877262561144451,-0.20012772384038752,17339.732442413562
274,89.66167618168173,89.66167618168173,-0.00651252144419913,0.0,5.922698278172817,400,0.09902811925692531,-0.22005876142639536,17321.43123710461
275,88.92927421901831,88.92927421901831,-0.008202051301719027,0.0,5.922698278172817,400,0.09976838391970387,-0.18080975505404964,17291.012998633643
276,88.90349332765246,88.90349332765246,-0.00028994534474306683,0.0,5.922698278172817,400,0.09995379876927185,-0.19891277461140214,17285.088135864316
277,88.74603330365217,88.74603330365217,-0.0017727045854918945,0.0,5.922698278172817,400,0.10017178219859331,-0.18225653836867312,17274.527285264274
278,89.48930177056825,89.48930177056825,0.008340352659846575,0.0,5.922698278172817,400,0.09938914012150399,-0.13589039311277,17324.05298011352
279,88.74098137726614,88.74098137726614,-0.008397279938684055,0.0,5.922698278172817,400,0.09951991229514998,-0.2011499050084088,17313.195566423252
280,87.98415127465148,87.98415127465148,-0.008565105800993207,0.0,5.922698278172817,400,0.10024635031126417,-0.16157996237134917,17288.88308006535
281,88.00897334096041,88.00897334096041,0.00028207995656346084,0.0,5.922698278172817,400,0.10035847049870747,-0.14359609731316486,17284.32774992582
282,87.61315095431858,87.61315095431858,-0.004507667339275375,0.0,5.922698278172817,400,0.10101664335859778,-0.18174686143926788,17246.496146856658
283,87.66437302620125,87.66437302620125,0.0005844682441598587,0.0,5.922698278172817,400,0.10100717435063149,-0.18112418016083143,17247.490133707484
284,87.830495336517,87.830495336517,0.0018931876639243044,0.0,5.922698278172817,400,0.10097084370772094,-0.16783559149677282,17248.870459580892
285,87.86403578975039,87.86403578975039,0.00038180418509123565,0.0,5.922698278172817,400,0.10104803504765246,-0.1407783470925168,17244.264021611398
286,87.02302860256201,87.02302860256201,-0.009617791607385814,0.0,5.922698278172817,400,0.10227793029351857,-0.14760453748155805,17169.89651869668
287,86.48674073793792,86.48674073793792,-0.0061816642881173485,0.0,5.922698278172817,400,0.10237647089234687,-0.11563094353089554,17161.6045941744
288,86.28499345639993,86.28499345639993,-0.0023354210591925643,0.0,5.922698278172817,400,0.10248791940105448,-0.11024426054434422,17155.479167870188
289,86.82644343615986,86.82644343615986,0.006255528290100346,0.0,5.922698278172817,400,0.10201719004209395,-0.11191736760970307,17178.68173608783
290,87.17348659393176,87.17348659393176,0.003989008707032111,0.0,5.922698278172817,400,0.10162703016446727,-0.07620844158980287,17200.823523731407
291,87.48985859365094,87.48985859365094,0.0036226529999719174,0.0,5.922698278172817,400,0.10151775795542049,-0.05374609069764274,17209.538552744772
292,87.28198743985696,87.28198743985696,-0.002378772743237518,0.0,5.922698278172817,400,0.10172481881001535,-0.06059188257506842,17200.30517729829
293,86.89119227610072,86.89119227610072,-0.004487439687142716,0.0,5.922698278172817,400,0.10199142802780481,-0.05607944546219758,17186.156526555507
294,87.03234682297249,87.03234682297249,0.0016231796868295682,0.0,5.922698278172817,400,0.10196258757053703,-0.062462095378634896,17186.952503075725
295,87.5541370655037,87.5541370655037,0.00597745924587002,0.0,5.922698278172817,400,0.10167693600428852,-0.045387016833909964,17206.80530962882
296,88.36734771164357,88.36734771164357,0.009245220270080385,0.0,5.922698278172817,400,0.10064170832017225,0.01197956484049158,17275.123687498395
297,89.81801321567004,89.81801321567004,0.016283016162273165,0.0,5.922698278172817,400,0.10000088204646226,0.11496751289716221,17360.005180795357
298,90.36494326239352,90.36494326239352,0.006070848621658572,0.0,5.922698278172817,400,0.09950064975902514,0.1720853156183594,17387.52407155901
299,90.53263230784098,90.53263230784098,0.0018539672845312373,0.0,5.922698278172817,400,0.09942471845161042,0.18261430272921828,17393.906355431216
300,91.24938527756491,91.24938527756491,0.007885892055235101,0.0,5.922698278172817,400,0.09910570679320355,0.18876682806210138,17420.376407206364
301,91.1785644372777,91.1785644372777,-0.000776425366350879,0.0,5.922698278172817,400,0.09918828490457135,0.1695272072795987,17414.382236175425
302,91.8526560744468,91.8526560744468,0.007365898376249135,0.0,5.922698278172817,400,0.09892102576607371,0.17185920392779858,17433.584687859206
303,91.46329122514919,91.46329122514919,-0.004248025778051186,0.0,5.922698278172817,400,0.09948652065178365,0.15120463170767323,17401.962079352885
304,91.50622013342831,91.50622013342831,0.0004692465837404837,0.0,5.922698278172817,400,0.09953362656574156,0.147899763478663,17399.950663656236
305,91.12138872756613,91.12138872756613,-0.0042143899035563,0.0,5.922698278172817,400,0.09993019711418943,0.14345974677701825,17381.86972338473
306,90.91442074564077,90.91442074564077,-0.00227392700047128,0.0,5.922698278172817,400,0.1003072634512514,0.14705082482455492,17367.57045808983
307,90.6013316516445,90.6013316516445,-0.003449721584560512,0.0,5.922698278172817,400,0.10048460650685656,0.15231198265112217,17356.93109336548
308,90.09668216967054,90.09668216967054,-0.005585571012443218,0.0,5.922698278172817,400,0.101135439645864,0.1653138855614141,17321.49764766405
309,89.47930559666344,89.47930559666344,-0.00687596390910109,0.0,5.922698278172817,400,0.10210596224829657,0.18112043580759415,17271.714970522444
310,89.57907498957387,89.57907498957387,0.0011143784826891138,0.0,5.922698278172817,400,0.10212781779755174,0.1732472413198133,17272.672430652572
311,89.3187384610976,89.3187384610976,-0.0029104515837811555,0.0,5.922698278172817,400,0.10252754566709041,0.16420597884169308,17252.99606070066
312,89.11892137157113,89.11892137157113,-0.0022396300560815255,0.0,5.922698278172817,400,0.10300212717967551,0.16072530965559256,17230.611825982105
313,89.11361860958625,89.11361860958625,-5.9503859250426306e-05,0.0,5.922698278172817,400,0.10309664960996892,0.16079452094270621,17227.593429807323
314,90.2204985387365,90.2204985387365,0.01234448863201708,0.0,5.922698278172817,400,0.10171101062182243,0.15055915743836176,17300.566477344863
315,89.97198169838936,89.97198169838936,-0.0027583503772195266,0.0,5.922698278172817,400,0.102188749715312,0.14595344358128035,17276.5078100217
316,89.75036004433538,89.75036004433538,-0.0024662684031273507,0.0,5.922698278172817,400,0.10236319212048503,0.14469894913445244,17266.91514465043
317,89.54824018460354,89.54824018460354,-0.002254562445989261,0.0,5.922698278172817,400,0.10270726400119717,0.15316335804077189,17251.195450468
318,89.49898262160855,89.49898262160855,-0.0005502186905293945,0.0,5.922698278172817,400,0.10287262370575961,0.14713400638138233,17242.249549896667
319,89.50919792421925,89.50919792421925,0.00011413224346104596,0.0,5.922698278172817,400,0.10293695971941526,0.1665241148880304,17240.45984018207
320,89.76579696011314,89.76579696011314,0.0028626324746294104,0.0,5.922698278172817,400,0.10265230164096062,0.19116336813956672,17256.581079280586
321,89.92329458969148,89.92329458969148,0.0017530020164570545,0.0,5.922698278172817,400,0.1026052911874016,0.19693626091048083,17260.63681143634
322,90.70582862774731,90.70582862774731,0.00866459317136447,0.0,5.922698278172817,400,0.10240900241598228,0.20867071821439578,17281.027764181006
323,90.51342662211673,90.51342662211673,-0.0021234175988503862,0.0,5.922698278172817,400,0.10283143523639514,0.22365027468305387,17261.160481091898
324,90.42741035644578,90.42741035644578,-0.0009507668206567698,0.0,5.922698278172817,400,0.10284243997502898,0.23550973921562876,17259.161498722337
325,90.05623959636206,90.05623959636206,-0.004113073770950716,0.0,5.922698278172817,400,0.10294258441850482,0.22810631523362054,17248.240029943125
326,90.06050539687637,90.06050539687637,4.7367062015874805e-05,0.0,5.922698278172817,400,0.10306094470762597,0.2664540868516015,17242.129813007174
327,89.82870742260829,89.82870742260829,-0.002577120650276786,0.0,5.922698278172817,400,0.10356939803410227,0.26601154683669875,17216.573970543675
328,90.14155195867181,90.14155195867181,0.0034766283301496757,0.0,5.922698278172817,400,0.103575314279751,0.26326664614747175,17218.149443031358
329,90.49964478595449,90.49964478595449,0.0039646913638854584,0.0,5.922698278172817,400,0.10316527943080178,0.2808628713259825,17235.859904782632
330,90.36824542074926,90.36824542074926,-0.001452987461425974,0.0,5.922698278172817,400,0.1032902701428556,0.2662852364677598,17229.81688353398
331,90.58193240261184,90.58193240261184,0.002361833337401587,0.0,5.922698278172817,400,0.10315796052106849,0.28752853858339716,17236.063206986215
332,89.90908980110582,89.90908980110582,-0.007455725056127467,0.0,5.922698278172817,400,0.10425868563814744,0.2612440284515584,17199.879487533723
333,89.60875658856594,89.60875658856594,-0.003346001512205515,0.0,5.922698278172817,400,0.10449454434919345,0.29032721613916057,17190.920530159412
334,90.00414688291472,90.00414688291472,0.0044027007568643965,0.0,5.922698278172817,400,0.10416447261388202,0.25224248607890243,17204.70707415835
335,89.52907982458493,89.52907982458493,-0.005292258996826276,0.0,5.922698278172817,400,0.10455673636074535,0.2418971117392462,17189.91875288032
336,89.32717301673296,89.32717301673296,-0.0022577560517136664,0.0,5.922698278172817,400,0.10466302909062888,0.2486383249375229,17185.13101113985
337,89.70622772220639,89.70622772220639,0.004234464298855939,0.0,5.922698278172817,400,0.10443187389493762,0.2504485563766892,17194.479957886648
338,89.38488258745885,89.38488258745885,-0.003588625689516287,0.0,5.922698278172817,400,0.10498398581092366,0.29424661551220227,17177.246815491268
339,89.35992662334881,89.35992662334881,-0.0002792356811073782,0.0,5.922698278172817,400,0.105068718643731,0.25938674163523767,17174.650279936606
340,89.22188167944219,89.22188167944219,-0.0015460138153416108,0.0,5.922698278172817,400,0.10536287667236682,0.273577222346674,17163.581477660024
341,88.67187468966468,88.67187468966468,-0.006183564319843142,0.0,5.922698278172817,400,0.10590292475154699,0.2743099272739404,17143.53327032339
342,88.46253948129733,88.46253948129733,-0.002363575782844755,0.0,5.922698278172817,400,0.10601269736780883,0.28946795949034027,17138.435211456486
343,87.87267479327642,87.87267479327642,-0.006690290315980895,0.0,5.922698278172817,400,0.1069296089449366,0.29148503208275683,17101.58607645812
344,88.33792543195095,88.33792543195095,0.005280632597683192,0.0,5.922698278172817,400,0.10642351693212608,0.2632521755109365,17122.407470156984
345,88.35446689898075,88.35446689898075,0.00018723462691179615,0.0,5.922698278172817,400,0.10650871513596138,0.26543185347890075,17117.356281778186
346,88.15692957783992,88.15692957783992,-0.0022382396553520473,0.0,5.922698278172817,400,0.10696120953206,0.23782840122290233,17093.416992112685
347,88.2327102149722,88.2327102149722,0.0008592414144467733,0.0,5.922698278172817,400,0.10698516052012322,0.2312225935540148,17092.85775357233
348,88.22276180925249,88.22276180925249,-0.00011275825698268976,0.0,5.922698278172817,400,0.10715743857741312,0.24380622454439177,17085.272496412486
349,88.68806980562388,88.68806980562388,0.005260379651239695,0.0,5.922698278172817,400,0.10712763560269896,0.22827246645888435,17093.88808313419
350,88.22736997730318,88.22736997730318,-0.005208147691931125,0.0,5.922698278172817,400,0.10796775736083561,0.19642744327237893,17054.862706130883
351,88.20338846241015,88.20338846241015,-0.00027185186135136104,0.0,5.922698278172817,400,0.10798678815244095,0.2063797426282549,17053.891102184385
352,88.2024810317197,88.2024810317197,-1.0287987503515617e-05,0.0,5.922698278172817,400,0.10803180047735646,0.19865577252826142,17052.756689387435
353,88.19771168400547,88.19771168400547,-5.407417806028286e-05,0.0,5.922698278172817,400,0.10804340426827715,0.2068032351860114,17052.370948265634
354,88.4046423951961,88.4046423951961,0.0023434659970640983,0.0,5.922698278172817,400,0.10794359471103297,0.20014989060908675,17059.33826558169
355,88.85984208143348,88.85984208143348,0.00513583629727877,0.0,5.922698278172817,400,0.10783469275747078,0.17045368365746974,17072.270238239602
356,89.80439493493385,89.80439493493385,0.010573595134805635,0.0,5.922698278172817,400,0.10734363634884042,0.09867147870777439,17107.008063046822
357,90.18958334081435,90.18958334081435,0.0042800208937979105,0.0,5.922698278172817,400,0.10728261724738006,0.0700044871810403,17118.852202171503
358,89.8829041120284,89.8829041120284,-0.0034061785854460763,0.0,5.922698278172817,400,0.10748659860112375,0.047271104523670386,17102.897246566336
359,90.30513951237937,90.30513951237937,0.004686616988590847,0.0,5.922698278172817,400,0.10740929167524689,0.018673974824005325,17116.096258505204
360,90.12164377377823,90.12164377377823,-0.0020340195454669426,0.0,5.922698278172817,400,0.10786476164598079,0.015167033561066362,17094.61734146261
361,90.74131841037119,90.74131841037119,0.006852448438277145,0.0,5.922698278172817,400,0.10786571118351716,0.0074787217410158275,17099.574316363436
362,90.70598818457213,90.70598818457213,-0.0003894268469294679,0.0,5.922698278172817,400,0.10803887928420483,0.03517399890168279,17094.18211552627
363,90.49683798440697,90.49683798440697,-0.002308466125694065,0.0,5.922698278172817,400,0.10820394234991539,0.03850246205946971,17088.048371116103
364,90.22950559255112,90.22950559255112,-0.0029584241184240165,0.0,5.922698278172817,400,0.1082992259360423,0.04664987066143028,17082.999516743617
365,90.58565881021272,90.58565881021272,0.003939422663298398,0.0,5.922698278172817,400,0.10820566782777696,0.02704919032856783,17086.892989148968
366,90.52970433378941,90.52970433378941,-0.0006178877068427659,0.0,5.922698278172817,400,0.10828715618932577,0.01793421337666766,17077.08316411274
367,90.60543419133658,90.60543419133658,0.0008361697523318378,0.0,5.922698278172817,400,0.10836629552261141,-0.0012081218704905919,17074.989935271267
368,91.28067146431334,91.28067146431334,0.007424870334314418,0.0,5.922698278172817,400,0.1085455478830484,-0.03468093344462925,17080.638734468583
369,91.84971180326616,91.84971180326616,0.006214612345875711,0.0,5.922698278172817,400,0.10790718637438511,0.011675630856380558,17111.22513305767
370,91.52329977328114,91.52329977328114,-0.0035600917706594395,0.0,5.922698278172817,400,0.10839952990816124,-0.00828788240495291,17088.32347149647
371,91.07870979422492,91.07870979422492,-0.004869506733493584,0.0,5.922698278172817,400,0.10879275031645151,0.003352897574376059,17059.866534766148
372,90.9031604424175,90.9031604424175,-0.001929306540612745,0.0,5.922698278172817,400,0.10906622781478197,0.013491911797746232,17045.43002965597
373,91.35663023486856,91.35663023486856,0.0049760918355189,0.0,5.922698278172817,400,0.10878563032436325,0.008733413069038668,17070.533033562184
374,90.81573539128692,90.81573539128692,-0.005938292904092976,0.0,5.922698278172817,400,0.10919067215642035,0.015998769684249584,17045.210700868065
375,90.79989210276187,90.79989210276187,-0.00017447054291361386,0.0,5.922698278172817,400,0.10935763517351042,0.00999691407562955,17040.037525448606
376,91.27670063013616,91.27670063013616,0.005237461995108238,0.0,5.922698278172817,400,0.10918955375928394,0.0010073725105471173,17057.38294335925
377,91.69695334689833,91.69695334689833,0.0045935952702584526,0.0,5.922698278172817,400,0.10919072929912962,0.020029600558496393,17069.498825900384
378,91.91500658887487,91.91500658887487,0.0023751540429337316,0.0,5.922698278172817,400,0.10908172338050759,0.02800241220851043,17078.63535203461
379,91.21847012066242,91.21847012066242,-0.00760690879117028,0.0,5.922698278172817,400,0.10949101884876339,0.012104373509060663,17046.32108945432
380,90.72454969449761,90.72454969449761,-0.005429410152715682,0.0,5.922698278172817,400,0.10954565006247416,0.0499237150335509,17033.012060236924
381,89.8494059488436,89.8494059488436,-0.009692988055387748,0.0,5.922698278172817,400,0.11091433829846006,0.08000127487783017,16961.489263493808
382,89.51640392526214,89.51640392526214,-0.0037131090525182975,0.0,5.922698278172817,400,0.11095110831902061,0.13203205097965473,16952.029465209893
383,89.42158682131331,89.42158682131331,-0.0010597762099319456,0.0,5.922698278172817,400,0.11104639271949318,0.13373020743995256,16947.11760917588
384,89.66091623793221,89.66091623793221,0.002672841344216698,0.0,5.922698278172817,400,0.11097061697595094,0.12774791818306455,16954.99122488621
385,89.99767426868219,89.99767426868219,0.0037488708355214962,0.0,5.922698278172817,400,0.11090082577176617,0.13797630621711696,16963.289073167045
386,90.00322366924392,90.00322366924392,6.165969866884848e-05,0.0,5.922698278172817,400,0.1110109821117624,0.13835405514241017,16959.25516132128
387,90.63862249277504,90.63862249277504,0.007034930804050967,0.0,5.922698278172817,400,0.11033891921266291,0.14167286190605016,16998.547832130214
388,90.57053827371276,90.57053827371276,-0.0007514434919078081,0.0,5.922698278172817,400,0.11032871099218056,0.12604141146539974,16997.072081794064
389,90.90780113624832,90.90780113624832,0.003716843033760417,0.0,5.922698278172817,400,0.11041913536348923,0.12880143979067468,17001.90220419561
390,90.85122716901397,90.85122716901397,-0.0006225161917825526,0.0,5.922698278172817,400,0.11060047641847034,0.12985558030291358,16993.223502472574
391,91.18970526176736,91.18970526176736,0.0037187074170115745,0.0,5.922698278172817,400,0.11034457947670044,0.14151709553713387,17012.091311197182
392,91.55995085471775,91.55995085471775,0.004051948522198963,0.0,5.922698278172817,400,0.11043194922063748,0.13439132840561854,17018.61171048363
393,91.53748119228047,91.53748119228047,-0.000245439406756103,0.0,5.922698278172817,400,0.11051652545915329,0.1478368251315328,17015.25306392486
394,92.38656638527176,92.38656638527176,0.009233063714842586,0.0,5.922698278172817,400,0.11009186068155814,0.154954276251464,17048.530785771898
395,92.31414333664095,92.31414333664095,-0.0007842206177934307,0.0,5.922698278172817,400,0.11032308756543058,0.13546788272108123,17039.05079620766
396,92.33010506151047,92.33010506151047,0.00017289165568650164,0.0,5.922698278172817,400,0.11036197681037638,0.1460621609126479,17037.703539150018
397,92.72422925651732,92.72422925651732,0.0042595575225982864,0.0,5.922698278172817,400,0.11014251632966869,0.15844624882484834,17054.764194181364
398,92.31280920203552,92.31280920203552,-0.004446901397607126,0.0,5.922698278172817,400,0.11046349050205394,0.13784939204196228,17032.57186090853
399,91.95792702844703,91.95792702844703,-0.003851752259751436,0.0,5.922698278172817,400,0.11056771803842484,0.15344358937167968,17019.611539298792
400,93.03381323573905,93.03381323573905,0.011631852712396118,0.0,5.630962710992175,314,0.14701871690413496,0.08853852754912887,16686.226891192062
401,93.75132689593885,93.75132689593885,0.007682808054142662,0.0,5.630962710992175,314,0.14660166707292072,0.13077958231225165,16710.788713207035
402,94.23923297212306,94.23923297212306,0.005190762472738418,0.0,5.630962710992175,314,0.1463095144736945,0.13195484655273262,16726.11433304038
403,94.30051201980542,94.30051201980542,0.0006500385352996082,0.0,5.630962710992175,314,0.14637200069156187,0.16405225195824355,16724.99246341618
404,94.48717365142225,94.48717365142225,0.0019774774162861007,0.0,5.630962710992175,314,0.14638816297630802,0.16923510662127364,16727.38645946694
405,93.73029959637361,93.73029959637361,-0.008042591601533118,0.0,5.630962710992175,314,0.14651274538471026,0.150096267045545,16712.50352956015
406,93.48564347168293,93.48564347168293,-0.002613626381948638,0.0,5.630962710992175,314,0.14670763840314616,0.17503723583286357,16704.378452179473
407,93.5775520104676,93.5775520104676,0.000982647024106657,0.0,5.630962710992175,314,0.14673247260720967,0.1749225433051407,16704.88268119816
408,93.38494999511875,93.38494999511875,-0.002060328476726416,0.0,5.630962710992175,314,0.14676248746045847,0.17739934745403166,16701.510847733858
409,92.72184874992142,92.72184874992142,-0.007126059399546687,0.0,5.630962710992175,314,0.14693163117081245,0.2101615246785734,16688.418077104652
410,93.09529686026225,93.09529686026225,0.004019528035681073,0.0,5.630962710992175,314,0.14679315446268087,0.1890166928682248,16696.98635741493
411,93.11027486956118,93.11027486956118,0.00016087605963759324,0.0,5.630962710992175,314,0.14681031148677862,0.1865414305422496,16696.70305227552
412,92.38789510730554,92.38789510730554,-0.007788577257535889,0.0,5.630962710992175,314,0.1475883295083873,0.180740002577315,16665.31131503587
413,91.8326889064744,91.8326889064744,-0.006027642185627338,0.0,5.630962710992175,314,0.14772369885574702,0.2169917718833349,16654.714943349478
414,92.01672869430675,92.01672869430675,0.0020020716052059173,0.0,5.630962710992175,314,0.1477221096081541,0.20555716443484118,16656.93153149044
415,91.59083702792095,91.59083702792095,-0.004639159922849934,0.0,5.630962710992175,314,0.14795099131737383,0.16679745009248842,16645.888959194497
416,91.80631427720759,91.80631427720759,0.0023498440068939162,0.0,5.630962710992175,314,0.14772341374923142,0.14191165990700494,16655.555003436923
417,91.63807278791454,91.63807278791454,-0.0018342511226982,0.0,5.630962710992175,314,0.14802555141049265,0.15102782669997245,16644.177206266915
418,91.67581388280423,91.67581388280423,0.0004117647179751522,0.0,5.630962710992175,314,0.14801578519580819,0.1649364811787509,16644.911096756856
419,91.22521839239135,91.22521839239135,-0.004927215515588388,0.0,5.630962710992175,314,0.14827952390932755,0.17133704795215585,16632.6441358604
420,91.68412091860633,91.68412091860633,0.005017824577123825,0.0,5.630962710992175,314,0.14808624001702356,0.16185887212305256,16643.374545943334
421,91.2813717970617,91.2813717970617,-0.004402467001443947,0.0,5.630962710992175,314,0.1484762677178996,0.15021154025086841,16626.609903193985
422,90.84846710643072,90.84846710643072,-0.004753811989237246,0.0,5.630962710992175,314,0.14907252448433464,0.1633917926445491,16604.167119349175
423,91.56690308255615,91.56690308255615,0.007876964425580215,0.0,5.630962710992175,314,0.14891771000858559,0.1239154924860563,16617.14944195158
424,90.88060731675945,90.88060731675945,-0.007523248755527412,0.0,5.630962710992175,314,0.14944356630723227,0.08628318544735802,16593.736428682743
425,91.20297867316215,91.20297867316215,0.003540919863560468,0.0,5.630962710992175,314,0.1492780939572018,0.07004352248097341,16602.192332582854
426,91.99831601306191,91.99831601306191,0.00868271523880116,0.0,5.630962710992175,314,0.14897611555617501,0.08669165268967625,16620.675987545823
427,92.57029828002827,92.57029828002827,0.006198064608785739,0.0,5.630962710992175,314,0.1484600906272621,0.11517726807205102,16644.119747646902
428,93.3257589250824,93.3257589250824,0.008127819549375097,0.0,5.630962710992175,314,0.1480666917482813,0.11708760727117942,16667.570502058144
429,93.09957860102875,93.09957860102875,-0.0024264988657902078,0.0,5.630962710992175,314,0.14815799957299278,0.11987471684809152,16661.66241211876
430,93.7023145418745,93.7023145418745,0.006453232592117467,0.0,5.630962710992175,314,0.14798114627946352,0.09377077584498383,16675.400163764138
431,94.9170549875235,94.9170549875235,0.012880514267375614,0.0,5.630962710992175,314,0.14779069029168357,0.12371172720513861,16697.15241918695
432,94.86632159501436,94.86632159501436,-0.0005346452848632106,0.0,5.630962710992175,314,0.1479888558333458,0.12190804633269782,16687.73730987425
433,94.88359694417555,94.88359694417555,0.00018208544532632005,0.0,5.630962710992175,314,0.14802734849691665,0.1411529970527385,16686.099867460845
434,94.28506469289105,94.28506469289105,-0.006328048667422441,0.0,5.630962710992175,314,0.14881869451708543,0.13940547967764508,16646.15980026822
435,94.15722111306593,94.15722111306593,-0.0013568461971475182,0.0,5.630962710992175,314,0.14884816448224897,0.1497199855393739,16643.505836233307
436,93.84109234035138,93.84109234035138,-0.003363105390376654,0.0,5.630962710992175,314,0.14931572340475238,0.1430486518098786,16626.00694795523
437,94.19300660765917,94.19300660765917,0.0037430942595899244,0.0,5.630962710992175,314,0.14924475649499194,0.1309898477021635,16633.317679448657
438,94.93903555578754,94.93903555578754,0.007889015618725478,0.0,5.630962710992175,314,0.14895430817488928,0.15050291923141842,16653.037914764678
439,94.9739571296281,94.9739571296281,0.0003677639295801465,0.0,5.630962710992175,314,0.14901314198198756,0.12467793651551147,16651.47075538548
440,96.57104274857072,96.57104274857072,0.016676213231618553,0.0,5.630962710992175,314,0.1489679467750419,0.0694953972387971,16685.443323222018
441,96.43893878396327,96.43893878396327,-0.0013688824193130564,0.0,5.630962710992175,314,0.14911285365496357,0.020917733724212448,16678.889037573663
442,95.79361376123437,95.79361376123437,-0.006714028798515964,0.0,5.630962710992175,314,0.1494452517787896,0.025895568119398048,16657.438640317614
443,96.12250644636443,96.12250644636443,0.0034274661945764037,0.0,5.630962710992175,314,0.14936160141971958,0.01749814755973406,16665.768634758482
444,96.27577964892254,96.27577964892254,0.0015932910640050577,0.0,5.630962710992175,314,0.1492982258913943,0.01583475060528704,16670.546379675176
445,96.10051074528627,96.10051074528627,-0.0018221471239661903,0.0,5.630962710992175,314,0.14946325680597816,0.016682662043974696,16662.089270638535
446,96.2973971281797,96.2973971281797,0.0020466589662668524,0.0,5.630962710992175,314,0.14947723696544213,0.018691492285721093,16664.931493037173
447,96.46675552673969,96.46675552673969,0.0017571570211925638,0.0,5.630962710992175,314,0.1494779735800418,0.025667219436383247,16667.579593142967
448,96.41069442379656,96.41069442379656,-0.0005813132072848601,0.0,5.630962710992175,314,0.14949977667882408,0.0277940724456616,16666.066074141665
449,96.11460372718525,96.11460372718525,-0.0030758651761244446,0.0,5.630962710992175,314,0.14963340814806397,0.034032301727374044,16657.010138695423
450,96.00591482370743,96.00591482370743,-0.0011314659765970423,0.0,5.630962710992175,314,0.14967171111649316,0.041275911611392845,16653.999085638243
451,96.2255233217034,96.2255233217034,0.002284835359429549,0.0,5.630962710992175,314,0.14959983428333168,0.03461198949340964,16659.73777360551
452,95.82407587478332,95.82407587478332,-0.004180670340452576,0.0,5.630962710992175,314,0.14978692200149846,0.03216041737027755,16647.18610362859
453,95.46369996514541,95.46369996514541,-0.003767897184350966,0.0,5.630962710992175,314,0.15005537380323106,0.049154726820140195,16633.13882913714
454,95.84748568560856,95.84748568560856,0.004012167234128547,0.0,5.630962710992175,314,0.15008932261968685,0.0493364956822087,16638.01737090836
455,96.19624505868529,96.19624505868529,0.0036320868703120643,0.0,5.630962710992175,314,0.14983171649425908,0.05473565472442918,16650.59234567093
456,96.41703933022785,96.41703933022785,0.0022926182786690954,0.0,5.630962710992175,314,0.14980479601678942,0.058587291248797385,16654.776931137898
457,96.7447105454773,96.7447105454773,0.0033927165162450476,0.0,5.630962710992175,314,0.14974618086587466,0.07204855188539824,16661.94968589156
458,96.689179555662,96.689179555662,-0.0005741598983694426,0.0,5.630962710992175,314,0.14982817983289307,0.0566250173520176,16658.86227206164
459,95.7891386697767,95.7891386697767,-0.009352195657557901,0.0,5.630962710992175,314,0.1507006030622906,0.09015291665459367,16617.934251114377
460,96.12887952736241,96.12887952736241,0.003540482708869976,0.0,5.630962710992175,314,0.1507068486603489,0.030532142758293107,16623.18528623582
461,96.18373137689659,96.18373137689659,0.0005704446605315528,0.0,5.630962710992175,314,0.1507477809429569,0.009782416572209567,16623.269421771416
462,96.02400492729417,96.02400492729417,-0.001662019328061173,0.0,5.630962710992175,314,0.150842149315541,0.008660191745879113,16617.762491039186
463,95.84877574397616,95.84877574397616,-0.0018265147502523507,0.0,5.630962710992175,314,0.15091296267986548,0.010913498590144592,16613.06869352354
464,95.28213066981874,95.28213066981874,-0.00592940979519654,0.0,5.630962710992175,314,0.15123898598574292,0.02814488271682889,16595.238418938297
465,95.05025552450678,95.05025552450678,-0.002436529743174617,0.0,5.630962710992175,314,0.1513343496967024,0.02412457377092335,16585.90063712616
466,95.2842928571286,95.2842928571286,0.0024592219600924597,0.0,5.630962710992175,314,0.15121944995566886,0.021589651428233398,16592.618686731847
467,95.30983632260154,95.30983632260154,0.0002680404242858839,0.0,5.630962710992175,314,0.1512651034877826,0.022566439126286055,16591.44374351443
468,94.82059661776958,94.82059661776958,-0.005146370068833875,0.0,5.630962710992175,314,0.15196574804645877,0.011435994689451815,16557.649936430164
469,94.88171652795698,94.88171652795698,0.0006443770904923462,0.0,5.630962710992175,314,0.15200948586449442,0.028546568898321623,16557.78291120598
470,95.24532846232965,95.24532846232965,0.003824941135544278,0.0,5.630962710992175,314,0.15174187290786817,0.0296972306814459,16572.30296727538
471,95.16041310402375,95.16041310402375,-0.000891941211824409,0.0,5.630962710992175,314,0.1519498818786901,0.02567233807370494,16564.870011854295
472,95.27071042589789,95.27071042589789,0.0011583960873983521,0.0,5.630962710992175,314,0.15193473379984287,-0.011454078054983071,16568.23565257478
473,95.35377859624874,95.35377859624874,0.0008715372933985226,0.0,5.630962710992175,314,0.1519721251487363,-0.005103939281861727,16569.397544899195
474,95.2296935013511,95.2296935013511,-0.0013021602667365275,0.0,5.630962710992175,314,0.15200519855875755,-0.00011467130634594083,16565.488266614935
475,95.39726564028477,95.39726564028477,0.001758116300565617,0.0,5.630962710992175,314,0.15204869155245382,0.004731937286015316,16568.295554450997
476,95.27128899736837,95.27128899736837,-0.0013214204249567746,0.0,5.630962710992175,314,0.15214019854136557,0.0062469051714940695,16563.017407020096
477,95.40367519654221,95.40367519654221,0.0013886062179800655,0.0,5.630962710992175,314,0.15207084490440967,0.0047063895597349355,16567.87118710084
478,95.70147370255854,95.70147370255854,0.003116595746154297,0.0,5.630962710992175,314,0.15198728053446336,0.0047127987328427455,16576.913154800197
479,95.89083417873199,95.89083417873199,0.0019767029263927844,0.0,5.630962710992175,314,0.15198814508095718,0.02500259441764535,16581.376995242423
480,95.51404511746995,95.51404511746995,-0.003937094491589089,0.0,5.630962710992175,314,0.1520684314056939,0.03722956664641028,16570.25847295826
481,95.2439769024673,95.2439769024673,-0.0028315285782838135,0.0,5.630962710992175,314,0.15224853177777886,0.028853471075285762,16558.782170691346
482,95.37592537412934,95.37592537412934,0.0013844146509422622,0.0,5.630962710992175,314,0.15212728209062032,0.05781669369768155,16565.151667251102
483,96.11324090975187,96.11324090975187,0.0077008970661860635,0.0,5.630962710992175,314,0.1516140351272095,0.10618190047628967,16596.939643817565
484,96.23773489809034,96.23773489809034,0.0012944463130383204,0.0,5.630962710992175,314,0.15160057651758488,0.13277793267465754,16600.0567055157
485,95.90833652139052,95.90833652139052,-0.0034286279907044265,0.0,5.630962710992175,314,0.15172083019875968,0.11328327391341421,16589.455390370764
486,95.81691218254385,95.81691218254385,-0.0009537016787748801,0.0,5.630962710992175,314,0.15178761566578772,0.08814330297054206,16585.052087194126
487,95.50128602073796,95.50128602073796,-0.003299492166584718,0.0,5.630962710992175,314,0.15217968610484892,0.057918409852656845,16565.885063245794
488,95.41665786209184,95.41665786209184,-0.0008865396564386895,0.0,5.630962710992175,314,0.15230719412730132,0.08527711213198438,16559.9138892885
489,94.99623090205745,94.99623090205745,-0.004415957827021728,0.0,5.630962710992175,314,0.1524737568860368,0.1044959889069489,16545.696529564324
490,95.17915543130806,95.17915543130806,0.0019237461712723874,0.0,5.630962710992175,314,0.15247733273863834,0.029263989790142424,16549.533425412003
491,95.13661487606132,95.13661487606132,-0.000447052347648759,0.0,5.630962710992175,314,0.1525406106816965,0.041021958631942454,16546.399054643498
492,95.4984598274994,95.4984598274994,0.003796209973979109,0.0,5.630962710992175,314,0.15227777813128124,0.038546624957320565,16562.370501029982
493,95.3683740390691,95.3683740390691,-0.0013631054273523238,0.0,5.630962710992175,314,0.1523432626457809,0.03336584716647755,16557.2503667521
494,95.64469791587136,95.64469791587136,0.0028932477419519407,0.0,5.630962710992175,314,0.15230638305252894,0.018644170035216234,16564.912243601022
495,95.87863641063385,95.87863641063385,0.002442925421367461,0.0,5.630962710992175,314,0.152347303136176,0.01835159663441678,16569.583428562175
496,95.68511724688291,95.68511724688291,-0.0020204159282343273,0.0,5.630962710992175,314,0.15248248535567355,0.026966658814927488,16561.049988750616
497,95.1731005573919,95.1731005573919,-0.005365427003361168,0.0,5.630962710992175,314,0.15305186197317022,0.010999939635394251,16533.159604845565
498,95.16076680431087,95.16076680431087,-0.0001296012451095905,0.0,5.630962710992175,314,0.1531331162328185,0.010718234325951318,16530.570566983137
499,95.24778498243501,95.24778498243501,0.0009140155036700967,0.0,5.630962710992175,314,0.1531002892671599,0.004376177666379016,16533.42536244687
500,95.25499581607477,95.25499581607477,7.570318515018158e-05,0.0,5.630962710992175,314,0.15318742443907088,0.039667929164417866,16530.842356103964
501,94.72665773777908,94.72665773777908,-0.005562004861656789,0.0,5.630962710992175,314,0.15329190579540694,0.02396640301095349,16515.844871283793
502,95.00028489554174,95.00028489554174,0.002884433214161594,0.0,5.630962710992175,314,0.15314523282412773,0.03694472728054679,16525.638130672538
503,94.55427275387501,94.55427275387501,-0.004705905996626715,0.0,5.630962710992175,314,0.1531197442958676,0.0009600849515467144,16517.64804727032
504,93.92678121554025,93.92678121554025,-0.006658428987114438,0.0,5.630962710992175,314,0.15355239936008064,0.05116808302486389,16496.01091057734
505,94.50132367508306,94.50132367508306,0.0060982860325916165,0.0,5.630962710992175,314,0.15330008866682185,-0.008195326442215742,16511.41349753303
506,94.06206983159628,94.06206983159628,-0.004658959831506399,0.0,5.630962710992175,314,0.15348996741917176,-0.05743093217048926,16499.084390313987
507,93.99965067779887,93.99965067779887,-0.0006638156443579031,0.0,5.630962710992175,314,0.15359341289542558,-0.05559673637544917,16495.36539435524
508,93.86349995356419,93.86349995356419,-0.0014494673129278536,0.0,5.630962710992175,314,0.15369841309056873,-0.05569162392101006,16490.356427906918
509,93.31284117940935,93.31284117940935,-0.005883867154004881,0.0,5.630962710992175,314,0.15434729032869776,-0.048361954104027945,16463.33778966442
510,93.44870921537459,93.44870921537459,0.0014549896340800895,0.0,5.630962710992175,314,0.15433812526849594,-0.06058567886866864,16465.84803343487
511,93.18476557809947,93.18476557809947,-0.0028284723684776415,0.0,5.630962710992175,314,0.15451840474920117,-0.052468161639748954,16457.07628611441
512,93.95314946906382,93.95314946906382,0.00821199925078605,0.0,5.630962710992175,314,0.15399706815003222,-0.09252372584990394,16483.57560003386
513,93.59366973145322,93.59366973145322,-0.0038334979966812934,0.0,5.630962710992175,314,0.1541157989045826,-0.11240767246204,16474.594025380935
514,94.40424625525887,94.40424625525887,0.008623303535145312,0.0,5.630962710992175,314,0.15390721329381812,-0.16291545912466646,16493.251940107337
515,94.268418506728,94.268418506728,-0.0014398245995787555,0.0,5.630962710992175,314,0.154041228453819,-0.19203140761680998,16486.184964309185
516,94.02010031718501,94.02010031718501,-0.002637636485316167,0.0,5.630962710992175,314,0.15451399892418094,-0.20230780217480332,16466.132588740915
517,94.81386049075434,94.81386049075434,0.008407013709555133,0.0,5.630962710992175,314,0.15455558799732153,-0.20922793756538843,16481.883980533847
518,94.45520896228652,94.45520896228652,-0.003789863381080484,0.0,5.630962710992175,314,0.15509604497540755,-0.2429472767988232,16458.758533002307
519,94.08411365186515,94.08411365186515,-0.0039365346654806396,0.0,5.630962710992175,314,0.1551613218667198,-0.20531935072217422,16448.49199197619
520,94.50816511140438,94.50816511140438,0.004497025826943061,0.0,5.630962710992175,314,0.15512687656726673,-0.22873932468329744,16457.9988388102
521,94.48210091646729,94.48210091646729,-0.00027582579410191367,0.0,5.630962710992175,314,0.15523890333587542,-0.22744380084807328,16454.057325053018
522,94.34036476255814,94.34036476255814,-0.0015012639520386316,0.0,5.630962710992175,314,0.15552613147242997,-0.2301745228050882,16443.309360134543
523,94.84471477529324,94.84471477529324,0.005331828585937186,0.0,5.630962710992175,314,0.1554741815929116,-0.24177610567772106,16457.70780442816
524,95.84970148407514,95.84970148407514,0.010540382177430054,0.0,5.630962710992175,314,0.15527071226677935,-0.1736960854687971,16488.46925367534
525,96.32819347524722,96.32819347524722,0.00497968801300945,0.0,5.630962710992175,314,0.15530799066756323,-0.1096329049225376,16499.868267633065
526,96.34337527667591,96.34337527667591,0.00015759254526721324,0.0,5.630962710992175,314,0.15539103064032617,-0.11077258936730777,16497.777888594275
527,95.96722393417315,95.96722393417315,-0.00391191981863559,0.0,5.630962710992175,314,0.15577323533032464,-0.10786902035884015,16478.158745190838
528,96.81890479531158,96.81890479531158,0.008835556867389972,0.0,5.630962710992175,314,0.15511785456248306,-0.13678978691328667,16516.70500681165
529,95.69628676987178,95.69628676987178,-0.01166277571334135,0.0,5.630962710992175,314,0.15564289227760553,-0.2114198227011723,16473.6705361089
530,96.05633342161883,96.05633342161883,0.0037553288660886796,0.0,5.630962710992175,314,0.1553437652768302,-0.2458711142273722,16491.090951343038
531,96.08443251382498,96.08443251382498,0.0002924844425352117,0.0,5.630962710992175,314,0.15546441970346356,-0.24469022006965976,16488.51495184218
532,95.61461986884014,95.61461986884014,-0.00490157441850686,0.0,5.630962710992175,314,0.15548101056456531,-0.24094397107732726,16476.012580622086
533,95.72821577220152,95.72821577220152,0.0011873547951407792,0.0,5.630962710992175,314,0.15553453506674186,-0.2447072832704735,16477.05919746107
534,95.87360854367691,95.87360854367691,0.0015176556893566938,0.0,5.630962710992175,314,0.15558435262985265,-0.24125617798412843,16479.475749489706
535,94.80721093390113,94.80721093390113,-0.011185275276161458,0.0,5.630962710992175,314,0.15671627676589087,-0.22883404854740744,16421.596295263942
536,95.13142785974264,95.13142785974264,0.0034139155970735057,0.0,5.630962710992175,314,0.15653111369661266,-0.2558277606431361,16433.761572200652
537,94.97152657765444,94.97152657765444,-0.0016822602286373151,0.0,5.630962710992175,314,0.15668255979179105,-0.26376717612112416,16426.31209209315
538,94.78151901599698,94.78151901599698,-0.002002683272554877,0.0,5.630962710992175,314,0.15689502808380187,-0.26824477759836013,16416.542786808728
539,94.53104019792562,94.53104019792562,-0.0026461948987752523,0.0,5.630962710992175,314,0.1573322081475665,-0.25802170893314913,16399.661748626386
540,94.22709709758416,94.22709709758416,-0.0032204530876086233,0.0,5.630962710992175,314,0.1573962201928153,-0.26093795896799904,16391.56641398493
541,94.52065742634883,94.52065742634883,0.0031106125337527443,0.0,5.630962710992175,314,0.15738937898888286,-0.2647817146563962,16397.705292725983
542,93.8626310069611,93.8626310069611,-0.0069860665573177605,0.0,5.630962710992175,314,0.1577430673896165,-0.2827654911900341,16375.108759150162
543,93.52687457773,93.52687457773,-0.003583517523966733,0.0,5.630962710992175,314,0.15827377303824883,-0.28860526534503755,16353.578583204724
544,93.27824016480801,93.27824016480801,-0.0026619673672717793,0.0,5.630962710992175,314,0.15834677935146238,-0.2786692475078053,16345.414368432745
545,92.58122433982855,92.58122433982855,-0.007500496082112811,0.0,5.630962710992175,314,0.15868864358522292,-0.2595655431267859,16320.62560800922
546,91.82936465087046,91.82936465087046,-0.00815423733633893,0.0,5.630962710992175,314,0.15889200046763788,-0.21111755980567376,16298.096525872195
547,91.86924319601073,91.86924319601073,0.0004341736307544926,0.0,5.630962710992175,314,0.15891087620688327,-0.21870657301207366,16298.43207707529
548,91.49686086077432,91.49686086077432,-0.004061632318360578,0.0,5.630962710992175,314,0.15910616316065096,-0.2200788250795239,16285.895995392875
549,92.3700615643362,92.3700615643362,0.009498252940948802,0.0,5.630962710992175,314,0.15872881314890372,-0.22399049237122715,16312.954699616132
550,93.16331172816881,93.16331172816881,0.00855107610395714,0.0,5.630962710992175,314,0.15857491731869872,-0.1543924129872778,16333.458599525453
551,93.39024955573427,93.39024955573427,0.0024329521017506534,0.0,5.630962710992175,314,0.1584484490868955,-0.13715385494952764,16341.940428580408
552,92.82293871502968,92.82293871502968,-0.006093151630777945,0.0,5.630962710992175,314,0.1584492000687925,-0.14357734029685454,16330.699093280711
553,92.7751491788056,92.7751491788056,-0.0005149787675352072,0.0,5.630962710992175,314,0.1584806644146312,-0.14155618976920598,16328.523880500083
554,93.00317107905536,93.00317107905536,0.002454775287415296,0.0,5.630962710992175,314,0.15844756327854995,-0.1482008528553312,16333.407240924162
555,93.81326732164194,93.81326732164194,0.008672698475340532,0.0,5.630962710992175,314,0.15756428571428316,-0.12218009878094684,16378.668329894059
556,94.64697521026604,94.64697521026604,0.00884763084256353,0.0,5.630962710992175,314,0.15762698694115929,-0.07332735941383912,16393.979950860434
557,94.58681174881184,94.58681174881184,-0.0006358638639338378,0.0,5.630962710992175,314,0.15770458201251092,-0.0770271689884411,16390.770177711132
558,93.86553154950754,93.86553154950754,-0.007654812974970594,0.0,5.630962710992175,314,0.15794144886653122,-0.07229074551961456,16371.298167305116
559,93.45636240713108,93.45636240713108,-0.004368627547799683,0.0,5.630962710992175,314,0.15815269884461935,-0.05439524698297333,16358.593661410485
560,94.08551021194093,94.08551021194093,0.006709436737442654,0.0,5.630962710992175,314,0.15803269480488827,-0.0678960731622729,16375.753413797975
561,93.82140998913957,93.82140998913957,-0.002810970414702283,0.0,5.630962710992175,314,0.15841825351478972,-0.0696179414175417,16359.05175725087
562,94.11383953480784,94.11383953480784,0.0031120269605298505,0.0,5.630962710992175,314,0.15828812839572867,-0.0666647652457728,16369.319501311067
563,93.61557138422526,93.61557138422526,-0.005308377820989641,0.0,5.630962710992175,314,0.15860498111105759,-0.09236223186963369,16351.893146771687
564,94.38630868889975,94.38630868889975,0.008199296967959936,0.0,5.630962710992175,314,0.15809763990109563,-0.0924906985337308,16379.187377716313
565,94.62686819178248,94.62686819178248,0.0025454271150699725,0.0,5.630962710992175,314,0.15810423390309133,-0.06686185211212828,16384.7581135944
566,94.7597500143133,94.7597500143133,0.0014032865214612868,0.0,5.630962710992175,314,0.15805837923360197,-0.06780315994567758,16389.082282463594
567,94.09341648627688,94.09341648627688,-0.007056660001717079,0.0,5.630962710992175,314,0.1584767350791712,-0.07154897081017209,16364.321632939347
568,94.20320634001419,94.20320634001419,0.0011661373903696487,0.0,5.630962710992175,314,0.158429914945679,-0.0810388647396239,16367.697714051967
569,94.58174008635258,94.58174008635258,0.004010216500806033,0.0,5.630962710992175,314,0.15835222573004948,-0.07536219868266993,16377.301975339211
570,95.1078590783934,95.1078590783934,0.005547171204558949,0.0,5.630962710992175,314,0.15831590850920785,-0.061160908583268,16390.51320084983
571,94.63462454334926,94.63462454334926,-0.0049881872236837935,0.0,5.630962710992175,314,0.1589331595855147,-0.06230484209708503,16363.086672326546
572,94.3224763791494,94.3224763791494,-0.0033039081000045003,0.0,5.630962710992175,314,0.15927169196625687,-0.03581330986691502,16346.371549133824
573,94.0447340386578,94.0447340386578,-0.002948947867868808,0.0,5.630962710992175,314,0.15946006854128314,-0.01136218533167554,16336.089274611377
574,94.74122703606365,94.74122703606365,0.007378685930723801,0.0,5.630962710992175,314,0.15914841509916347,-0.01677424863094911,16358.62052880878
575,95.16226115416274,95.16226115416274,0.004434197728325645,0.0,5.630962710992175,314,0.15915570765071793,-0.0010541966287048819,16368.307863781318
576,95.8201091583987,95.8201091583987,0.006889123901307294,0.0,5.630962710992175,314,0.15860089631156374,0.028135621214603834,16400.295515927228
577,96.16770059996249,96.16770059996249,0.00362097803800952,0.0,5.630962710992175,314,0.15859747154799206,0.060203516991259025,16410.447994440634
578,95.71300654201454,95.71300654201454,-0.004739349941017128,0.0,5.630962710992175,314,0.1586958809279993,0.0408705568425299,16395.057949571732
579,95.3189334687696,95.3189334687696,-0.004125735541450643,0.0,5.630962710992175,314,0.15880396429335394,0.06316178159816359,16382.202602299263
580,95.48332806802193,95.48332806802193,0.0017231938301740647,0.0,5.630962710992175,314,0.15879161678466583,0.06110781100599882,16386.623617184643
581,95.78459891814353,95.78459891814353,0.0031502521517532992,0.0,5.630962710992175,314,0.15878646360964038,0.06295176329943236,16394.88717410128
582,95.57477663968575,95.57477663968575,-0.0021929666308138367,0.0,5.630962710992175,314,0.1589652189775496,0.06382409786047323,16384.91804630613
583,95.84089692534216,95.84089692534216,0.002780550329638332,0.0,5.630962710992175,314,0.15887968869439867,0.030211763090256017,16393.91070842515
584,95.51628286323425,95.51628286323425,-0.0033927587545704296,0.0,5.630962710992175,314,0.15906405705807575,-0.006228978331045241,16380.483978742359
585,94.84405319506392,94.84405319506392,-0.007062736665087452,0.0,5.630962710992175,314,0.15918093662579635,0.0066054078226788155,16359.043669506294
586,94.79624729621221,94.79624729621221,-0.00050417447916412,0.0,5.630962710992175,314,0.15939836416690198,0.00854915813304062,16349.978664660786
587,95.19748610089957,95.19748610089957,0.004223711951049219,0.0,5.630962710992175,314,0.15950208471855265,0.028225697384109648,16353.32119188212
588,94.91213057612116,94.91213057612116,-0.0030020126711115336,0.0,5.630962710992175,314,0.15998669862695128,0.08696414141332574,16332.17753096728
589,94.05230922216178,94.05230922216178,-0.009100413695745097,0.0,5.630962710992175,314,0.15991014240664544,0.13495746278475307,16321.289634453087
590,94.55156821229495,94.55156821229495,0.005294272451674929,0.0,5.630962710992175,314,0.15944310997312328,0.10059419749645873,16339.91764844317
591,94.57696426596246,94.57696426596246,0.0002685586726377566,0.0,5.630962710992175,314,0.15957298609964699,0.1041555176594167,16336.764031701652
592,94.04764931926776,94.04764931926776,-0.005612378215456179,0.0,5.630962710992175,314,0.15996769546332498,0.10619320611737648,16317.166054890387
593,93.50283713914956,93.50283713914956,-0.0058097819190064326,0.0,5.630962710992175,314,0.16076203305753603,0.12103034044673414,16288.33796570712
594,93.00264552533537,93.00264552533537,-0.005363840310855364,0.0,5.630962710992175,314,0.1615908636421245,0.14966885678859584,16259.41509695582
595,93.19875140735304,93.19875140735304,0.0021063854273489775,0.0,5.630962710992175,314,0.16158307831695107,0.1790875745734346,16262.06465753856
596,92.8598964569219,92.8598964569219,-0.003642457138832744,0.0,5.630962710992175,314,0.1617967534954435,0.1773731899472205,16252.817066094092
597,92.956812471758,92.956812471758,0.0010431357242626845,0.0,5.630962710992175,314,0.16176252057047696,0.1727476134868125,16254.810948594513
598,92.84720027709017,92.84720027709017,-0.0011798691079060988,0.0,5.630962710992175,314,0.16186964601388354,0.16965697915897235,16250.78314709279
599,93.05286590682766,93.05286590682766,0.0022126480949432163,0.0,5.630962710992175,314,0.16186877656573426,0.16341790573451395,16253.984828716022
600,93.04012624744104,93.04012624744104,-0.0001369171322257059,0.0,5.37330362902044,252,0.21242507195256682,0.17132927799693154,15591.84605381981
601,92.80408683000658,92.80408683000658,-0.0025401871863230075,0.0,5.37330362902044,252,0.21269446562825106,0.18733926521603192,15583.091232872168
602,93.07252764650113,93.07252764650113,0.002888378442634907,0.0,5.37330362902044,252,0.21256135480820404,0.1707582777644218,15588.868610580705
603,93.31199044036646,93.31199044036646,0.002569558116524581,0.0,5.37330362902044,252,0.21249485117407477,0.1706099059330154,15592.806583260674
604,93.29617141829584,93.29617141829584,-0.0001695426604168208,0.0,5.37330362902044,252,0.21249921868542246,0.15723781665253084,15592.532604786153
605,92.71967161545763,92.71967161545763,-0.0061984144921362035,0.0,5.37330362902044,252,0.2126908879043304,0.11646292881569022,15581.829366776607
606,92.76529013433927,92.76529013433927,0.0004918837556541478,0.0,5.37330362902044,252,0.21266718287130718,0.12181920927061025,15582.844314311362
607,92.72325039336316,92.72325039336316,-0.0004532866728729152,0.0,5.37330362902044,252,0.21273419871152593,0.12251892856763537,15580.86287630249
608,92.71878524791747,92.71878524791747,-4.815677773503603e-05,0.0,5.37330362902044,252,0.21273546072145563,0.15417349931618385,15580.785759735092
609,92.3129746103965,92.3129746103965,-0.004386396027332103,0.0,5.37330362902044,252,0.21286697059119172,0.09890574159775685,15573.452234291706
610,92.15693498159516,92.15693498159516,-0.0016917628068741902,0.0,5.37330362902044,252,0.21295561269851576,0.0919013386953621,15569.862960329012
611,92.21756889634973,92.21756889634973,0.0006577256146064436,0.0,5.37330362902044,252,0.2129560968452814,0.1044635007469758,15570.492796404678
612,92.6063958581268,92.6063958581268,0.004207544578154521,0.0,5.37330362902044,252,0.21283028565325443,0.10679295280241108,15577.493856044384
613,91.88445383680357,91.88445383680357,-0.00782635786586282,0.0,5.37330362902044,252,0.21307318730033795,0.07536313660939628,15564.370034257028
614,90.48868297849032,90.48868297849032,-0.015307058218206946,0.0,5.37330362902044,252,0.21378320648876326,0.12607987634497314,15535.728389024263
615,90.13105405545869,90.13105405545869,-0.003960025590335192,0.0,5.37330362902044,252,0.21400203195195344,0.1059482636588469,15528.001454723797
616,90.4411745788294,90.4411745788294,0.00343486737273432,0.0,5.37330362902044,252,0.2138439875413164,0.10068260996014425,15534.034714994026
617,90.6204402601068,90.6204402601068,0.001980162830344657,0.0,5.37330362902044,252,0.2137609624675419,0.10934693677222039,15537.389141351201
618,90.04438622768079,90.04438622768079,-0.006377068473401583,0.0,5.37330362902044,252,0.2140852985647452,0.07894324344860702,15525.582113036875
619,89.1111372954088,89.1111372954088,-0.010418404695387564,0.0,5.37330362902044,252,0.21471330400548552,0.1344008987362023,15506.112744725244
620,88.5595127797871,88.5595127797871,-0.006209537567009532,0.0,5.37330362902044,252,0.21506909092500137,0.18681174451359692,15495.168003191387
621,88.4511237309447,88.4511237309447,-0.0012246615743073557,0.0,5.37330362902044,252,0.2151532641038343,0.19372479567090858,15492.736443326825
622,88.8190604221819,88.8190604221819,0.004151146131565512,0.0,5.37330362902044,252,0.21489972006536495,0.20460675164731604,15500.283224550032
623,88.29287183441168,88.29287183441168,-0.005941893685016282,0.0,5.37330362902044,252,0.2152713953019011,0.21430892787395234,15489.324778388582
624,88.58213817073316,88.58213817073316,0.003270858830836814,0.0,5.37330362902044,252,0.21509021410131812,0.18296495699810442,15494.840236383647
625,87.95041946557315,87.95041946557315,-0.007156995968773145,0.0,5.37330362902044,252,0.2154913809624607,0.15198268332140905,15482.757031226203
626,88.30960622901557,88.30960622901557,0.004075651971901084,0.0,5.37330362902044,252,0.21524206109806776,0.13729297641204952,15490.010789008684
627,88.13193404269933,88.13193404269933,-0.00201395029873084,0.0,5.37330362902044,252,0.21537329354028478,0.14795694480348306,15486.268446186843
628,87.81007505264488,87.81007505264488,-0.0036586981215564625,0.0,5.37330362902044,252,0.21560053049979983,0.14029263837980302,15479.812522602764
629,87.04863065711915,87.04863065711915,-0.008709308530248837,0.0,5.37330362902044,252,0.21611849168733394,0.12327670579078931,15465.140249215714
630,87.02421754078262,87.02421754078262,-0.00028049310101296214,0.0,5.37330362902044,252,0.2161535584058017,0.14089234073771262,15464.295412719228
631,86.72547967888066,86.72547967888066,-0.0034387185826302786,0.0,5.37330362902044,252,0.21639540504890742,0.13481112639233725,15457.693708901726
632,86.11559857612465,86.11559857612465,-0.007057160717771469,0.0,5.37330362902044,252,0.21692679579961646,0.1385423080661048,15443.607191672372
633,86.37283233171856,86.37283233171856,0.0029826226018378247,0.0,5.37330362902044,252,0.21676975309158444,0.12792219983437064,15448.01056020191
634,86.74344490130461,86.74344490130461,0.004281667116492885,0.0,5.37330362902044,252,0.21650399640549012,0.11099796771168528,15455.271699386298
635,86.77163493997837,86.77163493997837,0.00032492897963183403,0.0,5.37330362902044,252,0.2165173576126057,0.08140197470336531,15452.572937956844
636,86.63207231296177,86.63207231296177,-0.0016096848142688885,0.0,5.37330362902044,252,0.21662596176842366,0.04719510439639589,15442.106975630157
637,85.91773151158928,85.91773151158928,-0.008279868960463838,0.0,5.37330362902044,252,0.21679525533500843,0.05968457048773813,15424.846431052267
638,86.98519188740022,86.98519188740022,0.012347667897243736,0.0,5.37330362902044,252,0.21621950578676025,-0.021299833946018726,15450.398392475237
639,87.21294626784564,87.21294626784564,0.0026148902925454964,0.0,5.37330362902044,252,0.21616200943659067,0.027770205225695798,15454.849485800023
640,87.96960592492191,87.96960592492191,0.008638581332238597,0.0,5.37330362902044,252,0.21600111601047423,0.04481881368790064,15469.052298231663
641,87.378800707679,87.378800707679,-0.006738669193246772,0.0,5.37330362902044,252,0.21609091539587283,0.010179944852415215,15459.660689190876
642,87.24772867155795,87.24772867155795,-0.0015011700822475135,0.0,5.37330362902044,252,0.21611218784060351,0.012047663657336859,15457.578398857173
643,87.5980315410566,87.5980315410566,0.004006998371351355,0.0,5.37330362902044,252,0.21605639853218994,0.017483687191786987,15463.14352396404
644,87.50445705959415,87.50445705959415,-0.001068796807149736,0.0,5.37330362902044,252,0.2160709380793917,0.011805684884878043,15461.65694266114
645,87.03583802229159,87.03583802229159,-0.00536976476532486,0.0,5.37330362902044,252,0.21614825352279846,0.01446081657781939,15454.193044686743
646,87.31308573019528,87.31308573019528,0.003180380304380702,0.0,5.37330362902044,252,0.2160922449486331,-0.0012484449839971054,15458.800696440581
647,87.15826700625718,87.15826700625718,-0.0017747184525707992,0.0,5.37330362902044,252,0.21612754011567942,0.003465026594839051,15456.144710359624
648,86.39445492073186,86.39445492073186,-0.008802132384456315,0.0,5.37330362902044,252,0.21626071745616782,-0.0023623388465734683,15444.010325562353
649,86.68430317553216,86.68430317553216,0.0033493252314459473,0.0,5.37330362902044,252,0.2162093784696214,0.008442409541766928,15448.595905469796
650,86.74777613651901,86.74777613651901,0.0007319633607868173,0.0,5.37330362902044,252,0.21619587863805884,0.007545142602776475,15449.65095858845
651,86.17688886980605,86.17688886980605,-0.006602752021985029,0.0,5.37330362902044,252,0.21632597900146852,0.004796227792452094,15440.079224910827
652,85.50923680125648,85.50923680125648,-0.007777628291661897,0.0,5.37330362902044,252,0.21648257798980403,0.014546307678332497,15429.472496811071
653,84.77625490371932,84.77625490371932,-0.00860891221175011,0.0,5.37330362902044,252,0.21673285540938114,0.032796905051332495,15417.827899189873
654,84.56400678157158,84.56400678157158,-0.002506766331651007,0.0,5.37330362902044,252,0.21680880727613241,0.04654042136868565,15414.455996027504
655,84.44379235187473,84.44379235187473,-0.0014225905619388469,0.0,5.37330362902044,252,0.21685269681561997,0.05195049376034887,15412.54619625375
656,84.32723907339943,84.32723907339943,-0.0013812002690296935,0.0,5.37330362902044,252,0.216895622637457,0.0557953024354246,15410.694559761996
657,84.55506175825438,84.55506175825438,0.002698007096434366,0.0,5.37330362902044,252,0.21681206017298882,0.055312677983008936,15414.31388992967
658,84.89149695894177,84.89149695894177,0.00397099410377411,0.0,5.37330362902044,252,0.21669234040831856,0.06911999633545172,15419.658704789048
659,85.26775852992357,85.26775852992357,0.004422470974641607,0.0,5.37330362902044,252,0.2166037122673191,0.08606722925730982,15424.313482998066
660,85.11401776086652,85.11401776086652,-0.0018046626127432965,0.0,5.37330362902044,252,0.21692213194732915,0.08575264413772399,15413.430150786851
661,84.99341038554029,84.99341038554029,-0.0014180144494553989,0.0,5.37330362902044,252,0.21709012063463132,0.08885597907976436,15401.459058890377
662,84.5708861835775,84.5708861835775,-0.004983656170845274,0.0,5.37330362902044,252,0.21721890695436533,0.07693710730352676,15395.006466303652
663,84.01656326215316,84.01656326215316,-0.0065761113404076005,0.0,5.37330362902044,252,0.21774804876381054,0.08319569113735086,15368.682962271438
664,83.61683577707801,83.61683577707801,-0.004769076389140334,0.0,5.37330362902044,252,0.21784719214547632,0.09705140989141775,15362.996943898263
665,83.7131576183261,83.7131576183261,0.001151280173179548,0.0,5.37330362902044,252,0.217768992272235,0.09848511898104004,15365.81167822715
666,84.35596828077432,84.35596828077432,0.007649397751312907,0.0,5.37330362902044,252,0.2172913539826832,0.10861881673388982,15383.911414954886
667,84.05088618866446,84.05088618866446,-0.003623159245061758,0.0,5.37330362902044,252,0.2174481679421972,0.09557679604964815,15376.897642422944
668,83.5625560387628,83.5625560387628,-0.005826877905265428,0.0,5.37330362902044,252,0.21770977043567935,0.10259887642740687,15365.690145013437
669,84.18936139561285,84.18936139561285,0.007473038561912666,0.0,5.37330362902044,252,0.21737635105515982,0.07562375984842587,15380.075510509669
670,83.35314477695306,83.35314477695306,-0.009982225782261708,0.0,5.37330362902044,252,0.21782567507438752,0.02967304971704449,15360.885538378949
671,83.2801088675714,83.2801088675714,-0.0008766067091798326,0.0,5.37330362902044,252,0.2178665722409506,0.018121021118559254,15359.209469003741
672,83.30817834086163,83.30817834086163,0.00033699216224899163,0.0,5.37330362902044,252,0.21785083740647387,0.040279022325073514,15359.853623159666
673,83.69652969136318,83.69652969136318,0.004650791646247969,0.0,5.37330362902044,252,0.21763674592649618,-0.0016625157081739215,15368.765729696122
674,83.7289108316787,83.7289108316787,0.0003868126685897569,0.0,5.37330362902044,252,0.21761916820704402,-0.018222184625654853,15369.508830426663
675,84.02540057378991,84.02540057378991,0.0035348128861145698,0.0,5.37330362902044,252,0.21746147906207344,-0.004624567870049611,15376.312844794707
676,84.24052312231873,84.24052312231873,0.0025569367939516623,0.0,5.37330362902044,252,0.2173503043478239,-0.0027722932859957547,15381.249598763521
677,85.0471612955567,85.0471612955567,0.009529863684944885,0.0,5.37330362902044,252,0.21697766262756737,0.03130214094665348,15399.760787992003
678,84.82450939150937,84.82450939150937,-0.002621414514246658,0.0,5.37330362902044,252,0.21707045402221475,-0.009396509041763345,15394.65124611233
679,84.27167669118006,84.27167669118006,-0.006538700639129202,0.0,5.37330362902044,252,0.21733449495153154,-0.035830651058786564,15381.96452848972
680,84.33917067504056,84.33917067504056,0.0008005889125139395,0.0,5.37330362902044,252,0.21730035361942374,-0.04412522409463818,15383.51341862222
681,84.2082201660048,84.2082201660048,-0.0015538719968413751,0.0,5.37330362902044,252,0.21736672875637522,-0.043585084504362145,15380.50829224369
682,84.44398245742461,84.44398245742461,0.002795841872524017,0.0,5.37330362902044,252,0.21724762459731806,-0.02908029981109004,15385.91869871118
683,84.98001732022628,84.98001732022628,0.006327753471696453,0.0,5.37330362902044,252,0.21700524112747716,0.001347726849996826,15398.219930053301
684,85.8704349066908,85.8704349066908,0.010423450880100391,0.0,5.37330362902044,252,0.2167696239405083,0.06258308771968975,15418.653736662338
685,86.06486685027009,86.06486685027009,0.0022616882568365295,0.0,5.37330362902044,252,0.21672491912555336,0.10122394466734366,15423.115670921177
686,86.5360873579905,86.5360873579905,0.005460244187399685,0.0,5.37330362902044,252,0.21666786674474114,0.11414696858363685,15429.607080330863
687,86.40504897342362,86.40504897342362,-0.0015154105312792578,0.0,5.37330362902044,252,0.2168320844873109,0.10667208627828388,15408.8541885337
688,86.19131224864171,86.19131224864171,-0.002476724683261763,0.0,5.37330362902044,252,0.21705795549542448,0.09145036858852444,15390.036010065922
689,86.07804497112045,86.07804497112045,-0.0013150022229301247,0.0,5.37330362902044,252,0.2170633147224162,0.09644985862082818,15386.993533865505
690,86.26140420591678,86.26140420591678,0.002127885459282608,0.0,5.37330362902044,252,0.21699388113680163,0.0941831158911414,15394.205947162067
691,85.73180509020435,85.73180509020435,-0.006158391853579512,0.0,5.37330362902044,252,0.21709516395415468,0.07014845639138281,15376.360520993974
692,85.620949942601,85.620949942601,-0.0012938824712521622,0.0,5.37330362902044,252,0.2171267104000345,0.09033867124456946,15372.296108876808
693,85.94102370133466,85.94102370133466,0.0037312945670778326,0.0,5.37330362902044,252,0.21708297577991129,0.07847293391344164,15382.13438074021
694,86.06329352923333,86.06329352923333,0.0014217067392512507,0.0,5.37330362902044,252,0.21706760182856574,0.08176408165928623,15385.892064338525
695,87.15250630274778,87.15250630274778,0.012576533216848042,0.0,5.37330362902044,252,0.21728261696827006,0.0859962080751797,15419.366528517046
696,86.84326094827354,86.84326094827354,-0.0035546345176156596,0.0,5.37330362902044,252,0.2171338102463781,0.05083790582706674,15409.862579617034
697,86.73563800025934,86.73563800025934,-0.0012400466007937397,0.0,5.37330362902044,252,0.2170912652071698,0.11859162086369505,15406.398806888586
698,87.00701474075973,87.00701474075973,0.003123895680305513,0.0,5.37330362902044,252,0.21718174545674848,0.10547446237998828,15414.360204312043
699,86.59954388735171,86.59954388735171,-0.0046941959435426355,0.0,5.37330362902044,252,0.2170614517470044,0.07892732547754944,15402.411972172726
700,87.33791178682746,87.33791178682746,0.008490090094035632,0.0,5.37330362902044,252,0.21733127327639187,0.09138125904888458,15424.063069406724
701,87.0223753004692,87.0223753004692,-0.003619365809553159,0.0,5.37330362902044,252,0.21718859399936905,0.06645956477297274,15414.810620658793
702,86.98050010307469,86.98050010307469,-0.0004813161633773937,0.0,5.37330362902044,252,0.21716994567060602,0.07153183645738623,15413.582717913932
703,87.42501703803354,87.42501703803354,0.005097521050928995,0.0,5.37330362902044,252,0.21737147383230304,0.07237605171523075,15426.617249057264
704,87.70853958934126,87.70853958934126,0.003237789541362765,0.0,5.37330362902044,252,0.21750629465888438,0.07914843614474723,15434.930955992186
705,88.11356484470365,88.11356484470365,0.004607224707104795,0.0,5.37330362902044,252,0.2177128403792055,0.10071463877875757,15446.807476074251
706,88.72120839901889,88.72120839901889,0.0068724712316985195,0.0,5.37330362902044,252,0.21805216970574676,0.12160750285623982,15464.574391329701
707,89.05220190613778,89.05220190613778,0.0037237727399948768,0.0,5.37330362902044,252,0.2182475348870012,0.12318823726117996,15474.133765253202
708,88.91990725089829,88.91990725089829,-0.0014866900238817743,0.0,5.37330362902044,252,0.2181688297135322,0.14426337217912913,15470.313031983958
709,88.78028637942984,88.78028637942984,-0.0015714209123501004,0.0,5.37330362902044,252,0.21808667291712672,0.14682434301974814,15466.280714066545
710,88.5742380340596,88.5742380340596,-0.0023235769006331327,0.0,5.37330362902044,252,0.21796721990685963,0.151650352697252,15460.32993875515
711,89.07859684979331,89.07859684979331,0.005678042471021995,0.0,5.37330362902044,252,0.2182655150629268,0.10222721686886703,15474.852704966355
712,88.09613884868699,88.09613884868699,-0.011090385625614001,0.0,5.37330362902044,252,0.21779501106896795,0.007154346987416392,15444.695365785681
713,88.81443927378382,88.81443927378382,0.00812053614840442,0.0,5.37330362902044,252,0.2181861694751952,-0.07421008750322994,15465.745056789385
714,88.81699226826362,88.81699226826362,2.8744850591026366e-05,0.0,5.37330362902044,252,0.21815286691555497,-0.08364933992295612,15460.64163844678
715,88.11328615745963,88.11328615745963,-0.007954656803085882,0.0,5.37330362902044,252,0.21892735044121267,-0.07811611014654014,15399.655673098887
716,88.37695854503598,88.37695854503598,0.0029879564640016548,0.0,5.37330362902044,252,0.21896069943307145,-0.08833209732071223,15410.43399374977
717,88.14856894994438,88.14856894994438,-0.0025876112737787823,0.0,5.37330362902044,252,0.21885303662956743,-0.09706553593527971,15406.057596216368
718,87.74308126880436,87.74308126880436,-0.004610661153767429,0.0,5.37330362902044,252,0.21901368234250704,-0.0933594207259481,15386.227996501391
719,87.82957758564588,87.82957758564588,0.0009853051654354669,0.0,5.37330362902044,252,0.21903048258887411,-0.08984290051261594,15388.525244255816
720,87.48712573613385,87.48712573613385,-0.003906670369304761,0.0,5.37330362902044,252,0.218970808851518,-0.09317671626339788,15378.904274264489
721,87.08250806534312,87.08250806534312,-0.004635610289653804,0.0,5.37330362902044,252,0.21887351698488666,-0.08393593205213579,15369.111646137713
722,87.0344260917812,87.0344260917812,-0.000552295214901191,0.0,5.37330362902044,252,0.21886239177060318,-0.10738690872633999,15367.94886741542
723,87.6778525401614,87.6778525401614,0.007365588295693475,0.0,5.37330362902044,252,0.2190206934633482,-0.13844283850634584,15383.509014558156
724,87.3534345707816,87.3534345707816,-0.0037069754355141932,0.0,5.37330362902044,252,0.21893774715005773,-0.1571758054680207,15375.663531438828
725,87.04773899955948,87.04773899955948,-0.0035056631562593457,0.0,5.37330362902044,252,0.21886546452680058,-0.1454830721915862,15368.270816885246
726,87.27157406966614,87.27157406966614,0.0025681054977182136,0.0,5.37330362902044,252,0.21891811191548474,-0.1354136154878938,15373.683877904625
727,86.68768453081125,86.68768453081125,-0.006712971028384389,0.0,5.37330362902044,252,0.21879284769797094,-0.15896481743173413,15359.563527144162
728,87.43742329427887,87.43742329427887,0.008611548399136866,0.0,5.37330362902044,252,0.21895826207148256,-0.16594181949272738,15377.694652321778
729,87.58316482526561,87.58316482526561,0.0016654219510826092,0.0,5.37330362902044,252,0.21899589041177603,-0.11802606568416349,15381.219157216892
730,87.23886482924951,87.23886482924951,-0.0039388679085631175,0.0,5.37330362902044,252,0.21891032477703387,-0.1414579406790253,15372.892861938322
731,87.56282956912614,87.56282956912614,0.0037066587015964964,0.0,5.37330362902044,252,0.21899059694180245,-0.15124638206781532,15380.727384492111
732,87.42698626969252,87.42698626969252,-0.0015525855155651396,0.0,5.37330362902044,252,0.2189556343417211,-0.1542229890016439,15377.442251074199
733,86.81827566785232,86.81827566785232,-0.006986853717691657,0.0,5.37330362902044,252,0.21881677661214763,-0.1365272532248056,15362.721646169284
734,86.69394581367912,86.69394581367912,-0.001433096463065264,0.0,5.37330362902044,252,0.21879398521401985,-0.12522486583176135,15359.714945356722
735,86.57254302181819,86.57254302181819,-0.0014013420892178183,0.0,5.37330362902044,252,0.21877228560446932,-0.1272125885853669,15356.779030444224
736,85.51659420693288,85.51659420693288,-0.012272268718053717,0.0,5.37330362902044,252,0.21875836036405216,-0.11329602594488644,15331.24274890625
737,85.7649902418416,85.7649902418416,0.0029004426815114263,0.0,5.37330362902044,252,0.21874133818674685,-0.1238554345286499,15337.24977404888
738,85.97735294097468,85.97735294097468,0.002473039594433224,0.0,5.37330362902044,252,0.2187367278768069,-0.1323814728524653,15342.339586203707
739,85.43562284814638,85.43562284814638,-0.00632078048870265,0.0,5.37330362902044,252,0.2188467577165019,-0.1396830373642206,15324.52514402927
740,85.1043878531255,85.1043878531255,-0.0038845477982411103,0.0,5.37330362902044,252,0.21904354651383048,-0.12017725744041599,15307.100221481905
741,85.06773248232216,85.06773248232216,-0.00043080348647009473,0.0,5.37330362902044,252,0.21908155656365821,-0.11594858151162213,15303.512848105189
742,85.28072749225464,85.28072749225464,0.002500699107713888,0.0,5.37330362902044,252,0.21905961485339526,-0.12742460875809594,15309.69837185143
743,84.84409441930035,84.84409441930035,-0.0051331019985823905,0.0,5.37330362902044,252,0.21917150387502649,-0.179655190486997,15297.387083635227
744,83.98865458867822,83.98865458867822,-0.010133663713274144,0.0,5.37330362902044,252,0.21988717390753623,-0.16608229810326713,15260.434966559762
745,83.75041278473745,83.75041278473745,-0.0028406258347820506,0.0,5.37330362902044,252,0.22012728014767663,-0.16092025633971033,15249.305113837134
746,84.37613150113805,84.37613150113805,0.007443460020619977,0.0,5.37330362902044,252,0.21970899313984996,-0.16609084353517542,15271.509807465305
747,84.83584022759236,84.83584022759236,0.00543353821563005,0.0,5.37330362902044,252,0.2194223162191904,-0.13525909853141616,15287.8072133342
748,85.45897870831625,85.45897870831625,0.0073183819193453825,0.0,5.37330362902044,252,0.21910793771671036,-0.1058684585127647,15309.848510510936
749,85.445619599719,85.445619599719,-0.00015633410401737094,0.0,5.37330362902044,252,0.2191138028266134,-0.1043800849430465,15309.38086080605
750,85.92293110479213,85.92293110479213,0.0055705990092207265,0.0,5.37330362902044,252,0.21892146915929278,-0.09473506220307411,15326.087459050079
751,86.77779265005223,86.77779265005223,0.009899999360083702,0.0,5.37330362902044,252,0.21874392638622875,-0.0643812321487833,15356.008858888834
752,86.64261521681631,86.64261521681631,-0.0015589567834141302,0.0,5.37330362902044,252,0.21876219466963334,-0.07122018009835114,15351.277451737053
753,86.8033702699143,86.8033702699143,0.0018536618034396485,0.0,5.37330362902044,252,0.2187412001174459,-0.07595026962144955,15356.904112857223
754,87.27392138377056,87.27392138377056,0.00540624518535567,0.0,5.37330362902044,252,0.2187103486379844,-0.07819264534312781,15373.374087557022
755,87.13482142838303,87.13482142838303,-0.0015951033490407178,0.0,5.37330362902044,252,0.21871431044363268,-0.06346146140717603,15368.505347452598
756,86.91566882966899,86.91566882966899,-0.0025182659836822745,0.0,5.37330362902044,252,0.21873012948939077,-0.06401478298218219,15360.834762513394
757,88.03860156562959,88.03860156562959,0.012837047692925603,0.0,5.37330362902044,252,0.21871784621963325,-0.07437461552172911,15400.138658441349
758,88.07785010584848,88.07785010584848,0.0004457112381740062,0.0,5.37330362902044,252,0.21871950349018596,-0.06501398978396802,15401.5124010447
759,88.02943430691286,88.02943430691286,-0.0005498443782931763,0.0,5.37330362902044,252,0.21871746224216237,-0.04206059594040678,15399.817794180288
760,88.57693728230991,88.57693728230991,0.0062002828602805374,0.0,5.37330362902044,252,0.21875269406436795,-0.026752409675805337,15418.981007858303
761,89.5285695650688,89.5285695650688,0.010686265188061383,0.0,5.37330362902044,252,0.21887257096504942,0.007804599412151516,15452.289197214133
762,89.27167761369782,89.27167761369782,-0.002873509765100462,0.0,5.37330362902044,252,0.21883296605500868,-0.009123852938456347,15443.297692916436
763,89.7882842423488,89.7882842423488,0.005770224194000726,0.0,5.37330362902044,252,0.21891710679689597,-0.026320162708813835,15461.379500061206
764,89.19340677730678,89.19340677730678,-0.006647379988105865,0.0,5.37330362902044,252,0.2188515165427074,-0.05352413827758243,15439.331698933707
765,89.97055378180349,89.97055378180349,0.008675314791464836,0.0,5.37330362902044,252,0.2187997428079038,-0.09799316435820646,15461.541570785297
766,90.16519195487284,90.16519195487284,0.002161017492891189,0.0,5.37330362902044,252,0.21876196643462306,-0.10432620026476129,15463.662561284638
767,90.23025956295635,90.23025956295635,0.0007213885977480059,0.0,5.37330362902044,252,0.21879138666901374,-0.1012511998262868,15462.276149823414
768,90.04936086151072,90.04936086151072,-0.002006868682485127,0.0,5.37330362902044,252,0.2188742287571452,-0.10341187056815601,15451.784712937757
769,89.30057781798601,89.30057781798601,-0.008350015613437284,0.0,5.37330362902044,252,0.21877107801902906,-0.09171739191252641,15429.076795978224
770,88.13777115860832,88.13777115860832,-0.013106786806525425,0.0,5.37330362902044,252,0.21910975109917294,-0.023798140950090627,15386.481231472348
771,88.64131630725402,88.64131630725402,0.005696901344270127,0.0,5.37330362902044,252,0.21896649135645863,-0.029561199072323484,15404.31394515711
772,88.51374270574878,88.51374270574878,-0.0014402481562571041,0.0,5.37330362902044,252,0.21898275571210596,0.010920900384709543,15400.261471358259
773,88.3245147657365,88.3245147657365,-0.002140125275402406,0.0,5.37330362902044,252,0.21901100352147793,0.012547038544469424,15394.261255951917
774,89.18868526164803,89.18868526164803,0.009736485203947926,0.0,5.37330362902044,252,0.21891754505669203,0.001558479174877277,15421.61436536413
775,88.79287706493719,88.79287706493719,-0.004447751149530114,0.0,5.37330362902044,252,0.21894847345447407,-0.009077583842780979,15409.23029564555
776,89.19343723868352,89.19343723868352,0.004501029773755346,0.0,5.37330362902044,252,0.2189172498810121,-0.015346303274140495,15421.762834188721
777,88.96603910148659,88.96603910148659,-0.0025527495405292316,0.0,5.37330362902044,252,0.2189336358586721,-0.028167456153741558,15414.648108097977
778,88.56168877602815,88.56168877602815,-0.004555356276165501,0.0,5.37330362902044,252,0.2189727120587156,-0.019547539119160347,15401.996985068552
779,88.81370050154793,88.81370050154793,0.0028415655195283404,0.0,5.37330362902044,252,0.2189464576363144,-0.02431255502250426,15409.881809547906
780,88.77051170516178,88.77051170516178,-0.00048640356821107915,0.0,5.37330362902044,252,0.21895064914468346,-0.03595692960748644,15408.530538775574
781,89.24331874613797,89.24331874613797,0.005312038413790597,0.0,5.37330362902044,252,0.21891423154846365,-0.04038686541735794,15423.323503360893
782,89.25213828881772,89.25213828881772,9.882092052574532e-05,0.0,5.37330362902044,252,0.21891392438041826,-0.03768777977003317,15423.548802620922
783,88.96917385689109,88.96917385689109,-0.0031754302141432755,0.0,5.37330362902044,252,0.21893308743397227,-0.02291947947109598,15414.81881022431
784,88.14571317975575,88.14571317975575,-0.009298671888085886,0.0,5.37330362902044,252,0.21903534700675484,-0.012609927114511837,15389.371398103132
785,88.30554164734839,88.30554164734839,0.0018115882651032,0.0,5.37330362902044,252,0.21901142789824207,-0.016254178919910066,15394.139397056
786,88.7148561412571,88.7148561412571,0.004624497837398537,0.0,5.37330362902044,252,0.21896765573070107,-0.004477902785440184,15406.249086522426
787,88.83038927169072,88.83038927169072,0.00130145019059382,0.0,5.37330362902044,252,0.2189588448248806,0.028212803545164453,15409.667168103842
788,89.00203133519379,89.00203133519379,0.0019303804808756574,0.0,5.37330362902044,252,0.21894838418347398,0.023797619482970846,15414.745248942247
789,90.13344526824172,90.13344526824172,0.012632103918690202,0.0,5.37330362902044,252,0.21894327177349326,0.03474032868455845,15448.218462305307
790,90.495333944548,90.495333944548,0.0040069933716016335,0.0,5.37330362902044,252,0.21896658944817157,0.06348838171783416,15458.925045034975
791,90.93549173871989,90.93549173871989,0.004852082396207573,0.0,5.37330362902044,252,0.21905027583613734,0.07378227693289313,15470.66611316327
792,90.57011914207742,90.57011914207742,-0.004026025293572485,0.0,5.37330362902044,252,0.21911493887019087,0.05537637799721781,15455.071529838924
793,90.61836890797595,90.61836890797595,0.0005325919715795425,0.0,5.37330362902044,252,0.21913081762417758,0.04871500633206344,15451.967464071748
794,91.38991211481985,91.38991211481985,0.008478161806669408,0.0,5.37330362902044,252,0.21936409503548465,0.04408679959244435,15465.019224248996
795,91.87542498131663,91.87542498131663,0.005298481535492235,0.0,5.37330362902044,252,0.21938036513278658,0.04470648362709984,15481.547816840175
796,90.99964428534965,90.99964428534965,-0.009577985612277807,0.0,5.37330362902044,252,0.21908353123831226,0.035614674305063765,15463.077516545854
797,91.06514931950481,91.06514931950481,0.0007195793946175784,0.0,5.37330362902044,252,0.21908286661372958,0.03596061967239026,15465.358543834538
798,90.55987500955429,90.55987500955429,-0.005563942692556629,0.0,5.37330362902044,252,0.21912659624967912,0.04194480595213514,15447.178785737686
799,90.44721223471743,90.44721223471743,-0.001244843957227922,0.0,5.37330362902044,252,0.21911991358129498,0.0319028382054805,15443.567522255998
800,90.1647234333532,90.1647234333532,-0.0031281324865974334,0.0,5.084463893509877,203,0.28206084616772503,0.03314386492550395,14356.092095783666
801,89.71862491479096,89.71862491479096,-0.004959874687385995,0.0,5.084463893509877,203,0.28211211499467265,0.04592795273477079,14342.78909806697
802,90.47917165587911,90.47917165587911,0.008441293641184596,0.0,5.084463893509877,203,0.282030617823524,0.02751946781995519,14365.460607187253
803,90.48703137435251,90.48703137435251,8.686393753900987e-05,0.0,5.084463893509877,203,0.28202991814028994,-0.010225945089530522,14365.69490137251
804,90.71949945752613,90.71949945752613,0.0025657818141441866,0.0,5.084463893509877,203,0.2820149039032802,-0.03693304015532319,14372.543449878933
805,91.21462322954312,91.21462322954312,0.005442904135287564,0.0,5.084463893509877,203,0.28201000185067454,-0.02034295235054459,14386.961911535396
806,91.2576960406954,91.2576960406954,0.00047210242215959576,0.0,5.084463893509877,203,0.28201038047242694,-0.03667075758079944,14388.216231588553
807,90.71399817995666,90.71399817995666,-0.005975648915587037,0.0,5.084463893509877,203,0.28201512899192926,-0.04710761936228077,14372.383247593807
808,90.0503337464363,90.0503337464363,-0.007342902312771506,0.0,5.084463893509877,203,0.28205391680871317,-0.011187088867923661,14353.056726169702
809,89.37028166279173,89.37028166279173,-0.007580570813368671,0.0,5.084463893509877,203,0.2821178119760945,0.026805932756137543,14333.252981234406
810,90.10971050742783,90.10971050742783,0.0082397265477859,0.0,5.084463893509877,203,0.28204945579510843,-0.026699058171351965,14354.785832304424
811,89.71294316543029,89.71294316543029,-0.004412880999860088,0.0,5.084463893509877,203,0.2820811421594839,-0.037335744186795916,14343.231600755767
812,89.95956172825426,89.95956172825426,0.0027452026435449157,0.0,5.084463893509877,203,0.2820609225721975,-0.04156968014270175,14350.413361141385
813,89.3571104959087,89.3571104959087,-0.006719436532427161,0.0,5.084463893509877,203,0.2821194631238019,-0.051723227799645874,14332.869424686714
814,89.5477251219932,89.5477251219932,0.0021309060490633564,0.0,5.084463893509877,203,0.28209768735397606,-0.05320661672614796,14338.420298695783
815,89.67556884418563,89.67556884418563,0.0014266420513397106,0.0,5.084463893509877,203,0.28208441952552565,-0.05559657325969176,14342.143225993215
816,89.7581201972841,89.7581201972841,0.0009201322155694794,0.0,5.084463893509877,203,0.28207732804372715,-0.03640740056395327,14344.547197659716
817,90.38346624323893,90.38346624323893,0.0069428561198479535,0.0,5.084463893509877,203,0.28203755928594226,-0.03731413239229841,14362.621978784962
818,90.32181729886665,90.32181729886665,-0.0006823148228497426,0.0,5.084463893509877,203,0.2820401485632348,-0.04122712415457178,14360.856959424877
819,89.18242024912213,89.18242024912213,-0.012695102554730912,0.0,5.084463893509877,203,0.2820701695717526,-0.028317198663200094,14329.350343363996
820,89.10318724306143,89.10318724306143,-0.000888832389686884,0.0,5.084463893509877,203,0.2821311233957234,-0.05427393890017106,14325.092114260267
821,88.88124370457352,88.88124370457352,-0.0024939670548099944,0.0,5.084463893509877,203,0.28226654188581224,-0.040132594220326855,14312.630536797098
822,89.34228364726201,89.34228364726201,0.005173738596115053,0.0,5.084463893509877,203,0.2820392370032082,-0.03757390399226469,14324.183678965734
823,88.48443387152486,88.48443387152486,-0.00964822881899827,0.0,5.084463893509877,203,0.2819412564111668,-0.04232209867332964,14309.93478401901
824,87.7869876240005,87.7869876240005,-0.007913363166720538,0.0,5.084463893509877,203,0.282384832003176,0.023889516046345864,14281.114825877052
825,87.46735485767411,87.46735485767411,-0.0036476485113242445,0.0,5.084463893509877,203,0.2823197455064197,0.02574232671480293,14275.871398267604
826,87.14243938313025,87.14243938313025,-0.0037216222718305866,0.0,5.084463893509877,203,0.2823609496544951,0.029295419439403433,14268.894191586853
827,86.84150807337996,86.84150807337996,-0.0034593031627087856,0.0,5.084463893509877,203,0.2824387633144817,0.03497111148230749,14262.401166745263
828,86.97756182019853,86.97756182019853,0.0015654643036257508,0.0,5.084463893509877,203,0.2824046348487799,0.02582367571661968,14265.285591872831
829,87.0921016766241,87.0921016766241,0.0013160233742715256,0.0,5.084463893509877,203,0.28237800873600055,-0.025706034675304867,14267.713908973297
830,87.25905400163803,87.25905400163803,0.0019151278394714435,0.0,5.084463893509877,203,0.2823438415333548,0.019266036248911145,14271.204955508165
831,87.84501403012239,87.84501403012239,0.006692731040395744,0.0,5.084463893509877,203,0.2823384558271013,0.031970596805416134,14283.377362272155
832,88.4689435293314,88.4689435293314,0.0070775123227955865,0.0,5.084463893509877,203,0.28236670061669583,0.057616697520081375,14296.338278425581
833,88.41367902734159,88.41367902734159,-0.0006248720534471323,0.0,5.084463893509877,203,0.282363270425223,0.06727278071277551,14295.190266386626
834,88.31676977122798,88.31676977122798,-0.0010966900891766572,0.0,5.084463893509877,203,0.282357383148878,0.09731560636368192,14293.177165956895
835,88.23754228293753,88.23754228293753,-0.0008974857955796909,0.0,5.084463893509877,203,0.28235272176329035,0.11107796952127187,14291.531369702543
836,88.03766759408347,88.03766759408347,-0.0022677581794048355,0.0,5.084463893509877,203,0.28234336534716536,0.12016194074029359,14287.37936360776
837,88.15610670643409,88.15610670643409,0.0013444190143532685,0.0,5.084463893509877,203,0.2823480300419562,0.11185302086127845,14289.83970473029
838,87.78534410234786,87.78534410234786,-0.004214619706767792,0.0,5.084463893509877,203,0.28233712775202574,0.11646767956643816,14282.137836120966
839,87.8790361603894,87.8790361603894,0.0010667167331890716,0.0,5.084463893509877,203,0.28233927135147024,0.11451369644490542,14284.084105547334
840,87.72750245266121,87.72750245266121,-0.0017258326089325965,0.0,5.084463893509877,203,0.2823360089076506,0.11414372092164692,14280.9362888745
841,87.94292908967684,87.94292908967684,0.0024526238492540912,0.0,5.084463893509877,203,0.2823408495814498,0.11206519609393854,14285.411356302973
842,88.404504746437,88.404504746437,0.005234855997538507,0.0,5.084463893509877,203,0.2823627043162614,0.11968674195794934,14294.999688627884
843,88.31720888379469,88.31720888379469,-0.000987947298036193,0.0,5.084463893509877,203,0.2823574093846744,0.10001286216721304,14293.186287662418
844,88.23744372403154,88.23744372403154,-0.0009035747742920042,0.0,5.084463893509877,203,0.28235271605497225,0.11709116986758904,14291.52932233386
845,88.42986208627859,88.42986208627859,0.002178314062703936,0.0,5.084463893509877,203,0.28236427055635055,0.11024033564229195,14295.526437813453
846,88.54881496336954,88.54881496336954,0.0013442624499934313,0.0,5.084463893509877,203,0.28237172538860167,0.10944038319626884,14297.997451394538
847,87.8709049976432,87.8709049976432,-0.007685232722034021,0.0,5.084463893509877,203,0.2823761415788654,0.09672934728374147,14282.56097462318
848,87.63222822706705,87.63222822706705,-0.002719916315267904,0.0,5.084463893509877,203,0.2825602831441031,0.09072996144058244,14269.520119597975
849,88.23370223696374,88.23370223696374,0.006840169138510061,0.0,5.084463893509877,203,0.2821866358357302,0.04650295894488066,14286.532080983854
850,87.28571740169383,87.28571740169383,-0.01080215574202653,0.0,5.084463893509877,203,0.2822366688277106,-0.021962873563405833,14271.57473622276
851,87.10100017583159,87.10100017583159,-0.0021184789473846907,0.0,5.084463893509877,203,0.282474317036599,0.0002872013719292739,14261.432155686563
852,87.70884656372601,87.70884656372601,0.006954400441820466,0.0,5.084463893509877,203,0.282482540441665,-0.004274122522794853,14271.063868579029
853,87.96134696121526,87.96134696121526,0.0028747115980296547,0.0,5.084463893509877,203,0.2824386029760112,0.006262348731487943,14276.474565835742
854,87.67294673624878,87.67294673624878,-0.0032841021887306367,0.0,5.084463893509877,203,0.28249017701445284,-0.036982365165424344,14270.29459019381
855,87.26326961463833,87.26326961463833,-0.004683739926404745,0.0,5.084463893509877,203,0.28258593739510207,0.006472429048553472,14261.515836179648
856,87.31785054383238,87.31785054383238,0.0006252787348690634,0.0,5.084463893509877,203,0.28257206532074086,0.011785251871722788,14262.685421997316
857,87.52227076558076,87.52227076558076,0.0023383684861843176,0.0,5.084463893509877,203,0.2825230894912142,0.019473977940316693,14267.06583463836
858,87.623578672647,87.623578672647,0.0011568406409787051,0.0,5.084463893509877,203,0.282500875398089,0.02122083769754134,14269.236708111423
859,87.65513042074315,87.65513042074315,0.0003600180375602023,0.0,5.084463893509877,203,0.2824940302478917,0.02097431878507478,14269.912813806963
860,87.58359710397198,87.58359710397198,-0.0008164099540645545,0.0,5.084463893509877,203,0.2825095713314149,0.012178566326099746,14268.379964256363
861,86.91457689912532,86.91457689912532,-0.007667971160625536,0.0,5.084463893509877,203,0.28267810876082017,0.04221013872592928,14254.043884697503
862,87.05028281377301,87.05028281377301,0.0015601534976456995,0.0,5.084463893509877,203,0.2826416137009745,0.02826901803655516,14256.951854852818
863,87.32982789714004,87.32982789714004,0.003206160630267445,0.0,5.084463893509877,203,0.2825690244607853,0.03274611410333331,14262.942078356391
864,87.85553647353176,87.85553647353176,0.006001758837900804,0.0,5.084463893509877,203,0.2824535021289617,0.03672892127078808,14274.207208947857
865,88.11774994343232,88.11774994343232,0.0029801530596623178,0.0,5.084463893509877,203,0.28243580262081647,0.049838012238530585,14279.826042487812
866,88.09467065041777,88.09467065041777,-0.00026194853993531404,0.0,5.084463893509877,203,0.2824354729238453,0.05498449737904127,14279.331488543967
867,88.26536422427756,88.26536422427756,0.001935740455953475,0.0,5.084463893509877,203,0.28243822294940063,0.027643298163472867,14282.989190713966
868,88.8391770448367,88.8391770448367,0.006479956124269457,0.0,5.084463893509877,203,0.28246663091603547,0.00040181238823324203,14295.285121670664
869,88.65026087286424,88.65026087286424,-0.0021287603987053204,0.0,5.084463893509877,203,0.28245580719780755,0.039806907662199194,14291.236937099058
870,88.55755906017357,88.55755906017357,-0.0010462497781637864,0.0,5.084463893509877,203,0.2824510124113977,0.07330095523210271,14289.250479063327
871,87.85081378379144,87.85081378379144,-0.00801264754297008,0.0,5.084463893509877,203,0.2824544200311162,0.08573939771478743,14274.106008931238
872,87.63161394122302,87.63161394122302,-0.002498255345762494,0.0,5.084463893509877,203,0.28250125500756385,0.11587132544959441,14269.367262847107
873,87.39610360863954,87.39610360863954,-0.0026911220464217555,0.0,5.084463893509877,203,0.2825500110012511,0.13648222628546963,14264.406696319025
874,87.1951003530669,87.1951003530669,-0.0023025598061972114,0.0,5.084463893509877,203,0.28263030905310765,0.13653215569178087,14259.369627424645
875,87.62423025312407,87.62423025312407,0.004909420033707732,0.0,5.084463893509877,203,0.28258160018837,0.12356671064388652,14264.80390498615
876,87.72516265485802,87.72516265485802,0.0011512148540374426,0.0,5.084463893509877,203,0.2825884704458791,0.1223474586877002,14264.084315852859
877,88.03765057612061,88.03765057612061,0.003555794821075759,0.0,5.084463893509877,203,0.28262170580894597,0.13300879743979888,14267.055850873348
878,87.94941433508126,87.94941433508126,-0.0010027583388303363,0.0,5.084463893509877,203,0.28278439417592016,0.12857346268205894,14261.363469023467
879,87.92098186220504,87.92098186220504,-0.0003233343841681409,0.0,5.084463893509877,203,0.2827922751108577,0.13976166442477428,14260.894257889022
880,87.66054402628559,87.66054402628559,-0.0029665766441179177,0.0,5.084463893509877,203,0.282868060265223,0.1377148392444234,14256.541240334927
881,88.1787796717625,88.1787796717625,0.005894439708480734,0.0,5.084463893509877,203,0.2827194630554469,0.12972709980623018,14265.2031494387
882,88.24965591858025,88.24965591858025,0.0008034560913424563,0.0,5.084463893509877,203,0.28270231474906093,0.1877655645845748,14266.387791238061
883,87.630055309673,87.630055309673,-0.007045760625838417,0.0,5.084463893509877,203,0.2828771881301947,0.11468861917034977,14256.031644952414
884,87.54249438178273,87.54249438178273,-0.0009997106891121977,0.0,5.084463893509877,203,0.28290363887082154,0.09787524830703066,14254.568131577667
885,88.18368004461047,88.18368004461047,0.007297586832862346,0.0,5.084463893509877,203,0.28271810389380275,0.07168734903016215,14265.285055391241
886,88.39106810992011,88.39106810992011,0.0023490126741076245,0.0,5.084463893509877,203,0.2826845600586143,0.07374610937737568,14268.751386946387
887,87.49336280268788,87.49336280268788,-0.01020798825525835,0.0,5.084463893509877,203,0.28291862110899707,0.05110041940372964,14253.74693512783
888,86.73162076767598,86.73162076767598,-0.008744404771975226,0.0,5.084463893509877,203,0.2832209762128009,0.12692349230148467,14241.015004537216
889,86.51479199810838,86.51479199810838,-0.002503126954496417,0.0,5.084463893509877,203,0.2833265800367459,0.14278238858277076,14237.390878891925
890,85.93691328455024,85.93691328455024,-0.006701944473233641,0.0,5.084463893509877,203,0.28361945203298644,0.13873116846953226,14227.732081907325
891,86.68023168310893,86.68023168310893,0.00861238891675893,0.0,5.084463893509877,203,0.28324578948500434,0.04563872101875607,14240.156075624604
892,86.38129605199023,86.38129605199023,-0.0034546780251198572,0.0,5.084463893509877,203,0.2833930929003491,0.024183130823988878,14235.159597116752
893,86.46050071979441,86.46050071979441,0.0009164990740392228,0.0,5.084463893509877,203,0.2833535893276806,0.020522660148324552,14236.483442049268
894,86.44459784393621,86.44459784393621,-0.00018394918409165857,0.0,5.084463893509877,203,0.2833615126664619,0.020396092567817273,14236.21763774504
895,86.23921893988184,86.23921893988184,-0.002378671084725088,0.0,5.084463893509877,203,0.28346442687119744,0.01919160632690678,14232.784887770627
896,85.79071783573829,85.79071783573829,-0.005214233391141188,0.0,5.084463893509877,203,0.28369608662478846,0.02980101267696217,14225.288537739634
897,85.53145677392727,85.53145677392727,-0.00302659314604236,0.0,5.084463893509877,203,0.2838337614992406,0.045989035664155305,14220.955189057131
898,84.89784221112626,84.89784221112626,-0.007435546420842811,0.0,5.084463893509877,203,0.2841745573261325,0.063924763697526,14210.364810340983
899,84.58104238902804,84.58104238902804,-0.003738521076840849,0.0,5.084463893509877,203,0.28434926649267406,0.0829165552792498,14205.069745659393
900,84.7286851703406,84.7286851703406,0.0017440559484087855,0.0,5.084463893509877,203,0.2842905840719691,0.07944924696451203,14207.061406173943
901,85.26915557326183,85.26915557326183,0.006358577515557406,0.0,5.084463893509877,203,0.28406378861734166,0.076288054638793,14213.65524532407
902,85.46630277880297,85.46630277880297,0.0023093889818090953,0.0,5.084463893509877,203,0.2840087894707908,0.09542274630652753,14216.598510335132
903,85.41694224582905,85.41694224582905,-0.0005777106390932765,0.0,5.084463893509877,203,0.28406902779717386,0.09528316880653158,14214.440102115466
904,85.16646140047767,85.16646140047767,-0.00293675726970809,0.0,5.084463893509877,203,0.2843823153392934,0.09560007180651293,14202.395137889642
905,84.42446665286582,84.42446665286582,-0.008750461958122872,0.0,5.084463893509877,203,0.28455104028354805,0.101311073905956,14190.209430808118
906,84.69256965990749,84.69256965990749,0.003170623581007186,0.0,5.084463893509877,203,0.28444492519022535,0.08757509550749902,14195.520884262576
907,84.10261982779421,84.10261982779421,-0.006990154590211611,0.0,5.084463893509877,203,0.2846923237643319,0.05891395109302412,14183.833245588503
908,84.58237906166477,84.58237906166477,0.005688241759764626,0.0,5.084463893509877,203,0.28448755186717867,0.03920734803787026,14193.337871695343
909,84.90961614755801,84.90961614755801,0.0038613917086845915,0.0,5.084463893509877,203,0.284361796322371,0.1197462266807445,14199.820844674548
910,85.22165524889778,85.22165524889778,0.0036682198243043382,0.0,5.084463893509877,203,0.2842459488920153,0.1296355610158339,14206.002726709461
911,85.62658309133768,85.62658309133768,0.004740213941779925,0.0,5.084463893509877,203,0.2841061988840467,0.15477380458744286,14214.024850039095
912,84.52362875812832,84.52362875812832,-0.012964659521856452,0.0,5.084463893509877,203,0.2845103697679915,0.07600543589640144,14192.173955236098
913,84.48456867407586,84.48456867407586,-0.0004622271030797273,0.0,5.084463893509877,203,0.2845256864012792,0.08223455934760562,14191.400126472812
914,84.44716114991913,84.44716114991913,-0.00044287150563271133,0.0,5.084463893509877,203,0.2845413685016189,0.07455391800090902,14190.659036972933
915,84.53603679309727,84.53603679309727,0.0010518874356129754,0.0,5.084463893509877,203,0.2845055467237999,0.07925347603529144,14192.41977381503
916,84.1859800911266,84.1859800911266,-0.004149514221341043,0.0,5.084463893509877,203,0.28465499455366794,0.07149154611973807,14185.484715907793
917,83.9200562772124,83.9200562772124,-0.0031637654598344655,0.0,5.084463893509877,203,0.2847746447100365,0.0742139968441529,14180.216434974942
918,84.15702834668457,84.15702834668457,0.0028198041038372443,0.0,5.084463893509877,203,0.28466791907310396,0.0657679221432263,14184.911145903017
919,83.98538398906575,83.98538398906575,-0.0020416552237750873,0.0,5.084463893509877,203,0.2847451119619042,0.062219754000263375,14181.51065805966
920,84.05826328413464,84.05826328413464,0.0008673853587535377,0.0,5.084463893509877,203,0.284712260793248,0.05983851398822044,14182.954487384155
921,84.28130992187747,84.28130992187747,0.002649962382818885,0.0,5.084463893509877,203,0.2846125904085817,0.07714608062547512,14187.373318219425
922,84.12141284226406,84.12141284226406,-0.0018989850643726424,0.0,5.084463893509877,203,0.2846838861683203,0.06766209279818342,14184.205558539139
923,84.0974157942821,84.0974157942821,-0.00028530751687247624,0.0,5.084463893509877,203,0.284694660678063,0.0481918811832173,14183.730147223141
924,83.43325503421411,83.43325503421411,-0.0079288674277886,0.0,5.084463893509877,203,0.28500106237416706,0.025437523012942727,14170.572297923709
925,83.81234469463858,83.81234469463858,0.004533336724744449,0.0,5.084463893509877,203,0.2848237401875578,-0.005954050315747047,14178.082534786132
926,84.15876020266369,84.15876020266369,0.004124709418014737,0.0,5.084463893509877,203,0.28466714491086453,0.013306786802469247,14184.94545612029
927,84.51101061603615,84.51101061603615,0.004176811574104055,0.0,5.084463893509877,203,0.28451528790986547,0.01685341071641287,14191.923974174177
928,84.11518095732328,84.11518095732328,-0.004694767545352771,0.0,5.084463893509877,203,0.284686683868513,0.009296273223846003,14184.08209716076
929,83.75344152583996,83.75344152583996,-0.004309798770675984,0.0,5.084463893509877,203,0.2849144957223071,0.01896568536200045,14174.119486242656
930,83.57204146282601,83.57204146282601,-0.0021682308138696424,0.0,5.084463893509877,203,0.28513266832827716,0.021646291822366714,14164.910450286323
931,83.10453572996197,83.10453572996197,-0.00560974993299682,0.0,5.084463893509877,203,0.28540410217778006,0.017784325198810843,14153.533101067958
932,83.131103562691,83.131103562691,0.0003196406386533541,0.0,5.084463893509877,203,0.2854539485797106,0.010952478112841849,14152.111668058802
933,83.02598900876396,83.02598900876396,-0.0012652432264300254,0.0,5.084463893509877,203,0.28553259737727865,0.008536490419947756,14149.537661587674
934,82.68874004249778,82.68874004249778,-0.0040702408747035936,0.0,5.084463893509877,203,0.2857062975656436,0.01589863076007988,14142.931388393441
935,82.5632124758723,82.5632124758723,-0.0015192267184277633,0.0,5.084463893509877,203,0.28577261065896165,0.007843756463122327,14140.472464922996
936,82.11391586396272,82.11391586396272,-0.005456710731862791,0.0,5.084463893509877,203,0.286015857690502,0.0013286722388310293,14131.67132256108
937,81.89335277603918,81.89335277603918,-0.002689676167670541,0.0,5.084463893509877,203,0.28614231458422856,0.00612167488403103,14127.350775543491
938,82.2860646984305,82.2860646984305,0.004783945239950677,0.0,5.084463893509877,203,0.28592155088095417,-0.0010453556290108837,14135.04349666484
939,82.49899559190864,82.49899559190864,0.002584348503610813,0.0,5.084463893509877,203,0.2858069390481206,0.016861710086084294,14139.21453881623
940,82.27923227247005,82.27923227247005,-0.002667384551795174,0.0,5.084463893509877,203,0.28592526437662197,0.022613455282887295,14134.909658233923
941,82.8004128800975,82.8004128800975,0.006314313782192077,0.0,5.084463893509877,203,0.2856482759689292,0.0034764141744858413,14145.118915553945
942,83.09600222126174,83.09600222126174,0.0035635448033924156,0.0,5.084463893509877,203,0.28549720152328345,0.037491968515323715,14150.909130310281
943,83.31376611589948,83.31376611589948,0.0026172023567612155,0.0,5.084463893509877,203,0.28539397315366527,0.050247759600613985,14155.174844734092
944,82.74352102394306,82.74352102394306,-0.006868079604810616,0.0,5.084463893509877,203,0.28567933160897024,0.033575762026077725,14143.956784946664
945,83.43501811918601,83.43501811918601,0.008322387355401027,0.0,5.084463893509877,203,0.28534882949651746,-0.027637010140279694,14157.195730295163
946,83.62990201196212,83.62990201196212,0.0023330329433599393,0.0,5.084463893509877,203,0.28526201933843065,0.01728934832545299,14160.926848218167
947,83.67497595339546,83.67497595339546,0.0005388240088636829,0.0,5.084463893509877,203,0.28524204737895775,-0.037845962383413215,14161.789804044565
948,83.17301210077643,83.17301210077643,-0.006017038298495319,0.0,5.084463893509877,203,0.28546712600509555,-0.0563630400808232,14152.179466960246
949,82.7982286779756,82.7982286779756,-0.004516253033548463,0.0,5.084463893509877,203,0.28565170633208453,-0.04796932224298353,14145.004353237451
950,82.94677717817824,82.94677717817824,0.0017924949136131781,0.0,5.084463893509877,203,0.2855773121668874,-0.010420336682403296,14147.848268729604
951,83.69536688184627,83.69536688184627,0.00898445880456525,0.0,5.084463893509877,203,0.28523303961789115,0.030261271569189212,14162.179789092459
952,84.3002483493366,84.3002483493366,0.007201188919206954,0.0,5.084463893509877,203,0.2849730306068216,0.09127440636513494,14173.760059333921
953,84.58208606085599,84.58208606085599,0.0033376844789150327,0.0,5.084463893509877,203,0.2848657363053773,0.11257423628619986,14179.155755910922
954,83.98917325721088,83.98917325721088,-0.007034594759411371,0.0,5.084463893509877,203,0.2851050690390004,0.09052989452443187,14167.804622069245
955,84.58709915355116,84.58709915355116,0.007093861968037981,0.0,5.084463893509877,203,0.284912967804341,0.04350052967131535,14177.537159560747
956,84.77888206616042,84.77888206616042,0.00226471683626651,0.0,5.084463893509877,203,0.2848401800118879,0.04778043106555304,14180.486711433965
957,84.28608110971706,84.28608110971706,-0.005829739561339446,0.0,5.084463893509877,203,0.28498828944212884,0.02233362875351514,14172.562253352844
958,84.04257098241587,84.04257098241587,-0.0028932721095749378,0.0,5.084463893509877,203,0.28529330130102054,0.014711836469416891,14159.633599278004
959,84.57941048921319,84.57941048921319,0.00636739428512985,0.0,5.084463893509877,203,0.2851560969442955,0.006098677987251978,14169.49863678903
960,84.20324063750708,84.20324063750708,-0.004457454270741681,0.0,5.084463893509877,203,0.2854540832873383,-0.023300140251225718,14156.591756732212
961,84.28035910560658,84.28035910560658,0.000915441901796173,0.0,5.084463893509877,203,0.2853925759031163,-0.03964907959070944,14159.237792328664
962,84.15301111005141,84.15301111005141,-0.0015121471435044415,0.0,5.084463893509877,203,0.2854945467190533,-0.040274572364101334,14154.868315889624
963,84.09997675017297,84.09997675017297,-0.0006304121229502238,0.0,5.084463893509877,203,0.28553743961240885,-0.04056437927219499,14153.048637574795
964,83.4089063893122,83.4089063893122,-0.008251195622643568,0.0,5.084463893509877,203,0.2861436562040801,-0.052481221762069756,14129.337108811926
965,83.07978959318181,83.07978959318181,-0.003953628477837465,0.0,5.084463893509877,203,0.2864409433162796,-0.011324272717559212,14118.044680689169
966,82.83499200752037,82.83499200752037,-0.002950885520090743,0.0,5.084463893509877,203,0.286665061917244,0.013842533004016343,14109.645355060065
967,82.13159506757243,82.13159506757243,-0.008527802086465223,0.0,5.084463893509877,203,0.2873575551313188,0.05910674321829291,14085.510885231964
968,81.89304301736767,81.89304301736767,-0.0029087364091638594,0.0,5.084463893509877,203,0.2875992293837486,0.05524501226105136,14077.325852100423
969,81.71862698873936,81.71862698873936,-0.0021320740102783106,0.0,5.084463893509877,203,0.28777899994027595,0.043942838370621504,14071.341409829776
970,81.4539106237377,81.4539106237377,-0.0032446219334449893,0.0,5.084463893509877,203,0.28806092955140944,0.02846932682545593,14062.258644805792
971,81.36208782603035,81.36208782603035,-0.0011279334748014243,0.0,5.084463893509877,203,0.2881598782495035,0.08400382630114217,14059.108084411026
972,81.32613302465957,81.32613302465957,-0.000442008668705739,0.0,5.084463893509877,203,0.28819882321799806,0.09727923431639704,14057.874428107485
973,81.76246993708669,81.76246993708669,0.005350931280535603,0.0,5.084463893509877,203,0.2877331424470627,0.09530938744169085,14072.845718782475
974,82.05372034948074,82.05372034948074,0.00355582337450807,0.0,5.084463893509877,203,0.2874361039744973,0.11483934798207539,14082.838901708274
975,82.54295759489214,82.54295759489214,0.005944696968380195,0.0,5.084463893509877,203,0.2869470705928145,0.1374100887344566,14099.625272059895
976,83.60363496978843,83.60363496978843,0.012768143700953978,0.0,5.084463893509877,203,0.2859696860270871,0.17448977765553275,14136.018501327682
977,84.20576936968735,84.20576936968735,0.007176439085652643,0.0,5.084463893509877,203,0.28545368584270564,0.24319894786504062,14156.63128369676
978,84.73706349932581,84.73706349932581,0.006289652802697419,0.0,5.084463893509877,203,0.285042030657911,0.2732263460101451,14174.631361502476
979,84.67076150639727,84.67076150639727,-0.0007827501039170877,0.0,5.084463893509877,203,0.2850928912805383,0.2711872638690119,14172.385097845783
980,84.79584754176817,84.79584754176817,0.001476232501372848,0.0,5.084463893509877,203,0.2850111631351544,0.26880474892009826,14176.268077214516
981,84.28845419969855,84.28845419969855,-0.006001679160927248,0.0,5.084463893509877,203,0.28541860223434024,0.26101590824047166,14156.983288487332
982,84.11677852155407,84.11677852155407,-0.0020388408939539474,0.0,5.084463893509877,203,0.28556285684889826,0.2689958057684481,14150.826105010154
983,84.36935319390528,84.36935319390528,0.0029981679676454923,0.0,5.084463893509877,203,0.28546884558885605,0.26133529081501433,14155.53813929851
984,84.08533404112158,84.08533404112158,-0.003372057216950671,0.0,5.084463893509877,203,0.28567830123999316,0.2891361065507497,14146.688894886334
985,83.39644644162145,83.39644644162145,-0.008226464783610919,0.0,5.084463893509877,203,0.2862108528108973,0.28641163697659766,14124.244224225451
986,82.92072104664786,82.92072104664786,-0.005720716623106482,0.0,5.084463893509877,203,0.28659043510706017,0.3021044588213455,14109.247621633342
987,83.14584415960854,83.14584415960854,0.0027112411289353807,0.0,5.084463893509877,203,0.28640780184258796,0.3067526935670187,14116.212678938497
988,83.03221315659884,83.03221315659884,-0.0013675815273687943,0.0,5.084463893509877,203,0.2864998407495797,0.29567264187348896,14112.697249073926
989,82.7513058604512,82.7513058604512,-0.0033888478981288096,0.0,5.084463893509877,203,0.2867289221892469,0.29396003895020795,14104.006752009767
990,83.17387532834594,83.17387532834594,0.0050935051383369555,0.0,5.084463893509877,203,0.28638695205388986,0.2696836036979812,14117.033253630905
991,82.82909664119364,82.82909664119364,-0.0041538916902422295,0.0,5.084463893509877,203,0.2866616466540547,0.2591106520532189,14106.515391876226
992,83.86398723014652,83.86398723014652,0.012416878509962126,0.0,5.084463893509877,203,0.28585387936472256,0.2022529173720639,14138.085194822515
993,84.30730309082253,84.30730309082253,0.0052722065306474684,0.0,5.084463893509877,203,0.2855407814713738,0.2341658171031766,14151.608744571546
994,84.76185795404523,84.76185795404523,0.005377159922686889,0.0,5.084463893509877,203,0.28523145519608495,0.24380020988710865,14165.475145148961
995,84.49719757365489,84.49719757365489,-0.003127284330653253,0.0,5.084463893509877,203,0.28541056117576186,0.22488302729077334,14157.401561191582
996,84.67235501723592,84.67235501723592,0.0020707923321976254,0.0,5.084463893509877,203,0.2852914849132688,0.21376123068662436,14162.744817800018
997,84.50849207950557,84.50849207950557,-0.0019371340406847504,0.0,5.084463893509877,203,0.2854028416403522,0.22052675342734307,14157.746105173224
998,84.60334466698329,84.60334466698329,0.0011217736055531015,0.0,5.084463893509877,203,0.2853381972943695,0.21629641729574842,14160.63962602227
999,84.48341228167872,84.48341228167872,-0.0014185901673378037,0.0,5.084463893509877,203,0.28541999008723495,0.2199353309770233,14156.98103465874
1000,84.18446862416486,84.18446862416486,-0.0035447646455993576,0.0,4.845900385712982,163,0.3574682977149373,0.2350503975501182,12842.10362135487
1001,84.05539509408992,84.05539509408992,-0.0015343991910873307,0.0,4.845900385712982,163,0.3575176378514036,0.23187656864163522,12839.956407827434
1002,84.36710300040366,84.36710300040366,0.0037015038458184345,0.0,4.845900385712982,163,0.35739866025604133,0.22270750781248586,12845.141850827693
1003,83.6529752139031,83.6529752139031,-0.008500556532201366,0.0,4.845900385712982,163,0.3576821679972408,0.20548540914103391,12833.261918183085
1004,83.5822311885938,83.5822311885938,-0.0008460423023469106,0.0,4.845900385712982,163,0.35771326138094983,0.2532791709863944,12832.085050020874
1005,83.16436450933598,83.16436450933598,-0.005012007018795689,0.0,4.845900385712982,163,0.3578972340642702,0.25069479057041744,12825.133593855957
1006,83.34450196573405,83.34450196573405,0.002163698912724917,0.0,4.845900385712982,163,0.3578635319275209,0.24268797733049619,12826.979675175557
1007,82.91274662473366,82.91274662473366,-0.0051938344372157415,0.0,4.845900385712982,163,0.35806479850484646,0.23396636274789645,12819.793943807545
1008,83.36109194235686,83.36109194235686,0.005392867670458277,0.0,4.845900385712982,163,0.3579118908111771,0.19893713544740566,12826.10487448716
1009,83.60547340255668,83.60547340255668,0.002927312234121598,0.0,4.845900385712982,163,0.3579152502125438,0.215734485998549,12826.982447046274
1010,83.78896457181025,83.78896457181025,0.0021923218592733375,0.0,4.845900385712982,163,0.35787147424971916,0.20985794209989295,12829.134404079452
1011,84.56562111789499,84.56562111789499,0.009226503127550337,0.0,4.845900385712982,163,0.35774851535611174,0.18093240613688893,12837.496147753744
1012,84.53174116867925,84.53174116867925,-0.0004007152945612516,0.0,4.845900385712982,163,0.3577523432840488,0.16770643532386895,12837.131384909126
1013,84.58055007647525,84.58055007647525,0.0005772366844763411,0.0,4.845900385712982,163,0.35774683036468125,0.18464282870561458,12837.656877906087
1014,84.3759619351886,84.3759619351886,-0.0024217858056368785,0.0,4.845900385712982,163,0.35777002375575934,0.22412325315027104,12835.45421367199
1015,85.27253516477725,85.27253516477725,0.010569873499178314,0.0,4.845900385712982,163,0.3576866706999539,0.18757251210475984,12845.107020396976
1016,85.51402515975676,85.51402515975676,0.002827976106112614,0.0,4.845900385712982,163,0.3576716594598651,0.21446150914885917,12847.706982308202
1017,86.16471503631507,86.16471503631507,0.007580356095690524,0.0,4.845900385712982,163,0.35764092805632886,0.21194459989268402,12854.712526762394
1018,85.90901424019948,85.90901424019948,-0.0029719932891825326,0.0,4.845900385712982,163,0.3576476236455661,0.20888352694575085,12851.959566621636
1019,85.82357144604445,85.82357144604445,-0.0009950680106955117,0.0,4.845900385712982,163,0.3576528068145398,0.23636106478753482,12851.039660973327
1020,85.54540885116783,85.54540885116783,-0.0032463616074191333,0.0,4.845900385712982,163,0.3576697382708576,0.2429950011521076,12848.044869607877
1021,85.79542509482837,85.79542509482837,0.0029183518644914953,0.0,4.845900385712982,163,0.35765451502518447,0.23636171875790096,12850.736627959028
1022,85.5734752332729,85.5734752332729,-0.002590318140955777,0.0,4.845900385712982,163,0.35766802139101095,0.22934767915349924,12848.347041648029
1023,85.79500954808368,85.79500954808368,0.0025854746688176223,0.0,4.845900385712982,163,0.35765454029452226,0.2186617605977987,12850.732154044037
1024,85.51392497165055,85.51392497165055,-0.0032816131799633047,0.0,4.845900385712982,163,0.35767166559315766,0.19573412311850918,12847.7059036496
1025,85.41363344488151,85.41363344488151,-0.0011734975823371662,0.0,4.845900385712982,163,0.3576778349280112,0.19152461277232335,12846.626131588484
1026,85.48800480364098,85.48800480364098,0.0008703411414461712,0.0,4.845900385712982,163,0.35767325240271797,0.1701123320759776,12847.42683846695
1027,85.863200898032,85.863200898032,0.0043792711289168925,0.0,4.845900385712982,163,0.35765040270274157,0.15457614906412162,12851.466324884348
1028,85.78087069562093,85.78087069562093,-0.000959313164277494,0.0,4.845900385712982,163,0.35765540008658087,0.1429787713386673,12850.579930437943
1029,86.30861706076777,86.30861706076777,0.006133413800654886,0.0,4.845900385712982,163,0.35764222703822157,0.12449904516445216,12856.26182400163
1030,86.51604975616955,86.51604975616955,0.0024004998688139825,0.0,4.845900385712982,163,0.35764556831298994,0.1249965814319976,12858.495113655033
1031,85.81048708241562,85.81048708241562,-0.008188716947765861,0.0,4.845900385712982,163,0.3576536006095736,0.10683290787051229,12850.898790346075
1032,85.9885675600962,85.9885675600962,0.0020731259765243617,0.0,4.845900385712982,163,0.35764280522469244,0.10350625159613602,12852.816064223785
1033,86.1146108898315,86.1146108898315,0.0014647417137287747,0.0,4.845900385712982,163,0.35765015697655766,0.09665639479010309,12853.983176750655
1034,86.00619240681385,86.00619240681385,-0.0012597953911461914,0.0,4.845900385712982,163,0.3577213106365635,0.08554849279410304,12850.357366160208
1035,85.94950717045057,85.94950717045057,-0.0006593004890905303,0.0,4.845900385712982,163,0.35778425279265486,0.04212134703247817,12847.80957397253
1036,85.95462829724497,85.95462829724497,5.9581193692338106e-05,0.0,4.845900385712982,163,0.35780512899624983,-0.020754034097437795,12846.618759555195
1037,85.69973988702233,85.69973988702233,-0.002969788654424677,0.0,4.845900385712982,163,0.35794679197748586,-0.05557657101041338,12841.893560845223
1038,85.0068268935282,85.0068268935282,-0.008118220782285414,0.0,4.845900385712982,163,0.3580385034952713,-0.02685954032797369,12836.673140146597
1039,84.57075273123212,84.57075273123212,-0.005143075216489922,0.0,4.845900385712982,163,0.3581073185854792,0.009335948167068203,12833.182736915644
1040,84.06117865411481,84.06117865411481,-0.006043643383228077,0.0,4.845900385712982,163,0.3581886081041818,0.04119818709413776,12829.104029303586
1041,84.41609260547204,84.41609260547204,0.004213203047656805,0.0,4.845900385712982,163,0.35813189479824015,0.010997973750202318,12831.94481399031
1042,84.17980435865533,84.17980435865533,-0.002803014851240109,0.0,4.845900385712982,163,0.35816958767146456,0.006365553472134663,12830.05352729774
1043,84.69083856165439,84.69083856165439,0.006052393170948908,0.0,4.845900385712982,163,0.3580883014041925,0.0007814828301946048,12834.143921977127
1044,84.6186138441889,84.6186138441889,-0.0008531682173700858,0.0,4.845900385712982,163,0.3580997293274281,-0.026563572789583673,12833.565824467592
1045,85.00717720671021,85.00717720671021,0.0045814264418002695,0.0,4.845900385712982,163,0.3580384485072682,-0.07399050409138684,12836.675944106031
1046,84.94696800146937,84.94696800146937,-0.0007085347366602465,0.0,4.845900385712982,163,0.3580479005421545,-0.06792708784043999,12836.194020564864
1047,84.70178812490259,84.70178812490259,-0.00289044320588712,0.0,4.845900385712982,163,0.3580865692207869,-0.06110939283249782,12834.231563929445
1048,84.36151650242283,84.36151650242283,-0.004025380702229089,0.0,4.845900385712982,163,0.35814058024675904,-0.05367089685027496,12831.507978646952
1049,84.7149334364712,84.7149334364712,0.004180563868020996,0.0,4.845900385712982,163,0.35808448970876644,-0.052807691703088626,12834.336780981812
1050,84.90559959039774,84.90559959039774,0.002248150395818259,0.0,4.845900385712982,163,0.35805441315053016,-0.02948319533469429,12835.86290157606
1051,84.51769368158372,84.51769368158372,-0.004579141145712857,0.0,4.845900385712982,163,0.3581157493807529,0.008670323248907198,12832.758044296046
1052,84.18082202246833,84.18082202246833,-0.003993776773613449,0.0,4.845900385712982,163,0.3581694250040713,-0.03136170936394094,12830.061672832071
1053,84.22729898313338,84.22729898313338,0.0005519563019583079,0.0,4.845900385712982,163,0.35816199759734363,-0.062100100425473544,12830.43368142074
1054,84.4439026530209,84.4439026530209,0.002568355319157144,0.0,4.845900385712982,163,0.35812747530277983,-0.04532124285829434,12832.167409796735
1055,84.52407393866648,84.52407393866648,0.0009489524971417225,0.0,4.845900385712982,163,0.3581147355629835,-0.036483708641260174,12832.809112834066
1056,84.76572997977688,84.76572997977688,0.002854941049673434,0.0,4.845900385712982,163,0.35807645695022805,-0.029591288442337448,12834.7433641601
1057,85.12486288289149,85.12486288289149,0.004227820175388915,0.0,4.845900385712982,163,0.3580199922557414,-0.015285635807171533,12837.617917971707
1058,85.5282561850099,85.5282561850099,0.004727649346978665,0.0,4.845900385712982,163,0.3579568403061323,0.0049158242578076355,12840.84673867882
1059,85.46869662258383,85.46869662258383,-0.0006966155110568431,0.0,4.845900385712982,163,0.35796615777613056,-0.004854285490562624,12840.370014976525
1060,85.29254904324507,85.29254904324507,-0.0020630868688080637,0.0,4.845900385712982,163,0.35800126950261224,-0.009413303003324268,12838.76373424256
1061,84.65789183496594,84.65789183496594,-0.007468767426863988,0.0,4.845900385712982,163,0.3581997815498103,0.01298040675103391,12830.056867600153
1062,84.21332660302797,84.21332660302797,-0.00526515131545382,0.0,4.845900385712982,163,0.358324609877009,0.07955365215036084,12822.614004352425
1063,84.52791621612552,84.52791621612552,0.0037286673052640516,0.0,4.845900385712982,163,0.3582718580492666,0.056404826179844776,12824.880305121598
1064,84.4483149704982,84.4483149704982,-0.0009421591540607617,0.0,4.845900385712982,163,0.35831644084243747,0.04738258090174114,12823.022702688066
1065,84.76897207341727,84.76897207341727,0.003789890410461273,0.0,4.845900385712982,163,0.3582660671828984,0.05383360324491737,12828.047995010555
1066,84.71925361436104,84.71925361436104,-0.0005866892556175381,0.0,4.845900385712982,163,0.3582741788070138,0.061116961416203236,12827.255881475749
1067,84.71656152340087,84.71656152340087,-3.177711817550869e-05,0.0,4.845900385712982,163,0.35827461837529617,0.09186514441551628,12827.212991134274
1068,84.51178391225184,84.51178391225184,-0.0024201348842746865,0.0,4.845900385712982,163,0.35830897592995475,0.08024888487072648,12823.950478166349
1069,84.06596920763701,84.06596920763701,-0.005289140893973649,0.0,4.845900385712982,163,0.35840195631670524,0.0872702622992583,12816.847766854615
1070,83.57721101874814,83.57721101874814,-0.005830950868892432,0.0,4.845900385712982,163,0.35851704297512693,0.09575376852415218,12809.060880776187
1071,83.59728526567585,83.59728526567585,0.00024015920454792421,0.0,4.845900385712982,163,0.35851195348037007,0.10515203431833366,12809.3807032927
1072,83.54357897356543,83.54357897356543,-0.0006426470774007732,0.0,4.845900385712982,163,0.35852558698581766,0.10509452475447029,12808.525055678263
1073,83.32362510367899,83.32362510367899,-0.0026362759356074504,0.0,4.845900385712982,163,0.35860991721028296,0.10761492977542289,12805.020754847605
1074,82.63689371292081,82.63689371292081,-0.008275887725443874,0.0,4.845900385712982,163,0.3588927207026081,0.1434891173579096,12794.07976351921
1075,82.9431709693386,82.9431709693386,0.003699450248590161,0.0,4.845900385712982,163,0.3587674033571754,0.08298430977898746,12798.931306120068
1076,83.49208916117306,83.49208916117306,0.006596200608959372,0.0,4.845900385712982,163,0.35851174526457247,0.08342295381597666,12808.29568103351
1077,83.86971873296106,83.86971873296106,0.004512740599576885,0.0,4.845900385712982,163,0.35839595549559494,0.14898698020751489,12814.737924962077
1078,83.95417096022278,83.95417096022278,0.001006438767981308,0.0,4.845900385712982,163,0.3583715245093096,0.15617286586054763,12816.178653890574
1079,83.73348952710147,83.73348952710147,-0.002632054855812657,0.0,4.845900385712982,163,0.35843541265499895,0.14994130582660023,12812.413896761142
1080,82.06107032540605,82.06107032540605,-0.020175281161605045,0.0,4.845900385712982,163,0.35923627125244617,0.1471432428552093,12783.882941420097
1081,82.46681953952093,82.46681953952093,0.004932294907821085,0.0,4.845900385712982,163,0.3590007744412709,0.06478321554829337,12790.68399945613
1082,82.14910079041584,82.14910079041584,-0.003860126565938994,0.0,4.845900385712982,163,0.3591720824687629,0.05539232330218599,12785.594255524966
1083,82.28800955335687,82.28800955335687,0.0016895066532459256,0.0,4.845900385712982,163,0.3590881479044546,0.056351879360008184,12787.964350115582
1084,82.42827423867946,82.42827423867946,0.0017031068938355115,0.0,4.845900385712982,163,0.3590059184691379,0.05971109319760699,12790.357579778705
1085,82.80574161095872,82.80574161095872,0.004568890091623985,0.0,4.845900385712982,163,0.35882522470345896,0.06840778469353674,12796.720799814597
1086,82.67715549534512,82.67715549534512,-0.00155407167437297,0.0,4.845900385712982,163,0.35890922685472587,0.05901517845206408,12793.98394553867
1087,82.93193441184066,82.93193441184066,0.0030768735899802885,0.0,4.845900385712982,163,0.35885657010653793,0.05818339279766182,12796.275649555791
1088,82.94004388618158,82.94004388618158,9.777991955715209e-05,0.0,4.845900385712982,163,0.35889384932275065,0.06214073361221885,12794.679374189887
1089,82.55240528217458,82.55240528217458,-0.0046846767316270415,0.0,4.845900385712982,163,0.359118173124242,0.044369023581149636,12787.036771141476
1090,83.27906130338421,83.27906130338421,0.008763845451843723,0.0,4.845900385712982,163,0.3589958970579264,0.030911011714556427,12795.133504540234
1091,82.63373976052243,82.63373976052243,-0.007779083867877798,0.0,4.845900385712982,163,0.359122812489714,-0.003863103527948714,12787.747571422024
1092,82.54008466613017,82.54008466613017,-0.0011340187194193631,0.0,4.845900385712982,163,0.35914767299904243,-0.005613901736991181,12786.647663880114
1093,82.7588401688938,82.7588401688938,0.0026467883041509615,0.0,4.845900385712982,163,0.3590849228476121,-0.005761457598474178,12789.398687044406
1094,81.92207467054911,81.92207467054911,-0.0101623518481091,0.0,4.845900385712982,163,0.35936474524036816,-0.027402671500250053,12778.7553102639
1095,82.18690330706055,82.18690330706055,0.003227475664762421,0.0,4.845900385712982,163,0.3592884362183851,-0.053335704583135725,12781.7586298131
1096,81.96615470874995,81.96615470874995,-0.002689547597191748,0.0,4.845900385712982,163,0.35936583537277184,-0.05728590404024257,12778.983744535622
1097,81.1978450504681,81.1978450504681,-0.009417706578174052,0.0,4.845900385712982,163,0.3596668063196026,-0.053736517701764075,12769.20707911779
1098,81.34108399713163,81.34108399713163,0.0017625191033742809,0.0,4.845900385712982,163,0.3596177385815261,-0.09308191227003154,12770.819139446377
1099,81.86825848666463,81.86825848666463,0.006460124339686141,0.0,4.845900385712982,163,0.359422340828353,-0.09612276935988667,12777.32458051724
1100,81.4033468666523,81.4033468666523,-0.005694963010011569,0.0,4.845900385712982,163,0.3595716498783872,-0.10300772405581629,12772.003502723896
1101,81.16302924678585,81.16302924678585,-0.0029565498188116246,0.0,4.845900385712982,163,0.3596622509044435,-0.08868554925906083,12769.135024919842
1102,82.1176775259012,82.1176775259012,0.011693471641083395,0.0,4.845900385712982,163,0.359347894254524,-0.08878842242967214,12780.200204027691
1103,82.00892060020149,82.00892060020149,-0.0013252811288303541,0.0,4.845900385712982,163,0.35937645499803766,-0.09681539633173207,12779.02091682253
1104,82.19311015870998,82.19311015870998,0.0022434513740238787,0.0,4.845900385712982,163,0.3593199807994445,-0.09656544912150705,12781.179029353994
1105,81.29303850552503,81.29303850552503,-0.011011094879418653,0.0,4.845900385712982,163,0.3596158289523373,-0.10920941168956178,12770.633068281695
1106,81.95162253385854,81.95162253385854,0.008068718415489635,0.0,4.845900385712982,163,0.3594019117819078,-0.1564647682145648,12778.18665255714
1107,81.81542766200658,81.81542766200658,-0.0016632760141617469,0.0,4.845900385712982,163,0.359445596953676,-0.16672771130543967,12776.508351180573
1108,80.86878902985954,80.86878902985954,-0.011637875336386903,0.0,4.845900385712982,163,0.3597950058151659,-0.14158848703655905,12764.815409629631
1109,81.2111682389152,81.2111682389152,0.004224824883837197,0.0,4.845900385712982,163,0.359644626111836,-0.17849614968907976,12769.425515587554
1110,80.68274215045443,80.68274215045443,-0.006528077106748355,0.0,4.845900385712982,163,0.35988345535757355,-0.18537323302922606,12762.190510783792
1111,80.53601060425329,80.53601060425329,-0.00182027939317486,0.0,4.845900385712982,163,0.3599398423670562,-0.19018949918616926,12760.382368137696
1112,80.052484883952,80.052484883952,-0.006021940488772677,0.0,4.845900385712982,163,0.3601502528962423,-0.1833079163427322,12754.124328654738
1113,80.17143095495811,80.17143095495811,0.0014847482940918222,0.0,4.845900385712982,163,0.3601513767277376,-0.1918530350470364,12754.071632140718
1114,79.92165498353548,79.92165498353548,-0.0031203867753173582,0.0,4.845900385712982,163,0.360374320219828,-0.19884600381297346,12745.93503711232
1115,79.84334876106341,79.84334876106341,-0.0009802676043844903,0.0,4.845900385712982,163,0.36044440123657323,-0.20301011787764447,12743.94039626416
1116,79.50130957502954,79.50130957502954,-0.004293080357206811,0.0,4.845900385712982,163,0.3606979536069405,-0.21454186275203754,12736.89757851346
1117,79.85606848016053,79.85606848016053,0.004452376105979726,0.0,4.845900385712982,163,0.360510192926486,-0.2401976905454164,12742.112731233254
1118,80.33557657058574,80.33557657058574,0.005986698275375321,0.0,4.845900385712982,163,0.36026979886708194,-0.2185608525718541,12749.040302869937
1119,80.14922752554492,80.14922752554492,-0.0023223273984337945,0.0,4.845900385712982,163,0.3603819343662788,-0.22295887866560124,12745.859140467193
1120,79.78264444265429,79.78264444265429,-0.004584248534927891,0.0,4.845900385712982,163,0.3606275375465941,-0.22250208554044573,12739.26490896017
1121,80.21611668823178,80.21611668823178,0.005418458281352284,0.0,4.845900385712982,163,0.36037994304710924,-0.24963931686456858,12746.090649231379
1122,80.10189969277856,80.10189969277856,-0.0014248805886693814,0.0,4.845900385712982,163,0.36045944069982555,-0.24317544020523718,12743.995396446424
1123,79.58432306799962,79.58432306799962,-0.006482443235233319,0.0,4.845900385712982,163,0.3608037163922649,-0.24035974691399573,12734.719458139183
1124,79.83630357987936,79.83630357987936,0.0031612060122900775,0.0,4.845900385712982,163,0.3606502739719543,-0.2501733140154743,12738.831623803524
1125,79.7779652450558,79.7779652450558,-0.0007309915065963967,0.0,4.845900385712982,163,0.3606968314699858,-0.2538195970266764,12737.605181641113
1126,79.53602211017744,79.53602211017744,-0.0030373142357956358,0.0,4.845900385712982,163,0.3608595699132529,-0.2538580301787117,12733.34506744542
1127,79.79434484130537,79.79434484130537,0.0032426079524591348,0.0,4.845900385712982,163,0.36069270152793864,-0.25531851228383917,12737.843784841432
1128,79.95418274930233,79.95418274930233,0.0020011196816229863,0.0,4.845900385712982,163,0.3605932236245372,-0.2511911887178123,12740.529907965294
1129,80.27487841009787,80.27487841009787,0.004002970331404233,0.0,4.845900385712982,163,0.36041271206824266,-0.25512118629322456,12745.572830594736
1130,80.03736848690464,80.03736848690464,-0.002963093607219925,0.0,4.845900385712982,163,0.3605606232748213,-0.2608822276832802,12741.549534431211
1131,80.30641719163489,80.30641719163489,0.003355901272949331,0.0,4.845900385712982,163,0.3603998462691036,-0.2635614107687226,12745.989142138484
1132,80.40525845875469,80.40525845875469,0.0012300447889939232,0.0,4.845900385712982,163,0.36035078904599577,-0.2590765246858635,12747.524627885226
1133,80.92661991847876,80.92661991847876,0.0064632393782281215,0.0,4.845900385712982,163,0.3601015797343624,-0.2548878525636984,12756.236044123028
1134,81.69253414189095,81.69253414189095,0.009419799177947935,0.0,4.845900385712982,163,0.3598065546620403,-0.20031615103872172,12768.34498150119
1135,81.05435503440295,81.05435503440295,-0.007842636891585245,0.0,4.845900385712982,163,0.36004777388551595,-0.2465241880643498,12758.255508538807
1136,80.20247890273224,80.20247890273224,-0.010565556020217132,0.0,4.845900385712982,163,0.3604449008462218,-0.22218604656990065,12744.551424474526
1137,79.59768165490497,79.59768165490497,-0.007569455918600679,0.0,4.845900385712982,163,0.3608748485943593,-0.19252453381978396,12733.127761085883
1138,80.10897818579524,80.10897818579524,0.006402967518616488,0.0,4.845900385712982,163,0.3606216901878349,-0.20929221647640162,12740.299482373583
1139,80.02557935362606,80.02557935362606,-0.0010416095187817521,0.0,4.845900385712982,163,0.36069259211210775,-0.2275029220285151,12737.359938779999
1140,79.53080016489307,79.53080016489307,-0.00620195539868229,0.0,4.845900385712982,163,0.36105276183705914,-0.21134830296866003,12727.145734748616
1141,79.68188553966719,79.68188553966719,0.0018979068088318565,0.0,4.845900385712982,163,0.36103037697679474,-0.21176078218945935,12727.953225574942
1142,80.2656132645085,80.2656132645085,0.0072990240015957586,0.0,4.845900385712982,163,0.36077435773876876,-0.19137970417372835,12735.73219532755
1143,80.21537410357917,80.21537410357917,-0.0006261073463524752,0.0,4.845900385712982,163,0.36080289698465856,-0.19533466387486817,12734.925166104584
1144,79.58996233874095,79.58996233874095,-0.007827209926241226,0.0,4.845900385712982,163,0.3611383802666617,-0.19575134234999145,12725.251623851162
1145,79.2115905485796,79.2115905485796,-0.004765350203506552,0.0,4.845900385712982,163,0.36136554452089886,-0.1781734125998684,12719.109686186353
1146,79.50843703390075,79.50843703390075,0.0037405088185877835,0.0,4.845900385712982,163,0.3612389524572774,-0.18421145497672436,12722.799969913378
1147,80.29905106609564,80.29905106609564,0.009894661282295053,0.0,4.845900385712982,163,0.360827769473549,-0.15279537838637638,12734.713156674748
1148,79.96542028900856,79.96542028900856,-0.004163508683090846,0.0,4.845900385712982,163,0.3609699121745045,-0.16948735486113972,12730.168933254725
1149,80.14841882225656,80.14841882225656,0.002285856287582442,0.0,4.845900385712982,163,0.36087238618139383,-0.15579581421214483,12732.989110490902
1150,80.91679782638226,80.91679782638226,0.009541288296702963,0.0,4.845900385712982,163,0.3605397165445013,-0.10660014474047255,12744.04140584529
1151,81.21616303715456,81.21616303715456,0.0036928401157059346,0.0,4.845900385712982,163,0.36040873007548224,-0.0904677063968056,12748.355588034314
1152,81.83096695081855,81.83096695081855,0.00754146150933627,0.0,4.845900385712982,163,0.3602349663290532,-0.07088352787673774,12756.278635819926
1153,81.55506555349764,81.55506555349764,-0.003377297989791256,0.0,4.845900385712982,163,0.36036076286136864,-0.06890775234115258,12751.577782134373
1154,81.27084750901082,81.27084750901082,-0.0034910700367239817,0.0,4.845900385712982,163,0.36053102145644245,-0.04923850021048528,12746.098373898867
1155,80.87057767326105,80.87057767326105,-0.00493730270858158,0.0,4.845900385712982,163,0.36067483972616976,-0.0362292609519578,12740.953652307562
1156,80.80784053272592,80.80784053272592,-0.0007760731998754096,0.0,4.845900385712982,163,0.3607184984162249,-0.046799473109471135,12739.61476943992
1157,80.61729904716232,80.61729904716232,-0.0023607422555342976,0.0,4.845900385712982,163,0.3607893711776316,-0.03873788566016151,12737.124621014022
1158,80.89424922850273,80.89424922850273,0.003429481739719128,0.0,4.845900385712982,163,0.36066898949483844,-0.04939391290719224,12741.1880636766
1159,80.86888323063259,80.86888323063259,-0.00031361902668963255,0.0,4.845900385712982,163,0.3606810720915824,-0.03080203488399147,12740.78828277979
1160,81.2406570419533,81.2406570419533,0.004586706772137427,0.0,4.845900385712982,163,0.36050256050682145,-0.040432898776998925,12746.648367049691
1161,80.98964619342384,80.98964619342384,-0.003094502615467358,0.0,4.845900385712982,163,0.36063874483170283,-0.029251133860993865,12742.43928871227
1162,81.33173388717547,81.33173388717547,0.004214949380503061,0.0,4.845900385712982,163,0.3605133431254722,-0.030865806122451954,12746.97376162683
1163,80.69362065621631,80.69362065621631,-0.007876749067679373,0.0,4.845900385712982,163,0.360785707641883,-0.04773327136955475,12738.031076170242
1164,80.83013500497115,80.83013500497115,0.0016903319353904556,0.0,4.845900385712982,163,0.36078388773536363,-0.040799390240116515,12738.27268745235
1165,81.05621294584387,81.05621294584387,0.0027930469827262376,0.0,4.845900385712982,163,0.3607295790850028,0.014856071432712187,12740.762223838954
1166,80.37991442104993,80.37991442104993,-0.008378576619710882,0.0,4.845900385712982,163,0.3610173112768278,0.007228949689487552,12731.096354526175
1167,80.1342275904455,80.1342275904455,-0.0030612507956214218,0.0,4.845900385712982,163,0.36117880540030745,0.011606666796380812,12725.673588479181
1168,79.90276557231518,79.90276557231518,-0.002892608451913895,0.0,4.845900385712982,163,0.36131923324116577,0.050642461691924254,12721.227976911552
1169,79.73736602959475,79.73736602959475,-0.0020721556696781276,0.0,4.845900385712982,163,0.3614214986355274,0.07346214680345053,12718.334959451715
1170,79.52048752590404,79.52048752590404,-0.002723616235148116,0.0,4.845900385712982,163,0.3616083571290052,0.071259287469182,12713.343738608142
1171,79.31350767009907,79.31350767009907,-0.002606242734230599,0.0,4.845900385712982,163,0.3617277739771065,0.06894976977897731,12709.858509836306
1172,79.85518296759228,79.85518296759228,0.006806330899189485,0.0,4.845900385712982,163,0.3613565919251268,0.06324089563676552,12720.017039539818
1173,79.78038778053521,79.78038778053521,-0.0009370742645858296,0.0,4.845900385712982,163,0.36139894971659564,0.062378392367678746,12718.793498894453
1174,79.40797935095958,79.40797935095958,-0.004678848281082226,0.0,4.845900385712982,163,0.36169329411202833,0.0627575170774216,12710.954883087825
1175,78.92299409534012,78.92299409534012,-0.006126240013390631,0.0,4.845900385712982,163,0.3619587746184943,0.07726699061203106,12703.665077415022
1176,79.4683892696754,79.4683892696754,0.006886704545046095,0.0,4.845900385712982,163,0.3615690426581462,0.060979291959460856,12713.907715565834
1177,79.27090512815009,79.27090512815009,-0.0024881582617421317,0.0,4.845900385712982,163,0.3616763564926472,0.03228212575371892,12710.86963558744
1178,78.8386424457714,78.8386424457714,-0.005467902046292719,0.0,4.845900385712982,163,0.3620311677572347,0.04906936085960722,12701.841879069892
1179,78.45346464709976,78.45346464709976,-0.0048976210659106645,0.0,4.845900385712982,163,0.3622496336233073,0.05844719415073693,12696.004969245942
1180,77.98024014551,77.98024014551,-0.006050178837545498,0.0,4.845900385712982,163,0.3626586802127224,0.0901134947499597,12685.59117544434
1181,78.06568158754769,78.06568158754769,0.001095080853472276,0.0,4.845900385712982,163,0.36261691507383886,0.09024558743163415,12686.715710298045
1182,78.53153121024233,78.53153121024233,0.005949671626622467,0.0,4.845900385712982,163,0.36226599896137424,0.09001737549411733,12695.759826424612
1183,78.44886044986939,78.44886044986939,-0.0010532623487726708,0.0,4.845900385712982,163,0.3623193313539232,0.10315769394316382,12694.341739200005
1184,77.55444456366594,77.55444456366594,-0.011466753046033382,0.0,4.845900385712982,163,0.3631484022438468,0.10230206001461635,12672.943605697665
1185,77.53594288466856,77.53594288466856,-0.00023859220922143294,0.0,4.845900385712982,163,0.36316930410071085,0.10026376731799551,12672.380170415761
1186,76.84901255258895,76.84901255258895,-0.008898987124861781,0.0,4.845900385712982,163,0.36379021298060676,0.10085747709886433,12656.742380568947
1187,77.27553971390343,77.27553971390343,0.0055348514420962116,0.0,4.845900385712982,163,0.3635203364164198,0.06453188086190782,12663.742936331153
1188,77.60368177669096,77.60368177669096,0.004237399318345509,0.0,4.845900385712982,163,0.36330485775263277,0.07409734030020562,12669.989754733
1189,77.17799156839662,77.17799156839662,-0.005500538563747811,0.0,4.845900385712982,163,0.36376349449607925,0.06654765374900677,12656.622900086193
1190,77.27479224097925,77.27479224097925,0.0012534663716564755,0.0,4.845900385712982,163,0.3637676813203504,0.06669271474959344,12656.471799699964
1191,77.30187138822956,77.30187138822956,0.00035036527366483076,0.0,4.845900385712982,163,0.36381904509749596,0.06395293531089734,12655.064222834757
1192,77.08940043921436,77.08940043921436,-0.002752371693455238,0.0,4.845900385712982,163,0.3639351977084813,0.05471783500748378,12650.802219260337
1193,77.55329667712381,77.55329667712381,0.00599960603462043,0.0,4.845900385712982,163,0.3637612929867554,0.004794387588501936,12659.596005267362
1194,77.38811047947621,77.38811047947621,-0.002132241642351071,0.0,4.845900385712982,163,0.36381316409858033,0.04341059914336491,12656.460147175028
1195,77.42457994912213,77.42457994912213,0.00047114316299998204,0.0,4.845900385712982,163,0.36382130829529663,-0.0004574300503229266,12656.709454268495
1196,77.46343059011531,77.46343059011531,0.0005016610604357933,0.0,4.845900385712982,163,0.36381967231034823,-0.046699260534934436,12657.200252093731
1197,77.5305601703915,77.5305601703915,0.0008662217695577648,0.0,4.845900385712982,163,0.36381396495462276,-0.013029605883404294,12658.124056389792
1198,78.0612025662596,78.0612025662596,0.006820983886476728,0.0,4.845900385712982,163,0.36371341577269584,-0.0034682128933592655,12667.03025405979
1199,78.43077657505751,78.43077657505751,0.004723241381375667,0.0,4.845900385712982,163,0.36359736894219136,0.019356159662490907,12674.589195010047
1200,77.73503308604754,77.73503308604754,-0.008910376653067419,0.0,4.590159010203828,133,0.4156140391410851,-0.001231588387001611,11712.330589111754
1201,77.90800708000818,77.90800708000818,0.002222702216424848,0.0,4.590159010203828,133,0.4156379486326308,-0.027647087785722876,11713.26610752676
1202,77.49854957513199,77.49854957513199,-0.005269513219589185,0.0,4.590159010203828,133,0.41558143603085684,-0.03682265458008074,11711.199232705983
1203,77.85495687456333,77.85495687456333,0.004588347348714687,0.0,4.590159010203828,133,0.4156158483574472,-0.05307209931184742,11713.236193440986
1204,78.09818124429998,78.09818124429998,0.003119200676215596,0.0,4.590159010203828,133,0.4156651132711226,-0.06502322937271869,11714.426359862753
1205,77.8100077550975,77.8100077550975,-0.003696711753573795,0.0,4.590159010203828,133,0.4156289916647445,-0.06093445769990359,11712.59597009989
1206,77.44891730411621,77.44891730411621,-0.0046514698191370794,0.0,4.590159010203828,133,0.41558405868947196,-0.08056920419670216,11710.770518184094
1207,77.95756149090488,77.95756149090488,0.006546007695741915,0.0,4.590159010203828,133,0.41563749833019614,-0.0776666590764457,11713.720497677814
1208,77.97147821928348,77.97147821928348,0.00017850079037779758,0.0,4.590159010203828,133,0.41564141945424626,-0.06756677767616703,11713.766346785267
1209,78.55924708143876,78.55924708143876,0.007509984043455657,0.0,4.590159010203828,133,0.4157398883642099,-0.0797821501371222,11717.189496795241
1210,77.76130826910202,77.76130826910202,-0.010209095547395184,0.0,4.590159010203828,133,0.4155869482363507,-0.16616421148608207,11713.207501990868
1211,77.95830797020862,77.95830797020862,0.002530186125049105,0.0,4.590159010203828,133,0.4156212140476764,-0.21439062955522592,11714.166859493776
1212,78.09874205923167,78.09874205923167,0.0017997793358833535,0.0,4.590159010203828,133,0.41564868709864156,-0.2022830885564995,11714.90716730618
1213,77.38608971467757,77.38608971467757,-0.00916690492431923,0.0,4.590159010203828,133,0.41554084649116135,-0.21322167587926522,11711.291608904234
1214,77.40567950314026,77.40567950314026,0.00025311150155169415,0.0,4.590159010203828,133,0.4155417238123874,-0.2286384963490462,11711.439299712163
1215,77.38431794956601,77.38431794956601,-0.00027600690046376684,0.0,4.590159010203828,133,0.41554157140213094,-0.2311711581827379,11711.175359085799
1216,77.55914533543718,77.55914533543718,0.0022566613183578606,0.0,4.590159010203828,133,0.41555136182974683,-0.22884279107784664,11712.290895147933
1217,77.54338199068496,77.54338199068496,-0.00020326354545264052,0.0,4.590159010203828,133,0.4155558334153177,-0.22325033687497547,11712.069407974503
1218,78.10079009226696,78.10079009226696,0.007162625843151651,0.0,4.590159010203828,133,0.41563263632011965,-0.21473432284647212,11715.678029718396
1219,77.49336934891721,77.49336934891721,-0.007807797301795035,0.0,4.590159010203828,133,0.4155843421455947,-0.2463727770685897,11711.106371789987
1220,76.717265651311,76.717265651311,-0.01006558659510989,0.0,4.590159010203828,133,0.41570071465079406,-0.18677222038266797,11704.632915332422
1221,76.86994009073261,76.86994009073261,0.001988114686668045,0.0,4.590159010203828,133,0.41569500220772465,-0.19634804329988753,11704.70408243323
1222,78.04600492085379,78.04600492085379,0.015183555497104467,0.0,4.590159010203828,133,0.41564539457047417,-0.12531133513609857,11711.210331837081
1223,77.5820317633312,77.5820317633312,-0.005962608563754151,0.0,4.590159010203828,133,0.415662824434146,-0.1651073213112691,11710.57027681071
1224,76.8918900183331,76.8918900183331,-0.008935441385789918,0.0,4.590159010203828,133,0.4156892529141672,-0.14036566033851117,11707.487456030853
1225,77.123302186658,77.123302186658,0.0030050586459263364,0.0,4.590159010203828,133,0.4156877900643324,-0.14230852992374704,11708.230331501645
1226,77.24099065082603,77.24099065082603,0.0015248149012631017,0.0,4.590159010203828,133,0.4156861660442737,-0.15196491099731965,11708.625627560243
1227,77.1745880107818,77.1745880107818,-0.0008600510999326928,0.0,4.590159010203828,133,0.41569215648667385,-0.15584753000180854,11708.298334260335
1228,77.70054323318121,77.70054323318121,0.006792016769874598,0.0,4.590159010203828,133,0.41569590057745165,-0.15479009994257367,11710.431461677717
1229,76.92259109064975,76.92259109064975,-0.010062643088093284,0.0,4.590159010203828,133,0.4157369920951704,-0.18598590639208204,11706.613118225601
1230,77.04153796000384,77.04153796000384,0.0015451247475901804,0.0,4.590159010203828,133,0.41573437014940645,-0.1991308388041656,11707.033253251591
1231,77.47138302219513,77.47138302219513,0.00556388641603672,0.0,4.590159010203828,133,0.41573631347911455,-0.18101921842870006,11708.574132652962
1232,77.80081622900857,77.80081622900857,0.004243305662014328,0.0,4.590159010203828,133,0.4157365634506675,-0.16744070461640742,11710.110022464083
1233,77.56363452987405,77.56363452987405,-0.003053232347955072,0.0,4.590159010203828,133,0.41573282169954306,-0.17434186974375418,11709.063111158977
1234,77.74900776756533,77.74900776756533,0.002387098989165269,0.0,4.590159010203828,133,0.41571396398193955,-0.1924123230348893,11710.311727274757
1235,78.02216246516464,78.02216246516464,0.0035071313539474175,0.0,4.590159010203828,133,0.41573327368320284,-0.16637236755737678,11711.797660396964
1236,78.18599418538192,78.18599418538192,0.00209760852187606,0.0,4.590159010203828,133,0.41575358009533325,-0.15716821341984846,11712.367543164306
1237,78.64958259446007,78.64958259446007,0.005911793341409487,0.0,4.590159010203828,133,0.4157903399180335,-0.15333763531378997,11714.368119117073
1238,79.50986822190217,79.50986822190217,0.010878820171171031,0.0,4.590159010203828,133,0.4158594892326427,-0.1267230548708104,11719.689378752277
1239,79.05300563930132,79.05300563930132,-0.0057625575991477815,0.0,4.590159010203828,133,0.41581633523737893,-0.1743882895883141,11716.961276888353
1240,79.05451496959363,79.05451496959363,1.9092454129153556e-05,0.0,4.590159010203828,133,0.41582472265682746,-0.17474333703697636,11716.62637626271
1241,79.02919125975274,79.02919125975274,-0.0003203835570600878,0.0,4.590159010203828,133,0.41583216332835266,-0.17739732072912495,11716.282732557702
1242,79.02235274468963,79.02235274468963,-8.653525165419704e-05,0.0,4.590159010203828,133,0.4158365887950165,-0.17688288498120674,11716.137041435015
1243,78.75590559824487,78.75590559824487,-0.0033774919628765617,0.0,4.590159010203828,133,0.41580722841670514,-0.1823441867273075,11714.68412340883
1244,78.01161437796988,78.01161437796988,-0.009495548731335542,0.0,4.590159010203828,133,0.41582625211955926,-0.17077544270718412,11709.516369027531
1245,78.52007273375095,78.52007273375095,0.006496577830014791,0.0,4.590159010203828,133,0.4158343800709612,-0.2017586296389466,11712.445975832798
1246,78.07410623447326,78.07410623447326,-0.005695840137966706,0.0,4.590159010203828,133,0.4158548041588247,-0.20098185374804867,11709.313256615897
1247,78.4836350167767,78.4836350167767,0.005231676352913224,0.0,4.590159010203828,133,0.41587479573837227,-0.22880718871838834,11711.390374549143
1248,79.02320453300636,79.02320453300636,0.006851405671849259,0.0,4.590159010203828,133,0.4158866982592874,-0.1956680824135018,11713.823706042107
1249,78.75529167874907,78.75529167874907,-0.0033960662344022507,0.0,4.590159010203828,133,0.41589828912719606,-0.20800209928852012,11713.256721592103
1250,79.5493424629288,79.5493424629288,0.010032017672816354,0.0,4.590159010203828,133,0.4160780543191111,-0.21675476925474016,11717.769546342695
1251,79.88141538427999,79.88141538427999,0.004165738230822282,0.0,4.590159010203828,133,0.41609759126209583,-0.19761357940526966,11718.299479225338
1252,80.26121535593944,80.26121535593944,0.004743280187014204,0.0,4.590159010203828,133,0.41618032270152705,-0.17996913394250336,11720.275215763224
1253,80.3927985406153,80.3927985406153,0.001638094323423074,0.0,4.590159010203828,133,0.41619634860270227,-0.17288311554129648,11720.642072957879
1254,80.04187538935204,80.04187538935204,-0.00437466169028278,0.0,4.590159010203828,133,0.4161821871999924,-0.17413452645596467,11719.079849105452
1255,80.4344797299156,80.4344797299156,0.004892996523548935,0.0,4.590159010203828,133,0.4161833038980342,-0.18338347750634157,11721.20546338991
1256,80.00353383529664,80.00353383529664,-0.005372129976669017,0.0,4.590159010203828,133,0.4161620192864127,-0.19289823512021645,11719.331766892139
1257,80.32509958859463,80.32509958859463,0.004011338182321048,0.0,4.590159010203828,133,0.4161804462447869,-0.2028132431012926,11721.007351356915
1258,80.42648308882234,80.42648308882234,0.0012613687776046084,0.0,4.590159010203828,133,0.41619415436719476,-0.21916875803189503,11721.222382771173
1259,80.63642757743123,80.63642757743123,0.0026069888672175137,0.0,4.590159010203828,133,0.41620990936560714,-0.19949954239523024,11722.181567232341
1260,80.1760863237755,80.1760863237755,-0.005725207571346811,0.0,4.590159010203828,133,0.41618651632334314,-0.20321138579623296,11720.197291388387
1261,80.42237784202872,80.42237784202872,0.003067173931157378,0.0,4.590159010203828,133,0.4162031457082796,-0.206017833476984,11721.39173878274
1262,79.8988673712572,79.8988673712572,-0.00653079173345151,0.0,4.590159010203828,133,0.4161754267334551,-0.20136380888078204,11719.163111107866
1263,79.71255468989781,79.71255468989781,-0.002334579362485059,0.0,4.590159010203828,133,0.4161808685572481,-0.19788486784077106,11717.586949545283
1264,79.9159489651727,79.9159489651727,0.002548346701110158,0.0,4.590159010203828,133,0.4162013011050418,-0.19542088885643003,11718.201817157913
1265,80.29988858286615,80.29988858286615,0.004792789009125317,0.0,4.590159010203828,133,0.4162214598440922,-0.20166380049660612,11720.278791423818
1266,80.61424483311708,80.61424483311708,0.0039071353582602495,0.0,4.590159010203828,133,0.4162493423247354,-0.1794283863725608,11721.325350662346
1267,80.32097594847605,80.32097594847605,-0.0036445621764685902,0.0,4.590159010203828,133,0.41625611535696794,-0.18748880230383108,11719.073152590774
1268,80.69101245510967,80.69101245510967,0.0045963926261266335,0.0,4.590159010203828,133,0.4162894782889905,-0.19336271220896725,11720.338044411663
1269,80.84121686844404,80.84121686844404,0.0018597459746017512,0.0,4.590159010203828,133,0.41630182213357353,-0.15498872240950026,11720.913939374937
1270,81.46255863187046,81.46255863187046,0.007656566175595839,0.0,4.590159010203828,133,0.41636481405688996,-0.14455137317139258,11723.15825074792
1271,81.20037693195499,81.20037693195499,-0.0032236222228540145,0.0,4.590159010203828,133,0.4163735035107618,-0.15998944117123726,11721.425618498884
1272,81.78543243912385,81.78543243912385,0.007179251031950809,0.0,4.590159010203828,133,0.416380987458038,-0.1646824401510529,11724.986832545479
1273,81.31699640603894,81.31699640603894,-0.005744087618890768,0.0,4.590159010203828,133,0.4163301583880658,-0.1964886723554349,11723.23684390561
1274,80.882834427359,80.882834427359,-0.0053534336422562554,0.0,4.590159010203828,133,0.4163631609703873,-0.17045260380378255,11719.859166878447
1275,80.61838331268217,80.61838331268217,-0.0032749146381929246,0.0,4.590159010203828,133,0.41634591186092185,-0.15497649374072717,11718.773864854944
1276,80.75392355290178,80.75392355290178,0.0016798455041696053,0.0,4.590159010203828,133,0.41632359375202543,-0.15649651581444737,11719.823572158855
1277,80.45879517879663,80.45879517879663,-0.0036613575668616345,0.0,4.590159010203828,133,0.41632049162693496,-0.15445619523892645,11715.439640733519
1278,80.9054388808565,80.9054388808565,0.005535859235547332,0.0,4.590159010203828,133,0.41630422311892695,-0.13741622196774553,11716.00178632786
1279,81.21031859905634,81.21031859905634,0.0037612639557017776,0.0,4.590159010203828,133,0.41632967340402305,-0.18597725139892365,11717.228814355889
1280,80.7097589626901,80.7097589626901,-0.006182818566882266,0.0,4.590159010203828,133,0.4163381601077195,-0.1984240111072995,11716.378755782554
1281,80.52542988509002,80.52542988509002,-0.002286463137755907,0.0,4.590159010203828,133,0.41632237451490717,-0.19482996402127828,11715.43116065862
1282,80.72200046603221,80.72200046603221,0.0024381247861068917,0.0,4.590159010203828,133,0.4163586011665242,-0.16166363130340758,11716.045625980247
1283,81.54962249571014,81.54962249571014,0.010200541423134452,0.0,4.590159010203828,133,0.41635053484913725,-0.18801776040181278,11722.181335345556
1284,81.10748291615349,81.10748291615349,-0.0054364753067408815,0.0,4.590159010203828,133,0.4162792782835918,-0.2205161586739459,11720.45929102066
1285,81.17719165850174,81.17719165850174,0.0008590921702036648,0.0,4.590159010203828,133,0.4162986945138473,-0.2220304233498896,11720.559255596876
1286,81.24774391127808,81.24774391127808,0.0008687367732793773,0.0,4.590159010203828,133,0.4163158742172457,-0.22131824396262287,11720.712079025447
1287,80.62310934109469,80.62310934109469,-0.007717728770475333,0.0,4.590159010203828,133,0.41636241158056353,-0.20538858123503895,11715.280572566815
1288,80.43272483248148,80.43272483248148,-0.002364206155823825,0.0,4.590159010203828,133,0.4163372920758863,-0.14890169459937136,11714.480189301095
1289,80.75475406933035,80.75475406933035,0.003995715641137729,0.0,4.590159010203828,133,0.4163334379302341,-0.1613045021229047,11716.799137205537
1290,80.46245508256254,80.46245508256254,-0.0036261551554211584,0.0,4.590159010203828,133,0.4163264377655862,-0.17176093531601103,11714.901055973003
1291,81.04082493961005,81.04082493961005,0.007162360163438868,0.0,4.590159010203828,133,0.4163679969477435,-0.20032118393338666,11718.094105500626
1292,81.1268895135306,81.1268895135306,0.0010614268356805253,0.0,4.590159010203828,133,0.4163874219808693,-0.19146340850328378,11718.313697818325
1293,80.87937210639286,80.87937210639286,-0.00305565472905108,0.0,4.590159010203828,133,0.41638804715812444,-0.1880294892377555,11716.525257818552
1294,80.75026295804517,80.75026295804517,-0.0015975928641637097,0.0,4.590159010203828,133,0.41639128513912954,-0.1852938166218511,11715.54379421461
1295,80.91993888477708,80.91993888477708,0.0020990385005604166,0.0,4.590159010203828,133,0.4164140046148444,-0.19133627688343294,11716.270510005113
1296,80.65215637792679,80.65215637792679,-0.00331471534858285,0.0,4.590159010203828,133,0.416407629596111,-0.1995328149390012,11714.517127757725
1297,80.02820155749656,80.02820155749656,-0.007766449673621645,0.0,4.590159010203828,133,0.41640042131000504,-0.21327019456096716,11710.459309763386
1298,80.49162103248028,80.49162103248028,0.005774000431897095,0.0,4.590159010203828,133,0.4164386625067336,-0.21191000903487173,11712.79127668734
1299,81.11172175287132,81.11172175287132,0.007674392783839505,0.0,4.590159010203828,133,0.41646856299552304,-0.18201415835235432,11716.213056156032
1300,81.51870551058549,81.51870551058549,0.005005024141542067,0.0,4.590159010203828,133,0.41649881521505805,-0.1568532720363985,11717.289154828493
1301,81.73658570504475,81.73658570504475,0.002669197698846571,0.0,4.590159010203828,133,0.4164805429901432,-0.15016134007122045,11718.17477177961
1302,81.77436777304956,81.77436777304956,0.00046213501754544504,0.0,4.590159010203828,133,0.4164815871124396,-0.15213448308865193,11717.875563973927
1303,82.30046500272819,82.30046500272819,0.006412915665094797,0.0,4.590159010203828,133,0.416539994634114,-0.17943233508812023,11719.132575055644
1304,82.12844907999721,82.12844907999721,-0.002092283908128079,0.0,4.590159010203828,133,0.4165164405835741,-0.16133332434329503,11718.573738812458
1305,81.7244540403608,81.7244540403608,-0.004931201713200124,0.0,4.590159010203828,133,0.41646481635849664,-0.12189017912730117,11717.512160822802
1306,81.77389906890639,81.77389906890639,0.0006048382642719323,0.0,4.590159010203828,133,0.41647022694279123,-0.10371432353028147,11717.593486395821
1307,81.9871140225236,81.9871140225236,0.0026039784448219886,0.0,4.590159010203828,133,0.41648793040529075,-0.126258353055295,11718.060509680712
1308,82.74487379491195,82.74487379491195,0.009199975391838065,0.0,4.590159010203828,133,0.41646201540991035,-0.09246666449266698,11721.784466196214
1309,82.06456557761148,82.06456557761148,-0.008255741708511405,0.0,4.590159010203828,133,0.4164330691263043,-0.11517401195937155,11719.544860775955
1310,82.19001366897281,82.19001366897281,0.0015274839377765867,0.0,4.590159010203828,133,0.4164438365975771,-0.15446373576299782,11719.848425153954
1311,82.37850951737343,82.37850951737343,0.0022907896015843016,0.0,4.590159010203828,133,0.41645971734719117,-0.16611159315214558,11720.308842678833
1312,81.79435080034409,81.79435080034409,-0.007116415968033815,0.0,4.590159010203828,133,0.41642144169637557,-0.17581517740181155,11718.714670608359
1313,81.94891931234798,81.94891931234798,0.0018879378408449769,0.0,4.590159010203828,133,0.4164310031207867,-0.1797870933879313,11719.119391193715
1314,81.27352984059,81.27352984059,-0.008275740621769454,0.0,4.590159010203828,133,0.4163949186392919,-0.16748626028339475,11717.292645411826
1315,81.93740222306953,81.93740222306953,0.008135190889619543,0.0,4.590159010203828,133,0.41640020293009283,-0.1913159306515536,11719.735702632524
1316,82.17310122408529,82.17310122408529,0.002872444580040262,0.0,4.590159010203828,133,0.41642260165611833,-0.16614258719441358,11720.24419037951
1317,82.43113589933894,82.43113589933894,0.0031352156071711157,0.0,4.590159010203828,133,0.41644104335145465,-0.16427157763689845,11721.014011280335
1318,82.81190767625647,82.81190767625647,0.004608635167069502,0.0,4.590159010203828,133,0.41644041796569486,-0.15560693772059972,11722.617807545386
1319,83.46436386210632,83.46436386210632,0.007847897099370256,0.0,4.590159010203828,133,0.4164529255232542,-0.12122527300457472,11726.242598533767
1320,82.87425482336928,82.87425482336928,-0.007095303773349619,0.0,4.590159010203828,133,0.41642981895588743,-0.14640045180480396,11723.517044390692
1321,82.74275194096137,82.74275194096137,-0.0015880363087472568,0.0,4.590159010203828,133,0.41644075970436195,-0.12350615598075447,11722.631345666461
1322,82.26175838474462,82.26175838474462,-0.005830082070787571,0.0,4.590159010203828,133,0.41645487520163965,-0.128853339588513,11719.954649197087
1323,82.47738568296485,82.47738568296485,0.0026178043182127353,0.0,4.590159010203828,133,0.41644963174761856,-0.13439509889672943,11721.116028158662
1324,82.11617276940999,82.11617276940999,-0.004389157107231473,0.0,4.590159010203828,133,0.41646470070088654,-0.1454441124534787,11719.136780161896
1325,82.26089736717347,82.26089736717347,0.0017608859318285098,0.0,4.590159010203828,133,0.416461797153241,-0.1617759373480946,11719.805455563548
1326,81.79156471347407,81.79156471347407,-0.005721754226451211,0.0,4.590159010203828,133,0.4164619123344072,-0.15530674213667756,11717.889366364545
1327,81.49939679619435,81.49939679619435,-0.003578498483466141,0.0,4.590159010203828,133,0.41648911654017706,-0.12901512505977838,11716.214919687793
1328,81.66573018524973,81.66573018524973,0.002038835745739846,0.0,4.590159010203828,133,0.4164775878751499,-0.13987971116421516,11716.797063588996
1329,81.36568431978151,81.36568431978151,-0.003680839121040472,0.0,4.590159010203828,133,0.416512575028181,-0.15232789082054107,11715.568651849657
1330,81.24326431373478,81.24326431373478,-0.00150569855108184,0.0,4.590159010203828,133,0.416472736842782,-0.1370608745063222,11714.625170368947
1331,81.14412711602228,81.14412711602228,-0.001220996398255521,0.0,4.590159010203828,133,0.4164663285930085,-0.12064802534068454,11714.470340004227
1332,81.03014178102515,81.03014178102515,-0.0014057144150208154,0.0,4.590159010203828,133,0.4164311654100846,-0.09432394356288323,11713.645919323513
1333,81.0572073773191,81.0572073773191,0.0003339630968862625,0.0,4.590159010203828,133,0.41643265643275174,-0.1192181550029851,11713.68359521208
1334,80.92325906207525,80.92325906207525,-0.001653882702290964,0.0,4.590159010203828,133,0.4164264771802903,-0.13522682217036097,11713.474322410348
1335,80.98313436734911,80.98313436734911,0.0007396287044035371,0.0,4.590159010203828,133,0.41643343163494073,-0.13315177108257192,11713.480445262301
1336,81.07450013011452,81.07450013011452,0.001127571344960766,0.0,4.590159010203828,133,0.41643344349971195,-0.1282068575734369,11713.71479742857
1337,80.78528315033398,80.78528315033398,-0.003573676940893251,0.0,4.590159010203828,133,0.41645542343578124,-0.11572606231427701,11712.531335355316
1338,81.59852194344703,81.59852194344703,0.010016338658715635,0.0,4.590159010203828,133,0.41646643822928636,-0.1501994295047215,11714.749903204362
1339,81.08860249084384,81.08860249084384,-0.006268733610417573,0.0,4.590159010203828,133,0.41647215868916615,-0.17570736281176974,11712.96255363811
1340,81.32568644536916,81.32568644536916,0.002919498333260258,0.0,4.590159010203828,133,0.4164793349982181,-0.20392192623615085,11713.560162474894
1341,81.75399166264216,81.75399166264216,0.005252723172205883,0.0,4.590159010203828,133,0.4164877984695414,-0.18690966694687386,11714.870410437783
1342,81.38341142993697,81.38341142993697,-0.004543174809595098,0.0,4.590159010203828,133,0.4164685677945855,-0.21784580312490195,11713.971108295822
1343,81.70961552986971,81.70961552986971,0.004000226631407067,0.0,4.590159010203828,133,0.41647681331951936,-0.2038997559800706,11714.935321653544
1344,82.31849598592264,82.31849598592264,0.007424132937950204,0.0,4.590159010203828,133,0.41650891033866433,-0.17636123275756252,11716.57798081786
1345,82.5686740192451,82.5686740192451,0.0030345384094270208,0.0,4.590159010203828,133,0.41652823119961696,-0.16096314778264628,11717.300776208484
1346,82.24840343333017,82.24840343333017,-0.003886381119939202,0.0,4.590159010203828,133,0.4164969498703713,-0.16352032001071287,11716.509365980339
1347,82.3272272515259,82.3272272515259,0.0009579039605679908,0.0,4.590159010203828,133,0.4165031273335671,-0.19040675263291823,11716.553097180307
1348,82.55378280218038,82.55378280218038,0.0027481114187962435,0.0,4.590159010203828,133,0.41652006312111844,-0.1819942745690577,11716.834776964413
1349,83.24527346362323,83.24527346362323,0.008341358345522245,0.0,4.590159010203828,133,0.416528164864378,-0.15135044786278476,11718.590795212325
1350,83.1352014985282,83.1352014985282,-0.0013231357967759877,0.0,4.590159010203828,133,0.41652231477435187,-0.1430599590915266,11718.403654371687
1351,83.17755431573747,83.17755431573747,0.0005093153308347684,0.0,4.590159010203828,133,0.41652723127619556,-0.1511363975747188,11718.421330159246
1352,83.35076362927651,83.35076362927651,0.002080239302703347,0.0,4.590159010203828,133,0.41653635628716307,-0.1491351370723063,11718.71682965981
1353,83.07425069576242,83.07425069576242,-0.003322976285475172,0.0,4.590159010203828,133,0.4165328288657175,-0.15908824755694814,11717.88312769555
1354,82.8500859493592,82.8500859493592,-0.0027020133070158573,0.0,4.590159010203828,133,0.41648904894153316,-0.146784957965052,11716.157456804574
1355,83.09408155166217,83.09408155166217,0.002940697245473763,0.0,4.590159010203828,133,0.41648168727909485,-0.14763872438714817,11716.44367378314
1356,82.56944763466885,82.56944763466885,-0.006333749781101583,0.0,4.590159010203828,133,0.41639324766249763,-0.17914748613036227,11713.355310861016
1357,81.92782148321523,81.92782148321523,-0.007801094922110246,0.0,4.590159010203828,133,0.4163755471670754,-0.10569010498542565,11711.816583045023
1358,81.8448442691965,81.8448442691965,-0.0010133219818794141,0.0,4.590159010203828,133,0.4163753174459997,-0.12996868624208513,11711.403652814563
1359,82.06807354907183,82.06807354907183,0.002723756258570017,0.0,4.590159010203828,133,0.4164032341809116,-0.1657422333114591,11712.0169845304
1360,82.22598511885217,82.22598511885217,0.0019223046735545454,0.0,4.590159010203828,133,0.4164195721410628,-0.17474754578823679,11712.543663700342
1361,82.62016290311828,82.62016290311828,0.0047823809081520416,0.0,4.590159010203828,133,0.41647188623316755,-0.16671618969619895,11713.581833542034
1362,82.68665029347997,82.68665029347997,0.000804412022241726,0.0,4.590159010203828,133,0.41647928391407796,-0.16576710155918317,11713.90806787425
1363,82.30265381039244,82.30265381039244,-0.0046548129712973025,0.0,4.590159010203828,133,0.4164773319677203,-0.1597383599849288,11711.36746022691
1364,82.38560277438364,82.38560277438364,0.0010073453047070619,0.0,4.590159010203828,133,0.41649173347103613,-0.1725239532989414,11711.505100212076
1365,82.47757445963626,82.47757445963626,0.0011157336202864885,0.0,4.590159010203828,133,0.4164967253031142,-0.17324442123568007,11711.895177393082
1366,82.38076320286315,82.38076320286315,-0.0011744782735799264,0.0,4.590159010203828,133,0.41651673171202874,-0.17505219333574995,11710.935264203743
1367,83.26915431833626,83.26915431833626,0.010726230913373753,0.0,4.590159010203828,133,0.41663891939910636,-0.18733393426606026,11714.183206809856
1368,82.88223865527857,82.88223865527857,-0.004657395349214721,0.0,4.590159010203828,133,0.4166574768042642,-0.17672641180367285,11711.690086520524
1369,83.36463478749182,83.36463478749182,0.005803387168970302,0.0,4.590159010203828,133,0.41668529276849103,-0.19548150609553602,11713.720255346741
1370,83.70114481427694,83.70114481427694,0.004028478874355472,0.0,4.590159010203828,133,0.4167210147622003,-0.17869412630252002,11715.215430596962
1371,83.46029496610335,83.46029496610335,-0.002881645613434747,0.0,4.590159010203828,133,0.41669336095424225,-0.17519782142728926,11714.41432985701
1372,83.45469468159604,83.45469468159604,-6.710343416405194e-05,0.0,4.590159010203828,133,0.4167062208576612,-0.1727711752749018,11713.927260621127
1373,84.22350245375495,84.22350245375495,0.00917010288465404,0.0,4.590159010203828,133,0.41681151287673085,-0.15555032549235123,11716.051431277667
1374,84.49562794014703,84.49562794014703,0.003225783842385181,0.0,4.590159010203828,133,0.4168248417278833,-0.08887979498049345,11717.807007751104
1375,84.64765057677192,84.64765057677192,0.0017975609659787732,0.0,4.590159010203828,133,0.4168456083276686,-0.10606552472588018,11718.330735082664
1376,84.11153890289322,84.11153890289322,-0.006353591517187997,0.0,4.590159010203828,133,0.4168119072191113,-0.1154894025053473,11715.935388140057
1377,84.67413176771908,84.67413176771908,0.006666382828457984,0.0,4.590159010203828,133,0.4168955556391955,-0.1564900898974197,11717.426789517567
1378,84.43846171278688,84.43846171278688,-0.0027871396522498345,0.0,4.590159010203828,133,0.4169101102946278,-0.20082642841520737,11715.364098850541
1379,84.15202692160136,84.15202692160136,-0.0033979979429795116,0.0,4.590159010203828,133,0.4169133691829521,-0.1506768612075356,11713.15172619571
1380,83.90761285962755,83.90761285962755,-0.0029086606946215157,0.0,4.590159010203828,133,0.4169283837054735,-0.15859320606994284,11711.12080138187
1381,83.32695823860733,83.32695823860733,-0.0069442215275947825,0.0,4.590159010203828,133,0.4169493269362752,-0.14175543869512935,11706.991526720165
1382,82.72791228010585,82.72791228010585,-0.0072150675899988114,0.0,4.590159010203828,133,0.4170401803421794,-0.08328739792272172,11701.54614796156
1383,82.98256940774634,82.98256940774634,0.0030735210653606653,0.0,4.590159010203828,133,0.41706024175325324,-0.09192912198101046,11702.536989587574
1384,82.71818745325655,82.71818745325655,-0.003191079918378994,0.0,4.590159010203828,133,0.4171010289640855,-0.09468669540751909,11700.238730156614
1385,82.95283890872378,82.95283890872378,0.002832741699401705,0.0,4.590159010203828,133,0.4170825645230393,-0.09387430418830661,11701.924261691564
1386,82.9512620978388,82.9512620978388,-1.9008702924914894e-05,0.0,4.590159010203828,133,0.4171163546682864,-0.11686835457632122,11701.195068622921
1387,83.42384811221058,83.42384811221058,0.005680985392329438,0.0,4.590159010203828,133,0.4171242711470054,-0.11104886506487294,11704.88033595018
1388,82.96934594601395,82.96934594601395,-0.00546300344951993,0.0,4.590159010203828,133,0.4170771391828116,-0.12829184533530505,11703.632740777255
1389,82.53101190233822,82.53101190233822,-0.005297089073572157,0.0,4.590159010203828,133,0.41700754244861815,-0.10595849535600779,11702.025529870567
1390,82.57408351071071,82.57408351071071,0.0005217477903007346,0.0,4.590159010203828,133,0.417003694552837,-0.10973056511606014,11701.91773544169
1391,82.33705271414426,82.33705271414426,-0.002874650738818124,0.0,4.590159010203828,133,0.416978523606369,-0.11168235868183267,11701.28421700914
1392,82.07875667710614,82.07875667710614,-0.003141987993586139,0.0,4.590159010203828,133,0.4169727330343613,-0.10208902480578166,11701.123087902788
1393,82.12462226969636,82.12462226969636,0.0005586437267882769,0.0,4.590159010203828,133,0.41698041336110536,-0.10284875942745465,11701.015626521043
1394,83.38505223260711,83.38505223260711,0.015231186137816842,0.0,4.590159010203828,133,0.4168583776262457,-0.0834143092224315,11705.378292983414
1395,83.55385090370778,83.55385090370778,0.002022281510856025,0.0,4.590159010203828,133,0.4168608085348872,-0.06780973074745189,11705.510269292312
1396,83.71685221303345,83.71685221303345,0.0019489528995102476,0.0,4.590159010203828,133,0.41686744330585274,-0.06455678217837776,11705.531063468194
1397,84.20488017788647,84.20488017788647,0.005812581039395782,0.0,4.590159010203828,133,0.41681914435504647,-0.0316085822537162,11707.351803743457
1398,84.09340548508848,84.09340548508848,-0.0013247278029141626,0.0,4.590159010203828,133,0.4168319366202781,0.005991724212676904,11706.948875361082
1399,84.48219013870585,84.48219013870585,0.004612593436128699,0.0,4.590159010203828,133,0.4168053202322065,0.012145007405379434,11708.460582890038
1400,84.46329659001479,84.46329659001479,-0.00022366443917090932,0.0,4.515700351420478,128,0.42780991922114886,0.0015676870349893963,11489.092164272579
1401,84.33860723262364,84.33860723262364,-0.0014773456607522217,0.0,4.515700351420478,128,0.4278022747251382,0.021192581879376362,11488.906253001369
1402,84.3747391168016,84.3747391168016,0.00042832277958047024,0.0,4.515700351420478,128,0.4278044899359999,0.03533372766195669,11488.960125478214
1403,84.39980330125144,84.39980330125144,0.0002970138064069666,0.0,4.515700351420478,128,0.42780602658469546,0.01703755944259041,11488.997496064527
1404,85.03677904158354,85.03677904158354,0.007518786466562465,0.0,4.515700351420478,128,0.4278455829371492,0.0022658264161513463,11489.947224029218
1405,84.50760107679838,84.50760107679838,-0.006242373622738512,0.0,4.515700351420478,128,0.4278126353955834,-0.025165188693791682,11489.158222063157
1406,83.84082371638034,83.84082371638034,-0.007921438503251511,0.0,4.515700351420478,128,0.4277877024425364,0.018027493288521646,11488.164060016921
1407,84.46018680418268,84.46018680418268,0.0073602158648442455,0.0,4.515700351420478,128,0.4278097285683878,-0.02446090760270583,11489.087527595884
1408,84.81814849405029,84.81814849405029,0.004229273909166243,0.0,4.515700351420478,128,0.42783181926410646,-0.018517195367395125,11489.621246865914
1409,85.43066545707582,85.43066545707582,0.007195581474366666,0.0,4.515700351420478,128,0.4278703777017271,0.009230243625018182,11490.53450690362
1410,85.81246395262785,85.81246395262785,0.004459146822505976,0.0,4.515700351420478,128,0.42789440912463905,0.028305633648317886,11491.103766743741
1411,85.8425801474293,85.8425801474293,0.0003508920494396556,0.0,4.515700351420478,128,0.4278963046175259,0.027831889015051868,11491.148669854772
1412,86.28365245715325,86.28365245715325,0.005124997723687153,0.0,4.515700351420478,128,0.4279244488555278,0.03098986141350538,11491.806306685303
1413,86.44137444129878,86.44137444129878,0.001826278806437117,0.0,4.515700351420478,128,0.42793575784230037,0.02587596290551024,11492.04146945447
1414,86.53445733329195,86.53445733329195,0.0010762532548415713,0.0,4.515700351420478,128,0.42794247744351366,0.03179847172354077,11492.180255627889
1415,85.9332145810851,85.9332145810851,-0.006972265366485955,0.0,4.515700351420478,128,0.42790204640459795,0.04000766618637677,11491.283805387819
1416,86.43743239156105,86.43743239156105,0.005850407334394558,0.0,4.515700351420478,128,0.4279354732643815,-0.029074100733450736,11492.035591876038
1417,86.60116954855597,86.60116954855597,0.0018924933977533807,0.0,4.515700351420478,128,0.42794729326067926,-0.0387834863993606,11492.27972324088
1418,87.00888397296353,87.00888397296353,0.004696907416178783,0.0,4.515700351420478,128,0.4279767235122021,-0.03334879609084683,11492.887623614393
1419,87.46454690711874,87.46454690711874,0.005223304979339136,0.0,4.515700351420478,128,0.4280096111708037,-0.02294259245684625,11493.567015000343
1420,87.00298969082866,87.00298969082866,-0.005291050725799239,0.0,4.515700351420478,128,0.4279762980645051,-0.04339342565943745,11492.878835266232
1421,86.92423668551606,86.92423668551606,-0.0009055857709615131,0.0,4.515700351420478,128,0.42797061363136696,-0.035544346647109794,11492.761414889423
1422,87.00071541639686,87.00071541639686,0.0008794452421661555,0.0,4.515700351420478,128,0.42797613390781514,-0.03575239705485024,11492.875444333282
1423,86.77499739329305,86.77499739329305,-0.0025978100897375705,0.0,4.515700351420478,128,0.42795984114252317,-0.03580636004016463,11492.53889977577
1424,87.25751944437376,87.25751944437376,0.0055452084045446316,0.0,4.515700351420478,128,0.4279946693609855,-0.04666478927704758,11493.258337984282
1425,86.94007050210264,86.94007050210264,-0.003644703623982094,0.0,4.515700351420478,128,0.4279717565338637,-0.06026415705493261,11492.785023038758
1426,86.1673751054437,86.1673751054437,-0.008927409515378732,0.0,4.515700351420478,128,0.42791059764551037,-0.01533812297906369,11491.466322695993
1427,86.04781233503324,86.04781233503324,-0.0013885278226303283,0.0,4.515700351420478,128,0.42788736694859025,0.034815626592773784,11490.860796903333
1428,85.47505225248476,85.47505225248476,-0.006678552306465982,0.0,4.515700351420478,128,0.4278699303052104,0.06245789692726614,11490.490903235024
1429,85.6299481011087,85.6299481011087,0.0018105361107710956,0.0,4.515700351420478,128,0.42787783550032055,0.043774900685804315,11490.676944436553
1430,85.19338156237396,85.19338156237396,-0.005111333329734066,0.0,4.515700351420478,128,0.42786624607898494,0.04621646111482439,11490.44088287205
1431,85.14756713413142,85.14756713413142,-0.0005379144556587865,0.0,4.515700351420478,128,0.42786502982735347,0.04874325925532384,11490.41610995739
1432,84.84072881121848,84.84072881121848,-0.0036101150900616427,0.0,4.515700351420478,128,0.427856883948018,0.05267258112829291,11490.250195421737
1433,84.80885961785721,84.80885961785721,-0.00037570611318604605,0.0,4.515700351420478,128,0.4278560378778825,0.03715176546752878,11490.23296301619
1434,84.77965267869504,84.77965267869504,-0.00034444478644708005,0.0,4.515700351420478,128,0.4278552624836098,0.03354891067785699,11490.217170152693
1435,84.34264458594023,84.34264458594023,-0.005167965105156192,0.0,4.515700351420478,128,0.427843660411757,0.04287661147640149,11489.980869829784
1436,84.47049868639755,84.47049868639755,0.0015147413575161545,0.0,4.515700351420478,128,0.42784705484326974,0.06941577019362072,11490.050003481365
1437,84.56820218936424,84.56820218936424,0.0011559898809054318,0.0,4.515700351420478,128,0.4278496487712541,0.0869711310935225,11490.1028340117
1438,85.04596751384244,85.04596751384244,0.00563356928123955,0.0,4.515700351420478,128,0.42786233260802886,0.08279134434701323,11490.361172706844
1439,84.5134408771876,84.5134408771876,-0.00628131924508165,0.0,4.515700351420478,128,0.42784819491741305,0.04760595344778534,11490.073223311201
1440,84.09846269452949,84.09846269452949,-0.004922298031673911,0.0,4.515700351420478,128,0.4278371774501924,0.05513530850751316,11489.848835067165
1441,83.78103489188845,83.78103489188845,-0.003781619381636978,0.0,4.515700351420478,128,0.4278287496072338,0.032427004940586306,11489.677194556361
1442,83.2269220268893,83.2269220268893,-0.006635790396155919,0.0,4.515700351420478,128,0.4278140370719174,0.06836129475143692,11489.377572990768
1443,83.14564783189073,83.14564783189073,-0.000977014438529467,0.0,4.515700351420478,128,0.4278118790544874,0.08160170166235177,11489.333626164973
1444,82.72264467212078,82.72264467212078,-0.005100481477396255,0.0,4.515700351420478,128,0.427800647077883,0.0912087683465553,11489.104898631313
1445,82.39564376003935,82.39564376003935,-0.003960813095709452,0.0,4.515700351420478,128,0.4277919639365003,0.10548483495627314,11488.928081720142
1446,82.69849304554387,82.69849304554387,0.0036688113953010438,0.0,4.515700351420478,128,0.4278000057677482,0.09361562835390783,11489.091839291556
1447,82.36694278256418,82.36694278256418,-0.00401720332538345,0.0,4.515700351420478,128,0.4277912018015701,0.10692749775235988,11488.912562441763
1448,82.54495995923358,82.54495995923358,0.00215893750365757,0.0,4.515700351420478,128,0.4277959288933641,0.08081065684398615,11489.008820421941
1449,82.78895113744117,82.78895113744117,0.0029514980165089703,0.0,4.515700351420478,128,0.42780240773889106,0.08913587623623068,11489.140752061548
1450,82.53387650121475,82.53387650121475,-0.003085778803472781,0.0,4.515700351420478,128,0.42780974425392687,0.08273500654382132,11488.491655354355
1451,81.92118259031213,81.92118259031213,-0.0074512362108182986,0.0,4.515700351420478,128,0.4282972861675277,0.09044552169306565,11473.25523242055
1452,82.02268169357963,82.02268169357963,0.0012382179312279383,0.0,4.515700351420478,128,0.4282990489817222,0.08509645272469268,11473.285614927549
1453,82.3731565498839,82.3731565498839,0.004263798780038472,0.0,4.515700351420478,128,0.4283039211292007,0.0822664228221006,11473.370048210265
1454,82.73233746996179,82.73233746996179,0.00435093318773491,0.0,4.515700351420478,128,0.42835445496321506,0.08454767468680034,11474.548727137804
1455,82.79701087633401,82.79701087633401,0.0007814132093089825,0.0,4.515700351420478,128,0.42835946011612763,0.08441460411488705,11474.650621637786
1456,83.01887536348366,83.01887536348366,0.002676035747617952,0.0,4.515700351420478,128,0.4283766298008338,0.07569413520105338,11475.000174448594
1457,83.15945842016232,83.15945842016232,0.0016919545047198487,0.0,4.515700351420478,128,0.4283875087236951,0.08842826912316824,11475.221666419866
1458,83.76007799539136,83.76007799539136,0.0071965472743723575,0.0,4.515700351420478,128,0.4284339825256664,0.10144458603878838,11476.167956939113
1459,83.71487292873323,83.71487292873323,-0.000539842734767561,0.0,4.515700351420478,128,0.42843048498544356,0.10070374607204531,11476.09673527441
1460,83.15110889757445,83.15110889757445,-0.006757113343802317,0.0,4.515700351420478,128,0.42838686261338016,0.09927297425536553,11475.208511547144
1461,82.46370889047115,82.46370889047115,-0.008301237337398723,0.0,4.515700351420478,128,0.42833366452204136,0.13649119385877015,11474.12549638001
1462,82.8859220634357,82.8859220634357,0.005106925103641463,0.0,4.515700351420478,128,0.4283663409150178,0.09939637929877294,11474.790703341545
1463,82.49615156044342,82.49615156044342,-0.0047135849261961274,0.0,4.515700351420478,128,0.4283361754957335,0.07564501084837595,11474.176610583208
1464,82.97270811608175,82.97270811608175,0.0057600913452184235,0.0,4.515700351420478,128,0.42837305708863616,0.09239873070951138,11474.927436845095
1465,83.15757819806402,83.15757819806402,0.0022256045227377693,0.0,4.515700351420478,128,0.42838736322677556,0.07101388043295576,11475.218704084939
1466,82.3398665403791,82.3398665403791,-0.009881944863718874,0.0,4.515700351420478,128,0.4283240792580467,0.09583852730078596,11473.930379792728
1467,82.70214901056741,82.70214901056741,0.0043901918048958825,0.0,4.515700351420478,128,0.42835211861150546,0.034574529417642566,11474.501164497335
1468,82.72844830863806,82.72844830863806,0.0003179496262285842,0.0,4.515700351420478,128,0.42835415397349647,0.00902628779104521,11474.542599671035
1469,83.1769810657846,83.1769810657846,0.00540710272883764,0.0,4.515700351420478,128,0.4283888646721036,-0.018290874457199832,11475.249273767526
1470,83.0819384465595,83.0819384465595,-0.001143308640003353,0.0,4.515700351420478,128,0.42838150994595503,-0.025871594667229318,11475.099531845672
1471,82.92272642218207,82.92272642218207,-0.0019181638458142594,0.0,4.515700351420478,128,0.4283691891394968,-0.029610844004621995,11474.848689489825
1472,82.85464561695359,82.85464561695359,-0.0008213522535486541,0.0,4.515700351420478,128,0.4283639204633039,-0.042780683534183704,11474.741426551374
1473,82.76167603717258,82.76167603717258,-0.0011227104746437905,0.0,4.515700351420478,128,0.42835672552132864,-0.04696837964029923,11474.594950752793
1474,82.09736431425566,82.09736431425566,-0.00805919186616479,0.0,4.515700351420478,128,0.42830530890373875,-0.03262505302444966,11473.548311730112
1475,81.52821418874652,81.52821418874652,-0.006956765881287429,0.0,4.515700351420478,128,0.42826372231401777,0.03826608217317576,11472.651602082256
1476,80.85017562034878,80.85017562034878,-0.008351388507374293,0.0,4.515700351420478,128,0.4282211618350182,0.05843209538877037,11471.583336085909
1477,79.7431326768965,79.7431326768965,-0.01378713087306338,0.0,4.515700351420478,128,0.4281533865110043,0.10533297958887886,11469.839163426552
1478,79.57328125002724,79.57328125002724,-0.002132253507786013,0.0,4.515700351420478,128,0.42814349743469143,0.08382491898472968,11469.57155843738
1479,79.57832767896377,79.57832767896377,6.341662484202105e-05,0.0,4.515700351420478,128,0.42814282527236935,0.10579532025087261,11469.555204654578
1480,79.66108863711308,79.66108863711308,0.0010394532649720231,0.0,4.515700351420478,128,0.4281402835084518,0.11154090267340744,11469.490572144694
1481,79.19557447945175,79.19557447945175,-0.005860824230263193,0.0,4.515700351420478,128,0.4280923719411681,0.10008623558507623,11467.803729641792
1482,78.73408805284703,78.73408805284703,-0.005844218656658923,0.0,4.515700351420478,128,0.42808253485690084,0.11533466322304164,11466.850249719035
1483,78.16687380970555,78.16687380970555,-0.007230251585531458,0.0,4.515700351420478,128,0.428097581679303,0.13507222895624502,11464.930329689538
1484,77.96830670760394,77.96830670760394,-0.002543529376235139,0.0,4.515700351420478,128,0.428098589162611,0.1546046972128191,11464.792586496858
1485,77.65667323744931,77.65667323744931,-0.004004933999690038,0.0,4.515700351420478,128,0.4281177576664181,0.14576821384767388,11463.878593111334
1486,77.2189249593691,77.2189249593691,-0.005652916907253557,0.0,4.515700351420478,128,0.4281609029993294,0.15899102644059707,11462.594716156493
1487,77.51567649694563,77.51567649694563,0.0038356243348446925,0.0,4.515700351420478,128,0.42813055611687023,0.13928847503067315,11463.465062150952
1488,77.81157980297546,77.81157980297546,0.0038100674799519726,0.0,4.515700351420478,128,0.4281036976681876,0.17676110768424208,11464.332920357361
1489,77.87547636568635,77.87547636568635,0.0008208333803844669,0.0,4.515700351420478,128,0.42809980037380524,0.19718590482733755,11464.496032664216
1490,78.2456815563271,78.2456815563271,0.004742545974523032,0.0,4.515700351420478,128,0.4281064233915872,0.20752532899901607,11465.966722239911
1491,77.91108195204073,77.91108195204073,-0.004285438668747319,0.0,4.515700351420478,128,0.4281004374361124,0.19429751229317185,11464.637480612575
1492,78.36968981578158,78.36968981578158,0.005869041661016586,0.0,4.515700351420478,128,0.4281086415352025,0.1736475667610928,11466.459361616913
1493,78.0012230564668,78.0012230564668,-0.004712736333291766,0.0,4.515700351420478,128,0.42810205018859565,0.15354892307470894,11464.995578191896
1494,78.53773352737926,78.53773352737926,0.0068546843975085545,0.0,4.515700351420478,128,0.42810748592257825,0.1296987677135655,11467.0207830679
1495,78.65796748990518,78.65796748990518,0.0015297363120540376,0.0,4.515700351420478,128,0.42810500953365543,0.15415629138281883,11467.373418638172
1496,78.32033063870234,78.32033063870234,-0.004301707635809056,0.0,4.515700351420478,128,0.42811252513636794,0.14321814507511074,11466.383159637575
1497,78.84836442966012,78.84836442966012,0.006719350535286843,0.0,4.515700351420478,128,0.428103517770112,0.11043479146191004,11467.907377919011
1498,79.16307025929189,79.16307025929189,0.003983335084196298,0.0,4.515700351420478,128,0.42814642645123024,0.16380051298280715,11469.15577916265
1499,78.17593087022934,78.17593087022934,-0.012548094679873107,0.0,4.515700351420478,128,0.42808729352827357,0.1036135088064519,11465.23991258213
1500,77.70373006313062,77.70373006313062,-0.006058548609285363,0.0,4.515700351420478,128,0.42808348820680836,0.13152432568088238,11463.26230068256
1501,77.76108459585429,77.76108459585429,0.0007378458650149744,0.0,4.515700351420478,128,0.4280782825513365,0.11670858724544043,11463.430516450633
1502,77.53587248718594,77.53587248718594,-0.002900407976808771,0.0,4.515700351420478,128,0.4280987243009637,0.1173126317490776,11462.76998926926
1503,77.04487550331146,77.04487550331146,-0.00635264923330095,0.0,4.515700351420478,128,0.42815111647307924,0.12175575827263971,11461.329938573324
1504,76.87083744600174,76.87083744600174,-0.002261473219956776,0.0,4.515700351420478,128,0.428185682711926,0.1192400142397082,11460.565850861716
1505,76.55979557190504,76.55979557190504,-0.004054500644093663,0.0,4.515700351420478,128,0.4281895537131339,0.12974321456521387,11460.356350536946
1506,76.77340011766425,76.77340011766425,0.0027861505524150497,0.0,4.515700351420478,128,0.42817383071746834,0.1318883056780418,11460.874471495183
1507,77.36374124808277,77.36374124808277,0.007659983982114781,0.0,4.515700351420478,128,0.4281751707944962,0.15437885885030794,11461.046146462173
1508,77.43691185973226,77.43691185973226,0.0009453528215783079,0.0,4.515700351420478,128,0.42817779565917535,0.15771445984902704,11461.09348435536
1509,77.64374159105036,77.64374159105036,0.0026673843493375767,0.0,4.515700351420478,128,0.4281756039529421,0.16767630821848095,11461.42324019223
1510,77.36423352541365,77.36423352541365,-0.0036063740380486904,0.0,4.515700351420478,128,0.4281785658373838,0.1535425925798235,11460.977610758257
1511,77.70962850044651,77.70962850044651,0.004454593980849917,0.0,4.515700351420478,128,0.42817490579764783,0.1546914315115425,11461.528285984285
1512,77.91118612361181,77.91118612361181,0.0025903698853751897,0.0,4.515700351420478,128,0.428172770118678,0.15882817169021576,11461.849636315696
1513,77.79104506901653,77.79104506901653,-0.0015432158873791733,0.0,4.515700351420478,128,0.42817404310361346,0.14238494368991475,11461.658091252284
1514,78.12946811787329,78.12946811787329,0.004340975711001045,0.0,4.515700351420478,128,0.42818252071684787,0.13455717604672432,11462.197650893835
1515,78.77792906394855,78.77792906394855,0.008265571280951638,0.0,4.515700351420478,128,0.42822315605260525,0.15406557196858703,11463.231514742076
1516,78.3207255097122,78.3207255097122,-0.00582060802868789,0.0,4.515700351420478,128,0.4281944261838249,0.11991857089770938,11462.502579208067
1517,78.61846006936054,78.61846006936054,0.003794271210777029,0.0,4.515700351420478,128,0.42821313571588004,0.09234719280593959,11462.977267775597
1518,78.88512419428798,78.88512419428798,0.00338613728658944,0.0,4.515700351420478,128,0.42822989147767654,0.10525584811363946,11463.402419668018
1519,79.4993463252114,79.4993463252114,0.007756129222518829,0.0,4.515700351420478,128,0.4282684812165154,0.12420015155534538,11464.38169538199
1520,79.12778363243002,79.12778363243002,-0.0046847392678768226,0.0,4.515700351420478,128,0.4282451378319998,0.079914085278455,11463.789300053102
1521,78.34385833306743,78.34385833306743,-0.009956481885163187,0.0,4.515700351420478,128,0.4281958798976008,0.12504077580143408,11462.539460673202
1522,78.62981606454846,78.62981606454846,0.0036433885987815573,0.0,4.515700351420478,128,0.42821384929183304,0.11559262897522204,11462.995373033835
1523,78.32364741293163,78.32364741293163,-0.003901398964768742,0.0,4.515700351420478,128,0.4281946098026959,0.12295232387617384,11462.50723770003
1524,78.53088397483084,78.53088397483084,0.002642406064372694,0.0,4.515700351420478,128,0.42820763262663275,0.10627843654579959,11462.83764216105
1525,79.11665143578722,79.11665143578722,0.007431389970112981,0.0,4.515700351420478,128,0.4282444384157704,0.13592669234031313,11463.771551604672
1526,79.06961867747745,79.06961867747745,-0.0005946503405386852,0.0,4.515700351420478,128,0.42824148340683144,0.17247619336449177,11463.696565641687
1527,78.93684319693783,78.93684319693783,-0.0016806339464459717,0.0,4.515700351420478,128,0.4282331410820836,0.17162160640665913,11463.484877073404
1528,78.47713817021008,78.47713817021008,-0.005840730659428948,0.0,4.515700351420478,128,0.4282042552920447,0.1673255903073387,11462.751953354767
1529,78.06759705363439,78.06759705363439,-0.0052322685948029525,0.0,4.515700351420478,128,0.4281787012094366,0.1833703880706871,11462.099007703438
1530,77.59710010092628,77.59710010092628,-0.00604502361886047,0.0,4.515700351420478,128,0.4281760981863684,0.19333458824120422,11461.348878041728
1531,76.72650510143636,76.72650510143636,-0.011282839512071869,0.0,4.515700351420478,128,0.428185331117643,0.21090161262939522,11459.960858143413
1532,76.65973264606424,76.65973264606424,-0.0008706447275922196,0.0,4.515700351420478,128,0.4281947607964285,0.20842828452632642,11459.679515895581
1533,76.911838646143,76.911838646143,0.0032832408293501404,0.0,4.515700351420478,128,0.42817304112831533,0.20747744469478863,11460.149064359983
1534,76.58908157630563,76.58908157630563,-0.0042052848284835995,0.0,4.515700351420478,128,0.42819192304566595,0.18103411294607538,11459.607943354682
1535,76.61179602044669,76.61179602044669,0.0002965315168401252,0.0,4.515700351420478,128,0.42818795582834557,0.15626649264669581,11459.699804983313
1536,77.10265866447862,77.10265866447862,0.0063867033657967615,0.0,4.515700351420478,128,0.42811322402253743,0.10412511564790523,11461.684948957554
1537,77.67787477448775,77.67787477448775,0.007432701585657883,0.0,4.515700351420478,128,0.42806859997904045,0.13433606646308283,11464.01123474963
1538,77.63380266335838,77.63380266335838,-0.0005675312125830884,0.0,4.515700351420478,128,0.4280699590686625,0.1344510965077229,11463.83299856298
1539,77.95145020249973,77.95145020249973,0.004083265921886277,0.0,4.515700351420478,128,0.4280601644433903,0.131998375220872,11465.11762697365
1540,77.67687601768046,77.67687601768046,-0.003528592466175317,0.0,4.515700351420478,128,0.4280686307780958,0.1275131881136937,11464.007195582906
1541,77.78118082915117,77.78118082915117,0.0013419031375816876,0.0,4.515700351420478,128,0.42806541440694496,0.10670569731028144,11464.42902452119
1542,77.46213944347791,77.46213944347791,-0.004110216584736334,0.0,4.515700351420478,128,0.4280778247908834,0.07896390978294604,11463.138759124133
1543,77.50183711664657,77.50183711664657,0.000512347126322578,0.0,4.515700351420478,128,0.4280742345050089,0.06826743757732842,11463.299304233115
1544,77.31711994809156,77.31711994809156,-0.0023862356355742217,0.0,4.515700351420478,128,0.42809210191972885,0.06118076796461483,11462.552272087658
1545,77.2232730123331,77.2232730123331,-0.0012145296837505588,0.0,4.515700351420478,128,0.4281013419030343,0.04883808365657941,11462.17273683215
1546,76.84342843936221,76.84342843936221,-0.004930920685900477,0.0,4.515700351420478,128,0.42814848512941406,0.06737309528488578,11460.63657152328
1547,77.02191958156652,77.02191958156652,0.0023200964293260524,0.0,4.515700351420478,128,0.4281224458156194,0.04951293191246743,11461.358424407606
1548,77.15185862710952,77.15185862710952,0.0016856183693382742,0.0,4.515700351420478,128,0.4281083736318713,0.05029507415183998,11461.883923172718
1549,76.35985135120944,76.35985135120944,-0.010318617431063212,0.0,4.515700351420478,128,0.42823272667316775,0.031502215578020264,11458.680891753593
1550,76.49101986601022,76.49101986601022,0.001716294397990019,0.0,4.515700351420478,128,0.42820905085629696,0.03167733362674976,11459.211362731437
1551,76.31170385619926,76.31170385619926,-0.0023470274319327667,0.0,4.515700351420478,128,0.4282415898338306,0.04517372025612454,11458.486173922125
1552,75.71183612117851,75.71183612117851,-0.007891815286734478,0.0,4.515700351420478,128,0.4283557824935738,0.0716663114589267,11456.06019216532
1553,75.71569978236325,75.71569978236325,5.102983631766729e-05,0.0,4.515700351420478,128,0.42835502455035346,0.0896912636648976,11456.075817562389
1554,74.92937865477292,74.92937865477292,-0.01043948168799804,0.0,4.515700351420478,128,0.4285093215782384,0.07273157922409354,11452.895782032623
1555,74.84443005121051,74.84443005121051,-0.0011343587160593583,0.0,4.515700351420478,128,0.42852599587235946,0.0803609883963829,11452.55223336268
1556,74.49079768590565,74.49079768590565,-0.00473609652161843,0.0,4.515700351420478,128,0.4285954200084147,0.09762423831694521,11451.12207531823
1557,74.58221526737759,74.58221526737759,0.0012264807844221673,0.0,4.515700351420478,128,0.4285938994428704,0.07101976977349864,11451.154514804179
1558,74.31261012958792,74.31261012958792,-0.003621421116816044,0.0,4.515700351420478,128,0.42860492598277994,0.10659100358497028,11450.924546948832
1559,73.83331557332161,73.83331557332161,-0.006470596154086288,0.0,4.515700351420478,128,0.4287150378117455,0.08204920682965068,11448.658347160444
1560,74.00349456712719,74.00349456712719,0.0023022556941222926,0.0,4.515700351420478,128,0.4287128956031249,0.075919991161282,11448.705238207087
1561,74.06025181618676,74.06025181618676,0.0007666596749839818,0.0,4.515700351420478,128,0.42870415764858133,0.08182656346945498,11448.884122374411
1562,73.78072420944548,73.78072420944548,-0.0037814677276586804,0.0,4.515700351420478,128,0.4287471944299989,0.06990546925264832,11448.003123664916
1563,74.23896369140904,74.23896369140904,0.006191621565892468,0.0,4.515700351420478,128,0.42867664618443085,0.04757176564698835,11449.44737597672
1564,74.36102274908122,74.36102274908122,0.0016427872982562684,0.0,4.515700351420478,128,0.4286569005829734,0.05421112037255074,11449.808010188453
1565,74.624149633085,74.624149633085,0.0035322596655704788,0.0,4.515700351420478,128,0.428627689457973,0.06874443875427737,11450.921157676861
1566,74.2660573312533,74.2660573312533,-0.0048101617908099335,0.0,4.515700351420478,128,0.42866744459766554,0.036694565175614674,11449.40626288414
1567,74.24891631633307,74.24891631633307,-0.00023083214541061607,0.0,4.515700351420478,128,0.42866934784417166,0.02743100496072857,11449.333748523703
1568,74.0759277939328,74.0759277939328,-0.0023325640673580185,0.0,4.515700351420478,128,0.42869387352687643,0.022612125913494496,11448.601927676273
1569,73.97571478831881,73.97571478831881,-0.0013537576371435527,0.0,4.515700351420478,128,0.428710499319999,0.030829909855486948,11448.074242084927
1570,74.53948946308313,74.53948946308313,0.007592184054963158,0.0,4.515700351420478,128,0.4286237121621836,0.03706011631844689,11449.85111402507
1571,74.88996536016552,74.88996536016552,0.0046908628577727795,0.0,4.515700351420478,128,0.42856977367511523,0.05657121046929392,11450.955723393134
1572,74.75547516763507,74.75547516763507,-0.0017974517401359792,0.0,4.515700351420478,128,0.4285904705798411,0.0544474582573423,11450.531845095598
1573,74.22364013910347,74.22364013910347,-0.007139756289667561,0.0,4.515700351420478,128,0.4286723305118146,0.06064274687990539,11448.855638658379
1574,74.65217806232614,74.65217806232614,0.005757000861353303,0.0,4.515700351420478,128,0.4286065030329493,-0.0006693916580322164,11450.182378008174
1575,74.76852005432107,74.76852005432107,0.0015572409575396345,0.0,4.515700351420478,128,0.42858848259586857,0.04337781884953557,11450.569487782284
1576,74.6362039979121,74.6362039979121,-0.0017712437386609421,0.0,4.515700351420478,128,0.42860884627547985,0.05968520709835046,11450.15246179941
1577,75.373739133164,75.373739133164,0.009833229220472814,0.0,4.515700351420478,128,0.4284954917904731,0.035905807182847825,11452.45308147293
1578,75.86638469364289,75.86638469364289,0.006514769896067635,0.0,4.515700351420478,128,0.42842424771978793,0.06367462580735732,11454.526483467667
1579,75.67310001753617,75.67310001753617,-0.0025509494279886873,0.0,4.515700351420478,128,0.4284476598709046,0.08072137552910678,11453.713004437019
1580,76.31236513222271,76.31236513222271,0.0084122371029478,0.0,4.515700351420478,128,0.42837516566413003,0.040175448877270564,11456.403485525832
1581,76.32372145029807,76.32372145029807,0.00014880253222657826,0.0,4.515700351420478,128,0.4283739252151124,0.07579121530636795,11456.451280968315
1582,76.37484986606509,76.37484986606509,0.0006696646502579802,0.0,4.515700351420478,128,0.4283683405936808,0.0874586194764331,11456.666465611683
1583,76.88533132724203,76.88533132724203,0.006661656602938492,0.0,4.515700351420478,128,0.4283125935572999,0.09855820131757326,11458.81493372911
1584,76.79379477807159,76.79379477807159,-0.001191268616830039,0.0,4.515700351420478,128,0.4283225882515141,0.07785343281361098,11458.429682995384
1585,76.6640050012864,76.6640050012864,-0.0016915374509354547,0.0,4.515700351420478,128,0.4283512348142236,0.08261243509966765,11457.30756924772
1586,76.3373803843626,76.3373803843626,-0.004269570661425508,0.0,4.515700351420478,128,0.4287582412308486,0.08500141389784437,11447.334793818136
1587,76.47435359042181,76.47435359042181,0.001792705824088734,0.0,4.515700351420478,128,0.4287565965061458,0.07372559600344812,11447.368001694278
1588,76.23269558766899,76.23269558766899,-0.003164990821063426,0.0,4.515700351420478,128,0.428805828433623,0.05119573228773758,11446.357143071473
1589,76.28612693839077,76.28612693839077,0.0007006525755010011,0.0,4.515700351420478,128,0.4288071303575788,0.028658967855329544,11446.331702643818
1590,75.80325813763326,75.80325813763326,-0.006349824124345431,0.0,4.515700351420478,128,0.42888116581065683,-0.023283649380256555,11444.816792889558
1591,75.90110330452265,75.90110330452265,0.0012899455167506453,0.0,4.515700351420478,128,0.4288661621993306,-0.04039680455176448,11445.12376363916
1592,76.02410844304084,76.02410844304084,0.0016192857522565978,0.0,4.515700351420478,128,0.4288473016911837,-0.03600359340132899,11445.50966905254
1593,75.82650801032436,75.82650801032436,-0.002602564926851055,0.0,4.515700351420478,128,0.42887760059433244,-0.028096315032284595,11444.889734978318
1594,76.09261819691048,76.09261819691048,0.0035033173952357566,0.0,4.515700351420478,128,0.4288367975695149,-0.03421397619597222,11445.724605478825
1595,76.92411358149403,76.92411358149403,0.010868139181168699,0.0,4.515700351420478,128,0.42871006728140676,-0.0018681971943593897,11448.333265360667
1596,76.66246301440466,76.66246301440466,-0.003407209484257536,0.0,4.515700351420478,128,0.4287495207373779,-0.06952555899402507,11447.512386074886
1597,76.693832125801,76.693832125801,0.00040910106500882036,0.0,4.515700351420478,128,0.4287447903904271,-0.07193312994494265,11447.61080074314
1598,76.77061877178048,76.77061877178048,0.0010007093100497845,0.0,4.515700351420478,128,0.42873321158904254,-0.06990548882131116,11447.851704356728
1599,76.55521580657557,76.55521580657557,-0.002809743152656209,0.0,4.515700351420478,128,0.4287658810357456,-0.0614770521950635,11447.17591819582
1600,77.16045888078754,77.16045888078754,0.007874879425552869,0.0,4.4787772184066075,122,0.46322603069586454,-0.07114302859316352,10784.79604189046
1601,77.45303509330493,77.45303509330493,0.003784618718838187,0.0,4.4787772184066075,122,0.46322603069586454,-0.04156506767587799,10784.79604189046
1602,77.34110033954126,77.34110033954126,-0.0014462404917474523,0.0,4.4787772184066075,122,0.46322603069586454,-0.04450571451614605,10784.79604189046
1603,77.63062074014215,77.63062074014215,0.003736433142962625,0.0,4.4787772184066075,122,0.46322603069586454,-0.04730080507043747,10784.79604189046
1604,77.94544101209524,77.94544101209524,0.00404716121650217,0.0,4.4787772184066075,122,0.46322603069586454,-0.037990592355581845,10784.79604189046
1605,78.26197757430495,78.26197757430495,0.004052778009313028,0.0,4.4787772184066075,122,0.46322603069586454,-0.031504747812504834,10784.79604189046
1606,78.61811454374376,78.61811454374376,0.004540252066543463,0.0,4.4787772184066075,122,0.46322603069586454,-0.010903887002853916,10784.79604189046
1607,77.77028850538505,77.77028850538505,-0.010842675389430265,0.0,4.4787772184066075,122,0.46322603069586454,-0.045481901947743784,10784.79604189046
1608,77.65249038987577,77.65249038987577,-0.0015158413573958488,0.0,4.4787772184066075,122,0.46322603069586454,-0.020681976392263213,10784.79604189046
1609,77.61408785467503,77.61408785467503,-0.0004946658375290317,0.0,4.4787772184066075,122,0.46322603069586454,-0.009893363810876075,10784.79604189046
1610,77.29075480184271,77.29075480184271,-0.0041746083189809595,0.0,4.4787772184066075,122,0.46322603069586454,-0.0042175728925348864,10784.79604189046
1611,77.47849294241406,77.47849294241406,0.0024260405137073227,0.0,4.4787772184066075,122,0.46322603069586454,-0.027801128714089476,10784.79604189046
1612,76.32539665213089,76.32539665213089,-0.014994651934787122,0.0,4.4787772184066075,122,0.46322603069586454,-0.04755290034330657,10784.79604189046
1613,76.48941653768418,76.48941653768418,0.002146649858278267,0.0,4.4787772184066075,122,0.46322603069586454,-0.06880298031950745,10784.79604189046
1614,76.48206274088173,76.48206274088173,-9.614598541887621e-05,0.0,4.4787772184066075,122,0.46322603069586454,-0.0865607512351644,10784.79604189046
1615,76.04104520384418,76.04104520384418,-0.00578297639029292,0.0,4.4787772184066075,122,0.46322603069586454,-0.08747581241343279,10784.79604189046
1616,75.47412057507381,75.47412057507381,-0.007483439318958437,0.0,4.4787772184066075,122,0.46322603069586454,-0.04930833465992084,10784.79604189046
1617,75.62030137309561,75.62030137309561,0.0019349601626090403,0.0,4.4787772184066075,122,0.46322603069586454,-0.05575696311971654,10784.79604189046
1618,75.91943916740689,75.91943916740689,0.003947983305087232,0.0,4.4787772184066075,122,0.46322603069586454,-0.07030899895345286,10784.79604189046
1619,75.65818206445375,75.65818206445375,-0.0034471759028830437,0.0,4.4787772184066075,122,0.46322603069586454,-0.07236880380628424,10784.79604189046
1620,75.73523714677997,75.73523714677997,0.0010179450253710613,0.0,4.4787772184066075,122,0.46322603069586454,-0.07473577448174266,10784.79604189046
1621,75.33489482260978,75.33489482260978,-0.005300098121582665,0.0,4.4787772184066075,122,0.46322603069586454,-0.0742308331894445,10784.79604189046
1622,75.14949154218807,75.14949154218807,-0.002464087852704241,0.0,4.4787772184066075,122,0.46322603069586454,-0.04705310451352783,10784.79604189046
1623,75.2511295890783,75.2511295890783,0.0013515643964474146,0.0,4.4787772184066075,122,0.46322603069586454,-0.056357606918218124,10784.79604189046
1624,75.54118677961274,75.54118677961274,0.0038471131058044825,0.0,4.4787772184066075,122,0.46322603069586454,-0.05622562474347531,10784.79604189046
1625,75.38985851311412,75.38985851311412,-0.002005264283617398,0.0,4.4787772184066075,122,0.46322603069586454,-0.050299943486037314,10784.79604189046
1626,75.27430633870658,75.27430633870658,-0.0015339041925159756,0.0,4.4787772184066075,122,0.46322603069586454,-0.05007972984514588,10784.79604189046
1627,75.36921129046478,75.36921129046478,0.0012599940018344703,0.0,4.4787772184066075,122,0.46322603069586454,-0.05227566992131578,10784.79604189046
1628,75.03398577282523,75.03398577282523,-0.004457698762959229,0.0,4.4787772184066075,122,0.4632251197700526,-0.05798807699793167,10784.771771241352
1629,74.79698229896046,74.79698229896046,-0.003163613965586094,0.0,4.4787772184066075,122,0.46321552864139875,-0.03820297649465757,10784.5162324526
1630,74.42403986864197,74.42403986864197,-0.004998534407668931,0.0,4.4787772184066075,122,0.4632004353733388,-0.05263468365902015,10784.114123338488
1631,74.44976193019305,74.44976193019305,0.0003455552487573704,0.0,4.4787772184066075,122,0.46320147640116516,-0.048838892952843015,10784.141857043593
1632,74.85294498272475,74.85294498272475,0.0054008938073114455,0.0,4.4787772184066075,122,0.46321779339729474,-0.055608386855493346,10784.576571806245
1633,74.45186844765445,74.45186844765445,-0.005372599725423916,0.0,4.4787772184066075,122,0.4632015616562756,-0.04762950247423463,10784.144128305325
1634,75.43102740572034,75.43102740572034,0.013065838931186253,0.0,4.4787772184066075,122,0.463237218387791,-0.09595834330777978,10785.09413494901
1635,75.77910997897688,75.77910997897688,0.0046039662964563665,0.0,4.4787772184066075,122,0.463237218387791,-0.05508829463235914,10785.09413494901
1636,76.22556542767138,76.22556542767138,0.005874250003327739,0.0,4.4787772184066075,122,0.463237218387791,-0.02480857424335508,10785.09413494901
1637,76.45126566593875,76.45126566593875,0.0029565769876284034,0.0,4.4787772184066075,122,0.463237218387791,-0.05793597115358768,10785.09413494901
1638,76.7278750906681,76.7278750906681,0.0036115847631336627,0.0,4.4787772184066075,122,0.46323630415610334,-0.04040446073165633,10785.069774871983
1639,76.22014116407678,76.22014116407678,-0.006639324969696407,0.0,4.4787772184066075,122,0.46321613718635485,-0.04016836548754149,10784.532445705048
1640,76.74701500318356,76.74701500318356,0.006888745739477989,0.0,4.4787772184066075,122,0.46323706434576317,-0.07301150715091113,10785.090030428502
1641,77.70923454203181,77.70923454203181,0.012459605742144246,0.0,4.4787772184066075,122,0.4632787854188943,-0.01305661999552423,10786.108336663596
1642,76.8802417998056,76.8802417998056,-0.01072518917060284,0.0,4.4787772184066075,122,0.4632423557032313,-0.09294699789487135,10785.231022865471
1643,77.14298322999791,77.14298322999791,0.0034117151487540183,0.0,4.4787772184066075,122,0.46325281843592014,-0.11120366639421111,10785.509079198542
1644,76.93973515867499,76.93973515867499,-0.00263816982632771,0.0,4.4787772184066075,122,0.46324074605891824,-0.11747188596826225,10785.18813221973
1645,77.71754146651865,77.71754146651865,0.010058535655470808,0.0,4.4787772184066075,122,0.46324074605891824,-0.13112415799652877,10785.18813221973
1646,76.65517125111465,76.65517125111465,-0.013763921983672793,0.0,4.4787772184066075,122,0.46323983078486947,-0.1862029476350131,10785.163743943522
1647,76.39877343803659,76.39877343803659,-0.0033504272424379035,0.0,4.4787772184066075,122,0.4632296257455108,-0.1583112236762985,10784.89182922977
1648,76.1756913590686,76.1756913590686,-0.002924240805728798,0.0,4.4787772184066075,122,0.4632168045086003,-0.15231787921890336,10784.550224996496
1649,75.63386817970743,75.63386817970743,-0.007138226099715509,0.0,4.4787772184066075,122,0.4632168045086003,-0.13560249205062272,10784.550224996496
1650,75.12076400865433,75.12076400865433,-0.006807169304663903,0.0,4.4787772184066075,122,0.4632158963091933,-0.10755935005200226,10784.526028092456
1651,75.27344073819214,75.27344073819214,0.002030354590372242,0.0,4.4787772184066075,122,0.46322204902966113,-0.11588063757734972,10784.689955435435
1652,75.28440296919088,75.28440296919088,0.00014562151991781488,0.0,4.4787772184066075,122,0.4632224907894789,-0.11358523189505355,10784.701725463558
1653,75.47164089445816,75.47164089445816,0.002483986933367683,0.0,4.4787772184066075,122,0.4632300360199768,-0.10864425406556295,10784.902760786274
1654,75.65396787739111,75.65396787739111,0.0024129209189160754,0.0,4.4787772184066075,122,0.4632373830811901,-0.1255242499252482,10785.098523283652
1655,75.28580740190608,75.28580740190608,-0.004878252997358823,0.0,4.4787772184066075,122,0.4632225473857298,-0.12053496767381192,10784.703233387681
1656,75.470211290256,75.470211290256,0.0024463896289960187,0.0,4.4787772184066075,122,0.4632299784114893,-0.12622617144781975,10784.901225835802
1657,75.43974374434855,75.43974374434855,-0.0004037844463531789,0.0,4.4787772184066075,122,0.46322875066271,-0.12691804975418097,10784.868513163328
1658,75.87064939830614,75.87064939830614,0.005695667163520656,0.0,4.4787772184066075,122,0.4632421398772032,-0.12348759796394658,10785.225271936828
1659,76.22248898279248,76.22248898279248,0.0046266414888772815,0.0,4.4787772184066075,122,0.4632421398772032,-0.09674911501138415,10785.225271936828
1660,76.44411958311493,76.44411958311493,0.002903460790822513,0.0,4.4787772184066075,122,0.4632412241913121,-0.10886987430167284,10785.200872518706
1661,76.3431450553362,76.3431450553362,-0.001321766479928066,0.0,4.4787772184066075,122,0.46323719239740674,-0.10903163261959063,10785.09344242308
1662,76.71939146292141,76.71939146292141,0.004916254152746829,0.0,4.4787772184066075,122,0.4632482329725466,-0.10789175786751068,10785.387631711901
1663,75.93583980416597,75.93583980416597,-0.010265727986741167,0.0,4.4787772184066075,122,0.46324731548631476,-0.13817267227047814,10785.363183585845
1664,76.22351946951724,76.22351946951724,0.003781298889532998,0.0,4.4787772184066075,122,0.4632592311859831,-0.16886766759081362,10785.671919168424
1665,75.93831465872522,75.93831465872522,-0.003748708030762842,0.0,4.4787772184066075,122,0.46324343921099714,-0.188373906813663,10785.259894248169
1666,75.83594516445325,75.83594516445325,-0.001348970634610832,0.0,4.4787772184066075,122,0.46324343921099714,-0.1624172491624567,10785.259894248169
1667,75.8945022076446,75.8945022076446,0.0007718562373301903,0.0,4.4787772184066075,122,0.46324252314118425,-0.17850813356268572,10785.235484443352
1668,76.03937206943017,76.03937206943017,0.00190701259187735,0.0,4.4787772184066075,122,0.46324835181531177,-0.1767453835082413,10785.390798506389
1669,76.36199543102062,76.36199543102062,0.004233870716754116,0.0,4.4787772184066075,122,0.4632575903855271,-0.1697318425481406,10785.63025359655
1670,76.96559490860264,76.96559490860264,0.007873372226559129,0.0,4.4787772184066075,122,0.4632566247400387,-0.14096497496398033,10785.60573268393
1671,76.85172982626715,76.85172982626715,-0.0014805237749472928,0.0,4.4787772184066075,122,0.46325187981012506,-0.1272657823789071,10785.484809573723
1672,76.34336007384775,76.34336007384775,-0.006636917917332444,0.0,4.4787772184066075,122,0.46322766287463013,-0.11688024822215826,10784.839529830395
1673,76.14718958437933,76.14718958437933,-0.002572888590470644,0.0,4.4787772184066075,122,0.46322766287463013,-0.10688425710848998,10784.839529830395
1674,75.88091922252421,75.88091922252421,-0.0035029131943436556,0.0,4.4787772184066075,122,0.4632267514665106,-0.1011632249489338,10784.815246134902
1675,75.93847185416979,75.93847185416979,0.0007581723783017155,0.0,4.4787772184066075,122,0.4632290556801753,-0.12983568753836908,10784.876640162805
1676,76.23127427245625,76.23127427245625,0.003848370482377032,0.0,4.4787772184066075,122,0.46323681847574844,-0.12326640055213137,10785.083479110312
1677,76.2639938601025,76.2639938601025,0.0004291226678576852,0.0,4.4787772184066075,122,0.46323681323313903,-0.12700418982249648,10785.083339422366
1678,76.0641509259103,76.0641509259103,-0.0026238493106562925,0.0,4.4787772184066075,122,0.46323681323313903,-0.119865777561493,10785.083339422366
1679,76.56482786077993,76.56482786077993,0.006560729616906321,0.0,4.4787772184066075,122,0.46323681323313903,-0.12630572854623634,10785.083339422366
1680,76.94899038504258,76.94899038504258,0.0050049348074494545,0.0,4.4787772184066075,122,0.46323681323313903,-0.10438052338079817,10785.083339422366
1681,76.399849879832,76.399849879832,-0.00716200854962983,0.0,4.4787772184066075,122,0.46323681323313903,-0.13178300217312683,10785.083339422366
1682,75.56801992511151,75.56801992511151,-0.010947554421869959,0.0,4.4787772184066075,122,0.46323681323313903,-0.07716305403681502,10785.083339422366
1683,75.36729764156041,75.36729764156041,-0.002659714175769908,0.0,4.4787772184066075,122,0.46323589912116825,-0.0633127494802502,10785.058982583996
1684,75.59394342757064,75.59394342757064,0.0030027039350756083,0.0,4.4787772184066075,122,0.4632450620433031,-0.06364870995865105,10785.303136876799
1685,75.41867298330297,75.41867298330297,-0.0023212699327254684,0.0,4.4787772184066075,122,0.46323797617940743,-0.06903204802563531,10785.11432669805
1686,75.16092500215035,75.16092500215035,-0.003423415075213649,0.0,4.4787772184066075,122,0.4632236049329684,-0.06336599033503318,10784.731410259035
1687,75.75604705501604,75.75604705501604,0.007886788736051194,0.0,4.4787772184066075,122,0.4632226947239748,-0.07257852272656923,10784.707158999414
1688,75.65534238600182,75.65534238600182,-0.0013302127962164694,0.0,4.4787772184066075,122,0.4632186614523326,-0.08704463774552584,10784.599699367778
1689,75.68636780239619,75.68636780239619,0.00041000483991321396,0.0,4.4787772184066075,122,0.4632199040441217,-0.0969752079724033,10784.632805874653
1690,75.90807936375649,75.90807936375649,0.002925063860651593,0.0,4.4787772184066075,122,0.46322878354062985,-0.09768391403997333,10784.86938917259
1691,74.87546250356075,74.87546250356075,-0.013696892791081352,0.0,4.4787772184066075,122,0.4631946428155264,-0.10679596963369405,10783.767507517023
1692,74.59797624555449,74.59797624555449,-0.0037128546596292547,0.0,4.4787772184066075,122,0.4632004419279412,-0.06786652735073294,10783.471408325584
1693,74.23808762115236,74.23808762115236,-0.004836050033256678,0.0,4.4787772184066075,122,0.4632079636201563,-0.025411981021955347,10783.087379467872
1694,74.12177227487945,74.12177227487945,-0.0015680167153870155,0.0,4.4787772184066075,122,0.46321039473190645,-0.05876663693762726,10782.96326204227
1695,73.8795945425601,73.8795945425601,-0.003272644755582194,0.0,4.4787772184066075,122,0.46322110597046506,-0.07426494627740185,10782.704839764934
1696,74.0628194503022,74.0628194503022,0.0024769773113344053,0.0,4.4787772184066075,122,0.4632116660382034,-0.09201840257915561,10782.900354841693
1697,73.75076284962886,73.75076284962886,-0.004222305682959422,0.0,4.4787772184066075,122,0.46322792982099803,-0.10619438845459839,10782.567366434245
1698,74.32682354887864,74.32682354887864,0.007780564491206405,0.0,4.4787772184066075,122,0.4632061089845808,-0.10593614377823381,10783.18206753149
1699,73.86053509424293,73.86053509424293,-0.006293249273756295,0.0,4.4787772184066075,122,0.4632221154845893,-0.10753529048117015,10782.684501866845
1700,73.91505931425671,73.91505931425671,0.000737932710827548,0.0,4.4787772184066075,122,0.4632192275323187,-0.16868623545377584,10782.742683405548
1701,73.96846121226206,73.96846121226206,0.0007222157024175915,0.0,4.4787772184066075,122,0.46321639905562684,-0.10543373893706666,10782.799667340301
1702,74.01054606339297,74.01054606339297,0.0005687948992271682,0.0,4.4787772184066075,122,0.4632141700169577,-0.08442311821049503,10782.844575115125
1703,74.3161970113175,74.3161970113175,0.004121325314911247,0.0,4.4787772184066075,122,0.4632063310840479,-0.07519741778189311,10783.17072819814
1704,74.46087528784943,74.46087528784943,0.0019449007821108453,0.0,4.4787772184066075,122,0.46320532637373385,-0.05307371982586547,10783.222024087125
1705,74.68653180445699,74.68653180445699,0.0030259552370415386,0.0,4.4787772184066075,122,0.4632053210369075,0.04555918957552593,10783.222296575515
1706,74.72070053876018,74.72070053876018,0.00045739064117590367,0.0,4.4787772184066075,122,0.4632053210369075,0.024604748770645897,10783.222296575515
1707,74.08787638499487,74.08787638499487,-0.008505262017693714,0.0,4.4787772184066075,122,0.4632053210369075,0.013158407588618276,10783.222296575515
1708,73.98736139302463,73.98736139302463,-0.0013576207462786258,0.0,4.4787772184066075,122,0.4632053210369075,0.006135442669462739,10783.222296575515
1709,73.79718127105042,73.79718127105042,-0.0025737499136009546,0.0,4.4787772184066075,122,0.4632053210369075,-0.025450728118162732,10783.222296575515
1710,73.62326061058309,73.62326061058309,-0.0023595200087177556,0.0,4.4787772184066075,122,0.4632053210369075,-0.010705261266485673,10783.222296575515
1711,73.74401791886646,73.74401791886646,0.0016388622564872139,0.0,4.4787772184066075,122,0.4632053210369075,-0.014815589396230837,10783.222296575515
1712,73.2175777253991,73.2175777253991,-0.007164353964943552,0.0,4.4787772184066075,122,0.4632053210369075,-0.026045228486867165,10783.222296575515
1713,73.03860649655985,73.03860649655985,-0.0024473675300902805,0.0,4.4787772184066075,122,0.4632053210369075,-0.022819172129886805,10783.222296575515
1714,72.66816394971765,72.66816394971765,-0.005084778749207118,0.0,4.4787772184066075,122,0.4632053210369075,-0.006129266355782669,10783.222296575515
1715,72.92753216108368,72.92753216108368,0.003562859241885555,0.0,4.4787772184066075,122,0.46320578716717614,-0.010524438928941334,10783.19849805
1716,73.22406386250971,73.22406386250971,0.004057870271586404,0.0,4.4787772184066075,122,0.4631994695452779,0.00357196406518939,10783.521056488184
1717,73.09423487890103,73.09423487890103,-0.001774610814878968,0.0,4.4787772184066075,122,0.4632042599822265,-0.0013946873954394346,10783.27646967082
1718,72.62555679491167,72.62555679491167,-0.006432615565889874,0.0,4.4787772184066075,122,0.4632042599822265,-0.0219443022589137,10783.27646967082
1719,72.87751401510779,72.87751401510779,0.0034632598560043596,0.0,4.4787772184066075,122,0.46320472642612814,-0.055499675742493246,10783.252654893377
1720,72.62452410856244,72.62452410856244,-0.003477479281464635,0.0,4.4787772184066075,122,0.4632126973913785,-0.0632817281188634,10782.874243876216
1721,72.75963672056409,72.75963672056409,0.0018586983634195735,0.0,4.4787772184066075,122,0.4632126973913785,-0.06611638525579813,10782.874243876216
1722,72.16983706599808,72.16983706599808,-0.008139171352066484,0.0,4.4787772184066075,122,0.4632126973913785,-0.038480726343561575,10782.874243876216
1723,72.83696854733734,72.83696854733734,0.00920144658716425,0.0,4.4787772184066075,122,0.4632138734615005,-0.0605211280035431,10782.85054976651
1724,72.97900500716852,72.97900500716852,0.0019481611142012198,0.0,4.4787772184066075,122,0.46320958569333187,-0.0310540836914061,10783.004566219442
1725,73.73381938347141,73.73381938347141,0.010289775817114266,0.0,4.4787772184066075,122,0.46319355514741195,-0.010080718387624126,10783.823045031128
1726,73.75245542444131,73.75245542444131,0.0002527155980223141,0.0,4.4787772184066075,122,0.46319315939093764,-0.0037179053408251776,10783.843252919514
1727,73.63379780668842,73.63379780668842,-0.0016101588959304555,0.0,4.4787772184066075,122,0.4631956792390547,-0.006441894773751819,10783.714587185228
1728,73.49531743105372,73.49531743105372,-0.0018824338922135253,0.0,4.4787772184066075,122,0.4632006492240158,-0.013715503443769723,10783.46082423714
1729,73.22759852936109,73.22759852936109,-0.003649316768994582,0.0,4.4787772184066075,122,0.4632006492240158,-0.04091875074989108,10783.46082423714
1730,73.10359876448655,73.10359876448655,-0.0016947827510191264,0.0,4.4787772184066075,122,0.4632006492240158,-0.036924458064160885,10783.46082423714
1731,72.96985488687925,72.96985488687925,-0.0018311871409506463,0.0,4.4787772184066075,122,0.4632006492240158,-0.03895948542283983,10783.46082423714
1732,72.76707744302615,72.76707744302615,-0.0027827891182951375,0.0,4.4787772184066075,122,0.4632006492240158,-0.04633751180885484,10783.46082423714
1733,72.43675153950896,72.43675153950896,-0.004549831442743922,0.0,4.4787772184066075,122,0.4632006492240158,-0.0438429467116875,10783.46082423714
1734,73.33071433806631,73.33071433806631,0.01226575492840204,0.0,4.4787772184066075,122,0.4632006492240158,-0.06935499820136598,10783.46082423714
1735,73.93676058773757,73.93676058773757,0.008230597709944089,0.0,4.4787772184066075,122,0.4632006492240158,0.0032919949230318037,10783.46082423714
1736,73.54947188721621,73.54947188721621,-0.005251874486329211,0.0,4.4787772184066075,122,0.4632006492240158,-0.026400735699993082,10783.46082423714
1737,73.8283578160667,73.8283578160667,0.0037846433523643515,0.0,4.4787772184066075,122,0.46320111673518255,-0.03775679412125707,10783.436954153327
1738,73.75245165891285,73.75245165891285,-0.0010286725505482288,0.0,4.4787772184066075,122,0.46320271897967347,-0.029705341346066814,10783.355147903138
1739,73.97159501721502,73.97159501721502,0.0029669308956402343,0.0,4.4787772184066075,122,0.4632001230959649,-0.05756031975942696,10783.487687295492
1740,74.2135644153682,74.2135644153682,0.0032657739025364163,0.0,4.4787772184066075,122,0.4632001230959649,-0.02498644619094951,10783.487687295492
1741,74.39356978100159,74.39356978100159,0.0024225681309578534,0.0,4.4787772184066075,122,0.4632005907626414,-0.06529591771821883,10783.463809152761
1742,74.44332822661603,74.44332822661603,0.0006686305363025427,0.0,4.4787772184066075,122,0.46320157601120987,-0.08707879123712098,10783.413504640395
1743,74.40830147656631,74.40830147656631,-0.0004706263648718036,0.0,4.4787772184066075,122,0.463202043248441,-0.0818361978793621,10783.38964875246
1744,74.77543964048711,74.77543964048711,0.004921969409743635,0.0,4.4787772184066075,122,0.46319435885687293,-0.07691273174916952,10783.782006716157
1745,74.37831795958621,74.37831795958621,-0.0053250099183538915,0.0,4.4787772184066075,122,0.46320469475835063,-0.09918961110065877,10783.254271721296
1746,74.82198137498854,74.82198137498854,0.005947236367006753,0.0,4.4787772184066075,122,0.4632051610737391,-0.10071665963586253,10783.230463603237
1747,74.67343404551916,74.67343404551916,-0.0019873168410052375,0.0,4.4787772184066075,122,0.46321026388383646,-0.10717529258802419,10782.969942280337
1748,75.5047721663466,75.5047721663466,0.01107146814067688,0.0,4.4787772184066075,122,0.463210728553028,-0.11111617569408733,10782.946219461111
1749,76.00162827973412,76.00162827973412,0.0065589030314199505,0.0,4.4787772184066075,122,0.46320256321107656,-0.06096632117791404,10783.363100969978
1750,75.96535435019021,75.96535435019021,-0.00047739225462091836,0.0,4.4787772184066075,122,0.46320303015651304,-0.03745775622484988,10783.339260203145
1751,75.62282240220338,75.62282240220338,-0.004519251280724918,0.0,4.4787772184066075,122,0.4632100486805102,-0.08007355764905077,10782.980929120302
1752,75.58961024886177,75.58961024886177,-0.0004392780843928729,0.0,4.4787772184066075,122,0.46321072922664286,-0.09365608846332199,10782.94618507105
1753,75.07229366710936,75.07229366710936,-0.0068672783409461586,0.0,4.4787772184066075,122,0.46323598915898384,-0.09499672115402924,10782.405007490386
1754,74.970549686666,74.970549686666,-0.001356199253010275,0.0,4.4787772184066075,122,0.4632412727120721,-0.09153856077418097,10782.29857061377
1755,75.04221230370173,75.04221230370173,0.0009554203460587523,0.0,4.4787772184066075,122,0.4632375512698308,-0.08742349583903437,10782.373538637374
1756,75.57011802943107,75.57011802943107,0.007010154964521639,0.0,4.4787772184066075,122,0.46321112864134617,-0.07454245024127304,10782.925793781607
1757,75.68532569926766,75.68532569926766,0.0015233526711608799,0.0,4.4787772184066075,122,0.46320876794506155,-0.044997005758057824,10783.046315354346
1758,75.35749468974907,75.35749468974907,-0.004340908405497175,0.0,4.4787772184066075,122,0.4632211792589982,-0.0133055189787834,10782.703363284265
1759,75.36332582701083,75.36332582701083,7.737666560828817e-05,0.0,4.4787772184066075,122,0.4632208764686346,-0.011159604012715882,10782.709463380157
1760,75.17624209710416,75.17624209710416,-0.002485510338573315,0.0,4.4787772184066075,122,0.4632305912368113,-0.010690246538193015,10782.513750495815
1761,75.13491523382314,75.13491523382314,-0.0005498841876573281,0.0,4.4787772184066075,122,0.46323780948816756,-0.009033498710520631,10782.368336825184
1762,75.25107525835395,75.25107525835395,0.001544825382362223,0.0,4.4787772184066075,122,0.46323780948816756,-0.01067571548184802,10782.368336825184
1763,75.20264499618264,75.20264499618264,-0.0006437895156344134,0.0,4.4787772184066075,122,0.4632359170640522,-0.016993833670869585,10782.31937671874
1764,75.17157862912289,75.17157862912289,-0.0004131874034361747,0.0,4.4787772184066075,122,0.46322511373714814,-0.020599887933607546,10782.03988549974
1765,75.37870176348471,75.37870176348471,0.0027515493760558725,0.0,4.4787772184066075,122,0.46322511373714814,-0.02244909754481175,10782.03988549974
1766,75.42506147050958,75.42506147050958,0.000614834901876318,0.0,4.4787772184066075,122,0.46322511373714814,-0.019497082438292814,10782.03988549974
1767,75.85882917400973,75.85882917400973,0.005734502072073678,0.0,4.4787772184066075,122,0.46322511373714814,-0.030723125388674697,10782.03988549974
1768,75.78559682203115,75.78559682203115,-0.0009658430527925321,0.0,4.4787772184066075,122,0.46322511373714814,-0.040813770366010596,10782.03988549974
1769,76.18918340580956,76.18918340580956,0.005311243509145523,0.0,4.4787772184066075,122,0.46322628239149916,-0.05284440264019909,10782.016343162151
1770,75.31805537672741,75.31805537672741,-0.011499617258936926,0.0,4.4787772184066075,122,0.4632758336896905,-0.08658523011713401,10781.018235507107
1771,74.81618304478313,74.81618304478313,-0.006685672856765839,0.0,4.4787772184066075,122,0.46327698734805023,-0.018172880281150654,10780.994999664514
1772,75.3476919327927,75.3476919327927,0.00707908087387326,0.0,4.4787772184066075,122,0.4632547035424192,-0.06719981077372533,10781.443835696407
1773,75.76939255903144,75.76939255903144,0.005581125685218357,0.0,4.4787772184066075,122,0.4632558634485204,-0.055165361658253045,10781.420472173759
1774,75.67242918297639,75.67242918297639,-0.001280536488395889,0.0,4.4787772184066075,122,0.46326583132165816,-0.05118738836550127,10781.21969748337
1775,75.57492920799736,75.57492920799736,-0.0012892785635658733,0.0,4.4787772184066075,122,0.46326698793757026,-0.05593565989760391,10781.196401202185
1776,75.59209832525917,75.59209832525917,0.0002271542626167156,0.0,4.4787772184066075,122,0.46327112525247854,-0.05010369731285742,10781.113069218607
1777,75.41141273055024,75.41141273055024,-0.00239313218188122,0.0,4.4787772184066075,122,0.46327228030306733,-0.060751961319606515,10781.089804925901
1778,75.13740015777303,75.13740015777303,-0.0036401864630818625,0.0,4.4787772184066075,122,0.4632912579026781,-0.03846787749226495,10780.707584587431
1779,74.92040921003586,74.92040921003586,-0.0028921000499528646,0.0,4.4787772184066075,122,0.46329240700010804,-0.01915748533982948,10780.684441940113
1780,74.71860192973713,74.71860192973713,-0.0026972565657910597,0.0,4.4787772184066075,122,0.4633076909267833,-0.00747861717557814,10780.376635432967
1781,74.78140958715029,74.78140958715029,0.0008402362042791792,0.0,4.4787772184066075,122,0.4633088351646877,0.0004926820393983604,10780.353592070396
1782,74.83707429388726,74.83707429388726,0.0007440886695460703,0.0,4.4787772184066075,122,0.4633109581283917,0.05891499181891732,10780.310838790172
1783,75.17699770583461,75.17699770583461,0.004531894764228397,0.0,4.4787772184066075,122,0.46331210140009277,0.05215742688126947,10780.287815166595
1784,75.10043374411774,75.10043374411774,-0.001018968285561126,0.0,4.4787772184066075,122,0.4633159826507876,0.03539018174692786,10780.209653854497
1785,74.5501855798697,74.5501855798697,-0.007353803765657465,0.0,4.4787772184066075,122,0.46334879150131,0.045841309025686366,10779.548988708875
1786,73.97307158752388,73.97307158752388,-0.007771401030390994,0.0,4.4787772184066075,122,0.4633499235837579,0.09170083060470753,10779.526193640324
1787,73.50222390702152,73.50222390702152,-0.006385466512088344,0.0,4.4787772184066075,122,0.4633739441914036,0.12570331734018236,10779.042548942576
1788,72.63328754549259,72.63328754549259,-0.011892340114245293,0.0,4.4787772184066075,122,0.46341827921808687,0.16252485684333537,10778.149996039936
1789,72.63498947364566,72.63498947364566,2.3431518402685223e-05,0.0,4.4787772184066075,122,0.4634211140089716,0.1582211730095573,10778.006053238036
1790,72.68022382035657,72.68022382035657,0.0006225686512317669,0.0,4.4787772184066075,122,0.4634250385541595,0.15656229032282643,10778.107399029872
1791,72.75322209206352,72.75322209206352,0.0010038719412768264,0.0,4.4787772184066075,122,0.4634313649583085,0.15388558597244822,10778.271085533446
1792,72.33518610050645,72.33518610050645,-0.005762516159078623,0.0,4.4787772184066075,122,0.46339513321711234,0.13869151558565315,10777.333709233622
1793,72.21643300173561,72.21643300173561,-0.0016430549339280839,0.0,4.4787772184066075,122,0.4633848395769076,0.18565406194434972,10777.06742512755
1794,72.53860856154681,72.53860856154681,0.004451328096152853,0.0,4.4787772184066075,122,0.4634138750370792,0.11776284234817523,10777.767503505009
1795,72.61580224741466,72.61580224741466,0.0010636079567246323,0.0,4.4787772184066075,122,0.4634214432039941,0.16404672262066836,10777.922927923877
1796,72.3963384751779,72.3963384751779,-0.003026835390455645,0.0,4.4787772184066075,122,0.4634035312560639,0.18014486175694092,10777.40848203865
1797,72.161710637196,72.161710637196,-0.0032461429225701267,0.0,4.4787772184066075,122,0.4633999731974729,0.19059858730000748,10776.544616012017
1798,71.68903122171062,71.68903122171062,-0.006571827306347755,0.0,4.4787772184066075,122,0.4633600996168269,0.20080306074095955,10775.462484117126
1799,71.4981568069466,71.4981568069466,-0.002666083892745243,0.0,4.4787772184066075,122,0.4633581237738663,0.2019086597491244,10774.741155080428
1800,71.28401982798943,71.28401982798943,-0.0029994939782044087,0.0,4.501678078895894,119,0.4630119616827888,0.19763693557634168,10779.993307253424
1801,71.45617886378444,71.45617886378444,0.002412202320742687,0.0,4.501678078895894,119,0.4630119616827888,0.1882905421659396,10779.993307253424
1802,71.4158753735719,71.4158753735719,-0.000564189987982947,0.0,4.501678078895894,119,0.4630119616827888,0.1885968797538938,10779.993307253424
1803,71.69881269610555,71.69881269610555,0.0039539993409843386,0.0,4.501678078895894,119,0.4630119616827888,0.1851619314092315,10779.993307253424
1804,71.5760648116061,71.5760648116061,-0.0017134604009639415,0.0,4.501678078895894,119,0.4630119616827888,0.20730521268157176,10779.993307253424
1805,71.6804431549671,71.6804431549671,0.0014572233165973908,0.0,4.501678078895894,119,0.4630119616827888,0.2346237529652233,10779.993307253424
1806,71.3660886779094,71.3660886779094,-0.00439514302191272,0.0,4.501678078895894,119,0.4630119616827888,0.24106144190654885,10779.993307253424
1807,72.00778740248222,72.00778740248222,0.008951463502052996,0.0,4.501678078895894,119,0.4630119616827888,0.20805300456622597,10779.993307253424
1808,72.74946232343898,72.74946232343898,0.010247243746013948,0.0,4.501678078895894,119,0.4630119616827888,0.22737886371218088,10779.993307253424
1809,72.66769814520386,72.66769814520386,-0.001124546602178625,0.0,4.501678078895894,119,0.4630119616827888,0.23114943065084514,10779.993307253424
1810,72.85762463555976,72.85762463555976,0.0026102206071277364,0.0,4.501678078895894,119,0.4630119616827888,0.22862984441529258,10779.993307253424
1811,72.33001687241199,72.33001687241199,-0.007267975155068773,0.0,4.501678078895894,119,0.4630119616827888,0.2062774466155632,10779.993307253424
1812,72.81507830890388,72.81507830890388,0.006683839253068162,0.0,4.501678078895894,119,0.4630119616827888,0.16007871351965489,10779.993307253424
1813,72.63288246536315,72.63288246536315,-0.002505307573483336,0.0,4.501678078895894,119,0.4630119616827888,0.14941811960993315,10779.993307253424
1814,73.49509206184882,73.49509206184882,0.011800883509891454,0.0,4.501678078895894,119,0.4630119616827888,0.11672821918652163,10779.993307253424
1815,73.85186342206123,73.85186342206123,0.004842611864732288,0.0,4.501678078895894,119,0.4630119616827888,0.15303016993324348,10779.993307253424
1816,73.94379001120868,73.94379001120868,0.0012439689377378655,0.0,4.501678078895894,119,0.4630119616827888,0.1542504182551788,10779.993307253424
1817,73.97291538664345,73.97291538664345,0.000393807795175592,0.0,4.501678078895894,119,0.4630119616827888,0.16108053526860022,10779.993307253424
1818,74.41295631492484,74.41295631492484,0.005931052777357976,0.0,4.501678078895894,119,0.4630119616827888,0.1628814099098126,10779.993307253424
1819,74.25809820114145,74.25809820114145,-0.0020832322780332323,0.0,4.501678078895894,119,0.4630119616827888,0.15465095845847468,10779.993307253424
1820,74.31728293633857,74.31728293633857,0.000796696436172912,0.0,4.501678078895894,119,0.4630119616827888,0.1531178747600373,10779.993307253424
1821,74.3494470791136,74.3494470791136,0.00043270129468151206,0.0,4.501678078895894,119,0.4630119616827888,0.15400996308498704,10779.993307253424
1822,74.26773478351019,74.26773478351019,-0.0010996346830583028,0.0,4.501678078895894,119,0.4630119616827888,0.15439613219090184,10779.993307253424
1823,73.9446376357547,73.9446376357547,-0.00435992831493824,0.0,4.501678078895894,119,0.4630119616827888,0.15512737013504552,10779.993307253424
1824,73.49655866256248,73.49655866256248,-0.006078088945228058,0.0,4.501678078895894,119,0.4630119616827888,0.16825510792264434,10779.993307253424
1825,73.8720529536179,73.8720529536179,0.005095998388587966,0.0,4.501678078895894,119,0.46301220325496467,0.14219426110231048,10779.981307253423
1826,73.34793948798949,73.34793948798949,-0.007120169905930336,0.0,4.501678078895894,119,0.4630189559449246,0.10861346191408242,10779.645880925229
1827,73.96062282992025,73.96062282992025,0.008318414968197388,0.0,4.501678078895894,119,0.4630191954343212,0.06965787211753593,10779.633985153127
1828,73.48895178972859,73.48895178972859,-0.006397748521759923,0.0,4.501678078895894,119,0.4630275925472136,0.03624917630350309,10779.381107744117
1829,73.40622725278698,73.40622725278698,-0.0011263071562452086,0.0,4.501678078895894,119,0.4630298021271931,0.08180619140757123,10779.336756565475
1830,73.28633222477987,73.28633222477987,-0.0016346439810080928,0.0,4.501678078895894,119,0.46303300456667634,0.04009865169541378,10779.272477138815
1831,73.46473571606174,73.46473571606174,0.0024313769115628598,0.0,4.501678078895894,119,0.4630282393588828,0.07288725379052555,10779.368124759276
1832,73.17530128822874,73.17530128822874,-0.0039475549734586,0.0,4.501678078895894,119,0.46303597027713933,0.03320479195212819,10779.212950025292
1833,72.87037689514138,72.87037689514138,-0.004175746108436929,0.0,4.501678078895894,119,0.46304411517981614,0.04663398902341535,10779.049470642634
1834,72.71775963277616,72.71775963277616,-0.002096562562146962,0.0,4.501678078895894,119,0.4630481918659246,0.05018361308970622,10778.96764781573
1835,72.69970590072693,72.69970590072693,-0.00024830211523441093,0.0,4.501678078895894,119,0.4630486741182095,0.05016686737073017,10778.95796865251
1836,72.3961382070836,72.3961382070836,-0.004184380861374607,0.0,4.501678078895894,119,0.46305678316487714,0.049865177724787574,10778.795216638317
1837,72.31245020912016,72.31245020912016,-0.0011566418857282194,0.0,4.501678078895894,119,0.4630590187221083,0.04732628108394992,10778.750348918473
1838,71.95578152371473,71.95578152371473,-0.004944531554670954,0.0,4.501678078895894,119,0.46306854662029157,0.0436709992594946,10778.559127822931
1839,71.96688794646896,71.96688794646896,0.00015433875451529807,0.0,4.501678078895894,119,0.4630682499228565,0.0375919786212818,10778.565082319115
1840,72.01481792930443,72.01481792930443,0.0006657788128621866,0.0,4.501678078895894,119,0.4630669695230806,0.04080068366965435,10778.590779062908
1841,72.32073261970932,72.32073261970932,0.004238943868143992,0.0,4.501678078895894,119,0.46305879747327006,0.04343535300353104,10778.754789374536
1842,72.58268454259667,72.58268454259667,0.003615542178001283,0.0,4.501678078895894,119,0.4630518000201723,0.05305111434248969,10778.895229889005
1843,72.21993173897242,72.21993173897242,-0.005010317793924167,0.0,4.501678078895894,119,0.46306149018937687,0.040884556115790296,10778.70074690982
1844,72.03854343599177,72.03854343599177,-0.0025147693867311935,0.0,4.501678078895894,119,0.46306633572303807,0.04511683141712233,10778.603499039644
1845,71.93436399734465,71.93436399734465,-0.0014472091824397383,0.0,4.501678078895894,119,0.4630691187698987,0.010566090570948112,10778.54764522571
1846,71.97649883313817,71.97649883313817,0.0005855685410923281,0.0,4.501678078895894,119,0.46306799317749875,-0.024371945714670096,10778.570235012228
1847,71.8130458552954,71.8130458552954,-0.0022735039408026017,0.0,4.501678078895894,119,0.4630723596959953,-0.08299956218824621,10778.482602823668
1848,71.39459089579782,71.39459089579782,-0.005844047984372602,0.0,4.501678078895894,119,0.4630835387166102,-0.07824290887672908,10778.258256198736
1849,71.57302268665839,71.57302268665839,0.002496116134754522,0.0,4.501678078895894,119,0.46307877185595286,-0.09164825792450347,10778.353918991472
1850,70.80814394932843,70.80814394932843,-0.010744203231191718,0.0,4.501678078895894,119,0.4630992064248464,-0.10823160726461595,10777.943843882293
1851,71.21100512598494,71.21100512598494,0.005673351232569533,0.0,4.501678078895894,119,0.4630884433557336,-0.14907625611599554,10778.159830198736
1852,71.19027877833263,71.19027877833263,-0.00029109776584037775,0.0,4.501678078895894,119,0.46308899708214074,-0.1584358285571661,10778.148718163768
1853,71.05117465947666,71.05117465947666,-0.0019558878208733037,0.0,4.501678078895894,119,0.4630927134260722,-0.1530561720805772,10778.07414015036
1854,70.98298044794997,70.98298044794997,-0.0009602509581609637,0.0,4.501678078895894,119,0.4630945353401865,-0.16053643976906617,10778.037579127844
1855,71.05798211851778,71.05798211851778,0.001056057015992563,0.0,4.501678078895894,119,0.46309253155492586,-0.15811799470427174,10778.077789839355
1856,70.8778170590218,70.8778170590218,-0.002538685198553881,0.0,4.501678078895894,119,0.46309734496743354,-0.1673260845714521,10777.981197787782
1857,70.56159482740901,70.56159482740901,-0.00447149425016463,0.0,4.501678078895894,119,0.463105793584682,-0.17334609820617633,10777.811661285034
1858,70.20224588686938,70.20224588686938,-0.005105710661913581,0.0,4.501678078895894,119,0.46311539475557445,-0.1715334010611763,10777.619003221953
1859,69.97397582362548,69.97397582362548,-0.0032569042343731066,0.0,4.501678078895894,119,0.46312149390797097,-0.16470859443016667,10777.496620592474
1860,70.63399336353557,70.63399336353557,0.009388122044195077,0.0,4.501678078895894,119,0.4631038592648314,-0.17000173929848167,10777.850476375788
1861,70.28810232927395,70.28810232927395,-0.004908977930955944,0.0,4.501678078895894,119,0.46311310079141466,-0.20203413231597336,10777.66503351182
1862,70.474796481301,70.474796481301,0.002652606092578906,0.0,4.501678078895894,119,0.4631081126521998,-0.20995212542536085,10777.765126011505
1863,70.72066442507257,70.72066442507257,0.0034826642542647836,0.0,4.501678078895894,119,0.46310154363474776,-0.19774410241090573,10777.896943408128
1864,70.62196407919915,70.62196407919915,-0.0013966113827230669,0.0,4.501678078895894,119,0.46310418065825804,-0.19926133735240784,10777.844027105013
1865,70.37159043350809,70.37159043350809,-0.0035515653142123506,0.0,4.501678078895894,119,0.4631108701247323,-0.18968355215115093,10777.709794062464
1866,70.27162832659286,70.27162832659286,-0.0014214993745015878,0.0,4.501678078895894,119,0.4631135409522253,-0.16005203147641525,10777.656201290294
1867,70.06448187908038,70.06448187908038,-0.0029521496306577173,0.0,4.501678078895894,119,0.46311907565828814,-0.2499057251086858,10777.545143683468
1868,70.09460204736158,70.09460204736158,0.000429799737570825,0.0,4.501678078895894,119,0.46311827087622176,-0.2728762445293096,10777.561292035742
1869,70.64042324032114,70.64042324032114,0.00775676031688752,0.0,4.501678078895894,119,0.46310368747420955,-0.24788555203452686,10777.853923631277
1870,70.59067246405942,70.59067246405942,-0.0007045300905081638,0.0,4.501678078895894,119,0.4631050166964465,-0.2335086365437493,10777.827250703907
1871,70.2977545202717,70.2977545202717,-0.004158160781701019,0.0,4.501678078895894,119,0.46311284289958493,-0.19689923206188661,10777.670208349457
1872,70.34271742533942,70.34271742533942,0.0006394021006553116,0.0,4.501678078895894,119,0.463111641562567,-0.1969569398543911,10777.694314351238
1873,70.64959211100148,70.64959211100148,0.004353076721118687,0.0,4.501678078895894,119,0.4631034425045428,-0.16542510102948849,10777.858839345967
1874,71.01837660615469,71.01837660615469,0.005206333252493311,0.0,4.501678078895894,119,0.46309358967538594,-0.2254360719734128,10778.05655610123
1875,71.53356747094796,71.53356747094796,0.007228145658563268,0.0,4.501678078895894,119,0.4630798259069964,-0.18370005899599842,10778.332765832023
1876,70.97464600089825,70.97464600089825,-0.007844099961614765,0.0,4.501678078895894,119,0.46309931871624765,-0.2302775106751297,10777.938319860232
1877,70.77459712184975,70.77459712184975,-0.0028225760851500474,0.0,4.501678078895894,119,0.46314756157361514,-0.22232687053639982,10776.940476401916
1878,70.9915863393861,70.9915863393861,0.0030612291548130516,0.0,4.501678078895894,119,0.463095233873243,-0.22799236755028984,10778.022818238938
1879,70.53576430864345,70.53576430864345,-0.0064414914116020195,0.0,4.501678078895894,119,0.4632051690850273,-0.24000532351144918,10775.749178747947
1880,70.43694905963883,70.43694905963883,-0.0014019062672117313,0.0,4.501678078895894,119,0.4632290074774757,-0.23982271620262288,10775.256288458982
1881,70.1320628779852,70.1320628779852,-0.004337892904642569,0.0,4.501678078895894,119,0.46330257258960517,-0.2358787760284072,10773.735516718889
1882,70.14507922538334,70.14507922538334,0.00018558044796637495,0.0,4.501678078895894,119,0.46329943148808744,-0.2396668709175562,10773.800442236914
1883,70.47046591808827,70.47046591808827,0.004628041276012666,0.0,4.501678078895894,119,0.46322337029313554,-0.24700562772678644,10775.374354679609
1884,70.57461559823976,70.57461559823976,0.0014768285141349223,0.0,4.501678078895894,119,0.46320159339141914,-0.21194069479243102,10775.826699127945
1885,70.7839602230287,70.7839602230287,0.0029618970991768553,0.0,4.501678078895894,119,0.46315356724079554,-0.1733160807523359,10776.821381188733
1886,70.80129594464313,70.80129594464313,0.00024488032398703045,0.0,4.501678078895894,119,0.46315041423424047,-0.11953317902731025,10776.887225990338
1887,71.63695711293137,71.63695711293137,0.01173379676154729,0.0,4.501678078895894,119,0.4630245897640956,-0.05437070963020989,10781.053295428079
1888,71.43232857123155,71.43232857123155,-0.00286055361577985,0.0,4.501678078895894,119,0.4630495511044785,-0.08652958083669386,10780.033149050556
1889,71.63091533690698,71.63091533690698,0.00277621124474217,0.0,4.501678078895894,119,0.4630253266944261,-0.0938199118666547,10781.023175016362
1890,71.30901829814425,71.30901829814425,-0.004503955958747438,0.0,4.501678078895894,119,0.46306459522543053,-0.10141013679325638,10779.418403290476
1891,71.53596822569581,71.53596822569581,0.0031775720525189285,0.0,4.501678078895894,119,0.46303690816871634,-0.10521845657392763,10780.549829750087
1892,71.44143472065409,71.44143472065409,-0.001322356076820115,0.0,4.501678078895894,119,0.4630509085892885,-0.12176231131636117,10780.028999194083
1893,71.18792226397242,71.18792226397242,-0.003554846337521474,0.0,4.501678078895894,119,0.46307566956092305,-0.1255671460934049,10778.888979639796
1894,70.7001343644737,70.7001343644737,-0.0068756995166344165,0.0,4.501678078895894,119,0.4631735717612276,-0.10237030438755232,10776.407543978416
1895,71.4048749001762,71.4048749001762,0.009918669539350002,0.0,4.501678078895894,119,0.46307096797604624,-0.1479756595699038,10779.53363603874
1896,71.62832293113306,71.62832293113306,0.003124424484948732,0.0,4.501678078895894,119,0.4630462153933598,-0.1228738076667617,10780.597265474455
1897,71.37004951776511,71.37004951776511,-0.0036122606122479914,0.0,4.501678078895894,119,0.4630714249662839,-0.13469153071446105,10779.43612989302
1898,72.05773553242155,72.05773553242155,0.009589373274505196,0.0,4.501678078895894,119,0.4630317627853986,-0.15259695409398444,10782.812130851242
1899,71.3186336580337,71.3186336580337,-0.01031004517100543,0.0,4.501678078895894,119,0.4630612308460318,-0.21200924197607926,10779.510319780244
1900,71.15217915364806,71.15217915364806,-0.0023366832383230436,0.0,4.501678078895894,119,0.46308400778383896,-0.19831921298533706,10778.63097792204
1901,70.83895903246956,70.83895903246956,-0.004411833488058735,0.0,4.501678078895894,119,0.4631338501825522,-0.2053241115696939,10777.225180852578
1902,71.15658300334542,71.15658300334542,0.004473724964479571,0.0,4.501678078895894,119,0.4630781465357408,-0.20502949289105935,10778.75977755637
1903,71.83494720544034,71.83494720544034,0.009488244378422479,0.0,4.501678078895894,119,0.463013989884922,-0.17133100010024624,10781.768349622324
1904,71.70656906926821,71.70656906926821,-0.0017887252933245098,0.0,4.501678078895894,119,0.4630320831379289,-0.18498323978888306,10781.079446408741
1905,71.46784281127833,71.46784281127833,-0.003334764586589812,0.0,4.501678078895894,119,0.463054860072256,-0.17951561966575663,10780.016668770359
1906,71.17702896407812,71.17702896407812,-0.0040774581868258395,0.0,4.501678078895894,119,0.46308261276554513,-0.1681075496415109,10778.72200409317
1907,70.98065207235557,70.98065207235557,-0.002762805572015778,0.0,4.501678078895894,119,0.46310387628768324,-0.16899881225871674,10777.847760216626
1908,70.96212516065815,70.96212516065815,-0.0002610476160011323,0.0,4.501678078895894,119,0.4631078488507406,-0.162455675701436,10777.765280862968
1909,71.41190123910647,71.41190123910647,0.006318253210759602,0.0,4.501678078895894,119,0.46306019812172217,-0.14138159316752671,10779.767624310562
1910,70.74190681032827,70.74190681032827,-0.009426400869696877,0.0,4.501678078895894,119,0.4631550729956921,-0.1429992270502317,10776.784897974789
1911,71.5736561941928,71.5736561941928,0.011688937408251972,0.0,4.501678078895894,119,0.46304476383576443,-0.20197427237862672,10780.487735917099
1912,71.82728799627877,71.82728799627877,0.003537383494844009,0.0,4.501678078895894,119,0.4630205670231941,-0.17591478962121873,10781.61687106088
1913,72.01056843084683,72.01056843084683,0.0025484324963357006,0.0,4.501678078895894,119,0.4630321545410709,-0.17231769392281596,10782.432811247152
1914,71.33554109185272,71.33554109185272,-0.009418216245544812,0.0,4.501678078895894,119,0.46306748494795036,-0.1757813490046773,10779.42767906261
1915,71.23506251257817,71.23506251257817,-0.0014095275375134852,0.0,4.501678078895894,119,0.4630770740261359,-0.16568549498519133,10778.980361754122
1916,70.83090655333237,70.83090655333237,-0.005689709537159178,0.0,4.501678078895894,119,0.4631359866453743,-0.1648940773665741,10777.181113026636
1917,71.16993734540753,71.16993734540753,0.0047750622737093565,0.0,4.501678078895894,119,0.4630832896099799,-0.19477213897413428,10778.690433147409
1918,70.93002803000638,70.93002803000638,-0.0033766305672743562,0.0,4.501678078895894,119,0.4631147313006539,-0.21679699034642427,10777.622388694339
1919,70.91757039720201,70.91757039720201,-0.00017564813186164116,0.0,4.501678078895894,119,0.4631174025865298,-0.1986488612258591,10777.566928965345
1920,70.77362358911182,70.77362358911182,-0.0020318391505154375,0.0,4.501678078895894,119,0.46314827104486567,-0.17930025572228112,10776.926096867348
1921,70.73456605576158,70.73456605576158,-0.0005520180060260249,0.0,4.501678078895894,119,0.46315664731247763,-0.17321708760779067,10776.752217909061
1922,70.67879794349072,70.67879794349072,-0.0007887248218237767,0.0,4.501678078895894,119,0.46316860779465585,-0.17917715539040344,10776.503945669736
1923,70.84799475925975,70.84799475925975,0.0023910228324389876,0.0,4.501678078895894,119,0.46313232217196376,-0.1780084158083344,10777.25718745302
1924,70.9876761314282,70.9876761314282,0.0019696232470735905,0.0,4.501678078895894,119,0.46310293714329703,-0.17835280632253406,10777.867653644325
1925,71.03169094280021,71.03169094280021,0.0006198424016103083,0.0,4.501678078895894,119,0.463098338470902,-0.18298397914720452,10778.037785185785
1926,71.22506508109466,71.22506508109466,0.0027186653597890817,0.0,4.501678078895894,119,0.4630798813888471,-0.18512949882954127,10778.89866120232
1927,71.01856764194426,71.01856764194426,-0.002903435187370327,0.0,4.501678078895894,119,0.4630995911642694,-0.18975462780741364,10777.979361990914
1928,70.78785179091804,70.78785179091804,-0.003253957832400471,0.0,4.501678078895894,119,0.4631476400130946,-0.18267728512698755,10776.940880028214
1929,71.51146367793727,71.51146367793727,0.010170366904990664,0.0,4.501678078895894,119,0.46303630276374125,-0.19482708009576927,10780.49982336073
1930,71.40101319329723,71.40101319329723,-0.0015457083810867074,0.0,4.501678078895894,119,0.4630468410740252,-0.20776606595051128,10780.008112452126
1931,70.78899441301878,70.78899441301878,-0.008608517154302756,0.0,4.501678078895894,119,0.4631311441063026,-0.19007696456009654,10777.272022574405
1932,70.59769311865037,70.59769311865037,-0.002706073880747024,0.0,4.501678078895894,119,0.46317978736266,-0.1760582466134062,10776.267570652817
1933,70.38317247652533,70.38317247652533,-0.003043261321790493,0.0,4.501678078895894,119,0.463226371416726,-0.1858680941947024,10775.301139046314
1934,69.695257670612,69.695257670612,-0.009821930977702195,0.0,4.501678078895894,119,0.4633949801914201,-0.18627279119572301,10771.817787899356
1935,69.76043123714152,69.76043123714152,0.0009346850140687593,0.0,4.501678078895894,119,0.46338155335756853,-0.16573071039782902,10772.09664749198
1936,69.68375519927994,69.68375519927994,-0.001099738146836985,0.0,4.501678078895894,119,0.463402511851926,-0.18364433644990005,10771.665106422468
1937,69.48219946840184,69.48219946840184,-0.002896626150955762,0.0,4.501678078895894,119,0.4634463441954957,-0.1771169005300516,10770.756553001454
1938,69.9590593548332,69.9590593548332,0.006839607579882903,0.0,4.501678078895894,119,0.46333358906798067,-0.17172192771555908,10773.087824597884
1939,69.84098446984906,69.84098446984906,-0.001689197082202925,0.0,4.501678078895894,119,0.4633594945927474,-0.18666227307234223,10772.550857700577
1940,69.6407124728087,69.6407124728087,-0.0028716618604130314,0.0,4.501678078895894,119,0.46341031655606846,-0.1865574485172409,10771.502253522638
1941,69.58945647333832,69.58945647333832,-0.0007362772332154095,0.0,4.501678078895894,119,0.4634218819847733,-0.18680675901614732,10771.262805941364
1942,69.30681055202919,69.30681055202919,-0.00406989068184561,0.0,4.501678078895894,119,0.4634901779079193,-0.18474992445178112,10769.852021508976
1943,69.52169608851024,69.52169608851024,0.003095700058891412,0.0,4.501678078895894,119,0.46343825334149075,-0.19916850050099744,10770.924590213343
1944,69.24817206705485,69.24817206705485,-0.003942129214549682,0.0,4.501678078895894,119,0.46350434900544274,-0.2090848209626668,10769.559336366527
1945,69.0773089769801,69.0773089769801,-0.0024704512239549915,0.0,4.501678078895894,119,0.4635456456910862,-0.2064723883355876,10768.706499055339
1946,68.93170968609968,68.93170968609968,-0.0021099975394260197,0.0,4.501678078895894,119,0.46358084141513917,-0.20918655773433828,10767.979762182615
1947,68.90298750448285,68.90298750448285,-0.00041676272546741996,0.0,4.501678078895894,119,0.46358778499060777,-0.21204124918620185,10767.836399750558
1948,69.3665533152094,69.3665533152094,0.006705273552374162,0.0,4.501678078895894,119,0.46347574073281744,-0.19918426717375387,10770.150218489325
1949,69.74601826872215,69.74601826872215,0.005455522679956881,0.0,4.501678078895894,119,0.46338405955224654,-0.15988553018936422,10772.044260499815
1950,70.06177730865528,70.06177730865528,0.004517052507956618,0.0,4.501678078895894,119,0.463307794703616,-0.13091264233145763,10773.620324063233
1951,69.76783191586544,69.76783191586544,-0.004204343091763359,0.0,4.501678078895894,119,0.4633787902143213,-0.14072507468454037,10772.153140025339
1952,69.668944437134,69.668944437134,-0.0014183847030385657,0.0,4.501678078895894,119,0.4634026784778608,-0.1400922675137661,10771.65955810876
1953,69.75711993842135,69.75711993842135,0.0012648354299835641,0.0,4.501678078895894,119,0.46338137780264516,-0.15543798410379386,10772.099672807597
1954,69.12596062205816,69.12596062205816,-0.009089136832833432,0.0,4.501678078895894,119,0.4635338861852795,-0.11867049031842133,10768.94933639461
1955,69.27484430708981,69.27484430708981,0.0021514866555645286,0.0,4.501678078895894,119,0.4634979030593266,-0.1671558882836596,10769.692466824748
1956,69.42523777654465,69.42523777654465,0.002168614843421359,0.0,4.501678078895894,119,0.4634615600806311,-0.15538166219309552,10770.443133115836
1957,69.73103347522968,69.73103347522968,0.004395004093811755,0.0,4.501678078895894,119,0.46338767936357317,-0.12346096774190998,10771.969466166029
1958,69.588290036215,69.588290036215,-0.002049155642816755,0.0,4.501678078895894,119,0.46342216379499307,-0.0667470793799859,10771.256983846612
1959,69.96444370630091,69.96444370630091,0.005390859368489042,0.0,4.501678078895894,119,0.46333374854507164,-0.09173483935835386,10773.085430195568
1960,70.06644860549619,70.06644860549619,0.001456891626606878,0.0,4.501678078895894,119,0.4633124220927733,-0.09068339045045305,10773.528237217763
1961,69.75003076402042,69.75003076402042,-0.004526195811713321,0.0,4.501678078895894,119,0.46339125437657414,-0.08130944430620465,10771.900638083689
1962,69.89371490119449,69.89371490119449,0.002057867857897618,0.0,4.501678078895894,119,0.46336041344080253,-0.12561837352203664,10772.540300805606
1963,70.16133224918534,70.16133224918534,0.003821606991555342,0.0,4.501678078895894,119,0.4633029807494844,-0.11460816346768586,10773.731697744859
1964,70.48252448178897,70.48252448178897,0.0045674627879826865,0.0,4.501678078895894,119,0.46323406725470273,-0.09954446623185527,10775.161602964787
1965,70.26318590735734,70.26318590735734,-0.00311680905071771,0.0,4.501678078895894,119,0.4632811255270666,-0.11989959978712597,10774.185136722223
1966,70.22382666653019,70.22382666653019,-0.0005603257003737727,0.0,4.501678078895894,119,0.4632895708079223,-0.12858932627210062,10774.009914602262
1967,70.82519728444653,70.82519728444653,0.008527166583648675,0.0,4.501678078895894,119,0.4631605651528602,-0.12460104426318866,10776.687136833634
1968,71.0087536037047,71.0087536037047,0.002588328402133037,0.0,4.501678078895894,119,0.4631221724824201,-0.10549651180285102,10777.504305221953
1969,70.48274627486072,70.48274627486072,-0.007435213458600586,0.0,4.501678078895894,119,0.46323401967414335,-0.07350201369931558,10775.162590358124
1970,70.72807058109542,70.72807058109542,0.0034745858498420466,0.0,4.501678078895894,119,0.46318139637321726,-0.01096411542275116,10776.2547416322
1971,71.32672604913986,71.32672604913986,0.00842856455841984,0.0,4.501678078895894,119,0.46309167251347505,-0.022482395337257724,10778.919876376449
1972,70.97368698207981,70.97368698207981,-0.004961894120607483,0.0,4.501678078895894,119,0.4631287211009943,-0.06579245039468003,10777.348193273356
1973,71.02120415333286,71.02120415333286,0.0006692800374269642,0.0,4.501678078895894,119,0.463120836602471,-0.04813223430270532,10777.559733417587
1974,71.31904046624278,71.31904046624278,0.004184856480662529,0.0,4.501678078895894,119,0.4630924060630325,-0.05934268948540044,10778.885661180728
1975,71.37608199728263,71.37608199728263,0.0007994882108567128,0.0,4.501678078895894,119,0.4630869618517781,-0.06379705889413599,10779.139602511515
1976,71.66390288792114,71.66390288792114,0.004024347168612339,0.0,4.501678078895894,119,0.46305949529282076,-0.03753698615981686,10780.420942943047
1977,71.62451860239354,71.62451860239354,-0.0005497204325343347,0.0,4.501678078895894,119,0.463063253323779,-0.025817890318457895,10780.245609327401
1978,71.12149593452597,71.12149593452597,-0.007047828994339795,0.0,4.501678078895894,119,0.46311126227598465,-0.021392341408371627,10778.006219125793
1979,70.95686578581571,70.95686578581571,-0.0023174566541609492,0.0,4.501678078895894,119,0.463132328259745,-0.006685269939328136,10777.273307538579
1980,70.90486466619845,70.90486466619845,-0.0007331240325443424,0.0,4.501678078895894,119,0.4631434797630912,-0.00623754472523255,10777.041805450934
1981,70.48588756348424,70.48588756348424,-0.005926530871987493,0.0,4.501678078895894,119,0.4632333457844686,-0.002413536019289116,10775.176574958448
1982,71.0229010098498,71.0229010098498,0.00758986109216037,0.0,4.501678078895894,119,0.4631206746059468,-0.037748545044563674,10777.567287597747
1983,70.70621692203368,70.70621692203368,-0.004468871597785903,0.0,4.501678078895894,119,0.46318608366052694,-0.06917857852358383,10776.1574520405
1984,70.51467774491475,70.51467774491475,-0.002712619758159123,0.0,4.501678078895894,119,0.4632271696088999,-0.060574262727322005,10775.304745027745
1985,70.90976516629553,70.90976516629553,0.005587272483519805,0.0,4.501678078895894,119,0.46314242884328644,-0.07225266888311453,10777.063621827414
1986,71.12281677464117,71.12281677464117,0.003000040768494251,0.0,4.501678078895894,119,0.46311113618764954,-0.052391888293162894,10778.012099330801
1987,71.33859722532745,71.33859722532745,0.0030293201456003827,0.0,4.501678078895894,119,0.46309053947960926,-0.052914254764591065,10778.972725278367
1988,71.53535393476336,71.53535393476336,0.0027542716110464096,0.0,4.501678078895894,119,0.4630717618282712,-0.01951009952785323,10779.848660052994
1989,71.09197610747054,71.09197610747054,-0.006217311301977661,0.0,4.501678078895894,119,0.4631140802955326,-0.0219098580926997,10777.874800770946
1990,70.45624861614216,70.45624861614216,-0.008982546649345946,0.0,4.501678078895894,119,0.46323970419391464,0.01351497821860415,10775.044626295887
1991,70.07641556588744,70.07641556588744,-0.005405632596320688,0.0,4.501678078895894,119,0.46332120313116604,0.03359046452293063,10773.35365993329
1992,69.79198355518035,69.79198355518035,-0.004067143179955909,0.0,4.501678078895894,119,0.4633822490837047,0.044091262409733864,10772.087406345747
1993,70.07558072623917,70.07558072623917,0.0040552298334411,0.0,4.501678078895894,119,0.4633213822868418,0.007215797267590927,10773.349943337898
1994,69.84962243497726,69.84962243497726,-0.003229703907101464,0.0,4.501678078895894,119,0.46336987723392875,0.004136914730605028,10772.344006993977
1995,69.1280608255926,69.1280608255926,-0.010383941882625288,0.0,4.501678078895894,119,0.46352479873805646,0.03157391898860751,10769.131710409483
1996,68.75959114747025,68.75959114747025,-0.005344504020796247,0.0,4.501678078895894,119,0.4636039459688435,0.07037187897306978,10767.491332272499
1997,68.5575800192939,68.5575800192939,-0.002942258017581952,0.0,4.501678078895894,119,0.463647348164056,0.09582780572707533,10766.592005522529
1998,69.31653384155605,69.31653384155605,0.01100948491317491,0.0,4.501678078895894,119,0.46348432408302614,0.07597367854783046,10769.970767279437
1999,68.98197844698815,68.98197844698815,-0.004838172755948872,0.0,4.501678078895894,119,0.46355617432585766,0.034259035487924215,10768.481371034795
