step,price,fundamental,log_return,volume,strategy_entropy,n_families,wealth_gini,acf1,mean_fitness
0,100.57453703979218,100.57453703979218,0.0,0.0,6.214608098422218,500,0.0,0.0,20000.0
1,100.20688114364317,100.20688114364317,-0.003662254310137648,0.0,6.214608098422218,500,0.0,0.0,20000.0
2,100.51180636284448,100.51180636284448,0.00303833646548284,0.0,6.214608098422218,500,0.0,0.0,20000.0
3,100.57349155389326,100.57349155389326,0.0006135226555372478,0.0,6.214608098422218,500,0.0,0.0,20000.0
4,100.30993003251588,100.30993003251588,-0.0026240261194842656,0.0,6.214608098422218,500,0.0,0.0,20000.0
5,101.18820206763327,101.18820206763327,0.00871747631539361,0.0,6.214608098422218,500,0.0,0.0,20000.0
6,101.06407896507804,101.06407896507804,-0.0012274088332097889,0.0,6.214608098422218,500,0.0,0.0,20000.0
7,100.79893938304767,100.79893938304767,-0.00262692727644512,0.0,6.214608098422218,500,0.0,0.0,20000.0
8,101.0250740955387,101.0250740955387,0.00224091081358249,0.0,6.214608098422218,500,0.0,0.0,20000.0
9,100.7443649328682,100.7443649328682,-0.0027824763267467333,0.0,6.214608098422218,500,5.988003592802156e-07,0.0,19999.988
10,100.66023974003055,100.66023974003055,-0.0008353850485854874,0.0,6.214608098422218,500,4.858189175766357e-06,0.0,19999.90264197342
11,100.81084365942068,100.81084365942068,0.001495042811115899,0.0,6.214608098422218,500,5.455537899234345e-06,0.0,19999.890671180827
12,101.87155770837329,101.87155770837329,0.010466855786789322,0.0,6.214608098422218,500,1.2879051565676183e-05,0.0,20000.258100556515
13,103.0729000901434,103.0729000901434,0.01172372412105704,0.0,6.214608098422218,500,1.2879051565676183e-05,0.0,20000.258100556515
14,103.00514886873833,103.00514886873833,-0.0006575297484457695,0.0,6.214608098422218,500,1.2879051565676183e-05,0.0,20000.258100556515
15,103.43984612454165,103.43984612454165,0.004211270883621416,0.0,6.214608098422218,500,1.4668254878816423e-05,0.0,20000.222100556515
16,103.12040554785503,103.12040554785503,-0.0030929554815854704,0.0,6.214608098422218,500,4.176378934359406e-05,0.0,19999.675840460262
17,103.60761465570167,103.60761465570167,0.004713536262871886,0.0,6.214608098422218,500,7.765856203969821e-05,0.0,20000.65304632993
18,102.47322429570505,102.47322429570505,-0.01100928959246873,0.0,6.214608098422218,500,0.0002660785383432815,0.0,19996.24136890052
19,102.59413964806434,102.59413964806434,0.0011792745958875929,0.0,6.214608098422218,500,0.00027351475743910193,0.0,19996.460838850515
20,102.40363866026294,102.40363866026294,-0.0018585668997027618,0.0,6.214608098422218,500,0.0002737461424442003,0.0,19995.51035005835
21,102.71349390270136,102.71349390270136,0.003021253995340326,0.0,6.214608098422218,500,0.00037940877589264177,0.0,19994.575533057297
22,102.96452823261629,102.96452823261629,0.002441043062955568,0.0,6.214608098422218,500,0.00047575643474127036,0.0,20003.643724750014
23,102.52459009716978,102.52459009716978,-0.004281869630754259,0.0,6.214608098422218,500,0.0005616662094323737,0.0,19996.36365519678
24,103.1906336741503,103.1906336741503,0.00647541676393677,0.0,6.214608098422218,500,0.001768804800655472,0.0,20036.175801264504
25,103.48636541665056,103.48636541665056,0.0028617789655613073,0.0,6.214608098422218,500,0.0016748716121817691,0.0,20036.14515791562
26,103.73875342051441,103.73875342051441,0.0024358835461267313,0.0,6.214608098422218,500,0.0019360752643663005,0.0,20043.750387295426
27,103.81143182596254,103.81143182596254,0.0007003453967767202,0.0,6.214608098422218,500,0.0019209379842879768,0.0,20041.892264185448
28,104.06374576629223,104.06374576629223,0.002427553565169718,0.0,6.214608098422218,500,0.0021568842432433265,0.0,20048.307606374423
29,103.5686737265938,103.5686737265938,-0.004768744487078227,0.0,6.214608098422218,500,0.0023063499551342482,0.0,20040.491606402007
30,104.35975429704878,104.35975429704878,0.007609198943389006,0.0,6.214608098422218,500,0.003272975863615752,0.0,20065.315603034982
31,104.19794931708311,104.19794931708311,-0.0015516570198628246,0.0,6.214608098422218,500,0.0030015095804883387,0.0,20054.727788889566
32,104.20659485052569,104.20659485052569,8.29687613777301e-05,0.0,6.214608098422218,500,0.0030773063722678677,0.0,20052.005169160508
33,102.98794440124345,102.98794440124345,-0.011763480897411343,0.0,6.214608098422218,500,0.0043005088283278,0.0,19979.592472544984
34,102.9625293441989,102.9625293441989,-0.0002468074650314007,0.0,6.214608098422218,500,0.004396445109604857,0.0,19976.336355195042
35,103.1392235151822,103.1392235151822,0.0017146308735503208,0.0,6.214608098422218,500,0.004338281540922129,0.0,19978.873171704938
36,102.99185954356969,102.99185954356969,-0.0014298085910297504,0.0,6.214608098422218,500,0.0045297275181056034,0.0,19972.498041731084
37,102.78608628543421,102.78608628543421,-0.001999955105922472,0.0,6.214608098422218,500,0.004937531298922003,0.0,19959.823097578406
38,103.25482152370881,103.25482152370881,0.004549931874210528,0.0,6.214608098422218,500,0.00488902208107471,0.0,19971.46680129533
39,104.04702750742304,104.04702750742304,0.007643056189726138,0.0,6.214608098422218,500,0.005500999706804575,0.0,20014.38108735378
40,104.32802389889063,104.32802389889063,0.002697026922375883,0.0,6.214608098422218,500,0.005686885354356044,0.0,20021.999842801702
41,103.6232350755048,103.6232350755048,-0.006778429959443965,0.0,6.214608098422218,500,0.0065024379022669675,0.0,19994.61192322628
42,102.71311888717132,102.71311888717132,-0.008821732798662833,0.0,6.214608098422218,500,0.007943403976818367,0.0,19940.10813063904
43,103.23051169348462,103.23051169348462,0.005024616623447621,0.0,6.214608098422218,500,0.007890029310138815,0.0,19954.46505878437
44,104.80756882593994,104.80756882593994,0.015161525606175633,0.0,6.214608098422218,500,0.008078040139072977,0.0,20010.853022148818
45,104.14191976738631,104.14191976738631,-0.006371408849673283,0.0,6.214608098422218,500,0.009078754506972417,0.0,19976.644840530513
46,104.2683371374907,104.2683371374907,0.0012131589633489473,0.0,6.214608098422218,500,0.009117799640878122,0.0,19979.20383977561
47,104.4518113887936,104.4518113887936,0.0017580889996139718,0.0,6.214608098422218,500,0.00920150163659942,0.0,19982.78943421498
48,103.86854371414584,103.86854371414584,-0.005599733146444921,0.0,6.214608098422218,500,0.009285931713254345,0.0,19955.405170325965
49,103.41966217507606,103.41966217507606,-0.004330996438538738,0.0,6.214608098422218,500,0.009641773219805517,0.0,19930.61154061569
50,103.49634801317814,103.49634801317814,0.0007412267571112635,0.0,6.214608098422218,500,0.009596614089434555,0.0,19927.54905305051
51,104.4143580159455,104.4143580159455,0.008830867694607024,0.0,6.214608098422218,500,0.00981090891813053,0.0,19937.181218842212
52,104.15061012627271,104.15061012627271,-0.002529169041330575,0.0,6.214608098422218,500,0.009484410081332485,0.0,19913.664914681955
53,104.36007632150847,104.36007632150847,0.002009165758050693,0.0,6.214608098422218,500,0.009544693220472624,0.0,19914.532464182776
54,103.9965918945778,103.9965918945778,-0.003489063237422425,0.0,6.214608098422218,500,0.009390877560235633,0.0,19886.003448549145
55,103.31930805261584,103.31930805261584,-0.006533857283912174,0.0,6.214608098422218,500,0.00923095563466316,0.0,19875.528620197776
56,104.15689717640335,104.15689717640335,0.008074117927472766,0.0,6.214608098422218,500,0.009335626813381947,0.0,19892.498582322412
57,104.03638650673953,104.03638650673953,-0.0011576807953757435,0.0,6.214608098422218,500,0.009593903018263834,0.0,19874.879512417956
58,103.80301021776107,103.80301021776107,-0.002245737725757161,0.0,6.214608098422218,500,0.009534412174331092,0.0,19850.722422503615
59,103.15137155287397,103.15137155287397,-0.006297434370320998,0.0,6.214608098422218,500,0.009435047927764841,0.0,19838.76865116075
60,102.49907653293847,102.49907653293847,-0.006343747008947936,0.0,6.214608098422218,500,0.009797531486669986,-0.04368464986272176,19814.84541247265
61,102.44191720634868,102.44191720634868,-0.0005578125393949522,0.0,6.214608098422218,500,0.009955781661328275,-0.03439856048990564,19800.12536786013
62,102.00740923476336,102.00740923476336,-0.004250526361086451,0.0,6.214608098422218,500,0.01008106732572359,-0.032252971450969475,19759.730562036548
63,101.85047501053835,101.85047501053835,-0.0015396437160826492,0.0,6.214608098422218,500,0.010116453331343428,-0.026895928934391505,19754.874976450465
64,101.77726606212708,101.77726606212708,-0.0007190469351559905,0.0,6.214608098422218,500,0.01026274590692897,-0.011967207001534362,19745.415321661956
65,101.27420825532482,101.27420825532482,-0.004954988263397625,0.0,6.214608098422218,500,0.010657199521594454,-0.002877163691913107,19709.950809749895
66,100.66147852346454,100.66147852346454,-0.0060685817557525725,0.0,6.214608098422218,500,0.011050484564372721,0.013118024428745632,19657.884567986486
67,100.42541071301682,100.42541071301682,-0.0023479195465417784,0.0,6.214608098422218,500,0.011183993848499439,0.024598162446447563,19641.42978846344
68,100.62075128012104,100.62075128012104,0.0019432415584348785,0.0,6.214608098422218,500,0.011121525889674258,0.025602415469947,19648.423046348256
69,101.05560543105162,101.05560543105162,0.004312402622997658,0.0,6.214608098422218,500,0.011020882489160715,0.02909895892587028,19675.199776510482
70,101.55346507445869,101.55346507445869,0.00491449513292659,0.0,6.214608098422218,500,0.010838473519966372,0.041390127053271164,19701.310045680733
71,101.44308187464831,101.44308187464831,-0.001087537816272169,0.0,6.214608098422218,500,0.01086295932094864,0.029736204446156277,19697.328900107314
72,100.95584534378584,100.95584534378584,-0.004814625045317324,0.0,6.214608098422218,500,0.01114843667769882,-0.04140569401350683,19671.909793260227
73,100.92821281196447,100.92821281196447,-0.00027374654785881,0.0,6.214608098422218,500,0.011268556592201337,-0.042501208326090334,19663.326385040207
74,100.00373508967144,100.00373508967144,-0.009201963703351424,0.0,6.214608098422218,500,0.012067178678487507,-0.040377746083664665,19585.44889564421
75,100.36117398773362,100.36117398773362,0.003567883007905684,0.0,6.214608098422218,500,0.011964207745994847,-0.05516571885416186,19596.2172790422
76,99.85720803780771,99.85720803780771,-0.005034173277767193,0.0,6.214608098422218,500,0.012352539484908909,-0.05783898311945613,19564.89539292995
77,99.94218330426453,99.94218330426453,0.0008506059103539091,0.0,6.214608098422218,500,0.012394711760787784,-0.027519646747113585,19565.663431566194
78,100.15348173897218,100.15348173897218,0.0021119749216183988,0.0,6.214608098422218,500,0.012366427363983551,-0.015463982062173193,19579.003501307914
79,100.82375488082145,100.82375488082145,0.0066701646238111105,0.0,6.214608098422218,500,0.012311242533127285,-0.0018326643835880135,19620.901157589495
80,101.51208937589085,101.51208937589085,0.006803907167582081,0.0,6.214608098422218,500,0.012083381306176378,0.033378771151971215,19643.814539075844
81,100.60310450840441,100.60310450840441,-0.008994781426804106,0.0,6.214608098422218,500,0.012488570041841222,-0.011604359670071734,19586.369562443124
82,100.93176986792332,100.93176986792332,0.0032616255812132284,0.0,6.214608098422218,500,0.012481466921982428,-0.023990194838555395,19598.76145348605
83,100.57391960192385,100.57391960192385,-0.0035517671300741437,0.0,6.214608098422218,500,0.012739533570476932,-0.014618312706918529,19576.109025122318
84,100.15915144082527,100.15915144082527,-0.004132540285705781,0.0,6.214608098422218,500,0.013190525358075914,-0.021901504265611837,19542.494400004332
85,99.72296756782453,99.72296756782453,-0.004364418063389883,0.0,6.214608098422218,500,0.013391005696611788,-0.01970627784127688,19524.322499035337
86,99.4531047046603,99.4531047046603,-0.0027097936536090318,0.0,6.214608098422218,500,0.013660868081822784,-0.017610963003138486,19505.409176030957
87,99.74553124519578,99.74553124519578,0.0029360316571209175,0.0,6.214608098422218,500,0.01343214895954206,-0.024694631515669238,19516.757784088008
88,99.77413503670873,99.77413503670873,0.00028672653921239355,0.0,6.214608098422218,500,0.013483560472934851,-0.014674253625920218,19512.473118832084
89,100.2938656413529,100.2938656413529,0.005195551232635607,0.0,6.214608098422218,500,0.013164843649848245,0.01055031717170912,19543.787306199527
90,100.72707082260519,100.72707082260519,0.004310057046746846,0.0,6.214608098422218,500,0.013180978880129961,0.033628039217275967,19555.018880976735
91,99.75784771268869,99.75784771268869,-0.009668863551362239,0.0,6.214608098422218,500,0.013431301655092322,0.005344119331015492,19513.04261839252
92,99.8399786260151,99.8399786260151,0.0008229640519475227,0.0,6.214608098422218,500,0.013494310055452768,0.0022715717294507277,19509.75561832494
93,99.35168541059109,99.35168541059109,-0.004902757310437221,0.0,6.214608098422218,500,0.014162264639782169,0.0008026353542734896,19464.67369368805
94,98.29617770329243,98.29617770329243,-0.010680790826148458,0.0,6.214608098422218,500,0.014319930244680104,0.026396057380142515,19445.47723542548
95,98.68718346795399,98.68718346795399,0.003969942190769872,0.0,6.214608098422218,500,0.014120276341614248,-0.0011914387624444409,19461.34151966051
96,98.73599663241468,98.73599663241468,0.0004945028788471814,0.0,6.214608098422218,500,0.014162980391347063,0.0017312307257615124,19458.068588644768
97,98.19824348051107,98.19824348051107,-0.005461259435140678,0.0,6.214608098422218,500,0.014536086841028016,0.002234351375999386,19427.86216701318
98,98.77622930940461,98.77622930940461,0.005868653735463445,0.0,6.214608098422218,500,0.01411352193485083,-0.04233394860686364,19464.48678910028
99,98.42720747463068,98.42720747463068,-0.003539717206666669,0.0,6.214608098422218,500,0.01421117882810932,-0.074401285298454,19455.948657304332
100,98.4629648120214,98.4629648120214,0.00036322115389056495,0.0,6.214608098422218,500,0.014267806354423974,-0.0638620557793382,19451.851615922078
101,98.8348337996304,98.8348337996304,0.0037696257189178957,0.0,6.214608098422218,500,0.014134110610653571,-0.09044747307848543,19465.883101981384
102,98.86446505533375,98.86446505533375,0.00029976086002168504,0.0,6.214608098422218,500,0.014224064927524253,-0.06095134024429747,19460.31295797685
103,99.02914541210586,99.02914541210586,0.001664332611819852,0.0,6.214608098422218,500,0.01424781744854959,-0.12049243543679573,19462.35751443877
104,98.85936963639796,98.85936963639796,-0.001715873377705426,0.0,6.214608098422218,500,0.014383702287345746,-0.07763012175554294,19450.87577989327
105,98.49483873575579,98.49483873575579,-0.003694183348927091,0.0,6.214608098422218,500,0.01481418200426112,-0.06794271699954772,19416.45284544233
106,97.48928469826086,97.48928469826086,-0.010261676749781071,0.0,6.214608098422218,500,0.0157948306500676,-0.04930811106152976,19337.352775038093
107,98.33229964945903,98.33229964945903,0.008610084143420781,0.0,6.214608098422218,500,0.01547294197968399,-0.10065798054111606,19376.33022122436
108,97.60247683099291,97.60247683099291,-0.007449685113281068,0.0,6.214608098422218,500,0.016269404108219955,-0.15331968722985684,19319.80715995162
109,97.35254591409948,97.35254591409948,-0.002563986813935893,0.0,6.214608098422218,500,0.01647729514230895,-0.14321750670355368,19301.112852642098
110,97.04081596684931,97.04081596684931,-0.0032072104874725487,0.0,6.214608098422218,500,0.016703285160157025,-0.15333841856965136,19272.61963323415
111,96.31339929992376,96.31339929992376,-0.00752422281298571,0.0,6.214608098422218,500,0.01767527768260407,-0.14119069507313575,19214.016262529305
112,96.48224813456986,96.48224813456986,0.0017515839186477077,0.0,6.214608098422218,500,0.017595053283393936,-0.1513918396558779,19225.6774045335
113,96.09184549302564,96.09184549302564,-0.0040545762831139635,0.0,6.214608098422218,500,0.017888958386732195,-0.152726789955789,19188.69550971718
114,96.49604735942238,96.49604735942238,0.004197589515153491,0.0,6.214608098422218,500,0.01763527720325196,-0.16923859116132106,19206.574430030923
115,97.03550605213998,97.03550605213998,0.0055749058010046105,0.0,6.214608098422218,500,0.01731307660288107,-0.10504890756309844,19243.350041393125
116,96.94549338456659,96.94549338456659,-0.0009280566065269032,0.0,6.214608098422218,500,0.01741401188090636,-0.11146841028352272,19228.950662434654
117,96.87516357478306,96.87516357478306,-0.0007257205085730658,0.0,6.214608098422218,500,0.01768271845058089,-0.1113296513257583,19216.10199026516
118,96.49460063994648,96.49460063994648,-0.003936121324054836,0.0,6.214608098422218,500,0.01801631393347059,-0.11570458961723883,19186.863007356234
119,96.31438770545954,96.31438770545954,-0.0018693421765452862,0.0,6.214608098422218,500,0.018222585545788907,-0.13729111491652343,19166.468182087312
120,96.17041623169645,96.17041623169645,-0.0014959258878254871,0.0,6.214608098422218,500,0.018528086681599647,-0.13794442792534067,19150.602940770677
121,96.31451126385276,96.31451126385276,0.001497208752378933,0.0,6.214608098422218,500,0.018490495179454353,-0.1369542907871136,19159.395440326498
122,96.85546604094318,96.85546604094318,0.005600830923646464,0.0,6.214608098422218,500,0.018358175763712833,-0.12256646070549407,19190.127671108665
123,96.50955038853273,96.50955038853273,-0.0035778552688039964,0.0,6.214608098422218,500,0.018823285569885852,-0.13518283567787961,19167.641528131713
124,95.77199477984394,95.77199477984394,-0.007671659028977645,0.0,6.214608098422218,500,0.019367230977581223,-0.11650487763197546,19115.60274425384
125,96.5180464534656,96.5180464534656,0.007759688565451867,0.0,6.214608098422218,500,0.019174764582894653,-0.1682648000781713,19152.76845945601
126,96.37600598218285,96.37600598218285,-0.0014727307054031246,0.0,6.214608098422218,500,0.019503052293104915,-0.18196972585309779,19135.29693976292
127,95.80777212253516,95.80777212253516,-0.005913459722060429,0.0,6.214608098422218,500,0.020076719120280948,-0.17312100356363458,19091.768412872083
128,95.79106303500903,95.79106303500903,-0.00017441742330790068,0.0,6.214608098422218,500,0.020146287718518813,-0.18629107219644694,19086.3036932942
129,95.2024418071071,95.2024418071071,-0.00616380218777143,0.0,6.214608098422218,500,0.02107645606306863,-0.21094933095704319,19044.058298714815
130,95.15818614397718,95.15818614397718,-0.00046496656796723995,0.0,6.214608098422218,500,0.02120410442821738,-0.21832040672058822,19037.808703213734
131,96.08290710244961,96.08290710244961,0.009670810282187355,0.0,6.214608098422218,500,0.020612630565885866,-0.19762746042530357,19093.13140922889
132,95.05516955773982,95.05516955773982,-0.010753979189327325,0.0,6.214608098422218,500,0.02130811695732977,-0.2520438923670358,19057.31346392658
133,95.05959016012241,95.05959016012241,4.650456797732352e-05,0.0,6.214608098422218,500,0.021457049678747363,-0.25469035111498506,19052.04510392745
134,95.49547216299055,95.49547216299055,0.004574874661274375,0.0,6.214608098422218,500,0.02128714463435746,-0.23353302511083673,19068.95262961066
135,95.36175372938064,95.36175372938064,-0.0014012406904072288,0.0,6.214608098422218,500,0.02152669635028104,-0.22644332734275693,19052.541326647788
136,95.38670243384595,95.38670243384595,0.00026158748657173036,0.0,6.214608098422218,500,0.021545290026683935,-0.22477359194938157,19052.37840175822
137,95.61911838377209,95.61911838377209,0.0024336019042416556,0.0,6.214608098422218,500,0.021499648477990917,-0.22446978294371747,19058.292651472308
138,95.54123496560229,95.54123496560229,-0.0008148491160912372,0.0,6.214608098422218,500,0.021758382900203283,-0.24034368624616415,19046.806742007582
139,95.32334839740922,95.32334839740922,-0.0022831544648435815,0.0,6.214608098422218,500,0.022014126886723554,-0.2903598366093377,19029.05134171403
140,96.12617233861502,96.12617233861502,0.008386844155510302,0.0,6.214608098422218,500,0.021849294391217248,-0.25104032775211416,19066.874096166386
141,96.23876635855994,96.23876635855994,0.0011706294667361732,0.0,6.214608098422218,500,0.021893398702113584,-0.22495361830186417,19065.373397843738
142,95.79662580862488,95.79662580862488,-0.004604790046363777,0.0,6.214608098422218,500,0.02244643855455345,-0.22265065148493135,19024.298499116994
143,96.55049110565439,96.55049110565439,0.007838632251638035,0.0,6.214608098422218,500,0.022515557766824176,-0.241482898940875,19036.15054182248
144,95.98487557800804,95.98487557800804,-0.005875462410103029,0.0,6.214608098422218,500,0.022947433678713304,-0.27733452435828404,19001.954071282005
145,97.0048094271112,97.0048094271112,0.010569926003310129,0.0,6.214608098422218,500,0.022975556187998517,-0.30025695877685715,19036.230578468647
146,96.88017570589109,96.88017570589109,-0.0012856461092304288,0.0,6.214608098422218,500,0.023235536574994158,-0.3019944929070775,19017.62820292381
147,96.52088129984513,96.52088129984513,-0.0037155414241703474,0.0,6.214608098422218,500,0.023763052692718514,-0.3023323047981215,18983.142162213615
148,96.72419379969938,96.72419379969938,0.002104194114811013,0.0,6.214608098422218,500,0.023809374236043297,-0.3092981688615017,18985.385738011395
149,96.79077729100679,96.79077729100679,0.0006881482456852414,0.0,6.214608098422218,500,0.02387892940853476,-0.3316928658697477,18983.596346660146
150,96.14137381441489,96.14137381441489,-0.0067319617327881425,0.0,6.214608098422218,500,0.024515667579714257,-0.3054848415030264,18945.051146621045
151,96.28189709664807,96.28189709664807,0.00146056458295062,0.0,6.214608098422218,500,0.024500768795402243,-0.3213473017338572,18945.142852325167
152,95.72117023181058,95.72117023181058,-0.0058408281362492456,0.0,6.214608098422218,500,0.024604757359537027,-0.3189738454767371,18916.823690467063
153,95.33863944394832,95.33863944394832,-0.00400430943223414,0.0,6.214608098422218,500,0.02512846725668623,-0.3370041856643083,18879.481460030278
154,95.7533046784743,95.7533046784743,0.0043399619726625545,0.0,6.214608098422218,500,0.025187965016371303,-0.33557068059512896,18887.126934063683
155,95.55101059512394,95.55101059512394,-0.002114893837730449,0.0,6.214608098422218,500,0.025318972807822398,-0.34856994534526226,18876.26444182445
156,95.50843637195322,95.50843637195322,-0.00044566468239293596,0.0,6.214608098422218,500,0.025512642473481645,-0.34530888526018705,18863.87051547349
157,95.37476704486586,95.37476704486586,-0.0014005354745104067,0.0,6.214608098422218,500,0.025754162513302998,-0.3285582359750241,18849.014308280184
158,94.57985101011427,94.57985101011427,-0.008369585148337933,0.0,6.214608098422218,500,0.026157982996721917,-0.306044200758934,18814.93569207321
159,94.09438198733243,94.09438198733243,-0.005146119705273533,0.0,6.214608098422218,500,0.02686137718042237,-0.27763833735472915,18779.44768992801
160,94.10337197640405,94.10337197640405,9.553768723712495e-05,0.0,6.214608098422218,500,0.02705140074387382,-0.2839037680859756,18771.043211484706
161,94.00136379800792,94.00136379800792,-0.0010845892632719682,0.0,6.214608098422218,500,0.02711896252819371,-0.2920285693162522,18763.364206818722
162,93.74217211441,93.74217211441,-0.0027611267360817095,0.0,6.214608098422218,500,0.027388322370359267,-0.29337097734285794,18742.2978825824
163,94.04674486838755,94.04674486838755,0.0032437805801691618,0.0,6.214608098422218,500,0.027394535419781787,-0.2951354336207055,18752.894664196243
164,93.44235796563707,93.44235796563707,-0.006447190659320905,0.0,6.214608098422218,500,0.028291963306865793,-0.3063254314470252,18707.05798903648
165,94.34255421026018,94.34255421026018,0.009587598171097896,0.0,6.214608098422218,500,0.02755149007231093,-0.34232143355457995,18771.63939022764
166,94.45574011432416,94.45574011432416,0.0011990141969120832,0.0,6.214608098422218,500,0.02758808684861384,-0.28876256596608557,18770.0542896854
167,95.25673732073739,95.25673732073739,0.008444378324482754,0.0,6.214608098422218,500,0.026954754739053424,-0.23520676392612408,18810.16897907643
168,95.85645310297998,95.85645310297998,0.00627604771201294,0.0,6.214608098422218,500,0.026629966577109695,-0.20499141578389285,18850.397295071856
169,95.87235619814702,95.87235619814702,0.00016589155548892137,0.0,6.214608098422218,500,0.026687596073859378,-0.20829839681293183,18843.7102609263
170,96.10803073706833,96.10803073706833,0.002455195148530311,0.0,6.214608098422218,500,0.02657347404071443,-0.22333347568043144,18851.62737571983
171,96.19790448347698,96.19790448347698,0.0009346955708756668,0.0,6.214608098422218,500,0.026571928857937254,-0.2204127607396486,18856.160526361025
172,96.3631812747671,96.3631812747671,0.0017166171578793757,0.0,6.214608098422218,500,0.026588637536311594,-0.21408685899007016,18858.71881901237
173,96.27309706245113,96.27309706245113,-0.0009352778164141895,0.0,6.214608098422218,500,0.02681203020752752,-0.20527365275132436,18849.076253510466
174,95.52386774112634,95.52386774112634,-0.00781277360809677,0.0,6.214608098422218,500,0.027302758820503887,-0.21158288092579655,18797.78468464785
175,95.63470377664355,95.63470377664355,0.0011596241492866847,0.0,6.214608098422218,500,0.027349301350393363,-0.22087072372008254,18796.611207744478
176,95.43175618830105,95.43175618830105,-0.0021243672458667053,0.0,6.214608098422218,500,0.02775926633907219,-0.22251182244512602,18776.990376630838
177,95.43865977702131,95.43865977702131,7.233796487909308e-05,0.0,6.214608098422218,500,0.027829030774676643,-0.22424849509011224,18773.228076837117
178,95.27623180221025,95.27623180221025,-0.0017033595304373245,0.0,6.214608098422218,500,0.027928550486168116,-0.2309692028201318,18764.411889369912
179,96.0235369279291,96.0235369279291,0.007812962160025746,0.0,6.214608098422218,500,0.027232130090691063,-0.23147180983599813,18802.934531554034
180,95.88071047678835,95.88071047678835,-0.0014885181484397296,0.0,6.214608098422218,500,0.027600213350301994,-0.23780124861407145,18787.189993386066
181,96.44468026114406,96.44468026114406,0.005864762823983742,0.0,6.214608098422218,500,0.02750852036928795,-0.24397928009038974,18806.63652454214
182,96.23814308427545,96.23814308427545,-0.0021438055804320474,0.0,6.214608098422218,500,0.02779510485292928,-0.2436561862764335,18786.53827273584
183,96.534773953678,96.534773953678,0.003077518440653036,0.0,6.214608098422218,500,0.027790702444935603,-0.26776852335831985,18793.637150237206
184,96.24760578886234,96.24760578886234,-0.002979197347793717,0.0,6.214608098422218,500,0.027961994367177955,-0.2411632048621313,18778.644037788992
185,95.48388516780189,95.48388516780189,-0.007966606387804038,0.0,6.214608098422218,500,0.028818735001711886,-0.21570146968623913,18731.311315911913
186,95.99778838981595,95.99778838981595,0.0053676620465898835,0.0,6.214608098422218,500,0.02845420114755006,-0.24770884188112177,18760.915657575086
187,95.96958150451034,95.96958150451034,-0.00029387166708727704,0.0,6.214608098422218,500,0.028476376676521753,-0.25569681906636016,18759.803132491732
188,95.4217612575067,95.4217612575067,-0.00572462406254272,0.0,6.214608098422218,500,0.028907175032981052,-0.24897581597445545,18736.896643030344
189,95.31237820634436,95.31237820634436,-0.001146968900913877,0.0,6.214608098422218,500,0.029186037266974194,-0.2532897676196855,18721.66967919762
190,95.6346586399223,95.6346586399223,0.0033756034649691066,0.0,6.214608098422218,500,0.02900066043984515,-0.2503550352549742,18738.729245891653
191,95.21403632538635,95.21403632538635,-0.0044079211090409754,0.0,6.214608098422218,500,0.02909312704202014,-0.19661166403057187,18727.77907816482
192,95.10885303601404,95.10885303601404,-0.001105314241854395,0.0,6.214608098422218,500,0.029242313754566207,-0.21141974901088928,18718.90902939866
193,95.10821512796622,95.10821512796622,-6.707158868345408e-06,0.0,6.214608098422218,500,0.029401899271836444,-0.21154952081464273,18710.731605574863
194,95.32703908395145,95.32703908395145,0.0022981464561303735,0.0,6.214608098422218,500,0.02931910556846807,-0.20904916104301266,18720.413165875303
195,95.61454307788487,95.61454307788487,0.0030114363561189856,0.0,6.214608098422218,500,0.02931094296341313,-0.201608420262159,18726.53523936792
196,95.286389001901,95.286389001901,-0.0034379549185823773,0.0,6.214608098422218,500,0.029509805846786624,-0.20877949000048573,18711.741003792933
197,95.52278831646709,95.52278831646709,0.002477862321322004,0.0,6.214608098422218,500,0.029431953714498034,-0.2142094466132531,18718.170026094485
198,96.23362834874183,96.23362834874183,0.007414023486045144,0.0,6.214608098422218,500,0.028973827210272658,-0.1921377126434109,18766.015622570638
199,96.0838105411918,96.0838105411918,-0.0015580265494488494,0.0,6.214608098422218,500,0.0290282069826202,-0.1864532035622877,18760.153771888672
200,97.353329916357,97.353329916357,0.013126099772876548,0.0,5.921651781885288,400,0.06094703456913098,-0.19465111366653315,18388.434631015512
201,97.2301426731747,97.2301426731747,-0.0012661636468958989,0.0,5.921651781885288,400,0.061002572508919516,-0.20504076027637877,18384.337776226745
202,97.00770380011383,97.00770380011383,-0.0022903772291474043,0.0,5.921651781885288,400,0.061207313774173475,-0.1775372371922541,18371.892024252626
203,96.80937227665369,96.80937227665369,-0.00204658533397482,0.0,5.921651781885288,400,0.06134946011826919,-0.1447721784295919,18363.13494594633
204,96.61608778068762,96.61608778068762,-0.0019985431105408167,0.0,5.921651781885288,400,0.06162908522286378,-0.09497905047008866,18346.95207611711
205,96.26158658935435,96.26158658935435,-0.0036759214530259904,0.0,5.921651781885288,400,0.06202196082254363,-0.08544163648238705,18325.42811751762
206,96.45142303963476,96.45142303963476,0.0019701473403352598,0.0,5.921651781885288,400,0.06195601435233558,-0.09547641459013408,18332.121518441894
207,96.51374477088237,96.51374477088237,0.0006459376489720731,0.0,5.921651781885288,400,0.062028954665919095,-0.08844400908534453,18330.36756408007
208,96.24961076353351,96.24961076353351,-0.0027405019167480353,0.0,5.921651781885288,400,0.062196665732235354,-0.09125172484719722,18320.67014474465
209,96.30228851515098,96.30228851515098,0.0005471538128578372,0.0,5.921651781885288,400,0.06225943052885822,-0.08824714573961027,18318.844063687437
210,96.21872974646168,96.21872974646168,-0.0008680483273010705,0.0,5.921651781885288,400,0.06235165357431414,-0.08337486997030871,18314.60862559385
211,95.5688392317252,95.5688392317252,-0.006777217164693835,0.0,5.921651781885288,400,0.06295077542717616,-0.06711561910368091,18283.651982298594
212,96.1066331056677,96.1066331056677,0.00561151908072629,0.0,5.921651781885288,400,0.06282250775712861,-0.12165098652184826,18297.153436007568
213,96.25632856149899,96.25632856149899,0.0015563857486040722,0.0,5.921651781885288,400,0.06268103147127255,-0.10050853879538221,18306.634430432965
214,96.65805624379406,96.65805624379406,0.004164834710409496,0.0,5.921651781885288,400,0.06244489809807183,-0.08723945722171111,18325.20397538341
215,96.54783309360016,96.54783309360016,-0.001140991742331023,0.0,5.921651781885288,400,0.06262350196417003,-0.0934006318387908,18317.342303842644
216,96.75758268375618,96.75758268375618,0.0021701375683703334,0.0,5.921651781885288,400,0.062401574810694,-0.09639024530877009,18331.602995173515
217,96.9377072627339,96.9377072627339,0.0018598762102111106,0.0,5.921651781885288,400,0.06234916964603753,-0.10636600145725043,18336.51757468798
218,96.1782141499704,96.1782141499704,-0.007865711154069324,0.0,5.921651781885288,400,0.06277610199751077,-0.16068983690516814,18310.930227654426
219,96.76878331363366,96.76878331363366,0.006121587955932403,0.0,5.921651781885288,400,0.062286420905818395,-0.2046327556416651,18347.824114507275
220,96.75400173652237,96.75400173652237,-0.00015276317087111426,0.0,5.921651781885288,400,0.06237734642341252,-0.20822140694117922,18340.733003028385
221,97.18414363924752,97.18414363924752,0.004435874203251235,0.0,5.921651781885288,400,0.06214699288936549,-0.21280767673781992,18353.88891425775
222,96.31589581207577,96.31589581207577,-0.008974196147356915,0.0,5.921651781885288,400,0.06333192164117624,-0.22200990433860565,18285.81952737386
223,95.71792538912719,95.71792538912719,-0.006227781667940956,0.0,5.921651781885288,400,0.06385900551422644,-0.1493776145044295,18256.983285837443
224,95.78417192403185,95.78417192403185,0.0006918622665407542,0.0,5.921651781885288,400,0.06386230846532827,-0.10492453090425903,18258.05165512416
225,95.3095811575678,95.3095811575678,-0.004967108914610821,0.0,5.921651781885288,400,0.06457711010769117,-0.12010463261801489,18227.255492764958
226,95.87425961229484,95.87425961229484,0.0059071948182208124,0.0,5.921651781885288,400,0.0642680263873424,-0.1485968538141551,18244.86400935933
227,95.67464335532068,95.67464335532068,-0.0020842335940652454,0.0,5.921651781885288,400,0.06456763448763897,-0.21568991894058492,18232.173685611604
228,95.37095861525496,95.37095861525496,-0.0031791885572638027,0.0,5.921651781885288,400,0.06489166178584552,-0.21653776471191113,18217.727356363637
229,95.43785418794378,95.43785418794378,0.0007011790959423898,0.0,5.921651781885288,400,0.06490417538797888,-0.2192385276773095,18219.614675880235
230,95.3909309166247,95.3909309166247,-0.0004917840066851514,0.0,5.921651781885288,400,0.06499950049610126,-0.2233775698941841,18212.624758723927
231,95.29614038751458,95.29614038751458,-0.0009941999346853663,0.0,5.921651781885288,400,0.06517131322569468,-0.22507113176063193,18204.44211600146
232,95.07396053379766,95.07396053379766,-0.0023341895972054027,0.0,5.921651781885288,400,0.06568721047718777,-0.22189720845803187,18181.285696769788
233,94.34763417630656,94.34763417630656,-0.00766892410919375,0.0,5.921651781885288,400,0.06596322638813744,-0.20134172820973711,18164.017678654633
234,94.25818391279583,94.25818391279583,-0.0009485420028267025,0.0,5.921651781885288,400,0.06616234021534728,-0.19795516711300185,18157.221842975778
235,94.08631527861809,94.08631527861809,-0.0018250459410335258,0.0,5.921651781885288,400,0.06641787304662239,-0.19431221511478747,18144.118861853574
236,93.80255291568454,93.80255291568454,-0.0030205363564756267,0.0,5.921651781885288,400,0.06698556732318903,-0.18900595530054223,18114.97991868272
237,93.94866193661053,93.94866193661053,0.0015564112385175852,0.0,5.921651781885288,400,0.06701441712625122,-0.1926509598558055,18114.90289667751
238,93.58503693551754,93.58503693551754,-0.0038779745611946326,0.0,5.921651781885288,400,0.0677188758056215,-0.18631972798694774,18085.45244712764
239,93.26260230254687,93.26260230254687,-0.003451314176020518,0.0,5.921651781885288,400,0.06779052124833757,-0.17781895129202888,18081.312158875084
240,93.27395184721473,93.27395184721473,0.0001216870841599924,0.0,5.921651781885288,400,0.06784231992825786,-0.1733880720877184,18079.1502684746
241,92.44895623553593,92.44895623553593,-0.008884214085877098,0.0,5.921651781885288,400,0.06841437865940325,-0.16463312635365598,18040.38897195702
242,91.94683644554576,91.94683644554576,-0.005446122427979467,0.0,5.921651781885288,400,0.06940852085742634,-0.12082761901470489,17992.124819832457
243,92.17592303330868,92.17592303330868,0.002488412694050178,0.0,5.921651781885288,400,0.06941250930002883,-0.12753134846183414,17993.680432927384
244,92.32426104138597,92.32426104138597,0.0016079988297450405,0.0,5.921651781885288,400,0.06936176380944668,-0.1357082082252234,17996.808125158776
245,92.53103565334399,92.53103565334399,0.0022371519982912406,0.0,5.921651781885288,400,0.06930686278230608,-0.0927626930999426,18000.16572576575
246,92.67182707851414,92.67182707851414,0.0015204025490187557,0.0,5.921651781885288,400,0.06928388045612649,-0.09172633636216958,18002.715299719053
247,92.7395072406498,92.7395072406498,0.0007300542374088427,0.0,5.921651781885288,400,0.06929125609725564,-0.08738740723286509,18003.32182438996
248,92.1787092892503,92.1787092892503,-0.006065380482042644,0.0,5.921651781885288,400,0.06992410905961327,-0.0970865998543825,17972.206586128512
249,92.30377246752737,92.30377246752737,0.0013558273527591752,0.0,5.921651781885288,400,0.06993839031629773,-0.10489576465713707,17972.86264965185
250,92.14716533454542,92.14716533454542,-0.001698090261612229,0.0,5.921651781885288,400,0.07021497480548898,-0.09342130997465707,17960.205179297503
251,91.76480172670882,91.76480172670882,-0.0041581215716160165,0.0,5.921651781885288,400,0.07051811880096352,-0.09162341826519384,17946.539140425586
252,91.36142662422503,91.36142662422503,-0.004405439444742942,0.0,5.921651781885288,400,0.07069153016770906,-0.07674789770455487,17935.915036366932
253,91.03513535310304,91.03513535310304,-0.0035778264200987263,0.0,5.921651781885288,400,0.07109516356817397,-0.06762076741910981,17920.068479288264
254,91.00850314527152,91.00850314527152,-0.0002925914713769442,0.0,5.921651781885288,400,0.0712040472558406,-0.0810082418562548,17913.475319828463
255,91.24821471984987,91.24821471984987,0.002630484248908326,0.0,5.921651781885288,400,0.07099593652366225,-0.06956499249486968,17925.738972942392
256,90.56215032833161,90.56215032833161,-0.007547068592617974,0.0,5.921651781885288,400,0.07106015802274773,-0.08087008034192436,17911.760872943814
257,90.33210921254394,90.33210921254394,-0.00254337799749397,0.0,5.921651781885288,400,0.07121017093296637,-0.09806927064903806,17901.796983527325
258,90.86980574768387,90.86980574768387,0.005934795043161277,0.0,5.921651781885288,400,0.07099976105385365,-0.1062154359774046,17920.0128050048
259,91.09654206512712,91.09654206512712,0.002492069962522172,0.0,5.921651781885288,400,0.07082533665070322,-0.07263845394642693,17930.97912890047
260,90.04016287250356,90.04016287250356,-0.011664021045378723,0.0,5.921651781885288,400,0.07095478477441616,-0.11931797960586432,17909.045569646747
261,90.17222541330672,90.17222541330672,0.0014656324762066136,0.0,5.921651781885288,400,0.07094246512973686,-0.14888797535046022,17909.257070409643
262,89.94545132839771,89.94545132839771,-0.002518067175150486,0.0,5.921651781885288,400,0.07117760094759888,-0.153321093790063,17891.782450341132
263,90.52007456025348,90.52007456025348,0.006368254224686731,0.0,5.921651781885288,400,0.07041424003883551,-0.15509482137885075,17931.84156314351
264,89.97357689252485,89.97357689252485,-0.006055607311968858,0.0,5.921651781885288,400,0.07055009049502045,-0.1897675396934239,17919.1350779935
265,90.1457832359209,90.1457832359209,0.001912136438221838,0.0,5.921651781885288,400,0.07051938177147991,-0.19624846498663653,17920.4673615882
266,90.83255176021692,90.83255176021692,0.007589547344070202,0.0,5.921651781885288,400,0.07023046238373834,-0.16494632179088703,17946.88800158051
267,90.12512513612337,90.12512513612337,-0.007818736846408816,0.0,5.921651781885288,400,0.07151974391105892,-0.20799844475954668,17881.585345034946
268,89.95128033015382,89.95128033015382,-0.001930789983579133,0.0,5.921651781885288,400,0.0716787935105164,-0.20129532047517026,17872.296427971472
269,90.28659757554217,90.28659757554217,0.0037208342235921115,0.0,5.921651781885288,400,0.07138887280469806,-0.20137766021855436,17888.433666585544
270,89.8177971141756,89.8177971141756,-0.005205886518543414,0.0,5.921651781885288,400,0.07188563432495679,-0.21413223573980364,17861.08179153687
271,89.41178089342453,89.41178089342453,-0.004530690969585738,0.0,5.921651781885288,400,0.07212402975806366,-0.17270432887675594,17845.215057066347
272,90.01420921853575,90.01420921853575,0.006715087245480474,0.0,5.921651781885288,400,0.07120789775153752,-0.20863551340614991,17889.142484965618
273,90.33263467823303,90.33263467823303,0.0035312599179301556,0.0,5.921651781885288,400,0.07100152158112129,-0.18703058296055222,17902.29819276407
274,89.77354140391175,89.77354140391175,-0.006208505253527407,0.0,5.921651781885288,400,0.07157661350583906,-0.20799465773779388,17875.513200085847
275,89.03101168034027,89.03101168034027,-0.008305537853348435,0.0,5.921651781885288,400,0.07269836688336828,-0.17144112359065147,17818.324505865217
276,89.00048029056167,89.00048029056167,-0.00034298864476077305,0.0,5.921651781885288,400,0.07281403063857682,-0.188421091872027,17814.255786482965
277,88.8271858222601,88.8271858222601,-0.0019490164488681892,0.0,5.921651781885288,400,0.07290081295984188,-0.17285642266125675,17809.34465655915
278,89.57559510388438,89.57559510388438,0.008390157015190983,0.0,5.921651781885288,400,0.07259860740982699,-0.1306467905912473,17827.768452888944
279,88.84034642190797,88.84034642190797,-0.008242008397312397,0.0,5.921651781885288,400,0.07333795808461908,-0.19335702720066805,17798.40500366064
280,88.07175129959124,88.07175129959124,-0.00868906047624054,0.0,5.921651781885288,400,0.07479417293291865,-0.15421963822048002,17731.02183794321
281,88.07232248954048,88.07232248954048,6.485485852060696e-06,0.0,5.921651781885288,400,0.07480527918877293,-0.1319165944689424,17730.69435160243
282,87.67908410202978,87.67908410202978,-0.004474946190850035,0.0,5.921651781885288,400,0.07520257018183506,-0.16918234474505142,17715.656191556467
283,87.72838880665368,87.72838880665368,0.0005621733795583233,0.0,5.921651781885288,400,0.07517406905904936,-0.16833962662525834,17716.962069928428
284,87.89256488632192,87.89256488632192,0.0018696644567864377,0.0,5.921651781885288,400,0.07511945689623215,-0.15564185558124718,17718.952348547024
285,87.92713519769711,87.92713519769711,0.00039324730737424433,0.0,5.921651781885288,400,0.07518960949755224,-0.1298419126184347,17715.91957844754
286,87.09726581967828,87.09726581967828,-0.009482970284584431,0.0,5.921651781885288,400,0.07684583469854754,-0.13751885252378612,17644.04343624909
287,86.55155455922863,86.55155455922863,-0.006285249226058011,0.0,5.921651781885288,400,0.07731795018066948,-0.10548019326276169,17625.155942241807
288,86.3469702405216,86.3469702405216,-0.002366525850052668,0.0,5.921651781885288,400,0.07760647950205114,-0.10007441686269296,17615.262830759988
289,86.85629499302712,86.85629499302712,0.005881254258232275,0.0,5.921651781885288,400,0.07721246041979514,-0.10220571825444998,17630.941312575113
290,87.23228178610037,87.23228178610037,0.00431949510562195,0.0,5.921651781885288,400,0.07684011751182016,-0.06642161226744105,17646.33930154201
291,87.54105463221548,87.54105463221548,0.0035334127469942075,0.0,5.921651781885288,400,0.07648453400481671,-0.04299062749326429,17661.31102602347
292,87.3522427621653,87.3522427621653,-0.0021591672890455154,0.0,5.921651781885288,400,0.07667231447198572,-0.05010053550134242,17653.495950776665
293,86.93934184480464,86.93934184480464,-0.004738056524439125,0.0,5.921651781885288,400,0.07716795804818978,-0.0472735628695048,17632.707424421966
294,87.10736702813784,87.10736702813784,0.0019308062372597168,0.0,5.921651781885288,400,0.07716667881220647,-0.055212617034725,17633.41945315059
295,87.57452241813809,87.57452241813809,0.005348654118442645,0.0,5.921651781885288,400,0.07655188232777914,-0.038363190007560805,17662.196957139615
296,88.410612442885,88.410612442885,0.009501897032417012,0.0,5.921651781885288,400,0.07643411818720458,0.015764680393924972,17666.526454795854
297,89.86548663745332,89.86548663745332,0.01632194669793659,0.0,5.921651781885288,400,0.07481011685689758,0.12069997727512131,17745.789964910262
298,90.40392564926968,90.40392564926968,0.00597373238409952,0.0,5.921651781885288,400,0.07450065290433619,0.1771681723347172,17766.72337798714
299,90.61006342042776,90.61006342042776,0.002277590382132714,0.0,5.921651781885288,400,0.07442713574692898,0.18868933993371995,17772.0591410643
300,91.31600370440687,91.31600370440687,0.0077607770930720335,0.0,5.921651781885288,400,0.0735635262392025,0.19635830057129924,17825.024344479385
301,91.25815988507736,91.25815988507736,-0.000633647391587917,0.0,5.921651781885288,400,0.07365545392699069,0.1777666459463804,17819.943083086226
302,91.91779699617499,91.91779699617499,0.007202254856408382,0.0,5.921651781885288,400,0.07295805772707599,0.18110214760370186,17850.974558923732
303,91.5118181988804,91.5118181988804,-0.00442654213462397,0.0,5.921651781885288,400,0.07353077816103845,0.1598506273583241,17827.122731388074
304,91.57736660321439,91.57736660321439,0.0007160270794298082,0.0,5.921651781885288,400,0.07357582724906739,0.15579237729162632,17825.805546253534
305,91.17847992286548,91.17847992286548,-0.004365248185957396,0.0,5.921651781885288,400,0.07408339512992952,0.15044014636012784,17793.689340736033
306,90.98507563951286,90.98507563951286,-0.002123414372599352,0.0,5.921651781885288,400,0.07423859765396704,0.15362199331246143,17784.38937741542
307,90.65884281771578,90.65884281771578,-0.0035920076525169666,0.0,5.921651781885288,400,0.07457426793143125,0.1595154510006142,17771.092253939038
308,90.13379431170719,90.13379431170719,-0.005808311560159352,0.0,5.921651781885288,400,0.07527693279275463,0.1746437075256777,17745.62858140478
309,89.53841749641013,89.53841749641013,-0.006627390941511818,0.0,5.921651781885288,400,0.0756305756562385,0.1907341103147318,17722.70188179275
310,89.60867733474599,89.60867733474599,0.0007843815944029896,0.0,5.921651781885288,400,0.07561266073088875,0.18405777400524134,17723.713124518432
311,89.33754770030133,89.33754770030133,-0.0030302940658993994,0.0,5.921651781885288,400,0.07584394182297809,0.17514816069378036,17711.09275777342
312,89.14804045203661,89.14804045203661,-0.002123502759387878,0.0,5.921651781885288,400,0.07607882356047983,0.17186835162278255,17702.500504956515
313,89.10333647558174,89.10333647558174,-0.0005015835295372383,0.0,5.921651781885288,400,0.07625897375581896,0.17302079484858995,17695.826357248145
314,90.2251405026243,90.2251405026243,0.012511327584068904,0.0,5.921651781885288,400,0.07588939429628334,0.15822679815367538,17724.39591828569
315,89.96500969396467,89.96500969396467,-0.0028872942176932687,0.0,5.921651781885288,400,0.07642426072712558,0.15140658457716058,17696.289951747498
316,89.72948079038264,89.72948079038264,-0.002621438618686184,0.0,5.921651781885288,400,0.07646051978510611,0.14933411859693999,17692.066809284875
317,89.5211234408568,89.5211234408568,-0.002324761406062064,0.0,5.921651781885288,400,0.07658924950535545,0.15961213888556736,17685.35278036985
318,89.50182516755291,89.50182516755291,-0.00021559552592169938,0.0,5.921651781885288,400,0.07674037883964126,0.1539551213503614,17678.69730823731
319,89.48365846954451,89.48365846954451,-0.00020299632910582643,0.0,5.921651781885288,400,0.07686519732717534,0.17120049759420267,17671.706617313757
320,89.72693669975624,89.72693669975624,0.0027149999632566073,0.0,5.921651781885288,400,0.0767165217078557,0.19313555386210748,17679.522458683896
321,89.90025458230741,89.90025458230741,0.0019297516717776857,0.0,5.921651781885288,400,0.07656777093422452,0.1981429568338863,17686.22608639795
322,90.65617178949054,90.65617178949054,0.008373245293917994,0.0,5.921651781885288,400,0.07613638831151244,0.20936616566990357,17710.20850081104
323,90.50288031402894,90.50288031402894,-0.0016923417324995736,0.0,5.921651781885288,400,0.07637228237481866,0.2265943745517087,17699.37303750886
324,90.40907918117055,90.40907918117055,-0.001036981098714793,0.0,5.921651781885288,400,0.07658149388062974,0.23850051541564976,17689.318084221726
325,90.043664367764,90.043664367764,-0.004049983454860886,0.0,5.921651781885288,400,0.07697656560880715,0.23111815508627387,17663.671441564344
326,90.03800749101407,90.03800749101407,-6.282568007499108e-05,0.0,5.921651781885288,400,0.07704235160777029,0.2733988583519932,17662.00197284714
327,89.82043175957949,89.82043175957949,-0.002419412049540147,0.0,5.921651781885288,400,0.077460180853272,0.2734433159908263,17645.711311287523
328,90.12128510056117,90.12128510056117,0.0033439007537358558,0.0,5.921651781885288,400,0.07729287698355272,0.2717383922776729,17654.24274912957
329,90.46966161803701,90.46966161803701,0.0038581884192518063,0.0,5.921651781885288,400,0.07715730004633259,0.2905692943323747,17661.864070556625
330,90.36395683396094,90.36395683396094,-0.001169083459373599,0.0,5.921651781885288,400,0.07733709535893156,0.27757400000088994,17653.122657707616
331,90.5451144381598,90.5451144381598,0.002002748269911835,0.0,5.921651781885288,400,0.07723792086598551,0.29805273275092903,17660.951329955238
332,89.8887891568962,89.8887891568962,-0.007274998355462824,0.0,5.921651781885288,400,0.07732891669262744,0.2735138973324421,17645.565242918947
333,89.56649765246874,89.56649765246874,-0.003591890288282565,0.0,5.921651781885288,400,0.07745352469613456,0.30284408295159676,17634.61127953233
334,89.98799846279755,89.98799846279755,0.004694971094582359,0.0,5.921651781885288,400,0.07720670442119666,0.26356354259810966,17647.94124224199
335,89.49939390170906,89.49939390170906,-0.005444457815011829,0.0,5.921651781885288,400,0.07812294625404786,0.251845180736258,17604.195334947013
336,89.31219455967135,89.31219455967135,-0.0020938174314065867,0.0,5.921651781885288,400,0.07816427612920263,0.258177765334493,17600.692180416714
337,89.67645479037583,89.67645479037583,0.004070210428503872,0.0,5.921651781885288,400,0.07811316106849696,0.26175275948539906,17605.06567896109
338,89.38752958284826,89.38752958284826,-0.003227063881956586,0.0,5.921651781885288,400,0.07850344090088422,0.3076643402065108,17582.698836423322
339,89.32787540138979,89.32787540138979,-0.0006675886018808837,0.0,5.921651781885288,400,0.07874898109590538,0.2737876057501438,17571.488594361745
340,89.19485734683416,89.19485734683416,-0.0014902088616308886,0.0,5.921651781885288,400,0.07879361646085056,0.2880182585052016,17568.15879651515
341,88.6541885826658,88.6541885826658,-0.006080104922095418,0.0,5.921651781885288,400,0.07917997760080175,0.28734138533436265,17549.321549825385
342,88.44908235825972,88.44908235825972,-0.0023162340821253216,0.0,5.921651781885288,400,0.07941555019765012,0.30222672868911127,17537.164533874035
343,87.85440624849926,87.85440624849926,-0.006746075982325822,0.0,5.921651781885288,400,0.08042711043133682,0.30353950357703297,17486.458923218903
344,88.31476326095888,88.31476326095888,0.005226318107824166,0.0,5.921651781885288,400,0.0800630265168629,0.2749669803363616,17511.382384344557
345,88.31763515506445,88.31763515506445,3.251831636296609e-05,0.0,5.921651781885288,400,0.08011312990278403,0.2768555026148649,17510.32481467044
346,88.1324737860335,88.1324737860335,-0.002098739843316493,0.0,5.921651781885288,400,0.0804597092225933,0.24968014401808106,17498.126480987125
347,88.21069970119636,88.21069970119636,0.0008872010041224176,0.0,5.921651781885288,400,0.08047930516003457,0.24332943706478904,17498.52607214408
348,88.22573152855247,88.22573152855247,0.0001703936912316473,0.0,5.921651781885288,400,0.08055019289408404,0.2555988723420442,17496.769951165123
349,88.65897271231727,88.65897271231727,0.0048985812760384655,0.0,5.921651781885288,400,0.08031288950980628,0.24057217328348213,17513.614511202428
350,88.22535167035969,88.22535167035969,-0.0049028868114411395,0.0,5.921651781885288,400,0.08057309413048801,0.21112417008482812,17500.25538805532
351,88.20840252245856,88.20840252245856,-0.00019213044613609022,0.0,5.921651781885288,400,0.0806861448782939,0.22006899135423977,17495.7131218773
352,88.19664959596221,88.19664959596221,-0.00013324931879893563,0.0,5.921651781885288,400,0.08079117867882728,0.21255594610444595,17492.382668512422
353,88.20022974296788,88.20022974296788,4.059195400254225e-05,0.0,5.921651781885288,400,0.08079534817566608,0.22285186051510125,17492.33618831218
354,88.40949582724436,88.40949582724436,0.0023698149299279997,0.0,5.921651781885288,400,0.08076532267703719,0.21577088757316254,17494.666480079723
355,88.89109674007165,88.89109674007165,0.0054326056142124475,0.0,5.921651781885288,400,0.08044752054152943,0.18834928988625715,17509.703195554117
356,89.8244461459984,89.8244461459984,0.010445178708880069,0.0,5.921651781885288,400,0.07925380504616647,0.11478217178203717,17576.486268271736
357,90.2134370069189,90.2134370069189,0.004321217950442826,0.0,5.921651781885288,400,0.07926500762143429,0.0904503262541145,17581.167183765705
358,89.90822524233195,89.90822524233195,-0.00338895447542506,0.0,5.921651781885288,400,0.0795623689721121,0.06549961718183771,17569.01453151531
359,90.322850817206,90.322850817206,0.004601052331224812,0.0,5.921651781885288,400,0.07930979270815207,0.03369827679353502,17580.92294756784
360,90.15893384863841,90.15893384863841,-0.001816438306399787,0.0,5.921651781885288,400,0.07960213209258998,0.030944414117255924,17569.84771838392
361,90.7659807549072,90.7659807549072,0.0067105095568322105,0.0,5.921651781885288,400,0.07929428101636202,0.022991734390342782,17586.524780363034
362,90.71724806065266,90.71724806065266,-0.0005370490236909277,0.0,5.921651781885288,400,0.07935296178312097,0.051667427850268406,17582.916076188907
363,90.54388426627484,90.54388426627484,-0.001912862895805865,0.0,5.921651781885288,400,0.07957339248946513,0.056716702529351674,17570.539720198656
364,90.2410296855716,90.2410296855716,-0.0033504439877219813,0.0,5.921651781885288,400,0.08017873818184083,0.06549600853717236,17538.953296332445
365,90.62612020939237,90.62612020939237,0.004258275822285073,0.0,5.921651781885288,400,0.08020187239227201,0.04325002857861973,17540.109011643068
366,90.54863014572001,90.54863014572001,-0.0008554179679639859,0.0,5.921651781885288,400,0.08036125110121932,0.033129844010854025,17534.292784773843
367,90.65606623529412,90.65606623529412,0.0011857982084215017,0.0,5.921651781885288,400,0.08038986267811371,0.01182075249477759,17533.626658045512
368,91.33873531235521,91.33873531235521,0.0075021074565063866,0.0,5.921651781885288,400,0.07992538724739333,-0.019940324328553694,17558.848225028556
369,91.90729153934724,91.90729153934724,0.0062054065914771235,0.0,5.921651781885288,400,0.07908633092618747,0.025212858798445512,17601.014665305378
370,91.56939917926583,91.56939917926583,-0.0036832225472221863,0.0,5.921651781885288,400,0.07969887816826202,0.0031297783945711897,17568.5585452547
371,91.12166645791197,91.12166645791197,-0.00490153819173371,0.0,5.921651781885288,400,0.0800911893535954,0.015546065833836938,17552.25227519695
372,90.94540042503667,90.94540042503667,-0.0019362764608001784,0.0,5.921651781885288,400,0.08041598554909121,0.024939241241639015,17538.067602712203
373,91.38355117394771,91.38355117394771,0.00480616587196175,0.0,5.921651781885288,400,0.08015796839142407,0.025442796512121377,17551.16240663113
374,90.83122239248553,90.83122239248553,-0.006062411540929065,0.0,5.921651781885288,400,0.0802805402118591,0.03754866886960614,17541.331181525533
375,90.80796063204804,90.80796063204804,-0.00025613152599926074,0.0,5.921651781885288,400,0.08034816263322941,0.0313676103943749,17538.250145242386
376,91.31560439875297,91.31560439875297,0.005574732531905318,0.0,5.921651781885288,400,0.08016254268863984,0.02049603892410989,17552.16106717486
377,91.716900744339,91.716900744339,0.004384980561615927,0.0,5.921651781885288,400,0.07974300656126442,0.04074927245058922,17574.615097283295
378,91.94348742459955,91.94348742459955,0.002467454168868725,0.0,5.921651781885288,400,0.07978381301568585,0.048545688103413656,17576.061555832646
379,91.26802980738837,91.26802980738837,-0.007373561310619943,0.0,5.921651781885288,400,0.08040650760236726,0.031761511102175524,17549.467060649407
380,90.74814325092647,90.74814325092647,-0.00571254698439463,0.0,5.921651781885288,400,0.08064826295647187,0.07033040583636567,17537.3638961417
381,89.87452444050598,89.87452444050598,-0.009673488207017914,0.0,5.921651781885288,400,0.08074809932091392,0.1009488566913814,17525.73014948032
382,89.54470941526235,89.54470941526235,-0.0036764775955262143,0.0,5.921651781885288,400,0.08092809336505546,0.15019937855795268,17518.167209902487
383,89.45289275107937,89.45289275107937,-0.0010258983486324833,0.0,5.921651781885288,400,0.08102960009639093,0.15185228680530746,17513.582482048587
384,89.7100037512395,89.7100037512395,0.002870138646781144,0.0,5.921651781885288,400,0.08099965991984118,0.14518536086810643,17518.658278664352
385,90.033959363853,90.033959363853,0.0036046380392775828,0.0,5.921651781885288,400,0.08068424578636635,0.15540937319089287,17536.067023200932
386,90.03366920423434,90.03366920423434,-3.2227849165876175e-06,0.0,5.921651781885288,400,0.0807112390414206,0.1552695542553866,17535.06422415521
387,90.6900147055102,90.6900147055102,0.00726355697013127,0.0,5.921651781885288,400,0.08024983542844209,0.15627106092146792,17562.456673033033
388,90.6058137524392,90.6058137524392,-0.0009288791677264663,0.0,5.921651781885288,400,0.08035967579192177,0.1400140681561336,17556.486439620567
389,90.96310963851177,90.96310963851177,0.003935655293766026,0.0,5.921651781885288,400,0.08024332420353689,0.14066814706327238,17565.257998157995
390,90.8856409657788,90.8856409657788,-0.0008520122042290248,0.0,5.921651781885288,400,0.08043910780437531,0.13969225911528066,17557.203001986953
391,91.22463216831568,91.22463216831568,0.0037229266448595803,0.0,5.921651781885288,400,0.0802554931439994,0.147630533214099,17568.147445271767
392,91.59295207177877,91.59295207177877,0.004029376094502264,0.0,5.921651781885288,400,0.08025357781128557,0.13912686367252022,17574.209603665084
393,91.56497612711095,91.56497612711095,-0.0003054843998343858,0.0,5.921651781885288,400,0.08029493007810787,0.15459771349434692,17571.40251210846
394,92.41405797813844,92.41405797813844,0.009230267823471486,0.0,5.921651781885288,400,0.07982557210968637,0.16315339969447562,17601.153810568194
395,92.33387563709427,92.33387563709427,-0.0008680188677581525,0.0,5.921651781885288,400,0.08011365300639023,0.14380561594299127,17588.74387430619
396,92.35437321578938,92.35437321578938,0.00022196949623578608,0.0,5.921651781885288,400,0.08011947167132905,0.15342253939509956,17588.99366530302
397,92.72853450766542,92.72853450766542,0.004043180498825956,0.0,5.921651781885288,400,0.07995402340656152,0.1643359649324205,17600.80287862148
398,92.33915460670478,92.33915460670478,-0.004207979009076562,0.0,5.921651781885288,400,0.08006385421602995,0.14424060694400845,17590.19659110852
399,91.95670669481984,91.95670669481984,-0.004150374926224393,0.0,5.921651781885288,400,0.08030577401202421,0.15919223831422918,17575.604273008146
400,93.05316793984206,93.05316793984206,0.011853141186252416,0.0,5.654869513204804,320,0.12155351868540033,0.09033450948448606,17096.76889470552
401,93.77790016096338,93.77790016096338,0.0077581942189311,0.0,5.654869513204804,320,0.12026901725154096,0.1344031156263906,17145.16178373039
402,94.2573534628194,94.2573534628194,0.0050996218174678845,0.0,5.654869513204804,320,0.11970332273580461,0.13539493464037555,17169.038381524697
403,94.34296368949738,94.34296368949738,0.0009078482353639387,0.0,5.654869513204804,320,0.11967159075244399,0.1683206333968123,17171.353444944656
404,94.50037919108176,94.50037919108176,0.0016671547499987345,0.0,5.654869513204804,320,0.11965888981575391,0.17427244645557996,17173.231140084838
405,93.76956155416977,93.76956155416977,-0.007763547433111443,0.0,5.654869513204804,320,0.11991637868545778,0.15759250824083676,17158.603620811773
406,93.52003138405608,93.52003138405608,-0.0026646469122477393,0.0,5.654869513204804,320,0.1202902646938363,0.18207783099258118,17143.972180732802
407,93.61710563046158,93.61710563046158,0.0010374664982184508,0.0,5.654869513204804,320,0.1203257166520039,0.18187251200208526,17143.4418720894
408,93.42996700948427,93.42996700948427,-0.0020009795478402263,0.0,5.654869513204804,320,0.12045861957069563,0.18301595777126012,17137.04425405801
409,92.76633876232863,92.76633876232863,-0.0071282945647915255,0.0,5.654869513204804,320,0.12100539322080969,0.21211371667242424,17109.019465260175
410,93.13182580948774,93.13182580948774,0.003932126160784819,0.0,5.654869513204804,320,0.1208216993099255,0.19183783922774733,17118.902781201366
411,93.12485990394862,93.12485990394862,-7.479898523567448e-05,0.0,5.654869513204804,320,0.12087602600403738,0.18873541614992226,17116.791396631026
412,92.43065387088154,92.43065387088154,-0.00748249683193431,0.0,5.654869513204804,320,0.12121300095421428,0.1848262172562191,17099.915690120215
413,91.87377105985888,91.87377105985888,-0.0060430942552135184,0.0,5.654869513204804,320,0.12210386374254201,0.21941232751070275,17066.69260878596
414,92.06026089046499,92.06026089046499,0.002027791078481145,0.0,5.654869513204804,320,0.12199868385468834,0.20749615266581173,17071.422716081262
415,91.63448970328413,91.63448970328413,-0.004635646345492504,0.0,5.654869513204804,320,0.1222413665945511,0.1674513950097616,17059.796790324595
416,91.84778190008632,91.84778190008632,0.0023249362569420146,0.0,5.654869513204804,320,0.1220823396826194,0.14257667796242562,17068.05083219689
417,91.67426462907164,91.67426462907164,-0.001890969788110778,0.0,5.654869513204804,320,0.12229654284569984,0.1516982900768097,17058.702196939917
418,91.71054984416224,91.71054984416224,0.00039572759247657953,0.0,5.654869513204804,320,0.12229771282148846,0.16528251879081715,17059.102673225498
419,91.25354268402323,91.25354268402323,-0.004995604375139141,0.0,5.654869513204804,320,0.12254065562373423,0.1706566190286164,17047.46349998863
420,91.72083698558058,91.72083698558058,0.0051077677470342895,0.0,5.654869513204804,320,0.12236478052094911,0.15910874463910682,17056.11372088552
421,91.30653894932158,91.30653894932158,-0.004527177879710754,0.0,5.654869513204804,320,0.12310469405117376,0.14704581066073394,17028.412763463908
422,90.88557382948372,90.88557382948372,-0.0046211206681887485,0.0,5.654869513204804,320,0.12340791600196062,0.16024198446148785,17017.143785803484
423,91.58022909644356,91.58022909644356,0.0076141239822909886,0.0,5.654869513204804,320,0.12297935947315834,0.12329193569913201,17033.77702037424
424,90.90721667861236,90.90721667861236,-0.00737601938891966,0.0,5.654869513204804,320,0.12334586254049897,0.09015603828997516,17016.907151585692
425,91.22984742164292,91.22984742164292,0.0035427284618550206,0.0,5.654869513204804,320,0.12296330538492137,0.07527794779308981,17031.159515884825
426,92.01902228086587,92.01902228086587,0.008613201700947933,0.0,5.654869513204804,320,0.12250282349436817,0.09200806203059816,17049.90995891931
427,92.57385408791257,92.57385408791257,0.006011428921881437,0.0,5.654869513204804,320,0.12222805053476592,0.11762137995013906,17062.06801527889
428,93.35078650662629,93.35078650662629,0.008357546783758553,0.0,5.654869513204804,320,0.12204871593309631,0.1189998059693008,17075.89343374892
429,93.09982349316351,93.09982349316351,-0.002692006907585107,0.0,5.654869513204804,320,0.12267888220348176,0.12034770112281967,17053.572963047907
430,93.73509477928769,93.73509477928769,0.006800374792658104,0.0,5.654869513204804,320,0.12263951588877794,0.0917989435349925,17059.98279799659
431,94.94020324950199,94.94020324950199,0.012774590751924853,0.0,5.654869513204804,320,0.12109473651216186,0.12423097727785931,17121.14597726039
432,94.90805099959674,94.90805099959674,-0.0003387152580340134,0.0,5.654869513204804,320,0.12126522345261645,0.12374742211268681,17114.679694444
433,94.93938693871564,94.93938693871564,0.0003301170639307529,0.0,5.654869513204804,320,0.12131868063013193,0.14237361936028695,17113.387638694177
434,94.36888625653279,94.36888625653279,-0.006027231664264284,0.0,5.654869513204804,320,0.12212802731268024,0.14000093919451997,17081.308103125575
435,94.22038833882536,94.22038833882536,-0.0015748292018907043,0.0,5.654869513204804,320,0.12251767242798985,0.15129281648998072,17066.822847273197
436,93.92648952174072,93.92648952174072,-0.003124144917748849,0.0,5.654869513204804,320,0.12269731535446715,0.14513990054702733,17058.654664757265
437,94.28139186361605,94.28139186361605,0.003771391080144153,0.0,5.654869513204804,320,0.12226115008924776,0.13335535358321754,17076.01034831694
438,95.01873906333776,95.01873906333776,0.007790284403402437,0.0,5.654869513204804,320,0.121640867588377,0.1530611959273633,17104.54300124693
439,95.082814533061,95.082814533061,0.0006741183429335212,0.0,5.654869513204804,320,0.12168632657532405,0.12763986307823288,17103.72891366139
440,96.67354700701694,96.67354700701694,0.016591563924288684,0.0,5.654869513204804,320,0.11968949686460346,0.0730930231922293,17191.081594637617
441,96.5329433036161,96.5329433036161,-0.0014554762419850102,0.0,5.654869513204804,320,0.11997645097120797,0.023786459964659924,17177.534463233438
442,95.90940409283094,95.90940409283094,-0.0064802929428497075,0.0,5.654869513204804,320,0.12033469147255167,0.02897653606573377,17162.57800117944
443,96.24601498873224,96.24601498873224,0.0035035310669606834,0.0,5.654869513204804,320,0.12001541231777575,0.020741500173994683,17178.103455767683
444,96.3900791376563,96.3900791376563,0.0014957132144445605,0.0,5.654869513204804,320,0.12001210083144395,0.01881292729874662,17179.248075877338
445,96.24805347660316,96.24805347660316,-0.0014745334670658691,0.0,5.654869513204804,320,0.12018719933603882,0.019946110397953902,17172.63972803054
446,96.43829666609037,96.43829666609037,0.001974641703087152,0.0,5.654869513204804,320,0.11998850887465674,0.022719245227562634,17182.534800257195
447,96.60233458315707,96.60233458315707,0.0016995174071750988,0.0,5.654869513204804,320,0.11997383456304242,0.03075062653286264,17184.64972168827
448,96.56236371655365,96.56236371655365,-0.00041385271248581463,0.0,5.654869513204804,320,0.12007569321643707,0.03359930576318563,17181.417068601848
449,96.28145308827443,96.28145308827443,-0.0029133506235447634,0.0,5.654869513204804,320,0.12037040653269306,0.040073248237325616,17167.3514385884
450,96.15470794725121,96.15470794725121,-0.0013172696718592816,0.0,5.654869513204804,320,0.12063664669145342,0.048089960096879755,17155.579439051504
451,96.39699223582156,96.39699223582156,0.002516564810463851,0.0,5.654869513204804,320,0.12058688970118504,0.04100633953760468,17158.874686894313
452,95.9900928139816,95.9900928139816,-0.004230013968515594,0.0,5.654869513204804,320,0.12112473183672921,0.037890287018647474,17135.387422266518
453,95.63516252476752,95.63516252476752,-0.0037044250192591974,0.0,5.654869513204804,320,0.12154836071659965,0.05551908009899871,17116.215991379635
454,96.01882730311608,96.01882730311608,0.0040037287113111495,0.0,5.654869513204804,320,0.12140366244713462,0.0566328756339105,17122.61254598408
455,96.35726288887439,96.35726288887439,0.0035184823079128973,0.0,5.654869513204804,320,0.12123102020259807,0.06176561596452561,17131.189095722268
456,96.58478688322421,96.58478688322421,0.0023584708474200856,0.0,5.654869513204804,320,0.12113414826056976,0.06546421571635944,17135.738241839244
457,96.88503261890062,96.88503261890062,0.003103801693576092,0.0,5.654869513204804,320,0.12108754978642142,0.0777236402986437,17139.6078864825
458,96.84465958056532,96.84465958056532,-0.0004167976365564056,0.0,5.654869513204804,320,0.12116957331380007,0.062177831533875384,17136.689521782373
459,95.93303298896977,95.93303298896977,-0.00945787217341452,0.0,5.654869513204804,320,0.1227384472267364,0.09776752417134418,17077.561005363645
460,96.26825284498298,96.26825284498298,0.0034882201173901907,0.0,5.654869513204804,320,0.12272434308368621,0.037003063790209914,17080.54565226057
461,96.31537294578114,96.31537294578114,0.0004893469166441625,0.0,5.654869513204804,320,0.12276020559244785,0.016278116507786607,17079.678083927665
462,96.17180467010145,96.17180467010145,-0.0014917180882437547,0.0,5.654869513204804,320,0.12288027711553613,0.014648222889355933,17075.23249427062
463,95.99555886850982,95.99555886850982,-0.0018342953534165422,0.0,5.654869513204804,320,0.12305319821815962,0.016621579542849034,17067.52327452829
464,95.42621581841051,95.42621581841051,-0.005948588972320968,0.0,5.654869513204804,320,0.12382442691441316,0.03216472753887476,17037.110871565572
465,95.20260735272052,95.20260735272052,-0.0023460100579499104,0.0,5.654869513204804,320,0.12396735793941724,0.028081204816352467,17030.095792421893
466,95.44629168443014,95.44629168443014,0.0025563689656450785,0.0,5.654869513204804,320,0.12376730777346226,0.025589926725742777,17038.503539686288
467,95.46957844220067,95.46957844220067,0.00024394784855314634,0.0,5.654869513204804,320,0.12376662913779012,0.02654701000511148,17038.76018364078
468,94.98840709832774,94.98840709832774,-0.005052792785008297,0.0,5.654869513204804,320,0.12397742436708552,0.01551033177061931,17029.013050627083
469,95.05484819044574,95.05484819044574,0.0006992207613368697,0.0,5.654869513204804,320,0.1240512463608158,0.03243217093631543,17026.745502726968
470,95.39184030245386,95.39184030245386,0.003538969003774597,0.0,5.654869513204804,320,0.12370439344496924,0.034236200495243715,17040.732094033374
471,95.32285915432251,95.32285915432251,-0.0007233962703031094,0.0,5.654869513204804,320,0.12374473751024853,0.029384288422471143,17038.985945035714
472,95.42764262946274,95.42764262946274,0.0010986444040774561,0.0,5.654869513204804,320,0.12364411167019503,-0.006897854495615971,17043.330329503005
473,95.5160298863575,95.5160298863575,0.0009257941050700145,0.0,5.654869513204804,320,0.1237004725497956,-0.00026251326741530537,17041.624990815024
474,95.40931209545549,95.40931209545549,-0.0011179008601798024,0.0,5.654869513204804,320,0.12386562773817719,0.004809624690861559,17035.06174845284
475,95.58975458694168,95.58975458694168,0.0018894599675584455,0.0,5.654869513204804,320,0.12362455514110408,0.009657199504223729,17045.44055391699
476,95.44369062956372,95.44369062956372,-0.0015291980488127605,0.0,5.654869513204804,320,0.12399538176874897,0.010834749405144986,17030.629410952675
477,95.59041779625993,95.59041779625993,0.001536136104260388,0.0,5.654869513204804,320,0.12396630088574964,0.008864082564327877,17033.165104821303
478,95.89073269249347,95.89073269249347,0.003136759328076189,0.0,5.654869513204804,320,0.12377341607914917,0.00886689640330534,17043.598092327404
479,96.07685912798527,96.07685912798527,0.001939144957236951,0.0,5.654869513204804,320,0.12369567665726845,0.030037095470746122,17048.32390706969
480,95.68926076118873,95.68926076118873,-0.004042412651783365,0.0,5.654869513204804,320,0.12390279858333889,0.043287403854433665,17036.854663868595
481,95.42411019464448,95.42411019464448,-0.002774800479377576,0.0,5.654869513204804,320,0.12411075718897714,0.034913661640671764,17028.570468381473
482,95.55500194653784,95.55500194653784,0.0013707443805834742,0.0,5.654869513204804,320,0.1239663903157912,0.06276391202950939,17035.06735164997
483,96.29298804176749,96.29298804176749,0.0076934841524158,0.0,5.654869513204804,320,0.12330577293282463,0.10887676151582702,17066.80706680463
484,96.42517286461609,96.42517286461609,0.0013717943649515856,0.0,5.654869513204804,320,0.12329248824439606,0.1356049331912365,17068.77400838752
485,96.09906128378591,96.09906128378591,-0.003387749019409495,0.0,5.654869513204804,320,0.12360399301322832,0.11604976717890976,17053.751064907487
486,95.99846358801906,95.99846358801906,-0.0010473607614672911,0.0,5.654869513204804,320,0.12368782330148284,0.09290615881285817,17050.635081152595
487,95.6650857989961,95.6650857989961,-0.0034787848424914997,0.0,5.654869513204804,320,0.12390077380218041,0.06337690711861775,17040.786128653155
488,95.60203836708736,95.60203836708736,-0.0006592605443002976,0.0,5.654869513204804,320,0.12401214213029108,0.09372263323414506,17036.805878568808
489,95.1669269999318,95.1669269999318,-0.004561665686345525,0.0,5.654869513204804,320,0.12481504539991946,0.11485283650520765,17005.679882535922
490,95.36575559889611,95.36575559889611,0.002087082052544855,0.0,5.654869513204804,320,0.12472908555703024,0.035369416298894604,17010.007171507612
491,95.29535602316213,95.29535602316213,-0.0007384786371424627,0.0,5.654869513204804,320,0.12484199283435549,0.045016901116480976,17006.35734609246
492,95.67869430835897,95.67869430835897,0.0040145642759083925,0.0,5.654869513204804,320,0.12478599717364923,0.04098497345575161,17012.265678808395
493,95.54687990641214,95.54687990641214,-0.001378627554033566,0.0,5.654869513204804,320,0.1250738676708636,0.03606748666753282,17001.37834457091
494,95.81455442109295,95.81455442109295,0.0027975823885338243,0.0,5.654869513204804,320,0.12497181670914756,0.02016623496659837,17007.348131270915
495,96.05825081987751,96.05825081987751,0.0025401883244187094,0.0,5.654869513204804,320,0.12487464015996112,0.01933486709952569,17012.534966981126
496,95.83994517339623,95.83994517339623,-0.0022752245223107074,0.0,5.654869513204804,320,0.12501605885234526,0.026266869186985287,17006.098307365213
497,95.34641425918154,95.34641425918154,-0.0051628370552149385,0.0,5.654869513204804,320,0.1254211505114464,0.011689537234849189,16988.78406594304
498,95.3179901474528,95.3179901474528,-0.0002981585579937125,0.0,5.654869513204804,320,0.12565336031890736,0.009905243442010195,16980.98382078824
499,95.41022450645973,95.41022450645973,0.0009671811416496683,0.0,5.654869513204804,320,0.12565733694323772,-0.0023756124765692823,16981.819978535186
500,95.422084420984,95.422084420984,0.00012429671480897113,0.0,5.654869513204804,320,0.12571875123649967,0.032536118575606,16979.841854711085
501,94.88729190649202,94.88729190649202,-0.005620258260865544,0.0,5.654869513204804,320,0.1260274086479028,0.016086328974186263,16967.538552541468
502,95.16094756022886,95.16094756022886,0.002879856647308618,0.0,5.654869513204804,320,0.125948658454088,0.027647105171838403,16971.805216544988
503,94.72331308171917,94.72331308171917,-0.004609494772387375,0.0,5.654869513204804,320,0.12613740183886288,-0.0071800239522318175,16962.411705791033
504,94.09066478470073,94.09066478470073,-0.00670131175376087,0.0,5.654869513204804,320,0.12711457846033183,0.04165440867720962,16925.12841144927
505,94.66378455784862,94.66378455784862,0.006072667811560666,0.0,5.654869513204804,320,0.1267938883060621,-0.01862544860804037,16940.793710616555
506,94.22490749571715,94.22490749571715,-0.0046469468036783495,0.0,5.654869513204804,320,0.12705767740718968,-0.06683205633610349,16930.42957948671
507,94.15670845647546,94.15670845647546,-0.0007240519928277243,0.0,5.654869513204804,320,0.12717470562747396,-0.06516040779146286,16926.20865578328
508,94.02774604588859,94.02774604588859,-0.0013705960050339706,0.0,5.654869513204804,320,0.12733821300886677,-0.06454838740358977,16919.310462442118
509,93.45342146181561,93.45342146181561,-0.006126763431793076,0.0,5.654869513204804,320,0.12843692846156224,-0.05740318773192914,16877.436182074653
510,93.60979120221093,93.60979120221093,0.001671838889005586,0.0,5.654869513204804,320,0.12845867340505066,-0.07085950271102427,16878.052914995256
511,93.34267035300613,93.34267035300613,-0.0028576358798406516,0.0,5.654869513204804,320,0.12875506167376757,-0.062343965409616876,16866.64579870272
512,94.11279568220019,94.11279568220019,0.008216667972481741,0.0,5.654869513204804,320,0.12800129899645202,-0.1016482974274751,16894.70504282767
513,93.76876744578358,93.76876744578358,-0.0036621860621819744,0.0,5.654869513204804,320,0.12826890971375637,-0.12002202719276266,16882.788562494585
514,94.59309790213672,94.59309790213672,0.008752681626379655,0.0,5.654869513204804,320,0.12709626147057623,-0.1672657639093713,16931.40580386969
515,94.43552183706359,94.43552183706359,-0.0016672195119519252,0.0,5.654869513204804,320,0.1274638273087582,-0.19858837297183604,16915.803899834744
516,94.21968140836343,94.21968140836343,-0.0022882011114773986,0.0,5.654869513204804,320,0.12765187782302354,-0.20843579489049383,16910.043185140235
517,94.9991393895754,94.9991393895754,0.008238740595138828,0.0,5.654869513204804,320,0.12708837829119288,-0.21188599421228152,16933.223242883018
518,94.65061301951262,94.65061301951262,-0.0036754781695524374,0.0,5.654869513204804,320,0.12732801945849673,-0.242328079067389,16925.128532620525
519,94.25965823807232,94.25965823807232,-0.00413905858039711,0.0,5.654869513204804,320,0.12758611712498927,-0.20468927687508603,16915.83869896352
520,94.71160671930993,94.71160671930993,0.0047832599632365415,0.0,5.654869513204804,320,0.1274614382802977,-0.2291769094185443,16922.08325500433
521,94.67046166151347,94.67046166151347,-0.00043451905236444174,0.0,5.654869513204804,320,0.127595454628035,-0.22919847891565467,16917.174477871635
522,94.52319813120035,94.52319813120035,-0.001556749419776426,0.0,5.654869513204804,320,0.1278193935071279,-0.2311992645904519,16909.46878700358
523,95.03871586282064,95.03871586282064,0.005439056735104879,0.0,5.654869513204804,320,0.12753816334453003,-0.24308966329347642,16919.794299583456
524,96.027063831598,96.027063831598,0.010345722671115897,0.0,5.654869513204804,320,0.12698736189368917,-0.17597342236840208,16939.85947832073
525,96.53355194894345,96.53355194894345,0.005260569855583333,0.0,5.654869513204804,320,0.12685366352366945,-0.10974433845120023,16946.95068141386
526,96.53435014852269,96.53435014852269,8.268589139603683e-06,0.0,5.654869513204804,320,0.12691996756043472,-0.1117263744024436,16945.011572248328
527,96.14402303431581,96.14402303431581,-0.004051597921535295,0.0,5.654869513204804,320,0.12738226450773343,-0.10816041908078747,16926.898529086684
528,97.00918517101631,97.00918517101631,0.008958359332075824,0.0,5.654869513204804,320,0.12702189528056715,-0.13791923340605522,16944.265872470256
529,95.8610754137383,95.8610754137383,-0.011905654249599483,0.0,5.654869513204804,320,0.12802428585530767,-0.2137751998704718,16903.125723922873
530,96.22307302757716,96.22307302757716,0.0037691610196718822,0.0,5.654869513204804,320,0.12787785692242656,-0.24894183898850877,16909.850725800487
531,96.24400125639447,96.24400125639447,0.00021747334163682523,0.0,5.654869513204804,320,0.1279220153707169,-0.24815525453484627,16908.455864018284
532,95.78385362586411,95.78385362586411,-0.004792518372333366,0.0,5.654869513204804,320,0.12822408919130984,-0.24427450397038025,16896.609671944014
533,95.89414082827743,95.89414082827743,0.0011507550973488428,0.0,5.654869513204804,320,0.12824283851031393,-0.24782380563689552,16896.766771673312
534,96.03252774061838,96.03252774061838,0.001442081367381264,0.0,5.654869513204804,320,0.12823703692711713,-0.24460630738361508,16897.91697083835
535,94.9477388928224,94.9477388928224,-0.011360341396088849,0.0,5.654869513204804,320,0.12872574442669443,-0.23056455654679714,16879.78464662424
536,95.29309137484904,95.29309137484904,0.0036306912759791637,0.0,5.654869513204804,320,0.12863641283046862,-0.25888841663725337,16884.77910169037
537,95.11241366452765,95.11241366452765,-0.0018978208063185173,0.0,5.654869513204804,320,0.1290541029714606,-0.2679215757799355,16870.406869366245
538,94.91665811211404,94.91665811211404,-0.002060270250517774,0.0,5.654869513204804,320,0.1291567636908809,-0.2719428171525618,16866.365425701482
539,94.66222432618132,94.66222432618132,-0.0026842012720531398,0.0,5.654869513204804,320,0.12935845687342387,-0.261626757631861,16859.724957520284
540,94.35858496633028,94.35858496633028,-0.003212763950849605,0.0,5.654869513204804,320,0.12947117395986477,-0.26464671450086963,16854.47249313999
541,94.64951999322666,94.64951999322666,0.0030785479462441157,0.0,5.654869513204804,320,0.1294047630910808,-0.2683676400688905,16857.917028732394
542,93.99634002598694,93.99634002598694,-0.006924960637311669,0.0,5.654869513204804,320,0.12981296541859216,-0.28581005793943365,16840.746441537638
543,93.65506213707359,93.65506213707359,-0.003637364402825254,0.0,5.654869513204804,320,0.13054918180602154,-0.29209610196907865,16815.99597750641
544,93.40217219175673,93.40217219175673,-0.0027038793799839217,0.0,5.654869513204804,320,0.1306653087986298,-0.28207878041935325,16811.25814101079
545,92.70104318032995,92.70104318032995,-0.007534876033182835,0.0,5.654869513204804,320,0.1311438709035114,-0.263011830318049,16795.50457296914
546,91.94312847541875,91.94312847541875,-0.008209508643718664,0.0,5.654869513204804,320,0.13150604537448868,-0.21495576242763326,16782.039854421557
547,91.97618001043418,91.97618001043418,0.0003594134367221436,0.0,5.654869513204804,320,0.13151569939289134,-0.2218433402217775,16782.115726077493
548,91.60333108822442,91.60333108822442,-0.004061993984395527,0.0,5.654869513204804,320,0.13167547485991704,-0.22236081668315635,16776.13047466792
549,92.47529880675229,92.47529880675229,0.009473932319024912,0.0,5.654869513204804,320,0.13128351588083775,-0.22546793148408734,16789.92074072884
550,93.27430676479004,93.27430676479004,0.008603117984525763,0.0,5.654869513204804,320,0.13106189078027064,-0.15590651396214714,16805.274140186655
551,93.49934522826261,93.49934522826261,0.0024097464494458034,0.0,5.654869513204804,320,0.130883787498601,-0.1380475050146739,16812.687477340114
552,92.93112968296685,92.93112968296685,-0.006095755589914649,0.0,5.654869513204804,320,0.13093995243684026,-0.1443625139932433,16806.385152710474
553,92.88067306534793,92.88067306534793,-0.0005430937982712701,0.0,5.654869513204804,320,0.13097274229742562,-0.14234973794950367,16804.218529258265
554,93.11475911990384,93.11475911990384,0.0025171174947763767,0.0,5.654869513204804,320,0.13093486452424702,-0.1489196749979421,16807.4168426181
555,93.92730590502174,93.92730590502174,0.008688440180890667,0.0,5.654869513204804,320,0.12980473111308388,-0.1221999291828609,16853.320550549382
556,94.75804261322672,94.75804261322672,0.00880558117039931,0.0,5.654869513204804,320,0.1298208196364837,-0.07446654160933769,16864.381104419983
557,94.69143169506867,94.69143169506867,-0.0007032051278702269,0.0,5.654869513204804,320,0.12983028533240684,-0.07881217464769252,16861.780459652964
558,93.98718913362266,93.98718913362266,-0.007465030524125067,0.0,5.654869513204804,320,0.13041971725084847,-0.0739182586800742,16838.492996076468
559,93.58933240178558,93.58933240178558,-0.0042420802476523115,0.0,5.654869513204804,320,0.13114899205414204,-0.05727040544747744,16813.18900931295
560,94.19795936423347,94.19795936423347,0.006482111625534714,0.0,5.654869513204804,320,0.13057204343811213,-0.06952666021900264,16836.679156282433
561,93.93747714098035,93.93747714098035,-0.0027690943772998165,0.0,5.654869513204804,320,0.13074376034821908,-0.07068448917346214,16830.20360832587
562,94.21221411174592,94.21221411174592,0.0029204104901897864,0.0,5.654869513204804,320,0.13066062772487005,-0.06760415041951863,16834.235437954827
563,93.72465425444972,93.72465425444972,-0.0051885609815772475,0.0,5.654869513204804,320,0.1308227626563623,-0.09211493042867734,16826.11069381333
564,94.51030094917868,94.51030094917868,0.008347559633405405,0.0,5.654869513204804,320,0.12973265743030996,-0.09192616412678414,16866.932274031125
565,94.73205320251726,94.73205320251726,0.0023435805988364336,0.0,5.654869513204804,320,0.1296382152085258,-0.06729457469787911,16871.794571190443
566,94.86889849250649,94.86889849250649,0.0014435087221670148,0.0,5.654869513204804,320,0.12958794442126287,-0.06843089772421164,16874.281613071624
567,94.19072642041579,94.19072642041579,-0.007174191540245168,0.0,5.654869513204804,320,0.12999116898963642,-0.07235532346619473,16858.563374800793
568,94.31476027913058,94.31476027913058,0.001315970996774595,0.0,5.654869513204804,320,0.13000254627302912,-0.08233882584104782,16858.90812373197
569,94.71014236540827,94.71014236540827,0.004183392318898101,0.0,5.654869513204804,320,0.1295022379509835,-0.07537137463256822,16879.163311907858
570,95.2151980457759,95.2151980457759,0.005318477984905099,0.0,5.654869513204804,320,0.1290359405066399,-0.06094268275963273,16899.288124207455
571,94.75211886621322,94.75211886621322,-0.004875365977068728,0.0,5.654869513204804,320,0.1293511910366801,-0.061052328281836286,16888.20234202638
572,94.43566981425249,94.43566981425249,-0.003345346433741634,0.0,5.654869513204804,320,0.12970853465477458,-0.03558359364747052,16875.0451262813
573,94.15276875915734,94.15276875915734,-0.0030001973550325043,0.0,5.654869513204804,320,0.1299413931353739,-0.011683494635404232,16867.695867378945
574,94.84778303834837,94.84778303834837,0.007354660136327136,0.0,5.654869513204804,320,0.1296301168006219,-0.016060317286649525,16880.713250286884
575,95.27233774360872,95.27233774360872,0.004466180741121638,0.0,5.654869513204804,320,0.1294895090451205,-0.00022022514636141873,16887.297076148567
576,95.940329465033,95.940329465033,0.0069869266364783545,0.0,5.654869513204804,320,0.12880724877277616,0.027355384454756562,16916.677778661702
577,96.27403691933685,96.27403691933685,0.003472246074624129,0.0,5.654869513204804,320,0.1286016064787377,0.057915907239243364,16926.651003590545
578,95.8443987300545,95.8443987300545,-0.004472646303380046,0.0,5.654869513204804,320,0.12888596934434657,0.039535766813664476,16916.464947671975
579,95.43989153320747,95.43989153320747,-0.004229388615932353,0.0,5.654869513204804,320,0.1295135893911448,0.06247572319864054,16891.859985442978
580,95.60498791743822,95.60498791743822,0.001728352267838826,0.0,5.654869513204804,320,0.12943681114408453,0.060855027277225186,16895.352825807582
581,95.90118662422961,95.90118662422961,0.0030933618061270976,0.0,5.654869513204804,320,0.12927883437365437,0.06254414143352612,16901.56609444267
582,95.67741236837833,95.67741236837833,-0.0023361101792889207,0.0,5.654869513204804,320,0.12945932231897977,0.06348428356265069,16894.89843856906
583,95.95870943473997,95.95870943473997,0.0029357436974502228,0.0,5.654869513204804,320,0.1294208536966101,0.029408245126697062,16897.208621034973
584,95.62203284811605,95.62203284811605,-0.0035147262632034396,0.0,5.654869513204804,320,0.1300885723910417,-0.00874937702965883,16869.02279003046
585,94.95779507149608,94.95779507149608,-0.006970732144523669,0.0,5.654869513204804,320,0.13012486538415494,0.0046551861894151576,16864.485631798216
586,94.92413537881457,94.92413537881457,-0.0003545328716034073,0.0,5.654869513204804,320,0.13032273032234926,0.005630530600650045,16857.578211261414
587,95.32211965632355,95.32211965632355,0.004183891640791503,0.0,5.654869513204804,320,0.13024760308225924,0.026696058596657708,16861.546487577638
588,95.04540867295277,95.04540867295277,-0.002907125817955803,0.0,5.654869513204804,320,0.13040968792184982,0.08795168597784232,16856.447487425357
589,94.19399264452402,94.19399264452402,-0.00899835623503915,0.0,5.654869513204804,320,0.13099194281194212,0.13652223446346606,16833.816408172454
590,94.67477105590024,94.67477105590024,0.005091148376566761,0.0,5.654869513204804,320,0.130409432176704,0.10386768817605203,16856.90874169525
591,94.70346489512691,94.70346489512691,0.0003030320702076284,0.0,5.654869513204804,320,0.1304049481562969,0.10726934698976871,16857.241993787065
592,94.15099711266106,94.15099711266106,-0.005850741915866362,0.0,5.654869513204804,320,0.13053636293148635,0.10864170137517014,16849.154178271685
593,93.62487826309413,93.62487826309413,-0.0056037041526961805,0.0,5.654869513204804,320,0.13106315191256507,0.12377316859664635,16828.44671826062
594,93.12918087147241,93.12918087147241,-0.005308570619766717,0.0,5.654869513204804,320,0.13195875352524483,0.15137937317266523,16792.104764207135
595,93.3152629002746,93.3152629002746,0.0019961130170922815,0.0,5.654869513204804,320,0.13189410993086334,0.18406231563906483,16795.793005170304
596,92.966439670183,92.966439670183,-0.0037451197083999024,0.0,5.654869513204804,320,0.1321201823123761,0.18332534207590523,16786.984141389894
597,93.0643716113637,93.0643716113637,0.0010528573148995523,0.0,5.654869513204804,320,0.13209134901762976,0.1783082972162909,16788.64755415519
598,92.95638853092447,92.95638853092447,-0.0011609789411200415,0.0,5.654869513204804,320,0.13221100322459556,0.17511933660346404,16784.01437238347
599,93.1719321509463,93.1719321509463,0.0023160765173614326,0.0,5.654869513204804,320,0.1321723986692343,0.16870799627521998,16786.714715219656
600,93.15749757920042,93.15749757920042,-0.0001549360377011749,0.0,5.391767886596011,260,0.20641128976900802,0.1766038094237046,15668.690948990925
601,92.9133808575133,92.9133808575133,-0.002623912605759247,0.0,5.391767886596011,260,0.20689021420751574,0.19242710792119566,15655.493418854237
602,93.18032987207877,93.18032987207877,0.0028689760295944338,0.0,5.391767886596011,260,0.2068259815323396,0.17552402200181463,15658.304962603506
603,93.4118702634001,93.4118702634001,0.002481781231968962,0.0,5.391767886596011,260,0.20678616031269995,0.17510067523537212,15660.254837970171
604,93.39605270833542,93.39605270833542,-0.0001693456556966682,0.0,5.391767886596011,260,0.206790078638135,0.1614323418348787,15660.090492215173
605,92.80750529468254,92.80750529468254,-0.006321569576182626,0.0,5.391767886596011,260,0.2069569496320189,0.11986231489815895,15653.513951229495
606,92.85350988254069,92.85350988254069,0.0004955761849710929,0.0,5.391767886596011,260,0.20694720217719464,0.12499387704671222,15653.970756743087
607,92.80296061617821,92.80296061617821,-0.000544546252288502,0.0,5.391767886596011,260,0.2069761443119925,0.12543868076278453,15652.94350940651
608,92.79849463075325,92.79849463075325,-4.8124465617766405e-05,0.0,5.391767886596011,260,0.2069771915802534,0.15730012232748178,15652.90087604867
609,92.37941351133254,92.37941351133254,-0.0045262616810284855,0.0,5.391767886596011,260,0.20708897692991354,0.101285539993008,15648.59780830428
610,92.22532640093293,92.22532640093293,-0.0016693736710890349,0.0,5.391767886596011,260,0.20713191672685002,0.0945253219091121,15646.874797376362
611,92.28054891249738,92.28054891249738,0.0005985989673184203,0.0,5.391767886596011,260,0.2071309102733482,0.10720947898712863,15647.15983656985
612,92.6696345658445,92.6696345658445,0.004207470574203748,0.0,5.391767886596011,260,0.20703701614609557,0.10929440436437825,15651.205601007736
613,91.93602090277643,91.93602090277643,-0.007947942039511489,0.0,5.391767886596011,260,0.20722440002105766,0.07698452285378406,15643.32287779734
614,90.54805681764748,90.54805681764748,-0.01521218583192874,0.0,5.391767886596011,260,0.2077054703663517,0.12817469782545926,15627.295770353372
615,90.19458931374686,90.19458931374686,-0.003911284492980277,0.0,5.391767886596011,260,0.2081035964812562,0.10721254304614379,15616.172107392746
616,90.49231556979568,90.49231556979568,0.0032954964355639297,0.0,5.391767886596011,260,0.20787105534591324,0.10294705723085787,15622.8817463824
617,90.6760880785204,90.6760880785204,0.002028748590319065,0.0,5.391767886596011,260,0.20780683889450727,0.11124763887480457,15624.934319829345
618,90.08278339799868,90.08278339799868,-0.006564621767579995,0.0,5.391767886596011,260,0.2080229293529857,0.0809562491852096,15618.17793343398
619,89.16749174016323,89.16749174016323,-0.01021253230665335,0.0,5.391767886596011,260,0.20839618432491552,0.13591809281209377,15606.734311897986
620,88.61325823395063,88.61325823395063,-0.006235042903271152,0.0,5.391767886596011,260,0.20931145483997401,0.18693284190071713,15582.316603804487
621,88.49919192673431,88.49919192673431,-0.0012880666817448971,0.0,5.391767886596011,260,0.20952924872612994,0.19366293695193676,15576.633657343824
622,88.86752996206485,88.86752996206485,0.004153412330333756,0.0,5.391767886596011,260,0.20933363768833488,0.20319489842560062,15581.945191047205
623,88.33004454957248,88.33004454957248,-0.006066528420439564,0.0,5.391767886596011,260,0.2096478292642789,0.21170591841272593,15573.588914709917
624,88.63407522245608,88.63407522245608,0.003436074752398005,0.0,5.391767886596011,260,0.20958079725949097,0.18020278306957094,15575.721946005693
625,88.0005055766137,88.0005055766137,-0.007173820212631603,0.0,5.391767886596011,260,0.2107590695243208,0.14838418286430177,15545.179939760972
626,88.35789674873762,88.35789674873762,0.004053015412344431,0.0,5.391767886596011,260,0.2105254300664971,0.1342179312589748,15551.411015128106
627,88.17158397305651,88.17158397305651,-0.0021108411365400466,0.0,5.391767886596011,260,0.21066881539687676,0.14555854797665077,15547.668002907305
628,87.86328736792602,87.86328736792602,-0.003502680099500069,0.0,5.391767886596011,260,0.21084456922183203,0.13707913332101784,15542.85945363713
629,87.10265580319637,87.10265580319637,-0.008694679007290802,0.0,5.391767886596011,260,0.21218110900537232,0.11920219922175089,15508.354559217312
630,87.06793778239947,87.06793778239947,-0.00039866685347968113,0.0,5.391767886596011,260,0.2122514163421961,0.13586242567313273,15506.596201023363
631,86.76925087871437,86.76925087871437,-0.0034364016113551956,0.0,5.391767886596011,260,0.21246264687500913,0.1299165027663488,15501.258841890975
632,86.14511177370815,86.14511177370815,-0.007219085864521586,0.0,5.391767886596011,260,0.21296913112048504,0.13368916612988369,15488.93847649294
633,86.41184922363242,86.41184922363242,0.003091589708549625,0.0,5.391767886596011,260,0.21294074679821673,0.12221516821518486,15489.918039414406
634,86.78523857947236,86.78523857947236,0.004311734556869911,0.0,5.391767886596011,260,0.21250240614899338,0.10544455225270447,15501.65059444837
635,86.83645686817968,86.83645686817968,0.0005899987332921164,0.0,5.391767886596011,260,0.2125298639194347,0.07619118259188394,15500.29140667623
636,86.71173164409511,86.71173164409511,-0.0014373557756748576,0.0,5.391767886596011,260,0.21287333545724166,0.04258255608712727,15489.40608680315
637,86.02163858171711,86.02163858171711,-0.007990311693209228,0.0,5.391767886596011,260,0.21277072566372832,0.05273686542326252,15476.66632067681
638,87.08990969828713,87.08990969828713,0.012342153806041022,0.0,5.391767886596011,260,0.2117525942851153,-0.024252966247288375,15529.162973682107
639,87.32043991622245,87.32043991622245,0.0026435398208429716,0.0,5.391767886596011,260,0.21184408040924138,0.02556425249982631,15532.69575623022
640,88.06606693879878,88.06606693879878,0.00850272381969442,0.0,5.391767886596011,260,0.21213605991367562,0.04279422916484273,15543.640513648672
641,87.48655816177123,87.48655816177123,-0.006602132912233704,0.0,5.391767886596011,260,0.21215275953347937,0.00985378377949119,15532.000896658506
642,87.35319607302205,87.35319607302205,-0.0015255353703378406,0.0,5.391767886596011,260,0.2122940002285194,0.012335053570230226,15525.631843748555
643,87.69354568248481,87.69354568248481,0.00388867607521244,0.0,5.391767886596011,260,0.21223096187245816,0.018296152303460447,15533.914474410394
644,87.6027582685489,87.6027582685489,-0.0010358167286693269,0.0,5.391767886596011,260,0.2122235933321668,0.012338409255749406,15532.287401826437
645,87.12044652617953,87.12044652617953,-0.005520880503675342,0.0,5.391767886596011,260,0.21221594847660455,0.015388360462823682,15522.71877555956
646,87.4099878579161,87.4099878579161,0.0033179496559812656,0.0,5.391767886596011,260,0.21228061465198775,-0.0018426566620824896,15526.251961850643
647,87.25119999859642,87.25119999859642,-0.0018182391293031686,0.0,5.391767886596011,260,0.2124453746549167,0.0022901142515463825,15519.182930780125
648,86.4798891963882,86.4798891963882,-0.008879422486256307,0.0,5.391767886596011,260,0.2125761285496041,-0.0027046601762384867,15503.268135522869
649,86.77083820215664,86.77083820215664,0.0033587077370637497,0.0,5.391767886596011,260,0.21251059033909733,0.006293515508807234,15509.454532536527
650,86.82219147642736,86.82219147642736,0.0005916513567834869,0.0,5.391767886596011,260,0.21253557117764124,0.004955526091335024,15509.783876239902
651,86.25503242190103,86.25503242190103,-0.006553850031177573,0.0,5.391767886596011,260,0.21253162338998005,0.003212022160222968,15500.615752113104
652,85.57461543420435,85.57461543420435,-0.007919710627336667,0.0,5.391767886596011,260,0.21280211405720778,0.013176030707219724,15488.80202454715
653,84.85580604216176,84.85580604216176,-0.00843527403126675,0.0,5.391767886596011,260,0.21313159326521428,0.0320883345705194,15475.63383579083
654,84.6455953272681,84.6455953272681,-0.002480343182594822,0.0,5.391767886596011,260,0.21343874446406236,0.04518608426456786,15466.258899352782
655,84.515840171512,84.515840171512,-0.001534098842579632,0.0,5.391767886596011,260,0.21374227607079027,0.05073695318754255,15457.62605220847
656,84.40193038503524,84.40193038503524,-0.0013487012452061999,0.0,5.391767886596011,260,0.21378574695116942,0.0547831892134365,15455.713109419627
657,84.61554171323314,84.61554171323314,0.002527684733177267,0.0,5.391767886596011,260,0.21373219531857507,0.0543874997402182,15458.642947525565
658,84.9635283027904,84.9635283027904,0.004104127684831242,0.0,5.391767886596011,260,0.2136642439734141,0.06789009296747053,15462.666839912434
659,85.32753095813833,85.32753095813833,0.00427507129629367,0.0,5.391767886596011,260,0.2132173957943397,0.08496929205838208,15476.472467658848
660,85.18146330218826,85.18146330218826,-0.001713313626824411,0.0,5.391767886596011,260,0.213262147180307,0.08512438336163546,15474.339921514296
661,85.08158254902624,85.08158254902624,-0.001173252412113383,0.0,5.391767886596011,260,0.21332211120197356,0.08843116651433751,15472.193319590893
662,84.68024080297656,84.68024080297656,-0.004728300931884318,0.0,5.391767886596011,260,0.2134928357695917,0.07634043183500584,15464.976074890887
663,84.14444441990551,84.14444441990551,-0.006347391452512658,0.0,5.391767886596011,260,0.21448099983983396,0.08153165798295688,15436.090751592743
664,83.73737274810881,83.73737274810881,-0.004849512311077917,0.0,5.391767886596011,260,0.21457260940491235,0.0953920389917138,15430.932787228308
665,83.821849190061,83.821849190061,0.0010083175146356118,0.0,5.391767886596011,260,0.2145533141858248,0.09725818054194253,15432.003017443849
666,84.46878592205995,84.46878592205995,0.0076883650515540075,0.0,5.391767886596011,260,0.21441051642189626,0.10679308886432098,15440.199324295285
667,84.15003626741934,84.15003626741934,-0.0037807171249431867,0.0,5.391767886596011,260,0.21449522980373262,0.09273052230873954,15435.74727098202
668,83.6753586237126,83.6753586237126,-0.005656818621581007,0.0,5.391767886596011,260,0.21475168881848897,0.10024134936463626,15425.962228102713
669,84.29773695990617,84.29773695990617,0.007410486568739153,0.0,5.391767886596011,260,0.21385779010576608,0.0743572346409569,15454.465497099158
670,83.45752374030235,83.45752374030235,-0.010017214863957305,0.0,5.391767886596011,260,0.21411862921546312,0.028222994930483997,15440.700220399256
671,83.37472436146781,83.37472436146781,-0.000992606484356963,0.0,5.391767886596011,260,0.21414937519534039,0.017396553852901345,15439.200124568892
672,83.4054827552871,83.4054827552871,0.00036884945401795385,0.0,5.391767886596011,260,0.21413946172965115,0.03996902989144969,15439.663294057764
673,83.78156203300196,83.78156203300196,0.0044989121318324546,0.0,5.391767886596011,260,0.21405189626624327,-0.003068125749804569,15444.613232745467
674,83.82889746998781,83.82889746998781,0.0005648267821072902,0.0,5.391767886596011,260,0.21409475177562654,-0.018943673945006748,15443.766097237867
675,84.12039591788263,84.12039591788263,0.003471270818958677,0.0,5.391767886596011,260,0.21374821362765062,-0.005179604341444261,15455.561974989369
676,84.33147220495748,84.33147220495748,0.0025060736921159784,0.0,5.391767886596011,260,0.2136775940922094,-0.0034703482596320618,15459.396279719655
677,85.12860886058003,85.12860886058003,0.009408027309011587,0.0,5.391767886596011,260,0.21342080930266427,0.03076257396261501,15473.780936188206
678,84.90824925443026,84.90824925443026,-0.0025919054486984463,0.0,5.391767886596011,260,0.21348710103231022,-0.01051395975711299,15469.96859933957
679,84.34152338213099,84.34152338213099,-0.006696942413118131,0.0,5.391767886596011,260,0.21368517114737126,-0.03652484259858127,15459.337269334774
680,84.42567169602506,84.42567169602506,0.0009972118198494462,0.0,5.391767886596011,260,0.21369770526882267,-0.04604447109927637,15459.562289953545
681,84.29561549157695,84.29561549157695,-0.001541669487889763,0.0,5.391767886596011,260,0.2139483456559371,-0.04535766427931671,15452.12772112614
682,84.52112629882434,84.52112629882434,0.0026716656060676003,0.0,5.391767886596011,260,0.21376133121445806,-0.03029468753331417,15458.706880086222
683,85.06123664446139,85.06123664446139,0.006369909730510203,0.0,5.391767886596011,260,0.2136057406059248,0.0007445920549543534,15466.757314955494
684,85.93840551126337,85.93840551126337,0.0102593964480094,0.0,5.391767886596011,260,0.21324340863442603,0.06285992857220658,15482.72062977309
685,86.1471470724253,86.1471470724253,0.002426021945577029,0.0,5.391767886596011,260,0.2132078577659111,0.10261736103724203,15485.147311670285
686,86.60705531708597,86.60705531708597,0.005324435814785376,0.0,5.391767886596011,260,0.21255056466278868,0.11632861438301495,15508.186566953616
687,86.45630517418405,86.45630517418405,-0.0017421386086782483,0.0,5.391767886596011,260,0.21291828509110988,0.10801565038297281,15496.393172397171
688,86.27723013087503,86.27723013087503,-0.0020734260680513213,0.0,5.391767886596011,260,0.21291793966859598,0.0934087415771623,15493.490101948206
689,86.1513312623961,86.1513312623961,-0.0014603020501326894,0.0,5.391767886596011,260,0.21298323673401082,0.09777052259658478,15490.641950408863
690,86.35574772370677,86.35574772370677,0.0023699497804993514,0.0,5.391767886596011,260,0.21297725731711192,0.09471482470300706,15493.057137521448
691,85.82533629696279,85.82533629696279,-0.00616110773834112,0.0,5.391767886596011,260,0.21379186341359627,0.06911700112223385,15467.419920978724
692,85.70438464908665,85.70438464908665,-0.0014102706779374069,0.0,5.391767886596011,260,0.21413212671264703,0.09093023372955567,15457.873549662207
693,86.02649213475507,86.02649213475507,0.0037513098335511287,0.0,5.391767886596011,260,0.21405016086420395,0.07829077284487204,15462.743396283206
694,86.13271472817942,86.13271472817942,0.0012340043711780587,0.0,5.391767886596011,260,0.21403865217818757,0.08041043210232686,15463.97665712129
695,87.23830124385518,87.23830124385518,0.012754167661436179,0.0,5.391767886596011,260,0.21409054972562194,0.08350150409778682,15480.26050701061
696,86.92149053474414,86.92149053474414,-0.0036381653345387835,0.0,5.391767886596011,260,0.214669000842886,0.04806305618371432,15459.454685340317
697,86.81539757443613,86.81539757443613,-0.001221306248199777,0.0,5.391767886596011,260,0.21466148813860542,0.11380041734197766,15457.611686671926
698,87.07346139894005,87.07346139894005,0.0029681489140518692,0.0,5.391767886596011,260,0.21469919607563945,0.10008265837909325,15461.473885769652
699,86.68178816250263,86.68178816250263,-0.004508340333045009,0.0,5.391767886596011,260,0.21470574173029824,0.07438032373680557,15454.394111936397
700,87.42219136642949,87.42219136642949,0.008505350301386425,0.0,5.391767886596011,260,0.21381672510594127,0.08643022856191558,15489.669938185183
701,87.09742094977,87.09742094977,-0.003721883027971402,0.0,5.391767886596011,260,0.21428277032001508,0.060544265774073035,15472.154259173229
702,87.0582117886844,87.0582117886844,-0.00045027727362632127,0.0,5.391767886596011,260,0.21428177644938828,0.06551418029029384,15471.49651462109
703,87.48804258803847,87.48804258803847,0.004925131962906039,0.0,5.391767886596011,260,0.21431093882629723,0.06642753135573307,15478.320312009193
704,87.78721116028505,87.78721116028505,0.003413703376552652,0.0,5.391767886596011,260,0.2143800996107089,0.07348392125862281,15481.903085242902
705,88.19223627101975,88.19223627101975,0.004603103735178197,0.0,5.391767886596011,260,0.21397207972674123,0.0966262409062471,15499.327443946833
706,88.79164134469134,88.79164134469134,0.006773581566192566,0.0,5.391767886596011,260,0.21364749403758748,0.11788034407496546,15518.012113108207
707,89.1258107244102,89.1258107244102,0.0037564586136698518,0.0,5.391767886596011,260,0.21362520788683953,0.11908884420710869,15524.386977298278
708,88.97891739506314,88.97891739506314,-0.001649516710813378,0.0,5.391767886596011,260,0.2136717145173603,0.13998185320400586,15520.782199422172
709,88.85453669018555,88.85453669018555,-0.001398845068824473,0.0,5.391767886596011,260,0.21369901988874354,0.1428706717004939,15517.872508667271
710,88.64850371683022,88.64850371683022,-0.0023214595695021626,0.0,5.391767886596011,260,0.21398837439206356,0.1467277899308552,15506.858380103255
711,89.14335388218397,89.14335388218397,0.0055666378638649155,0.0,5.391767886596011,260,0.21371700851694894,0.09664057471396985,15522.482687172127
712,88.16210018519315,88.16210018519315,-0.011068624146701338,0.0,5.391767886596011,260,0.2138468276757235,0.0020378560171935766,15502.75080868456
713,88.86332678707605,88.86332678707605,0.00792236778090177,0.0,5.391767886596011,260,0.213790932689602,-0.07798958265009238,15516.019404264778
714,88.87013197515074,88.87013197515074,7.657745621355136e-05,0.0,5.391767886596011,260,0.2138361051795026,-0.08737077773832345,15515.057433648475
715,88.15448384143411,88.15448384143411,-0.008085339194959008,0.0,5.391767886596011,260,0.21466441804301317,-0.08185314663642163,15481.087698380932
716,88.44213679300331,88.44213679300331,0.003257743041040788,0.0,5.391767886596011,260,0.21456368858341712,-0.094146294373624,15488.856632656854
717,88.21805690886417,88.21805690886417,-0.002536847714446266,0.0,5.391767886596011,260,0.21456845296814256,-0.10320862947039199,15484.827747991261
718,87.80519040197622,87.80519040197622,-0.004691053827526163,0.0,5.391767886596011,260,0.21462894404744193,-0.09941866209554777,15476.364428095578
719,87.90434789598159,87.90434789598159,0.0011286524965224633,0.0,5.391767886596011,260,0.21468349436756484,-0.09682481854812255,15476.763513339589
720,87.55760127265717,87.55760127265717,-0.003952390547990054,0.0,5.391767886596011,260,0.21526137998188277,-0.10003117996792725,15455.940588823543
721,87.15272843411005,87.15272843411005,-0.0046347982285246565,0.0,5.391767886596011,260,0.21522613563484563,-0.08931598952689807,15449.066688558562
722,87.09199670657199,87.09199670657199,-0.0006970854348479007,0.0,5.391767886596011,260,0.21522862948720312,-0.11028589344950776,15447.860024672025
723,87.7520439695563,87.7520439695563,0.007550161800485503,0.0,5.391767886596011,260,0.21532821957370407,-0.14112711205796763,15457.076675509124
724,87.42702209582531,87.42702209582531,-0.0037107430012411208,0.0,5.391767886596011,260,0.21577653882372427,-0.1609669336932957,15440.40754098213
725,87.11162308347674,87.11162308347674,-0.003614091943103929,0.0,5.391767886596011,260,0.2161257542400941,-0.14827284178957958,15426.204492865885
726,87.33788637961317,87.33788637961317,0.0025940276210525484,0.0,5.391767886596011,260,0.2161215934655715,-0.13772560240506135,15430.153483159384
727,86.73898873147324,86.73898873147324,-0.006880868130517909,0.0,5.391767886596011,260,0.21617658676948384,-0.1616054629966,15418.870965424136
728,87.50345258647691,87.50345258647691,0.008774770995040482,0.0,5.391767886596011,260,0.21627151875704403,-0.17062678276623966,15430.076179784117
729,87.64472681673199,87.64472681673199,0.001613197024076125,0.0,5.391767886596011,260,0.21626258977511023,-0.12335995196949309,15432.988449044382
730,87.30062068077031,87.30062068077031,-0.003933875174711245,0.0,5.391767886596011,260,0.21622491122077178,-0.14779809699857774,15427.432566798949
731,87.61132648847621,87.61132648847621,0.003552714832112585,0.0,5.391767886596011,260,0.21628024939087945,-0.15713232425357246,15431.65184662548
732,87.49042724104567,87.49042724104567,-0.001380902978608955,0.0,5.391767886596011,260,0.2163238782334375,-0.15972703488535325,15428.415846574466
733,86.87989419247413,86.87989419247413,-0.007002746092529443,0.0,5.391767886596011,260,0.2171459884739268,-0.1432298054235195,15397.36731975131
734,86.74570209501567,86.74570209501567,-0.0015457643002820775,0.0,5.391767886596011,260,0.21727417910511332,-0.13171181518488442,15391.735472459874
735,86.62656855642274,86.62656855642274,-0.0013743092467576245,0.0,5.391767886596011,260,0.21728183567468085,-0.1334505450980998,15389.611764997118
736,85.55502347705726,85.55502347705726,-0.012446846386740448,0.0,5.391767886596011,260,0.21765590775595126,-0.11837284952088387,15369.596427331142
737,85.81589693071015,85.81589693071015,0.0030445498517636385,0.0,5.391767886596011,260,0.21763843459037321,-0.13083663314840352,15372.21914844449
738,86.01849754398036,86.01849754398036,0.0023580926015576574,0.0,5.391767886596011,260,0.21747683189759076,-0.1394117191014159,15378.054123716756
739,85.49889527273547,85.49889527273547,-0.006058905773641288,0.0,5.391767886596011,260,0.21755621953689358,-0.14541892002976922,15371.961298170854
740,85.18289621687828,85.18289621687828,-0.0037027900181429993,0.0,5.391767886596011,260,0.21769059025677684,-0.127308233810894,15366.410837414891
741,85.17655939270021,85.17655939270021,-7.439357161958694e-05,0.0,5.391767886596011,260,0.21773088289593143,-0.1242361423727821,15365.364622071536
742,85.41472856341856,85.41472856341856,0.0027922800550822966,0.0,5.391767886596011,260,0.21732276967182576,-0.1345335096677193,15377.040330123802
743,84.96521218210032,84.96521218210032,-0.005276647266590919,0.0,5.391767886596011,260,0.21827274023846616,-0.18717231676049237,15350.688043258306
744,84.11266668491135,84.11266668491135,-0.010084734068643266,0.0,5.391767886596011,260,0.2185087383641639,-0.17331885000524536,15337.230254448154
745,83.86472269186586,83.86472269186586,-0.0029521136628468184,0.0,5.391767886596011,260,0.21872666898339232,-0.16785019350454405,15329.798560484887
746,84.4929637107881,84.4929637107881,0.007463204661439863,0.0,5.391767886596011,260,0.2185479172586674,-0.17251031973111422,15339.686946728092
747,84.93706303944427,84.93706303944427,0.005242286201792821,0.0,5.391767886596011,260,0.21844803277648026,-0.1429769094462876,15345.97743173155
748,85.57510517571141,85.57510517571141,0.007483866059669789,0.0,5.391767886596011,260,0.21828939756559063,-0.11354995260312714,15355.126571636867
749,85.55427852764183,85.55427852764183,-0.00024340236284042859,0.0,5.391767886596011,260,0.21848582653448637,-0.11213806491075767,15350.027143331989
750,86.0341827175036,86.0341827175036,0.005593679641380355,0.0,5.391767886596011,260,0.2183646164838587,-0.10194492649666777,15357.888319497402
751,86.87748568192995,86.87748568192995,0.009754224900534321,0.0,5.391767886596011,260,0.21838906516386944,-0.0725073108330355,15371.022656392808
752,86.75770516582368,86.75770516582368,-0.0013796804037456158,0.0,5.391767886596011,260,0.21842571164253055,-0.0779482455726278,15367.948984856395
753,86.92028609873225,86.92028609873225,0.001872211662679578,0.0,5.391767886596011,260,0.21821218450734364,-0.08214638519085043,15375.954498965159
754,87.38144949089597,87.38144949089597,0.005291564845024789,0.0,5.391767886596011,260,0.21778086649251127,-0.08312228422467112,15394.52318174343
755,87.24403066565479,87.24403066565479,-0.0015738694431564441,0.0,5.391767886596011,260,0.21776738833543624,-0.06784700740269069,15392.43489321507
756,87.00971241078292,87.00971241078292,-0.002689392973339615,0.0,5.391767886596011,260,0.21776496381485413,-0.06828814096143676,15388.40894756785
757,88.14949578536337,88.14949578536337,0.013014439536476359,0.0,5.391767886596011,260,0.21788723903983792,-0.07974123585591618,15405.961392069943
758,88.18932913264429,88.18932913264429,0.0004517819371537633,0.0,5.391767886596011,260,0.21786669927535424,-0.07113707524119041,15407.255566667567
759,88.1319733058335,88.1319733058335,-0.0006505830894010309,0.0,5.391767886596011,260,0.2180554473903927,-0.04919515359834419,15401.507303926068
760,88.68173657971778,88.68173657971778,0.00621857938374317,0.0,5.391767886596011,260,0.2180806777639964,-0.03395525736902147,15410.78383630287
761,89.61859229135129,89.61859229135129,0.010508834609580237,0.0,5.391767886596011,260,0.21815768372990607,0.0002391449646204219,15426.303226899669
762,89.37513494658205,89.37513494658205,-0.0027202908018923635,0.0,5.391767886596011,260,0.21818108820239174,-0.015558740744890595,15421.077361000636
763,89.8933647452399,89.8933647452399,0.005781620788105167,0.0,5.391767886596011,260,0.21760597237370613,-0.03235216186027814,15444.688936726709
764,89.28948888087447,89.28948888087447,-0.006740356439664135,0.0,5.391767886596011,260,0.2184267213068257,-0.06000284932194673,15413.58577470183
765,90.088802389963,90.088802389963,0.008912101836985317,0.0,5.391767886596011,260,0.21855335602658943,-0.10490881230161132,15426.11260023071
766,90.29511582640765,90.29511582640765,0.0022874935686960224,0.0,5.391767886596011,260,0.21860017018408204,-0.1103298249123571,15429.018046963278
767,90.39265255641739,90.39265255641739,0.0010796164052114426,0.0,5.391767886596011,260,0.218653842256815,-0.1065301903028907,15429.645231540644
768,90.23283088297426,90.23283088297426,-0.00176964747286702,0.0,5.391767886596011,260,0.2188454902904975,-0.10910180457867534,15422.106233957284
769,89.47537600617176,89.47537600617176,-0.00842988058794595,0.0,5.391767886596011,260,0.21984168982363786,-0.09783585624683282,15384.237769738209
770,88.31029538878343,88.31029538878343,-0.01310676262073929,0.0,5.391767886596011,260,0.21974930101092188,-0.029291844839233378,15364.69155025361
771,88.80025926180905,88.80025926180905,0.005532873226188543,0.0,5.391767886596011,260,0.2198030308267327,-0.034621574050171536,15372.422905349486
772,88.68697366709956,88.68697366709956,-0.0012765493970919607,0.0,5.391767886596011,260,0.2198239516769346,0.004535690650429468,15369.857810657495
773,88.4952830819778,88.4952830819778,-0.0021637681269946717,0.0,5.391767886596011,260,0.22014898401201657,0.005702963526106674,15358.802278154377
774,89.35367153553018,89.35367153553018,0.00965308028843484,0.0,5.391767886596011,260,0.21983930649239092,-0.004875214024824411,15381.3423353965
775,88.95947858208869,88.95947858208869,-0.0044213631505745235,0.0,5.391767886596011,260,0.21992309173282223,-0.014047293104616238,15372.464250445299
776,89.34789900338872,89.34789900338872,0.004356757874570989,0.0,5.391767886596011,260,0.21989045579981722,-0.019572761989845474,15380.0836534619
777,89.13403291164676,89.13403291164676,-0.002396502456063802,0.0,5.391767886596011,260,0.21990890176453423,-0.031868591483674144,15375.607495579055
778,88.72683761460391,88.72683761460391,-0.004578814972179811,0.0,5.391767886596011,260,0.22045140746484795,-0.023226013943966586,15355.696451610007
779,88.97567625017558,88.97567625017558,0.002800622149980824,0.0,5.391767886596011,260,0.22041954608093636,-0.027579755825495975,15360.988227941152
780,88.93276587475944,88.93276587475944,-0.0004823871845059031,0.0,5.391767886596011,260,0.2204229994972834,-0.039399117781136125,15360.125549817198
781,89.39597608687137,89.39597608687137,0.005195026318106604,0.0,5.391767886596011,260,0.22041925068020374,-0.044250643942741176,15368.724995448942
782,89.41863996861913,89.41863996861913,0.0002534902612444561,0.0,5.391767886596011,260,0.2204681133591008,-0.04051611880780102,15368.033201458278
783,89.13347784515304,89.13347784515304,-0.0031941639159390194,0.0,5.391767886596011,260,0.2208772234647535,-0.02570495308668905,15353.404286812818
784,88.30483617317961,88.30483617317961,-0.00934012138952989,0.0,5.391767886596011,260,0.22103844630330988,-0.015313067042660422,15334.4064636085
785,88.4651728955957,88.4651728955957,0.0018140720502440155,0.0,5.391767886596011,260,0.22102189037232664,-0.01878911692779434,15337.687054742613
786,88.86404650339125,88.86404650339125,0.004498686475399015,0.0,5.391767886596011,260,0.22101780097767457,-0.006921122377864887,15345.006319198634
787,88.99358961690442,88.99358961690442,0.0014567059278018173,0.0,5.391767886596011,260,0.2210815806327337,0.02726939273983843,15345.867205640881
788,89.16075079994786,89.16075079994786,0.0018765889364060562,0.0,5.391767886596011,260,0.22105699932024453,0.023133097563540265,15349.473479610666
789,90.29485626970644,90.29485626970644,0.012639566819159787,0.0,5.391767886596011,260,0.2212798157905709,0.03354365886363098,15365.39597051961
790,90.64312065344075,90.64312065344075,0.003849549107763435,0.0,5.391767886596011,260,0.22135996156834165,0.06089349262768544,15370.042088417604
791,91.09437302283841,91.09437302283841,0.004965990095191531,0.0,5.391767886596011,260,0.2214734072333788,0.07053116488081879,15375.841514797465
792,90.72583577304651,90.72583577304651,-0.004053870105418691,0.0,5.391767886596011,260,0.2220024543978677,0.05234279059242783,15353.163901304923
793,90.80639846261029,90.80639846261029,0.0008875855595783059,0.0,5.391767886596011,260,0.22202571211986735,0.04421956384109932,15351.690512071082
794,91.57349731175742,91.57349731175742,0.008412148383812115,0.0,5.391767886596011,260,0.2213345500798923,0.04087610846056939,15380.623010693018
795,92.08979516353801,92.08979516353801,0.005622236265247647,0.0,5.391767886596011,260,0.22151158685924105,0.04213167944518854,15386.420494026925
796,91.20280586317428,91.20280586317428,-0.009678472772873923,0.0,5.391767886596011,260,0.2225604708871799,0.03208710414878238,15340.199093033683
797,91.26806023732057,91.26806023732057,0.000715230637334994,0.0,5.391767886596011,260,0.22256997524050076,0.03270111979214191,15341.334943908589
798,90.75110973406044,90.75110973406044,-0.005680191743245149,0.0,5.391767886596011,260,0.22256214146314932,0.038158139785987165,15331.013868615517
799,90.64074129347857,90.64074129347857,-0.001216906421944368,0.0,5.391767886596011,260,0.22258987645833692,0.02928404463129873,15329.09221212836
800,90.35186005876301,90.35186005876301,-0.0031921910383909315,0.0,5.1072902811016245,208,0.24132986940441783,0.031495145324148745,15228.625879961386
801,89.90425896987907,89.90425896987907,-0.004966289203008318,0.0,5.1072902811016245,208,0.24144854915441447,0.04441337849390877,15223.255645441282
802,90.6627013557095,90.6627013557095,0.008400726742816401,0.0,5.1072902811016245,208,0.2412395671704399,0.027187962398187954,15232.561121943207
803,90.6683175198303,90.6683175198303,6.194377726902063e-05,0.0,5.1072902811016245,208,0.24124057718549416,-0.011333284612268206,15232.581280453798
804,90.89807308685896,90.89807308685896,0.0025308173929511346,0.0,5.1072902811016245,208,0.24118025797441392,-0.03871104715296147,15235.387114124424
805,91.39189708719768,91.39189708719768,0.0054180184228504345,0.0,5.1072902811016245,208,0.2411003805359302,-0.021866305346257456,15241.46537201218
806,91.43138771336774,91.43138771336774,0.0004320087217262303,0.0,5.1072902811016245,208,0.24110187689723245,-0.037655631047497064,15241.904255391315
807,90.88517413434539,90.88517413434539,-0.005991942890195626,0.0,5.1072902811016245,208,0.2411893944860149,-0.04747759144714705,15235.116620590692
808,90.21760532857652,90.21760532857652,-0.007372297999175096,0.0,5.1072902811016245,208,0.24139083028676328,-0.01093119109012463,15226.507983255386
809,89.5344709630092,89.5344709630092,-0.007600887495479174,0.0,5.1072902811016245,208,0.2415772950289709,0.027531848433252168,15218.249586825817
810,90.27320580294841,90.27320580294841,0.008216990617649958,0.0,5.1072902811016245,208,0.24136513832840434,-0.025598098507246574,15227.39722783162
811,89.87383399067433,89.87383399067433,-0.004433849892877382,0.0,5.1072902811016245,208,0.24147272120434093,-0.03712888319558039,15222.574985905963
812,90.11886975600251,90.11886975600251,0.0027227316619383005,0.0,5.1072902811016245,208,0.2414062770568064,-0.04138706658076247,15225.533686807068
813,89.51365922626596,89.51365922626596,-0.006738343251555631,0.0,5.1072902811016245,208,0.2415716953624277,-0.05137024072862662,15218.226031382603
814,89.70251858915422,89.70251858915422,0.002107615898302598,0.0,5.1072902811016245,208,0.2415196284116581,-0.052885405910847554,15220.506426517619
815,89.82849422790126,89.82849422790126,0.0014033860495298706,0.0,5.1072902811016245,208,0.24148507555459567,-0.055475118774395135,15222.027527877572
816,89.90929511858565,89.90929511858565,0.0008990974732837177,0.0,5.1072902811016245,208,0.24146307959634955,-0.03498263772722997,15223.003163690399
817,90.53597758787407,90.53597758787407,0.006945984003903022,0.0,5.1072902811016245,208,0.24129608542982903,-0.0359866430014053,15230.570083499453
818,90.47307162309758,90.47307162309758,-0.0006950588115150088,0.0,5.1072902811016245,208,0.24131249335667979,-0.03996249334072858,15229.810521178339
819,89.32948839403434,89.32948839403434,-0.012720604751570549,0.0,5.1072902811016245,208,0.24162274153699292,-0.02668767058857067,15216.002248227722
820,89.24665452817783,89.24665452817783,-0.0009277148721208527,0.0,5.1072902811016245,208,0.24164625630482497,-0.0517495853245246,15214.99215536552
821,89.03414758728026,89.03414758728026,-0.002383958777617278,0.0,5.1072902811016245,208,0.2417095056439193,-0.03848166640899023,15212.347571599266
822,89.52729144911774,89.52729144911774,0.005523534289295376,0.0,5.1072902811016245,208,0.2416135461189201,-0.03641974494202278,15216.738138220959
823,88.67428346760289,88.67428346760289,-0.009573590996724552,0.0,5.1072902811016245,208,0.2427122632376062,-0.04236629116349966,15176.83397632934
824,87.95899049181887,87.95899049181887,-0.008099231473978516,0.0,5.1072902811016245,208,0.2428424163018463,0.025467085703731938,15140.548614357433
825,87.6265803304293,87.6265803304293,-0.0037863083732427205,0.0,5.1072902811016245,208,0.24288399140681088,0.027504968806199948,15137.44551510854
826,87.2839601522299,87.2839601522299,-0.003917666888093912,0.0,5.1072902811016245,208,0.24296351536398605,0.031022209754620136,15124.545724105734
827,86.9822834033939,86.9822834033939,-0.003462254582824902,0.0,5.1072902811016245,208,0.24293555669588396,0.03704217303033369,15120.406059915756
828,87.11740253134175,87.11740253134175,0.0015522044666695805,0.0,5.1072902811016245,208,0.24294698012892763,0.028881971396070835,15122.265853508308
829,87.231020226613,87.231020226613,0.0013033408568597757,0.0,5.1072902811016245,208,0.2429574612226661,-0.02283755682336174,15123.829699167136
830,87.3972265175328,87.3972265175328,0.0019035447495552651,0.0,5.1072902811016245,208,0.2429747140241858,0.02098138234346677,15126.1173796724
831,87.98329195686786,87.98329195686786,0.006683383376255821,0.0,5.1072902811016245,208,0.2430488162506372,0.032883045503178505,15134.184044736368
832,88.60727866580172,88.60727866580172,0.0070670738957339645,0.0,5.1072902811016245,208,0.2431773824583479,0.05850965542033779,15142.772662060483
833,88.55081699187261,88.55081699187261,-0.0006374157007185596,0.0,5.1072902811016245,208,0.24316158664553306,0.06809819612758482,15141.99551776572
834,88.45223204290699,88.45223204290699,-0.0011139351519347366,0.0,5.1072902811016245,208,0.24313562041516676,0.09755453308282039,15140.638584375216
835,88.37135728068594,88.37135728068594,-0.0009147508900805963,0.0,5.1072902811016245,208,0.24311976358935106,0.11076996679972743,15139.525415818978
836,88.16961312750625,88.16961312750625,-0.002285523190823295,0.0,5.1072902811016245,208,0.2430815879044974,0.11906019174854097,15136.748588517641
837,88.28655994314127,88.28655994314127,0.0013255057130908824,0.0,5.1072902811016245,208,0.24310357660945978,0.11118859508389571,15138.358256532012
838,87.91356044879238,87.91356044879238,-0.004233822890642736,0.0,5.1072902811016245,208,0.24303949731333832,0.11572527050148136,15133.224253077798
839,88.0056843270445,88.0056843270445,0.0010473429077144576,0.0,5.1072902811016245,208,0.24305195090327691,0.11376777669736972,15134.492255625597
840,87.852230595174,87.852230595174,-0.0017452017543433155,0.0,5.1072902811016245,208,0.24303137736160577,0.11334540648575431,15132.380102656434
841,88.06625938399837,88.06625938399837,0.0024332734376227116,0.0,5.1072902811016245,208,0.24306280408754882,0.11066108821403403,15135.326016947936
842,88.52695964283777,88.52695964283777,0.005217655655753823,0.0,5.1072902811016245,208,0.24315493605948882,0.1184964180683229,15141.667142756613
843,88.438022234961,88.438022234961,-0.0010051414061798805,0.0,5.1072902811016245,208,0.24313283451771667,0.09883795041150976,15140.442999115225
844,88.35703872873924,88.35703872873924,-0.0009161286683506455,0.0,5.1072902811016245,208,0.24311698611159974,0.11585133930346733,15139.328333795364
845,88.54879466044332,88.54879466044332,0.002167887888495275,0.0,5.1072902811016245,208,0.2431610216776234,0.10916724728924458,15141.967682187653
846,88.6667720558059,88.6667720558059,0.0013314565416303267,0.0,5.1072902811016245,208,0.2431940685979582,0.1078961042362529,15143.591535207528
847,87.98591579040536,87.98591579040536,-0.007708454879315503,0.0,5.1072902811016245,208,0.24304965746494164,0.09521525405166241,15134.210234432878
848,87.74045725368369,87.74045725368369,-0.0027936466463048047,0.0,5.1072902811016245,208,0.24302061596375724,0.08992071472152201,15128.248018224313
849,88.34055189222855,88.34055189222855,0.006816146327338719,0.0,5.1072902811016245,208,0.24279126310600319,0.04707476625135312,15144.934420458936
850,87.38337493442039,87.38337493442039,-0.010894207087834706,0.0,5.1072902811016245,208,0.24271305840606966,-0.020878284990571525,15129.52884147734
851,87.20030594105822,87.20030594105822,-0.002097207018928093,0.0,5.1072902811016245,208,0.24280056026859592,0.001363515626752954,15122.765538036407
852,87.80774866536682,87.80774866536682,0.006941910931675829,0.0,5.1072902811016245,208,0.2427656596674383,-0.002193152945105481,15127.486888622367
853,88.05923224034903,88.05923224034903,0.0028599313537813003,0.0,5.1072902811016245,208,0.24277542430821003,0.006121084445019918,15129.439913954438
854,87.7695856350055,87.7695856350055,-0.00329464613190884,0.0,5.1072902811016245,208,0.2427643511905397,-0.03854869385774665,15127.190513938454
855,87.3585320520458,87.3585320520458,-0.00469432713882737,0.0,5.1072902811016245,208,0.24278460926982331,0.006827426914149805,15123.998265456952
856,87.41206498223735,87.41206498223735,0.0006126079875466302,0.0,5.1072902811016245,208,0.24278094836200084,0.012297115480063955,15124.414003020614
857,87.61559963827948,87.61559963827948,0.0023257437414602278,0.0,5.1072902811016245,208,0.24276928927549354,0.020100648763036962,15125.994656306751
858,87.71609020420223,87.71609020420223,0.001146291089952064,0.0,5.1072902811016245,208,0.24276366328429747,0.022007850131431663,15126.775067595621
859,87.74617444754712,87.74617444754712,0.00034291411545843176,0.0,5.1072902811016245,208,0.24276355639079056,0.021832116120624686,15127.008702294639
860,87.67323386525078,87.67323386525078,-0.0008316136418607467,0.0,5.1072902811016245,208,0.2427660433377307,0.01296972836576949,15126.442244604625
861,87.00240293579176,87.00240293579176,-0.007680913489641083,0.0,5.1072902811016245,208,0.24282774178601196,0.04264502222307267,15121.232561233199
862,87.13653153556773,87.13653153556773,0.00154047831644185,0.0,5.1072902811016245,208,0.24280781984276426,0.028893010660887175,15122.274206013128
863,87.41463603430792,87.41463603430792,0.0031865124471123656,0.0,5.1072902811016245,208,0.24278079791129578,0.033350473763474435,15124.433969850752
864,87.93931428264877,87.93931428264877,0.005984237174774133,0.0,5.1072902811016245,208,0.2427705001326932,0.03737409780997631,15128.508629240614
865,88.20081368013791,88.20081368013791,0.002969222205463285,0.0,5.1072902811016245,208,0.2427816708291748,0.05054059748716918,15130.539437605154
866,88.1763927065013,88.1763927065013,-0.00027691757107362004,0.0,5.1072902811016245,208,0.24278057532647562,0.055561150200823556,15130.349783946263
867,88.34627797412857,88.34627797412857,0.0019247988875557263,0.0,5.1072902811016245,208,0.2427882676594088,0.02836605843466461,15131.669115561639
868,88.91909163726275,88.91909163726275,0.006462803853387001,0.0,5.1072902811016245,208,0.24281828352675133,0.001241883093480795,15136.117595327118
869,88.729083401888,88.729083401888,-0.0021391529385421174,0.0,5.1072902811016245,208,0.24280770606487143,0.04042591705411575,15134.641988433048
870,88.63537362832963,88.63537362832963,-0.0010566917842179347,0.0,5.1072902811016245,208,0.24280277722551574,0.07370278295627723,15133.914236882532
871,87.92690229437223,87.92690229437223,-0.008025215268904585,0.0,5.1072902811016245,208,0.24277002399729802,0.08600069256787067,15128.41223754773
872,87.70536457186023,87.70536457186023,-0.002522746462916879,0.0,5.1072902811016245,208,0.24276474554574978,0.11593379969444209,15126.681889892796
873,87.45877087153538,87.45877087153538,-0.0028155748048056895,0.0,5.1072902811016245,208,0.24279858021983164,0.13651511552264387,15123.197853845353
874,87.23512925088481,87.23512925088481,-0.0025603841080727796,0.0,5.1072902811016245,208,0.2428529523911973,0.13712122685831743,15112.109215795237
875,87.65881415135374,87.65881415135374,0.004845058908798068,0.0,5.1072902811016245,208,0.2428011365842795,0.12333793665848791,15116.674714582094
876,87.7600825376071,87.7600825376071,0.0011545893790770349,0.0,5.1072902811016245,208,0.24280174764011747,0.12214750415942649,15116.370545428077
877,88.0804224077572,88.0804224077572,0.0036435316724569185,0.0,5.1072902811016245,208,0.2427900088354362,0.1328389097725802,15118.356664143761
878,88.00983570505583,88.00983570505583,-0.0008017105232122244,0.0,5.1072902811016245,208,0.24281857199648652,0.12921410486719137,15117.327463274609
879,87.9797848000925,87.9797848000925,-0.0003415076999330314,0.0,5.1072902811016245,208,0.2428410969554059,0.1401631116235571,15116.664055759618
880,87.71747626816455,87.71747626816455,-0.0029859170851243323,0.0,5.1072902811016245,208,0.24293182705588454,0.13816889015348074,15113.355479116353
881,88.23444716064388,88.23444716064388,0.00587629131892778,0.0,5.1072902811016245,208,0.24276372652420594,0.13029445032326742,15119.827780758644
882,88.30384239620109,88.30384239620109,0.0007861777669387687,0.0,5.1072902811016245,208,0.24274409890523027,0.19134570059264105,15120.67542005032
883,87.68234788428666,87.68234788428666,-0.007063021190377626,0.0,5.1072902811016245,208,0.24293792171961817,0.117928116538534,15113.084075145587
884,87.59380943597864,87.59380943597864,-0.0010102738123910497,0.0,5.1072902811016245,208,0.24296951107546277,0.10001249377002151,15112.002607995753
885,88.2342636096144,88.2342636096144,0.007285036968697196,0.0,5.1072902811016245,208,0.2427638705441914,0.07286581218581031,15119.823302945131
886,88.44023941562435,88.44023941562435,0.002331699207345624,0.0,5.1072902811016245,208,0.24271166769065283,0.07446009796559394,15122.335212789709
887,87.54112057528934,87.54112057528934,-0.01021843067839618,0.0,5.1072902811016245,208,0.24298790365609027,0.05183597233713026,15111.370306229888
888,86.77804292869759,86.77804292869759,-0.008755004388637034,0.0,5.1072902811016245,208,0.24329233265582798,0.1272481143462837,15102.064445071812
889,86.55980737557122,86.55980737557122,-0.002518038247893198,0.0,5.1072902811016245,208,0.24338636708297223,0.14300594131113503,15099.40302553447
890,85.98034607139152,85.98034607139152,-0.006716853685232098,0.0,5.1072902811016245,208,0.24364229285012617,0.1388906722478476,15092.336396774921
891,86.72274075004403,86.72274075004403,0.008597405699878012,0.0,5.1072902811016245,208,0.24331611462955396,0.045966124109259154,15101.390025635485
892,86.4227339345743,86.4227339345743,-0.003465376340256966,0.0,5.1072902811016245,208,0.24344580020898346,0.024600747418858038,15097.731391702613
893,86.50104793141404,86.50104793141404,0.0009057632368293292,0.0,5.1072902811016245,208,0.24341176634075443,0.0209418621624338,15098.686444159697
894,86.48420981010383,86.48420981010383,-0.00019467695205030132,0.0,5.1072902811016245,208,0.24341906581336586,0.020825789583286503,15098.481100418108
895,86.27781907909905,86.27781907909905,-0.002389307772299362,0.0,5.1072902811016245,208,0.24350925284018754,0.01961319835807277,15095.964130492934
896,85.82802256531637,85.82802256531637,-0.005226987458109099,0.0,5.1072902811016245,208,0.2437113731713258,0.030149352273041583,15090.478785816224
897,85.56754477138527,85.56754477138527,-0.0030394951108084884,0.0,5.1072902811016245,208,0.24383009190259333,0.046263432775558035,15087.302214996844
898,84.93239904904769,84.93239904904769,-0.007450426623266727,0.0,5.1072902811016245,208,0.24412396526696017,0.06411352823537761,15079.556505325465
899,84.61489670390736,84.61489670390736,-0.0037452996802000357,0.0,5.1072902811016245,208,0.24427288772591307,0.08299568860757375,15075.684510444687
900,84.77706197253212,84.77706197253212,0.0019146755186385813,0.0,5.1072902811016245,208,0.24426872588769513,0.07903576226699885,15075.301236907644
901,85.33124030803499,85.33124030803499,0.0065156172700406466,0.0,5.1072902811016245,208,0.24395316992590263,0.07714589221082742,15098.241544250164
902,85.51979769342107,85.51979769342107,0.0022072732381014748,0.0,5.1072902811016245,208,0.24393011249522215,0.09612386491260155,15101.839659953608
903,85.47059887974679,85.47059887974679,-0.0005754570551090503,0.0,5.1072902811016245,208,0.24394296867803636,0.0960181529082422,15100.80582949996
904,85.22373866401843,85.22373866401843,-0.0028924262091637224,0.0,5.1072902811016245,208,0.24408780849431636,0.09632546584923216,15090.006634267325
905,84.48113876489646,84.48113876489646,-0.008751718279046458,0.0,5.1072902811016245,208,0.24405386100898338,0.10163175884660079,15077.28947472875
906,84.74813105805508,84.74813105805508,0.0031553940398596804,0.0,5.1072902811016245,208,0.24406461866475027,0.08801534293933602,15081.86176674183
907,84.15669216741297,84.15669216741297,-0.007003249482526244,0.0,5.1072902811016245,208,0.24404446214957684,0.059143466642311945,15071.733267211319
908,84.63604697926421,84.63604697926421,0.005679818965592359,0.0,5.1072902811016245,208,0.24405975889045065,0.039820311788425745,15079.942306325253
909,84.96237669901363,84.96237669901363,0.0038482683434726927,0.0,5.1072902811016245,208,0.2440745500353763,0.12040162383748008,15085.53076265704
910,85.27368080401092,85.27368080401092,0.003657326850312268,0.0,5.1072902811016245,208,0.24409050557422735,0.13060217120395481,15090.861902579016
911,85.67835587391225,85.67835587391225,0.00473437852677368,0.0,5.1072902811016245,208,0.24411535908235796,0.15545472598974952,15097.79203740842
912,84.57408955335542,84.57408955335542,-0.012972287161671375,0.0,5.1072902811016245,208,0.2440573012854156,0.07686100977913736,15078.881274037458
913,84.53429547990791,84.53429547990791,-0.00047063395672780953,0.0,5.1072902811016245,208,0.24405579683479334,0.08306780471751848,15078.199793227508
914,84.49615596550761,84.49615596550761,-0.0004512738943949183,0.0,5.1072902811016245,208,0.2440543885046992,0.07540371400712798,15077.546647044852
915,84.58437321278836,84.58437321278836,0.0010434939577526328,0.0,5.1072902811016245,208,0.24405769783660858,0.08008981586940783,15079.057383592286
916,84.23344400963536,84.23344400963536,-0.0041574961032478375,0.0,5.1072902811016245,208,0.24404641264955734,0.07235449217256487,15073.04765659324
917,83.96667063996148,83.96667063996148,-0.003172097640047386,0.0,5.1072902811016245,208,0.24404044085978083,0.07507855964560205,15068.47911368501
918,84.20307135353063,84.20307135353063,0.0028114554554422274,0.0,5.1072902811016245,208,0.24404562592484147,0.06666298138335326,15072.527519284104
919,84.03062958701548,84.03062958701548,-0.002050027146085676,0.0,5.1072902811016245,208,0.2440416971255655,0.06312812853091392,15069.574422389693
920,84.10284451023428,84.10284451023428,0.0008590190388587335,0.0,5.1072902811016245,208,0.24404323889606355,0.060714788594524505,15070.81111620116
921,84.32582649195736,84.32582649195736,0.0026477928095009484,0.0,5.1072902811016245,208,0.24404897108924845,0.07795220600011223,15074.62972355507
922,84.16566435646583,84.16566435646583,-0.0019011308277293614,0.0,5.1072902811016245,208,0.24404467845850827,0.06855717744365424,15071.886917595233
923,84.1414745958545,84.1414745958545,-0.0002874478281605139,0.0,5.1072902811016245,208,0.24404409843570474,0.04923803047524835,15071.472663505976
924,83.47626949469742,83.47626949469742,-0.007937209715481196,0.0,5.1072902811016245,208,0.24403599433163758,0.026561788528147105,15060.080904084394
925,83.8553680432406,83.8553680432406,0.004531112020729291,0.0,5.1072902811016245,208,0.24403871356241968,-0.004754629041064635,15066.573036292284
926,84.20098563012588,84.20098563012588,0.004113121183306552,0.0,5.1072902811016245,208,0.24406320258255887,0.0144446539547674,15072.03389653941
927,84.53772720410261,84.53772720410261,0.003991283509926079,0.0,5.1072902811016245,208,0.24394607459250814,0.01734121295598766,15078.553156494021
928,84.11255235283907,84.11255235283907,-0.0050420995819308876,0.0,5.1072902811016245,208,0.24430937004952427,0.009071884917163939,15060.357497586203
929,83.75020131922379,83.75020131922379,-0.0043172364148221076,0.0,5.1072902811016245,208,0.24430191171867058,0.019544846255093777,15051.932853786833
930,83.5758435422593,83.5758435422593,-0.0020840490219629377,0.0,5.1072902811016245,208,0.2444730249711236,0.02197531261117981,15045.892295799167
931,83.1216539807514,83.1216539807514,-0.0054492801892421176,0.0,5.1072902811016245,208,0.24449659763987477,0.01757658394399207,15042.676401085464
932,83.16391803248904,83.16391803248904,0.0005083309650504066,0.0,5.1072902811016245,208,0.2444940745707054,0.01004901592795866,15042.980521094025
933,83.05909555572137,83.05909555572137,-0.0012612271718570247,0.0,5.1072902811016245,208,0.2445003863762527,0.007073465993195879,15042.226248580593
934,82.72061785756364,82.72061785756364,-0.0040834690991273905,0.0,5.1072902811016245,208,0.24452339428648442,0.015486012676683168,15039.790660031242
935,82.59435028138407,82.59435028138407,-0.0015276003395880027,0.0,5.1072902811016245,208,0.24453311769425248,0.007548033705714117,15038.882074726003
936,82.14420285902332,82.14420285902332,-0.005465005417755416,0.0,5.1072902811016245,208,0.24457266797149352,0.0009136525889033811,15035.642942832266
937,81.92338168357018,81.92338168357018,-0.0026918334832238843,0.0,5.1072902811016245,208,0.24459725177279995,0.004904010718909861,15034.05397691423
938,82.3155464887987,82.3155464887987,0.004775549315831606,0.0,5.1072902811016245,208,0.24455580978369687,-0.0023330046782083645,15036.87588250586
939,82.52836434528648,82.52836434528648,0.002582054425293391,0.0,5.1072902811016245,208,0.24453826958188943,0.015550034263472326,15038.407258833398
940,82.30782587855052,82.30782587855052,-0.0026758516807233214,0.0,5.1072902811016245,208,0.24455655759519956,0.02133566329966148,15036.820327206302
941,82.8289999200056,82.8289999200056,0.006312047834467968,0.0,5.1072902811016245,208,0.24451534739164962,0.0023001723371898868,15040.570546303441
942,83.1239882669896,83.1239882669896,0.003555087026685593,0.0,5.1072902811016245,208,0.24449645744013573,0.03621444117620637,15042.69319794051
943,83.34112297239628,83.34112297239628,0.0026087728165509567,0.0,5.1072902811016245,208,0.24448362326396864,0.048872942038443605,15044.255637076189
944,82.77009669255287,82.77009669255287,-0.006875255389973292,0.0,5.1072902811016245,208,0.24451969982698346,0.03231466955376684,15040.146695553201
945,83.4611073703707,83.4611073703707,0.008313898247710836,0.0,5.1072902811016245,208,0.24447681311374006,-0.028675746694817216,15045.119010431057
946,83.65534653350755,83.65534653350755,0.0023245975613743163,0.0,5.1072902811016245,208,0.2444662265518314,0.01605646485105551,15046.51669980364
947,83.69972895576214,83.69972895576214,0.0005303982943487956,0.0,5.1072902811016245,208,0.2444638534136676,-0.039163079135702744,15046.836062999575
948,83.19710021127952,83.19710021127952,-0.00602324521781313,0.0,5.1072902811016245,208,0.24449210694085688,-0.057752221441975504,15043.21929054662
949,82.82150696671738,82.82150696671738,-0.004524720352045242,0.0,5.1072902811016245,208,0.24451589595645484,-0.049404483339604684,15040.51662915815
950,82.96991237888649,82.96991237888649,0.0017902669799460679,0.0,5.1072902811016245,208,0.2445059329472004,-0.011949754092042882,15041.584511989155
951,83.71888659343925,83.71888659343925,0.00898655770092447,0.0,5.1072902811016245,208,0.24448360751960357,0.028713090912847235,15046.341881146047
952,84.31572299928374,84.31572299928374,0.007103761744758362,0.0,5.1072902811016245,208,0.24418046672599594,0.0890885886884302,15058.035865416663
953,84.56141968934993,84.56141968934993,0.0029097704936166284,0.0,5.1072902811016245,208,0.24408888503779058,0.1078761200071311,15063.938578066141
954,83.95864237275475,83.95864237275475,-0.007153805664540541,0.0,5.1072902811016245,208,0.24411111886275091,0.08770400215109081,15058.912528409819
955,84.54885922043746,84.54885922043746,0.007005257994741493,0.0,5.1072902811016245,208,0.24387629118059578,0.04059568121995337,15076.203563235564
956,84.77033365289401,84.77033365289401,0.0026160597036650204,0.0,5.1072902811016245,208,0.24388974843185954,0.046602369096886316,15079.387869931983
957,84.28795663842767,84.28795663842767,-0.005706650915725886,0.0,5.1072902811016245,208,0.24386770637760713,0.019949854957644616,15072.38301720213
958,84.06651479092741,84.06651479092741,-0.0026306634249212172,0.0,5.1072902811016245,208,0.24386190948175332,0.010828861645429318,15069.167342567049
959,84.60321107394104,84.60321107394104,0.006363893598237692,0.0,5.1072902811016245,208,0.2438761025742104,0.004040631445849427,15076.858032762013
960,84.2262062826092,84.2262062826092,-0.004466110514197029,0.0,5.1072902811016245,208,0.24387557279487082,-0.026496085424669722,15071.736278336004
961,84.30263694706505,84.30263694706505,0.0009070336950181474,0.0,5.1072902811016245,208,0.2438751823122634,-0.04287968403900652,15072.774618174011
962,84.17454904990613,84.17454904990613,-0.0015205372891240647,0.0,5.1072902811016245,208,0.2438759454702882,-0.04354250090530114,15071.03449505283
963,84.12080029753211,84.12080029753211,-0.0006387431905855327,0.0,5.1072902811016245,208,0.24387639150466264,-0.04380115445435336,15070.304297674194
964,83.4288784902132,83.4288784902132,-0.008259350250211973,0.0,5.1072902811016245,208,0.24388885602141583,-0.055281071904241606,15060.90427502045
965,83.09897995444908,83.09897995444908,-0.003962087429829705,0.0,5.1072902811016245,208,0.2439101686267799,-0.01415499128871839,15056.422477110893
966,82.85342331531984,82.85342331531984,-0.002959364414170463,0.0,5.1072902811016245,208,0.24395017095962945,0.011069231029933324,15053.086496157299
967,82.14917478132874,82.14917478132874,-0.00853626328953898,0.0,5.1072902811016245,208,0.2441963738189547,0.05656743671660603,15043.519010202444
968,81.90987169376488,81.90987169376488,-0.0029172820691311034,0.0,5.1072902811016245,208,0.24429177923096515,0.05267318054978224,15040.267986141032
969,81.73471853056319,81.73471853056319,-0.0021406540826891156,0.0,5.1072902811016245,208,0.24436280004688243,0.04133210228740889,15037.888463361787
970,81.46924965933422,81.46924965933422,-0.003253218758149459,0.0,5.1072902811016245,208,0.24447261063351022,0.025794563105340857,15034.281967111749
971,81.37675823950686,81.37675823950686,-0.0011359373308110574,0.0,5.1072902811016245,208,0.24451167245544672,0.08148105763470337,15033.02543576318
972,81.34063228997111,81.34063228997111,-0.00044403305647611673,0.0,5.1072902811016245,208,0.24452697991512776,0.0944517319113511,15032.534650907966
973,81.7768704964669,81.7768704964669,0.005348772989839391,0.0,5.1072902811016245,208,0.24434565247425077,0.09258478311874076,15038.461113956413
974,82.06798043928286,82.06798043928286,0.0035534866976928378,0.0,5.1072902811016245,208,0.24422854392087515,0.11226833246898443,15042.41595398061
975,82.5571107189541,82.5571107189541,0.005942371427920067,0.0,5.1072902811016245,208,0.24404342127411088,0.13503459750212754,15049.0609760928
976,83.61872196478508,83.61872196478508,0.012777136981297349,0.0,5.1072902811016245,208,0.24390400263969092,0.1725643903684698,15062.862515534762
977,84.20874113716336,84.20874113716336,0.007031287875073643,0.0,5.1072902811016245,208,0.24364413022357398,0.24066024335478525,15077.435080867432
978,84.70796331882478,84.70796331882478,0.005910885329870456,0.0,5.1072902811016245,208,0.24340430129007634,0.2692836359454768,15092.049132624135
979,84.62758161137971,84.62758161137971,-0.0009493779172666741,0.0,5.1072902811016245,208,0.2434109592554218,0.26677056489912043,15089.12290537285
980,84.736500438647,84.736500438647,0.0012862094602892748,0.0,5.1072902811016245,208,0.24340906252477554,0.26441583850094363,15090.101669844114
981,84.2537796450972,84.2537796450972,-0.005713016230901302,0.0,5.1072902811016245,208,0.2434317279086992,0.2582968681547907,15085.397320623402
982,84.09993102268987,84.09993102268987,-0.0018276836860174261,0.0,5.1072902811016245,208,0.24344170511202987,0.265190462021172,15083.882935442378
983,84.37360171563996,84.37360171563996,0.003248829999771278,0.0,5.1072902811016245,208,0.24342498828222942,0.25734919977456033,15086.576770690292
984,84.09923825429736,84.09923825429736,-0.0032570674767515508,0.0,5.1072902811016245,208,0.2434417520004047,0.2851178522997953,15083.876116283576
985,83.41001829915317,83.41001829915317,-0.008229083678041578,0.0,5.1072902811016245,208,0.24351223845098424,0.2818151447453775,15077.091885978465
986,82.93340155601851,82.93340155601851,-0.005730530824119115,0.0,5.1072902811016245,208,0.2435816124288063,0.29825123013941923,15072.40038259328
987,83.15766817448605,83.15766817448605,0.002700527549453697,0.0,5.1072902811016245,208,0.24354659418371846,0.3030626220183914,15074.607916455403
988,83.0429307622715,83.0429307622715,-0.0013807101920948904,0.0,5.1072902811016245,208,0.243566417422404,0.2914308363336128,15073.377262691893
989,82.7608847065904,82.7608847065904,-0.00340216932806599,0.0,5.1072902811016245,208,0.24360590819980116,0.28994746013219036,15070.863713407614
990,83.18248032923577,83.18248032923577,0.005081209840975622,0.0,5.1072902811016245,208,0.24354775745932541,0.2659518490422754,15074.611115259975
991,82.83673852755753,82.83673852755753,-0.004165087679426387,0.0,5.1072902811016245,208,0.24359513296602103,0.25556724189488034,15071.537948940273
992,83.87059953215653,83.87059953215653,0.01240346431305147,0.0,5.1072902811016245,208,0.2434686871321265,0.19873037220738288,15080.727543033798
993,84.31300964125738,84.31300964125738,0.005261049298647239,0.0,5.1072902811016245,208,0.24342367898735393,0.2309305481122065,15084.659956876107
994,84.76665442041454,84.76665442041454,0.005366060669895411,0.0,5.1072902811016245,208,0.2433820643937158,0.24062848602015235,15088.69223139324
995,84.50045336696381,84.50045336696381,-0.0031453396515670707,0.0,5.1072902811016245,208,0.24340581105207537,0.22151010662434373,15086.326072289066
996,84.67468267392928,84.67468267392928,0.0020597514817044405,0.0,5.1072902811016245,208,0.24338974208726785,0.2102324148343458,15087.87472980017
997,84.5092872631622,84.5092872631622,-0.0019552143565247262,0.0,5.1072902811016245,208,0.2434049845261379,0.2170193210949416,15086.40459340551
998,84.60321121128946,84.60321121128946,0.0011107867086331167,0.0,5.1072902811016245,208,0.24339626653721233,0.2127042128975724,15087.239447370512
999,84.48235358160022,84.48235358160022,-0.0014295442714971306,0.0,5.1072902811016245,208,0.24340750647862872,0.21638807758419543,15086.165190236323
1000,84.18305130949099,84.18305130949099,-0.003549069075158998,0.0,4.8784105054457845,172,0.2881398724804714,0.23168534672403904,14232.559091029083
1001,84.0694635651313,84.0694635651313,-0.0013502058106023634,0.0,4.8784105054457845,172,0.28817750617799026,0.22804426636551317,14231.434185929973
1002,84.36102242520651,84.36102242520651,0.003462071009033723,0.0,4.8784105054457845,172,0.287934615771201,0.21968181757728192,14238.642512582348
1003,83.61176166212127,83.61176166212127,-0.00892127539076029,0.0,4.8784105054457845,172,0.2882403805407889,0.20194838592234643,14227.004394412814
1004,83.50996714445108,83.50996714445108,-0.0012182082005250114,0.0,4.8784105054457845,172,0.28824846717590663,0.25204889389944046,14226.757916607148
1005,83.07186980326226,83.07186980326226,-0.005259857368038507,0.0,4.8784105054457845,172,0.2882758137354137,0.25036402870672564,14225.928016064592
1006,83.25045677258423,83.25045677258423,0.0021474812387574974,0.0,4.8784105054457845,172,0.28826438425186013,0.24194777817274843,14226.266318557666
1007,82.83769542840002,82.83769542840002,-0.00497039901379823,0.0,4.8784105054457845,172,0.2882909152503329,0.2339434810611224,14225.484412731545
1008,83.31177791795497,83.31177791795497,0.005706714160568029,0.0,4.8784105054457845,172,0.28826056512743475,0.19810600150763788,14226.38248098786
1009,83.57077195995471,83.57077195995471,0.003103910506207642,0.0,4.8784105054457845,172,0.28824522457485174,0.21614412147398301,14226.873100938648
1010,83.76370339641818,83.76370339641818,0.002305938708003314,0.0,4.8784105054457845,172,0.28823586768146087,0.2106212603604064,14227.238576573269
1011,84.54013776652802,84.54013776652802,0.009226644774769486,0.0,4.8784105054457845,172,0.28821056129766737,0.1828281772969758,14228.70939879571
1012,84.50588227598507,84.50588227598507,-0.0004052800651941963,0.0,4.8784105054457845,172,0.28820809953332827,0.17171572930741896,14228.644507623101
1013,84.55428717848223,84.55428717848223,0.0005726352218392128,0.0,4.8784105054457845,172,0.2882115781359242,0.18657095486533856,14228.73620243854
1014,84.34937429734103,84.34937429734103,-0.002426388864323869,0.0,4.8784105054457845,172,0.2882113980243763,0.2264977843842569,14228.348030004592
1015,85.24529786982112,85.24529786982112,0.010565566658839835,0.0,4.8784105054457845,172,0.2882681795283417,0.18817824076600906,14230.04520410036
1016,85.48631729486442,85.48631729486442,0.0028233738070922837,0.0,4.8784105054457845,172,0.2882901289283201,0.2164487268239602,14230.501774211165
1017,86.13640153892712,86.13640153892712,0.007575772690601886,0.0,4.8784105054457845,172,0.28835001177329217,0.21503713283423515,14231.733247712898
1018,85.8804001113318,85.8804001113318,-0.002976472229929,0.0,4.8784105054457845,172,0.2883263064651863,0.21067895381681545,14231.248296758667
1019,85.7945965731444,85.7945965731444,-0.0009996044501428072,0.0,4.8784105054457845,172,0.28831836083819495,0.23817990364517624,14231.085756619295
1020,85.51613891571421,85.51613891571421,-0.003250910129754311,0.0,4.8784105054457845,172,0.2882928589745141,0.2448097610888268,14230.558266175383
1021,85.7657149652434,85.7657149652434,0.0029142167778378834,0.0,4.8784105054457845,172,0.28831570578109883,0.23816778825811116,14231.031045348958
1022,85.54346031860942,85.54346031860942,-0.0025947795378370234,0.0,4.8784105054457845,172,0.2882953601170572,0.2311608076610557,14230.610021903973
1023,85.76452982004912,85.76452982004912,0.0025809610395800217,0.0,4.8784105054457845,172,0.2883155972935744,0.2204857283310279,14231.02880029393
1024,85.48316093801375,85.48316093801375,-0.0032861072051438324,0.0,4.8784105054457845,172,0.288289839975621,0.19767256190626123,14230.495795032528
1025,85.38252244175428,85.38252244175428,-0.0011779838514835237,0.0,4.8784105054457845,172,0.2882806267692898,0.19347881130005024,14230.305152600367
1026,85.45648221818031,85.45648221818031,0.0008658418631480534,0.0,4.8784105054457845,172,0.28828739762861055,0.17211307243251542,14230.445256757166
1027,85.8311724854974,85.8311724854974,0.004374989728393406,0.0,4.8784105054457845,172,0.2883217478833789,0.15672230097426407,14231.155043434466
1028,85.74779287830441,85.74779287830441,-0.0009719095062687626,0.0,4.8784105054457845,172,0.2883140651996873,0.14514611067959926,14230.997095018116
1029,86.24724590523272,86.24724590523272,0.005807777181838358,0.0,4.8784105054457845,172,0.2883579183618165,0.12739700883283323,14231.39806378335
1030,86.41939920782235,86.41939920782235,0.0019940546076016186,0.0,4.8784105054457845,172,0.2883369775547066,0.126270293252636,14232.11831241724
1031,85.68748088706467,85.68748088706467,-0.008505444207156428,0.0,4.8784105054457845,172,0.2882681983278628,0.10994366677021877,14230.660541751804
1032,85.85208659776636,85.85208659776636,0.0019191579370021997,0.0,4.8784105054457845,172,0.28827446160860604,0.1071848711259826,14231.04516034619
1033,85.97912208508014,85.97912208508014,0.0014786081228453556,0.0,4.8784105054457845,172,0.2882795313303442,0.10025855642481382,14231.341992153297
1034,85.89095489519909,85.89095489519909,-0.0010259749592720694,0.0,4.8784105054457845,172,0.2882759488039116,0.0891795669443643,14231.135980220306
1035,85.85871762180636,85.85871762180636,-0.00037539837251355807,0.0,4.8784105054457845,172,0.28827471391332443,0.04493960100247624,14231.060654432844
1036,85.88126947413886,85.88126947413886,0.0002626278578851839,0.0,4.8784105054457845,172,0.28827557527154946,-0.016750861442048504,14231.113349213043
1037,85.63731316080793,85.63731316080793,-0.0028446652729221217,0.0,4.8784105054457845,172,0.28826630850585105,-0.04929734730832778,14230.543319571152
1038,84.94546195367826,84.94546195367826,-0.008111663094457407,0.0,4.8784105054457845,172,0.28824477690281985,-0.02117799066249499,14228.926736296637
1039,84.50931754095986,84.50931754095986,-0.005147631446008495,0.0,4.8784105054457845,172,0.2882574922006123,0.01475540387520793,14227.907638901695
1040,83.9997361568772,83.9997361568772,-0.006048137192293943,0.0,4.8784105054457845,172,0.2882913520190373,0.045144154879156434,14226.716948282061
1041,84.35402525349508,84.35402525349508,0.0042088708521505385,0.0,4.8784105054457845,172,0.28826705760963667,0.01656230589248871,14227.544782102445
1042,84.11751975687268,84.11751975687268,-0.0028076628842176278,0.0,4.8784105054457845,172,0.2882832141370527,0.011791081808873751,14226.992162079194
1043,84.62778236993921,84.62778236993921,0.0060477436927839434,0.0,4.8784105054457845,172,0.28825063874632817,0.0065374176190437375,14228.184444462158
1044,84.55522041029235,84.55522041029235,-0.000857792602137816,0.0,4.8784105054457845,172,0.28825483270372326,-0.019655788415100683,14228.01489579458
1045,84.94309966606185,84.94309966606185,0.0045767997307961565,0.0,4.8784105054457845,172,0.2882447223450822,-0.06630758435776889,14228.92121656261
1046,84.88254843437757,84.88254843437757,-0.0007130988154907953,0.0,4.8784105054457845,172,0.2882433238818659,-0.06001166752622276,14228.779732226985
1047,84.63717101592042,84.63717101592042,-0.0028949739962515625,0.0,4.8784105054457845,172,0.2882500972404445,-0.05331923157779748,14228.206382023163
1048,84.29677204934224,84.29677204934224,-0.004029970781403839,0.0,4.8784105054457845,172,0.28827089905557285,-0.046099038241055684,14227.411003955796
1049,84.64954793450653,84.64954793450653,0.004176195112348388,0.0,4.8784105054457845,172,0.2882493918470274,-0.04524688033999628,14228.235301998111
1050,84.83967440647197,84.83967440647197,0.002243523795648386,0.0,4.8784105054457845,172,0.28824236179147783,-0.021930203906904373,14228.679552541369
1051,84.45167793358942,84.45167793358942,-0.004583779937603207,0.0,4.8784105054457845,172,0.2882608317513939,0.015862114756976964,14227.772957883199
1052,84.1146803618438,84.1146803618438,-0.003998401865287937,0.0,4.8784105054457845,172,0.28828341031228777,-0.023076054626672338,14226.985527533405
1053,84.16541253048375,84.16541253048375,0.0006029491582154319,0.0,4.8784105054457845,172,0.2882900530308179,-0.053612101085538336,14226.819588679997
1054,84.35531309120967,84.35531309120967,0.002253736333094128,0.0,4.8784105054457845,172,0.2882599281823081,-0.036846300726053466,14227.621900645221
1055,84.40063243610807,84.40063243610807,0.0005370992511849268,0.0,4.8784105054457845,172,0.2882816994509481,-0.0292090594342542,14226.802604097278
1056,84.61048465913555,84.61048465913555,0.0024832961816537527,0.0,4.8784105054457845,172,0.2882706912436775,-0.023718830285366328,14227.178716189243
1057,84.94902591555783,84.94902591555783,0.0039931904158899394,0.0,4.8784105054457845,172,0.2882699613971283,-0.01146362892380619,14227.818304424976
1058,85.35048561618312,85.35048561618312,0.004714757437442723,0.0,4.8784105054457845,172,0.28829920970475253,0.007804625994824025,14228.576761176611
1059,85.29068696449899,85.29068696449899,-0.0007008701736822886,0.0,4.8784105054457845,172,0.2882945300113527,-0.0016809990981636414,14228.46378672105
1060,85.1149321524961,85.1149321524961,-0.0020627826152023825,0.0,4.8784105054457845,172,0.28828084841894686,-0.005440840250614544,14228.131742374908
1061,84.50375771694725,84.50375771694725,-0.00720648274134399,0.0,4.8784105054457845,172,0.2882717832372795,0.014861086982773985,14226.97708257631
1062,84.08304799182905,84.08304799182905,-0.004991026393606793,0.0,4.8784105054457845,172,0.28827849763174185,0.07762968734712779,14226.182257763263
1063,84.41612298313434,84.41612298313434,0.003953436959942208,0.0,4.8784105054457845,172,0.28827283518082053,0.050888829665635994,14226.811518871074
1064,84.3447906130206,84.3447906130206,-0.0008453660606808787,0.0,4.8784105054457845,172,0.2882738753778628,0.039804358084502604,14226.676754366346
1065,84.6657041721978,84.6657041721978,0.0037975623378374416,0.0,4.8784105054457845,172,0.28827056565825765,0.04704476993150732,14227.28303951843
1066,84.61566619999408,84.61566619999408,-0.0005911811034025367,0.0,4.8784105054457845,172,0.2882706794592506,0.05386447770431652,14227.18850540256
1067,84.61259775024698,84.61259775024698,-3.626403386546203e-05,0.0,4.8784105054457845,172,0.2882706864378525,0.08508596514389402,14227.182708341425
1068,84.40769616923164,84.40769616923164,-0.00242458081975268,0.0,4.8784105054457845,172,0.2882729480623651,0.07148432362204875,14226.795598533641
1069,83.96207819317313,83.96207819317313,-0.005293337456108351,0.0,4.8784105054457845,172,0.28828066039990285,0.0780215807784667,14225.953715868793
1070,83.47395101196297,83.47395101196297,-0.005830627570419878,0.0,4.8784105054457845,172,0.2883073304684392,0.08558469329887841,14225.031522792702
1071,83.4940392834946,83.4940392834946,0.0002406242249548505,0.0,4.8784105054457845,172,0.2883061486002364,0.093972233580005,14225.069474510268
1072,83.4404241215311,83.4404241215311,-0.0006423498505152554,0.0,4.8784105054457845,172,0.28830930299493684,0.09390967483962778,14224.968182197445
1073,83.22076702863951,83.22076702863951,-0.002635973240844009,0.0,4.8784105054457845,172,0.2883223635779444,0.09650819672076145,14224.553195575154
1074,82.53492965052237,82.53492965052237,-0.008275326951142031,0.0,4.8784105054457845,172,0.28836493993609874,0.1333405404630118,14223.257478996013
1075,82.84037645218602,82.84037645218602,0.0036939874059088136,0.0,4.8784105054457845,172,0.28834532657143747,0.07044952560274031,14223.83454361452
1076,83.38862586275285,83.38862586275285,0.0065963386757814674,0.0,4.8784105054457845,172,0.288312374855018,0.07143433766572958,14224.870322464496
1077,83.765798156734,83.765798156734,0.004512868101660685,0.0,4.8784105054457845,172,0.288290864540251,0.1376791836891017,14225.582894292887
1078,83.85089711795412,83.85089711795412,0.0010153996699713793,0.0,4.8784105054457845,172,0.28828823543855564,0.1451082831713234,14225.702259662896
1079,83.61378991781505,83.61378991781505,-0.0028317296353852846,0.0,4.8784105054457845,172,0.2883271971911347,0.13838700770066653,14224.661027484814
1080,81.91682502799,81.91682502799,-0.02050405410016168,0.0,4.8784105054457845,172,0.2884016466381674,0.14112591952439377,14219.091202838257
1081,82.28553129556333,82.28553129556333,0.004490884241882659,0.0,4.8784105054457845,172,0.2883855278408281,0.06410213962945942,14223.330136667062
1082,81.93833145894016,81.93833145894016,-0.004228378849501366,0.0,4.8784105054457845,172,0.28842449211495635,0.05419850210467799,14222.14231579164
1083,82.06634533660373,82.06634533660373,0.0015611006486238811,0.0,4.8784105054457845,172,0.2884112455876261,0.05480042699269374,14222.54383061304
1084,82.20605386056876,82.20605386056876,0.0017009376904628835,0.0,4.8784105054457845,172,0.28839540165586336,0.0581371936540235,14223.03951933698
1085,82.58316844870578,82.58316844870578,0.004576940666150055,0.0,4.8784105054457845,172,0.2883581844057701,0.06707422237483239,14224.268464391775
1086,82.45565574898096,82.45565574898096,-0.0015452451956976536,0.0,4.8784105054457845,172,0.2883777842756301,0.05764906774523718,14223.62030544158
1087,82.73302822836654,82.73302822836654,0.003358253524247238,0.0,4.8784105054457845,172,0.28835242170387376,0.05653610481264617,14224.518013718001
1088,82.7648103970854,82.7648103970854,0.0003840795671234162,0.0,4.8784105054457845,172,0.2883533056069394,0.06144849668165365,14224.551393913196
1089,82.39984523060659,82.39984523060659,-0.004419417206549148,0.0,4.8784105054457845,172,0.28838716905399664,0.045562208645017054,14223.315491443853
1090,83.13127661245935,83.13127661245935,0.008837445600910692,0.0,4.8784105054457845,172,0.28831950430217695,0.03208596132576062,14226.34032501172
1091,82.48747822174364,82.48747822174364,-0.00777450155459797,0.0,4.8784105054457845,172,0.2883606977896935,-0.003148828843222984,14224.178056572206
1092,82.39333570434604,82.39333570434604,-0.0011419464204038311,0.0,4.8784105054457845,172,0.28837577865928343,-0.004674517221170674,14223.671975517207
1093,82.61210905608297,82.61210905608297,0.002651712254077972,0.0,4.8784105054457845,172,0.2883550422646058,-0.005213493836317108,14224.37495869655
1094,81.77687916728839,81.77687916728839,-0.010161715635512488,0.0,4.8784105054457845,172,0.28847224239648434,-0.026903583052232668,14220.699777266535
1095,82.04118027481188,82.04118027481188,0.0032267667893191333,0.0,4.8784105054457845,172,0.2884432922498393,-0.05307135785920796,14221.554266396126
1096,81.820835527055,81.820835527055,-0.002689395458594919,0.0,4.8784105054457845,172,0.2884748459935619,-0.05679458921733535,14220.61255360696
1097,81.05393681169843,81.05393681169843,-0.009417104586994518,0.0,4.8784105054457845,172,0.28859424461032396,-0.052656390044514764,14217.234643295202
1098,81.19686411597174,81.19686411597174,0.0017618075279287745,0.0,4.8784105054457845,172,0.2885776562206351,-0.09184916778519793,14217.686286732342
1099,81.72315379659454,81.72315379659454,0.006460734758363215,0.0,4.8784105054457845,172,0.2885016133204093,-0.09469062622439794,14219.833052387949
1100,81.2594593630452,81.2594593630452,-0.005690124555810253,0.0,4.8784105054457845,172,0.288557032321509,-0.1015217921682913,14218.269580469621
1101,81.01920020726651,81.01920020726651,-0.002961071184135219,0.0,4.8784105054457845,172,0.28859768857645435,-0.08730992406681436,14217.142235121582
1102,81.97302197615636,81.97302197615636,0.011704026662132602,0.0,4.8784105054457845,172,0.28848636382303555,-0.08746876838348203,14220.287402810398
1103,81.86402872939664,81.86402872939664,-0.001330508116071962,0.0,4.8784105054457845,172,0.2885057580698928,-0.09543657898262359,14219.722820856749
1104,82.0488722463215,82.0488722463215,0.0022553880039864666,0.0,4.8784105054457845,172,0.28848715053970964,-0.09521285599753809,14220.29270524832
1105,81.12266768285187,81.12266768285187,-0.011352647790036086,0.0,4.8784105054457845,172,0.28868843264222227,-0.1082522529929765,14214.778960786593
1106,81.74665774598105,81.74665774598105,0.007662500161498953,0.0,4.8784105054457845,172,0.28867200612791394,-0.15514772897999551,14219.617083836543
1107,81.57989536232309,81.57989536232309,-0.002042073850639809,0.0,4.8784105054457845,172,0.28870651320283797,-0.1666333391304721,14216.759885758202
1108,80.61288377877617,80.61288377877617,-0.011924366139639887,0.0,4.8784105054457845,172,0.2888005082596165,-0.13889443803057686,14207.208294730772
1109,80.95291851372937,80.95291851372937,0.004209247652446767,0.0,4.8784105054457845,172,0.2887333744387735,-0.1765903399429056,14210.599011825814
1110,80.42698979321983,80.42698979321983,-0.006517918964717358,0.0,4.8784105054457845,172,0.2888378860323934,-0.18346948605239646,14205.672381733895
1111,80.28051543080457,80.28051543080457,-0.001822869476698977,0.0,4.8784105054457845,172,0.2888853425394606,-0.18824048632894902,14204.07027035277
1112,79.7994776451287,79.7994776451287,-0.0060099856871891014,0.0,4.8784105054457845,172,0.2890126883862122,-0.18144226085828372,14199.562292725024
1113,79.93780109675815,79.93780109675815,0.0017318873501945106,0.0,4.8784105054457845,172,0.28897454446051263,-0.19049731074118076,14200.884616281124
1114,79.71676969880487,79.71676969880487,-0.0027688720475223597,0.0,4.8784105054457845,172,0.2890349005807058,-0.19629054899479123,14198.801002796907
1115,79.65619198403294,79.65619198403294,-0.0007602006896229759,0.0,4.8784105054457845,172,0.28905830604622423,-0.19944757339352867,14198.080647856204
1116,79.31887474628742,79.31887474628742,-0.004243655950598014,0.0,4.8784105054457845,172,0.28915570198763446,-0.20960797419917046,14194.89202709118
1117,79.6725903251598,79.6725903251598,0.004449498748705116,0.0,4.8784105054457845,172,0.28903103255974216,-0.23390203768412773,14198.736705568972
1118,80.15029675400764,80.15029675400764,0.005977965486544412,0.0,4.8784105054457845,172,0.2888890552225102,-0.21249568218650405,14203.494490629757
1119,79.9647488546295,79.9647488546295,-0.0023176832849292586,0.0,4.8784105054457845,172,0.28894991171472423,-0.21683197845184368,14201.470477807798
1120,79.59982442499671,79.59982442499671,-0.004574011114935485,0.0,4.8784105054457845,172,0.2890699865611025,-0.21630508866726245,14197.611882369
1121,80.03186976499416,80.03186976499416,0.00541304027544309,0.0,4.8784105054457845,172,0.28895636457133417,-0.2411999538285259,14202.384774146489
1122,79.91839567875107,79.91839567875107,-0.0014188673581166285,0.0,4.8784105054457845,172,0.2889832859821301,-0.23454274708988826,14201.169163228658
1123,79.40174974657181,79.40174974657181,-0.006485654928356853,0.0,4.8784105054457845,172,0.2891683672149025,-0.2324528113230604,14194.707804473583
1124,79.65363312807281,79.65363312807281,0.0031672438557091547,0.0,4.8784105054457845,172,0.2890971091875622,-0.24253818551830014,14197.266426241536
1125,79.59517070281044,79.59517070281044,-0.0007342275292797309,0.0,4.8784105054457845,172,0.28912599715809933,-0.24609399361980686,14196.370110149264
1126,79.35391875543502,79.35391875543502,-0.0030355899924329995,0.0,4.8784105054457845,172,0.28919882254927143,-0.24618230784687734,14193.855716634775
1127,79.61122683202542,79.61122683202542,0.003237292053631999,0.0,4.8784105054457845,172,0.28911601722806424,-0.2476533300841377,14196.65846610559
1128,79.77187041421013,79.77187041421013,0.0020158177292129834,0.0,4.8784105054457845,172,0.2890779716451006,-0.24343179519272964,14198.295330173827
1129,80.0914080107751,80.0914080107751,0.003997641300251579,0.0,4.8784105054457845,172,0.2889983206250982,-0.24713129389384259,14201.798184973639
1130,79.85574375879786,79.85574375879786,-0.0029467786065906824,0.0,4.8784105054457845,172,0.2890529734861689,-0.2526343623915694,14199.300626344577
1131,80.10160279203812,80.10160279203812,0.0030740598309798592,0.0,4.8784105054457845,172,0.28898221134544155,-0.255267860007162,14202.203515355068
1132,80.16602453629952,80.16602453629952,0.0008039271411818817,0.0,4.8784105054457845,172,0.2889976624342965,-0.25202918453772827,14201.538941652374
1133,80.6524216800308,80.6524216800308,0.0060490402477589795,0.0,4.8784105054457845,172,0.28896062765506897,-0.2502141808729012,14205.02068997537
1134,81.38679174872165,81.38679174872165,0.00906416516195007,0.0,4.8784105054457845,172,0.28877129412055313,-0.19940877803869586,14211.913873238385
1135,80.74340333977678,80.74340333977678,-0.007936729934029933,0.0,4.8784105054457845,172,0.2889623596819916,-0.2447405448240656,14205.604819363509
1136,79.89455755708865,79.89455755708865,-0.010568531607838345,0.0,4.8784105054457845,172,0.28919532263992687,-0.2208200727927371,14198.17482741963
1137,79.29345069089892,79.29345069089892,-0.007552198558783899,0.0,4.8784105054457845,172,0.289395756891898,-0.19193527511223826,14192.269848894066
1138,79.82821717357236,79.82821717357236,0.006721504408334458,0.0,4.8784105054457845,172,0.28924480555746157,-0.2089293648590821,14196.893661084272
1139,79.76832983178937,79.76832983178937,-0.0007504842143209319,0.0,4.8784105054457845,172,0.28927522716987747,-0.22785567108198432,14196.078085565481
1140,79.29711313601567,79.29711313601567,-0.005924832766098342,0.0,4.8784105054457845,172,0.2894121529559497,-0.2183885586190275,14191.923171365766
1141,79.4476819650329,79.4476819650329,0.0018969928944661497,0.0,4.8784105054457845,172,0.2893605995714058,-0.21776045832307656,14193.411625639512
1142,80.0300639734392,80.0300639734392,0.007303647212007301,0.0,4.8784105054457845,172,0.28917231160743145,-0.19720330795791982,14198.976024485986
1143,79.97874729657956,79.97874729657956,-0.0006414231592840012,0.0,4.8784105054457845,172,0.28919948715818616,-0.20102535532041854,14198.250179812168
1144,79.35610701698751,79.35610701698751,-0.007815533539642983,0.0,4.8784105054457845,172,0.28937845806859375,-0.20129789407883142,14192.773749648743
1145,78.9792599578015,78.9792599578015,-0.004760121228246898,0.0,4.8784105054457845,172,0.2895292410777479,-0.1838226831605215,14188.621282868928
1146,79.27505668332773,79.27505668332773,0.003738249625945982,0.0,4.8784105054457845,172,0.2894438114748504,-0.18968951041134618,14191.159970193374
1147,80.0639765323318,80.0639765323318,0.009902486287405282,0.0,4.8784105054457845,172,0.2891616565668688,-0.15870900969891794,14199.24761644301
1148,79.73046074939688,79.73046074939688,-0.004174316364181836,0.0,4.8784105054457845,172,0.2892415049950269,-0.1750350816234057,14195.8549606708
1149,79.91353573290606,79.91353573290606,0.002293541477238016,0.0,4.8784105054457845,172,0.28918375409062647,-0.162303905469377,14197.570856571288
1150,80.67969124283745,80.67969124283745,0.009541639297013071,0.0,4.8784105054457845,172,0.2890010505586824,-0.11260580384166023,14204.875595103895
1151,80.97879839029765,80.97879839029765,0.0037004859993430552,0.0,4.8784105054457845,172,0.28890553155503607,-0.0962683264522546,14207.805978860399
1152,81.59092915383532,81.59092915383532,0.007530721318170215,0.0,4.8784105054457845,172,0.28879684449161663,-0.07632433010813779,14213.608503292588
1153,81.31590198993007,81.31590198993007,-0.003376499601241053,0.0,4.8784105054457845,172,0.2888783713474926,-0.07419195978153083,14210.51383135512
1154,81.03387743680901,81.03387743680901,-0.003474286664290268,0.0,4.8784105054457845,172,0.28892973427362484,-0.054726288743211074,14207.64426173437
1155,80.63389866271972,80.63389866271972,-0.004948167159108821,0.0,4.8784105054457845,172,0.28905381300424005,-0.04176342397737724,14203.669921194167
1156,80.57245475514881,80.57245475514881,-0.0007623013515735874,0.0,4.8784105054457845,172,0.289063039631844,-0.052350675613007346,14202.945440770978
1157,80.3816181045259,80.3816181045259,-0.0023713191801566827,0.0,4.8784105054457845,172,0.2891250751506537,-0.04446274734991675,14200.98723002727
1158,80.65883084629499,80.65883084629499,0.003442774997027465,0.0,4.8784105054457845,172,0.28906048110468213,-0.05522957931741636,14203.557049107205
1159,80.63267959311945,80.63267959311945,-0.0003242731540358903,0.0,4.8784105054457845,172,0.2890716369590915,-0.03673764417281806,14203.186079479492
1160,81.00384476296752,81.00384476296752,0.004592598408186099,0.0,4.8784105054457845,172,0.2889881356054757,-0.04631279193081965,14206.669121548563
1161,80.75376660113446,80.75376660113446,-0.0030920135252303395,0.0,4.8784105054457845,172,0.2890667261254685,-0.035126409249169155,14204.143085896781
1162,81.09571718816042,81.09571718816042,0.004225544472806602,0.0,4.8784105054457845,172,0.2889917445366419,-0.037255419446740844,14207.32156065227
1163,80.45622914520402,80.45622914520402,-0.007916851483893612,0.0,4.8784105054457845,172,0.2892150644112186,-0.0541493218344983,14200.505938750204
1164,80.58193115759103,80.58193115759103,0.001561145975345081,0.0,4.8784105054457845,172,0.2892118916342951,-0.046073992878997966,14200.44522126781
1165,80.7991788624956,80.7991788624956,0.0026923576880766424,0.0,4.8784105054457845,172,0.28921119109349647,0.008114653925822345,14201.522454801265
1166,80.11258915426367,80.11258915426367,-0.008533793189475997,0.0,4.8784105054457845,172,0.2893941549597268,0.0020822428759807296,14193.64667909713
1167,79.85433119702915,79.85433119702915,-0.003228894837074223,0.0,4.8784105054457845,172,0.28941041013520247,0.004662597861645258,14191.053510506665
1168,79.62408767221609,79.62408767221609,-0.0028874588350607812,0.0,4.8784105054457845,172,0.28941509971231166,0.04445983525825265,14189.334870279612
1169,79.45804740191763,79.45804740191763,-0.0020874792825155784,0.0,4.8784105054457845,172,0.2894503033091378,0.06730706484079253,14188.054235503745
1170,79.24313851704753,79.24313851704753,-0.0027083479558310673,0.0,4.8784105054457845,172,0.28950419012244766,0.06496069458952379,14186.007635089922
1171,79.03623870119897,79.03623870119897,-0.002614363757676194,0.0,4.8784105054457845,172,0.2895541899461055,0.06264560654502674,14184.449054471928
1172,79.5773378150327,79.5773378150327,0.006822886474294226,0.0,4.8784105054457845,172,0.28944500436072085,0.057890721563413516,14188.667117041223
1173,79.50164668694431,79.50164668694431,-0.0009516170100953648,0.0,4.8784105054457845,172,0.28946406965995447,0.05707495526564663,14188.015108071575
1174,79.13193421357992,79.13193421357992,-0.004661221674001557,0.0,4.8784105054457845,172,0.2895493533792117,0.058067583816162054,14184.911807734328
1175,78.64749018887456,78.64749018887456,-0.006140794959529599,0.0,4.8784105054457845,172,0.28966335933995235,0.07331269199951772,14181.23222898336
1176,79.19208970573716,79.19208970573716,0.006900698523913922,0.0,4.8784105054457845,172,0.2895399679959585,0.056698675303334986,14185.484829047185
1177,78.99413686524346,78.99413686524346,-0.0025027835623225502,0.0,4.8784105054457845,172,0.28958797954618504,0.027658119094531086,14184.002747490596
1178,78.56476567199894,78.56476567199894,-0.005450307779919914,0.0,4.8784105054457845,172,0.28969755238750444,0.044367902317472105,14180.431302481862
1179,78.17929195859118,78.17929195859118,-0.00491852126765996,0.0,4.8784105054457845,172,0.2897959907835624,0.05385384042918593,14177.425354992978
1180,77.70932252950887,77.70932252950887,-0.006029572518370683,0.0,4.8784105054457845,172,0.2899256398417883,0.08558578289052643,14173.53623447479
1181,77.79309595208333,77.79309595208333,0.0010774550196315186,0.0,4.8784105054457845,172,0.2899118418716501,0.08557299041951572,14173.96335695391
1182,78.25951521829307,78.25951521829307,0.005977735990490762,0.0,4.8784105054457845,172,0.2897995348024576,0.08559437346826362,14177.338963703667
1183,78.17443856626375,78.17443856626375,-0.0010877006987152235,0.0,4.8784105054457845,172,0.28983059641458814,0.0986768483200682,14176.244853569016
1184,77.285563330928,77.285563330928,-0.011435544977613616,0.0,4.8784105054457845,172,0.2900741271601815,0.09823974309215412,14169.059425389552
1185,77.26488336105918,77.26488336105918,-0.00026761449655931396,0.0,4.8784105054457845,172,0.2900887721882663,0.09628789349187679,14168.535309570922
1186,76.58164253049337,76.58164253049337,-0.008882167712333328,0.0,4.8784105054457845,172,0.2902917227469663,0.09708574285375131,14162.9922600174
1187,77.00537693705813,77.00537693705813,0.005517855390953365,0.0,4.8784105054457845,172,0.2901826502505337,0.06059566377785673,14165.914649818298
1188,77.3342560097913,77.3342560097913,0.004261764321056362,0.0,4.8784105054457845,172,0.29010066505861104,0.07030278494772964,14168.252575043876
1189,76.93417692673832,76.93417692673832,-0.005186802930170904,0.0,4.8784105054457845,172,0.2902118003572626,0.06355255553534203,14165.137426610478
1190,77.05203993678332,77.05203993678332,0.0015308257513257251,0.0,4.8784105054457845,172,0.29018617138982167,0.06281848834874194,14165.846873861281
1191,77.11321801201514,77.11321801201514,0.0007936688104337702,0.0,4.8784105054457845,172,0.2901882376603878,0.06186145298182789,14165.423536916058
1192,76.88174136661857,76.88174136661857,-0.0030062908638943736,0.0,4.8784105054457845,172,0.29045407210519286,0.05389874428621655,14152.52821090176
1193,77.30903527672669,77.30903527672669,0.005542419763692711,0.0,4.8784105054457845,172,0.29034506584410985,0.007260793144486798,14158.166895260823
1194,77.11380436249867,77.11380436249867,-0.0025285251676571475,0.0,4.8784105054457845,172,0.2904326578341705,0.04389239717109106,14155.337384052546
1195,77.12929880033485,77.12929880033485,0.00020090931225558292,0.0,4.8784105054457845,172,0.2904398262522402,-0.000597817079010243,14155.106723314218
1196,77.16546859729165,77.16546859729165,0.00046884023650831385,0.0,4.8784105054457845,172,0.29043545265600784,-0.047028188034110886,14155.42412145954
1197,77.23419756594326,77.23419756594326,0.000890273598369415,0.0,4.8784105054457845,172,0.2904250888608751,-0.011855752363939924,14156.10496188112
1198,77.76118067884352,77.76118067884352,0.0068000110650347665,0.0,4.8784105054457845,172,0.29033107923331375,-0.0035479699593376525,14162.945309831319
1199,78.13117904363949,78.13117904363949,0.004746853023546385,0.0,4.8784105054457845,172,0.2903058816998912,0.02073951563511628,14167.240920012613
1200,77.4381094823172,77.4381094823172,-0.008910166693924559,0.0,4.676702102576121,145,0.3550059108453057,-0.0005011543067461808,12910.523384411701
1201,77.61031662901075,77.61031662901075,0.002221334609103883,0.0,4.676702102576121,145,0.35500952946837505,-0.02709736966939795,12911.24586010096
1202,77.20263245040411,77.20263245040411,-0.005266809054873842,0.0,4.676702102576121,145,0.3550064064061826,-0.03629116933989316,12909.7609856708
1203,77.55757821482482,77.55757821482482,0.004587049672048437,0.0,4.676702102576121,145,0.3550222333003548,-0.05255167028090753,12911.41752293136
1204,77.8000887379271,77.8000887379271,0.003121966554101423,0.0,4.676702102576121,145,0.3550280075505544,-0.06420266428255875,12912.243261310176
1205,77.51291609987737,77.51291609987737,-0.003697989947587457,0.0,4.676702102576121,145,0.3550129080929702,-0.06012753202190994,12910.622366887073
1206,77.15342182775147,77.15342182775147,-0.004648651081166142,0.0,4.676702102576121,145,0.35501660284458025,-0.08003399552780815,12909.30883729286
1207,77.6600297358024,77.6600297358024,0.006544776455458793,0.0,4.676702102576121,145,0.3550233065868977,-0.07704351692661056,12911.738901578836
1208,77.67410779740388,77.67410779740388,0.00018126165778608992,0.0,4.676702102576121,145,0.35502227908045497,-0.06676948251688372,12911.752828903207
1209,78.2595352162793,78.2595352162793,0.007508708937034867,0.0,4.676702102576121,145,0.35507602514541853,-0.07910826241793317,12914.58280463622
1210,77.46525130112661,77.46525130112661,-0.010201212292309601,0.0,4.676702102576121,145,0.35504879345175333,-0.16585978775379334,12911.723688308524
1211,77.66080325995958,77.66080325995958,0.002521202037544105,0.0,4.676702102576121,145,0.35506104732395205,-0.21432835034251188,12912.566487272574
1212,77.80150698833785,77.80150698833785,0.0018101334860197815,0.0,4.676702102576121,145,0.3550636313592839,-0.20220067369863182,12913.030180853852
1213,77.08962319223517,77.08962319223517,-0.00919211846178618,0.0,4.676702102576121,145,0.3550151941702421,-0.21320787773321556,12909.235403688384
1214,77.10937507652284,77.10937507652284,0.00025618693529097226,0.0,4.676702102576121,145,0.35501523357320974,-0.22862976660679882,12909.269638055936
1215,77.0870174356235,77.0870174356235,-0.00028998915852410665,0.0,4.676702102576121,145,0.3550219428026153,-0.23106355043036508,12908.999636185941
1216,77.24939209118818,77.24939209118818,0.0021041660353794864,0.0,4.676702102576121,145,0.35501076352206684,-0.22886483346525374,12909.436128081097
1217,77.2034811608512,77.2034811608512,-0.000594497605936405,0.0,4.676702102576121,145,0.3550325690794334,-0.22408239342749442,12908.737754875521
1218,77.72700019641347,77.72700019641347,0.006758141116047346,0.0,4.676702102576121,145,0.3550712371383943,-0.21853090263928926,12910.632048989577
1219,77.09663130004208,77.09663130004208,-0.008143102878994017,0.0,4.676702102576121,145,0.35518867457555153,-0.24929359611305102,12907.704288762869
1220,76.33516934202342,76.33516934202342,-0.009925819895812442,0.0,4.676702102576121,145,0.3551730184302223,-0.18896436929269142,12906.374945711494
1221,76.50715671041473,76.50715671041473,0.0022505211144598853,0.0,4.676702102576121,145,0.3551631125933731,-0.1997754074569961,12906.602041989545
1222,77.7006263266649,77.7006263266649,0.015479029946428103,0.0,4.676702102576121,145,0.35522731840516125,-0.12391211352355508,12910.734043428578
1223,77.24650328396305,77.24650328396305,-0.005861668352501787,0.0,4.676702102576121,145,0.35524013072347793,-0.163964547388758,12908.918429240008
1224,76.55689415866112,76.55689415866112,-0.008967470914637794,0.0,4.676702102576121,145,0.35518719857790204,-0.1394577273309195,12906.22300743089
1225,76.7836492428218,76.7836492428218,0.0029575380967981116,0.0,4.676702102576121,145,0.355173136323985,-0.14134627225055288,12906.848716616356
1226,76.89647307121837,76.89647307121837,0.001468294623499255,0.0,4.676702102576121,145,0.3551742022618687,-0.15210972010183507,12907.1012809012
1227,76.8272267609396,76.8272267609396,-0.0009009191821177701,0.0,4.676702102576121,145,0.35517473985745596,-0.15624085154244916,12906.887355718638
1228,77.34660406218156,77.34660406218156,0.00673758008383099,0.0,4.676702102576121,145,0.35517957776308345,-0.15527996946886816,12909.25222694723
1229,76.5703852845985,76.5703852845985,-0.010086285620126971,0.0,4.676702102576121,145,0.3551771907989292,-0.18625513201805474,12907.581292369861
1230,76.68567257520978,76.68567257520978,0.0015045057789907,0.0,4.676702102576121,145,0.3551736394577323,-0.1992397316507,12907.867453391022
1231,77.11132826475131,77.11132826475131,0.005535306593023307,0.0,4.676702102576121,145,0.3551753913567544,-0.18121044316962964,12908.67286152889
1232,77.43610081444679,77.43610081444679,0.004202891367440415,0.0,4.676702102576121,145,0.3551864655415994,-0.16779787274316946,12910.035751419284
1233,77.19697266530396,77.19697266530396,-0.0030928485657159715,0.0,4.676702102576121,145,0.35518062981216886,-0.17468851986815537,12909.419333140379
1234,77.37835746163525,77.37835746163525,0.0023468800543478847,0.0,4.676702102576121,145,0.35518763789793184,-0.1926123598244254,12909.937720956084
1235,77.64888574581015,77.64888574581015,0.0034900776557515423,0.0,4.676702102576121,145,0.355193517194605,-0.16650081392603527,12910.370693109386
1236,77.80821673160723,77.80821673160723,0.0020498393325003045,0.0,4.676702102576121,145,0.3551998911124357,-0.1573863262091537,12910.795995723563
1237,78.26736290727133,78.26736290727133,0.005883655870613088,0.0,4.676702102576121,145,0.3552280629910302,-0.15356733634813446,12911.420594236613
1238,79.12001002965407,79.12001002965407,0.010835119084493819,0.0,4.676702102576121,145,0.3553148934444143,-0.12690364411671232,12915.414410457484
1239,78.66595013929444,78.66595013929444,-0.005755406162321333,0.0,4.676702102576121,145,0.35528017829123215,-0.17427530160866067,12914.641241176934
1240,78.66822716462433,78.66822716462433,2.89450819785702e-05,0.0,4.676702102576121,145,0.35527035981725114,-0.17468329954616485,12914.432571721962
1241,78.65515800795737,78.65515800795737,-0.00016614385309193216,0.0,4.676702102576121,145,0.355275031704724,-0.17741211640429122,12913.328018717415
1242,78.62585901269146,78.62585901269146,-0.0003725687455462612,0.0,4.676702102576121,145,0.35536394803238625,-0.176853634001233,12908.91110231957
1243,78.33026223438311,78.33026223438311,-0.0037666212115801154,0.0,4.676702102576121,145,0.3553759477601169,-0.1814823364050786,12905.06355889257
1244,77.56093115354464,77.56093115354464,-0.009870183296797964,0.0,4.676702102576121,145,0.3554211802844737,-0.16655073506920018,12898.41136162713
1245,78.04450467776456,78.04450467776456,0.006215400874499224,0.0,4.676702102576121,145,0.35541263990662614,-0.1975669384858886,12901.685224099687
1246,77.59020240139824,77.59020240139824,-0.0058380752626237,0.0,4.676702102576121,145,0.35542752861742666,-0.19604282566267933,12897.487737423478
1247,77.99395826556673,77.99395826556673,0.0051902040517390014,0.0,4.676702102576121,145,0.35542031311448347,-0.22430056773595364,12899.889466916879
1248,78.53514405397671,78.53514405397671,0.0069148540021984626,0.0,4.676702102576121,145,0.3553777451540956,-0.19152769154934865,12903.518212186193
1249,78.2891470291094,78.2891470291094,-0.0031372337146459805,0.0,4.676702102576121,145,0.35535091424239196,-0.2019012518745013,12901.39716373861
1250,79.1029433534181,79.1029433534181,0.010341098774224306,0.0,4.676702102576121,145,0.35536882361567523,-0.20957469636848355,12906.956174248924
1251,79.44686497583193,79.44686497583193,0.004338348503323782,0.0,4.676702102576121,145,0.3554517583201105,-0.18788318698456966,12909.326477115597
1252,79.83198847362502,79.83198847362502,0.004835849078213389,0.0,4.676702102576121,145,0.3555014977169039,-0.1699020335785492,12911.846344488737
1253,79.96034081590075,79.96034081590075,0.0016064897539303572,0.0,4.676702102576121,145,0.3555279180922876,-0.16195827037304686,12912.575489808363
1254,79.6080041685864,79.6080041685864,-0.004416129276267094,0.0,4.676702102576121,145,0.35549004060015277,-0.16386255533116528,12909.883188454063
1255,79.99627975597453,79.99627975597453,0.004865487865489988,0.0,4.676702102576121,145,0.35558678372961056,-0.17316739340914292,12912.587361933192
1256,79.5643736278689,79.5643736278689,-0.005413705369233408,0.0,4.676702102576121,145,0.3555402555581235,-0.18277580608217803,12909.337854169436
1257,79.88198474100535,79.88198474100535,0.0039839295982804996,0.0,4.676702102576121,145,0.35561834517445245,-0.19283598390178813,12911.50735359232
1258,79.97926402983545,79.97926402983545,0.0012170466774855159,0.0,4.676702102576121,145,0.3556339558968002,-0.2090472424609901,12911.991386129488
1259,80.18483959617657,80.18483959617657,0.002567063088158422,0.0,4.676702102576121,145,0.35568206661519386,-0.18939711544907287,12913.307465216327
1260,79.72357047114109,79.72357047114109,-0.005769182549271982,0.0,4.676702102576121,145,0.35563197717477296,-0.1926045653968629,12909.858397554171
1261,79.96626070061767,79.96626070061767,0.0030395224860703504,0.0,4.676702102576121,145,0.3556897859491331,-0.19537698160422648,12911.458537197863
1262,79.44238407821125,79.44238407821125,-0.006572774132132217,0.0,4.676702102576121,145,0.35563363448714336,-0.19081699488978407,12907.573281448404
1263,79.2547314223964,79.2547314223964,-0.0023649168755466923,0.0,4.676702102576121,145,0.35557404083190575,-0.18746075169364618,12905.898602217296
1264,79.45320055591641,79.45320055591641,0.002501062606049743,0.0,4.676702102576121,145,0.35560075091904386,-0.18498020157639458,12907.095844016312
1265,79.8327024179637,79.8327024179637,0.004765049172999795,0.0,4.676702102576121,145,0.35569575785342644,-0.1909956137830735,12909.737937441281
1266,80.14186379735936,80.14186379735936,0.003865136460089654,0.0,4.676702102576121,145,0.3557364368187476,-0.16891724447151676,12911.710740234905
1267,79.84855731903698,79.84855731903698,-0.003666554595799458,0.0,4.676702102576121,145,0.3556506638723267,-0.17691034172225373,12909.289866637693
1268,80.22747341828475,80.22747341828475,0.004734210427567205,0.0,4.676702102576121,145,0.3557097759553159,-0.18313590041482045,12911.350661755529
1269,80.35290216129772,80.35290216129772,0.001562192989881587,0.0,4.676702102576121,145,0.3557205304803042,-0.14549388250783254,12912.320927550525
1270,80.93999305130225,80.93999305130225,0.007279843070869278,0.0,4.676702102576121,145,0.3557740778438308,-0.13617572511110182,12916.11723002743
1271,80.64889178949734,80.64889178949734,-0.0036029901066955044,0.0,4.676702102576121,145,0.3557224525191806,-0.1518653771628228,12913.207492918102
1272,81.20906468108484,81.20906468108484,0.00692181144949262,0.0,4.676702102576121,145,0.3558343414278572,-0.1572658457689705,12916.034832677768
1273,80.73011175056733,80.73011175056733,-0.005915237283759293,0.0,4.676702102576121,145,0.3557171955490204,-0.18763189329800933,12911.866489891125
1274,80.29795673362442,80.29795673362442,-0.005367462437202587,0.0,4.676702102576121,145,0.35567568401934757,-0.16182639976467944,12910.365478276553
1275,80.029491749094,80.029491749094,-0.0033489616155697706,0.0,4.676702102576121,145,0.35565803808960117,-0.1466860441889954,12908.200735276407
1276,80.16533340720007,80.16533340720007,0.001695956040193742,0.0,4.676702102576121,145,0.3556626124393702,-0.14809189429220784,12908.575836955442
1277,79.89470732889848,79.89470732889848,-0.0033815602562629666,0.0,4.676702102576121,145,0.35565540804095586,-0.1454022964180636,12906.588171840584
1278,80.36236183430621,80.36236183430621,0.005836320797717874,0.0,4.676702102576121,145,0.355670146985647,-0.12840829755477864,12908.052368138207
1279,80.68477871756188,80.68477871756188,0.004004011656495204,0.0,4.676702102576121,145,0.35570136649805645,-0.176022270529051,12909.744314767326
1280,80.1947986263545,80.1947986263545,-0.006091284105836696,0.0,4.676702102576121,145,0.35566295254904096,-0.18688924211481606,12908.066153574044
1281,80.00897849379056,80.00897849379056,-0.0023197981874870637,0.0,4.676702102576121,145,0.3556590585854978,-0.1863401935273908,12906.607854775142
1282,80.20088016784253,80.20088016784253,0.0023956299248089454,0.0,4.676702102576121,145,0.3556682306516226,-0.15336567199164503,12907.167358116982
1283,81.02055336887952,81.02055336887952,0.010168378305729435,0.0,4.676702102576121,145,0.3557527696289318,-0.178710478446851,12911.940028248218
1284,80.58008824432713,80.58008824432713,-0.00545129290224477,0.0,4.676702102576121,145,0.35568833564054353,-0.21053580909223063,12910.424007254682
1285,80.6490117986229,80.6490117986229,0.0008549766571408149,0.0,4.676702102576121,145,0.3556977364799439,-0.21209628429561167,12910.545005146358
1286,80.71755128622954,80.71755128622954,0.0008494881519200926,0.0,4.676702102576121,145,0.3557056781958116,-0.21140518685649196,12910.733618939987
1287,80.09715553113853,80.09715553113853,-0.0077156977138341755,0.0,4.676702102576121,145,0.35562731297063377,-0.19621815156047948,12907.61254380924
1288,79.90567318043546,79.90567318043546,-0.002393488210907544,0.0,4.676702102576121,145,0.35562483873196077,-0.14033175094254435,12906.913873791527
1289,80.22259618398124,80.22259618398124,0.003958369357485488,0.0,4.676702102576121,145,0.355618004033579,-0.15200775537932998,12908.578032434798
1290,79.92979405004763,79.92979405004763,-0.0036565481132618044,0.0,4.676702102576121,145,0.355608860879814,-0.1624433860242074,12907.546746017268
1291,80.50033527353366,80.50033527353366,0.007112674298808229,0.0,4.676702102576121,145,0.3556296248522991,-0.19080266097005188,12910.777436373606
1292,80.58306901086934,80.58306901086934,0.0010272162421458564,0.0,4.676702102576121,145,0.3556413007944826,-0.1819522209428794,12910.96702923073
1293,80.33165691124596,80.33165691124596,-0.0031247892665477017,0.0,4.676702102576121,145,0.35562127907049973,-0.17854115471015924,12909.061471540439
1294,80.18670942320556,80.18670942320556,-0.001805993055464461,0.0,4.676702102576121,145,0.3556090173568008,-0.175260332474848,12908.173922837015
1295,80.32614050257676,80.32614050257676,0.0017373202769231458,0.0,4.676702102576121,145,0.35561541201214114,-0.18097431489092589,12908.360811711109
1296,80.02937976582118,80.02937976582118,-0.003701289173572675,0.0,4.676702102576121,145,0.3556048498530469,-0.18827545373524754,12905.41561195096
1297,79.384584017893,79.384584017893,-0.00808962087149337,0.0,4.676702102576121,145,0.355646442047403,-0.1991680721889896,12902.130283829132
1298,79.829002987962,79.829002987962,0.0055826909332606965,0.0,4.676702102576121,145,0.3556334477787596,-0.1979048841282174,12904.638545679574
1299,80.43919811613897,80.43919811613897,0.0076147117447489115,0.0,4.676702102576121,145,0.35558673583058054,-0.1689061646817404,12908.068873134569
1300,80.83874093729553,80.83874093729553,0.004954721530728582,0.0,4.676702102576121,145,0.3556509153229524,-0.14413732749977806,12910.844352687618
1301,81.05602894609403,81.05602894609403,0.002684313266303499,0.0,4.676702102576121,145,0.3556733485503963,-0.1372842741699369,12912.164782679814
1302,81.11540428111343,81.11540428111343,0.0007322539671863729,0.0,4.676702102576121,145,0.35568122834280763,-0.1396055378742895,12912.369659457832
1303,81.66079951752083,81.66079951752083,0.006701191754528479,0.0,4.676702102576121,145,0.3557586960159789,-0.16864017828398836,12915.991939975484
1304,81.51160158429917,81.51160158429917,-0.0018287158096980847,0.0,4.676702102576121,145,0.35571384915190984,-0.1509102170084932,12914.750201930345
1305,81.12005512606476,81.12005512606476,-0.004815141438926371,0.0,4.676702102576121,145,0.35566987120829285,-0.1139385099285886,12911.83032151715
1306,81.16874997621518,81.16874997621518,0.0006001011786496556,0.0,4.676702102576121,145,0.3556786983067587,-0.09560153560040137,12911.98289975076
1307,81.37828656299959,81.37828656299959,0.002578167000893793,0.0,4.676702102576121,145,0.35571131579855636,-0.1179730916991567,12913.260106552665
1308,82.13051969585278,82.13051969585278,0.009201197870499982,0.0,4.676702102576121,145,0.35591089881921667,-0.08576884115962082,12918.364992318988
1309,81.45426187798411,81.45426187798411,-0.008268026692805326,0.0,4.676702102576121,145,0.35580169974846854,-0.1094867024237765,12913.618253124387
1310,81.57832413681331,81.57832413681331,0.0015219323425911253,0.0,4.676702102576121,145,0.3558216974257563,-0.15124884778962572,12914.50913420172
1311,81.76516461527153,81.76516461527153,0.002287701350970907,0.0,4.676702102576121,145,0.35584923747532426,-0.1639549928901962,12915.77431711037
1312,81.18371791566358,81.18371791566358,-0.0071365836742356805,0.0,4.676702102576121,145,0.35573820830521863,-0.17413592685203133,12910.708837652615
1313,81.33746984483989,81.33746984483989,0.0018920852987123825,0.0,4.676702102576121,145,0.35575702950891785,-0.17825986329927462,12911.743857461226
1314,80.66569272294593,80.66569272294593,-0.008293430346660486,0.0,4.676702102576121,145,0.3557387752699892,-0.1662747330954289,12905.92066762687
1315,81.32493830449764,81.32493830449764,0.008139349996939651,0.0,4.676702102576121,145,0.355797226444945,-0.1900739844336156,12910.47706214969
1316,81.55744466291048,81.55744466291048,0.002854900721569082,0.0,4.676702102576121,145,0.35582506398981845,-0.1647679816159062,12912.281076469018
1317,81.81261828045804,81.81261828045804,0.003123874967806055,0.0,4.676702102576121,145,0.35587336545196896,-0.16279675435663804,12913.87415672804
1318,82.18714424645333,82.18714424645333,0.00456740438293618,0.0,4.676702102576121,145,0.3559442158040786,-0.15411825230240006,12916.31362301739
1319,82.83081533264951,82.83081533264951,0.007801264205483833,0.0,4.676702102576121,145,0.3560763978219584,-0.12001416016156279,12920.606220016027
1320,82.23411321180782,82.23411321180782,-0.00722993945881571,0.0,4.676702102576121,145,0.355959505182326,-0.14535556725145532,12916.379576840081
1321,82.07239017093899,82.07239017093899,-0.0019685537670766132,0.0,4.676702102576121,145,0.35593663773192624,-0.12045139534216986,12914.264133671828
1322,81.56618314138872,81.56618314138872,-0.006186910995533348,0.0,4.676702102576121,145,0.3559140459126012,-0.12338996859814136,12911.267950735331
1323,81.75197098813673,81.75197098813673,0.0022751656468394527,0.0,4.676702102576121,145,0.3559302963750066,-0.1281093113526466,12912.459288920467
1324,81.37885183305158,81.37885183305158,-0.004574485670914739,0.0,4.676702102576121,145,0.35589817711936667,-0.13829484904735523,12910.707514607682
1325,81.51658364030477,81.51658364030477,0.001691046034222633,0.0,4.676702102576121,145,0.3559213379031856,-0.1545951510244741,12911.364902533416
1326,81.0479258136156,81.0479258136156,-0.00576582338456583,0.0,4.676702102576121,145,0.3558357277291678,-0.14828524804102922,12909.366113228542
1327,80.75500894041991,80.75500894041991,-0.0036206660112018236,0.0,4.676702102576121,145,0.3558305305321765,-0.1218646471621252,12907.02306951634
1328,80.92265598615454,80.92265598615454,0.002073843729693226,0.0,4.676702102576121,145,0.35586433458531075,-0.13237853328251636,12907.64408345998
1329,80.64535805743546,80.64535805743546,-0.0034325878502139548,0.0,4.676702102576121,145,0.35585361218811856,-0.14320297836480475,12905.562077744173
1330,80.55152265477733,80.55152265477733,-0.0011642336110049153,0.0,4.676702102576121,145,0.35584377582172083,-0.1276021414290774,12905.008850110527
1331,80.47633945159554,80.47633945159554,-0.0009337913037090755,0.0,4.676702102576121,145,0.3558457260275266,-0.11087232413530602,12904.334840437776
1332,80.37756935772573,80.37756935772573,-0.001228072193139186,0.0,4.676702102576121,145,0.35583529147701165,-0.0848287694629274,12903.754434981287
1333,80.40401123238487,80.40401123238487,0.0003289167179533678,0.0,4.676702102576121,145,0.3558432632116548,-0.10995312323935034,12903.788275401017
1334,80.27068346964624,80.27068346964624,-0.0016595991495437707,0.0,4.676702102576121,145,0.3558291447844498,-0.12589857918251152,12903.016971279334
1335,80.32859238644599,80.32859238644599,0.0007211604037538925,0.0,4.676702102576121,145,0.3558386478536834,-0.12364749828846247,12903.27005467119
1336,80.41881474856409,80.41881474856409,0.0011225359487923464,0.0,4.676702102576121,145,0.35585084748867435,-0.11901991337165863,12903.733970628477
1337,80.13122001574348,80.13122001574348,-0.003582621963970223,0.0,4.676702102576121,145,0.35584218587048755,-0.10689391180956975,12901.583174081803
1338,80.93751327819334,80.93751327819334,0.010011874819240261,0.0,4.676702102576121,145,0.35593931145155877,-0.1437115112029072,12906.003801501189
1339,80.43080228520007,80.43080228520007,-0.006280200132867055,0.0,4.676702102576121,145,0.3559154034001122,-0.16860231522283708,12902.337692930685
1340,80.66539748888749,80.66539748888749,0.0029124879400948107,0.0,4.676702102576121,145,0.35594517042148893,-0.1961489535315553,12903.599766526724
1341,81.08947534714125,81.08947534714125,0.005243475172675361,0.0,4.676702102576121,145,0.3559774325028076,-0.17922818250490624,12906.392546313993
1342,80.72146620803194,80.72146620803194,-0.004548638924967269,0.0,4.676702102576121,145,0.3559339882780913,-0.2099565605576268,12904.324903601455
1343,81.04407324445253,81.04407324445253,0.003988580821387219,0.0,4.676702102576121,145,0.3559600523518029,-0.19567050902596186,12906.41484394865
1344,81.6476185260488,81.6476185260488,0.007419531308103571,0.0,4.676702102576121,145,0.35603966532944,-0.16814547200137123,12909.715284228376
1345,81.8950042440212,81.8950042440212,0.0030253386238876913,0.0,4.676702102576121,145,0.35606488404073733,-0.15276292683144313,12911.279800574808
1346,81.57673224025696,81.57673224025696,-0.003893913562805342,0.0,4.676702102576121,145,0.35602276629095325,-0.15540248926923425,12909.486841332431
1347,81.65181145671205,81.65181145671205,0.0009199276064023644,0.0,4.676702102576121,145,0.356041415515993,-0.1815406953555102,12909.70848088852
1348,81.84561054400847,81.84561054400847,0.0023706695272457646,0.0,4.676702102576121,145,0.35606754362472626,-0.17357214289668704,12910.102664230038
1349,82.49910873601398,82.49910873601398,0.007952815754551163,0.0,4.676702102576121,145,0.356109223324666,-0.1465120487207328,12914.097990831475
1350,82.36162659102524,82.36162659102524,-0.0016678583482732583,0.0,4.676702102576121,145,0.3560769320793471,-0.13936000383726113,12913.34561255506
1351,82.38829649702605,82.38829649702605,0.0003237622905537844,0.0,4.676702102576121,145,0.3560871561231444,-0.14710145567119964,12913.290056979504
1352,82.55665820532748,82.55665820532748,0.002041429725146245,0.0,4.676702102576121,145,0.35613427612180193,-0.14524128780774828,12914.144167676131
1353,82.28921914175399,82.28921914175399,-0.0032447192797924046,0.0,4.676702102576121,145,0.3561141127064945,-0.1556382709240035,12911.486200682908
1354,82.09126865977154,82.09126865977154,-0.0024084437309545674,0.0,4.676702102576121,145,0.35607154669000296,-0.14523672755945893,12910.222291936154
1355,82.35569196595944,82.35569196595944,0.0032159126939483884,0.0,4.676702102576121,145,0.35611416865997064,-0.14643114904950943,12912.257672953881
1356,81.85626827069285,81.85626827069285,-0.0060826901329107666,0.0,4.676702102576121,145,0.3560053915653619,-0.18286449359684204,12909.20785092857
1357,81.22407710791389,81.22407710791389,-0.007753163977433764,0.0,4.676702102576121,145,0.3559251428409779,-0.1115676051474725,12904.361181192666
1358,81.1438355934284,81.1438355934284,-0.00098839135988055,0.0,4.676702102576121,145,0.3559128559632116,-0.13495354064364282,12903.808215925612
1359,81.36104604130367,81.36104604130367,0.002673280642978697,0.0,4.676702102576121,145,0.3559406047783239,-0.17047467603554198,12905.433158295948
1360,81.51602250534643,81.51602250534643,0.001902987476314864,0.0,4.676702102576121,145,0.35597398420248966,-0.1796256030338026,12906.300382983705
1361,81.90140531306871,81.90140531306871,0.004716553519393165,0.0,4.676702102576121,145,0.35602052073218143,-0.1722791414422641,12909.357472408026
1362,81.96596303235468,81.96596303235468,0.0007879265198159475,0.0,4.676702102576121,145,0.3560384740945181,-0.1729451363480662,12909.635412613163
1363,81.58148353271902,81.58148353271902,-0.0047017573921519975,0.0,4.676702102576121,145,0.35602169406786405,-0.16846698059614398,12905.89169047251
1364,81.66116284575492,81.66116284575492,0.0009762071509045663,0.0,4.676702102576121,145,0.3560427568471214,-0.17984273742155873,12906.254124374756
1365,81.74828956950678,81.74828956950678,0.0010663609812072534,0.0,4.676702102576121,145,0.35606495638900165,-0.18052077208411932,12906.675424986468
1366,81.65073254732388,81.65073254732388,-0.0011940956868771405,0.0,4.676702102576121,145,0.3560461209985569,-0.1823456473118177,12906.065302394403
1367,82.5267253958719,82.5267253958719,0.010671393899992767,0.0,4.676702102576121,145,0.35616276854819773,-0.19418901190593338,12913.061632772495
1368,82.14150193073911,82.14150193073911,-0.004678791702971631,0.0,4.676702102576121,145,0.35607430672324625,-0.1836758681725133,12910.669691028907
1369,82.61481484137987,82.61481484137987,0.005745627506201202,0.0,4.676702102576121,145,0.3561430368724848,-0.2025469815064063,12914.54706664332
1370,82.94552138287622,82.94552138287622,0.003995002533568601,0.0,4.676702102576121,145,0.35622673591948056,-0.18575894998424308,12916.472160386718
1371,82.70019194760815,82.70019194760815,-0.0029621003732958322,0.0,4.676702102576121,145,0.35620900777208275,-0.1821772743926691,12914.0116690215
1372,82.69223400536652,82.69223400536652,-9.623103599716173e-05,0.0,4.676702102576121,145,0.35621005946440143,-0.17982667873239871,12913.894806209119
1373,83.44684943095375,83.44684943095375,0.009084203420215944,0.0,4.676702102576121,145,0.3563180561026989,-0.16196843414965606,12920.23927735354
1374,83.71326390181572,83.71326390181572,0.003187539074047258,0.0,4.676702102576121,145,0.3563877131232313,-0.09509169619633523,12921.776463799315
1375,83.85776536565149,83.85776536565149,0.0017246596895078906,0.0,4.676702102576121,145,0.3564214291170384,-0.11307129567035827,12922.693992074519
1376,83.32305896374496,83.32305896374496,-0.006396765027768065,0.0,4.676702102576121,145,0.35628278573887173,-0.12217417279294138,12919.642810964417
1377,83.86664322462035,83.86664322462035,0.006502627484541829,0.0,4.676702102576121,145,0.35636228628701605,-0.16298740331147593,12924.116665750513
1378,83.60419835092797,83.60419835092797,-0.003134218304074617,0.0,4.676702102576121,145,0.35630518152790613,-0.20867170668194826,12922.11362021744
1379,83.28964836076288,83.28964836076288,-0.003769466266285244,0.0,4.676702102576121,145,0.35629371719948133,-0.15545422534678005,12918.97040678899
1380,83.02108091933822,83.02108091933822,-0.0032297095447772215,0.0,4.676702102576121,145,0.3562454005895241,-0.1640393997998584,12917.151784229432
1381,82.429440567217,82.429440567217,-0.007151900987132917,0.0,4.676702102576121,145,0.3562135592782079,-0.14685684892238787,12912.506499187299
1382,81.83295957174069,81.83295957174069,-0.007262570335613522,0.0,4.676702102576121,145,0.3561715158390731,-0.08816727150567204,12909.681250630301
1383,82.08324549958886,82.08324549958886,0.003053830123148284,0.0,4.676702102576121,145,0.3561938339742997,-0.09778123032887023,12910.765879822227
1384,81.82211818716321,81.82211818716321,-0.0031863207826718556,0.0,4.676702102576121,145,0.35619494253575035,-0.10062680390085307,12909.095515280827
1385,82.0540364461539,82.0540364461539,0.002830410737165664,0.0,4.676702102576121,145,0.3562157478420617,-0.099937231862876,12910.098232069497
1386,82.04978835521668,82.04978835521668,-5.177321056730123e-05,0.0,4.676702102576121,145,0.3562223991213816,-0.12345925272920936,12909.92794724345
1387,82.53613480518652,82.53613480518652,0.005909957014621374,0.0,4.676702102576121,145,0.356266026414338,-0.11707323156343734,12912.067599490485
1388,82.11136315894333,82.11136315894333,-0.005159781884313405,0.0,4.676702102576121,145,0.3562689404771205,-0.13465741413759927,12909.299179060925
1389,81.70466648368833,81.70466648368833,-0.004965295663747461,0.0,4.676702102576121,145,0.3562136950298268,-0.11380381363309133,12907.98817744107
1390,81.76294218306403,81.76294218306403,0.0007129938746856977,0.0,4.676702102576121,145,0.35622150406917735,-0.11751984872936681,12908.183621903589
1391,81.53116562913932,81.53116562913932,-0.002838763904946356,0.0,4.676702102576121,145,0.3562040099598073,-0.11930707956804744,12907.113585197365
1392,81.27406077203013,81.27406077203013,-0.0031584375578905615,0.0,4.676702102576121,145,0.3562058906202261,-0.10970930668493432,12905.470095546323
1393,81.31592013517256,81.31592013517256,0.0005149070543426576,0.0,4.676702102576121,145,0.3562172375838388,-0.11039755909013327,12905.47444862235
1394,82.56093497237099,82.56093497237099,0.015194809426949184,0.0,4.676702102576121,145,0.35632625848844385,-0.08980450688580663,12910.789236832956
1395,82.72534991375257,82.72534991375257,0.001989457210240549,0.0,4.676702102576121,145,0.35634859747860015,-0.07411039761364421,12911.337405619917
1396,82.88262335563941,82.88262335563941,0.0018993468256697193,0.0,4.676702102576121,145,0.3563701088505472,-0.0707848408443732,12911.850534785073
1397,83.36325972115536,83.36325972115536,0.005782250913765396,0.0,4.676702102576121,145,0.3564205906571681,-0.03767194339717026,12913.802763145943
1398,83.25175783643687,83.25175783643687,-0.0013384375910228028,0.0,4.676702102576121,145,0.35641923856116375,-9.396068347292228e-05,12913.13232818595
1399,83.63634396946767,83.63634396946767,0.004608918306992388,0.0,4.676702102576121,145,0.35645508636776424,0.006081895244942156,12914.80806849418
1400,83.61697668083453,83.61697668083453,-0.00023159227744366277,0.0,4.534573609459303,124,0.4115539523712632,-0.0046773406284444045,11821.741054745155
1401,83.49267943531052,83.49267943531052,-0.0014876132395368552,0.0,4.534573609459303,124,0.41153632044481187,0.014970871135226358,11821.376872064155
1402,83.52760189513988,83.52760189513988,0.0004181822717587903,0.0,4.534573609459303,124,0.4115412744072294,0.029080125161777444,11821.479192553994
1403,83.55167673705672,83.55167673705672,0.00028818465438139047,0.0,4.534573609459303,124,0.41154468951941514,0.010373501215043835,11821.549730243201
1404,84.18232965109856,84.18232965109856,0.007519714092162281,0.0,4.534573609459303,124,0.4116346105091924,-0.004577303650887485,11823.397501431115
1405,83.65851504119048,83.65851504119048,-0.006241821667824415,0.0,4.534573609459303,124,0.4115598444665335,-0.032026226475689853,11821.862759384505
1406,82.99846833907438,82.99846833907438,-0.00792106205028266,0.0,4.534573609459303,124,0.41146622560104074,0.011411092692257057,11819.92886634811
1407,83.611636888707,83.611636888707,0.007360553756723643,0.0,4.534573609459303,124,0.41155319492852294,-0.03108709206353474,11821.725409508572
1408,83.96602743816412,83.96602743816412,0.004229574140408153,0.0,4.534573609459303,124,0.4116037172278587,-0.022315920448824335,11822.763750301066
1409,84.57241758161987,84.57241758161987,0.007195898360210312,0.0,4.534573609459303,124,0.4116903162983065,0.007035991429804323,11824.540433181244
1410,84.95043009821407,84.95043009821407,0.004459730924747733,0.0,4.534573609459303,124,0.4117442874072126,0.026075965101932594,11825.647984769896
1411,84.98027653851706,84.98027653851706,0.00035127777905038284,0.0,4.534573609459303,124,0.4117485483314734,0.02582505905066643,11825.735432859368
1412,85.41693968733198,85.41693968733198,0.005125249277522419,0.0,4.534573609459303,124,0.41181087983762443,0.028875609900603887,11827.014826908362
1413,85.57311136019122,85.57311136019122,0.0018266760589628205,0.0,4.534573609459303,124,0.41183316929811753,0.024790339851882365,11827.472399546263
1414,85.6652907982355,85.6652907982355,0.0010766211992900266,0.0,4.534573609459303,124,0.4118463247155019,0.030846874649898274,11827.742479182689
1415,85.07012356032129,85.07012356032129,-0.006971835935711261,0.0,4.534573609459303,124,0.41176137465174584,0.03996604629908812,11825.998678670992
1416,85.56928744163424,85.56928744163424,0.005850527755469957,0.0,4.534573609459303,124,0.41183262355340367,-0.027284496968974795,11827.461195718646
1417,85.73138701495017,85.73138701495017,0.0018925742378384958,0.0,4.534573609459303,124,0.4118557572879441,-0.03634064554543089,11827.936136711509
1418,86.13502166083906,86.13502166083906,0.004697082939018215,0.0,4.534573609459303,124,0.4119133531725215,-0.030933819043901883,11829.118759438703
1419,86.58613442566916,86.58613442566916,0.005223607817468458,0.0,4.534573609459303,124,0.41197771023128926,-0.020408680059639365,11830.44048990374
1420,86.12924710929671,86.12924710929671,-0.005290650757780243,0.0,4.534573609459303,124,0.41191252926497945,-0.04092713708248667,11829.101840385883
1421,86.0512809190887,86.0512809190887,-0.0009056331331956577,0.0,4.534573609459303,124,0.41190140489210897,-0.03321354011723819,11828.873404622422
1422,86.12699928450833,86.12699928450833,0.0008795345174929459,0.0,4.534573609459303,124,0.41191220854683186,-0.03342637047113545,11829.09525440842
1423,85.9035463995636,85.9035463995636,-0.0025978294694647595,0.0,4.534573609459303,124,0.4118803246551927,-0.03354970872008774,11828.4405522839
1424,86.38120091035994,86.38120091035994,0.005544956731295805,0.0,4.534573609459303,124,0.4119484756026957,-0.04440349249253076,11829.840048303304
1425,86.06474307423301,86.06474307423301,-0.0036702306131906333,0.0,4.534573609459303,124,0.4119033257301771,-0.0581382063932054,11828.912847843645
1426,85.30294062103545,85.30294062103545,-0.00889091169385282,0.0,4.534573609459303,124,0.4117826856374518,-0.013581136445584195,11826.429316313484
1427,85.18841440971252,85.18841440971252,-0.0013434842901969603,0.0,4.534573609459303,124,0.4117368149126709,0.036030422030380455,11825.442612325509
1428,84.625274589049,84.625274589049,-0.0066324674805838665,0.0,4.534573609459303,124,0.4116286277816278,0.06315007768063045,11823.167235997595
1429,84.77542293926005,84.77542293926005,0.0017727009595773621,0.0,4.534573609459303,124,0.4116746187737552,0.04479646109596782,11824.151640804299
1430,84.34106193469299,84.34106193469299,-0.00513683760654886,0.0,4.534573609459303,124,0.4115470421459451,0.047417456158171514,11821.41705425498
1431,84.29571227717848,84.29571227717848,-0.0005378383074467624,0.0,4.534573609459303,124,0.4115338530376958,0.049859444263892945,11821.13154850711
1432,83.99195967160708,83.99195967160708,-0.00360992498045751,0.0,4.534573609459303,124,0.4114454957889782,0.05380204584318,11819.219227233372
1433,83.96043404605248,83.96043404605248,-0.0003754114511501881,0.0,4.534573609459303,124,0.4114363238017715,0.03859237168719994,11819.020752806126
1434,83.93155213080087,83.93155213080087,-0.0003440535333961589,0.0,4.534573609459303,124,0.41142877229575686,0.035161692321211684,11818.838922263936
1435,83.49894984917644,83.49894984917644,-0.005167555961181306,0.0,4.534573609459303,124,0.4113225494642988,0.04415960091559107,11816.11540802556
1436,83.62554929167125,83.62554929167125,0.001515031815935549,0.0,4.534573609459303,124,0.4113529380403659,0.07011981185219944,11816.91243429854
1437,83.72229412647431,83.72229412647431,0.001156212635963609,0.0,4.534573609459303,124,0.41137690846212494,0.08892034168325695,11817.521506294383
1438,84.19529809125731,84.19529809125731,0.005633777969409999,0.0,4.534573609459303,124,0.41150464716365914,0.08307925993432802,11820.499375546615
1439,83.66811977806955,83.66811977806955,-0.006281059364234885,0.0,4.534573609459303,124,0.41136348601398004,0.046280024504855376,11817.180443346955
1440,83.2572999899552,83.2572999899552,-0.0049222055949750335,0.0,4.534573609459303,124,0.41128237922572497,0.051748806426544426,11814.594064148641
1441,82.94305392812097,82.94305392812097,-0.0037815375106394185,0.0,4.534573609459303,124,0.41123256525590546,0.027494077639212553,11812.615679706134
1442,82.39452764983297,82.39452764983297,-0.006635252379153144,0.0,4.534573609459303,124,0.41122333840251607,0.06365637486586806,11809.162348106885
1443,82.31410468982456,82.31410468982456,-0.0009765482872059258,0.0,4.534573609459303,124,0.41122377489225476,0.07694319122806657,11808.656032985631
1444,81.89535528547734,81.89535528547734,-0.005100197176451776,0.0,4.534573609459303,124,0.41122732897689807,0.08669255980090795,11806.019731668013
1445,81.57164796961884,81.57164796961884,-0.003960526987658184,0.0,4.534573609459303,124,0.4112306185340589,0.10124380054574536,11803.981782444776
1446,81.87149950320035,81.87149950320035,0.003669188639901578,0.0,4.534573609459303,124,0.41122755138730493,0.08957070381120456,11805.869543919453
1447,81.54327412705763,81.54327412705763,-0.004017088666247096,0.0,4.534573609459303,124,0.41123097534758846,0.10260411377995794,11803.803150552401
1448,81.71951889569826,81.71951889569826,0.0021590324879306503,0.0,4.534573609459303,124,0.4112290197600424,0.07850079348780317,11804.912726616192
1449,81.96107516759265,81.96107516759265,0.0029515587799584797,0.0,4.534573609459303,124,0.4112267162915809,0.08720127405446486,11806.433481299693
1450,81.70011612695913,81.70011612695913,-0.0031890182361322965,0.0,4.534573609459303,124,0.41122921293318754,0.08095311930268828,11804.790573499646
1451,81.11313933640923,81.11313933640923,-0.00721046123659689,0.0,4.534573609459303,124,0.4112366562500783,0.08897525925701429,11801.095170783194
1452,81.21662970182616,81.21662970182616,0.001275063471736572,0.0,4.534573609459303,124,0.4112427906613917,0.08353657402785337,11801.20914605181
1453,81.56613205384895,81.56613205384895,0.004294101971261015,0.0,4.534573609459303,124,0.41128157804808946,0.08135056067320243,11801.84276117655
1454,81.91474282320704,81.91474282320704,0.004264857256570075,0.0,4.534573609459303,124,0.41128752585080663,0.08374013287601141,11803.747682015997
1455,81.964291100053,81.964291100053,0.0006046933176206798,0.0,4.534573609459303,124,0.41129473306826914,0.0830143698462756,11803.989885362702
1456,82.17812205132165,82.17812205132165,0.0026054335150236868,0.0,4.534573609459303,124,0.41132583320310373,0.07408938630146239,11805.03514011874
1457,82.31627087664602,82.31627087664602,0.0016796786242438376,0.0,4.534573609459303,124,0.41134592300258044,0.08671312412030736,11805.710443276934
1458,82.91014540747753,82.91014540747753,0.0071886457582041345,0.0,4.534573609459303,124,0.41143346827153693,0.09984419724642767,11808.613438255717
1459,82.86541825525329,82.86541825525329,-0.000539610933256008,0.0,4.534573609459303,124,0.4114268071166354,0.09911017967732207,11808.39480167243
1460,82.30668315289209,82.30668315289209,-0.0067655158323663474,0.0,4.534573609459303,124,0.4113445288163182,0.09770657166298857,11805.6635762832
1461,81.62543914290103,81.62543914290103,-0.00831134157296045,0.0,4.534573609459303,124,0.41124543826881393,0.1352190636389794,11802.333499242244
1462,82.04255099171897,82.04255099171897,0.005097059620787266,0.0,4.534573609459303,124,0.41130611603134487,0.0980361012688306,11804.372437670896
1463,81.65594776347366,81.65594776347366,-0.004723365821319823,0.0,4.534573609459303,124,0.4112498771051873,0.07424113655029868,11802.482632380195
1464,82.12765512287608,82.12765512287608,0.005760145158990819,0.0,4.534573609459303,124,0.411318493657094,0.09098723851921103,11804.788446192219
1465,82.31064804637731,82.31064804637731,0.002225673647978484,0.0,4.534573609459303,124,0.41134510536744123,0.06952987704722557,11805.682957592351
1466,81.50127131945128,81.50127131945128,-0.009881861056646884,0.0,4.534573609459303,124,0.41122737137651755,0.09447569519899883,11801.726538429331
1467,81.85986687911165,81.85986687911165,0.004390225724198801,0.0,4.534573609459303,124,0.4112795433337236,0.03289474618610315,11803.479435809273
1468,81.88590161495077,81.88590161495077,0.00031798972636582775,0.0,4.534573609459303,124,0.4112833305160536,0.007199169089247018,11803.606699572056
1469,82.32987023305004,82.32987023305004,0.005407150541087787,0.0,4.534573609459303,124,0.41134790051615194,-0.0202841342947396,11805.776920051581
1470,82.23581341879928,82.23581341879928,-0.001143091589999089,0.0,4.534573609459303,124,0.41133422304365325,-0.0279409380948536,11805.31714876099
1471,82.07823614676961,82.07823614676961,-0.0019180017868625767,0.0,4.534573609459303,124,0.41131130622043455,-0.03171407989408921,11804.546874897196
1472,82.01086333030015,82.01086333030015,-0.0008211736242090449,0.0,4.534573609459303,124,0.4113015071248441,-0.045026490978624205,11804.217541110744
1473,81.91888050023435,81.91888050023435,-0.0011222226982110241,0.0,4.534573609459303,124,0.41128812772237183,-0.04925741736460739,11803.767907930749
1474,81.26137056259782,81.26137056259782,-0.008058738624972412,0.0,4.534573609459303,124,0.4111936806610794,-0.034768800313207615,11800.553848481546
1475,80.69802614645961,80.69802614645961,-0.006956640979128709,0.0,4.534573609459303,124,0.41115984779558656,0.03639530471530641,11797.800091708908
1476,80.02690799785162,80.02690799785162,-0.008351187731040075,0.0,4.534573609459303,124,0.41115231216960946,0.056613749208693574,11794.5195122019
1477,78.93033786407601,78.93033786407601,-0.013797263829554653,0.0,4.534573609459303,124,0.4111471159450664,0.10388147477702935,11789.159225766012
1478,78.75168030470617,78.75168030470617,-0.0022660495837750617,0.0,4.534573609459303,124,0.41116064035692185,0.08344283277630007,11788.182009362603
1479,78.73427875392933,78.73427875392933,-0.00022099177541511154,0.0,4.534573609459303,124,0.41117644757293154,0.10554852538986667,11787.7828487931
1480,78.8182666892047,78.8182666892047,0.0010661578712657725,0.0,4.534573609459303,124,0.411187171320765,0.11078610997735858,11787.78172030772
1481,78.3656881895813,78.3656881895813,-0.005758599860303794,0.0,4.534573609459303,124,0.4112506503496514,0.09944892454332395,11785.94903462011
1482,77.91487686444152,77.91487686444152,-0.005769272403162062,0.0,4.534573609459303,124,0.4114008149249669,0.11420141333796642,11782.518399688253
1483,77.3562185136269,77.3562185136269,-0.007195940237756242,0.0,4.534573609459303,124,0.4115609997347449,0.13362006086866823,11778.93956941699
1484,77.15392126258912,77.15392126258912,-0.0026185642822501715,0.0,4.534573609459303,124,0.4116316833353641,0.15360157002866542,11777.342561861953
1485,76.8416270342417,76.8416270342417,-0.004055892003520189,0.0,4.534573609459303,124,0.411722210229798,0.14479909983624428,11775.355244699636
1486,76.4063166596964,76.4063166596964,-0.005681140442974283,0.0,4.534573609459303,124,0.4118484476615659,0.15843622859288525,11772.585101354862
1487,76.69876081212186,76.69876081212186,0.0038201804004133057,0.0,4.534573609459303,124,0.41176363404026944,0.138783351479833,11774.446100471654
1488,76.99086709441846,76.99086709441846,0.003801253708641251,0.0,4.534573609459303,124,0.41167894516648246,0.17609482875919438,11776.304949516352
1489,77.05247874173642,77.05247874173642,0.0007999261541467212,0.0,4.534573609459303,124,0.41166108583226263,0.19651717769739513,11776.697021713017
1490,77.41812028819994,77.41812028819994,0.0047341336365191045,0.0,4.534573609459303,124,0.4115557840615348,0.2069225763345387,11779.023820144059
1491,77.08641493875284,77.08641493875284,-0.004293800937166963,0.0,4.534573609459303,124,0.4116512492734315,0.19365052312029318,11776.912978271392
1492,77.53951002313774,77.53951002313774,0.005860548692991054,0.0,4.534573609459303,124,0.4115212106583761,0.1729345540874989,11779.796296487435
1493,77.1742990523942,77.1742990523942,-0.004721125428625378,0.0,4.534573609459303,124,0.411625777345856,0.15274138431104833,11777.472238070264
1494,77.70465815780202,77.70465815780202,0.006848718353972873,0.0,4.534573609459303,124,0.4114743037491572,0.1288422180464185,11780.847234009014
1495,77.82297095499523,77.82297095499523,0.0015214379681655,0.0,4.534573609459303,124,0.41144070459311277,0.15342045756834286,11781.600129935487
1496,77.4882791384202,77.4882791384202,-0.004309956097433125,0.0,4.534573609459303,124,0.4115357777006907,0.14240350769115526,11779.470283365199
1497,78.00804301535713,78.00804301535713,0.0066852489568131526,0.0,4.534573609459303,124,0.41138815536502144,0.10953731373988936,11782.777855453402
1498,78.31680417010317,78.31680417010317,0.003950255660706567,0.0,4.534573609459303,124,0.4113009771025977,0.16295913761696873,11784.742689530323
1499,77.33708800349032,77.33708800349032,-0.012588559026881163,0.0,4.534573609459303,124,0.41157899390596897,0.10263743987506321,11778.50816267912
1500,76.86638492509462,76.86638492509462,-0.00610497975708506,0.0,4.534573609459303,124,0.41171503237304846,0.13101426267212937,11775.512794141569
1501,76.91972075493007,76.91972075493007,0.0006936365510794276,0.0,4.534573609459303,124,0.41170052513100025,0.11626990500870352,11775.82855321999
1502,76.6910647436966,76.6910647436966,-0.0029770849667020162,0.0,4.534573609459303,124,0.4117808532015862,0.11684582795028062,11774.036966477612
1503,76.19138176658333,76.19138176658333,-0.006536849295943286,0.0,4.534573609459303,124,0.4119267792456311,0.12161690723542044,11770.833640271456
1504,75.99779947276322,75.99779947276322,-0.0025439705588216474,0.0,4.534573609459303,124,0.41201825019947597,0.12013830533589746,11768.814174248486
1505,75.69346468892502,75.69346468892502,-0.004012560563089836,0.0,4.534573609459303,124,0.41204345190864006,0.13107090545112543,11768.240479020516
1506,75.91053708033708,75.91053708033708,0.0028636782304339403,0.0,4.534573609459303,124,0.41198606056616205,0.1331350720210579,11769.499655811162
1507,76.50040888326917,76.50040888326917,0.007740582468797797,0.0,4.534573609459303,124,0.4118826734745835,0.15622522586958842,11771.760581989816
1508,76.5775756796524,76.5775756796524,0.001008202494173841,0.0,4.534573609459303,124,0.41186574489894007,0.16004109572667882,11772.138352035598
1509,76.77831776463228,76.77831776463228,0.002617991328881786,0.0,4.534573609459303,124,0.41182171190775185,0.17043483834496237,11773.121084897235
1510,76.50100880612064,76.50100880612064,-0.00361835176694215,0.0,4.534573609459303,124,0.4118825418614646,0.15638915990608246,11771.763518912088
1511,76.84195728980235,76.84195728980235,0.004446882099777885,0.0,4.534573609459303,124,0.41180775404438275,0.15710898281460464,11773.43263218783
1512,77.0405713045793,77.0405713045793,0.002581373296626487,0.0,4.534573609459303,124,0.4117641973868678,0.1610571129254465,11774.404947081954
1513,76.9210836010693,76.9210836010693,-0.0015521751513108554,0.0,4.534573609459303,124,0.4117904005415419,0.144778486154577,11773.819995038575
1514,77.25502442908764,77.25502442908764,0.004331946817260012,0.0,4.534573609459303,124,0.4117177884459547,0.13751573111494128,11775.454802336553
1515,77.89626937024461,77.89626937024461,0.00826610692990896,0.0,4.534573609459303,124,0.4115806040869614,0.15729208035209136,11778.59401689686
1516,77.44421672383129,77.44421672383129,-0.005820168764269711,0.0,4.534573609459303,124,0.4116770380592697,0.12329422992780932,11776.380993200977
1517,77.7386447854428,77.7386447854428,0.0037945996360253826,0.0,4.534573609459303,124,0.41161405024351594,0.09569646018366985,11777.822365754038
1518,78.00235024937916,78.00235024937916,0.0033864650202737865,0.0,4.534573609459303,124,0.41155811194842845,0.10868328266323843,11779.113335832535
1519,78.60972772582565,78.60972772582565,0.007756496554362418,0.0,4.534573609459303,124,0.41146251969872794,0.1276131935702573,11782.086752221943
1520,78.24236427529728,78.24236427529728,-0.004684210679757457,0.0,4.534573609459303,124,0.41150763705376714,0.08358601833523999,11780.288324478026
1521,77.46722324287715,77.46722324287715,-0.009956322509991636,0.0,4.534573609459303,124,0.41167210216232025,0.128443696162828,11776.493621613203
1522,77.74999145921052,77.74999145921052,0.0036435202073944965,0.0,4.534573609459303,124,0.41161162431155224,0.11898488138279692,11777.8779133946
1523,77.44726081066881,77.44726081066881,-0.003901242168524334,0.0,4.534573609459303,124,0.4116763849650927,0.1263696028982775,11776.395895527856
1524,77.6521834949489,77.6521834949489,0.0026424698610547923,0.0,4.534573609459303,124,0.41163253651888093,0.1097084334345978,11777.39909451305
1525,78.23140903839015,78.23140903839015,0.007431548116258248,0.0,4.534573609459303,124,0.41150973171812594,0.13934114788012825,11780.234693116588
1526,78.18491292438428,78.18491292438428,-0.0005945174364405072,0.0,4.534573609459303,124,0.41151947634044167,0.17607967454678497,11780.007071394033
1527,78.05364090863019,78.05364090863019,-0.0016804052959229004,0.0,4.534573609459303,124,0.41154723759321227,0.17523042553268,11779.364429250969
1528,77.59908937434213,77.59908937434213,-0.00584060203278668,0.0,4.534573609459303,124,0.41164388922326306,0.17077410025119222,11777.139172249686
1529,77.19416308400538,77.19416308400538,-0.005231845801408582,0.0,4.534573609459303,124,0.41173092536974937,0.18670714218471274,11775.156855626366
1530,76.72895869455415,76.72895869455415,-0.006044651388790279,0.0,4.534573609459303,124,0.4118325381910503,0.19653423472715903,11772.87944757345
1531,75.86823640905472,75.86823640905472,-0.011281090888617104,0.0,4.534573609459303,124,0.41202159827216367,0.21377739089869718,11768.665781690732
1532,75.82707465804373,75.82707465804373,-0.0005426898396747974,0.0,4.534573609459303,124,0.41203068256150505,0.20928843100962435,11768.46427434181
1533,76.10246772139983,76.10246772139983,0.003625277357633885,0.0,4.534573609459303,124,0.41196998963418263,0.2089951761375655,11769.81246106237
1534,75.80140086798619,75.80140086798619,-0.003963918107187299,0.0,4.534573609459303,124,0.4120363488564521,0.1829344354866545,11768.338588304552
1535,75.82860572554843,75.82860572554843,0.00035883211331749873,0.0,4.534573609459303,124,0.4120303446533941,0.1583668455873919,11768.471769682663
1536,76.2919007289203,76.2919007289203,0.006091176615393154,0.0,4.534573609459303,124,0.4119466854550968,0.1067055933395409,11770.34018881351
1537,76.8389781432537,76.8389781432537,0.007145256997587658,0.0,4.534573609459303,124,0.4118665861673182,0.13367294522073236,11772.160703121226
1538,76.77813906823584,76.77813906823584,-0.0007920872270369579,0.0,4.534573609459303,124,0.411886809447989,0.13252071890002629,11771.70627777791
1539,77.08102953081315,77.08102953081315,0.003937248025154252,0.0,4.534573609459303,124,0.4117996428925916,0.12983599699957052,11773.625319627763
1540,76.80747391238687,76.80747391238687,-0.003555248123751379,0.0,4.534573609459303,124,0.4118783661521278,0.1255943348846318,11771.892136365552
1541,76.91062120527833,76.91062120527833,0.0013420320918449335,0.0,4.534573609459303,124,0.4118486799192022,0.1052700764252377,11772.545653052983
1542,76.59516383362039,76.59516383362039,-0.004110044655958507,0.0,4.534573609459303,124,0.4119394802781802,0.07795251256877839,11770.54699025949
1543,76.63443630551093,76.63443630551093,0.0005125964267322826,0.0,4.534573609459303,124,0.41192817452032043,0.06693799137222793,11770.795811290249
1544,76.45106296195793,76.45106296195793,-0.002395699555274726,0.0,4.534573609459303,124,0.41198096812713175,0.059613167449958135,11769.634001448394
1545,76.35767030340627,76.35767030340627,-0.0012223472858439606,0.0,4.534573609459303,124,0.41200803906595757,0.04704974476120562,11769.042287801472
1546,75.98137565574815,75.98137565574815,-0.004940235914003687,0.0,4.534573609459303,124,0.4121175089806477,0.06563059481723664,11766.658174513163
1547,76.15789800340075,76.15789800340075,0.0023205372632564593,0.0,4.534573609459303,124,0.4120660851015667,0.047690322369196306,11767.776578076278
1548,76.28639714044091,76.28639714044091,0.0016858507870404949,0.0,4.534573609459303,124,0.41202873051616534,0.04851627216820234,11768.590718011726
1549,75.50329040389505,75.50329040389505,-0.010318404330130714,0.0,4.534573609459303,124,0.41225764801069326,0.029778679011969653,11763.629140193965
1550,75.63237771952286,75.63237771952286,0.0017082314005814098,0.0,4.534573609459303,124,0.41221972102760923,0.02992420090584762,11764.447006688893
1551,75.45446430169505,75.45446430169505,-0.0023551157424670827,0.0,4.534573609459303,124,0.41227199492149547,0.043428697678735674,11763.319789636374
1552,74.86072387584409,74.86072387584409,-0.00789998031437893,0.0,4.534573609459303,124,0.41244708409313136,0.06996938546190472,11759.5579916733
1553,74.86338592874897,74.86338592874897,3.555944207825017e-05,0.0,4.534573609459303,124,0.4124462941461014,0.08803323309937207,11759.574857806645
1554,74.08528389705319,74.08528389705319,-0.010448016901342982,0.0,4.534573609459303,124,0.41267728741167786,0.07109746866775032,11754.64498860715
1555,74.00069116327471,74.00069116327471,-0.00114248149354233,0.0,4.534573609459303,124,0.41270241192949936,0.07872001068682925,11754.109029188245
1556,73.65125675577774,73.65125675577774,-0.004733226547960485,0.0,4.534573609459303,124,0.41280622705818415,0.09595180368890806,11751.895095985925
1557,73.76729535932749,73.76729535932749,0.0015742744159419999,0.0,4.534573609459303,124,0.412771743679463,0.06847912049991928,11752.630288948147
1558,73.52408472371864,73.52408472371864,-0.003302445214547318,0.0,4.534573609459303,124,0.41284410391715304,0.10391844458511657,11751.089364271642
1559,73.07065538123508,73.07065538123508,-0.006186180870823628,0.0,4.534573609459303,124,0.41297948885250996,0.07705029925769251,11748.216543923409
1560,73.2402505378908,73.2402505378908,0.002318285592547113,0.0,4.534573609459303,124,0.4129288433793492,0.07134107578306809,11749.291058453795
1561,73.27408281637928,73.27408281637928,0.0004618289325727362,0.0,4.534573609459303,124,0.41294203828366016,0.07663222592306185,11749.015721687769
1562,72.97641459109005,72.97641459109005,-0.004070668361536508,0.0,4.534573609459303,124,0.41298389602989777,0.06439238075889807,11748.063342991058
1563,73.40688386451608,73.40688386451608,0.005881415691985238,0.0,4.534573609459303,124,0.4128671382076846,0.04006601879142255,11750.535039031118
1564,73.50778515874502,73.50778515874502,0.0013736042937675772,0.0,4.534573609459303,124,0.4128485121295976,0.044451915767324116,11750.929883848994
1565,73.75465490930355,73.75465490930355,0.0033527895056433706,0.0,4.534573609459303,124,0.41280485019631463,0.058280038874549106,11751.85899310017
1566,73.39382823693603,73.39382823693603,-0.004904262522628516,0.0,4.534573609459303,124,0.41288664922980534,0.025508929771359153,11750.089133491183
1567,73.37221505882236,73.37221505882236,-0.0002945255971280681,0.0,4.534573609459303,124,0.4128915716373777,0.015159647116344838,11749.983120566156
1568,73.1964036827259,73.1964036827259,-0.002399032779696574,0.0,4.534573609459303,124,0.4129316160293912,0.010180637867317974,11749.120763436867
1569,73.09332430580287,73.09332430580287,-0.0014092499234208754,0.0,4.534573609459303,124,0.4129550970559829,0.01839001977013893,11748.615157727238
1570,73.6464474426923,73.6464474426923,0.0075388662528602735,0.0,4.534573609459303,124,0.41282930776338833,0.025020673102894724,11751.32823404267
1571,73.98880173008938,73.98880173008938,0.00463784770879104,0.0,4.534573609459303,124,0.4127522709255805,0.044394453363694006,11753.007486358616
1572,73.85168238290397,73.85168238290397,-0.0018549639812912844,0.0,4.534573609459303,124,0.41278303846548614,0.04201600793572725,11752.334914143814
1573,73.32205882766479,73.32205882766479,-0.00719728719445154,0.0,4.534573609459303,124,0.41290299507578687,0.048830496233500734,11749.737103587748
1574,73.74108900625376,73.74108900625376,0.005698658280478785,0.0,4.534573609459303,124,0.4128079139695645,-0.013207979374416408,11751.792452165959
1575,73.85229222459003,73.85229222459003,0.0015068865344962073,0.0,4.534573609459303,124,0.41278290161829523,0.030433906139857348,11752.337905425364
1576,73.71767775898817,73.71767775898817,-0.001824415942558674,0.0,4.534573609459303,124,0.41281320133302835,0.04668843516161732,11751.677619687918
1577,74.44177627333866,74.44177627333866,0.009774661824233262,0.0,4.534573609459303,124,0.41265065520890165,0.02310716052181382,11755.229332495255
1578,74.92572840147847,74.92572840147847,0.006480041594846891,0.0,4.534573609459303,124,0.4125426974340226,0.05108738320703972,11757.603124096242
1579,74.7325984301608,74.7325984301608,-0.002580946648464595,0.0,4.534573609459303,124,0.4125856133946088,0.06766023795159146,11756.65581902792
1580,75.36203292500949,75.36203292500949,0.00838721783692005,0.0,4.534573609459303,124,0.41244595218845337,0.027313194880007257,11759.743203565282
1581,75.37336359165701,75.37336359165701,0.0001503384995257631,0.0,4.534573609459303,124,0.41244345164827,0.06282282641547356,11759.798780635323
1582,75.42438210344129,75.42438210344129,0.00067664822833646,0.0,4.534573609459303,124,0.4124321927766442,0.07453369693557008,11760.049027111629
1583,75.92862475608285,75.92862475608285,0.006663158251073609,0.0,4.534573609459303,124,0.41232120328100025,0.08628478225677125,11762.52234400415
1584,75.83739194600003,75.83739194600003,-0.0012022826065408825,0.0,4.534573609459303,124,0.4123411844715189,0.06509674228429682,11762.074845861844
1585,75.7012227833781,75.7012227833781,-0.0017971551279473508,0.0,4.534573609459303,124,0.41237110735123184,0.06924648810615004,11761.406934314915
1586,75.39901146799818,75.39901146799818,-0.004000148905864195,0.0,4.534573609459303,124,0.41243779156151283,0.07189371540210057,11759.924583808615
1587,75.55805410597308,75.55805410597308,0.0021071249128438506,0.0,4.534573609459303,124,0.41240269603249635,0.060133550884683765,11760.704690055229
1588,75.34445677609371,75.34445677609371,-0.002830933312925084,0.0,4.534573609459303,124,0.4124498310773055,0.03719525227529138,11759.656992321965
1589,75.40887080151812,75.40887080151812,0.0008545619573306464,0.0,4.534573609459303,124,0.41243561579242044,0.014112596002416575,11759.972943970168
1590,74.93166210480094,74.93166210480094,-0.006348391750373404,0.0,4.534573609459303,124,0.41254137899841814,-0.03927603336187906,11757.632228989663
1591,75.02771618741855,75.02771618741855,0.0012810682045762342,0.0,4.534573609459303,124,0.41252003722791836,-0.05511550761394402,11758.103375537636
1592,75.14862270993707,75.14862270993707,0.0016101943825423517,0.0,4.534573609459303,124,0.4124931760508035,-0.051474363479871055,11758.696423632626
1593,74.9524753244847,74.9524753244847,-0.0026135384706842514,0.0,4.534573609459303,124,0.412536754469317,-0.04325178114060014,11757.73431810799
1594,75.21482080535992,75.21482080535992,0.003494046367446086,0.0,4.534573609459303,124,0.41247847030995777,-0.04924960143980752,11759.021126167812
1595,76.0358880310776,76.0358880310776,0.010857143050344535,0.0,4.534573609459303,124,0.41229790092997004,-0.015213384840354451,11763.04847178926
1596,75.77725765448184,75.77725765448184,-0.003407223078538617,0.0,4.534573609459303,124,0.4123543743382315,-0.0809183680135456,11761.779886365155
1597,75.80745443014278,75.80745443014278,0.0003984145319816504,0.0,4.534573609459303,124,0.4123477508891378,-0.08241823124376484,11761.928001949884
1598,75.88265382968854,75.88265382968854,0.0009914872705783183,0.0,4.534573609459303,124,0.4123312571578505,-0.07967237779518556,11762.296856001063
1599,75.66906144337459,75.66906144337459,-0.0028187411452309367,0.0,4.534573609459303,124,0.4123782030882578,-0.07148311675916295,11761.249182516052
1600,76.26675380411386,76.26675380411386,0.00786773602948322,0.0,4.493513104241958,118,0.4289922512449376,-0.08079004980554726,11433.692117715489
1601,76.55527885376748,76.55527885376748,0.003775965905561967,0.0,4.493513104241958,118,0.4289922512449376,-0.05082545406925322,11433.692117715489
1602,76.44398286188996,76.44398286188996,-0.0014548568438870414,0.0,4.493513104241958,118,0.4289922512449376,-0.053884045651102414,11433.692117715489
1603,76.72960174885904,76.72960174885904,0.0037293534486243164,0.0,4.493513104241958,118,0.4289922512449376,-0.05659534108991267,11433.692117715489
1604,77.04023477778524,77.04023477778524,0.004040239080628996,0.0,4.493513104241958,118,0.4289922512449376,-0.04712920066579804,11433.692117715489
1605,77.35243310085394,77.35243310085394,0.00404421729187714,0.0,4.493513104241958,118,0.4289922512449376,-0.04049942518767186,11433.692117715489
1606,77.704038966901,77.704038966901,0.004535205322461101,0.0,4.493513104241958,118,0.4289922512449376,-0.019730525854344812,11433.692117715489
1607,76.86586240646132,76.86586240646132,-0.01084538152207106,0.0,4.493513104241958,118,0.4289922512449376,-0.05388733770242618,11433.692117715489
1608,76.7484174857372,76.7484174857372,-0.0015290888801460152,0.0,4.493513104241958,118,0.4289922512449376,-0.02877149617102324,11433.692117715489
1609,76.70377987773564,76.70377987773564,-0.0005817786910520352,0.0,4.493513104241958,118,0.4289922512449376,-0.018466745245514157,11433.692117715489
1610,76.36049211428406,76.36049211428406,-0.004485544987947264,0.0,4.493513104241958,118,0.4289927581602051,-0.012131748491514273,11433.680117715488
1611,76.52216062068916,76.52216062068916,0.002114936701768486,0.0,4.493513104241958,118,0.4289931600916807,-0.03529606589084911,11433.712694612717
1612,75.36491292951978,75.36491292951978,-0.015238559254524555,0.0,4.493513104241958,118,0.4289931600916807,-0.05131387796266602,11433.712694612717
1613,75.51441131939939,75.51441131939939,0.0019816954980229214,0.0,4.493513104241958,118,0.4289931600916807,-0.07138620740797078,11433.712694612717
1614,75.51412146038128,75.51412146038128,-3.838466980730185e-06,0.0,4.493513104241958,118,0.4289931600916807,-0.08907501342591663,11433.712694612717
1615,75.09518960713001,75.09518960713001,-0.005563174424454139,0.0,4.493513104241958,118,0.4289931600916807,-0.09061284088098975,11433.712694612717
1616,74.55253093640171,74.55253093640171,-0.007252513400960779,0.0,4.493513104241958,118,0.4289931600916807,-0.053393397058934804,11433.712694612717
1617,74.70840873443126,74.70840873443126,0.002088662379340661,0.0,4.493513104241958,118,0.4289931600916807,-0.0598154881318773,11433.712694612717
1618,75.00537965408407,75.00537965408407,0.0039671871554490925,0.0,4.493513104241958,118,0.4289931600916807,-0.07141250118153351,11433.712694612717
1619,74.74675154713998,74.74675154713998,-0.003454085921905866,0.0,4.493513104241958,118,0.4289931600916807,-0.07358467157333316,11433.712694612717
1620,74.82236525172745,74.82236525172745,0.0010110872170328252,0.0,4.493513104241958,118,0.4289931600916807,-0.07564553799197318,11433.712694612717
1621,74.42633915272431,74.42633915272431,-0.005306940921782208,0.0,4.493513104241958,118,0.4289931600916807,-0.07596128584331792,11433.712694612717
1622,74.2426658417145,74.2426658417145,-0.0024709037968750278,0.0,4.493513104241958,118,0.4289931600916807,-0.048676167498163676,11433.712694612717
1623,74.34256573770179,74.34256573770179,0.001344681567318302,0.0,4.493513104241958,118,0.4289931600916807,-0.056594447959648624,11433.712694612717
1624,74.62860791124288,74.62860791124288,0.003840239934574553,0.0,4.493513104241958,118,0.4289931600916807,-0.05566597828327086,11433.712694612717
1625,74.47859848178436,74.47859848178436,-0.002012102348336469,0.0,4.493513104241958,118,0.4289931600916807,-0.050102359584277494,11433.712694612717
1626,74.36352985013285,74.36352985013285,-0.001546183944901849,0.0,4.493513104241958,118,0.4289931600916807,-0.050147686535855406,11433.712694612717
1627,74.45637002339076,74.45637002339076,0.0012476850929296903,0.0,4.493513104241958,118,0.4289931600916807,-0.05248025892566381,11433.712694612717
1628,74.12410115574866,74.12410115574866,-0.004472585379461612,0.0,4.493513104241958,118,0.4289931600916807,-0.05835735327076738,11433.712694612717
1629,73.88754493320997,73.88754493320997,-0.0031964569032767874,0.0,4.493513104241958,118,0.4289931600916807,-0.03819841356064225,11433.712694612717
1630,73.5157772388576,73.5157772388576,-0.005044234785955907,0.0,4.493513104241958,118,0.4289931600916807,-0.05195209651773865,11433.712694612717
1631,73.53741393399679,73.53741393399679,0.000294270326577173,0.0,4.493513104241958,118,0.4289931600916807,-0.047833929374128996,11433.712694612717
1632,73.93129638760013,73.93129638760013,0.0053419249331157735,0.0,4.493513104241958,118,0.4289931600916807,-0.05521806144228046,11433.712694612717
1633,73.52747985205184,73.52747985205184,-0.005477022871234309,0.0,4.493513104241958,118,0.4289931600916807,-0.04745421246455512,11433.712694612717
1634,74.4767248006433,74.4767248006433,0.012827445906419512,0.0,4.493513104241958,118,0.4289931600916807,-0.09598045966170339,11433.712694612717
1635,74.79737224654134,74.79737224654134,0.004296096180225233,0.0,4.493513104241958,118,0.42899262979972336,-0.0582661097525222,11433.700688439649
1636,75.21499840361662,75.21499840361662,0.005567903956005494,0.0,4.493513104241958,118,0.42900262883199575,-0.029536356556547405,11433.924140671079
1637,75.41944990404802,75.41944990404802,0.002714540110498834,0.0,4.493513104241958,118,0.42900788123582734,-0.06431347766923876,11434.033533110265
1638,75.68187711714374,75.68187711714374,0.003473529744930716,0.0,4.493513104241958,118,0.42901462290112685,-0.04750508883870064,11434.173945642766
1639,75.1771763997973,75.1771763997973,-0.006691048214059271,0.0,4.493513104241958,118,0.4290016571654168,-0.04653733025969072,11433.90390388512
1640,75.6930548900928,75.6930548900928,0.00683873149055898,0.0,4.493513104241958,118,0.4290149100506123,-0.07994106264319221,11434.179926346476
1641,76.6390510275284,76.6390510275284,0.012420340319838984,0.0,4.493513104241958,118,0.4290394831997895,-0.0191293120226234,11434.686084651585
1642,75.8215331113743,75.8215331113743,-0.010724421085003061,0.0,4.493513104241958,118,0.4290182105483245,-0.09911020063880252,11434.24866903596
1643,76.0797897454774,76.0797897454774,0.0034003243432069474,0.0,4.493513104241958,118,0.42902484482451764,-0.11771301004369719,11434.38685008663
1644,75.87924133716672,75.87924133716672,-0.0026395078109794387,0.0,4.493513104241958,118,0.42901969301131204,-0.12404331126065904,11434.279546009555
1645,76.6454639541815,76.6454639541815,0.010047278062230878,0.0,4.493513104241958,118,0.42903965152966217,-0.13724244659069412,11434.689515908813
1646,75.5970568754452,75.5970568754452,-0.01377307267803364,0.0,4.493513104241958,118,0.42901244391625354,-0.19153751573603256,11434.128562297023
1647,75.34367928271304,75.34367928271304,-0.0033573154229683327,0.0,4.493513104241958,118,0.42900593468368886,-0.16357478218806565,11433.992991793282
1648,75.12361139059976,75.12361139059976,-0.002925128086559712,0.0,4.493513104241958,118,0.4290003394972562,-0.15733120975805726,11433.875243753018
1649,74.58846016760347,74.58846016760347,-0.0071491028974231445,0.0,4.493513104241958,118,0.4289966111042541,-0.14002560721617974,11433.588909353448
1650,74.08180262532574,74.08180262532574,-0.006815882264669654,0.0,4.493513104241958,118,0.4290083674504329,-0.11192288140899204,11433.317820590271
1651,74.23241912162634,74.23241912162634,0.0020310466023127733,0.0,4.493513104241958,118,0.4290047656286602,-0.12043321611152989,11433.398408435687
1652,74.24330237234723,74.24330237234723,0.00014659973537599558,0.0,4.493513104241958,118,0.42900450537009543,-0.11807401999860287,11433.404231554323
1653,74.42762150664329,74.42762150664329,0.0024795598752349354,0.0,4.493513104241958,118,0.4290002465044978,-0.11303652367239078,11433.502852105637
1654,74.60705371891412,74.60705371891412,0.0024079268626121504,0.0,4.493513104241958,118,0.4289961908419056,-0.13016387356079206,11433.598857893452
1655,74.24441831327555,74.24441831327555,-0.004872455987517275,0.0,4.493513104241958,118,0.4290044786838572,-0.12567077260455095,11433.40482864214
1656,74.42673419512829,74.42673419512829,0.0024526072498503235,0.0,4.493513104241958,118,0.429000266560353,-0.131381812744211,11433.50237734673
1657,74.39642591065115,74.39642591065115,-0.0004073060251456575,0.0,4.493513104241958,118,0.4290009516179061,-0.13206492166769399,11433.486160800707
1658,74.82168902865891,74.82168902865891,0.005699901376453443,0.0,4.493513104241958,118,0.42899320446308686,-0.12836532013319085,11433.713699212882
1659,75.16820314891267,75.16820314891267,0.004620507844934921,0.0,4.493513104241958,118,0.42900142663751767,-0.10126469655253822,11433.899102718098
1660,75.38587605159375,75.38587605159375,0.0028916261254385593,0.0,4.493513104241958,118,0.4290070187231002,-0.11368896764063681,11434.01556931149
1661,75.28577436376673,75.28577436376673,-0.001328739710210043,0.0,4.493513104241958,118,0.4290044470932894,-0.11391807486352246,11433.962009578376
1662,75.65642986950154,75.65642986950154,0.004911234106347899,0.0,4.493513104241958,118,0.4290139691772927,-0.11265550143312784,11434.160330010283
1663,74.88334268644807,74.88334268644807,-0.010270959842234435,0.0,4.493513104241958,118,0.42899466147971294,-0.1432045464674246,11433.746687202678
1664,75.1681827951204,75.1681827951204,0.0037965685439976587,0.0,4.493513104241958,118,0.42900373622701005,-0.17442632259145685,11433.775595811365
1665,74.8657513203029,74.8657513203029,-0.0040315130869716,0.0,4.493513104241958,118,0.4290412830059223,-0.19473937029358698,11431.583646228994
1666,74.74272692549339,74.74272692549339,-0.0016446183261991346,0.0,4.493513104241958,118,0.42903493727408704,-0.16804230111873497,11431.30353713174
1667,74.77821073673772,74.77821073673772,0.00047463335189389734,0.0,4.493513104241958,118,0.4290361605814315,-0.18431761669654637,11431.399093382175
1668,74.90582997487593,74.90582997487593,0.0017051820415072015,0.0,4.493513104241958,118,0.4290464157641622,-0.18298910390954598,11431.742766044501
1669,75.21789644894825,75.21789644894825,0.0041574630606211384,0.0,4.493513104241958,118,0.42907287668865635,-0.17637063802444877,11432.583146519513
1670,75.8111050237392,75.8111050237392,0.007855598853199227,0.0,4.493513104241958,118,0.4291494247579474,-0.1476377788165464,11434.18062957291
1671,75.6983804441012,75.6983804441012,-0.0014880203716556716,0.0,4.493513104241958,118,0.42913474589243905,-0.13546048408833103,11433.87706753196
1672,75.19733375531456,75.19733375531456,-0.0066409908711514585,0.0,4.493513104241958,118,0.42907024046449654,-0.12735433044647085,11432.527772143607
1673,75.00322962840882,75.00322962840882,-0.0025846006244828333,0.0,4.493513104241958,118,0.4290542421570653,-0.11754119122006845,11432.005058773464
1674,74.7402691236896,74.7402691236896,-0.003512149471814247,0.0,4.493513104241958,118,0.42903485296664845,-0.11138947958412804,11431.296918385995
1675,74.8014629805982,74.8014629805982,0.0008184185038276135,0.0,4.493513104241958,118,0.42903802912316474,-0.13845685180845715,11431.461710591533
1676,75.10705143356479,75.10705143356479,0.00407700493131911,0.0,4.493513104241958,118,0.4290625841962357,-0.1305933217844733,11432.284646057527
1677,75.15661760222285,75.15661760222285,0.0006597226165693518,0.0,4.493513104241958,118,0.42906658296586553,-0.13423368305896052,11432.41812544036
1678,74.97288081221019,74.97288081221019,-0.0024477119245484265,0.0,4.493513104241958,118,0.4290518035651453,-0.12754458572755756,11431.923330825439
1679,75.47335600427678,75.47335600427678,0.006653234388648483,0.0,4.493513104241958,118,0.4291056255532033,-0.13304862524158123,11433.271087199753
1680,75.85208676878553,75.85208676878553,0.005005523834391169,0.0,4.493513104241958,118,0.4291547611606105,-0.11029692225073477,11434.290991502916
1681,75.31030838440094,75.31030838440094,-0.007168194228251545,0.0,4.493513104241958,118,0.4290847239737644,-0.13770558948213213,11432.832007556071
1682,74.489874972972,74.489874972972,-0.01095381322509904,0.0,4.493513104241958,118,0.4290264784983908,-0.0827485530409444,11430.622618604368
1683,74.2909444673977,74.2909444673977,-0.0026741434126963735,0.0,4.493513104241958,118,0.42901986120889324,-0.06908088551279545,11430.08690802134
1684,74.51350249457529,74.51350249457529,0.002991284167528768,0.0,4.493513104241958,118,0.429027267060321,-0.06947073901393676,11430.686246419202
1685,74.33987243021728,74.33987243021728,-0.002332901665053783,0.0,4.493513104241958,118,0.42902147200065505,-0.07481746278384788,11430.218668745583
1686,74.0842625538381,74.0842625538381,-0.0034443202799268003,0.0,4.493513104241958,118,0.4290139645425704,-0.06915819212180398,11429.530323257757
1687,74.66593228343937,74.66593228343937,0.007820799092716813,0.0,4.493513104241958,118,0.4290323541509241,-0.07809176990806696,11431.096732738672
1688,74.56144211342666,74.56144211342666,-0.0014004158085860253,0.0,4.493513104241958,118,0.42902886700472614,-0.09273009795541602,11430.815345579189
1689,74.57427633299044,74.57427633299044,0.0001721146312787404,0.0,4.493513104241958,118,0.42902929532986295,-0.10257308091523351,11430.849907534506
1690,74.77039071892887,74.77039071892887,0.002626334137492759,0.0,4.493513104241958,118,0.4290380657075313,-0.1037197012395192,11431.326024187927
1691,73.73110347090758,73.73110347090758,-0.013997222343462358,0.0,4.493513104241958,118,0.42899843571037,-0.1105076598112587,11429.071387156395
1692,73.44058339840723,73.44058339840723,-0.00394804810685665,0.0,4.493513104241958,118,0.42903157281634746,-0.06962185039442753,11428.28709117166
1693,73.07585052965555,73.07585052965555,-0.004978740096042738,0.0,4.493513104241958,118,0.4290743318860503,-0.026676612008371965,11427.302448279343
1694,72.95691514784878,72.95691514784878,-0.0016288866070886033,0.0,4.493513104241958,118,0.4290883678084549,-0.057671100739549286,11426.981367048735
1695,72.71763642135024,72.71763642135024,-0.0032851165713181415,0.0,4.493513104241958,118,0.42911695490388563,-0.07151957255330602,11426.335403612164
1696,72.89754893682252,72.89754893682252,0.002471069299235224,0.0,4.493513104241958,118,0.4290954566308462,-0.08786397620813148,11426.821100391302
1697,72.58996741104893,72.58996741104893,-0.0042282938323755645,0.0,4.493513104241958,118,0.42913251078739956,-0.10128478042344456,11425.990744837665
1698,73.15649646187735,73.15649646187735,0.007774211313423351,0.0,4.493513104241958,118,0.4290648253139607,-0.10130629089803514,11427.520162257872
1699,72.69709652580957,72.69709652580957,-0.00629948766944295,0.0,4.493513104241958,118,0.42911945454952233,-0.10285827281482253,11426.27995354477
1700,72.74991152334648,72.74991152334648,0.0007262438817637193,0.0,4.493513104241958,118,0.42911308663568004,-0.1634421408838394,11426.422534365933
1701,72.80117951871718,72.80117951871718,0.0007044673746365133,0.0,4.493513104241958,118,0.4291069643692166,-0.1002948030774423,11426.560938857468
1702,72.83959588523038,72.83959588523038,0.0005275496137344521,0.0,4.493513104241958,118,0.42910237690198216,-0.07899824268880742,11426.664648737977
1703,73.14661914607409,73.14661914607409,0.004206201433960022,0.0,4.493513104241958,118,0.4290659896361072,-0.06979825347803931,11427.49349718424
1704,73.30505046690763,73.30505046690763,0.002163599541825447,0.0,4.493513104241958,118,0.4290473146614746,-0.0469998380815301,11427.92120273903
1705,73.54234546225003,73.54234546225003,0.00323186121735393,0.0,4.493513104241958,118,0.4290199651824235,0.052155293320436405,11428.561810840369
1706,73.58549635150614,73.58549635150614,0.0005865768159364718,0.0,4.493513104241958,118,0.4290150432836173,0.03316809543020573,11428.678302168797
1707,72.96274512211279,72.96274512211279,-0.008498975787147364,0.0,4.493513104241958,118,0.4290876730353123,0.020692838773759423,11426.997105807737
1708,72.85999370623526,72.85999370623526,-0.0014092648884352205,0.0,4.493513104241958,118,0.4290999411423371,0.01406146758168101,11426.719715257042
1709,72.66835251741817,72.66835251741817,-0.00263373156594274,0.0,4.493513104241958,118,0.42912295265259914,-0.016691617495568616,11426.202355428493
1710,72.49291823897913,72.49291823897913,-0.0024170960055296684,0.0,4.493513104241958,118,0.42914437655570076,-0.0016560838902925181,11425.728748221318
1711,72.60753469899308,72.60753469899308,0.0015798225509555492,0.0,4.493513104241958,118,0.42913036297182194,-0.005762580229308711,11426.038169971767
1712,72.08525916831445,72.08525916831445,-0.007219126605421142,0.0,4.493513104241958,118,0.4291942251517075,-0.017116091801578175,11424.628220572706
1713,71.90474888129582,71.90474888129582,-0.002507262608378257,0.0,4.493513104241958,118,0.429216301037357,-0.013797827863241706,11424.140910033046
1714,71.53321834925264,71.53321834925264,-0.005180376856863652,0.0,4.493513104241958,118,0.42926174407399237,0.002816373893853807,11423.137915981788
1715,71.77341908628946,71.77341908628946,0.003352265690924706,0.0,4.493513104241958,118,0.4292323634747767,-0.0010768118648720555,11423.78636850339
1716,72.04144555050888,72.04144555050888,0.0037273862505519647,0.0,4.493513104241958,118,0.4292018890694928,0.01123528181407291,11424.459203069402
1717,71.89053033164247,71.89053033164247,-0.0020970360928675596,0.0,4.493513104241958,118,0.4292171697511265,0.005476288877808299,11424.121856880856
1718,71.411406212601,71.411406212601,-0.0066869424927337605,0.0,4.493513104241958,118,0.4292757802910728,-0.013766088074027849,11422.82827333776
1719,71.64722172812324,71.64722172812324,0.0032967704569883565,0.0,4.493513104241958,118,0.4292469316714013,-0.047338356545999064,11423.464949843834
1720,71.39437689543246,71.39437689543246,-0.0035352666422075046,0.0,4.493513104241958,118,0.4292778637063769,-0.05490772154705338,11422.782296014633
1721,71.52415129159692,71.52415129159692,0.0018160616888220728,0.0,4.493513104241958,118,0.429261987159155,-0.05796668142667067,11423.1326729139
1722,70.94344378382434,70.94344378382434,-0.008152179778401712,0.0,4.493513104241958,118,0.42933387380226096,-0.030603870489225,11421.56482515681
1723,71.59790198265763,71.59790198265763,0.00918277843040886,0.0,4.493513104241958,118,0.42925296496340704,-0.05200836854524924,11423.33179184041
1724,71.73700679940177,71.73700679940177,0.0019409767180651777,0.0,4.493513104241958,118,0.4292359486109929,-0.021417269383875188,11423.707359870808
1725,72.47805250302798,72.47805250302798,0.010277043597108671,0.0,4.493513104241958,118,0.4291453171537588,-0.0016682918654412073,11425.708103496096
1726,72.49548223280232,72.49548223280232,0.00024045395444179004,0.0,4.493513104241958,118,0.42914318584299116,0.004952715747850836,11425.755161890153
1727,72.37794609146007,72.37794609146007,-0.0016226048971113446,0.0,4.493513104241958,118,0.4291575585253411,0.002788305237575854,11425.437826961443
1728,72.24169519247192,72.24169519247192,-0.0018842660387106012,0.0,4.493513104241958,118,0.4291742207052766,-0.003830815339970456,11425.069964201755
1729,71.97908743438451,71.97908743438451,-0.0036417504264931217,0.0,4.493513104241958,118,0.42920633814598164,-0.03059628789051146,11424.360951524977
1730,71.87576802223897,71.87576802223897,-0.0014364399391734754,0.0,4.493513104241958,118,0.4292189754042695,-0.026896133044309434,11424.082000234648
1731,71.76312262623735,71.76312262623735,-0.001568452925051138,0.0,4.493513104241958,118,0.4292327540504408,-0.029163956621924628,11423.777869791864
1732,71.57856736988464,71.57856736988464,-0.002575040915693466,0.0,4.493513104241958,118,0.4292553302079235,-0.03673528840460456,11423.279590467317
1733,71.26230332543453,71.26230332543453,-0.004428208253183821,0.0,4.493513104241958,118,0.4292941318595326,-0.03517433296950857,11422.425711593525
1734,72.13867809926495,72.13867809926495,0.012222868711972767,0.0,4.493513104241958,118,0.4291868194214139,-0.06000463676855805,11424.791829140016
1735,72.73096693546631,72.73096693546631,0.008176897736905745,0.0,4.493513104241958,118,0.42911448958602066,0.010891964321022157,11426.39094523712
1736,72.34539169203521,72.34539169203521,-0.005315492543790734,0.0,4.493513104241958,118,0.42916153951903124,-0.01973134770448707,11425.349933587517
1737,72.61506429959756,72.61506429959756,0.0037206411474244496,0.0,4.493513104241958,118,0.42912856379786557,-0.030933540429968525,11426.078020597339
1738,72.53618292460384,72.53618292460384,-0.0010868853594793416,0.0,4.493513104241958,118,0.4291382090227962,-0.023743430656244822,11425.865049376536
1739,72.74669118671117,72.74669118671117,0.002897910861327695,0.0,4.493513104241958,118,0.4291126116349829,-0.052083529219360804,11426.433399022744
1740,72.96986646963674,72.96986646963674,0.0030631447931080127,0.0,4.493513104241958,118,0.4290859775349437,-0.01999398848247805,11427.035948261544
1741,73.12260715465881,73.12260715465881,0.0020910145045217867,0.0,4.493513104241958,118,0.4290702118269272,-0.060690851412281956,11427.396808003828
1742,73.1488478445175,73.1488478445175,0.0003587944092078723,0.0,4.493513104241958,118,0.4290682578666492,-0.08237033926034339,11427.441561067968
1743,73.09638506902141,73.09638506902141,-0.0007174630817205937,0.0,4.493513104241958,118,0.42907444042301185,-0.07717411251469587,11427.299972759545
1744,73.44310935549845,73.44310935549845,0.004732170461860514,0.0,4.493513104241958,118,0.42903378012295795,-0.07310300664693892,11428.235723961176
1745,73.04520402245345,73.04520402245345,-0.0054326014477093666,0.0,4.493513104241958,118,0.4290804889515758,-0.09488286374148987,11427.161843624395
1746,73.47575420431527,73.47575420431527,0.00587699433999129,0.0,4.493513104241958,118,0.4290300265289505,-0.09688173948430438,11428.323826980488
1747,73.32629281276857,73.32629281276857,-0.002036231050254468,0.0,4.493513104241958,118,0.42904734772719033,-0.10303867451841556,11427.920455534666
1748,74.13882526129413,74.13882526129413,0.01102010674979562,0.0,4.493513104241958,118,0.4290050320102684,-0.10736636995666914,11430.113345518801
1749,74.62353523744706,74.62353523744706,0.006516590484750808,0.0,4.493513104241958,118,0.42904381869032987,-0.05686570176892676,11431.421497154894
1750,74.58422372311449,74.58422372311449,-0.0005269366086058031,0.0,4.493513104241958,118,0.42904060419684364,-0.03508784413723818,11431.315401913776
1751,74.24472232685162,74.24472232685162,-0.004562311219125372,0.0,4.493513104241958,118,0.42901304260650336,-0.08032697139592251,11430.399144091933
1752,74.20977500443227,74.20977500443227,-0.00047081528270459674,0.0,4.493513104241958,118,0.42901027025441857,-0.09511767155461352,11430.304827079184
1753,73.7019417118153,73.7019417118153,-0.006866735094936015,0.0,4.493513104241958,118,0.4290042090122006,-0.09684158448346876,11428.934269456518
1754,73.60231030992168,73.60231030992168,-0.001352729683209472,0.0,4.493513104241958,118,0.4290155695474591,-0.09368547808515337,11428.665380867867
1755,73.67230317785555,73.67230317785555,0.0009505083265334605,0.0,4.493513104241958,118,0.4290075885094115,-0.08952394648981249,11428.854279981166
1756,74.18880306717165,74.18880306717165,0.006986313077628909,0.0,4.493513104241958,118,0.4290086840670669,-0.07626891078219727,11430.248227307384
1757,74.29853008415058,74.29853008415058,0.0014779312770066568,0.0,4.493513104241958,118,0.42901731105718066,-0.04669420950205896,11430.544362282619
1758,73.9733316618718,73.9733316618718,-0.004386522700847845,0.0,4.493513104241958,118,0.4289929829554139,-0.014961348507426,11429.666705809494
1759,73.97524231067736,73.97524231067736,2.582855318389896e-05,0.0,4.493513104241958,118,0.42899312151835656,-0.012672736790846458,11429.67186233295
1760,73.78780207411059,73.78780207411059,-0.002537039459176136,0.0,4.493513104241958,118,0.42899441915749614,-0.012199844976340185,11429.165992298915
1761,73.7436316433485,73.7436316433485,-0.0005987935041216639,0.0,4.493513104241958,118,0.4289994554493404,-0.010535057719362587,11429.046783650216
1762,73.85514322767622,73.85514322767622,0.0015110099069812778,0.0,4.493513104241958,118,0.4289895273238045,-0.012236558211286762,11429.347734876017
1763,73.82140120552938,73.82140120552938,-0.00045697199732732405,0.0,4.493513104241958,118,0.4289905882706075,-0.019397867086238942,11429.256670768307
1764,73.80588227732977,73.80588227732977,-0.0002102447175162741,0.0,4.493513104241958,118,0.4289923576914893,-0.02426593721856673,11429.214787761326
1765,74.02018297598428,74.02018297598428,0.0028993648503132137,0.0,4.493513104241958,118,0.42899638064266077,-0.02617333934583713,11429.793149716625
1766,74.06696703609856,74.06696703609856,0.000631844986778688,0.0,4.493513104241958,118,0.42899978092201413,-0.021822273808502997,11429.919412116393
1767,74.47417471089142,74.47417471089142,0.005482773191125433,0.0,4.493513104241958,118,0.4290316051970973,-0.0329519243234305,11431.018397926913
1768,74.37918084030318,74.37918084030318,-0.0012763418484223457,0.0,4.493513104241958,118,0.4290214270560291,-0.043945746910140325,11430.709718552798
1769,74.7523626606164,74.7523626606164,0.005004744006404482,0.0,4.493513104241958,118,0.4290422781178246,-0.05679808111724909,11431.514998954875
1770,73.88189494381554,73.88189494381554,-0.011713015327326347,0.0,4.493513104241958,118,0.42899608042204546,-0.08853643590811693,11429.636636840685
1771,73.38140890057733,73.38140890057733,-0.006797185138652351,0.0,4.493513104241958,118,0.4290355546957905,-0.01853941626899688,11428.556649606056
1772,73.89854488718117,73.89854488718117,0.007022518659856203,0.0,4.493513104241958,118,0.4289968804568817,-0.06800920575284067,11429.672565367633
1773,74.30778509159448,74.30778509159448,0.005522587929796224,0.0,4.493513104241958,118,0.42901744318758855,-0.0559104627644292,11430.555655321159
1774,74.21034402573964,74.21034402573964,-0.001312177582833766,0.0,4.493513104241958,118,0.4290120395857166,-0.052382770812457756,11430.345389503213
1775,74.11362336799874,74.11362336799874,-0.001304181288427977,0.0,4.493513104241958,118,0.4290072482008978,-0.056322666551137025,11430.13667823724
1776,74.13033317981207,74.13033317981207,0.00022543666903148391,0.0,4.493513104241958,118,0.4290080603773164,-0.05032248687177364,11430.172735952927
1777,73.95249574027777,73.95249574027777,-0.0024018655819304092,0.0,4.493513104241958,118,0.4289994727772071,-0.06293219021072202,11429.788984663295
1778,73.68368289673829,73.68368289673829,-0.003641561886538892,0.0,4.493513104241958,118,0.42900776866364765,-0.041124384828549874,11429.208919657587
1779,73.47021614754752,73.47021614754752,-0.0029012741125209298,0.0,4.493513104241958,118,0.4290273909089388,-0.022215722811584675,11428.748284706307
1780,73.27185403087216,73.27185403087216,-0.0027035496671977263,0.0,4.493513104241958,118,0.42904591625095256,-0.01062877032754753,11428.320243691503
1781,73.33062925775013,73.33062925775013,0.0008018313020156355,0.0,4.493513104241958,118,0.4290403457415996,-0.0026445096640594396,11428.44707339155
1782,73.38178799556405,73.38178799556405,0.000697401635733308,0.0,4.493513104241958,118,0.42903551984613053,0.05594590190885568,11428.557467646344
1783,73.71105916346191,73.71105916346191,0.0044770595477834334,0.0,4.493513104241958,118,0.42900525230268677,0.04872374667822241,11429.267994269143
1784,73.63235607530191,73.63235607530191,-0.0010682947116092479,0.0,4.493513104241958,118,0.4290124865724197,0.03150385067697578,11429.09816269904
1785,73.0911845226964,73.0911845226964,-0.007376784999508603,0.0,4.493513104241958,118,0.42906304024590797,0.04168594363242525,11427.930381146578
1786,72.52242648067893,72.52242648067893,-0.007811919923128073,0.0,4.493513104241958,118,0.4291178460078627,0.08801797645415689,11426.703071347896
1787,72.05739702582977,72.05739702582977,-0.006432862445295617,0.0,4.493513104241958,118,0.4291635200388989,0.12248856800621435,11425.699595063694
1788,71.21114317759097,71.21114317759097,-0.011813670874923866,0.0,4.493513104241958,118,0.4292468331314116,0.1598162070763545,11423.873483495348
1789,71.22679839047947,71.22679839047947,0.00021981801729507644,0.0,4.493513104241958,118,0.4292452681581189,0.15423059005687983,11423.907265516455
1790,71.28620034974836,71.28620034974836,0.0008336357137116233,0.0,4.493513104241958,118,0.4292393301256898,0.15326078539039348,11424.0354476278
1791,71.36319383206656,71.36319383206656,0.0010794786789856416,0.0,4.493513104241958,118,0.42923171787146597,0.15156526012568344,11424.20159007908
1792,70.93927808890386,70.93927808890386,-0.005957970953452409,0.0,4.493513104241958,118,0.42927401159996165,0.13651518197656676,11423.286832120571
1793,70.80000270232438,70.80000270232438,-0.001965234063939836,0.0,4.493513104241958,118,0.4292879361009886,0.1831095867887075,11422.986292991387
1794,71.09381321296452,71.09381321296452,0.004141278866223201,0.0,4.493513104241958,118,0.42925856231548254,0.11419964443164536,11423.620299883643
1795,71.15285466569144,71.15285466569144,0.0008301277913630126,0.0,4.493513104241958,118,0.42925266002365275,0.1597729865023036,11423.747704066278
1796,70.92572225512954,70.92572225512954,-0.003197281518084549,0.0,4.493513104241958,118,0.42927536685549683,0.17609974217356228,11423.257580301008
1797,70.6883186634649,70.6883186634649,-0.003352828752312811,0.0,4.493513104241958,118,0.429299102598384,0.18687836613491293,11422.745292592055
1798,70.22075502211722,70.22075502211722,-0.0066364123353049006,0.0,4.493513104241958,118,0.4293459043565712,0.1974191591429399,11421.736347845537
1799,70.03033722958496,70.03033722958496,-0.002715385762435944,0.0,4.493513104241958,118,0.4293651247757137,0.1988211043707082,11421.325449703703
1800,69.81813336194915,69.81813336194915,-0.0030347708430665168,0.0,4.431664600143152,112,0.4314301383533572,0.19546078585674778,11380.588954776895
1801,69.98405496705298,69.98405496705298,0.002373663602709854,0.0,4.431664600143152,112,0.4314301383533572,0.18671350436122933,11380.588954776895
1802,69.9418866434105,69.9418866434105,-0.0006027234754858472,0.0,4.431664600143152,112,0.4314301383533572,0.18720101985637466,11380.588954776895
1803,70.21608196659407,70.21608196659407,0.0039126661966705535,0.0,4.431664600143152,112,0.4314301383533572,0.18469930249797087,11380.588954776895
1804,70.0929827967584,70.0929827967584,-0.0017546863650998914,0.0,4.431664600143152,112,0.4314301383533572,0.20638829035849868,11380.588954776895
1805,70.19249517156702,70.19249517156702,0.0014187126556630975,0.0,4.431664600143152,112,0.4314301383533572,0.23408105719920475,11380.588954776895
1806,69.8821744433711,69.8821744433711,-0.004430797327348643,0.0,4.431664600143152,112,0.4314301383533572,0.2404485383852444,11380.588954776895
1807,70.50760109886156,70.50760109886156,0.008909919409928583,0.0,4.431664600143152,112,0.4314301383533572,0.20749820394006638,11380.588954776895
1808,71.23087428305854,71.23087428305854,0.010205830988195897,0.0,4.431664600143152,112,0.4314301383533572,0.22688054116584835,11380.588954776895
1809,71.14810950705024,71.14810950705024,-0.001162598343202483,0.0,4.431664600143152,112,0.4314301383533572,0.23074674692956454,11380.588954776895
1810,71.3311489289367,71.3311489289367,0.002569349736812913,0.0,4.431664600143152,112,0.4314301383533572,0.22823429195248612,11380.588954776895
1811,70.81170945552435,70.81170945552435,-0.007308728578808879,0.0,4.431664600143152,112,0.4314301383533572,0.20589925150050503,11380.588954776895
1812,71.28284841909012,71.28284841909012,0.006631368535734307,0.0,4.431664600143152,112,0.4314301383533572,0.1597984271527373,11380.588954776895
1813,71.11018259416795,71.11018259416795,-0.0024252016875095078,0.0,4.431664600143152,112,0.4314301383533572,0.15014788335155335,11380.588954776895
1814,71.96859794289404,71.96859794289404,0.011999342534715894,0.0,4.431664600143152,112,0.4314301383533572,0.11760822056149643,11380.588954776895
1815,72.33236299295201,72.33236299295201,0.005041765740934634,0.0,4.431664600143152,112,0.4314301383533572,0.15633169317033088,11380.588954776895
1816,72.43132350603209,72.43132350603209,0.0013672010003120277,0.0,4.431664600143152,112,0.4314301383533572,0.15856539703177716,11380.588954776895
1817,72.46486954940018,72.46486954940018,0.0004630355464842105,0.0,4.431664600143152,112,0.4314301383533572,0.16555600533359469,11380.588954776895
1818,72.89553908648973,72.89553908648973,0.005925558427884902,0.0,4.431664600143152,112,0.4314301383533572,0.167687851918176,11380.588954776895
1819,72.74393605886316,72.74393605886316,-0.0020818954783087557,0.0,4.431664600143152,112,0.4314301383533572,0.15959975607996796,11380.588954776895
1820,72.81275172327743,72.81275172327743,0.000945551463006985,0.0,4.431664600143152,112,0.43144166466663436,0.1578052908317377,11379.919964943621
1821,72.82543838278676,72.82543838278676,0.00017422160399239845,0.0,4.431664600143152,112,0.43145216232404715,0.1586259774871484,11378.335270247362
1822,72.72206380352328,72.72206380352328,-0.0014204928987868255,0.0,4.431664600143152,112,0.43147716030661654,0.15873294515000264,11377.065108541708
1823,72.3834185401125,72.3834185401125,-0.004667582130745079,0.0,4.431664600143152,112,0.4316116350838823,0.160242932090479,11373.704456226213
1824,71.92864009729843,71.92864009729843,-0.006302729689958737,0.0,4.431664600143152,112,0.43181271837513996,0.1739164505094586,11368.904445499176
1825,72.28249675810945,72.28249675810945,0.004907490207776793,0.0,4.431664600143152,112,0.4316645587027372,0.1478723340216108,11372.391608356409
1826,71.75877646062126,71.75877646062126,-0.007271840822139779,0.0,4.431664600143152,112,0.43189856448237823,0.11433931754105203,11366.874111108667
1827,72.35181162362005,72.35181162362005,0.008230325314411806,0.0,4.431664600143152,112,0.43165248249828997,0.07593361681900158,11372.726466562306
1828,71.88795875801019,71.88795875801019,-0.006431713852512141,0.0,4.431664600143152,112,0.43185964381412406,0.04375734201565591,11367.836731874017
1829,71.80368206374075,71.80368206374075,-0.0011730216657148932,0.0,4.431664600143152,112,0.4318953822650214,0.08770458076891335,11366.991666207929
1830,71.68270411755351,71.68270411755351,-0.0016862641547189534,0.0,4.431664600143152,112,0.43195249114944617,0.04581816007901321,11365.679008735038
1831,71.85377880341913,71.85377880341913,0.0023837112821665364,0.0,4.431664600143152,112,0.4318805732756299,0.07880655610312551,11367.358992421863
1832,71.56827242833398,71.56827242833398,-0.00398135084203346,0.0,4.431664600143152,112,0.43201059523178653,0.039770223592667235,11364.381264707961
1833,71.26630896503846,71.26630896503846,-0.004228162538914261,0.0,4.431664600143152,112,0.4321533340355793,0.053111728594686394,11361.181749985168
1834,71.11460795384976,71.11460795384976,-0.0021309185510999702,0.0,4.431664600143152,112,0.4322199088569794,0.05662051092953676,11359.681673069093
1835,71.09452223115012,71.09452223115012,-0.0002824814807187953,0.0,4.431664600143152,112,0.43222872490478126,0.056593347980607445,11359.483057854019
1836,70.7952282583832,70.7952282583832,-0.004218689730874107,0.0,4.431664600143152,112,0.43236012788083317,0.056245189680132146,11356.52352596857
1837,70.71096458689183,70.71096458689183,-0.0011909539753256386,0.0,4.431664600143152,112,0.43239713562703636,0.053840993127069754,11355.690294947384
1838,70.3597850917188,70.3597850917188,-0.004978781517789319,0.0,4.431664600143152,112,0.43255142858436163,0.050277156401253624,11352.217699412395
1839,70.36821210018107,70.36821210018107,0.00011976306975859205,0.0,4.431664600143152,112,0.432547725018914,0.044357735097467176,11352.30102885606
1840,70.4126442706247,70.4126442706247,0.0006312246290349137,0.0,4.431664600143152,112,0.4325281985314803,0.047537313056918135,11352.740390945286
1841,70.70932201030165,70.70932201030165,0.004204564102386042,0.0,4.431664600143152,112,0.43239785708390893,0.05009334596190576,11355.674052529443
1842,70.96298930287432,70.96298930287432,0.003581046448736248,0.0,4.431664600143152,112,0.432286465104924,0.0596408781894861,11358.182410561927
1843,70.60610552560024,70.60610552560024,-0.005041842412147452,0.0,4.431664600143152,112,0.4324437563273444,0.047620606784574936,11354.641855421669
1844,70.42624635049184,70.42624635049184,-0.002550610129146049,0.0,4.431664600143152,112,0.4325299603016006,0.051740492027380715,11352.715299116375
1845,70.32195697462218,70.32195697462218,-0.0014819286142457742,0.0,4.431664600143152,112,0.43257597248273144,0.01786249442825978,11351.684046363951
1846,70.3606681008594,70.3606681008594,0.0005503327392913884,0.0,4.431664600143152,112,0.43255878049523466,-0.016407291678611925,11352.066836606473
1847,70.19894002079025,70.19894002079025,-0.0023012037896257835,0.0,4.431664600143152,112,0.43263090563380746,-0.07364580624990091,11350.467608244766
1848,69.80391102549025,69.80391102549025,-0.005643171416411782,0.0,4.431664600143152,112,0.43280749325230394,-0.06615601344514356,11346.561412284791
1849,69.99252150447455,69.99252150447455,0.0026983606092470433,0.0,4.431664600143152,112,0.4327231081646611,-0.0802663957111417,11348.426463963993
1850,69.25483954256708,69.25483954256708,-0.01059537297484082,0.0,4.431664600143152,112,0.4330549084299843,-0.10006757483593162,11341.131986005077
1851,69.65461962714066,69.65461962714066,0.0057559966144653,0.0,4.431664600143152,112,0.43287474148568345,-0.14012055225642459,11345.0851625309
1852,69.63303985951043,69.63303985951043,-0.0003098590052043915,0.0,4.431664600143152,112,0.43288446352861,-0.1506727438171936,11344.871773635054
1853,69.49117140322079,69.49117140322079,-0.0020394509938349496,0.0,4.431664600143152,112,0.4329483867257342,-0.14474095110923874,11343.468924736871
1854,69.40129494242036,69.40129494242036,-0.0012941878808809962,0.0,4.431664600143152,112,0.4329888915115893,-0.15019106453371528,11342.58019233431
1855,69.45148143921736,69.45148143921736,0.0007228735397332866,0.0,4.431664600143152,112,0.43296627309045965,-0.14823363496795514,11343.076455376682
1856,69.25446700532169,69.25446700532169,-0.002840751512030393,0.0,4.431664600143152,112,0.43305507637810703,-0.15744344394958215,11341.12830221604
1857,68.9299312609143,68.9299312609143,-0.004697148812321062,0.0,4.431664600143152,112,0.4332014258094074,-0.1624557705173464,11337.919170155472
1858,68.56888343604922,68.56888343604922,-0.005251662066575664,0.0,4.431664600143152,112,0.43336433775036004,-0.15941791473875738,11334.34899284792
1859,68.34109081537667,68.34109081537667,-0.003327629445785362,0.0,4.431664600143152,112,0.43346717511262767,-0.15233203611144408,11332.096493347453
1860,68.98284129683792,68.98284129683792,0.009346588660235276,0.0,4.431664600143152,112,0.43317756037052657,-0.15854689720538467,11338.44236458177
1861,68.64222953499564,68.64222953499564,-0.004949860591979918,0.0,4.431664600143152,112,0.4333312342291801,-0.19040112698935566,11335.074266786776
1862,68.8217345543184,68.8217345543184,0.002611668047589855,0.0,4.431664600143152,112,0.43325023554267617,-0.19834478248630436,11336.849280240513
1863,69.05970883181854,69.05970883181854,0.003451871520238586,0.0,4.431664600143152,112,0.4331428926593263,-0.1861698291549092,11339.202459810642
1864,68.96202997205833,68.96202997205833,-0.0014154129184887382,0.0,4.431664600143152,112,0.43318694720020817,-0.18760298462997296,11338.236574339171
1865,68.71625412183852,68.71625412183852,-0.0035702959680672824,0.0,4.431664600143152,112,0.4332978287789024,-0.17830037051261882,11335.80624987031
1866,68.61694221919024,68.61694221919024,-0.0014462915392000095,0.0,4.431664600143152,112,0.43334264675295686,-0.1489560993660839,11334.824216253746
1867,68.4129918520942,68.4129918520942,-0.0029767294143026976,0.0,4.431664600143152,112,0.433434710853237,-0.23736046173839126,11332.807477965003
1868,68.43973140059371,68.43973140059371,0.000390778469061611,0.0,4.431664600143152,112,0.4334226386361215,-0.2588897199146144,11333.071888723613
1869,68.97014625019345,68.97014625019345,0.007720223511452322,0.0,4.431664600143152,112,0.4331832863585842,-0.23488637522212757,11338.316831163958
1870,68.91906560857838,68.91906560857838,-0.0007408939867464982,0.0,4.431664600143152,112,0.4332063271099051,-0.2204790788686752,11337.811726479787
1871,68.63058323952046,68.63058323952046,-0.004194598742384898,0.0,4.431664600143152,112,0.4333364903047304,-0.18400850207886238,11334.95910381678
1872,68.67196885002639,68.67196885002639,0.0006028382011759807,0.0,4.431664600143152,112,0.4333178130993741,-0.18432002667209915,11335.368340370254
1873,68.96900606847046,68.96900606847046,0.00431612286593114,0.0,4.431664600143152,112,0.43318380063363054,-0.15421792237110252,11338.305556616284
1874,69.32568256554833,69.32568256554833,0.005158221063278193,0.0,4.431664600143152,112,0.4330229727937342,-0.2178946750653341,11341.832508583051
1875,69.82483081836644,69.82483081836644,0.007174251558302154,0.0,4.431664600143152,112,0.43279807134019166,-0.17856936402611182,11346.76827510091
1876,69.27408329720762,69.27408329720762,-0.00791883103725574,0.0,4.431664600143152,112,0.43304623306336615,-0.22587391019420858,11341.322275521863
1877,69.08348911938458,69.08348911938458,-0.0027550974630994062,0.0,4.431664600143152,112,0.43313216855083386,-0.21981384509305255,11339.43760827904
1878,69.309461465022,69.309461465022,0.003265665563281868,0.0,4.431664600143152,112,0.43303028482636746,-0.22543731898743574,11341.6721082122
1879,68.8755517490111,68.8755517490111,-0.006280147637481928,0.0,4.431664600143152,112,0.4332259563609102,-0.23837219725913242,11337.381444995473
1880,68.76779659824722,68.76779659824722,-0.0015657156567448704,0.0,4.431664600143152,112,0.43327505792541404,-0.23778092988152283,11336.304415721122
1881,68.45530678122286,68.45530678122286,-0.004554486081453234,0.0,4.431664600143152,112,0.4334259545314499,-0.23282206290973748,11332.91845991457
1882,68.44874012177655,68.44874012177655,-9.593083038651439e-05,0.0,4.431664600143152,112,0.4334295273255679,-0.23710093829455378,11332.819059309364
1883,68.7510545515408,68.7510545515408,0.00440692961320176,0.0,4.431664600143152,112,0.4333310467577371,-0.24833119047716096,11336.987377985532
1884,68.83994664688332,68.83994664688332,0.001292120951747424,0.0,4.431664600143152,112,0.4333065677234001,-0.21450158986044213,11338.166690787944
1885,69.03522864754187,69.03522864754187,0.0028327381028046255,0.0,4.431664600143152,112,0.4332492680654736,-0.17651787485092355,11340.841247366287
1886,69.04641349465643,69.04641349465643,0.00016200339111716822,0.0,4.431664600143152,112,0.43324661403123266,-0.12243408015105922,11340.979595954464
1887,69.85724103939496,69.85724103939496,0.011674808084270457,0.0,4.431664600143152,112,0.4330024397422639,-0.05751666503595484,11352.240360475389
1888,69.6547634203388,69.6547634203388,-0.0029026571871499872,0.0,4.431664600143152,112,0.4330591666509065,-0.08966216197183122,11349.528012561344
1889,69.84565317378605,69.84565317378605,0.00273676419401255,0.0,4.431664600143152,112,0.43300616670351755,-0.09692499513815071,11352.073534276118
1890,69.52794738998857,69.52794738998857,-0.0045590604362073205,0.0,4.431664600143152,112,0.4331047181855123,-0.10454534397356526,11347.591740779284
1891,69.74586406672384,69.74586406672384,0.003129329947802956,0.0,4.431664600143152,112,0.43304413125803776,-0.10840813789344705,11350.499380757285
1892,69.65015129656915,69.65015129656915,-0.0013732499447223173,0.0,4.431664600143152,112,0.4330752831182445,-0.12494320905524885,11349.114628024952
1893,69.39946213438569,69.39946213438569,-0.0036057552064829644,0.0,4.431664600143152,112,0.4331460473920189,-0.12871287278365431,11345.744956253895
1894,68.92039688846101,68.92039688846101,-0.0069269469311720976,0.0,4.431664600143152,112,0.4332937336979812,-0.10533776890112224,11339.013609521731
1895,69.60384020192608,69.60384020192608,0.009867570806738663,0.0,4.431664600143152,112,0.43310409845584025,-0.15071453593439138,11348.15747899181
1896,69.81810295095441,69.81810295095441,0.003073589606635734,0.0,4.431664600143152,112,0.4330415270724298,-0.12543636446828205,11351.095089388184
1897,69.56284183638512,69.56284183638512,-0.0036627876262554926,0.0,4.431664600143152,112,0.4331127299224882,-0.1371621564663676,11347.664253512625
1898,70.22953554501733,70.22953554501733,0.009538413693748667,0.0,4.431664600143152,112,0.4329130350633239,-0.1548432430829041,11356.90977454947
1899,69.5057433136604,69.5057433136604,-0.010359570044358859,0.0,4.431664600143152,112,0.43311481879603186,-0.21420925940237057,11347.202502681683
1900,69.34009226696716,69.34009226696716,-0.0023861158614618817,0.0,4.431664600143152,112,0.4331672283413214,-0.20062236242852063,11344.842375048282
1901,69.03143026533522,69.03143026533522,-0.004461358926219482,0.0,4.431664600143152,112,0.433254315760212,-0.20783209234558248,11340.696146852926
1902,69.33750419892434,69.33750419892434,0.004424033963729755,0.0,4.431664600143152,112,0.43316339274822485,-0.2075340478377637,11344.915704751644
1903,69.99506622997893,69.99506622997893,0.00943881119736289,0.0,4.431664600143152,112,0.432980580894428,-0.17344563695815568,11353.712779581901
1904,69.86775085824297,69.86775085824297,-0.001820575468906299,0.0,4.431664600143152,112,0.433021588687628,-0.186921378537298,11351.887937243106
1905,69.64932796936606,69.64932796936606,-0.0031311301693442,0.0,4.431664600143152,112,0.43308258559351753,-0.1819654185325257,11348.950540215827
1906,69.38024157492725,69.38024157492725,-0.0038709280525259953,0.0,4.431664600143152,112,0.4331666532677303,-0.17191409572519642,11345.149041981773
1907,69.20254981038791,69.20254981038791,-0.0025644145299925083,0.0,4.431664600143152,112,0.4332372659158111,-0.17357121729962968,11342.312537465938
1908,69.19456386989893,69.19456386989893,-0.00011540617120510997,0.0,4.431664600143152,112,0.43325773010140384,-0.16660701926636,11341.578363903876
1909,69.63459058658164,69.63459058658164,0.006339132323166525,0.0,4.431664600143152,112,0.43320894184419506,-0.14318248371055325,11345.273716287993
1910,68.97699682366896,68.97699682366896,-0.009488365420788021,0.0,4.431664600143152,112,0.4333134520596533,-0.1447157579176348,11339.327617213541
1911,69.77789948170344,69.77789948170344,0.011544263648110398,0.0,4.431664600143152,112,0.43321524038631115,-0.20368616301548043,11346.063060537326
1912,70.00105055640364,70.00105055640364,0.003192916590366263,0.0,4.431664600143152,112,0.4331771165112574,-0.18000086246603791,11347.74876467259
1913,70.1573861280072,70.1573861280072,0.0022308416123568604,0.0,4.431664600143152,112,0.43313673518415685,-0.17784565047560208,11348.526150663758
1914,69.47922523240845,69.47922523240845,-0.00971330113102415,0.0,4.431664600143152,112,0.4332067647266564,-0.1795018481915133,11342.03390776398
1915,69.36834645354469,69.36834645354469,-0.0015971298753989255,0.0,4.431664600143152,112,0.43322121134781644,-0.16868743300514427,11341.028517643965
1916,68.9693008680702,68.9693008680702,-0.0057691698535684175,0.0,4.431664600143152,112,0.43330544812170113,-0.16842546125387284,11337.188799720974
1917,69.29590675938053,69.29590675938053,0.004724348292486852,0.0,4.431664600143152,112,0.43324640134854897,-0.1994034001511779,11340.117494568132
1918,69.05900231473082,69.05900231473082,-0.0034245937172241005,0.0,4.431664600143152,112,0.43328925286650155,-0.22190286591176492,11337.982106430856
1919,69.04336696703588,69.04336696703588,-0.0002264312747573838,0.0,4.431664600143152,112,0.4332925661067997,-0.20362505721802204,11337.833562832959
1920,68.90079724537009,68.90079724537009,-0.002067064935202032,0.0,4.431664600143152,112,0.43332618662625705,-0.1845290841210247,11336.431298819545
1921,68.85943538672836,68.85943538672836,-0.0006004905638489298,0.0,4.431664600143152,112,0.43333495163881786,-0.17848265900724633,11336.049395884755
1922,68.8015586277716,68.8015586277716,-0.0008408592830702991,0.0,4.431664600143152,112,0.43335040471393355,-0.18456078583208763,11335.451904720947
1923,68.96294265921438,68.96294265921438,0.002342898261267498,0.0,4.431664600143152,112,0.43331898499704574,-0.18348202958532367,11336.88806334061
1924,69.09528177426631,69.09528177426631,0.0019171499000359496,0.0,4.431664600143152,112,0.433293126692618,-0.18368797969638764,11338.097323566524
1925,69.13503424558606,69.13503424558606,0.000575162866732135,0.0,4.431664600143152,112,0.4332863723026327,-0.1882333925227392,11338.442801129795
1926,69.31959937019222,69.31959937019222,0.0026660752205916963,0.0,4.431664600143152,112,0.4332515598212009,-0.19025238540713357,11340.14783327618
1927,69.11526176465533,69.11526176465533,-0.00295211411723284,0.0,4.431664600143152,112,0.4332880334457135,-0.1948432925204326,11338.30452859583
1928,68.88709708402399,68.88709708402399,-0.003306680993477559,0.0,4.431664600143152,112,0.4333399096276292,-0.18780629506537622,11336.090054425411
1929,69.58816352777578,69.58816352777578,0.010125598327682804,0.0,4.431664600143152,112,0.4332308516429315,-0.1999604542092989,11342.365616650028
1930,69.48192304051332,69.48192304051332,-0.0015278700193730062,0.0,4.431664600143152,112,0.43324423905327797,-0.21246641877130856,11341.30991430035
1931,68.89925269765602,68.89925269765602,-0.008421286829413982,0.0,4.431664600143152,112,0.43334379264720196,-0.1956092097159017,11336.074165051226
1932,68.72720921342896,68.72720921342896,-0.002500152535420325,0.0,4.431664600143152,112,0.4333869093429811,-0.18336766911477365,11334.393487006522
1933,68.52922244675258,68.52922244675258,-0.0028849198773131216,0.0,4.431664600143152,112,0.4334623440049502,-0.19423069060424653,11332.607263387965
1934,67.86496241334964,67.86496241334964,-0.009740375454820099,0.0,4.431664600143152,112,0.43374292564355627,-0.1958705596297209,11326.253153414087
1935,67.92956265893183,67.92956265893183,0.0009514411633462282,0.0,4.431664600143152,112,0.43371749877460897,-0.1755656111008821,11326.821686023568
1936,67.84538543532257,67.84538543532257,-0.0012399523708291396,0.0,4.431664600143152,112,0.4337559250123374,-0.19367740290916202,11325.976004149174
1937,67.62481028213949,67.62481028213949,-0.003256440974891434,0.0,4.431664600143152,112,0.4338537309680814,-0.18635109272336262,11323.78269012521
1938,68.06597037703516,68.06597037703516,0.006502455762675925,0.0,4.431664600143152,112,0.4337079083027194,-0.18165558325794084,11326.850458967903
1939,67.92713454388698,67.92713454388698,-0.002041807655800434,0.0,4.431664600143152,112,0.4337647557793909,-0.19773328299849607,11325.59735839017
1940,67.71612854342271,67.71612854342271,-0.0031111927841413894,0.0,4.431664600143152,112,0.43385846540344136,-0.1971955077547303,11323.551272065259
1941,67.65621351984149,67.65621351984149,-0.0008851886076620836,0.0,4.431664600143152,112,0.4338833562006954,-0.19805827064026568,11323.004424642262
1942,67.37710671367391,67.37710671367391,-0.004133901220223162,0.0,4.431664600143152,112,0.43400659689310345,-0.19499245076328553,11320.31335609073
1943,67.58265804397627,67.58265804397627,0.0030461151086159303,0.0,4.431664600143152,112,0.43392356763659046,-0.20891741615073306,11322.142027248483
1944,67.31314800293472,67.31314800293472,-0.003995830671647721,0.0,4.431664600143152,112,0.43404262211451555,-0.21848165403007389,11319.54281618682
1945,67.1437016753355,67.1437016753355,-0.0025204579418341166,0.0,4.431664600143152,112,0.43411207625574366,-0.21576442807969448,11318.015976844463
1946,66.99855719594416,66.99855719594416,-0.0021640389427769278,0.0,4.431664600143152,112,0.4341773503065295,-0.21828600271827342,11316.595061038532
1947,66.96726438589862,66.96726438589862,-0.00046717603408376546,0.0,4.431664600143152,112,0.4341906423298361,-0.2222189939685613,11316.30449268472
1948,67.41533734059776,67.41533734059776,0.006668640277140174,0.0,4.431664600143152,112,0.4339987408607299,-0.20885987605778686,11320.503281584939
1949,67.78133948495508,67.78133948495508,0.005414379215211068,0.0,4.431664600143152,112,0.43384996555017635,-0.16889641474614955,11323.778357515313
1950,68.08543445738214,68.08543445738214,0.004476377430477903,0.0,4.431664600143152,112,0.4337266262542298,-0.13951454429833587,11326.499473060941
1951,67.79707506827104,67.79707506827104,-0.004244252229154865,0.0,4.431664600143152,112,0.433843571161117,-0.14940304835260856,11323.91916333015
1952,67.69822792559961,67.69822792559961,-0.001459049251494569,0.0,4.431664600143152,112,0.43388374181061906,-0.14880081085214222,11323.034655130567
1953,67.78114984460959,67.78114984460959,0.0012241262209720506,0.0,4.431664600143152,112,0.43385004261433,-0.16427415241961965,11323.77666056752
1954,67.16393655898966,67.16393655898966,-0.009147685271168786,0.0,4.431664600143152,112,0.4341009820271469,-0.12710871227148635,11318.253686435251
1955,67.30498197902641,67.30498197902641,0.002097815217027452,0.0,4.431664600143152,112,0.43404361583205503,-0.1766391947667987,11319.515795052299
1956,67.44767902607897,67.44767902607897,0.002117911428653766,0.0,4.431664600143152,112,0.43398612678932597,-0.16479770641543204,11320.782076495005
1957,67.74107698226034,67.74107698226034,0.004340574253264364,0.0,4.431664600143152,112,0.4338614275293466,-0.1325269665745949,11323.51510396108
1958,67.60017563418708,67.60017563418708,-0.0020821648426439876,0.0,4.431664600143152,112,0.4339192318165301,-0.07590241960261776,11322.243649094024
1959,67.96322400077862,67.96322400077862,0.005356154175951263,0.0,4.431664600143152,112,0.4337644295626239,-0.10141765277573342,11325.63635245208
1960,68.07564760498893,68.07564760498893,0.0016528162645945,0.0,4.431664600143152,112,0.43371941325815716,-0.0991690037458538,11326.631670653529
1961,67.77920240210425,67.77920240210425,-0.004364152967270973,0.0,4.431664600143152,112,0.43384988690711795,-0.09031308406218401,11323.777988652075
1962,67.91419010533704,67.91419010533704,0.001989599423634729,0.0,4.431664600143152,112,0.43379557361017,-0.13472405979838195,11324.975279390752
1963,68.15798291499398,68.15798291499398,0.0035832906185481817,0.0,4.431664600143152,112,0.43369757144931514,-0.12493499254178106,11327.13550237061
1964,68.44878244910701,68.44878244910701,0.004257475427265529,0.0,4.431664600143152,112,0.4335985629529558,-0.1109585961288858,11329.368318409874
1965,68.21589352650284,68.21589352650284,-0.00340818351739467,0.0,4.431664600143152,112,0.4336982367078511,-0.13016476965541351,11327.119428845008
1966,68.16460591095127,68.16460591095127,-0.000752125387146689,0.0,4.431664600143152,112,0.43371855597094816,-0.1371060342766564,11326.660840291202
1967,68.74242134122355,68.74242134122355,0.008441040211016443,0.0,4.431664600143152,112,0.4334921399409052,-0.13287227176022842,11331.827380784149
1968,68.91773005023758,68.91773005023758,0.0025469796744013425,0.0,4.431664600143152,112,0.4334244851680496,-0.1144293167727786,11333.394904765744
1969,68.40455511025307,68.40455511025307,-0.007474057517722608,0.0,4.431664600143152,112,0.433624263267701,-0.08172231730815042,11328.806347644406
1970,68.64130628588032,68.64130628588032,0.003455068379787379,0.0,4.431664600143152,112,0.4335316738165757,-0.019918760915987908,11330.923259847761
1971,69.22095033597394,69.22095033597394,0.008409081353717514,0.0,4.431664600143152,112,0.4333091053796729,-0.02850663412248907,11336.106150956937
1972,68.87701033357163,68.87701033357163,-0.004981112130444095,0.0,4.431664600143152,112,0.43344006943452207,-0.07048375339082111,11333.03080914975
1973,68.92099989564673,68.92099989564673,0.0006384644233431264,0.0,4.431664600143152,112,0.433423233774921,-0.054263732285676644,11333.424142110103
1974,69.20968720092907,69.20968720092907,0.004179921662200449,0.0,4.431664600143152,112,0.4333131017454697,-0.06735290708121754,11336.005441560412
1975,69.26510921983295,69.26510921983295,0.0008004636698616548,0.0,4.431664600143152,112,0.4332934376869708,-0.07230133488826769,11336.500997909145
1976,69.54449648385041,69.54449648385041,0.004025479935316179,0.0,4.431664600143152,112,0.4332370708560166,-0.04553458705076752,11338.999140978947
1977,69.50635808214778,69.50635808214778,-0.0005485533012798522,0.0,4.431664600143152,112,0.4332439240329376,-0.03371062199788823,11338.658126207778
1978,69.01829222402239,69.01829222402239,-0.007046657423589539,0.0,4.431664600143152,112,0.43338600226174684,-0.02937032348200091,11334.29408210802
1979,68.85820122911409,68.85820122911409,-0.0023222387347340313,0.0,4.431664600143152,112,0.4334472918612392,-0.014905671581812054,11332.86262741779
1980,68.80740025987491,68.80740025987491,-0.000738034352745119,0.0,4.431664600143152,112,0.4334669020629033,-0.014595483674595778,11332.408390215209
1981,68.39869543870327,68.39869543870327,-0.005957549158672531,0.0,4.431664600143152,112,0.4336265553266997,-0.010745939916280192,11328.753953352472
1982,68.91608144287275,68.91608144287275,0.007535801526583593,0.0,4.431664600143152,112,0.4334251161042796,-0.045883099976295735,11333.380163732083
1983,68.60511602444714,68.60511602444714,-0.004522443872712458,0.0,4.431664600143152,112,0.4335458249864259,-0.0775288174269032,11330.5996643857
1984,68.4155721177191,68.4155721177191,-0.0027666483098407646,0.0,4.431664600143152,112,0.4336199539314985,-0.06883458013151453,11328.904856289559
1985,68.79517283641684,68.79517283641684,0.005533118959354043,0.0,4.431664600143152,112,0.4334716223304118,-0.08043637956910166,11332.299058627455
1986,68.99837486147796,68.99837486147796,0.0029493713712575864,0.0,4.431664600143152,112,0.4333936237082988,-0.0603751821921762,11334.115990879041
1987,69.2024041653648,69.2024041653648,0.002952652706496962,0.0,4.431664600143152,112,0.43331575464859223,-0.060937367422024435,11335.940320249725
1988,69.39204314401752,69.39204314401752,0.002736604542027273,0.0,4.431664600143152,112,0.4332646063671905,-0.027185498215058005,11337.635978432112
1989,68.95466669864634,68.95466669864634,-0.006322924528344086,0.0,4.431664600143152,112,0.43341435001223927,-0.030935254659759485,11333.622460379795
1990,68.33207522477164,68.33207522477164,-0.00907000535186358,0.0,4.431664600143152,112,0.43362863813079255,0.0066049082132285195,11328.7452750298
1991,67.95713498012947,67.95713498012947,-0.00550214048457221,0.0,4.431664600143152,112,0.4337777955967938,0.029240533521365814,11325.389522680583
1992,67.67200765927954,67.67200765927954,-0.00420452028732059,0.0,4.431664600143152,112,0.4338936779197907,0.041246114237956114,11322.837604900511
1993,67.94193241100422,67.94193241100422,0.003980787049403574,0.0,4.431664600143152,112,0.4337839729537042,0.006184683125447677,11325.253458180214
1994,67.71955297933302,67.71955297933302,-0.0032784490043489883,0.0,4.431664600143152,112,0.4338743507757906,0.0037327058981957836,11323.263140227122
1995,67.01634225951427,67.01634225951427,-0.010438452259351087,0.0,4.431664600143152,112,0.43416035373670425,0.03110389598984614,11316.96933459077
1996,66.65627353430492,66.65627353430492,-0.005387335228510376,0.0,4.431664600143152,112,0.43430761159667947,0.06927595105873588,11313.746683814372
1997,66.45757599013768,66.45757599013768,-0.0029853796949191797,0.0,4.431664600143152,112,0.4343890145162209,0.0956916527789902,11311.96832110151
1998,67.19034931009567,67.19034931009567,0.010965836712698109,0.0,4.431664600143152,112,0.4340895536821634,0.07683985151708062,11318.526714939006
1999,66.8619098525852,66.8619098525852,-0.00490018022467758,0.0,4.431664600143152,112,0.4342233929248788,0.034315174117835426,11315.587149243232
