step,price,fundamental,log_return,volume,strategy_entropy,n_families,wealth_gini,acf1,mean_fitness
0,100.0,100.0,0.0,0.0,6.214608098422218,500,0.0,0.0,20000.0
1,100.0,100.0,0.0,0.0,6.214608098422218,500,0.0,0.0,20000.0
2,100.0,100.0,0.0,0.0,6.214608098422218,500,0.0,0.0,20000.0
3,100.0,100.0,0.0,0.0,6.214608098422218,500,0.0,0.0,20000.0
4,100.0,100.0,0.0,0.0,6.214608098422218,500,0.0,0.0,20000.0
5,100.0,100.0,0.0,0.0,6.214608098422218,500,0.0,0.0,20000.0
6,100.0,100.0,0.0,0.0,6.214608098422218,500,0.0,0.0,20000.0
7,100.0,100.0,0.0,0.0,6.214608098422218,500,0.0,0.0,20000.0
8,100.0,100.0,0.0,0.0,6.214608098422218,500,0.0,0.0,20000.0
9,100.0,100.0,0.0,0.0,6.214608098422218,500,0.0,0.0,20000.0
10,100.0,100.0,0.0,0.0,6.214608098422218,500,0.0,0.0,20000.0
11,100.0,100.0,0.0,0.0,6.214608098422218,500,0.0,0.0,20000.0
12,100.0,100.0,0.0,0.0,6.214608098422218,500,0.0,0.0,20000.0
13,100.0,100.0,0.0,0.0,6.214608098422218,500,0.0,0.0,20000.0
14,100.0,100.0,0.0,0.0,6.214608098422218,500,0.0,0.0,20000.0
15,100.0,100.0,0.0,0.0,6.214608098422218,500,0.0,0.0,20000.0
16,100.0,100.0,0.0,0.0,6.214608098422218,500,0.0,0.0,20000.0
17,100.0,100.0,0.0,0.0,6.214608098422218,500,0.0,0.0,20000.0
18,100.0,100.0,0.0,0.0,6.214608098422218,500,0.0,0.0,20000.0
19,100.0,100.0,0.0,0.0,6.214608098422218,500,0.0,0.0,20000.0
20,100.0,100.0,0.0,0.0,6.214608098422218,500,0.0,0.0,20000.0
21,100.0,100.0,0.0,0.0,6.214608098422218,500,0.0,0.0,20000.0
22,100.0,100.0,0.0,0.0,6.214608098422218,500,0.0,0.0,20000.0
23,99.9996000008,99.9996000008,-3.999999999948263e-06,0.0,6.214608098422218,500,5.988003592802156e-07,0.0,19999.988
24,99.9992000016,99.9992000016,-4.0000159999913825e-06,0.0,6.214608098422218,500,6.067843849619031e-07,0.0,19999.987839999678
25,99.99489746084954,99.99489746084954,-4.3026677344096804e-05,0.0,6.214608098422218,500,7.003164317172719e-05,0.0,19997.778118976497
26,99.91625291172355,99.91625291172355,-0.0007867950640720616,0.0,6.214608098422218,500,0.0005598163518983995,0.0,19981.98965194755
27,99.90155102588237,99.90155102588237,-0.00014715291208287584,0.0,6.214608098422218,500,0.0006489168012492211,0.0,19977.81650760299
28,99.84031312288768,99.84031312288768,-0.0006131704555211285,0.0,6.214608098422218,500,0.001096145430608087,0.0,19963.567369156153
29,99.8337522105489,99.8337522105489,-6.571621938168333e-05,0.0,6.214608098422218,500,0.0011649794551255597,0.0,19961.423082124107
30,99.77355086905474,99.77355086905474,-0.000603197802792699,0.0,6.214608098422218,500,0.0016033165549469242,0.0,19947.69566924227
31,99.76675216025305,99.76675216025305,-6.814371534078742e-05,0.0,6.214608098422218,500,0.0016660183936613598,0.0,19945.89741606081
32,99.71567044433002,99.71567044433002,-0.0005121425373984855,0.0,6.214608098422218,500,0.0020461601570941246,0.0,19934.947846196148
33,99.71407736366643,99.71407736366643,-1.5976359405970447e-05,0.0,6.214608098422218,500,0.002097305675579102,0.0,19933.639363227092
34,99.69418508366945,99.69418508366945,-0.00019951309759012837,0.0,6.214608098422218,500,0.0022660376875375354,0.0,19929.63759231898
35,99.6972572173433,99.6972572173433,3.081510057446255e-05,0.0,6.214608098422218,500,0.0022799255322376085,0.0,19928.528043452847
36,99.68185316309165,99.68185316309165,-0.00015452024289728218,0.0,6.214608098422218,500,0.002293403979381553,0.0,19924.60153722182
37,99.6845677288065,99.6845677288065,2.7231925044106975e-05,0.0,6.214608098422218,500,0.0023193590785560722,0.0,19922.475845475106
38,99.68174896395352,99.68174896395352,-2.8277242614710725e-05,0.0,6.214608098422218,500,0.0023277269757763955,0.0,19921.497497428925
39,99.66447705338973,99.66447705338973,-0.00017328555400405532,0.0,6.214608098422218,500,0.0023502044749113427,0.0,19914.3422169012
40,99.66331621810426,99.66331621810426,-1.1647500495889786e-05,0.0,6.214608098422218,500,0.002383487116744645,0.0,19912.547566676596
41,99.66843855142174,99.66843855142174,5.139505569030465e-05,0.0,6.214608098422218,500,0.0024772097566598686,0.0,19909.356201676674
42,99.6519202697705,99.6519202697705,-0.00016574605611540438,0.0,6.214608098422218,500,0.002512678939220952,0.0,19904.539298008996
43,99.63141542550802,99.63141542550802,-0.00020578584017869284,0.0,6.214608098422218,500,0.00248238806333376,0.0,19897.891104313017
44,99.62945185691426,99.62945185691426,-1.9708522005387705e-05,0.0,6.214608098422218,500,0.0025012798701921713,0.0,19896.90576731102
45,99.61459904465441,99.61459904465441,-0.0001490916513707899,0.0,6.214608098422218,500,0.002512689345956545,0.0,19890.330251437103
46,99.61866446096359,99.61866446096359,4.081061804842625e-05,0.0,6.214608098422218,500,0.0025508240702446817,0.0,19884.94094385222
47,99.61007553655915,99.61007553655915,-8.622174099846792e-05,0.0,6.214608098422218,500,0.00261756520407997,0.0,19883.018302851582
48,99.61344749112938,99.61344749112938,3.38509681919491e-05,0.0,6.214608098422218,500,0.002728140748039467,0.0,19875.22148306097
49,99.6188810613356,99.6188810613356,5.4545065522728736e-05,0.0,6.214608098422218,500,0.0027970810246397155,0.0,19868.24950788715
50,99.61989012797214,99.61989012797214,1.012921963463668e-05,0.0,6.214608098422218,500,0.0028554577425152225,0.0,19866.755568981705
51,99.61625706531012,99.61625706531012,-3.6469914858393265e-05,0.0,6.214608098422218,500,0.003012637759429935,0.0,19858.2734000121
52,99.61537679733227,99.61537679733227,-8.836628609517393e-06,0.0,6.214608098422218,500,0.0030681650972190005,0.0,19851.183119233923
53,99.57480592896086,99.57480592896086,-0.0004073581175252799,0.0,6.214608098422218,500,0.0033541533142363612,0.0,19841.842215058903
54,99.56973781080936,99.56973781080936,-5.0898890398031164e-05,0.0,6.214608098422218,500,0.0034178079004686616,0.0,19839.93014106237
55,99.5347366946642,99.5347366946642,-0.00035158543365372726,0.0,6.214608098422218,500,0.0036865314655937604,0.0,19832.06484693823
56,99.53103927794434,99.53103927794434,-3.714768851867778e-05,0.0,6.214608098422218,500,0.0037313193706928305,0.0,19830.83706880721
57,99.53220785410667,99.53220785410667,1.174075254147397e-05,0.0,6.214608098422218,500,0.0037829427761390325,0.0,19829.51545830088
58,99.52919341833912,99.52919341833912,-3.028649199202858e-05,0.0,6.214608098422218,500,0.003921950804016237,0.0,19821.523645834015
59,99.53333306831297,99.53333306831297,4.1591454177859176e-05,0.0,6.214608098422218,500,0.003977245589345918,0.0,19813.76665025571
60,99.49153049477313,99.49153049477313,-0.00042007388831901646,0.0,6.214608098422218,500,0.004289800062196746,0.0270245439187167,19803.945557335395
61,99.48910825714799,99.48910825714799,-2.4346465469752295e-05,0.0,6.214608098422218,500,0.004327497023020806,0.012519454669986376,19802.855564002133
62,99.49369579985598,99.49369579985598,4.6109941314206034e-05,0.0,6.214608098422218,500,0.0044437436152574145,0.012908277360850203,19799.519290168202
63,99.47068162638787,99.47068162638787,-0.00023133963846648598,0.0,6.214608098422218,500,0.004544519656700962,-0.001249960937398179,19793.18084669473
64,99.47082852541259,99.47082852541259,1.476806168891949e-06,0.0,6.214608098422218,500,0.004563958119374167,-0.012015836639297202,19792.084912447055
65,99.44897233592104,99.44897233592104,-0.00021974875788996373,0.0,6.214608098422218,500,0.004645874402526355,-0.02248184610752093,19786.92218847252
66,99.44831819902765,99.44831819902765,-6.57763503598515e-06,0.0,6.214608098422218,500,0.004681152802596227,-0.032570315505650364,19783.238365037127
67,99.44821001864385,99.44821001864385,-1.0878056522448331e-06,0.0,6.214608098422218,500,0.00479700936421647,-0.032938451713352836,19774.19229939845
68,99.40098054037252,99.40098054037252,-0.00047502812585429514,0.0,6.214608098422218,500,0.005110547992238479,-0.05258056501447362,19763.403630950477
69,99.38541182223118,99.38541182223118,-0.00015663766506485665,0.0,6.214608098422218,500,0.005179019981638855,-0.047593754684135174,19760.01575862176
70,99.33816475122592,99.33816475122592,-0.00047550545043686574,0.0,6.214608098422218,500,0.005491016905028747,-0.041273334295307204,19749.35297691219
71,99.31918105747354,99.31918105747354,-0.00019111997830113754,0.0,6.214608098422218,500,0.005556503126235709,-0.03385174379834925,19745.216858695003
72,99.27078555620992,99.27078555620992,-0.0004873912116194317,0.0,6.214608098422218,500,0.005881885040875208,-0.025951578580107597,19734.745295235396
73,99.25476584419523,99.25476584419523,-0.0001613869039672153,0.0,6.214608098422218,500,0.005961608942268212,-0.026609382726411637,19731.301332062074
74,99.20741014453617,99.20741014453617,-0.0004772264571008712,0.0,6.214608098422218,500,0.006294721574731669,-0.027385500534062513,19721.14142190243
75,99.20217813632645,99.20217813632645,-5.273946946075563e-05,0.0,6.214608098422218,500,0.00636076759516442,-0.04661110978854281,19719.346836214234
76,99.19620686077496,99.19620686077496,-6.019480000688334e-05,0.0,6.214608098422218,500,0.006408866613067218,-0.052009940548367425,19718.130250393515
77,99.21493310955145,99.21493310955145,0.00018876207086856458,0.0,6.214608098422218,500,0.006545925899350324,-0.04742283570256571,19710.30514432941
78,99.22214645890904,99.22214645890904,7.270162790596352e-05,0.0,6.214608098422218,500,0.006600670985515495,-0.027387522349701984,19701.241413910215
79,99.227898535268,99.227898535268,5.7970018205218836e-05,0.0,6.214608098422218,500,0.006737714401113547,-0.01856534774703623,19697.532147241465
80,99.20764210103873,99.20764210103873,-0.00020416135370376011,0.0,6.214608098422218,500,0.006877123953865691,-0.03140409199238192,19686.601817220857
81,99.20651684431914,99.20651684431914,-1.1342504240477014e-05,0.0,6.214608098422218,500,0.006897051669256154,-0.04206416046877939,19685.59911038688
82,99.18944631214012,99.18944631214012,-0.00017208547945784942,0.0,6.214608098422218,500,0.006951991287278658,-0.051547822671826386,19676.34164836947
83,99.19201274037314,99.19201274037314,2.5873670305994793e-05,0.0,6.214608098422218,500,0.007056712689831283,-0.06071719649931777,19671.4633681574
84,99.19603987604245,99.19603987604245,4.059857049596569e-05,0.0,6.214608098422218,500,0.007202669099292797,-0.05378302055559328,19666.983928817186
85,99.17382768996579,99.17382768996579,-0.0002239471794989637,0.0,6.214608098422218,500,0.00733167486531831,-0.035414367714963896,19657.181164970778
86,99.17336841290053,99.17336841290053,-4.63104167120052e-06,0.0,6.214608098422218,500,0.007343951074624201,-0.0553685056099528,19656.654644272978
87,99.15087245088147,99.15087245088147,-0.00022686043841704578,0.0,6.214608098422218,500,0.007328904577684098,-0.0660470130328417,19648.61055114249
88,99.15324586315101,99.15324586315101,2.393709510256975e-05,0.0,6.214608098422218,500,0.007414280817028358,-0.06885373890982843,19642.443928506047
89,99.14149682190951,99.14149682190951,-0.00011850078419793954,0.0,6.214608098422218,500,0.007510892403211076,-0.05598353037989317,19639.876121436515
90,99.15002881958185,99.15002881958185,8.60550913610548e-05,0.0,6.214608098422218,500,0.007635249477757094,-0.052243365822665554,19632.42418955996
91,99.15608990550707,99.15608990550707,6.112858207378754e-05,0.0,6.214608098422218,500,0.00773559086791191,-0.024214022968691733,19626.595858616067
92,99.15728897475698,99.15728897475698,1.2092671272980615e-05,0.0,6.214608098422218,500,0.00791542691632786,0.00703987228133492,19620.06291966436
93,99.14010395129004,99.14010395129004,-0.00017332576345431992,0.0,6.214608098422218,500,0.008001961511230072,0.0069489812553502756,19615.135648801155
94,99.12886138823026,99.12886138823026,-0.00011340718959805985,0.0,6.214608098422218,500,0.008037319591312984,0.01662673247758634,19609.926961322206
95,99.1320356948824,99.1320356948824,3.202151003165036e-05,0.0,6.214608098422218,500,0.008162222138196252,0.02004242046689277,19604.66016475251
96,99.1329867679844,99.1329867679844,9.593957524118376e-06,0.0,6.214608098422218,500,0.00819707661030725,0.033640348639504894,19603.85756998687
97,99.12522317745189,99.12522317745189,-7.831797269450069e-05,0.0,6.214608098422218,500,0.008336277507174597,0.029594069038714206,19594.391237681066
98,99.12700883825345,99.12700883825345,1.80140297382695e-05,0.0,6.214608098422218,500,0.008419475186761897,0.034035349850162,19587.204581509173
99,99.09271628256104,99.09271628256104,-0.000346005484707677,0.0,6.214608098422218,500,0.008691214137119836,0.018982815010449825,19578.540146328916
100,99.0936326346281,99.0936326346281,9.24737825846715e-06,0.0,6.214608098422218,500,0.008700854443789366,-0.005730813448918083,19578.041805857778
101,99.09270714574448,99.09270714574448,-9.339582986868243e-06,0.0,6.214608098422218,500,0.008743698685487175,0.00663560415713544,19572.291010318906
102,99.10071554144649,99.10071554144649,8.081394021849238e-05,0.0,6.214608098422218,500,0.00880470891540229,0.011067526703479876,19563.66065570907
103,99.06223480868928,99.06223480868928,-0.0003883746499827904,0.0,6.214608098422218,500,0.009095820459788323,-0.015414680043189292,19554.367241860593
104,99.06143859879903,99.06143859879903,-8.037503813325765e-06,0.0,6.214608098422218,500,0.009102725133584217,-0.02842873198300453,19553.998711329503
105,99.06552271442335,99.06552271442335,4.122725749013345e-05,0.0,6.214608098422218,500,0.009124970634660752,-0.01649262626297295,19549.0111745683
106,99.07559653158019,99.07559653158019,0.00010168325690141634,0.0,6.214608098422218,500,0.009204840970860682,-0.0013737319197243971,19539.111438627377
107,99.0480421625446,99.0480421625446,-0.0002781532723188556,0.0,6.214608098422218,500,0.00944064730792765,-0.022880302625089746,19532.145117250086
108,99.05039260246892,99.05039260246892,2.3730020150945618e-05,0.0,6.214608098422218,500,0.009470798500289973,-0.04664508275146107,19530.344827672063
109,99.03587355725013,99.03587355725013,-0.00014659315384422518,0.0,6.214608098422218,500,0.009545850364073202,-0.06049798589487601,19526.33323843246
110,99.0356852491237,99.0356852491237,-1.9014151002817363e-06,0.0,6.214608098422218,500,0.009587851693831966,-0.06726299937914296,19520.858639518756
111,99.03964644561646,99.03964644561646,3.9996868457986976e-05,0.0,6.214608098422218,500,0.009677876518264157,-0.06201545405592154,19512.079109383
112,99.00764502700373,99.00764502700373,-0.0003231694677901404,0.0,6.214608098422218,500,0.009945107389070187,-0.06196888531315018,19504.15641269945
113,99.0087243613479,99.0087243613479,1.0901465848640482e-05,0.0,6.214608098422218,500,0.009959565316024786,-0.07175697732053812,19503.452065057285
114,99.00179071703982,99.00179071703982,-7.003309201193596e-05,0.0,6.214608098422218,500,0.010025778371846109,-0.06340976307077686,19497.472158939694
115,99.00562475906199,99.00562475906199,3.872624682693678e-05,0.0,6.214608098422218,500,0.01009323647740163,-0.0548966940813912,19490.54954823603
116,98.98655762894298,98.98655762894298,-0.00019260487912188355,0.0,6.214608098422218,500,0.010259175147649017,-0.06621205451673463,19486.056891861477
117,98.99282846642431,98.99282846642431,6.3348388002461e-05,0.0,6.214608098422218,500,0.010345788148639415,-0.07898050938377911,19480.755948238937
118,98.99990395399787,98.99990395399787,7.147219486360253e-05,0.0,6.214608098422218,500,0.010466083909811748,-0.0675137943024966,19473.92150439937
119,99.00393278584598,99.00393278584598,4.0694482642275206e-05,0.0,6.214608098422218,500,0.010541274374052279,-0.02904323298902724,19472.114719097615
120,98.99299257084516,98.99299257084516,-0.00011050893838117495,0.0,6.214608098422218,500,0.010730169072357274,-0.020054317702677803,19462.20465075685
121,98.99338776285124,98.99338776285124,3.992113047489334e-06,0.0,6.214608098422218,500,0.010810717833547465,-0.02640719619114552,19457.033371940768
122,98.99301962293421,98.99301962293421,-3.7188403173221363e-06,0.0,6.214608098422218,500,0.01081789645866089,-0.009693720493686567,19456.817008187165
123,98.9956192792061,98.9956192792061,2.6260661080800053e-05,0.0,6.214608098422218,500,0.010974980552787882,0.004038474655678699,19448.425979201216
124,99.0019578183789,99.0019578183789,6.40264317157589e-05,0.0,6.214608098422218,500,0.011063114052086966,0.021149130990912667,19440.68268372065
125,98.97705829715926,98.97705829715926,-0.0002515369743669818,0.0,6.214608098422218,500,0.011275241757034019,0.01174092610663762,19434.14457664411
126,98.97938382789292,98.97938382789292,2.3495378163023053e-05,0.0,6.214608098422218,500,0.011320599068463439,-0.0032008082158258623,19431.80169643156
127,98.97947143478325,98.97947143478325,8.851020098903301e-07,0.0,6.214608098422218,500,0.011325925672965588,0.02167436719551626,19431.626722417586
128,98.95463600754873,98.95463600754873,-0.00025094641530734536,0.0,6.214608098422218,500,0.011424541036397666,-0.008669221005917585,19419.843711478392
129,98.95452782753733,98.95452782753733,-1.0932289268819973e-06,0.0,6.214608098422218,500,0.011446049202921553,-0.04140301337892716,19414.461948888762
130,98.90639183114168,98.90639183114168,-0.0004865639705744886,0.0,6.214608098422218,500,0.011747974187647761,-0.09467403525281474,19403.471638927378
131,98.90318869925706,98.90318869925706,-3.2386013622869656e-05,0.0,6.214608098422218,500,0.011794036413995793,-0.1425019773163572,19402.26182930386
132,98.88976325969605,98.88976325969605,-0.00013575245678531207,0.0,6.214608098422218,500,0.011894356639441297,-0.19664214775167388,19399.7537512159
133,98.90313376946484,98.90313376946484,0.000135197067134158,0.0,6.214608098422218,500,0.012000946365680594,-0.23652621020136605,19394.511443381965
134,98.91284972501134,98.91284972501134,9.82322599283424e-05,0.0,6.214608098422218,500,0.012099277886103672,-0.24320474058219915,19385.170562335352
135,98.8940830182447,98.8940830182447,-0.0001897477157416214,0.0,6.214608098422218,500,0.012265960427657735,-0.25712006623658296,19380.517672076356
136,98.90353437442013,98.90353437442013,9.556592548702686e-05,0.0,6.214608098422218,500,0.012356896647196802,-0.26757096383274787,19375.626904207376
137,98.91031193228268,98.91031193228268,6.852460524626855e-05,0.0,6.214608098422218,500,0.01247262354892876,-0.2889950961807388,19370.667361763895
138,98.91395044069404,98.91395044069404,3.678525948352959e-05,0.0,6.214608098422218,500,0.012633738512909422,-0.29375368124397877,19365.812022326383
139,98.89276294761711,98.89276294761711,-0.00021422420700514973,0.0,6.214608098422218,500,0.012744833323212107,-0.28816345644890995,19359.524295672156
140,98.8915698763018,98.8915698763018,-1.2064366254836421e-05,0.0,6.214608098422218,500,0.01276889208943923,-0.2940680856237586,19358.07052284213
141,98.8762740823738,98.8762740823738,-0.0001546843374770463,0.0,6.214608098422218,500,0.012851497956932042,-0.2910460227351625,19353.874266718034
142,98.86173674913596,98.86173674913596,-0.00014703630528996585,0.0,6.214608098422218,500,0.012899111578686458,-0.2758190353062162,19347.529128308684
143,98.86437476469428,98.86437476469428,2.668353247108696e-05,0.0,6.214608098422218,500,0.013027094306371738,-0.2894511887474538,19341.848794849957
144,98.83562669847235,98.83562669847235,-0.00029082515135851305,0.0,6.214608098422218,500,0.013264436736001625,-0.28072443459938073,19334.962863435467
145,98.83868644774726,98.83868644774726,3.095747977018954e-05,0.0,6.214608098422218,500,0.013282207862768482,-0.29633430644840114,19334.168685242686
146,98.82505492859613,98.82505492859613,-0.00013792634984880053,0.0,6.214608098422218,500,0.01339474073027399,-0.2936749016765076,19327.96183756958
147,98.82535590475614,98.82535590475614,3.045540444240349e-06,0.0,6.214608098422218,500,0.013449230463351535,-0.2925998102682877,19325.58749356436
148,98.83320566082715,98.83320566082715,7.942743297292678e-05,0.0,6.214608098422218,500,0.013545699953879537,-0.2782706265974443,19323.52070996954
149,98.80774710577134,98.80774710577134,-0.000257624291324717,0.0,6.214608098422218,500,0.013730492134795809,-0.28510610835139855,19311.62854164307
150,98.80664843784818,98.80664843784818,-1.1119310616458588e-05,0.0,6.214608098422218,500,0.013761550357364915,-0.31239288622000927,19306.366081092132
151,98.75361094457051,98.75361094457051,-0.0005369247308911482,0.0,6.214608098422218,500,0.014029357419561524,-0.28833299462988426,19293.629135346495
152,98.74329016785302,98.74329016785302,-0.00010451583461562344,0.0,6.214608098422218,500,0.014064758938672022,-0.2704933981813918,19291.035215404532
153,98.68830426044389,98.68830426044389,-0.0005570122552069429,0.0,6.214608098422218,500,0.014347951456976584,-0.22367438705268644,19278.598325089166
154,98.67956940844215,98.67956940844215,-8.851341249278274e-05,0.0,6.214608098422218,500,0.014394291587880472,-0.21750671239239103,19276.34192266195
155,98.62399697631241,98.62399697631241,-0.0005633190987629746,0.0,6.214608098422218,500,0.014690943924824356,-0.1936394196514007,19263.838875246904
156,98.61668694499187,98.61668694499187,-7.412295656815415e-05,0.0,6.214608098422218,500,0.014746278506968438,-0.19816035614616054,19262.056976942426
157,98.56933322971585,98.56933322971585,-0.00048029486212432503,0.0,6.214608098422218,500,0.015060809090367472,-0.1861626637422908,19252.089837749925
158,98.56636908048215,98.56636908048215,-3.0072170582922258e-05,0.0,6.214608098422218,500,0.015073838286403065,-0.185067701053662,19251.780504442
159,98.57636407233468,98.57636407233468,0.00010139853192919657,0.0,6.214608098422218,500,0.015116402937604186,-0.16808822395664116,19247.902688477996
160,98.58831547788265,98.58831547788265,0.00012123272372989674,0.0,6.214608098422218,500,0.015193080142792689,-0.14860065130280933,19237.489113815365
161,98.58059968245306,98.58059968245306,-7.826584050796643e-05,0.0,6.214608098422218,500,0.015251699931568349,-0.15496294113267964,19235.873804072413
162,98.59534185006402,98.59534185006402,0.0001495331278638894,0.0,6.214608098422218,500,0.015380362203509634,-0.12614283265557424,19227.502316788
163,98.60273681783063,98.60273681783063,7.500040385831987e-05,0.0,6.214608098422218,500,0.01549299073045748,-0.09949909676372529,19221.80441525867
164,98.6014733047048,98.6014733047048,-1.281426116680703e-05,0.0,6.214608098422218,500,0.015687871345720777,-0.0986854404591893,19213.680143643585
165,98.58625949275194,98.58625949275194,-0.0001543078949913791,0.0,6.214608098422218,500,0.01577731755249799,-0.113627964308182,19209.157865716672
166,98.56687594891646,98.56687594891646,-0.00019663439645028084,0.0,6.214608098422218,500,0.015775484454645123,-0.09097597007245274,19202.123241271718
167,98.57061479266845,98.57061479266845,3.7931331461837795e-05,0.0,6.214608098422218,500,0.015896507034295196,-0.08838187487866508,19197.223479793603
168,98.57647241783526,98.57647241783526,5.942390781846639e-05,0.0,6.214608098422218,500,0.01599795249599134,-0.0752397196811877,19194.83725818529
169,98.55996988473929,98.55996988473929,-0.0001674224505806768,0.0,6.214608098422218,500,0.016179645145072367,-0.07889227814940038,19184.180310680895
170,98.55886854086859,98.55886854086859,-1.1174415185319733e-05,0.0,6.214608098422218,500,0.01621563587642601,-0.08732923304593744,19182.750161638836
171,98.54904941982724,98.54904941982724,-9.96319290574782e-05,0.0,6.214608098422218,500,0.016347444839531752,-0.07264431046432838,19174.516943343628
172,98.54958019194197,98.54958019194197,5.385852918093586e-06,0.0,6.214608098422218,500,0.016415652121793495,-0.06341951248062283,19171.88854081707
173,98.53485357709036,98.53485357709036,-0.0001494447288138586,0.0,6.214608098422218,500,0.016519554999922366,-0.06738820165405124,19164.36499629735
174,98.5387374213773,98.5387374213773,3.941516737753972e-05,0.0,6.214608098422218,500,0.016620442135457106,-0.07201993325323766,19158.26325799335
175,98.53603861602659,98.53603861602659,-2.7388643084085183e-05,0.0,6.214608098422218,500,0.016646379901515473,-0.061613523316592686,19157.573421232668
176,98.54390086587199,98.54390086587199,7.978741895543834e-05,0.0,6.214608098422218,500,0.0168054478198935,-0.047546994438141435,19150.284505760723
177,98.54752175048625,98.54752175048625,3.674319832502935e-05,0.0,6.214608098422218,500,0.01691627903778398,-0.049453596575435285,19142.811411806702
178,98.54960876315494,98.54960876315494,2.1177504343411574e-05,0.0,6.214608098422218,500,0.016969132041496665,-0.05341965025139053,19141.61692961234
179,98.54381394963474,98.54381394963474,-5.880270830057377e-05,0.0,6.214608098422218,500,0.017149072493938204,-0.05067053535341538,19132.769085062842
180,98.54479646677218,98.54479646677218,9.970308638134111e-06,0.0,6.214608098422218,500,0.017245400299638083,-0.04798176909969929,19127.20393753396
181,98.54540862803171,98.54540862803171,6.211990689509425e-06,0.0,6.214608098422218,500,0.017271385608783784,-0.04724434299295609,19126.561382821947
182,98.5422739038208,98.5422739038208,-3.1810452798457646e-05,0.0,6.214608098422218,500,0.017438336103205786,-0.04949834038542456,19118.178783981195
183,98.53972607996167,98.53972607996167,-2.5855469900679632e-05,0.0,6.214608098422218,500,0.01755893289266393,-0.05674420376856358,19111.19145855537
184,98.52404516049161,98.52404516049161,-0.00015914563498346728,0.0,6.214608098422218,500,0.017698389278788095,-0.04541289775537699,19107.315783276128
185,98.52699665746768,98.52699665746768,2.9956674667177725e-05,0.0,6.214608098422218,500,0.01778513469011518,-0.04079979318996601,19102.8872362833
186,98.52898515066404,98.52898515066404,2.018201303189493e-05,0.0,6.214608098422218,500,0.017878698637735533,-0.0393460349535371,19099.783818327607
187,98.51637261129159,98.51637261129159,-0.0001280166103168678,0.0,6.214608098422218,500,0.018034019335767447,-0.03439070045511581,19091.80237132328
188,98.51722365280513,98.51722365280513,8.63854215411183e-06,0.0,6.214608098422218,500,0.0181325042063637,-0.02982018070046345,19088.39035824915
189,98.51831254338627,98.51831254338627,1.1052732945233354e-05,0.0,6.214608098422218,500,0.018254026007734733,-0.008016592200430042,19083.35888253636
190,98.52161824490184,98.52161824490184,3.3553620351533166e-05,0.0,6.214608098422218,500,0.01839431659791165,0.005999987875550357,19076.305647872214
191,98.51460813880965,98.51460813880965,-7.11555049932565e-05,0.0,6.214608098422218,500,0.0184537536054964,0.007126445081424612,19074.74477703311
192,98.52117306476713,98.52117306476713,6.663689122665755e-05,0.0,6.214608098422218,500,0.018586646241868118,0.01599241072343041,19069.02190068869
193,98.52129376880106,98.52129376880106,1.2251575598525798e-06,0.0,6.214608098422218,500,0.018714714249972553,0.0002635336814440663,19061.133994664167
194,98.50974399633701,98.50974399633701,-0.00011723810226337072,0.0,6.214608098422218,500,0.01881023797807549,0.011559297817917088,19058.486029434014
195,98.51198695486075,98.51198695486075,2.2768640931164448e-05,0.0,6.214608098422218,500,0.018934166588212255,0.02215947967995073,19052.477193858736
196,98.513579775408,98.513579775408,1.6168668602025624e-05,0.0,6.214608098422218,500,0.019074057192430514,0.01241096653515719,19044.827993214727
197,98.49737152717996,98.49737152717996,-0.00016454159687515532,0.0,6.214608098422218,500,0.01921598129534775,-0.0032549293294894524,19041.039817645662
198,98.50190440694107,98.50190440694107,4.601925301917911e-05,0.0,6.214608098422218,500,0.01931389828024539,-0.00021161434292599443,19036.84939335044
199,98.50387989739562,98.50387989739562,2.005515179760181e-05,0.0,6.214608098422218,500,0.019458993936677327,0.012532249047833705,19030.25115350487
200,98.49908033792154,98.49908033792154,-4.8725759950978616e-05,0.0,5.92552507102857,400,0.08243274246177809,0.016907159069980422,17966.475544263903
201,98.49984434789043,98.49984434789043,7.756488723165893e-06,0.0,5.92552507102857,400,0.08255684834104042,0.012537717836421417,17960.523887559135
202,98.50219953094214,98.50219953094214,2.3910239766503445e-05,0.0,5.92552507102857,400,0.08269485724840188,0.022159067689767917,17953.564588310925
203,98.48235100464389,98.48235100464389,-0.00020152368611093375,0.0,5.92552507102857,400,0.08282347915821385,0.02802820930087157,17949.45547069234
204,98.48806236134878,98.48806236134878,5.799202640536543e-05,0.0,5.92552507102857,400,0.08287812046297525,0.03165704947827036,17947.068483701336
205,98.48297721380105,98.48297721380105,-5.16334539314491e-05,0.0,5.92552507102857,400,0.08292197839574343,0.037503290834478384,17945.674035062228
206,98.46367514735354,98.46367514735354,-0.00019601314648309286,0.0,5.92552507102857,400,0.08304244265874611,0.03985443762474884,17937.02864505104
207,98.45570362689139,98.45570362689139,-8.096227518211759e-05,0.0,5.92552507102857,400,0.08312896601126926,0.03526314809691794,17932.145409578414
208,98.4350889820148,98.4350889820148,-0.0002094018179190791,0.0,5.92552507102857,400,0.08325015788626845,0.05705612279898997,17928.66769963133
209,98.44089736524863,98.44089736524863,5.9005502329410146e-05,0.0,5.92552507102857,400,0.08330343120957764,0.052184786544626556,17926.71804671544
210,98.43593072267245,98.43593072267245,-5.0454313242165234e-05,0.0,5.92552507102857,400,0.08333022881768452,0.07097902647390905,17925.80085741133
211,98.41239661340975,98.41239661340975,-0.0002391090612077309,0.0,5.92552507102857,400,0.08348351477046609,0.061930778259658065,17916.94676247894
212,98.4044593514264,98.4044593514264,-8.065632334949621e-05,0.0,5.92552507102857,400,0.08354616455737295,0.0456137677039793,17912.527731526054
213,98.3724219554986,98.3724219554986,-0.00032562154657701396,0.0,5.92552507102857,400,0.08371187494614095,0.04238453151762161,17907.304770524253
214,98.37058721568074,98.37058721568074,-1.865113099203521e-05,0.0,5.92552507102857,400,0.08371928383287647,0.014562792676713617,17907.049092505906
215,98.37382825938776,98.37382825938776,3.294674158337794e-05,0.0,5.92552507102857,400,0.08377118125759399,0.001273028337764869,17903.16704705487
216,98.37586062002298,98.37586062002298,2.0659352976406062e-05,0.0,5.92552507102857,400,0.08391330880508054,-0.011987647007830803,17894.77389903089
217,98.34512444979659,98.34512444979659,-0.00031248491832827396,0.0,5.92552507102857,400,0.08407854678721242,-0.03525676152215041,17888.967954330576
218,98.34380841891182,98.34380841891182,-1.338184986405566e-05,0.0,5.92552507102857,400,0.08409030732503715,-0.04762088288563294,17888.46082729435
219,98.34630143968836,98.34630143968836,2.53497319054117e-05,0.0,5.92552507102857,400,0.08414468405230201,-0.0829312677837281,17883.615597327836
220,98.34354960715461,98.34354960715461,-2.7981438994257404e-05,0.0,5.92552507102857,400,0.08428647050703651,-0.07519921617844942,17876.51424174842
221,98.34020985617568,98.34020985617568,-3.396061767754486e-05,0.0,5.92552507102857,400,0.08429748401542035,-0.06301993967411279,17876.107629526956
222,98.34699624154602,98.34699624154602,6.900688161356989e-05,0.0,5.92552507102857,400,0.08443709211369786,-0.10427421257329175,17870.1627611029
223,98.339796455425,98.339796455425,-7.321067190650999e-05,0.0,5.92552507102857,400,0.08460071276381495,-0.11994959059994605,17863.43862827889
224,98.33897037881482,98.33897037881482,-8.400262249790525e-06,0.0,5.92552507102857,400,0.08462885079224361,-0.11545119979899998,17862.60097365981
225,98.33400538880026,98.33400538880026,-5.0489804165830596e-05,0.0,5.92552507102857,400,0.08479331863199542,-0.15043770078593577,17856.869395133202
226,98.32827697582219,98.32827697582219,-5.825634596345063e-05,0.0,5.92552507102857,400,0.08487187450216975,-0.13334585116702558,17853.98493546573
227,98.32364131427595,98.32364131427595,-4.7145856368077156e-05,0.0,5.92552507102857,400,0.08498465409016843,-0.15064258533981068,17849.85191469048
228,98.31768896501778,98.31768896501778,-6.054016469002366e-05,0.0,5.92552507102857,400,0.08501615141124592,-0.1278605829647989,17848.80487748593
229,98.3016113002236,98.3016113002236,-0.00016354106446652433,0.0,5.92552507102857,400,0.08513759453752091,-0.11595715172761682,17842.112731546847
230,98.2911420315205,98.2911420315205,-0.00010650716809829445,0.0,5.92552507102857,400,0.08523663499146111,-0.09654994821428244,17836.782238387488
231,98.25886853873038,98.25886853873038,-0.0003283998101707061,0.0,5.92552507102857,400,0.08538967181884653,-0.04888276403963231,17831.531570710245
232,98.25271681258118,98.25271681258118,-6.260929746420254e-05,0.0,5.92552507102857,400,0.08539910902942101,-0.0329251911861339,17831.014849607283
233,98.26074177839715,98.26074177839715,8.167344748760765e-05,0.0,5.92552507102857,400,0.08544695347308702,-0.02008973439057465,17827.531054676383
234,98.2561912240979,98.2561912240979,-4.6312083447767034e-05,0.0,5.92552507102857,400,0.08562208748121829,-0.023450330949777665,17819.762815236452
235,98.25357867883876,98.25357867883876,-2.6589469425152838e-05,0.0,5.92552507102857,400,0.08563874089075468,-0.027956420689468846,17819.16337490313
236,98.25529073051669,98.25529073051669,1.7424675874639856e-05,0.0,5.92552507102857,400,0.08579429023569556,-0.045762591495598755,17812.67137891282
237,98.25014584340987,98.25014584340987,-5.2363814433887464e-05,0.0,5.92552507102857,400,0.08592767148014266,-0.058080716524515415,17807.664085227436
238,98.24688743409362,98.24688743409362,-3.316497213409421e-05,0.0,5.92552507102857,400,0.08596615638185655,-0.05766408200047124,17806.300068902045
239,98.23940724049328,98.23940724049328,-7.613959656927203e-05,0.0,5.92552507102857,400,0.08612726947778589,-0.057614390898874844,17800.483424701415
240,98.22723770734362,98.22723770734362,-0.00012388396176312076,0.0,5.92552507102857,400,0.08625052112643777,-0.0612250504650719,17795.531792462913
241,98.22597851239306,98.22597851239306,-1.281928567839628e-05,0.0,5.92552507102857,400,0.08627212344885059,-0.06914643117631404,17794.840839619665
242,98.21950902668951,98.21950902668951,-6.586545496088641e-05,0.0,5.92552507102857,400,0.08641986920474026,-0.07128697878375,17789.039421162863
243,98.21110719200964,98.21110719200964,-8.55450626459099e-05,0.0,5.92552507102857,400,0.08655136792771317,-0.06500675615738152,17783.224494796425
244,98.20203221353806,98.20203221353806,-9.240704064396447e-05,0.0,5.92552507102857,400,0.08658176407675842,-0.04766222220608227,17781.96789404615
245,98.21084729688488,98.21084729688488,8.976074659370416e-05,0.0,5.92552507102857,400,0.08667762043259485,-0.06756899795122628,17778.345090192328
246,98.19936117741202,98.19936117741202,-0.0001169605141727201,0.0,5.92552507102857,400,0.08686894138394137,-0.0743329098835137,17770.186653067532
247,98.19585736394487,98.19585736394487,-3.568125022134818e-05,0.0,5.92552507102857,400,0.0868832194730515,-0.06875018812868687,17769.648809423663
248,98.1951216944071,98.1951216944071,-7.491887267907141e-06,0.0,5.92552507102857,400,0.0870216782560288,-0.07501323238050464,17763.910861427754
249,98.18907572166016,98.18907572166016,-6.157290483047593e-05,0.0,5.92552507102857,400,0.08717283031565125,-0.08732354301943777,17757.833138945818
250,98.18651693414459,98.18651693414459,-2.6060137933670058e-05,0.0,5.92552507102857,400,0.08719155476659037,-0.08637988850736238,17757.094404503012
251,98.18657916886389,98.18657916886389,6.338416059409471e-07,0.0,5.92552507102857,400,0.08733575340026738,-0.07903005802273873,17751.947221008988
252,98.1749627233799,98.1749627233799,-0.00011831691058843524,0.0,5.92552507102857,400,0.08748143639359185,-0.10188875738394568,17745.66992756809
253,98.17114926774065,98.17114926774065,-3.884421851866339e-05,0.0,5.92552507102857,400,0.08749331770080306,-0.0980463610560923,17745.17203419501
254,98.16792321940774,98.16792321940774,-3.28620105241946e-05,0.0,5.92552507102857,400,0.0876349958177611,-0.0882581712865902,17739.23862355776
255,98.16056307903736,98.16056307903736,-7.497781409714489e-05,0.0,5.92552507102857,400,0.08778762480903828,-0.10241822646326368,17732.141876504877
256,98.13379146022328,98.13379146022328,-0.00027277013689889227,0.0,5.92552507102857,400,0.08792340525242588,-0.0745646050918992,17727.699214759927
257,98.13155242037998,98.13155242037998,-2.2816456529040045e-05,0.0,5.92552507102857,400,0.08793747012797702,-0.07128448046150065,17727.206519126703
258,98.13411586784025,98.13411586784025,2.6122219772641344e-05,0.0,5.92552507102857,400,0.08801497571060286,-0.08201744828372894,17722.885480667053
259,98.13069666904988,98.13069666904988,-3.484270814023661e-05,0.0,5.92552507102857,400,0.08816228248444273,-0.08065286335575587,17715.60254897193
260,98.10587980132539,98.10587980132539,-0.00025292805554563355,0.0,5.92552507102857,400,0.0883035093546945,-0.08754973761021072,17711.172390558913
261,98.10496490285591,98.10496490285591,-9.325666691440045e-06,0.0,5.92552507102857,400,0.08832489085616288,-0.11893960328445653,17710.330230785727
262,98.1004934077313,98.1004934077313,-4.557972203099581e-05,0.0,5.92552507102857,400,0.08842433026010656,-0.09628511190701668,17705.523151850302
263,98.09242099514712,98.09242099514712,-8.229056195339553e-05,0.0,5.92552507102857,400,0.08855000204393942,-0.0687866144882477,17699.771965184602
264,98.08512510036286,98.08512510036286,-7.438052858584998e-05,0.0,5.92552507102857,400,0.08856888837848502,-0.07463612759883134,17699.017773785723
265,98.09139225779813,98.09139225779813,6.389304409934114e-05,0.0,5.92552507102857,400,0.08868518746002965,-0.07021366968011139,17693.990520198233
266,98.08435093402716,98.08435093402716,-7.178587586245092e-05,0.0,5.92552507102857,400,0.08887109209151227,-0.07805258064992796,17685.98039119447
267,98.06972823043569,98.06972823043569,-0.00014909405586514645,0.0,5.92552507102857,400,0.08895209327564133,-0.08006938673609997,17683.434830134403
268,98.0725571441096,98.0725571441096,2.884552577433918e-05,0.0,5.92552507102857,400,0.08902713116191627,-0.06277693539983321,17680.199571380035
269,98.06807862707234,98.06807862707234,-4.566638647236591e-05,0.0,5.92552507102857,400,0.08906065479289192,-0.06485334803067189,17679.192412837278
270,98.04703116751658,98.04703116751658,-0.00021464393700832302,0.0,5.92552507102857,400,0.08922586362382953,-0.062037450463041974,17670.386259377035
271,98.03674524749042,98.03674524749042,-0.00010491352445011377,0.0,5.92552507102857,400,0.08929689263113066,-0.059938719093048556,17666.358506058015
272,98.0049816652571,98.0049816652571,-0.000324049201274356,0.0,5.92552507102857,400,0.08945237087151044,-0.03964162520889088,17661.27557532703
273,98.00256581284874,98.00256581284874,-2.4650605954414754e-05,0.0,5.92552507102857,400,0.08946155291844048,-0.043841234411858054,17660.914678338522
274,98.00255313619579,98.00255313619579,-1.293502233492433e-07,0.0,5.92552507102857,400,0.08951481604574557,-0.04727455047058255,17656.51882753993
275,98.00514032786707,98.00514032786707,2.6398878796095685e-05,0.0,5.92552507102857,400,0.08965839296867449,-0.052254413561130995,17648.514996273967
276,97.96939000327153,97.96939000327153,-0.00036484664544624576,0.0,5.92552507102857,400,0.08982873111017298,-0.053606869364600296,17642.131422650233
277,97.96420736350328,97.96420736350328,-5.290200189365785e-05,0.0,5.92552507102857,400,0.08983185605210256,-0.04447939105038339,17641.70825426068
278,97.97240191327167,97.97240191327167,8.364490743632366e-05,0.0,5.92552507102857,400,0.0898604777147497,-0.04781629518367443,17637.676119807584
279,97.97354960177604,97.97354960177604,1.1714337504904593e-05,0.0,5.92552507102857,400,0.09002385790230477,-0.03334592233203997,17628.75894279661
280,97.95778627561941,97.95778627561941,-0.00016090663721607653,0.0,5.92552507102857,400,0.09010436097110416,-0.0485339961977338,17626.141370258225
281,97.96473901618828,97.96473901618828,7.097438705864891e-05,0.0,5.92552507102857,400,0.09018985749700159,-0.0773408244810344,17622.095744520164
282,97.9593701126464,97.9593701126464,-5.48059508051085e-05,0.0,5.92552507102857,400,0.09023175608373984,-0.07581791140344332,17620.83134377731
283,97.9365179931267,97.9365179931267,-0.0002333088238280609,0.0,5.92552507102857,400,0.09038869372045047,-0.07488866145432801,17612.08342432098
284,97.92554669181798,97.92554669181798,-0.00011203089621098538,0.0,5.92552507102857,400,0.0904538106502663,-0.06464619610323957,17608.85055341301
285,97.92139752651718,97.92139752651718,-4.237150922092275e-05,0.0,5.92552507102857,400,0.09046638663899234,-0.06705927391732937,17608.41188360002
286,97.92625683596576,97.92625683596576,4.962336123344655e-05,0.0,5.92552507102857,400,0.09060939975935646,-0.060113822817442236,17602.806636336347
287,97.92125834666959,97.92125834666959,-5.104470478055426e-05,0.0,5.92552507102857,400,0.09076916054718918,-0.056921712981419285,17596.192190641752
288,97.91979294934022,97.91979294934022,-1.4965170169363147e-05,0.0,5.92552507102857,400,0.09078892288041715,-0.053917756576922965,17595.654509063832
289,97.92077775279795,97.92077775279795,1.0057195546371363e-05,0.0,5.92552507102857,400,0.09095201290570477,-0.05434051768008938,17590.088635187643
290,97.91526722957529,97.91526722957529,-5.627690474039492e-05,0.0,5.92552507102857,400,0.09105002950624713,-0.07288986980463831,17586.79475259511
291,97.90856002097124,97.90856002097124,-6.850247695445563e-05,0.0,5.92552507102857,400,0.09117680919942549,-0.08478454669414545,17582.138416538357
292,97.9037201427613,97.9037201427613,-4.9433857844554444e-05,0.0,5.92552507102857,400,0.09120926381709832,-0.08403175417473566,17581.202407273064
293,97.88514573099988,97.88514573099988,-0.00018973920436434616,0.0,5.92552507102857,400,0.09134746505733952,-0.09232104925697328,17574.14160497893
294,97.87195369188294,97.87195369188294,-0.0001347796751771321,0.0,5.92552507102857,400,0.09145989985011667,-0.07537715864606992,17569.32456885064
295,97.85244085097044,97.85244085097044,-0.0001993909959227626,0.0,5.92552507102857,400,0.09156890473921706,-0.062117159565462154,17566.33093013333
296,97.85278587255782,97.85278587255782,3.525931250339134e-06,0.0,5.92552507102857,400,0.09159686165504904,-0.08301495398597855,17565.24887172179
297,97.8404527155822,97.8404527155822,-0.00012604581620624715,0.0,5.92552507102857,400,0.09171160445188971,-0.09163201212190457,17561.063575774766
298,97.83868787984271,97.83868787984271,-1.803805693513755e-05,0.0,5.92552507102857,400,0.09172694206087495,-0.09646042881009549,17560.491493402453
299,97.82631465387227,97.82631465387227,-0.00012647357296093626,0.0,5.92552507102857,400,0.09185358598348917,-0.10201091334959356,17555.09515509258
300,97.81918789108815,97.81918789108815,-7.285383711434116e-05,0.0,5.92552507102857,400,0.09195740699587143,-0.09644799201093969,17550.32830555752
301,97.78362533315406,97.78362533315406,-0.00036362011097618597,0.0,5.92552507102857,400,0.09211970368285949,-0.08283909796896491,17544.354592538588
302,97.77560371038922,97.77560371038922,-8.203778270736982e-05,0.0,5.92552507102857,400,0.09213698621276807,-0.07945822056008812,17543.521360272778
303,97.77798353041788,97.77798353041788,2.433931345736877e-05,0.0,5.92552507102857,400,0.09219908207514302,-0.07963260580538185,17541.474985780045
304,97.77023871037186,97.77023871037186,-7.921135729411896e-05,0.0,5.92552507102857,400,0.09225711165865738,-0.07554524202350928,17539.7005193753
305,97.76334169745968,97.76334169745968,-7.054555949570318e-05,0.0,5.92552507102857,400,0.09237758628962717,-0.06756550523155443,17534.251809359135
306,97.75530186565726,97.75530186565726,-8.224107594478651e-05,0.0,5.92552507102857,400,0.09250274102935097,-0.06501044482524891,17527.898940788033
307,97.70981163344352,97.70981163344352,-0.0004654562875254928,0.0,5.92552507102857,400,0.09267452911203919,-0.05325518948868552,17521.393862578956
308,97.69042592671211,97.69042592671211,-0.00019842050385473367,0.0,5.92552507102857,400,0.09271402125758409,0.004253747262619123,17518.797334373532
309,97.65220254064748,97.65220254064748,-0.0003913471099714062,0.0,5.92552507102857,400,0.09286278826541337,0.042648814613158524,17512.34329903573
310,97.6351148214877,97.6351148214877,-0.0001750008083904544,0.0,5.92552507102857,400,0.09290035127786837,0.06484533066080034,17510.428597939015
311,97.59983337891164,97.59983337891164,-0.00036142548539934096,0.0,5.92552507102857,400,0.09305221540666025,0.08673143938662871,17505.095837895762
312,97.59496825192024,97.59496825192024,-4.984894015376026e-05,0.0,5.92552507102857,400,0.09306702431600285,0.07328150869677816,17504.552417577735
313,97.596945804988,97.596945804988,2.0262653577408472e-05,0.0,5.92552507102857,400,0.09311109711054917,0.07462788404896446,17500.961056920245
314,97.59967091686518,97.59967091686518,2.7921712200997517e-05,0.0,5.92552507102857,400,0.09325341649758209,0.0882838273640562,17492.460177797257
315,97.57487300912473,97.57487300912473,-0.0002541100634853932,0.0,5.92552507102857,400,0.09338908704517561,0.06984398193169329,17487.94247362337
316,97.57840110195049,97.57840110195049,3.615714716768059e-05,0.0,5.92552507102857,400,0.0934328995936447,0.06203739546741232,17485.39047583477
317,97.56278766863436,97.56278766863436,-0.00016002191487930447,0.0,5.92552507102857,400,0.09353111366733464,0.04314265197636219,17481.50641387169
318,97.55872378591577,97.55872378591577,-4.165489175315698e-05,0.0,5.92552507102857,400,0.09359922482652068,0.0313850385086915,17477.535659485962
319,97.55364236094756,97.55364236094756,-5.208716463957491e-05,0.0,5.92552507102857,400,0.09369833762412862,0.044972299154093676,17474.220590039433
320,97.54760132343651,97.54760132343651,-6.192720660204268e-05,0.0,5.92552507102857,400,0.09383004055715159,0.06316743952034944,17469.950434959334
321,97.5424198485493,97.5424198485493,-5.3118810047842336e-05,0.0,5.92552507102857,400,0.09388700910284768,0.060240502351376374,17467.994399932013
322,97.52278413753461,97.52278413753461,-0.00020132458972447906,0.0,5.92552507102857,400,0.09402720913369302,0.05370956411443518,17461.85974846936
323,97.50747984226224,97.50747984226224,-0.00015694277381858942,0.0,5.92552507102857,400,0.0941455049275925,0.059729266692369935,17457.43955624032
324,97.50565135220967,97.50565135220967,-1.8752481347520896e-05,0.0,5.92552507102857,400,0.09417394119319872,0.049844203229017836,17456.67645170695
325,97.50511924334174,97.50511924334174,-5.457225427202258e-06,0.0,5.92552507102857,400,0.09431234537590388,0.05406508498403419,17450.715755868387
326,97.50105191098623,97.50105191098623,-4.171490914387115e-05,0.0,5.92552507102857,400,0.09442926293653432,0.061626698432393136,17444.633381349213
327,97.49759278209893,97.49759278209893,-3.5478491587586055e-05,0.0,5.92552507102857,400,0.09445602140370317,0.07297875212765398,17443.756284800933
328,97.49678127701225,97.49678127701225,-8.32336923158319e-06,0.0,5.92552507102857,400,0.09460392041071382,0.07236413839082309,17437.425223175735
329,97.48599888779616,97.48599888779616,-0.00011059837405095856,0.0,5.92552507102857,400,0.09473994663548083,0.078331044058041,17431.318853959136
330,97.48335855076321,97.48335855076321,-2.708463594275875e-05,0.0,5.92552507102857,400,0.09476649629865638,0.07697263538213962,17430.57029559251
331,97.47361925370556,97.47361925370556,-9.991226962416096e-05,0.0,5.92552507102857,400,0.09494151740815641,0.07434744833806044,17423.48694561594
332,97.46394087309903,97.46394087309903,-9.929723761999682e-05,0.0,5.92552507102857,400,0.09506532398690368,0.09829093237442492,17418.33616610086
333,97.46042695988896,97.46042695988896,-3.60541193440029e-05,0.0,5.92552507102857,400,0.09509108715152799,0.09032197979015927,17417.5312382936
334,97.45976241945512,97.45976241945512,-6.818590069806964e-06,0.0,5.92552507102857,400,0.09523496924936646,0.08290118672509475,17412.13793669598
335,97.45193164169986,97.45193164169986,-8.035205683473194e-05,0.0,5.92552507102857,400,0.0953705217502742,0.12638156746963158,17405.093639673672
336,97.42922447733686,97.42922447733686,-0.00023303601967437153,0.0,5.92552507102857,400,0.0955034040298027,0.1472542070887369,17400.67615453509
337,97.42709260665315,97.42709260665315,-2.18814633849704e-05,0.0,5.92552507102857,400,0.09552731770053989,0.12438485573791136,17399.678583333367
338,97.42310572149889,97.42310572149889,-4.092256706972235e-05,0.0,5.92552507102857,400,0.09563299869316708,0.1083059440167981,17394.455262378862
339,97.41520947280176,97.41520947280176,-8.10543726327756e-05,0.0,5.92552507102857,400,0.09575391617630656,0.12079593142405029,17389.34920094117
340,97.41290186433653,97.41290186433653,-2.3688660219488405e-05,0.0,5.92552507102857,400,0.0957713549089179,0.1377710599648854,17388.825921610995
341,97.41176854907644,97.41176854907644,-1.1634206876368195e-05,0.0,5.92552507102857,400,0.095920891223587,0.1405242314292897,17382.844582805734
342,97.40292544949189,97.40292544949189,-9.078472890443994e-05,0.0,5.92552507102857,400,0.09606762324351421,0.14931290519050444,17377.13462327943
343,97.39929208012104,97.39929208012104,-3.7303162328937664e-05,0.0,5.92552507102857,400,0.09610353596590215,0.14903827146263393,17375.97786468466
344,97.39310545531994,97.39310545531994,-6.352018745559605e-05,0.0,5.92552507102857,400,0.09625933812325174,0.15275520336511234,17370.86216768985
345,97.3833859006263,97.3833859006263,-9.980213355365862e-05,0.0,5.92552507102857,400,0.09636903791629334,0.14251237752219154,17367.046274507513
346,97.3789747809703,97.3789747809703,-4.5297455230178806e-05,0.0,5.92552507102857,400,0.09643234410868416,0.13660181131851173,17364.79426878366
347,97.36873091554928,97.36873091554928,-0.00010520139781699424,0.0,5.92552507102857,400,0.09655186932212581,0.1308268945396938,17361.082310617494
348,97.36591584956612,97.36591584956612,-2.89118144112455e-05,0.0,5.92552507102857,400,0.09656922353134804,0.11733972857537495,17360.521332219098
349,97.34748395856272,97.34748395856272,-0.00018932329338009596,0.0,5.92552507102857,400,0.09672341357127322,0.10128168886308657,17353.69208767493
350,97.33712417537166,97.33712417537166,-0.00010642631998636052,0.0,5.92552507102857,400,0.09682938240460856,0.10077696888966335,17348.626428884483
351,97.29982859180748,97.29982859180748,-0.0003832323049698205,0.0,5.92552507102857,400,0.09698172209256631,0.09023861092458985,17342.032849650368
352,97.28284492404583,97.28284492404583,-0.00017456505759638692,0.0,5.92552507102857,400,0.0970216823164873,0.12370437798280694,17340.2876669597
353,97.25225587334008,97.25225587334008,-0.0003144836158871131,0.0,5.92552507102857,400,0.09715938916008471,0.1337161234754621,17335.890959235545
354,97.24783898407215,97.24783898407215,-4.5417862360741765e-05,0.0,5.92552507102857,400,0.09717410363066355,0.11286189377492084,17335.396819365676
355,97.25057978081809,97.25057978081809,2.8183229082537178e-05,0.0,5.92552507102857,400,0.09723232867145887,0.13551630376317994,17331.800844957244
356,97.25427512106255,97.25427512106255,3.7997408823225045e-05,0.0,5.92552507102857,400,0.09737789281613186,0.16083317826206606,17323.680905604157
357,97.21807145280223,97.21807145280223,-0.0003723271644156677,0.0,5.92552507102857,400,0.09754404340589164,0.10507725279954108,17316.709110267075
358,97.2133447793258,97.2133447793258,-4.862047059034605e-05,0.0,5.92552507102857,400,0.09754975607628619,0.0896054247612418,17316.19313128225
359,97.21835077803325,97.21835077803325,5.1493648648308185e-05,0.0,5.92552507102857,400,0.09758837453172664,0.09848665252931671,17312.00175017107
360,97.21708144588067,97.21708144588067,-1.3056593009663588e-05,0.0,5.92552507102857,400,0.09775769581024138,0.1225972381739282,17304.01906588253
361,97.20590600705613,97.20590600705613,-0.00011496005676339619,0.0,5.92552507102857,400,0.0977974493589559,0.13711300344307356,17302.55272518304
362,97.2135634372388,97.2135634372388,7.877225679634452e-05,0.0,5.92552507102857,400,0.09792243229933015,0.12668331292017943,17297.7456334024
363,97.20840721536872,97.20840721536872,-5.3041555478353896e-05,0.0,5.92552507102857,400,0.09804043870972848,0.13503183930470847,17293.897907941802
364,97.19645059555297,97.19645059555297,-0.00012300741828637712,0.0,5.92552507102857,400,0.09820154286357186,0.13298850580109112,17287.614845872176
365,97.19160250737792,97.19160250737792,-4.9880515789596936e-05,0.0,5.92552507102857,400,0.09824653846236507,0.13078838460879047,17286.26598614559
366,97.17733636176321,97.17733636176321,-0.00014679450043127726,0.0,5.92552507102857,400,0.09836194720236661,0.134937751430971,17279.9262384706
367,97.1690844429789,97.1690844429789,-8.491968882272276e-05,0.0,5.92552507102857,400,0.09846786397235877,0.10376868964252303,17274.73462973344
368,97.15452847244912,97.15452847244912,-0.00014981165015019905,0.0,5.92552507102857,400,0.09853380247170479,0.05794675703376319,17272.680154266865
369,97.1584607066636,97.1584607066636,4.047319977567513e-05,0.0,5.92552507102857,400,0.0986252596282401,0.007318509853769757,17268.96146346282
370,97.15296295246084,97.15296295246084,-5.6587040542515206e-05,0.0,5.92552507102857,400,0.09871586327077608,-0.02938400131421106,17266.180483517488
371,97.1351445653688,97.1351445653688,-0.0001834223141048806,0.0,5.92552507102857,400,0.0988935278715545,-0.022413239497913708,17258.787371803803
372,97.13010496987037,97.13010496987037,-5.188365404121002e-05,0.0,5.92552507102857,400,0.09895776445050303,-0.03327258398602004,17256.78906673183
373,97.12847000304886,97.12847000304886,-1.6832892157030832e-05,0.0,5.92552507102857,400,0.09903956713580651,-0.05079821957382544,17252.87776673388
374,97.12344407155524,97.12344407155524,-5.174653252382821e-05,0.0,5.92552507102857,400,0.09920171244865898,-0.012161539571613688,17246.18959763815
375,97.11946970211294,97.11946970211294,-4.092164152240092e-05,0.0,5.92552507102857,400,0.09921809017371398,0.03042295535241051,17245.601287458783
376,97.12408830839699,97.12408830839699,4.755479494131772e-05,0.0,5.92552507102857,400,0.0993510853506986,0.058584417958320124,17240.680973514736
377,97.11202031107028,97.11202031107028,-0.0001242611111601309,0.0,5.92552507102857,400,0.09952367487055455,0.05325760499459517,17233.90790164609
378,97.10973231376258,97.10973231376258,-2.356066997530901e-05,0.0,5.92552507102857,400,0.09954552378422048,0.046176002808573015,17233.30244687373
379,97.10327730120925,97.10327730120925,-6.647353406964858e-05,0.0,5.92552507102857,400,0.09970963476500194,0.04657921475752135,17227.322500976414
380,97.09706731114179,97.09706731114179,-6.395447013213737e-05,0.0,5.92552507102857,400,0.0998462833523215,0.04612506098857983,17222.328135312182
381,97.09439032499411,97.09439032499411,-2.7570586064198523e-05,0.0,5.92552507102857,400,0.09986624075170687,0.05324182759483971,17221.72435803154
382,97.09427242344994,97.09427242344994,-1.2142989452461305e-06,0.0,5.92552507102857,400,0.10000457695296117,0.03994682471153133,17216.793791808275
383,97.08141144232869,97.08141144232869,-0.00013246747361989923,0.0,5.92552507102857,400,0.10016577085191543,0.04084248036087698,17210.13045905252
384,97.07736253759047,97.07736253759047,-4.170715189232612e-05,0.0,5.92552507102857,400,0.10018440545264248,0.02934095758157089,17209.522814347154
385,97.07437415447058,97.07437415447058,-3.0783995765858224e-05,0.0,5.92552507102857,400,0.10032869986265086,0.027736656008965927,17204.26518388195
386,97.06761692153661,97.06761692153661,-6.961124586439976e-05,0.0,5.92552507102857,400,0.10047409896840583,0.025510938768762474,17199.60315483184
387,97.06398750896912,97.06398750896912,-3.739125917760679e-05,0.0,5.92552507102857,400,0.1005065600754816,0.020471281870600395,17198.59603106269
388,97.05944509067184,97.05944509067184,-4.6799278554672855e-05,0.0,5.92552507102857,400,0.10065864774737371,0.027847272920560644,17193.304292493107
389,97.04538469065724,97.04538469065724,-0.00014487429349425488,0.0,5.92552507102857,400,0.1007935194960193,0.027068599927838565,17188.45490128793
390,97.04074664780961,97.04074664780961,-4.779365549237597e-05,0.0,5.92552507102857,400,0.10081397210340319,0.025572339685961544,17187.80099654249
391,97.03371716646667,97.03371716646667,-7.244107450164626e-05,0.0,5.92552507102857,400,0.10096162013466362,0.0245618097212411,17182.337911731793
392,97.02481931416052,97.02481931416052,-9.170276632765431e-05,0.0,5.92552507102857,400,0.10111324089819088,0.026477448496671347,17176.201963796746
393,97.00380838268255,97.00380838268255,-0.00021657558278388982,0.0,5.92552507102857,400,0.10122350182276434,0.024090255357042425,17172.870886495686
394,97.00276508650137,97.00276508650137,-1.0755266303942483e-05,0.0,5.92552507102857,400,0.10125523444831942,0.005282976747260663,17171.88539694541
395,96.9938060292998,96.9938060292998,-9.236304700026296e-05,0.0,5.92552507102857,400,0.10137244328250326,0.0027647630358547553,17167.823228167323
396,96.98773954531194,96.98773954531194,-6.254702190229876e-05,0.0,5.92552507102857,400,0.10141951051787548,0.020671500135007164,17166.263907758857
397,96.97837599317818,96.97837599317818,-9.654832871233023e-05,0.0,5.92552507102857,400,0.10152576588990861,0.015896747055419207,17161.37692985035
398,96.96728686417106,96.96728686417106,-0.00011435294665351323,0.0,5.92552507102857,400,0.10166865838832838,0.017718811904044528,17156.453403574502
399,96.93785049993375,96.93785049993375,-0.00030361613790733875,0.0,5.92552507102857,400,0.10181620223002397,0.031841150252502746,17151.786554619935
400,96.93332396615786,96.93332396615786,-4.669630530867734e-05,0.0,5.641499294128796,317,0.16142828034472748,0.008549595399932369,16286.943952934338
401,96.92881707393293,96.92881707393293,-4.649584701333491e-05,0.0,5.641499294128796,317,0.16149695944559336,0.01224564744020405,16283.435670189125
402,96.92827926061189,96.92827926061189,-5.548554385794081e-06,0.0,5.641499294128796,317,0.16164514747325273,0.018405230664515576,16278.055522312441
403,96.92285749326028,96.92285749326028,-5.593743161698403e-05,0.0,5.641499294128796,317,0.16166210353609267,0.02065534314320379,16277.541794288018
404,96.92607315066536,96.92607315066536,3.317694242313495e-05,0.0,5.641499294128796,317,0.1617709120424123,0.02644378289084138,16273.554396784682
405,96.91957903510205,96.91957903510205,-6.700295304554959e-05,0.0,5.641499294128796,317,0.1618657799277657,0.030623676376550148,16270.808439919023
406,96.90778274570445,96.90778274570445,-0.00012171954778496076,0.0,5.641499294128796,317,0.16199156360132755,0.03123667719833946,16266.847926235578
407,96.90334432707273,96.90334432707273,-4.580148415142575e-05,0.0,5.641499294128796,317,0.16199649628429938,0.03093308400183333,16266.60516890112
408,96.88686806674765,96.88686806674765,-0.00017004223444772918,0.0,5.641499294128796,317,0.1621299672453732,0.03561427218562587,16261.12980506336
409,96.87856663213346,96.87856663213346,-8.568540237506261e-05,0.0,5.641499294128796,317,0.16222698102999247,0.031547484517590346,16257.232034706361
410,96.86875329781161,96.86875329781161,-0.00010130033627082612,0.0,5.641499294128796,317,0.1622811176804955,0.01652580899388734,16255.801880273566
411,96.86896497281596,96.86896497281596,2.185170820004291e-06,0.0,5.641499294128796,317,0.16235671648491964,-0.05652020861771502,16253.358516095805
412,96.86481235510541,96.86481235510541,-4.286932065700075e-05,0.0,5.641499294128796,317,0.16238487827918385,-0.11150951431916678,16252.614668929586
413,96.84212201044475,96.84212201044475,-0.00023427498699270133,0.0,5.641499294128796,317,0.162562263570666,-0.11725441775403458,16246.128770893958
414,96.83452487683884,96.83452487683884,-7.845172592474978e-05,0.0,5.641499294128796,317,0.16260910690028335,-0.1205869705388461,16244.764245266619
415,96.83109388544433,96.83109388544433,-3.5432116622415686e-05,0.0,5.641499294128796,317,0.16265411880230904,-0.15317916985785623,16243.391972416623
416,96.82388388076332,96.82388388076332,-7.446237393437695e-05,0.0,5.641499294128796,317,0.16267975984086996,-0.06737336335038244,16242.601451440754
417,96.81232530618267,96.81232530618267,-0.00011938443375764433,0.0,5.641499294128796,317,0.1628029862773857,-0.06567168182773105,16238.723433650288
418,96.80255705560846,96.80255705560846,-0.00010090392291486352,0.0,5.641499294128796,317,0.16290210890154475,-0.06961398149305756,16235.596641747137
419,96.79895545157117,96.79895545157117,-3.720636260596556e-05,0.0,5.641499294128796,317,0.16290535520577015,-0.1046322915770881,16235.44495065454
420,96.79438545473334,96.79438545473334,-4.7212335065685824e-05,0.0,5.641499294128796,317,0.1630153180288006,-0.09284675407823753,16231.80117175144
421,96.78443118099318,96.78443118099318,-0.00010284465957526416,0.0,5.641499294128796,317,0.1631488237969569,-0.07145737727282497,16228.118892506514
422,96.7788316783827,96.7788316783827,-5.78570802054023e-05,0.0,5.641499294128796,317,0.16316268683737578,-0.09417820566212576,16227.689594019392
423,96.77017282143446,96.77017282143446,-8.947456977516098e-05,0.0,5.641499294128796,317,0.1632832803470477,-0.09086551166979358,16224.186987549798
424,96.760525346108,96.760525346108,-9.969969028998013e-05,0.0,5.641499294128796,317,0.16339636185897907,-0.0849505774810342,16221.168527249425
425,96.75694719606274,96.75694719606274,-3.6980123796124436e-05,0.0,5.641499294128796,317,0.1633994277729896,-0.08107419430307,16221.026549741126
426,96.75244777451996,96.75244777451996,-4.650339115860462e-05,0.0,5.641499294128796,317,0.16350039011941944,-0.08186472089213763,16217.660382927508
427,96.74203745850427,96.74203745850427,-0.00010760323234228036,0.0,5.641499294128796,317,0.1636581139855542,-0.08919775371589075,16212.763940787458
428,96.7315595389095,96.7315595389095,-0.00010831369000865997,0.0,5.641499294128796,317,0.1637196605933136,-0.04763073637848397,16211.18102134845
429,96.72775524200534,96.72775524200534,-3.932916757142465e-05,0.0,5.641499294128796,317,0.16375601886635088,-0.06492383968156099,16210.084939674583
430,96.71704369691156,96.71704369691156,-0.00011074523754052167,0.0,5.641499294128796,317,0.16383469558433444,-0.061333032006916546,16207.631403213627
431,96.71151797629648,96.71151797629648,-5.713448488460169e-05,0.0,5.641499294128796,317,0.16384245121656785,-0.05666788983808656,16207.309722643484
432,96.7093425674376,96.7093425674376,-2.2494045914669228e-05,0.0,5.641499294128796,317,0.16390469734208546,-0.0577611059710253,16205.257885823316
433,96.69733256397241,96.69733256397241,-0.00012419430169579383,0.0,5.641499294128796,317,0.1640460361605133,-0.07655515270219353,16201.171694924313
434,96.69050459854489,96.69050459854489,-7.061421783853986e-05,0.0,5.641499294128796,317,0.16406663244471859,-0.08126868791779226,16200.549382648092
435,96.68532973382354,96.68532973382354,-5.3521317598455386e-05,0.0,5.641499294128796,317,0.16414665654357902,-0.10112904768370837,16197.943968849002
436,96.68139502031889,96.68139502031889,-4.069690387726726e-05,0.0,5.641499294128796,317,0.16416040130110357,-0.07379182283843362,16197.560484415142
437,96.66876220162717,96.66876220162717,-0.000130672960303684,0.0,5.641499294128796,317,0.1643171745471316,-0.07045138445948657,16192.355700516518
438,96.65901104364607,96.65901104364607,-0.00010087694929377357,0.0,5.641499294128796,317,0.16439694655295173,-0.06739523275770198,16188.20220900709
439,96.62619427046495,96.62619427046495,-0.000339568395243972,0.0,5.641499294128796,317,0.1645300796260614,-0.027243309432987944,16180.855064508403
440,96.6123995506048,96.6123995506048,-0.00014277396260033607,0.0,5.641499294128796,317,0.16457109818709934,0.02870167569200119,16177.660121788773
441,96.58019907221885,96.58019907221885,-0.00033335105913664704,0.0,5.641499294128796,317,0.1646890672170745,0.053330157456258555,16171.095640328982
442,96.56451374857862,96.56451374857862,-0.00016242043021145384,0.0,5.641499294128796,317,0.16473749272399593,0.12264847731671472,16169.107751135272
443,96.5440093684779,96.5440093684779,-0.0002123612137549309,0.0,5.641499294128796,317,0.16482931603018425,0.1502096810841075,16166.640916156412
444,96.53906153394443,96.53906153394443,-5.125083738748066e-05,0.0,5.641499294128796,317,0.16483618039355963,0.12596850468340068,16166.304243715831
445,96.54002150649322,96.54002150649322,9.94382751028576e-06,0.0,5.641499294128796,317,0.1649001033766091,0.1320520348649883,16163.434868484423
446,96.5361651768146,96.5361651768146,-3.994619683934892e-05,0.0,5.641499294128796,317,0.16499083138272688,0.14340393627723763,16161.079427663639
447,96.52770935935942,96.52770935935942,-8.759606095040508e-05,0.0,5.641499294128796,317,0.16508980301632623,0.13779361779919677,16157.951257661309
448,96.52201754718348,96.52201754718348,-5.896731654370297e-05,0.0,5.641499294128796,317,0.1651042713069205,0.1458406001428537,16157.464498109908
449,96.5057343474667,96.5057343474667,-0.0001687135616053319,0.0,5.641499294128796,317,0.16525059187449706,0.14388574561997813,16152.320392706797
450,96.4958557572024,96.4958557572024,-0.00010236796772051126,0.0,5.641499294128796,317,0.16531069572296903,0.14393414627435522,16150.615077038743
451,96.48670835872214,96.48670835872214,-9.480025855210895e-05,0.0,5.641499294128796,317,0.1653574895746317,0.1439948680473158,16149.253191723275
452,96.48164070635795,96.48164070635795,-5.252314578957435e-05,0.0,5.641499294128796,317,0.16544823005029982,0.1438743264366387,16146.571892142952
453,96.47574213287247,96.47574213287247,-6.113861413877969e-05,0.0,5.641499294128796,317,0.16551017876191595,0.18584209295545898,16145.059651712743
454,96.46255021229805,96.46255021229805,-0.00013674756249396495,0.0,5.641499294128796,317,0.16563208940847307,0.1840472834406954,16141.247346640199
455,96.4582480088094,96.4582480088094,-4.4600722462626514e-05,0.0,5.641499294128796,317,0.1656374534751081,0.17608881498658863,16141.048517680327
456,96.44664229790693,96.44664229790693,-0.00012032573044702132,0.0,5.641499294128796,317,0.16575014698173543,0.17229958599119605,16137.162657068204
457,96.44111335025062,96.44111335025062,-5.732813510375446e-05,0.0,5.641499294128796,317,0.16581725085489127,0.16831911331827676,16135.212338349093
458,96.43436488135903,96.43436488135903,-6.997746894745052e-05,0.0,5.641499294128796,317,0.16587820563073827,0.1559272135213811,16133.55204707164
459,96.42603037541258,96.42603037541258,-8.643045598394716e-05,0.0,5.641499294128796,317,0.16594509437509108,0.21481911346633709,16131.629546481481
460,96.42152892658306,96.42152892658306,-4.668401141943245e-05,0.0,5.641499294128796,317,0.16595607975130724,0.20877937865205098,16131.26116482727
461,96.4100488570154,96.4100488570154,-0.00011906835709355796,0.0,5.641499294128796,317,0.16606922456280707,0.19161053377707082,16127.265252186857
462,96.39962685559598,96.39962685559598,-0.00010810662266866364,0.0,5.641499294128796,317,0.16620220217872622,0.1873176751885833,16123.11791529019
463,96.37191238112999,96.37191238112999,-0.000287536996038724,0.0,5.641499294128796,317,0.16633190440306278,0.15928654963358158,16118.257590706076
464,96.35566378225967,96.35566378225967,-0.00016861727036972474,0.0,5.641499294128796,317,0.16638948377980162,0.2001127316784864,16116.28388166142
465,96.34303440208176,96.34303440208176,-0.00013107904012836342,0.0,5.641499294128796,317,0.16645123373012505,0.21045531916889543,16114.724296867815
466,96.3388303266677,96.3388303266677,-4.363747901901671e-05,0.0,5.641499294128796,317,0.16646981512567172,0.2068491117755433,16114.155590218817
467,96.33594976432643,96.33594976432643,-2.9900772069202866e-05,0.0,5.641499294128796,317,0.16655059549980825,0.23076466052859373,16111.382864538671
468,96.32728711372718,96.32728711372718,-8.992530952409684e-05,0.0,5.641499294128796,317,0.16666394016495734,0.23953240802592332,16108.348427004437
469,96.32318106669867,96.32318106669867,-4.2626909427442676e-05,0.0,5.641499294128796,317,0.1666915311547835,0.23868609516080244,16107.55204095455
470,96.31228021682367,96.31228021682367,-0.00011317594189563172,0.0,5.641499294128796,317,0.16681316545971664,0.23709114060452313,16103.756828614132
471,96.3060945610806,96.3060945610806,-6.422705780100748e-05,0.0,5.641499294128796,317,0.16685951727660078,0.22352212256978174,16102.634495682827
472,96.29522484358309,96.29522484358309,-0.00011287272114909988,0.0,5.641499294128796,317,0.16695825821445934,0.25057472046025797,16099.450427769343
473,96.2849417667878,96.2849417667878,-0.00010679268780433937,0.0,5.641499294128796,317,0.16706118810987294,0.2780825447581225,16096.129177211686
474,96.26428851958234,96.26428851958234,-0.00021452432974096937,0.0,5.641499294128796,317,0.16716236616141805,0.2646428315360863,16093.401771129624
475,96.26011343973998,96.26011343973998,-4.337195493686755e-05,0.0,5.641499294128796,317,0.16716500741367238,0.2368827458292478,16093.238918116229
476,96.25305881563668,96.25305881563668,-7.32897808893816e-05,0.0,5.641499294128796,317,0.1672510200066722,0.24370172526884049,16089.11127090992
477,96.2529024806955,96.2529024806955,-1.624208831067403e-06,0.0,5.641499294128796,317,0.16737835488772346,0.24448261883359582,16083.822862504174
478,96.22269707508258,96.22269707508258,-0.0003138621823295457,0.0,5.641499294128796,317,0.16752679051062203,0.14810411996282322,16078.071780485343
479,96.21767932686109,96.21767932686109,-5.214860120771828e-05,0.0,5.641499294128796,317,0.16753633333257123,0.10755493979181134,16077.644579366717
480,96.22017402995073,96.22017402995073,2.5927363522943746e-05,0.0,5.641499294128796,317,0.16759269916516484,0.12179750678646166,16074.84560470771
481,96.21504235447615,96.21504235447615,-5.33340577905346e-05,0.0,5.641499294128796,317,0.1677154850784417,0.138231533956763,16071.472035239081
482,96.20822002605524,96.20822002605524,-7.090960146254493e-05,0.0,5.641499294128796,317,0.16778722937177074,0.1411038163605791,16069.38955658265
483,96.1982395872835,96.1982395872835,-0.00010374328180826727,0.0,5.641499294128796,317,0.16787879865442756,0.14073559952808373,16066.706043520995
484,96.1939380388135,96.1939380388135,-4.471645909711221e-05,0.0,5.641499294128796,317,0.16788389254585165,0.13911730891261243,16066.475645231005
485,96.18110403890688,96.18110403890688,-0.00013342687062773342,0.0,5.641499294128796,317,0.1680077821457326,0.12505264660147392,16062.017200852202
486,96.17473073401506,96.17473073401506,-6.62657818690805e-05,0.0,5.641499294128796,317,0.16811752130816277,0.12359670318076983,16058.087178140679
487,96.1573361404999,96.1573361404999,-0.00018088084681108972,0.0,5.641499294128796,317,0.16822385731472586,0.11338776499153284,16055.183485779227
488,96.15302048630191,96.15302048630191,-4.4882181848228805e-05,0.0,5.641499294128796,317,0.16823235383549812,0.10110412305247467,16054.769404173307
489,96.152687671176,96.152687671176,-3.4613130218862386e-06,0.0,5.641499294128796,317,0.1683077456160215,0.11630110184566429,16051.628885850409
490,96.14611062895527,96.14611062895527,-6.840440274648806e-05,0.0,5.641499294128796,317,0.16843048106010658,0.12573423488701008,16048.025412236148
491,96.14168077733855,96.14168077733855,-4.607522490224011e-05,0.0,5.641499294128796,317,0.1684418695251186,0.12105475505748911,16047.651330139543
492,96.13272940522711,96.13272940522711,-9.311038436586815e-05,0.0,5.641499294128796,317,0.1685774141316116,0.12920372211690245,16042.965034258472
493,96.12496324725367,96.12496324725367,-8.078904797525622e-05,0.0,5.641499294128796,317,0.16868686614979228,0.13168064276813685,16040.175066070284
494,96.11952044893458,96.11952044893458,-5.662371388660918e-05,0.0,5.641499294128796,317,0.16871733999175828,0.12989883618862902,16039.326073789496
495,96.10907660478128,96.10907660478128,-0.00010866067092670712,0.0,5.641499294128796,317,0.16880197039097186,0.12172968755351925,16036.86954766611
496,96.10558170026472,96.10558170026472,-3.636459932624177e-05,0.0,5.641499294128796,317,0.16880478307870483,0.1251197344735471,16036.739657336579
497,96.09517826030006,96.09517826030006,-0.0001082559712766976,0.0,5.641499294128796,317,0.16892219244638368,0.12372677967487357,16032.878047680877
498,96.09155807000003,96.09155807000003,-3.7673674776769545e-05,0.0,5.641499294128796,317,0.1690230310495832,0.11900165338671331,16028.226017017665
499,96.05788987619616,96.05788987619616,-0.0003504375839566713,0.0,5.641499294128796,317,0.1691726939677412,0.04524758666644615,16020.53623055313
500,96.0469015009504,96.0469015009504,-0.00011439980417952465,0.0,5.641499294128796,317,0.16921691096873026,0.027295073082996626,16018.41565681816
501,96.01665831863046,96.01665831863046,-0.0003149288974785329,0.0,5.641499294128796,317,0.16934815920403884,-0.005423514990652701,16013.186549351914
502,96.00914384079842,96.00914384079842,-7.826529301148001e-05,0.0,5.641499294128796,317,0.1693762596214093,-0.039772996312456524,16012.290629479501
503,96.00622456392483,96.00622456392483,-3.0406700235161738e-05,0.0,5.641499294128796,317,0.16940312731320528,-0.02263553283699285,16011.437253248345
504,96.00012721407256,96.00012721407256,-6.35119598685545e-05,0.0,5.641499294128796,317,0.16951541921361962,-0.03009047662951645,16008.187792204311
505,95.99626467413225,95.99626467413225,-4.023554716673395e-05,0.0,5.641499294128796,317,0.1695214374806001,-0.04317603019449483,16007.979758630549
506,95.98025300428134,95.98025300428134,-0.00016680862932264007,0.0,5.641499294128796,317,0.16966329138245775,-0.05623410641350977,16003.197833104945
507,95.97361195136753,95.97361195136753,-6.919426100627096e-05,0.0,5.641499294128796,317,0.1697321909943937,-0.06282231935224122,16000.357125591368
508,95.9559894086104,95.9559894086104,-0.0001836354859467331,0.0,5.641499294128796,317,0.16983759364630682,-0.06046179593727086,15997.539998529124
509,95.95358213046298,95.95358213046298,-2.5087629848223235e-05,0.0,5.641499294128796,317,0.16986355501213662,-0.08044676051467099,15996.592462405208
510,95.94161298013906,95.94161298013906,-0.000124746743476776,0.0,5.641499294128796,317,0.16995735258102082,-0.08631287040289602,15993.507743545566
511,95.93626336166639,95.93626336166639,-5.576065960334305e-05,0.0,5.641499294128796,317,0.169970775401201,-0.08938455722423956,15993.043186092531
512,95.9273253073676,95.9273253073676,-9.317092802516715e-05,0.0,5.641499294128796,317,0.17006149680431742,-0.09411601570397987,15989.779106991691
513,95.9244723582895,95.9244723582895,-2.9741176397712282e-05,0.0,5.641499294128796,317,0.17012149508378163,-0.08852847417500934,15988.317917266639
514,95.91836786067338,95.91836786067338,-6.36406092739057e-05,0.0,5.641499294128796,317,0.17019077876146382,-0.07636312441915828,15986.323200374945
515,95.91310610158858,95.91310610158858,-5.485814165358201e-05,0.0,5.641499294128796,317,0.17020840255550534,-0.06920327543593373,15985.801833655649
516,95.90302906526296,95.90302906526296,-0.00010506974636032972,0.0,5.641499294128796,317,0.17034856117156136,-0.06771381909702245,15981.401461873882
517,95.88856438183257,95.88856438183257,-0.00015083751271721202,0.0,5.641499294128796,317,0.17044376138035627,-0.0684799915213181,15978.615973542075
518,95.8848121823306,95.8848121823306,-3.9131599700317165e-05,0.0,5.641499294128796,317,0.17044663024720386,-0.07772369030417635,15978.475454099182
519,95.87676290599855,95.87676290599855,-8.395087840807002e-05,0.0,5.641499294128796,317,0.17056571408358123,-0.07710535745692539,15974.342768598686
520,95.87656399305234,95.87656399305234,-2.0746753072986267e-06,0.0,5.641499294128796,317,0.1706917493315656,-0.06934706998097895,15969.952777885459
521,95.85585826052711,95.85585826052711,-0.0002159857197061817,0.0,5.641499294128796,317,0.17081510196614527,-0.09835028541831634,15966.151305089543
522,95.85248058139558,95.85248058139558,-3.5237686083855074e-05,0.0,5.641499294128796,317,0.17081696390704398,-0.12427693935405085,15965.857275254888
523,95.85535010280798,95.85535010280798,2.993640272662068e-05,0.0,5.641499294128796,317,0.1708797851849666,-0.15657788042605728,15962.680449342519
524,95.85349758921217,95.85349758921217,-1.9326323413520354e-05,0.0,5.641499294128796,317,0.17102890419509212,-0.14327671940958792,15957.675898766704
525,95.84989867418547,95.84989867418547,-3.754670076033278e-05,0.0,5.641499294128796,317,0.17103509616703763,-0.12772935192875012,15957.43536741962
526,95.85079753970558,95.85079753970558,9.377801310827096e-06,0.0,5.641499294128796,317,0.17115251193539954,-0.1184843181449141,15953.20707534254
527,95.8433773488184,95.8433773488184,-7.741696788871693e-05,0.0,5.641499294128796,317,0.1712681980189647,-0.11682252608470094,15950.042430339505
528,95.83748984615418,95.83748984615418,-6.143025907824531e-05,0.0,5.641499294128796,317,0.1712987864703108,-0.11547886908176445,15949.163800841372
529,95.82859809565822,95.82859809565822,-9.27837636571884e-05,0.0,5.641499294128796,317,0.17141333353276506,-0.11318042851911371,15945.691620730699
530,95.82586543007031,95.82586543007031,-2.8516586964142837e-05,0.0,5.641499294128796,317,0.17143694650164337,-0.1118762236314689,15945.128819629486
531,95.81364217760718,95.81364217760718,-0.0001275650582939717,0.0,5.641499294128796,317,0.1715495686971695,-0.11667675475059691,15941.636495943327
532,95.80530746029224,95.80530746029224,-8.699262088586012e-05,0.0,5.641499294128796,317,0.1716259313204035,-0.11848760027865278,15939.439822290775
533,95.80191491986224,95.80191491986224,-3.541140452026044e-05,0.0,5.641499294128796,317,0.1716291501951282,-0.12670300854352903,15939.288730550126
534,95.7961308089225,95.7961308089225,-6.037755676990519e-05,0.0,5.641499294128796,317,0.17173996436216182,-0.1145795266236827,15935.767307223814
535,95.78555254337209,95.78555254337209,-0.00011043086558238787,0.0,5.641499294128796,317,0.1718768012018849,-0.11770387065349379,15932.06686506157
536,95.78211240057814,95.78211240057814,-3.591569376099133e-05,0.0,5.641499294128796,317,0.17187953121717572,-0.12290469959692853,15931.934562855007
537,95.77774838688597,95.77774838688597,-4.5562924038341756e-05,0.0,5.641499294128796,317,0.17198966956240486,-0.06298269955006658,15928.737411105134
538,95.77080595863946,95.77080595863946,-7.248739906471384e-05,0.0,5.641499294128796,317,0.17212860273439992,-0.05158001684137809,15924.506082936008
539,95.7626773429928,95.7626773429928,-8.487931730170058e-05,0.0,5.641499294128796,317,0.17215805469980536,-0.0621191550578785,15923.649222167463
540,95.76147325447286,95.76147325447286,-1.2573751312318453e-05,0.0,5.641499294128796,317,0.1722220447916231,-0.07549266151851401,15921.788567248548
541,95.75682876762984,95.75682876762984,-4.850175460929333e-05,0.0,5.641499294128796,317,0.17224583170184635,-0.06846580626234662,15921.17579481599
542,95.7419898200703,95.7419898200703,-0.00015497691002670555,0.0,5.641499294128796,317,0.1723914526850236,-0.074819638934765,15916.831782070414
543,95.72948066387121,95.72948066387121,-0.00013066339528570038,0.0,5.641499294128796,317,0.17247375804425621,-0.0579577609895213,15914.503415805813
544,95.72550215981134,95.72550215981134,-4.156072620072656e-05,0.0,5.641499294128796,317,0.17247640039180462,-0.0581059186326688,15914.354468154901
545,95.72179606120197,95.72179606120197,-3.871664572203609e-05,0.0,5.641499294128796,317,0.17257067125700576,-0.04950393688018064,15911.389907250717
546,95.71592444358389,95.71592444358389,-6.134232694002785e-05,0.0,5.641499294128796,317,0.17272203300483074,-0.04177134260852309,15906.471472505797
547,95.6903234740092,95.6903234740092,-0.000267504013122582,0.0,5.641499294128796,317,0.17284786319720621,-0.037734592000748135,15902.630811855
548,95.6778505531211,95.6778505531211,-0.0001303552272384972,0.0,5.641499294128796,317,0.17288343029642314,-0.017018655368149,15901.478919304034
549,95.67381138135308,95.67381138135308,-4.221726352201287e-05,0.0,5.641499294128796,317,0.17288957267487942,-0.027792693432549354,15901.222715710943
550,95.67570282411083,95.67570282411083,1.9769506765327665e-05,0.0,5.641499294128796,317,0.1730006811423613,-0.01462761084255167,15897.359876503371
551,95.67156633935583,95.67156633935583,-4.323536754635463e-05,0.0,5.641499294128796,317,0.1731553848037005,-0.0005328982367914179,15892.47515053017
552,95.66614244594022,95.66614244594022,-5.669445350313021e-05,0.0,5.641499294128796,317,0.1731711209719279,0.002613183184708393,15891.980528205757
553,95.66641235311694,95.66641235311694,2.8213408533289057e-06,0.0,5.641499294128796,317,0.17327352292810044,0.009159041759033008,15888.819890901217
554,95.6601835033063,95.6601835033063,-6.511222117296301e-05,0.0,5.641499294128796,317,0.17334292927670808,0.015141625069917912,15887.080750680652
555,95.64655185227883,95.64655185227883,-0.00014251093695367222,0.0,5.641499294128796,317,0.17346895866034645,0.016010117871787855,15883.03460274778
556,95.64224026811607,95.64224026811607,-4.5079318194265966e-05,0.0,5.641499294128796,317,0.17348354114851355,0.012975644292417064,15882.611895723541
557,95.63000955811538,95.63000955811538,-0.00012788797150108013,0.0,5.641499294128796,317,0.1736085969154896,0.011352135277148661,15878.105386017713
558,95.62245783833204,95.62245783833204,-7.89712142286874e-05,0.0,5.641499294128796,317,0.1737089948832139,0.0485454255200752,15873.62241803666
559,95.59062110301863,95.59062110301863,-0.0003329974684143526,0.0,5.641499294128796,317,0.17387199589962316,0.018752521237365104,15867.491095136587
560,95.57779911654615,95.57779911654615,-0.00013414335356216854,0.0,5.641499294128796,317,0.17390727728860533,0.03701013371761309,15865.87677129889
561,95.54990116929386,95.54990116929386,-0.0002919299233830279,0.0,5.641499294128796,317,0.1740391701472852,0.07769887291358198,15861.45097782042
562,95.5431221301248,95.5431221301248,-7.095014830849578e-05,0.0,5.641499294128796,317,0.17405631866321514,0.06993092862255047,15860.962816818294
563,95.54166261091683,95.54166261091683,-1.5276142577020212e-05,0.0,5.641499294128796,317,0.17410284884553384,0.06883190522374266,15859.334327931445
564,95.5375119609783,95.5375119609783,-4.3444294214436105e-05,0.0,5.641499294128796,317,0.17410765225572375,0.07445864491897376,15859.144575853386
565,95.52095312551536,95.52095312551536,-0.00017333788897458974,0.0,5.641499294128796,317,0.17427583566965926,0.07326585134616836,15853.548394260088
566,95.51369228872151,95.51369228872151,-7.601591618728607e-05,0.0,5.641499294128796,317,0.17433955206535723,0.07641378869642759,15849.551735312707
567,95.48948407944452,95.48948407944452,-0.0002534848882298219,0.0,5.641499294128796,317,0.17445814133267581,0.07152574091043297,15845.682918281833
568,95.48568195732925,95.48568195732925,-3.981797418674464e-05,0.0,5.641499294128796,317,0.17445964652950943,0.06792713573554428,15845.540541356248
569,95.4850032561492,95.4850032561492,-7.107909565265457e-06,0.0,5.641499294128796,317,0.17451764605540832,0.08469842678766902,15842.376299317413
570,95.48052161411303,95.48052161411303,-4.6936660845267315e-05,0.0,5.641499294128796,317,0.17466176473721756,0.09627747263682845,15837.98055279907
571,95.47548550032138,95.47548550032138,-5.274632486207788e-05,0.0,5.641499294128796,317,0.17467639154605202,0.10005742261650666,15837.522336496126
572,95.47128174708659,95.47128174708659,-4.403063006587976e-05,0.0,5.641499294128796,317,0.17478715191689934,0.10489881084927642,15834.00574663815
573,95.45859365955467,95.45859365955467,-0.00013290835206990984,0.0,5.641499294128796,317,0.17486167757632162,0.09621373213163718,15832.12031034229
574,95.45375282663211,95.45375282663211,-5.0712622967430996e-05,0.0,5.641499294128796,317,0.17486734485047695,0.08979278944173738,15831.899357913475
575,95.4346765418447,95.4346765418447,-0.00019986842485986668,0.0,5.641499294128796,317,0.17502736205763839,0.07750203621768664,15826.726223170632
576,95.42284228246103,95.42284228246103,-0.0001240114559984578,0.0,5.641499294128796,317,0.17509171605821153,0.08696781974570941,15824.689941021177
577,95.41750406571238,95.41750406571238,-5.594432049822812e-05,0.0,5.641499294128796,317,0.1751048018391637,0.09345244838820894,15824.313799551255
578,95.41153738218674,95.41153738218674,-6.25343342115163e-05,0.0,5.641499294128796,317,0.1752242903976247,0.09558781930874119,15820.557403604831
579,95.4036404901162,95.4036404901162,-8.27700622466411e-05,0.0,5.641499294128796,317,0.1753443054253575,0.09593227944591198,15817.251929506727
580,95.39824152294243,95.39824152294243,-5.6592389113342414e-05,0.0,5.641499294128796,317,0.17537727431304911,0.13049943213863655,15816.380102085717
581,95.39225567447417,95.39225567447417,-6.274786803485831e-05,0.0,5.641499294128796,317,0.1754507148428058,0.15951331091858348,15814.305000447972
582,95.38835516950682,95.38835516950682,-4.0889951558878447e-05,0.0,5.641499294128796,317,0.1754578312700205,0.1457531980249295,15814.090979282517
583,95.37771622988679,95.37771622988679,-0.00011153911754881221,0.0,5.641499294128796,317,0.17558252794246113,0.1230779205500821,15810.577209439258
584,95.36409255441532,95.36409255441532,-0.00014284938977423748,0.0,5.641499294128796,317,0.17568347533480516,0.11847256378382232,15807.500438121908
585,95.3562643042114,95.3562643042114,-8.209139640120111e-05,0.0,5.641499294128796,317,0.1757065400107814,0.10307755305644557,15806.836780289284
586,95.35118554863061,95.35118554863061,-5.3262267267524416e-05,0.0,5.641499294128796,317,0.17578564884077255,0.10318375414713535,15804.441059512223
587,95.34640731386125,95.34640731386125,-5.011321536513699e-05,0.0,5.641499294128796,317,0.17581135006571452,0.1062674386315011,15803.812044359884
588,95.33294629894158,95.33294629894158,-0.0001411900626573633,0.0,5.641499294128796,317,0.1759522799932101,0.09902861453124391,15799.760711414025
589,95.32006834895732,95.32006834895732,-0.00013509306451431506,0.0,5.641499294128796,317,0.17603125276293446,0.10770878535819597,15797.440007178504
590,95.31595220970799,95.31595220970799,-4.318322673663026e-05,0.0,5.641499294128796,317,0.17603716436941233,0.10904833419642274,15797.246121807446
591,95.31128516014577,95.31128516014577,-4.89651912028951e-05,0.0,5.641499294128796,317,0.17614163597404034,0.11541365349134046,15794.03301723633
592,95.30437310212919,95.30437310212919,-7.252350706777215e-05,0.0,5.641499294128796,317,0.17628596478804853,0.1172595564484697,15789.577269675781
593,95.29931929748632,95.29931929748632,-5.302945163788315e-05,0.0,5.641499294128796,317,0.1762980506043066,0.11471545243692365,15789.221499142765
594,95.29996838247101,95.29996838247101,6.810990666280334e-06,0.0,5.641499294128796,317,0.1763848006885008,0.1246791499938566,15786.75702832296
595,95.29124869977733,95.29124869977733,-9.150141158923713e-05,0.0,5.641499294128796,317,0.17650455390021652,0.1274504677424967,15783.78741584297
596,95.28503617023676,95.28503617023676,-6.519729930722171e-05,0.0,5.641499294128796,317,0.17653292536652232,0.12089977696519745,15782.967524645139
597,95.27367570243098,95.27367570243098,-0.00011923325580449239,0.0,5.641499294128796,317,0.17665228250289453,0.1165965658691213,15779.189431779749
598,95.26320550336487,95.26320550336487,-0.00010990207261066843,0.0,5.641499294128796,317,0.17676643172364218,0.11863910109773844,15776.384964531579
599,95.25978507748488,95.25978507748488,-3.590564970598837e-05,0.0,5.641499294128796,317,0.17676918752611853,0.11304965373465599,15776.266348404777
600,95.25239177165028,95.25239177165028,-7.761504761093295e-05,0.0,5.41806395490733,262,0.22374078600174577,0.10648560015896891,15156.544806268035
601,95.24397153271892,95.24397153271892,-8.840314629417092e-05,0.0,5.41806395490733,262,0.22384448279200847,0.11636236002810087,15153.813893480532
602,95.23986665765416,95.23986665765416,-4.309945772185158e-05,0.0,5.41806395490733,262,0.2238484469098516,0.10741957301330478,15153.687722501852
603,95.23030246886462,95.23030246886462,-0.000100427157086517,0.0,5.41806395490733,262,0.22394682889094944,0.1130023402130901,15150.924870045674
604,95.21736950659643,95.21736950659643,-0.00013581643875115263,0.0,5.41806395490733,262,0.22406070641253756,0.1069718900899998,15148.023676312125
605,95.21265852078567,95.21265852078567,-4.9477341998256416e-05,0.0,5.41806395490733,262,0.22406354326489678,0.09601010104144193,15147.925377827058
606,95.20523688094517,95.20523688094517,-7.795107522436986e-05,0.0,5.41806395490733,262,0.22413959794685315,0.11517315889361451,15145.902831737007
607,95.19551393338529,95.19551393338529,-0.00010213139944828593,0.0,5.41806395490733,262,0.2242188671742028,0.09771660160537579,15144.003888629393
608,95.1893289015617,95.1893289015617,-6.497399408134917e-05,0.0,5.41806395490733,262,0.22423107786079363,0.1047088678428279,15143.6952236808
609,95.18083095166658,95.18083095166658,-8.927817161381593e-05,0.0,5.41806395490733,262,0.22429440366855363,0.08652431075555399,15142.048994458371
610,95.17608071929891,95.17608071929891,-4.990869337974622e-05,0.0,5.41806395490733,262,0.22430337881630416,0.06994806309934178,15141.832602275093
611,95.16336928142067,95.16336928142067,-0.00013356598326923945,0.0,5.41806395490733,262,0.2244033242329184,0.05659130638895613,15139.381210351366
612,95.14967915477168,95.14967915477168,-0.0001438695537179975,0.0,5.41806395490733,262,0.22447249651438214,0.05345006293423544,15137.46083197416
613,95.14453536902504,95.14453536902504,-5.406139919452496e-05,0.0,5.41806395490733,262,0.22448472798397062,0.036360947743016264,15137.177341761848
614,95.13723886342312,95.13723886342312,-7.669158683145024e-05,0.0,5.41806395490733,262,0.22456696010062718,0.04449553984534745,15134.97706240528
615,95.12901211311224,95.12901211311224,-8.6476190851319e-05,0.0,5.41806395490733,262,0.22463736503861578,0.05556120833883238,15133.370860688177
616,95.1253469795494,95.1253469795494,-3.8528773593054145e-05,0.0,5.41806395490733,262,0.22464206450726573,0.06364688257977065,15133.231993810696
617,95.11871359299982,95.11871359299982,-6.973554425089946e-05,0.0,5.41806395490733,262,0.22471514591535088,0.07030521402471618,15131.43903103532
618,95.1132642389068,95.1132642389068,-5.729167258447544e-05,0.0,5.41806395490733,262,0.22472925530331017,0.08332698469481788,15131.120955084161
619,95.10023617369782,95.10023617369782,-0.0001369836021216945,0.0,5.41806395490733,262,0.22483016016625704,0.03325070991175527,15128.71725980359
620,95.08864762247653,95.08864762247653,-0.00012186360216562648,0.0,5.41806395490733,262,0.22488512319130485,-0.014093975490227605,15127.180020904445
621,95.07989037986395,95.07989037986395,-9.209980484424491e-05,0.0,5.41806395490733,262,0.2249015445642068,0.001316919980818725,15126.77298264187
622,95.07214990413301,95.07214990413301,-8.141354385314961e-05,0.0,5.41806395490733,262,0.2249548499478112,-0.004684759788470341,15125.426241001791
623,95.06823936338081,95.06823936338081,-4.1133193929207024e-05,0.0,5.41806395490733,262,0.22495807718032668,-0.02556755724259582,15125.327395035085
624,95.05753476597704,95.05753476597704,-0.00011260543147397747,0.0,5.41806395490733,262,0.2250584673883278,-0.006726504529386079,15122.795117167205
625,95.04746629192336,95.04746629192336,-0.00010592539919587716,0.0,5.41806395490733,262,0.22514211506915865,0.0034302177034810696,15120.380361855321
626,95.03124633784374,95.03124633784374,-0.000170665656291371,0.0,5.41806395490733,262,0.2251913956661669,0.030762125934614352,15119.174203874489
627,95.02727401211796,95.02727401211796,-4.1801080204625285e-05,0.0,5.41806395490733,262,0.22519392184022205,0.07436884810131038,15119.078619660253
628,95.02117372396809,95.02117372396809,-6.419718997577873e-05,0.0,5.41806395490733,262,0.225271456443186,0.0502797658816377,15116.795542346172
629,95.01197862620977,95.01197862620977,-9.677361714820249e-05,0.0,5.41806395490733,262,0.22536078966797862,0.020503865801819135,15114.586862103059
630,95.00822107168838,95.00822107168838,-3.954900087310857e-05,0.0,5.41806395490733,262,0.22536714410091666,0.002072425213122596,15114.398585330233
631,95.00199593362856,95.00199593362856,-6.552424559223473e-05,0.0,5.41806395490733,262,0.22546404413588222,-0.00266344123488597,15111.674732931122
632,94.99337106061137,94.99337106061137,-9.079035093929563e-05,0.0,5.41806395490733,262,0.2255831044227514,0.017598361083996303,15108.48179968832
633,94.97953488399443,94.97953488399443,-0.00014566473648020586,0.0,5.41806395490733,262,0.22562917744356045,0.04012477105700631,15107.2528429873
634,94.97643056484252,94.97643056484252,-3.2684618720564645e-05,0.0,5.41806395490733,262,0.22563142028186492,0.046586273437809765,15107.170604363377
635,94.972544307016,94.972544307016,-4.091896605065699e-05,0.0,5.41806395490733,262,0.22571237086591386,0.01670265883348019,15104.63227677958
636,94.96358199653912,94.96358199653912,-9.437183602658518e-05,0.0,5.41806395490733,262,0.22583803246504122,0.023796150723697024,15101.2746011879
637,94.95939996841506,94.95939996841506,-4.403920032706478e-05,0.0,5.41806395490733,262,0.22584170739171153,0.01174583901377857,15101.148330833905
638,94.95338793281853,94.95338793281853,-6.331364691103571e-05,0.0,5.41806395490733,262,0.225930302696738,0.0200421486899024,15098.58887524568
639,94.94531837751383,94.94531837751383,-8.498799666773447e-05,0.0,5.41806395490733,262,0.2259836500711646,0.019770644176102876,15097.339620077504
640,94.9360328421344,94.9360328421344,-9.780355287328281e-05,0.0,5.41806395490733,262,0.22603310407613633,0.01527291624317119,15096.171982820328
641,94.93262794951009,94.93262794951009,-3.5865767530773445e-05,0.0,5.41806395490733,262,0.22603602195014025,-0.0032079016900390914,15096.079297883267
642,94.91960318086252,94.91960318086252,-0.00013720954018238575,0.0,5.41806395490733,262,0.22613318741844599,-0.01921287318753249,15093.454779006619
643,94.91133051020766,94.91133051020766,-8.715829922178385e-05,0.0,5.41806395490733,262,0.22622595941572016,-0.03845720993385709,15090.938100002804
644,94.9066988199662,94.9066988199662,-4.8801373175468035e-05,0.0,5.41806395490733,262,0.22623568675701602,-0.04369308178804376,15090.633320054292
645,94.90552008655503,94.90552008655503,-1.241999506636366e-05,0.0,5.41806395490733,262,0.2263037411860974,-0.014763391107767391,15088.803935255375
646,94.8994801869798,94.8994801869798,-6.364320822493377e-05,0.0,5.41806395490733,262,0.22634063422856487,-0.011582200700284618,15088.020020901427
647,94.88757802589305,94.88757802589305,-0.00012542647759476326,0.0,5.41806395490733,262,0.2264478823404479,0.0020140200086163616,15085.341238859764
648,94.884417946866,94.884417946866,-3.330395521367428e-05,0.0,5.41806395490733,262,0.22645002357578525,-0.06692524554482414,15085.268177017877
649,94.87537092151967,94.87537092151967,-9.535239691325625e-05,0.0,5.41806395490733,262,0.22653223019538882,-0.0538855700078679,15083.04190044482
650,94.86855102213265,94.86855102213265,-7.188530014669264e-05,0.0,5.41806395490733,262,0.22662099479412368,-0.0693816942691758,15080.519878549052
651,94.8623528106986,94.8623528106986,-6.533686722662345e-05,0.0,5.41806395490733,262,0.2266379030586632,-0.0712792198773005,15080.049951072684
652,94.85828738839255,94.85828738839255,-4.2856932196654996e-05,0.0,5.41806395490733,262,0.2267049388652942,-0.06587856669815875,15078.260123838005
653,94.85227857361723,94.85227857361723,-6.334718097403086e-05,0.0,5.41806395490733,262,0.22673447383014822,-0.08717127192773168,15077.633212764804
654,94.84226935619229,94.84226935619229,-0.00010552983776769991,0.0,5.41806395490733,262,0.226803751275187,-0.08736713454443931,15076.004926267315
655,94.83320651015794,94.83320651015794,-9.556160067455429e-05,0.0,5.41806395490733,262,0.22683816259744533,-0.07943576474389044,15075.244166293387
656,94.82621194980103,94.82621194980103,-7.375916700439489e-05,0.0,5.41806395490733,262,0.22686036727688833,-0.07273794271399098,15074.68562013741
657,94.82327393442993,94.82327393442993,-3.098363655071239e-05,0.0,5.41806395490733,262,0.22686295431843967,-0.08461080229089432,15074.60470972557
658,94.81106438112451,94.81106438112451,-0.0001287694352272968,0.0,5.41806395490733,262,0.22695932408303554,-0.09730541210417935,15072.12322801699
659,94.7997678114694,94.7997678114694,-0.00011915531974469889,0.0,5.41806395490733,262,0.22704034836640943,-0.0727490751362175,15069.846641767143
660,94.78361554627996,94.78361554627996,-0.00017039747832793518,0.0,5.41806395490733,262,0.2271029331654098,-0.022692917763347916,15068.214882179871
661,94.77995854864403,94.77995854864403,-3.858333705552983e-05,0.0,5.41806395490733,262,0.22710512577757064,-0.06540902449358746,15068.132060529446
662,94.77452024181338,94.77452024181338,-5.737988220432933e-05,0.0,5.41806395490733,262,0.22717588427962923,-0.04473579897573163,15066.001142708274
663,94.76624419207234,94.76624419207234,-8.732738596915201e-05,0.0,5.41806395490733,262,0.22728286876574016,-0.05927761789080553,15063.283128931269
664,94.75731912248808,94.75731912248808,-9.418427381540045e-05,0.0,5.41806395490733,262,0.22730185483049753,-0.03859720014344534,15062.795937760247
665,94.7496248475736,94.7496248475736,-8.120309216671887e-05,0.0,5.41806395490733,262,0.2273553806359068,-0.040353801922141184,15061.331923596019
666,94.7460389796407,94.7460389796407,-3.7846437864577505e-05,0.0,5.41806395490733,262,0.2273589512084517,-0.03868083037292283,15061.217380883567
667,94.73497770612911,94.73497770612911,-0.00011675336894033594,0.0,5.41806395490733,262,0.2274261711760753,-0.05328707636635414,15059.541522182333
668,94.72437470111436,94.72437470111436,-0.00011192907492937406,0.0,5.41806395490733,262,0.2274616545756024,-0.03750072885438931,15058.723205734157
669,94.7166871162202,94.7166871162202,-8.116070322486796e-05,0.0,5.41806395490733,262,0.22747681069484044,-0.03465791592531417,15058.321321254332
670,94.70829581137728,94.70829581137728,-8.859765716976444e-05,0.0,5.41806395490733,262,0.22751458798680763,-0.014426052449579152,15057.384831473564
671,94.6980699843612,94.6980699843612,-0.00010797764882994145,0.0,5.41806395490733,262,0.22753797752085508,-0.053925161498793915,15056.827156987978
672,94.69029211448144,94.69029211448144,-8.213672474841813e-05,0.0,5.41806395490733,262,0.22756083135528823,-0.03396696763834158,15056.264716019334
673,94.68334091153143,94.68334091153143,-7.341257430673187e-05,0.0,5.41806395490733,262,0.22756912122566209,-0.035989181821742995,15056.02155383974
674,94.66919349401807,94.66919349401807,-0.00014942939722564628,0.0,5.41806395490733,262,0.22764095840557827,-0.04021235458601361,15054.214271403007
675,94.65620491420047,94.65620491420047,-0.00013720905855407186,0.0,5.41806395490733,262,0.2277303565495324,0.008749844463844303,15051.389538275804
676,94.63620432834581,94.63620432834581,-0.00021131947138425627,0.0,5.41806395490733,262,0.22783383100708818,0.07247878177823532,15047.346846342029
677,94.61702044842933,94.61702044842933,-0.00020273239734552525,0.0,5.41806395490733,262,0.2278951586628468,0.19388540748266145,15043.492257625752
678,94.59222234566188,94.59222234566188,-0.0002621235891358856,0.0,5.41806395490733,262,0.2279889810395053,0.3104598952696295,15038.68335167473
679,94.57119377384026,94.57119377384026,-0.00022233233401706094,0.0,5.41806395490733,262,0.2280487724894286,0.41859876930363155,15035.073365637083
680,94.54857431567666,94.54857431567666,-0.0002392077623610277,0.0,5.41806395490733,262,0.2281427747216552,0.47956086594692215,15031.456826344856
681,94.52973221534562,94.52973221534562,-0.00019930472976097726,0.0,5.41806395490733,262,0.2281906958013606,0.5335225338456516,15029.773755754914
682,94.5221626311973,94.5221626311973,-8.007943171902956e-05,0.0,5.41806395490733,262,0.22820574927775059,0.5194121515499796,15029.285972695721
683,94.5203179993094,94.5203179993094,-1.9515527746037455e-05,0.0,5.41806395490733,262,0.22826263458712975,0.523151787638129,15027.588066692297
684,94.51597718904064,94.51597718904064,-4.5925680729195714e-05,0.0,5.41806395490733,262,0.22826957162023942,0.5366452485850823,15027.386852652897
685,94.49737057967303,94.49737057967303,-0.00019688143347925603,0.0,5.41806395490733,262,0.228414063862922,0.48055161188476037,15023.621188335033
686,94.4938308582126,94.4938308582126,-3.745911379909519e-05,0.0,5.41806395490733,262,0.22841742084735817,0.47624502292894016,15023.52073181703
687,94.48306228448651,94.48306228448651,-0.00011396709469254387,0.0,5.41806395490733,262,0.22848518944038596,0.4678339278015902,15021.29743833732
688,94.47859598770908,94.47859598770908,-4.727198966279225e-05,0.0,5.41806395490733,262,0.22849221165284322,0.460259486361413,15021.09198473408
689,94.45868222440674,94.45868222440674,-0.0002107976103448378,0.0,5.41806395490733,262,0.22863263243318513,0.4043181396005784,15017.627257252143
690,94.45416584841479,94.45416584841479,-4.781438678086986e-05,0.0,5.41806395490733,262,0.22863410871474144,0.369917476842238,15017.562555079523
691,94.44446332009608,94.44446332009608,-0.00010272735561870809,0.0,5.41806395490733,262,0.22868938699424313,0.36932109102988137,15015.947420369308
692,94.43994462900756,94.43994462900756,-4.784609951076103e-05,0.0,5.41806395490733,262,0.22869380777305842,0.36540127313224074,15015.822346573257
693,94.41950821569935,94.41950821569935,-0.00021641927984160128,0.0,5.41806395490733,262,0.22882854355299947,0.3331630825584137,15012.453928821933
694,94.41498599040011,94.41498599040011,-4.7896178281634766e-05,0.0,5.41806395490733,262,0.22882999183889197,0.29094637084978037,15012.39175699581
695,94.40543117919941,94.40543117919941,-0.00010120527591334534,0.0,5.41806395490733,262,0.2288854269202559,0.29350151449179956,15010.78520787226
696,94.4011087704715,94.4011087704715,-4.5786642028685694e-05,0.0,5.41806395490733,262,0.22888964113296936,0.2881398165121654,15010.66739401526
697,94.38152930623471,94.38152930623471,-0.00020742865452524057,0.0,5.41806395490733,262,0.22901975112302234,0.24220170324833315,15007.513495853149
698,94.3770115628738,94.3770115628738,-4.786796232864077e-05,0.0,5.41806395490733,262,0.22902086836751415,0.21286716935931357,15007.462933680888
699,94.3709325427793,94.3709325427793,-6.441415958636799e-05,0.0,5.41806395490733,262,0.22905250812849884,0.22031169982147764,15006.692788221415
700,94.36637406601957,94.36637406601957,-4.830498900841863e-05,0.0,5.41806395490733,262,0.22907005847325626,0.2253959064377502,15006.320078155886
701,94.35306644819391,94.35306644819391,-0.00014103070474837223,0.0,5.41806395490733,262,0.22915743861357762,0.2289540839702577,15004.285261667686
702,94.34578083302547,94.34578083302547,-7.721949844453179e-05,0.0,5.41806395490733,262,0.2291805320477058,0.2275920059764492,15003.796661027667
703,94.33865509105254,94.33865509105254,-7.553078706698441e-05,0.0,5.41806395490733,262,0.22919448983379112,0.2266764170508568,15003.44821655707
704,94.3346263554866,94.3346263554866,-4.270594686923824e-05,0.0,5.41806395490733,262,0.22919786739944503,0.21239170033844615,15003.347640397118
705,94.32156922311357,94.32156922311357,-0.00013842251354472172,0.0,5.41806395490733,262,0.22928029128802102,0.19294658255562055,15001.417394329595
706,94.31442318324613,94.31442318324613,-7.576539110793929e-05,0.0,5.41806395490733,262,0.2293018951094892,0.19327838612411,15000.948716922847
707,94.30796216251552,94.30796216251552,-6.850746502116207e-05,0.0,5.41806395490733,262,0.22931454387673442,0.2041930403294015,15000.637406721959
708,94.30449492182909,94.30449492182909,-3.676576553234362e-05,0.0,5.41806395490733,262,0.22931759251222167,0.21241313477000073,15000.548795588536
709,94.29114947631588,94.29114947631588,-0.00014152442998434367,0.0,5.41806395490733,262,0.22940839797849089,0.1984210064360347,14998.43284972271
710,94.27950263942559,94.27950263942559,-0.00012352756671754164,0.0,5.41806395490733,262,0.22945688511695783,0.1969920313462821,14997.35103729597
711,94.27533683826609,94.27533683826609,-4.4186626784242774e-05,0.0,5.41806395490733,262,0.22945915691073715,0.1796550797340832,14997.274817382042
712,94.26875110916524,94.26875110916524,-6.985877070160064e-05,0.0,5.41806395490733,262,0.22950475051654973,0.17953946658875236,14996.19632853341
713,94.26164861466482,94.26164861466482,-7.534588070865606e-05,0.0,5.41806395490733,262,0.22953398318079943,0.18487393707596353,14995.58216005393
714,94.25386264279898,94.25386264279898,-8.260298389599031e-05,0.0,5.41806395490733,262,0.22955996975242204,0.18735426369485808,14994.987901742024
715,94.25178280250935,94.25178280250935,-2.206661009856124e-05,0.0,5.41806395490733,262,0.22956154419876426,0.18869283639338966,14994.940419108092
716,94.24229477660245,94.24229477660245,-0.00010067187294981883,0.0,5.41806395490733,262,0.22960882341742875,0.1807905570357535,14993.849957100714
717,94.23664410725682,94.23664410725682,-5.9960750848740125e-05,0.0,5.41806395490733,262,0.2296223834601023,0.19212537667034307,14993.550142592578
718,94.2237660105748,94.2237660105748,-0.00013666633426090492,0.0,5.41806395490733,262,0.229684641122864,0.1835400136542353,14992.147280161127
719,94.21158120962053,94.21158120962053,-0.00012932606489184022,0.0,5.41806395490733,262,0.2297271586375919,0.18241799146945317,14991.162795532528
720,94.2073578963954,94.2073578963954,-4.482896725655763e-05,0.0,5.41806395490733,262,0.229729427355737,0.19607670335396818,14991.088633778701
721,94.19827176002948,94.19827176002948,-9.645291798889366e-05,0.0,5.41806395490733,262,0.22979069457937812,0.1878093284566838,14989.504109839845
722,94.19548586265162,94.19548586265162,-2.957526208106271e-05,0.0,5.41806395490733,262,0.22989872222507374,0.1840895392804646,14986.24183131087
723,94.16662559777303,94.16662559777303,-0.00030643386698800233,0.0,5.41806395490733,262,0.23003389168876265,0.09859192507629617,14979.759867006094
724,94.15339451619346,94.15339451619346,-0.00014051699435185162,0.0,5.41806395490733,262,0.2300828495202046,0.12335209400750381,14976.187174361228
725,94.12620360820551,94.12620360820551,-0.00028883541762197355,0.0,5.41806395490733,262,0.23019334960494753,0.1239542323241105,14970.553904417075
726,94.11781497248101,94.11781497248101,-8.91251237973005e-05,0.0,5.41806395490733,262,0.23023409082258464,0.11465952526843139,14969.206755840476
727,94.1030641777784,94.1030641777784,-0.00015673919704759908,0.0,5.41806395490733,262,0.23028018284003754,0.1104586008661403,14967.88892354892
728,94.09963743468889,94.09963743468889,-3.6415450581040384e-05,0.0,5.41806395490733,262,0.23028591202928966,0.0972231765842815,14967.435648040957
729,94.1015787679426,94.1015787679426,2.0630400726897046e-05,0.0,5.41806395490733,262,0.23033959184078104,0.12118173008118008,14965.309873524959
730,94.09785559147898,94.09785559147898,-3.95662875053639e-05,0.0,5.41806395490733,262,0.230344584303569,0.14745508208092034,14965.156704821211
731,94.07843271940142,94.07843271940142,-0.00020643272668282748,0.0,5.41806395490733,262,0.23050187474211356,0.12261129856770946,14961.044284298701
732,94.07434713100284,94.07434713100284,-4.342841389294714e-05,0.0,5.41806395490733,262,0.23050298350041448,0.09922767232763147,14960.986892106377
733,94.0698328122121,94.0698328122121,-4.798786540160771e-05,0.0,5.41806395490733,262,0.23053112413190086,0.11463333904828696,14960.309739195543
734,94.06629317009448,94.06629317009448,-3.762852136502318e-05,0.0,5.41806395490733,262,0.23053523071470877,0.12229515765833938,14960.18859001462
735,94.04824077828764,94.04824077828764,-0.00019192979386922331,0.0,5.41806395490733,262,0.2306717959266131,0.09399840855128323,14956.932366904433
736,94.03803491267969,94.03803491267969,-0.00010852323573810569,0.0,5.41806395490733,262,0.23069758581482064,0.06665291171350192,14956.183915808157
737,94.03429359933489,94.03429359933489,-3.9785899126158434e-05,0.0,5.41806395490733,262,0.23070069244955152,0.01881875584624661,14956.080991944327
738,94.03149093888673,94.03149093888673,-2.9805107348387354e-05,0.0,5.41806395490733,262,0.23076935572678267,-0.030243094588288482,14954.302745428697
739,94.02707421500104,94.02707421500104,-4.697179182344471e-05,0.0,5.41806395490733,262,0.23077509725701434,-0.08062155586831107,14954.139768374545
740,94.00759897079773,94.00759897079773,-0.00020714524553352523,0.0,5.41806395490733,262,0.23092822509356248,-0.15401303082045598,14950.492868195071
741,94.00386033260793,94.00386033260793,-3.977032255525767e-05,0.0,5.41806395490733,262,0.23093116025409752,-0.17593990177613292,14950.407865780344
742,93.99928051089292,93.99928051089292,-4.8720693658333424e-05,0.0,5.41806395490733,262,0.2309618909671519,-0.1696354240186229,14949.680275690773
743,93.99475895715379,93.99475895715379,-4.810316064056943e-05,0.0,5.41806395490733,262,0.23096746452858233,-0.17716584918868516,14949.520660051563
744,93.97680389639682,93.97680389639682,-0.0001910401822383143,0.0,5.41806395490733,262,0.23109978317049992,-0.17056537763118154,14946.368028509927
745,93.96503834654048,93.96503834654048,-0.000125204156044204,0.0,5.41806395490733,262,0.23115153707835898,-0.1448062605622975,14944.734937147505
746,93.95068830270624,93.95068830270624,-0.00015272850354798172,0.0,5.41806395490733,262,0.23118644160604493,-0.13434633587801975,14943.881839962505
747,93.94716957491089,93.94716957491089,-3.7453623319654466e-05,0.0,5.41806395490733,262,0.23118821761444083,-0.14158049902512046,14943.807863352262
748,93.94609673957989,93.94609673957989,-1.1419625110137663e-05,0.0,5.41806395490733,262,0.23123488040074522,-0.10284370510138123,14942.543920619246
749,93.94195382186604,93.94195382186604,-4.4099853100220226e-05,0.0,5.41806395490733,262,0.2312425830785576,-0.07262459716954187,14942.32425815742
750,93.92508545416027,93.92508545416027,-0.0001795777249282736,0.0,5.41806395490733,262,0.23136926981075745,-0.08476878252788456,14939.237720139987
751,93.92195937682436,93.92195937682436,-3.3283220814169236e-05,0.0,5.41806395490733,262,0.2313709809190572,-0.10064422404607759,14939.182140167966
752,93.91900864827971,93.91900864827971,-3.141730556348024e-05,0.0,5.41806395490733,262,0.23140117660979412,-0.06756505320951454,14938.463616266545
753,93.91682064021434,93.91682064021434,-2.3297025639527892e-05,0.0,5.41806395490733,262,0.2314060101804222,-0.03546509136699592,14938.351246433058
754,93.90227136906158,93.90227136906158,-0.00015492856478236934,0.0,5.41806395490733,262,0.2315425248767512,-0.04941236545634872,14935.056798140362
755,93.89768386095844,93.89768386095844,-4.885526302111172e-05,0.0,5.41806395490733,262,0.23159227598313514,-0.057120968738852536,14933.13084514887
756,93.86992008381762,93.86992008381762,-0.0002957248935372012,0.0,5.41806395490733,262,0.23171218536312388,-0.0594308232231238,14928.153225513457
757,93.86207408912084,93.86207408912084,-8.358718753208414e-05,0.0,5.41806395490733,262,0.23174248460810862,-0.05206581880885037,14927.170397321754
758,93.85896484647745,93.85896484647745,-3.312620323542275e-05,0.0,5.41806395490733,262,0.23175901318705644,-0.0541397545451721,14926.722611596662
759,93.86113181821374,93.86113181821374,2.3087264228936285e-05,0.0,5.41806395490733,262,0.23183374888760053,-0.034040510312313366,14924.555464871173
760,93.85890647027304,93.85890647027304,-2.370922104096526e-05,0.0,5.41806395490733,262,0.2318375009955485,-0.003205252614607334,14924.409178924016
761,93.8375264830074,93.8375264830074,-0.00022781453032121087,0.0,5.41806395490733,262,0.23200379060220747,-0.028356121665383937,14920.024209795738
762,93.83587567127613,93.83587567127613,-1.759238882398742e-05,0.0,5.41806395490733,262,0.2320057613965001,-0.05825828578342146,14919.943574981568
763,93.83328519265352,93.83328519265352,-2.760686530327399e-05,0.0,5.41806395490733,262,0.23203818988654282,-0.04620297987368426,14919.126149366191
764,93.82864566853468,93.82864566853468,-4.9445554551221016e-05,0.0,5.41806395490733,262,0.23208831300311802,-0.032299274625052575,14917.94180685658
765,93.82086523831791,93.82086523831791,-8.292513189754208e-05,0.0,5.41806395490733,262,0.23214384392197698,-0.029831471614963384,14916.719618945055
766,93.81797298683928,93.81797298683928,-3.0827855322594457e-05,0.0,5.41806395490733,262,0.23214636817688866,-0.029271331161912998,14916.636537817873
767,93.80723239747415,93.80723239747415,-0.00011448983471983948,0.0,5.41806395490733,262,0.2322206800118628,-0.036745007109110474,14914.883955294445
768,93.80389159467403,93.80389159467403,-3.5614122759726485e-05,0.0,5.41806395490733,262,0.23222327754652458,-0.03271565053342035,14914.796450041371
769,93.79409205853253,93.79409205853253,-0.0001044737897452826,0.0,5.41806395490733,262,0.23229329620499475,-0.04099808420917512,14913.174031247068
770,93.79073830782502,93.79073830782502,-3.575716331983171e-05,0.0,5.41806395490733,262,0.2322961027052269,-0.038757987949727415,14913.081533871886
771,93.78036894881825,93.78036894881825,-0.00011056456582250561,0.0,5.41806395490733,262,0.23237398586780003,-0.04477980919806179,14911.270109410762
772,93.77810895931655,93.77810895931655,-2.409903862532529e-05,0.0,5.41806395490733,262,0.23237561549422747,-0.04910604267860235,14911.21468031758
773,93.76818928304539,93.76818928304539,-0.00010578375977963482,0.0,5.41806395490733,262,0.23244857377487918,-0.05268979114242863,14909.533418168445
774,93.76471591310224,93.76471591310224,-3.70427785984502e-05,0.0,5.41806395490733,262,0.23245662342366327,-0.05574667690332025,14909.34133312953
775,93.7549465444553,93.7549465444553,-0.00010419567236571335,0.0,5.41806395490733,262,0.23251976097099541,-0.05650529456507213,14907.87993149288
776,93.75096734973671,93.75096734973671,-4.24434049735643e-05,0.0,5.41806395490733,262,0.2325272994572302,-0.05726530668117678,14907.694611885294
777,93.74106116420937,93.74106116420937,-0.00010567047159366644,0.0,5.41806395490733,262,0.23258241313113232,-0.05578511331771246,14906.433393593816
778,93.73637050371477,93.73637050371477,-5.003973495744303e-05,0.0,5.41806395490733,262,0.2326076543199451,-0.06421256481559473,14905.886597449897
779,93.73095140839834,93.73095140839834,-5.781375935452893e-05,0.0,5.41806395490733,262,0.23262194521587504,-0.056153405911196254,14905.535696866444
780,93.72705061051674,93.72705061051674,-4.1617832689465806e-05,0.0,5.41806395490733,262,0.2326258646533617,-0.05127785084001529,14905.41609553123
781,93.71887612434482,93.71887612434482,-8.721967256898174e-05,0.0,5.41806395490733,262,0.23269647806374927,-0.049702084873127994,14903.853441533696
782,93.7111438834259,93.7111438834259,-8.250803070904416e-05,0.0,5.41806395490733,262,0.23277215523549916,-0.013475939739264723,14901.590999773853
783,93.683030082595,93.683030082595,-0.0003000498942611739,0.0,5.41806395490733,262,0.23288878416792821,-0.05170655556530765,14896.161141244715
784,93.67225775164513,93.67225775164513,-0.0001149936154592222,0.0,5.41806395490733,262,0.2329396765825374,-0.0669204785253003,14892.969060859563
785,93.64705004196396,93.64705004196396,-0.00026914160777395744,0.0,5.41806395490733,262,0.23305328344305354,-0.054340274062278406,14887.41775764898
786,93.63857401068226,93.63857401068226,-9.051448908974048e-05,0.0,5.41806395490733,262,0.23309342608122433,-0.05214622429790176,14885.974544883746
787,93.6245434440179,93.6245434440179,-0.00014984869291209273,0.0,5.41806395490733,262,0.23313132346983656,-0.04049474244163569,14884.676114334468
788,93.62097130012702,93.62097130012702,-3.8154653757015314e-05,0.0,5.41806395490733,262,0.23313705629601353,-0.06565815024840066,14884.265336139288
789,93.62237770408481,93.62237770408481,1.5022204690267406e-05,0.0,5.41806395490733,262,0.23318895867583034,-0.06628667057124363,14882.332153570651
790,93.61832876968595,93.61832876968595,-4.324844181326439e-05,0.0,5.41806395490733,262,0.23319355280593754,-0.03630659579647964,14882.156088832224
791,93.60140022746532,93.60140022746532,-0.00018084143543455083,0.0,5.41806395490733,262,0.2333278128523728,-0.033744381500481826,14878.373753866745
792,93.59695631834826,93.59695631834826,-4.7478078332402734e-05,0.0,5.41806395490733,262,0.23332889504319887,-0.04984689393104052,14878.283789471534
793,93.59085977342788,93.59085977342788,-6.513826647294337e-05,0.0,5.41806395490733,262,0.23335999952992342,-0.053242904554899904,14877.414829598865
794,93.58644391379691,93.58644391379691,-4.7183708118466715e-05,0.0,5.41806395490733,262,0.23336454843911655,-0.03490030903947618,14877.252184348059
795,93.56821456296258,93.56821456296258,-0.00019480520592277746,0.0,5.41806395490733,262,0.23349246514632307,-0.05584417022094779,14874.159928168057
796,93.56308207017918,93.56308207017918,-5.4854456491651446e-05,0.0,5.41806395490733,262,0.2334985492606116,-0.06290900150949832,14873.968080526816
797,93.55709292328662,93.55709292328662,-6.401390865328835e-05,0.0,5.41806395490733,262,0.23352640852786113,-0.06916944424981106,14873.214604107263
798,93.55269179848588,93.55269179848588,-4.7043235158340395e-05,0.0,5.41806395490733,262,0.23353037820394343,-0.07374023378449016,14873.06686397327
799,93.53726272790831,93.53726272790831,-0.00016493745644012372,0.0,5.41806395490733,262,0.23364814773274736,-0.06707334550289876,14870.264101557608
800,93.53216700799005,93.53216700799005,-5.447945104349151e-05,0.0,5.138072336880068,208,0.2869402782789801,-0.060415388179808335,14097.225746748778
801,93.51779733980105,93.51779733980105,-0.0001536452387721954,0.0,5.138072336880068,208,0.28695697359430467,-0.07239540183725394,14096.751812517598
802,93.5115530884427,93.5115530884427,-6.677295671912394e-05,0.0,5.138072336880068,208,0.2869587110760826,-0.08174637736900091,14096.661380638008
803,93.49878300180983,93.49878300180983,-0.00013657091816095325,0.0,5.138072336880068,208,0.2869622680872349,-0.07132076029676278,14096.476438861891
804,93.49364184542972,93.49364184542972,-5.4987857241836104e-05,0.0,5.138072336880068,208,0.2869637029582712,-0.09298409364933084,14096.401982468637
805,93.48081301676015,93.48081301676015,-0.00013722546964131443,0.0,5.138072336880068,208,0.28696729484668587,-0.10670258808894573,14096.21618996559
806,93.47566447015465,93.47566447015465,-5.507748836525401e-05,0.0,5.138072336880068,208,0.2869687397428264,-0.1025074423301561,14096.141626543977
807,93.46293295182514,93.46293295182514,-0.00013621069725330482,0.0,5.138072336880068,208,0.28697233429908825,-0.11989632364007098,14095.957243330282
808,93.45764008010401,93.45764008010401,-5.663230790159075e-05,0.0,5.138072336880068,208,0.2869738370763757,-0.1380800643932732,14095.880589731521
809,93.44552515195616,93.44552515195616,-0.00012963855534253051,0.0,5.138072336880068,208,0.2869772796615174,-0.12868409223048785,14095.705136236678
810,93.44025121959386,93.44025121959386,-5.6440168600239396e-05,0.0,5.138072336880068,208,0.28697877833202884,-0.11929055039853657,14095.628756925695
811,93.42761806260495,93.42761806260495,-0.00013520951522249104,0.0,5.138072336880068,208,0.28698237946687805,-0.1356851274429107,14095.445798222385
812,93.42243084982344,93.42243084982344,-5.552273401086593e-05,0.0,5.138072336880068,208,0.2869838607828976,-0.15545738360646277,14095.370674820917
813,93.41090990433105,93.41090990433105,-0.00012332858215230555,0.0,5.138072336880068,208,0.28698715088392346,-0.14573157839664086,14095.203823633201
814,93.40604420530266,93.40604420530266,-5.209055091036216e-05,0.0,5.138072336880068,208,0.286988541914998,-0.14231283729920374,14095.133356529395
815,93.39463795757179,93.39463795757179,-0.00012212212089357053,0.0,5.138072336880068,208,0.2869918111875863,-0.11634087496417099,14094.968166442999
816,93.3902966183729,93.3902966183729,-4.6484896756045964e-05,0.0,5.138072336880068,208,0.2869930580948688,-0.14175218789330854,14094.905293339218
817,93.37751947413905,93.37751947413905,-0.0001368238331538972,0.0,5.138072336880068,208,0.28699673210944476,-0.14934051810422824,14094.720249351949
818,93.36928044371992,93.36928044371992,-8.823744693992417e-05,0.0,5.138072336880068,208,0.2869991025345472,-0.17656275920108738,14094.600928241372
819,93.36220801093553,93.36220801093553,-7.5749760753242e-05,0.0,5.138072336880068,208,0.2870011373535868,-0.21975482352403897,14094.498502289362
820,93.35578357724027,93.35578357724027,-6.881429735987259e-05,0.0,5.138072336880068,208,0.287002985761581,-0.18014036271275122,14094.405460933238
821,93.35046778425247,93.35046778425247,-5.694284953473413e-05,0.0,5.138072336880068,208,0.2870045152151099,-0.14402745475233064,14094.328475379038
822,93.34781014369628,93.34781014369628,-2.8469898982103004e-05,0.0,5.138072336880068,208,0.2870052798745011,-0.15723130470594654,14094.289986308531
823,93.33710833045684,93.33710833045684,-0.00011465107453382132,0.0,5.138072336880068,208,0.28700836556994946,-0.18032201069755,14094.1349981393
824,93.33044276630419,93.33044276630419,-7.141642043644181e-05,0.0,5.138072336880068,208,0.2870530078086548,-0.18501639656595137,14092.965335318671
825,93.308014371101,93.308014371101,-0.0002403405563371667,0.0,5.138072336880068,208,0.287185662052688,-0.18016929169981438,14087.87470556411
826,93.2953917399711,93.2953917399711,-0.00013528832524777257,0.0,5.138072336880068,208,0.2872563361429143,-0.14456595561380284,14083.88651585032
827,93.274183453298,93.274183453298,-0.00022734989606410525,0.0,5.138072336880068,208,0.2873888185655703,-0.10380267004115733,14078.87704387799
828,93.26770286873582,93.26770286873582,-6.948128050540433e-05,0.0,5.138072336880068,208,0.2874532482039539,-0.117693956529662,14076.903367801702
829,93.25933271527471,93.25933271527471,-8.974734885515924e-05,0.0,5.138072336880068,208,0.28746493514311044,-0.11463366752295492,14076.454956975525
830,93.2538271416159,93.2538271416159,-5.903683862989854e-05,0.0,5.138072336880068,208,0.2874871531713708,-0.11089611142135859,14075.644125581877
831,93.24935804999635,93.24935804999635,-4.792509699842301e-05,0.0,5.138072336880068,208,0.2875117679192313,-0.0971869145803598,14074.959983243398
832,93.24512537003852,93.24512537003852,-4.539201247055519e-05,0.0,5.138072336880068,208,0.2875135550623648,-0.08456538973237201,14074.86060813016
833,93.24335379355308,93.24335379355308,-1.8999312916666214e-05,0.0,5.138072336880068,208,0.2875173575282475,-0.06301496013993668,14074.659155354886
834,93.24006921813536,93.24006921813536,-3.5226459971764315e-05,0.0,5.138072336880068,208,0.28751866164831336,-0.041330747770267635,14074.586371580212
835,93.23365018938203,93.23365018938203,-6.884647097996961e-05,0.0,5.138072336880068,208,0.2875202834112707,-0.03249652528558114,14074.236680566633
836,93.2288666070176,93.2288666070176,-5.130878256574355e-05,0.0,5.138072336880068,208,0.2875222378489273,-0.025438100088176856,14074.13886739083
837,93.22095476866363,93.22095476866363,-8.486828574392276e-05,0.0,5.138072336880068,208,0.28752654775705944,-0.02153064637572695,14073.881063142884
838,93.21677319337897,93.21677319337897,-4.485760828635085e-05,0.0,5.138072336880068,208,0.28752822072365064,-0.026324004785774888,14073.798872983934
839,93.20817439236428,93.20817439236428,-9.224946695317757e-05,0.0,5.138072336880068,208,0.2875316675945076,-0.03440616777538771,14073.629860883451
840,93.20320237407503,93.20320237407503,-5.334457989284423e-05,0.0,5.138072336880068,208,0.2875336619775814,-0.035814409253333096,14073.532134322126
841,93.19413281184983,93.19413281184983,-9.731429071475543e-05,0.0,5.138072336880068,208,0.2875373000446721,-0.036819007853793044,14073.353869264065
842,93.18940185604215,93.18940185604215,-5.0765812732587385e-05,0.0,5.138072336880068,208,0.2875391978062117,-0.027686322284219172,14073.260880860567
843,93.17974575318439,93.17974575318439,-0.00010362340537877559,0.0,5.138072336880068,208,0.2875438983479191,-0.06526913252642953,14073.007381051795
844,93.17487494006012,93.17487494006012,-5.227466973733795e-05,0.0,5.138072336880068,208,0.28754582526889316,-0.09333996408026984,14072.914205347031
845,93.16537427571839,93.16537427571839,-0.0001019711456859008,0.0,5.138072336880068,208,0.28754958702461275,-0.12203528136405725,14072.732463392827
846,93.16085975048644,93.16085975048644,-4.845828883334748e-05,0.0,5.138072336880068,208,0.28755138535467945,-0.12706768803230098,14072.646103259636
847,93.15078820165009,93.15078820165009,-0.00010811507446644891,0.0,5.138072336880068,208,0.28755553919984833,-0.11563234592767135,14072.453440630841
848,93.14628105452672,93.14628105452672,-4.838666697477222e-05,0.0,5.138072336880068,208,0.2875574003902279,-0.15302369495488796,14072.367221636398
849,93.13685851954797,93.13685851954797,-0.00010116358365370998,0.0,5.138072336880068,208,0.28756508655564833,-0.19973516540436848,14071.998605755141
850,93.12783334336997,93.12783334336997,-9.690699933297791e-05,0.0,5.138072336880068,208,0.28756915700398933,-0.17133128629565555,14071.827866441232
851,93.1216890341659,93.1216890341659,-6.597932846075332e-05,0.0,5.138072336880068,208,0.28757193038632695,-0.15601860141728607,14071.711627697827
852,93.11540607523379,93.11540607523379,-6.74726904518439e-05,0.0,5.138072336880068,208,0.2875747676523303,-0.1608628724260505,14071.592765963027
853,93.11054920477532,93.11054920477532,-5.2161047607604474e-05,0.0,5.138072336880068,208,0.2875769849877754,-0.16129810812935597,14071.500883132881
854,93.10545752540449,93.10545752540449,-5.468573256954262e-05,0.0,5.138072336880068,208,0.2875793154119254,-0.12102813435110527,14071.404558160904
855,93.08108027356742,93.08108027356742,-0.00026185837348430795,0.0,5.138072336880068,208,0.2876657202486258,-0.1191378052020415,14068.76401413436
856,93.06312110262317,93.06312110262317,-0.00019295976847197877,0.0,5.138072336880068,208,0.28778810460847276,0.0005289461000052189,14063.803948345703
857,93.05228481700128,93.05228481700128,-0.00011644694946759706,0.0,5.138072336880068,208,0.2878685273890793,0.01123779315521768,14060.86836326776
858,93.03716425598934,93.03716425598934,-0.0001625085260936687,0.0,5.138072336880068,208,0.2879651969739488,0.04328686602593576,14057.99445516152
859,93.03284140965476,93.03284140965476,-4.646473051786099e-05,0.0,5.138072336880068,208,0.28796695635480773,0.040762021077268645,14057.86615604102
860,93.02356967742037,93.02356967742037,-9.966581842458323e-05,0.0,5.138072336880068,208,0.2879748851592644,0.053058746762003464,14057.09940569479
861,93.01794940871993,93.01794940871993,-6.041950990028831e-05,0.0,5.138072336880068,208,0.28797700198908344,0.06189704642175064,14056.9370504429
862,93.01256170814855,93.01256170814855,-5.792276267514988e-05,0.0,5.138072336880068,208,0.28797902102234924,0.07455497829394997,14056.799867274145
863,93.00659281617318,93.00659281617318,-6.417502533734435e-05,0.0,5.138072336880068,208,0.2879812579022971,0.09112919561886014,14056.64788564408
864,93.00552124845963,93.00552124845963,-1.1521483092148614e-05,0.0,5.138072336880068,208,0.287981659484184,0.11033083609956663,14056.6206010813
865,93.00165624292555,93.00165624292555,-4.1557595645151606e-05,0.0,5.138072336880068,208,0.2879831079508309,0.14307606481059262,14056.522189207924
866,92.99287975626739,92.99287975626739,-9.437359670303026e-05,0.0,5.138072336880068,208,0.28799684792391506,0.15147468761535277,14056.027334440992
867,92.98875903988737,92.98875903988737,-4.431315271075828e-05,0.0,5.138072336880068,208,0.2879980466201294,0.15953037121289831,14055.931662103934
868,92.98043401313116,92.98043401313116,-8.953124574135324e-05,0.0,5.138072336880068,208,0.2880004683794277,0.16739435682149792,14055.738376594232
869,92.97601141049066,92.97601141049066,-4.756600537576468e-05,0.0,5.138072336880068,208,0.2880017549464157,0.1753082650992459,14055.635695241892
870,92.96992862638548,92.96992862638548,-6.54252962569652e-05,0.0,5.138072336880068,208,0.28800352450286576,0.1895143195647576,14055.494468785739
871,92.96569282806023,92.96569282806023,-4.556198852968069e-05,0.0,5.138072336880068,208,0.2880047598638908,0.2053163834849605,14055.396124544659
872,92.96184991244846,92.96184991244846,-4.133777659487707e-05,0.0,5.138072336880068,208,0.2880058834056813,0.2213256275212937,14055.306902020275
873,92.95832711383643,92.95832711383643,-3.789581818162833e-05,0.0,5.138072336880068,208,0.28800691386401706,0.24112086725355822,14055.225111781609
874,92.956309005107,92.956309005107,-2.171005760109244e-05,0.0,5.138072336880068,208,0.28800750664302877,0.2611054847156877,14055.178256535875
875,92.95319407043506,92.95319407043506,-3.3510225359142964e-05,0.0,5.138072336880068,208,0.2880084216755917,0.2873734325273249,14055.10593583909
876,92.9476185449273,92.9476185449273,-5.99838745296696e-05,0.0,5.138072336880068,208,0.2880100613678096,0.3064833769962594,14054.976486610734
877,92.94321227604455,92.94321227604455,-4.740705998362621e-05,0.0,5.138072336880068,208,0.2880113575539491,0.31133508954289524,14054.874184485849
878,92.9352296103013,92.9352296103013,-8.589124878756495e-05,0.0,5.138072336880068,208,0.2880135834742774,0.3099235766267829,14054.643568886779
879,92.9248551837984,92.9248551837984,-0.0001116369501841019,0.0,5.138072336880068,208,0.28808169039530673,0.3093087501121897,14052.238057057153
880,92.89387185012184,92.89387185012184,-0.0003334791326822147,0.0,5.138072336880068,208,0.28822832910111384,0.25581820606809647,14045.58669428569
881,92.88668707709468,92.88668707709468,-7.734687711386761e-05,0.0,5.138072336880068,208,0.28829472050983584,0.2438236696265802,14042.24061603364
882,92.86971531095737,92.86971531095737,-0.0001827314263879143,0.0,5.138072336880068,208,0.28843086418119207,0.24154663694831127,14037.742680735295
883,92.86284678550543,92.86284678550543,-7.396145702784194e-05,0.0,5.138072336880068,208,0.2884329006012642,0.23907175659522448,14037.571412988269
884,92.85468262473762,92.85468262473762,-8.792019578323935e-05,0.0,5.138072336880068,208,0.28843534832546025,0.24873993428714883,14037.367838373772
885,92.84893627012725,92.84893627012725,-6.188737350836412e-05,0.0,5.138072336880068,208,0.2884371071742887,0.23623406976240635,14037.22455213066
886,92.8431133114537,92.8431133114537,-6.271629494721295e-05,0.0,5.138072336880068,208,0.2884389172648222,0.20061409068291539,14037.079355753354
887,92.83892863798702,92.83892863798702,-4.507353994449974e-05,0.0,5.138072336880068,208,0.2884402195497044,0.23540276762780507,14036.97501027168
888,92.8333167370796,92.8333167370796,-6.04495399707463e-05,0.0,5.138072336880068,208,0.2884419881994594,0.23895090861325738,14036.835076652496
889,92.83026724970095,92.83026724970095,-3.284960155820273e-05,0.0,5.138072336880068,208,0.2884429615444686,0.24220116950237916,14036.759037211925
890,92.82283375944097,92.82283375944097,-8.007935470568421e-05,0.0,5.138072336880068,208,0.28844536810666227,0.23881048308169514,14036.57368197982
891,92.81854101712723,92.81854101712723,-4.6247689338366485e-05,0.0,5.138072336880068,208,0.28844678099740734,0.23289745912986798,14036.46664178469
892,92.80790307535274,92.80790307535274,-0.00011461666292370583,0.0,5.138072336880068,208,0.2884502824067733,0.21487186001816194,14036.20138305726
893,92.80390024775292,92.80390024775292,-4.313117515998814e-05,0.0,5.138072336880068,208,0.28845160077868026,0.19546837767151967,14036.101571930467
894,92.79372983713787,92.79372983713787,-0.00010959634151115487,0.0,5.138072336880068,208,0.2884549669993161,0.1874227070817434,14035.847971164983
895,92.7890856322861,92.7890856322861,-5.0049944990839406e-05,0.0,5.138072336880068,208,0.28845650501133957,0.17974719914502943,14035.732167196977
896,92.77960061851046,92.77960061851046,-0.00010222644752776445,0.0,5.138072336880068,208,0.2884596506959697,0.17698432320940394,14035.495656907944
897,92.77562873631254,92.77562873631254,-4.281078159141473e-05,0.0,5.138072336880068,208,0.2884609710465839,0.17193309499050477,14035.396617409546
898,92.76724947265876,92.76724947265876,-9.032158755283288e-05,0.0,5.138072336880068,208,0.28846376380920735,0.1732271143745821,14035.187679171237
899,92.76274810576707,92.76274810576707,-4.8524410621769387e-05,0.0,5.138072336880068,208,0.2884652718993277,0.17246982009466033,14035.07543688991
900,92.75763330360563,92.75763330360563,-5.514005656825928e-05,0.0,5.138072336880068,208,0.28846699054373814,0.17963257216232398,14034.947898505026
901,92.75360272656813,92.75360272656813,-4.34537241450902e-05,0.0,5.138072336880068,208,0.2884683529809793,0.18670455451561654,14034.847395441706
902,92.7525107497719,92.7525107497719,-1.1772946732347232e-05,0.0,5.138072336880068,208,0.28846872221050934,0.20004483078575774,14034.820166830992
903,92.74484572158592,92.74484572158592,-8.264299110411475e-05,0.0,5.138072336880068,208,0.28852044134998645,0.20282583659863174,14033.329115443705
904,92.71350315571532,92.71350315571532,-0.00033800113458074145,0.0,5.138072336880068,208,0.2886741622150405,0.15576248892186315,14026.47476320237
905,92.70522651871723,92.70522651871723,-8.927509122854385e-05,0.0,5.138072336880068,208,0.28874133311955347,0.1655288747869962,14023.031180875169
906,92.68634413338107,92.68634413338107,-0.00020370273939669447,0.0,5.138072336880068,208,0.2888832340258995,0.16354376130104947,14018.482517957424
907,92.68028001774286,92.68028001774286,-6.542834416001829e-05,0.0,5.138072336880068,208,0.28891507847384745,0.15789612672363157,14017.693279865847
908,92.67726071041348,92.67726071041348,-3.257819798196348e-05,0.0,5.138072336880068,208,0.2889235238880193,0.16320954474885244,14017.406844471316
909,92.67007495234132,92.67007495234132,-7.753829371285199e-05,0.0,5.138072336880068,208,0.288950845372015,0.16379974206030745,14016.639334687323
910,92.66564722296386,92.66564722296386,-4.77806364184854e-05,0.0,5.138072336880068,208,0.2889528557784988,0.16489186810313225,14016.500094973202
911,92.66062645637957,92.66062645637957,-5.4182998296276364e-05,0.0,5.138072336880068,208,0.28895944584128813,0.16745552014334777,14016.265905241004
912,92.65673304191678,92.65673304191678,-4.201888559068254e-05,0.0,5.138072336880068,208,0.28896092328054895,0.16928630293123492,14016.161756743739
913,92.65583460650396,92.65583460650396,-9.696432619021443e-06,0.0,5.138072336880068,208,0.2889612642182028,0.17455557971753052,14016.137723674814
914,92.65524379815318,92.65524379815318,-6.37639536569771e-06,0.0,5.138072336880068,208,0.28896148848430464,0.2088699411690314,14016.121919602965
915,92.64782025960301,92.64782025960301,-8.012321428020083e-05,0.0,5.138072336880068,208,0.28897078871504933,0.1489949147168686,14015.767831023759
916,92.6453179029699,92.6453179029699,-2.700970643682285e-05,0.0,5.138072336880068,208,0.28897160790164933,0.13417588748982734,14015.704124133732
917,92.63675339064298,92.63675339064298,-9.244836559976014e-05,0.0,5.138072336880068,208,0.2889744151087748,0.11490678436268104,14015.486082293606
918,92.63275044342934,92.63275044342934,-4.3212154525380914e-05,0.0,5.138072336880068,208,0.2889757275112853,0.12682208380164808,14015.384172232287
919,92.62559820578849,92.62559820578849,-7.72136607775186e-05,0.0,5.138072336880068,208,0.2889780729244662,0.1298566859408161,14015.202085150537
920,92.62109927683869,92.62109927683869,-4.857229858149637e-05,0.0,5.138072336880068,208,0.2889795484689217,0.1309779005930796,14015.087548010606
921,92.61675085318056,92.61675085318056,-4.694962347998997e-05,0.0,5.138072336880068,208,0.2889809746740501,0.13268396532229165,14014.976842548362
922,92.61173651005946,92.61173651005946,-5.4142245544454857e-05,0.0,5.138072336880068,208,0.28898261937328007,0.1341720435633886,14014.849183604172
923,92.61411679241472,92.61411679241472,2.5701405208378373e-05,0.0,5.138072336880068,208,0.2889818386097927,0.13468604341704632,14014.909782634793
924,92.61038720040168,92.61038720040168,-4.0271043335579016e-05,0.0,5.138072336880068,208,0.28898306209758184,0.1414023420961695,14014.814831857166
925,92.60500656592447,92.60500656592447,-5.810137450566069e-05,0.0,5.138072336880068,208,0.28898482756835475,0.14668798149652568,14014.677847590267
926,92.6024753196772,92.6024753196772,-2.7334168378773292e-05,0.0,5.138072336880068,208,0.2889856583163907,0.15117953304240958,14014.613405206564
927,92.59743790309678,92.59743790309678,-5.439977259175052e-05,0.0,5.138072336880068,208,0.28900166462298016,0.15668975998914653,14013.977533546542
928,92.58172819287151,92.58172819287151,-0.00016967038565028899,0.0,5.138072336880068,208,0.2890953265863114,0.1454746824306412,14009.30022059548
929,92.55957777073262,92.55957777073262,-0.00023928125740810052,0.0,5.138072336880068,208,0.28926111055575293,0.19254518384399924,14003.103641842714
930,92.55709742543335,92.55709742543335,-2.6797643127252125e-05,0.0,5.138072336880068,208,0.2893298723060778,0.15993542348753328,14000.81517160564
931,92.54135197594934,92.54135197594934,-0.00017013053942826817,0.0,5.138072336880068,208,0.2894426186228112,0.13440242612649675,13997.676232912376
932,92.53964055463331,92.53964055463331,-1.8493755546424796e-05,0.0,5.138072336880068,208,0.2894433148374412,0.10870405551466994,13997.62765118816
933,92.5334577928765,92.5334577928765,-6.681426759814824e-05,0.0,5.138072336880068,208,0.2894461140222247,0.10343163235713451,13997.422855923553
934,92.5314585221572,92.5314585221572,-2.1606155928404323e-05,0.0,5.138072336880068,208,0.2894471298275257,0.09673343444395319,13997.34527696899
935,92.52816440783072,92.52816440783072,-3.560057320629513e-05,0.0,5.138072336880068,208,0.2894484580901084,0.10242194221399845,13997.253153329117
936,92.5275683247141,92.5275683247141,-6.442201036603211e-06,0.0,5.138072336880068,208,0.2894486984463845,0.10947902111554597,13997.236483189306
937,92.52596085314354,92.52596085314354,-1.7373044196863198e-05,0.0,5.138072336880068,208,0.28944934662374655,0.1239481541710921,13997.191528425328
938,92.5257384379031,92.5257384379031,-2.403817325557924e-06,0.0,5.138072336880068,208,0.2894494363081017,0.13484307426712056,13997.185308331098
939,92.5265162970734,92.5265162970734,8.406913727366478e-06,0.0,5.138072336880068,208,0.28944912265279454,0.11639536167592629,13997.207062044228
940,92.52549692995159,92.52549692995159,-1.1017087618180308e-05,0.0,5.138072336880068,208,0.2894495336912888,0.1597637437603387,13997.17855428757
941,92.52405658340966,92.52405658340966,-1.556714420120726e-05,0.0,5.138072336880068,208,0.28945011775855073,0.16416613786357362,13997.138273364393
942,92.5245897075089,92.5245897075089,5.761988643759237e-06,0.0,5.138072336880068,208,0.289449900836874,0.1810097740592534,13997.153182783939
943,92.52343875121564,92.52343875121564,-1.2439541267835288e-05,0.0,5.138072336880068,208,0.2894503691474934,0.19301016401606289,13997.120994986988
944,92.52359298232871,92.52359298232871,1.6669396058928569e-06,0.0,5.138072336880068,208,0.28945030639253694,0.20383577789814672,13997.125308234834
945,92.52293938783359,92.52293938783359,-7.06410962419964e-06,0.0,5.138072336880068,208,0.28945057233326743,0.21570417641653378,13997.107029724155
946,92.52417492254543,92.52417492254543,1.33537311993632e-05,0.0,5.138072336880068,208,0.2894500696077638,0.22746502722952902,13997.141582852419
947,92.52401896170137,92.52401896170137,-1.6856240612426937e-06,0.0,5.138072336880068,208,0.289450133066381,0.2418170499480307,13997.137221230689
948,92.52433427195096,92.52433427195096,3.407868744428761e-06,0.0,5.138072336880068,208,0.2894500047704214,0.2527197021128425,13997.146039239113
949,92.52546262872134,92.52546262872134,1.2195168968473525e-05,0.0,5.138072336880068,208,0.28944954752257246,0.26750875916433486,13997.177595014797
950,92.52474375168374,92.52474375168374,-7.769535107963292e-06,0.0,5.138072336880068,208,0.28944983815826947,0.27979003751461384,13997.157490803844
951,92.52238802499532,92.52238802499532,-2.54608289891159e-05,0.0,5.138072336880068,208,0.2894665271013446,0.2860845114518092,13996.456009542064
952,92.50690024034618,92.50690024034618,-0.00016740900676329913,0.0,5.138072336880068,208,0.28957262554564905,0.26551304470583714,13991.297102586495
953,92.48867110968988,92.48867110968988,-0.00019707640115138579,0.0,5.138072336880068,208,0.2897358100527945,0.30854923069405343,13985.185474742855
954,92.48560817462085,92.48560817462085,-3.311741590405766e-05,0.0,5.138072336880068,208,0.2898123798685106,0.2999626329851761,13982.545130729557
955,92.47535441063131,92.47535441063131,-0.00011087489875397421,0.0,5.138072336880068,208,0.2898526023368559,0.29316738408347803,13981.426645607648
956,92.47310981457196,92.47310981457196,-2.4272665024527302e-05,0.0,5.138072336880068,208,0.2898558692127641,0.29008839180941476,13981.294768290414
957,92.4703826174534,92.4703826174534,-2.9492220384641453e-05,0.0,5.138072336880068,208,0.28987292541233656,0.2940700747222623,13980.683872027592
958,92.4678065744647,92.4678065744647,-2.785842123915046e-05,0.0,5.138072336880068,208,0.2898752572731889,0.2979891946898605,13980.558748967747
959,92.47110800736691,92.47110800736691,3.570295532469515e-05,0.0,5.138072336880068,208,0.2898736670270148,0.297968781831716,13980.64753335485
960,92.4683218353126,92.4683218353126,-3.013064392915426e-05,0.0,5.138072336880068,208,0.2898755306011675,0.30464268131461186,13980.55480675742
961,92.46316320942132,92.46316320942132,-5.578959030536965e-05,0.0,5.138072336880068,208,0.2898805770412259,0.303131709444064,13980.339707165404
962,92.4585564252068,92.4585564252068,-4.982415504885271e-05,0.0,5.138072336880068,208,0.28988362127555345,0.3093523593748466,13980.188052678472
963,92.45488968450913,92.45488968450913,-3.965899479234527e-05,0.0,5.138072336880068,208,0.28988606738017786,0.2787153007556405,13980.067344250789
964,92.45468348649516,92.45468348649516,-2.2302578545200806e-06,0.0,5.138072336880068,208,0.28988620502230755,0.33423267093739883,13980.060556250188
965,92.45131393666888,92.45131393666888,-3.6446084752361016e-05,0.0,5.138072336880068,208,0.28988845429673077,0.3038779233797441,13979.949631291194
966,92.44740505189323,92.44740505189323,-4.228136135958243e-05,0.0,5.138072336880068,208,0.28989106442653884,0.3286840910914878,13979.82095152511
967,92.44573024046719,92.44573024046719,-1.8116534434197466e-05,0.0,5.138072336880068,208,0.2898921839784625,0.3299749131545515,13979.765817041769
968,92.44200030168953,92.44200030168953,-4.03481482218784e-05,0.0,5.138072336880068,208,0.2898946798283543,0.3324857509809497,13979.643028144947
969,92.44053003138471,92.44053003138471,-1.5904913267943595e-05,0.0,5.138072336880068,208,0.2898956642740823,0.33260374133679826,13979.594627117604
970,92.43671853474699,92.43671853474699,-4.123272785404985e-05,0.0,5.138072336880068,208,0.2898982163614369,0.33219345508391207,13979.469153351063
971,92.43355541311533,92.43355541311533,-3.4219905281923025e-05,0.0,5.138072336880068,208,0.28990033434711887,0.33235376294104124,13979.365023970173
972,92.42922767919293,92.42922767919293,-4.682104045819901e-05,0.0,5.138072336880068,208,0.2899032321933735,0.3322457017358851,13979.222555767408
973,92.42823999182268,92.42823999182268,-1.0685934224992414e-05,0.0,5.138072336880068,208,0.2899038935561158,0.324788535356366,13979.190041281292
974,92.42475395503013,92.42475395503013,-3.771685509150254e-05,0.0,5.138072336880068,208,0.289906227957643,0.33597540337730203,13979.075281592846
975,92.42071782027266,92.42071782027266,-4.367036659702202e-05,0.0,5.138072336880068,208,0.28990893432618736,0.34235477758812455,13978.942412780823
976,92.41750727164172,92.41750727164172,-3.473901169151939e-05,0.0,5.138072336880068,208,0.2899110884273082,0.3469894164499358,13978.836722111862
977,92.41662331344428,92.41662331344428,-9.564880627337582e-06,0.0,5.138072336880068,208,0.28991168195983213,0.3508463979324928,13978.807622370989
978,92.40180604641071,92.40180604641071,-0.00016034404270869445,0.0,5.138072336880068,208,0.2899913335964707,0.3013252781485678,13976.558916035796
979,92.377689283938,92.377689283938,-0.00026103288751317934,0.0,5.138072336880068,208,0.2901236291894575,0.3551784975778601,13970.629117129716
980,92.36547218843387,92.36547218843387,-0.00013226032752250864,0.0,5.138072336880068,208,0.290218435933815,0.4259757085013817,13966.64210534716
981,92.34768849546894,92.34768849546894,-0.00019255469349369316,0.0,5.138072336880068,208,0.29034075307768603,0.4405029517103682,13962.511837262096
982,92.33855024633982,92.33855024633982,-9.895971891397112e-05,0.0,5.138072336880068,208,0.2904210831157711,0.46633139553541997,13960.26208998781
983,92.33116843873118,92.33116843873118,-7.994605358287845e-05,0.0,5.138072336880068,208,0.2904314059135633,0.4782803032312136,13959.91991528222
984,92.32704291915562,92.32704291915562,-4.468276331625389e-05,0.0,5.138072336880068,208,0.29045563372981226,0.47799559366289973,13959.080449795438
985,92.32228705677319,92.32228705677319,-5.151237087176366e-05,0.0,5.138072336880068,208,0.2904661504462284,0.47875945253857893,13958.712052939347
986,92.31748450410282,92.31748450410282,-5.202078220588144e-05,0.0,5.138072336880068,208,0.2904686471300467,0.4801510562451665,13958.584148937418
987,92.31568010676308,92.31568010676308,-1.9545755429115448e-05,0.0,5.138072336880068,208,0.2904695851866883,0.4764465694599129,13958.536093318527
988,92.3125979059553,92.3125979059553,-3.338817694936752e-05,0.0,5.138072336880068,208,0.29047118755321344,0.40900017991992843,13958.454006594002
989,92.30725041287151,92.30725041287151,-5.792977444168476e-05,0.0,5.138072336880068,208,0.2904742115778459,0.5027647877139877,13958.305096781474
990,92.3041202269837,92.3041202269837,-3.391108442844009e-05,0.0,5.138072336880068,208,0.2904758340104909,0.5144411529478214,13958.221901455809
991,92.29885090925589,92.29885090925589,-5.708811398657975e-05,0.0,5.138072336880068,208,0.29047856523800875,0.5752631885323225,13958.08185143319
992,92.29616380028801,92.29616380028801,-2.9113559456566855e-05,0.0,5.138072336880068,208,0.29047995805915294,0.5787396917860376,13958.01043238215
993,92.29055023503216,92.29055023503216,-6.0823069384242184e-05,0.0,5.138072336880068,208,0.2904828678093939,0.5809389692145932,13957.861232811796
994,92.28754732369389,92.28754732369389,-3.2538111273838545e-05,0.0,5.138072336880068,208,0.29048442437192645,0.5800228739500274,13957.781420239737
995,92.28136049391627,92.28136049391627,-6.70408667753699e-05,0.0,5.138072336880068,208,0.2904943882843437,0.575277556787869,13957.488954349576
996,92.27789626014439,92.27789626014439,-3.754061251889062e-05,0.0,5.138072336880068,208,0.29049599009068655,0.5730040274188039,13957.400577665927
997,92.27099199751129,92.27099199751129,-7.482312899859437e-05,0.0,5.138072336880068,208,0.2904992294745732,0.5646257220356743,13957.223552953026
998,92.26745624453666,92.26745624453666,-3.831995997308619e-05,0.0,5.138072336880068,208,0.29050086303031125,0.5556524423778902,13957.13337793006
999,92.26079443939189,92.26079443939189,-7.220363410993494e-05,0.0,5.138072336880068,208,0.29050394091298093,0.5504449808913057,13956.963476798326
1000,92.2582463361299,92.2582463361299,-2.7618865255697053e-05,0.0,4.928632683894869,174,0.3607720448819021,0.5436866240027647,12703.644365554996
1001,92.25015745528647,92.25015745528647,-8.768035148961027e-05,0.0,4.928632683894869,174,0.3607733805044792,0.5271340551491304,12703.58610911745
1002,92.24009338986849,92.24009338986849,-0.00010910132521207808,0.0,4.928632683894869,174,0.36077504228335633,0.5266029742011762,12703.513627323016
1003,92.23653166993368,92.23653166993368,-3.861432237388267e-05,0.0,4.928632683894869,174,0.36077563113847033,0.5144418242490696,12703.487975676151
1004,92.22838122003999,92.22838122003999,-8.836856582972311e-05,0.0,4.928632683894869,174,0.3607769801850675,0.5018623518551875,12703.429275815888
1005,92.21952669342957,92.21952669342957,-9.601113634079267e-05,0.0,4.928632683894869,174,0.3607784457832018,0.4929939883922457,12703.365505167454
1006,92.21520135485589,92.21520135485589,-4.6903732504675956e-05,0.0,4.928632683894869,174,0.36077916171707264,0.4824008942735239,12703.334353909157
1007,92.20819948837048,92.20819948837048,-7.593251677132443e-05,0.0,4.928632683894869,174,0.36078032067965615,0.46868704466542277,12703.283926191712
1008,92.20076418303175,92.20076418303175,-8.063930510460061e-05,0.0,4.928632683894869,174,0.3607815513959572,0.4537704047404136,12703.230376830623
1009,92.19646023085133,92.19646023085133,-4.66813119870847e-05,0.0,4.928632683894869,174,0.3607822638050806,0.4427423510735463,12703.199379597969
1010,92.19260005522878,92.19260005522878,-4.186989854083532e-05,0.0,4.928632683894869,174,0.3607829027613109,0.43934290261091674,12703.171578461519
1011,92.1863339879732,92.1863339879732,-6.796944879319304e-05,0.0,4.928632683894869,174,0.36078393995911995,0.46622501846385733,12703.126449999027
1012,92.16951352282443,92.16951352282443,-0.0001824782389335677,0.0,4.928632683894869,174,0.36078672422191904,0.36908329156443853,12703.005308348358
1013,92.15585522438761,92.15585522438761,-0.00014819770663856928,0.0,4.928632683894869,174,0.3607995858786336,0.49507380932628386,12702.615820968369
1014,92.13101775898447,92.13101775898447,-0.00026955219491695383,0.0,4.928632683894869,174,0.36085236223296074,0.48977347129452714,12701.093457705787
1015,92.11190894931995,92.11190894931995,-0.00020743059258157947,0.0,4.928632683894869,174,0.36086930715654875,0.5985683192060611,12700.54494556671
1016,92.09062036360234,92.09062036360234,-0.00023114325185216332,0.0,4.928632683894869,174,0.3609202477710784,0.6277743606737459,12699.091844078543
1017,92.07619525275896,92.07619525275896,-0.00015665266106271224,0.0,4.928632683894869,174,0.3609257065457193,0.6645943554832393,12698.912577291412
1018,92.06620035810796,92.06620035810796,-0.00010855614892655353,0.0,4.928632683894869,174,0.3609284732340509,0.6592974620417534,12698.813328044998
1019,92.06115582814371,92.06115582814371,-5.479392166383115e-05,0.0,4.928632683894869,174,0.3609372295443715,0.6688516194726015,12698.56714828147
1020,92.05449645546214,92.05449645546214,-7.233901737167014e-05,0.0,4.928632683894869,174,0.36094567105244646,0.6710722041233175,12698.338486069195
1021,92.04965377271161,92.04965377271161,-5.2608078043329545e-05,0.0,4.928632683894869,174,0.3609464305090965,0.6688086834320592,12698.30535147077
1022,92.04527388328059,92.04527388328059,-4.7582945251242635e-05,0.0,4.928632683894869,174,0.360947431605293,0.6672473980782523,12698.268193570068
1023,92.0426220045265,92.0426220045265,-2.8811006193275194e-05,0.0,4.928632683894869,174,0.36094784052848194,0.658949042341293,12698.250208229143
1024,92.0360374938816,92.0360374938816,-7.154018467607194e-05,0.0,4.928632683894869,174,0.3609488558736852,0.662353911030261,12698.205551335011
1025,92.03273167768987,92.03273167768987,-3.591935999742422e-05,0.0,4.928632683894869,174,0.3609493656400937,0.6569973382833192,12698.1831309166
1026,92.02406663908589,92.02406663908589,-9.415613755781822e-05,0.0,4.928632683894869,174,0.36095070182262606,0.6469080654406609,12698.124363647099
1027,92.01976801288676,92.01976801288676,-4.671306928633661e-05,0.0,4.928632683894869,174,0.3609513646920342,0.6420705904454727,12698.095209879197
1028,92.01153476465083,92.01153476465083,-8.94766066115786e-05,0.0,4.928632683894869,174,0.3609559961326766,0.6331558427040681,12697.968099412996
1029,92.00696098872865,92.00696098872865,-4.9709958821208344e-05,0.0,4.928632683894869,174,0.36095725849893484,0.6297982580499064,12697.925270139913
1030,91.99875534984011,91.99875534984011,-8.918895627002092e-05,0.0,4.928632683894869,174,0.36095952328397374,0.6240958388264258,12697.848431756316
1031,91.99487830163618,91.99487830163618,-4.214328645573693e-05,0.0,4.928632683894869,174,0.3609605933723757,0.6172643219922818,12697.812126707902
1032,91.98644381145454,91.98644381145454,-9.168854849693406e-05,0.0,4.928632683894869,174,0.36096292136305136,0.6067566337399796,12697.733145339014
1033,91.98218939296247,91.98218939296247,-4.625156385329832e-05,0.0,4.928632683894869,174,0.36096409562955073,0.6011010612189165,12697.693306559302
1034,91.97283566956018,91.97283566956018,-0.00010169576402890984,0.0,4.928632683894869,174,0.36096667738644334,0.593637271835242,12697.60571740304
1035,91.96847654976354,91.96847654976354,-4.739685440821282e-05,0.0,4.928632683894869,174,0.36096788057590107,0.5822126167776073,12697.564898190347
1036,91.95908163645215,91.95908163645215,-0.00010215884353822109,0.0,4.928632683894869,174,0.3609704737543045,0.5665742074424364,12697.476923327857
1037,91.94819683331004,91.94819683331004,-0.00011837272831606254,0.0,4.928632683894869,174,0.36097347821614956,0.6113964635366005,12697.374996995175
1038,91.94333687640952,91.94333687640952,-5.2856777075123944e-05,0.0,4.928632683894869,174,0.36097481969421114,0.5494687102470138,12697.32948789617
1039,91.93400657893471,91.93400657893471,-0.00010148392735590901,0.0,4.928632683894869,174,0.3609773951327628,0.5964810515943026,12697.242118102522
1040,91.92198651593785,91.92198651593785,-0.00013075519390648498,0.0,4.928632683894869,174,0.3609807130785361,0.5671696589525689,12697.129561088504
1041,91.9181601414681,91.9181601414681,-4.162719122957142e-05,0.0,4.928632683894869,174,0.36098176930023634,0.5815854226664192,12697.09373055376
1042,91.91239371685724,91.91239371685724,-6.273630244516546e-05,0.0,4.928632683894869,174,0.3610073333312573,0.5857953236192059,12696.537652518691
1043,91.89772695645293,91.89772695645293,-0.00015958599430445985,0.0,4.928632683894869,174,0.36104335784600194,0.5531228431651074,12695.752903066414
1044,91.88410640652927,91.88410640652927,-0.00014822520484589875,0.0,4.928632683894869,174,0.3610650869010674,0.5700831082672728,12695.201473697043
1045,91.86481912703691,91.86481912703691,-0.00020993080103396671,0.0,4.928632683894869,174,0.3611150816088856,0.5641940537676625,12693.860058814003
1046,91.84693628516237,91.84693628516237,-0.0001946836977404835,0.0,4.928632683894869,174,0.36113704819792497,0.595067274942508,12693.222232657141
1047,91.82568374144232,91.82568374144232,-0.00023141765835130222,0.0,4.928632683894869,174,0.36117859003157554,0.6073406449887213,12692.07046874292
1048,91.80495374355175,91.80495374355175,-0.0002257792954656227,0.0,4.928632683894869,174,0.3611964494044885,0.6461229845865255,12691.565932663805
1049,91.78107489092484,91.78107489092484,-0.0002601380174644281,0.0,4.928632683894869,174,0.36124341422072204,0.6590045949625225,12690.236885034334
1050,91.76215004638858,91.76215004638858,-0.00020621676021862439,0.0,4.928632683894869,174,0.3612597143363805,0.7002361456162166,12689.783539009137
1051,91.74302219416168,91.74302219416168,-0.00020847207806333078,0.0,4.928632683894869,174,0.36127819602469413,0.7068582271522322,12689.27658288883
1052,91.73137000745506,91.73137000745506,-0.0001270170358105318,0.0,4.928632683894869,174,0.3612823242922476,0.718732671956991,12689.13780921257
1053,91.7242541748737,91.7242541748737,-7.75755185116663e-05,0.0,4.928632683894869,174,0.3613050891983145,0.7080219986060289,12688.527712572144
1054,91.71501889505288,91.71501889505288,-0.00010069032300526643,0.0,4.928632683894869,174,0.3613099078021723,0.7118658065921656,12688.372147431672
1055,91.70687934579988,91.70687934579988,-8.87522082849456e-05,0.0,4.928632683894869,174,0.3613112018627879,0.7053856628865666,12688.316958085461
1056,91.70060650187092,91.70060650187092,-6.840335771910698e-05,0.0,4.928632683894869,174,0.36131219915422785,0.7085833488479824,12688.274425735752
1057,91.69363825221505,91.69363825221505,-7.599202110808845e-05,0.0,4.928632683894869,174,0.36131330701295766,0.7049605008369719,12688.227178261624
1058,91.6862574548387,91.6862574548387,-8.049734516296937e-05,0.0,4.928632683894869,174,0.3613144804702686,0.7098359140710688,12688.177133551648
1059,91.6848419107701,91.6848419107701,-1.543911852544203e-05,0.0,4.928632683894869,174,0.36131470552567396,0.6891417158422466,12688.167535605959
1060,91.67721489121188,91.67721489121188,-8.319081598063687e-05,0.0,4.928632683894869,174,0.3613207449723528,0.7067946382715634,12688.014151643685
1061,91.66953298874431,91.66953298874431,-8.379644101559284e-05,0.0,4.928632683894869,174,0.36132331799393097,0.7085829663132487,12687.9336679632
1062,91.66013306743868,91.66013306743868,-0.00010254664742573445,0.0,4.928632683894869,174,0.3613508320793804,0.7099291393528293,12687.323061787627
1063,91.65354810490909,91.65354810490909,-7.184365607959356e-05,0.0,4.928632683894869,174,0.36135268752822314,0.7153027621901614,12687.261258504375
1064,91.64711552359795,91.64711552359795,-7.018612138603243e-05,0.0,4.928632683894869,174,0.36135785200414505,0.716788961929202,12687.129931435458
1065,91.64279910770787,91.64279910770787,-4.709932785501067e-05,0.0,4.928632683894869,174,0.36135959452392846,0.7135807357445826,12687.078280286367
1066,91.63558035914855,91.63558035914855,-7.877359658089844e-05,0.0,4.928632683894869,174,0.36139955870214985,0.720583456033292,12686.200513151705
1067,91.6229833833212,91.6229833833212,-0.00013747762276353044,0.0,4.928632683894869,174,0.36140488404550714,0.7134839237648045,12686.046906911874
1068,91.61525302177863,91.61525302177863,-8.437498306917773e-05,0.0,4.928632683894869,174,0.3614081521024127,0.7049072256420961,12685.952643670813
1069,91.60604840869419,91.60604840869419,-0.00010047535980054595,0.0,4.928632683894869,174,0.36141204347138245,0.6994240098655203,12685.840403556647
1070,91.60146221269983,91.60146221269983,-5.006558933927297e-05,0.0,4.928632683894869,174,0.36141398237062666,0.6931623891984235,12685.784479949943
1071,91.5958902111144,91.5958902111144,-6.083059076383727e-05,0.0,4.928632683894869,174,0.3614615440336423,0.7149114636661957,12684.70831614595
1072,91.58083215545206,91.58083215545206,-0.0001644101444955805,0.0,4.928632683894869,174,0.36149531902209314,0.6976474225023904,12683.852137213518
1073,91.56147413321152,91.56147413321152,-0.00021139869541793226,0.0,4.928632683894869,174,0.3615543736113904,0.6694998136376809,12682.297501511499
1074,91.54722919586233,91.54722919586233,-0.00015558995415229467,0.0,4.928632683894869,174,0.36157727649709404,0.6897378480311853,12681.694123983909
1075,91.52906345752328,91.52906345752328,-0.00019844992637093323,0.0,4.928632683894869,174,0.36159412372065036,0.6580178244340237,12681.237372275797
1076,91.52027111938152,91.52027111938152,-9.606522928747545e-05,0.0,4.928632683894869,174,0.361598958550279,0.6718023438412859,12681.092072097435
1077,91.51324058015035,91.51324058015035,-7.682242633428975e-05,0.0,4.928632683894869,174,0.3616210141641176,0.67848068302119,12680.469382629917
1078,91.50455899750047,91.50455899750047,-9.487145705423251e-05,0.0,4.928632683894869,174,0.36162800961924546,0.6809175068657588,12680.254527071394
1079,91.49948336305104,91.49948336305104,-5.5470189458757137e-05,0.0,4.928632683894869,174,0.3616298742948222,0.6758075469501005,12680.196880866646
1080,91.49525283263674,91.49525283263674,-4.623663503121359e-05,0.0,4.928632683894869,174,0.3616314285108662,0.6741554240802985,12680.148832878776
1081,91.4902144923464,91.4902144923464,-5.506820148358476e-05,0.0,4.928632683894869,174,0.36165892843599196,0.6745694777711715,12679.534978244239
1082,91.49021626958522,91.49021626958522,1.942545239115021e-08,0.0,4.928632683894869,174,0.36165892741751365,0.6551719053236601,12679.535005463544
1083,91.4842394718233,91.4842394718233,-6.532931320741833e-05,0.0,4.928632683894869,174,0.36166235415405934,0.6745454281211426,12679.443467806894
1084,91.47552820272007,91.47552820272007,-9.522606221616096e-05,0.0,4.928632683894869,174,0.3616673768081841,0.6687553703165144,12679.310050349603
1085,91.47094583480906,91.47094583480906,-5.0095176046219114e-05,0.0,4.928632683894869,174,0.3616700189052648,0.6733515113372497,12679.23986908579
1086,91.46404034639087,91.46404034639087,-7.54966402613063e-05,0.0,4.928632683894869,174,0.36172233163411016,0.67596299634478,12678.121303258671
1087,91.45266248505362,91.45266248505362,-0.00012440483756602193,0.0,4.928632683894869,174,0.36173372931208686,0.6779913916880599,12677.809590469422
1088,91.44779288657527,91.44779288657527,-5.324862061828233e-05,0.0,4.928632683894869,174,0.3617359956997731,0.6618689742114677,12677.743419821138
1089,91.4424016624763,91.4424016624763,-5.895585724345964e-05,0.0,4.928632683894869,174,0.36174648725668296,0.6718152394767024,12677.508674361488
1090,91.43907571701551,91.43907571701551,-3.63726880251352e-05,0.0,4.928632683894869,174,0.3617490328806501,0.6686776348188487,12677.443145207628
1091,91.43303458776859,91.43303458776859,-6.606944316500499e-05,0.0,4.928632683894869,174,0.36181991786007295,0.684455402941656,12675.858805382617
1092,91.41791372296386,91.41791372296386,-0.00016539006200280758,0.0,4.928632683894869,174,0.36185973084490447,0.6578622137636394,12674.8174705461
1093,91.40209671788652,91.40209671788652,-0.0001730336310413498,0.0,4.928632683894869,174,0.3619048438303023,0.6732269844520126,12673.578426072323
1094,91.38900211537666,91.38900211537666,-0.0001432739626365605,0.0,4.928632683894869,174,0.36191937517248773,0.6796669552433358,12673.098183551876
1095,91.38657935855656,91.38657935855656,-2.6510727534784196e-05,0.0,4.928632683894869,174,0.361920780160735,0.6557383421005766,12673.050299996672
1096,91.37829889442733,91.37829889442733,-9.061329741303834e-05,0.0,4.928632683894869,174,0.36192760238928917,0.6608936303270233,12672.822318457846
1097,91.37236823565787,91.37236823565787,-6.490437342497547e-05,0.0,4.928632683894869,174,0.36192966320133674,0.6625764646540978,12672.752908720267
1098,91.36423780640693,91.36423780640693,-8.898522778120975e-05,0.0,4.928632683894869,174,0.36193248843623693,0.672210268287279,12672.657753867723
1099,91.36048072275229,91.36048072275229,-4.112288348743905e-05,0.0,4.928632683894869,174,0.3619337939958907,0.6648718842867067,12672.613782666434
1100,91.35290647492364,91.35290647492364,-8.290851534357246e-05,0.0,4.928632683894869,174,0.3619364260202914,0.6797111031086001,12672.525137108736
1101,91.34906788375619,91.34906788375619,-4.202024834700847e-05,0.0,4.928632683894869,174,0.36193775993124083,0.6740765478078657,12672.480211980523
1102,91.34014983364864,91.34014983364864,-9.763083148601e-05,0.0,4.928632683894869,174,0.36194267412397285,0.6915523791582471,12672.316692146314
1103,91.33558074518581,91.33558074518581,-5.0024033836429854e-05,0.0,4.928632683894869,174,0.3619442082068958,0.6820799684343131,12672.265493531546
1104,91.32626585402964,91.32626585402964,-0.00010199055071068851,0.0,4.928632683894869,174,0.3619473524350261,0.6652405802924543,12672.161116142534
1105,91.32193464450384,91.32193464450384,-4.7426796593548404e-05,0.0,4.928632683894869,174,0.3619488210259847,0.643085781973969,12672.112583064263
1106,91.31382717352713,91.31382717352713,-8.878295139272479e-05,0.0,4.928632683894869,174,0.361954907865471,0.6089393568606758,12671.951235700719
1107,91.30937779125749,91.30937779125749,-4.872745795229795e-05,0.0,4.928632683894869,174,0.3619569587149538,0.565175265487643,12671.889927830438
1108,91.29895963012966,91.29895963012966,-0.00011410389346124931,0.0,4.928632683894869,174,0.36197622350003217,0.48034089537535324,12671.440927680203
1109,91.29436744511132,91.29436744511132,-5.029959301216527e-05,0.0,4.928632683894869,174,0.3619777813547964,0.4204411547855849,12671.389470258528
1110,91.2860382394431,91.2860382394431,-9.123876839654486e-05,0.0,4.928632683894869,174,0.36198393925367667,0.3473999929344953,12671.22576252487
1111,91.28137467352859,91.28137467352859,-5.108870023538718e-05,0.0,4.928632683894869,174,0.3619860888455575,0.3412683869610176,12671.161520933614
1112,91.271622181083,91.271622181083,-0.0001068456023500347,0.0,4.928632683894869,174,0.36200502250398653,0.3409849364348509,12670.7222665113
1113,91.25841149634908,91.25841149634908,-0.00014475080610929433,0.0,4.928632683894869,174,0.3620095047270047,0.3437075632884349,12670.574235068263
1114,91.24070322327792,91.24070322327792,-0.00019406420851894067,0.0,4.928632683894869,174,0.362026558354759,0.3649744111422106,12670.114168926086
1115,91.22242069497119,91.22242069497119,-0.00020039696762068972,0.0,4.928632683894869,174,0.3620510600544065,0.4224899853286637,12669.43339420017
1116,91.19672758633267,91.19672758633267,-0.0002816931122690445,0.0,4.928632683894869,174,0.36211032894350986,0.45804359326379407,12667.662518320705
1117,91.1774603764004,91.1774603764004,-0.00021129316839384638,0.0,4.928632683894869,174,0.36213318554823437,0.5466134440219235,12667.017681312134
1118,91.15631523052124,91.15631523052124,-0.00023193888135725438,0.0,4.928632683894869,174,0.3621730816371617,0.5703743920761207,12665.950883982916
1119,91.14134634599839,91.14134634599839,-0.00016422464695434888,0.0,4.928632683894869,174,0.3621790435411284,0.6166433598792751,12665.773555269077
1120,91.13672577818795,91.13672577818795,-5.069801054599014e-05,0.0,4.928632683894869,174,0.3621805734681177,0.5934207430752485,12665.726205570858
1121,91.12919434933623,91.12919434933623,-8.264220596733531e-05,0.0,4.928632683894869,174,0.3621958975436857,0.5974072407333486,12665.316285501367
1122,91.12123011514728,91.12123011514728,-8.739879994699162e-05,0.0,4.928632683894869,174,0.3621988658953968,0.5985415827389416,12665.2318521402
1123,91.11419895947829,91.11419895947829,-7.716562809101958e-05,0.0,4.928632683894869,174,0.3622017816659659,0.596714968906513,12665.150589984272
1124,91.11159114081681,91.11159114081681,-2.8621839534480982e-05,0.0,4.928632683894869,174,0.3622027471496326,0.5853507131745642,12665.12309099075
1125,91.10701400024304,91.10701400024304,-5.02379059612534e-05,0.0,4.928632683894869,174,0.36220444173866395,0.5975802555369569,12665.074825840702
1126,91.09927732130474,91.09927732130474,-8.49221932661051e-05,0.0,4.928632683894869,174,0.3622273677096472,0.6048413148563176,12664.554490271596
1127,91.09535380275975,91.09535380275975,-4.3069529781403016e-05,0.0,4.928632683894869,174,0.36222877050791974,0.6069051661660101,12664.51520049061
1128,91.08917743019188,91.08917743019188,-6.780347956469397e-05,0.0,4.928632683894869,174,0.3622506732481339,0.6125525717776824,12664.046878027448
1129,91.08524720167503,91.08524720167503,-4.3147972339156205e-05,0.0,4.928632683894869,174,0.362252275393699,0.6128874900694543,12664.003114862591
1130,91.07704834907507,91.07704834907507,-9.001701016892709e-05,0.0,4.928632683894869,174,0.362272407279092,0.6124472250590016,12663.577717527596
1131,91.07287833917282,91.07287833917282,-4.578656690999899e-05,0.0,4.928632683894869,174,0.36227384473314933,0.6215482594308658,12663.537358685731
1132,91.06486475949897,91.06486475949897,-8.799471809275474e-05,0.0,4.928632683894869,174,0.36228469691710696,0.5974992495469503,12663.303214446563
1133,91.06069572067089,91.06069572067089,-4.578202881372079e-05,0.0,4.928632683894869,174,0.36228651807694584,0.5958412759267339,12663.255232986985
1134,91.05072342416445,91.05072342416445,-0.00010951862945486143,0.0,4.928632683894869,174,0.362306304506706,0.566222353963034,12662.837198444462
1135,91.04665091001631,91.04665091001631,-4.472897166923305e-05,0.0,4.928632683894869,174,0.36230755273852083,0.5879912443016593,12662.800762007806
1136,91.03830110598035,91.03830110598035,-9.17132794265749e-05,0.0,4.928632683894869,174,0.3623136672586979,0.5877792472255098,12662.656185138896
1137,91.03421678487081,91.03421678487081,-4.48647731963591e-05,0.0,4.928632683894869,174,0.36231545083047223,0.581684430348492,12662.609194013257
1138,91.02654067319085,91.02654067319085,-8.432472534641724e-05,0.0,4.928632683894869,174,0.3623188029279344,0.5839314742551919,12662.52087844778
1139,91.02240057081708,91.02240057081708,-4.5483399641814025e-05,0.0,4.928632683894869,174,0.36232061089741646,0.5750385740815015,12662.473245544885
1140,91.01635427545934,91.01635427545934,-6.642866091974101e-05,0.0,4.928632683894869,174,0.3623399012057053,0.5764132876366183,12662.042506133808
1141,91.00492578373705,91.00492578373705,-0.0001255731388504301,0.0,4.928632683894869,174,0.36238418429545094,0.5542586518327477,12661.059967221572
1142,90.98429269382603,90.98429269382603,-0.00022675068525521678,0.0,4.928632683894869,174,0.3624365073737741,0.5376435643325959,12659.729411064216
1143,90.96987378942102,90.96987378942102,-0.0001584894120743394,0.0,4.928632683894869,174,0.36246025421267414,0.5741596243312137,12659.060565522357
1144,90.95532099279505,90.95532099279505,-0.00015998659970576214,0.0,4.928632683894869,174,0.3624842005386041,0.5833270356346263,12658.423895100985
1145,90.95091143504672,90.95091143504672,-4.8481656624342205e-05,0.0,4.928632683894869,174,0.36248625636339904,0.5630995244548197,12658.369647645857
1146,90.9469282632236,90.9469282632236,-4.3795702360923006e-05,0.0,4.928632683894869,174,0.362512887358968,0.5716215783777655,12657.718465852167
1147,90.94273186206857,90.94273186206857,-4.6142272770059435e-05,0.0,4.928632683894869,174,0.3625156914598306,0.5862278868459685,12657.6519778131
1148,90.95869610747893,90.95869610747893,0.00017552633455987035,0.0,4.928632683894869,174,0.362537515321906,0.4777363921191974,12657.239758320837
1149,90.9392385153711,90.9392385153711,-0.00021393967141392908,0.0,4.928632683894869,174,0.3625984844713405,0.3315457511070531,12655.6107935878
1150,90.92271303050917,90.92271303050917,-0.00018173658389724007,0.0,4.928632683894869,174,0.36261273045756615,0.3584330530692378,12655.246699976662
1151,90.91740895431785,90.91740895431785,-5.833779844553306e-05,0.0,4.928632683894869,174,0.36261532524990375,0.3538712746046742,12655.1625938751
1152,90.91078944089031,90.91078944089031,-7.281063651166952e-05,0.0,4.928632683894869,174,0.36264223481667585,0.34198076746815115,12654.429625557186
1153,90.90371526899749,90.90371526899749,-7.781746464813077e-05,0.0,4.928632683894869,174,0.36264430717694,0.33554612395064315,12654.374034370861
1154,90.89802765644792,90.89802765644792,-6.25693952093267e-05,0.0,4.928632683894869,174,0.3626466440661928,0.3515971150920732,12654.30499618157
1155,90.89611700987919,90.89611700987919,-2.101989117761108e-05,0.0,4.928632683894869,174,0.3626470466558582,0.35763583154849954,12654.294036534167
1156,90.88707202139577,90.88707202139577,-9.951402590179859e-05,0.0,4.928632683894869,174,0.362648952522193,0.3551520604688734,12654.242153634339
1157,90.88076350593494,90.88076350593494,-6.941289084570561e-05,0.0,4.928632683894869,174,0.362650281796513,0.3546178876281106,12654.205967399685
1158,90.87135060306034,90.87135060306034,-0.0001035795696700929,0.0,4.928632683894869,174,0.36265310820147106,0.35316786753018736,12654.125349348446
1159,90.86589745216108,90.86589745216108,-6.001137311419898e-05,0.0,4.928632683894869,174,0.362654218347793,0.3522706354814704,12654.095298596038
1160,90.85797141583498,90.85797141583498,-8.723164855003589e-05,0.0,4.928632683894869,174,0.3626558319307472,0.3513454669451329,12654.051620480466
1161,90.8533146361545,90.8533146361545,-5.1254710510076386e-05,0.0,4.928632683894869,174,0.3626567799634314,0.35408326703875165,12654.025958301705
1162,90.84522043559764,90.84522043559764,-8.909483567394513e-05,0.0,4.928632683894869,174,0.36265842779945023,0.35541613752211254,12653.981353481231
1163,90.84086859351582,90.84086859351582,-4.790506643525965e-05,0.0,4.928632683894869,174,0.3626593137623005,0.3571029605840424,12653.957371726217
1164,90.83222856951842,90.83222856951842,-9.511616346978112e-05,0.0,4.928632683894869,174,0.3626610727378,0.3583454730140116,12653.90975902913
1165,90.82767601825465,90.82767601825465,-5.0121696089732354e-05,0.0,4.928632683894869,174,0.3626619995722793,0.3576867354179495,12653.884671223313
1166,90.8186235411805,90.8186235411805,-9.967147256614594e-05,0.0,4.928632683894869,174,0.36266384253836587,0.3559478222388327,12653.834785615476
1167,90.81400086854958,90.81400086854958,-5.090134712233289e-05,0.0,4.928632683894869,174,0.36266478365973553,0.3584481671976933,12653.80931139089
1168,90.80503160628979,90.80503160628979,-9.877006990810543e-05,0.0,4.928632683894869,174,0.3626666210288063,0.3613756973015478,12653.759884356059
1169,90.80015540218547,90.80015540218547,-5.370115452998006e-05,0.0,4.928632683894869,174,0.3626676255940189,0.3607136673927257,12653.733012992157
1170,90.7901488308054,90.7901488308054,-0.00011021041494982814,0.0,4.928632683894869,174,0.3626852453012067,0.3576301558514762,12653.376241130953
1171,90.77306207319883,90.77306207319883,-0.00018821828025562988,0.0,4.928632683894869,174,0.3626901206749718,0.35674916009326485,12653.242240100597
1172,90.75114162780412,90.75114162780412,-0.0002415154018509372,0.0,4.928632683894869,174,0.3627282519336439,0.3760836513896664,12652.131544051515
1173,90.72634450852952,90.72634450852952,-0.00027328039369344664,0.0,4.928632683894869,174,0.36278096091653605,0.40784900864300666,12650.455254328184
1174,90.70544994822416,90.70544994822416,-0.00023032964492584375,0.0,4.928632683894869,174,0.3628106040024132,0.43764099224050634,12649.664617845325
1175,90.6852885310153,90.6852885310153,-0.00022229819957639795,0.0,4.928632683894869,174,0.3628330905804922,0.42484660526435375,12649.033456531699
1176,90.66744151708642,90.66744151708642,-0.00019682101263944357,0.0,4.928632683894869,174,0.3628502779827609,0.42885569686096153,12648.556610776086
1177,90.66148384641859,90.66148384641859,-6.571120032865878e-05,0.0,4.928632683894869,174,0.36285477838690566,0.38416342817806887,12648.355864989626
1178,90.65408454818497,90.65408454818497,-8.161790301009899e-05,0.0,4.928632683894869,174,0.36287658488586816,0.37593463530277493,12647.7681753901
1179,90.64572529410671,90.64572529410671,-9.221470327472053e-05,0.0,4.928632683894869,174,0.36288122250302624,0.3932557735692101,12647.626705696763
1180,90.63820000431895,90.63820000431895,-8.302214087324202e-05,0.0,4.928632683894869,174,0.3628993202091769,0.39413687060120806,12647.24903283786
1181,90.63437744011871,90.63437744011871,-4.217476525889476e-05,0.0,4.928632683894869,174,0.3628999554194005,0.39228750678997887,12647.223393755903
1182,90.6265610407586,90.6265610407586,-8.62447191376158e-05,0.0,4.928632683894869,174,0.36290125576126736,0.39288220215782377,12647.170966826414
1183,90.61719597809294,90.61719597809294,-0.0001033421821313248,0.0,4.928632683894869,174,0.3629028167649877,0.3896696020187115,12647.108152548712
1184,90.6083848381779,90.6083848381779,-9.723947228972932e-05,0.0,4.928632683894869,174,0.3629043091183556,0.3858899290532652,12647.049053596655
1185,90.60301911672673,90.60301911672673,-5.9220571505290506e-05,0.0,4.928632683894869,174,0.36290880252736235,0.3851061963821545,12646.94369226911
1186,90.59853236644778,90.59853236644778,-4.952220599802867e-05,0.0,4.928632683894869,174,0.36291015637050683,0.38654955709069955,12646.902147089375
1187,90.58900021030216,90.58900021030216,-0.00010521867612920774,0.0,4.928632683894869,174,0.36293128117391266,0.38319931257903217,12646.442988009792
1188,90.58109426284734,90.58109426284734,-8.727651749399992e-05,0.0,4.928632683894869,174,0.3629329637695895,0.3792312883533461,12646.383880549492
1189,90.57268590175906,90.57268590175906,-9.283119664062644e-05,0.0,4.928632683894869,174,0.3629383287408968,0.3819839435387485,12646.251766766492
1190,90.5666520908498,90.5666520908498,-6.66206576478991e-05,0.0,4.928632683894869,174,0.3629404069145407,0.38047793150413944,12646.191278232614
1191,90.5583047535628,90.5583047535628,-9.217213837717461e-05,0.0,4.928632683894869,174,0.3629432819489715,0.3826968411926161,12646.107596758025
1192,90.5541312933578,90.5541312933578,-4.608695346191491e-05,0.0,4.928632683894869,174,0.36294471940866313,0.3789795257428608,12646.065758110311
1193,90.54387368969684,90.54387368969684,-0.0001132823486695491,0.0,4.928632683894869,174,0.3629637421115512,0.38094880768308054,12645.662937984114
1194,90.5389655355137,90.5389655355137,-5.4208937802611216e-05,0.0,4.928632683894869,174,0.3629647868539489,0.37910834326794235,12645.626243011098
1195,90.53390924186569,90.53390924186569,-5.584816229979334e-05,0.0,4.928632683894869,174,0.3629851251520583,0.3854863585673507,12645.173348765431
1196,90.51889303938981,90.51889303938981,-0.00016587649924337437,0.0,4.928632683894869,174,0.36302422304327486,0.3681580196093776,12644.304389561104
1197,90.50118833499855,90.50118833499855,-0.00019561039099417728,0.0,4.928632683894869,174,0.3630615200367564,0.38107890992374555,12643.361214070716
1198,90.48257229229242,90.48257229229242,-0.00020572058738597217,0.0,4.928632683894869,174,0.3631071400263592,0.39917179947398157,12642.165746922443
1199,90.45980309152851,90.45980309152851,-0.0002516735047363466,0.0,4.928632683894869,174,0.3631404308347022,0.4185838887034016,12641.328306371215
1200,90.44222860215098,90.44222860215098,-0.00019429841962838478,0.0,4.703651663317115,145,0.4438767711434212,0.4538775080191647,11119.020647789608
1201,90.43006281417478,90.43006281417478,-0.0001345235126871795,0.0,4.703651663317115,145,0.4438767711434212,0.4537686659790943,11119.020647789608
1202,90.42474271423178,90.42474271423178,-5.8832829229890965e-05,0.0,4.703651663317115,145,0.4438767711434212,0.4461926159271499,11119.020647789608
1203,90.41933763730496,90.41933763730496,-5.977610014020221e-05,0.0,4.703651663317115,145,0.4438767711434212,0.44346945621302475,11119.020647789608
1204,90.41354644167147,90.41354644167147,-6.405024910123602e-05,0.0,4.703651663317115,145,0.4438767711434212,0.46160023929850313,11119.020647789608
1205,90.42961720274855,90.42961720274855,0.00017773147511381085,0.0,4.703651663317115,145,0.4438767711434212,0.3924047991180571,11119.020647789608
1206,90.41363626954377,90.41363626954377,-0.0001767379533327844,0.0,4.703651663317115,145,0.4438767711434212,0.3242656849293131,11119.020647789608
1207,90.408238691979,90.408238691979,-5.970049328965286e-05,0.0,4.703651663317115,145,0.4438767711434212,0.280462104642264,11119.020647789608
1208,90.40111841995375,90.40111841995375,-7.875999497655272e-05,0.0,4.703651663317115,145,0.4438767711434212,0.451410032875219,11119.020647789608
1209,90.39474615815,90.39474615815,-7.049123409165826e-05,0.0,4.703651663317115,145,0.4438767711434212,0.4405524708194421,11119.020647789608
1210,90.39390768426394,90.39390768426394,-9.275735708551498e-06,0.0,4.703651663317115,145,0.4438767711434212,0.45892659506993455,11119.020647789608
1211,90.38664351516007,90.38664351516007,-8.036449783534741e-05,0.0,4.703651663317115,145,0.4438767711434212,0.4625415435961053,11119.020647789608
1212,90.37955574998358,90.37955574998358,-7.841914261562449e-05,0.0,4.703651663317115,145,0.4438767711434212,0.46237482922190404,11119.020647789608
1213,90.37166291667006,90.37166291667006,-8.73336664257527e-05,0.0,4.703651663317115,145,0.4438767711434212,0.461119762980466,11119.020647789608
1214,90.37675459715254,90.37675459715254,5.633997302835165e-05,0.0,4.703651663317115,145,0.4438767711434212,0.42623420984908006,11119.020647789608
1215,90.36407068202905,90.36407068202905,-0.0001403547330795046,0.0,4.703651663317115,145,0.4438767711434212,0.410398681600991,11119.020647789608
1216,90.35641420219191,90.35641420219191,-8.473283863337039e-05,0.0,4.703651663317115,145,0.4438767711434212,0.40859086470395006,11119.020647789608
1217,90.34923691412075,90.34923691412075,-7.943623268662317e-05,0.0,4.703651663317115,145,0.4438767711434212,0.41045783503078037,11119.020647789608
1218,90.34307181332673,90.34307181332673,-6.823866317094927e-05,0.0,4.703651663317115,145,0.4438767711434212,0.4118609128695492,11119.020647789608
1219,90.340388413001,90.340388413001,-2.9702777692759638e-05,0.0,4.703651663317115,145,0.4438767711434212,0.41282049057771264,11119.020647789608
1220,90.33321089074788,90.33321089074788,-7.945291713405434e-05,0.0,4.703651663317115,145,0.4438767711434212,0.41484216600816776,11119.020647789608
1221,90.32552297966141,90.32552297966141,-8.510976387794655e-05,0.0,4.703651663317115,145,0.4438767711434212,0.4168331256851857,11119.020647789608
1222,90.31765578055807,90.31765578055807,-8.710208890606196e-05,0.0,4.703651663317115,145,0.4438767711434212,0.4159295885351182,11119.020647789608
1223,90.31968483093424,90.31968483093424,2.2465458906546596e-05,0.0,4.703651663317115,145,0.4438767711434212,0.40455184340466965,11119.020647789608
1224,90.30736248474487,90.30736248474487,-0.00013643965720092798,0.0,4.703651663317115,145,0.4438767711434212,0.38788201685476414,11119.020647789608
1225,90.29956938034434,90.29956938034434,-8.629906200052366e-05,0.0,4.703651663317115,145,0.4438767711434212,0.38943695735674333,11119.020647789608
1226,90.2922220180688,90.2922220180688,-8.136983660988449e-05,0.0,4.703651663317115,145,0.4438767711434212,0.39006724259910824,11119.020647789608
1227,90.28542062872391,90.28542062872391,-7.532925171040119e-05,0.0,4.703651663317115,145,0.4438767711434212,0.3932731557502603,11119.020647789608
1228,90.28525440109976,90.28525440109976,-1.8411364316703547e-06,0.0,4.703651663317115,145,0.4438767711434212,0.3894276751858635,11119.020647789608
1229,90.27222617522298,90.27222617522298,-0.0001443111175212367,0.0,4.703651663317115,145,0.4438767711434212,0.37702951965945536,11119.020647789608
1230,90.26674338247946,90.26674338247946,-6.0738052938257693e-05,0.0,4.703651663317115,145,0.4438767711434212,0.36694264876064187,11119.020647789608
1231,90.25991022249328,90.25991022249328,-7.570250545271465e-05,0.0,4.703651663317115,145,0.4438767711434212,0.33655031199330065,11119.020647789608
1232,90.25236699004685,90.25236699004685,-8.357583835618466e-05,0.0,4.703651663317115,145,0.4438767711434212,0.2730144544371646,11119.020647789608
1233,90.24965680848064,90.24965680848064,-3.0029375952506258e-05,0.0,4.703651663317115,145,0.4438767711434212,0.2092937121440757,11119.020647789608
1234,90.23734629625302,90.23734629625302,-0.00013641439034327312,0.0,4.703651663317115,145,0.4438767711434212,0.13761778090231094,11119.020647789608
1235,90.23042732251899,90.23042732251899,-7.667821903802277e-05,0.0,4.703651663317115,145,0.4438767711434212,0.08142911026527112,11119.020647789608
1236,90.22351280290194,90.22351280290194,-7.663473145145824e-05,0.0,4.703651663317115,145,0.4438767711434212,0.09439295004729573,11119.020647789608
1237,90.21542663917869,90.21542663917869,-8.962770179950122e-05,0.0,4.703651663317115,145,0.4438767711434212,0.0942590414294593,11119.020647789608
1238,90.21142230204646,90.21142230204646,-4.438737534226372e-05,0.0,4.703651663317115,145,0.4438767711434212,0.09245500305499801,11119.020647789608
1239,90.19450300249402,90.19450300249402,-0.00018756922283434397,0.0,4.703651663317115,145,0.4438767711434212,0.07183570815560965,11119.020647789608
1240,90.17903649964231,90.17903649964231,-0.00017149414412234875,0.0,4.703651663317115,145,0.4438767711434212,0.10651921233503324,11119.020647789608
1241,90.1656672770357,90.1656672770357,-0.00014826299138404934,0.0,4.703651663317115,145,0.4438767711434212,0.12771060544384458,11119.020647789608
1242,90.15591390246793,90.15591390246793,-0.00010817756270194761,0.0,4.703651663317115,145,0.4438767711434212,0.13288204475461654,11119.020647789608
1243,90.14877141186861,90.14877141186861,-7.922689962939076e-05,0.0,4.703651663317115,145,0.4438767711434212,0.13162054696685477,11119.020647789608
1244,90.14285755108153,90.14285755108153,-6.56032764606201e-05,0.0,4.703651663317115,145,0.4438767711434212,0.13326785990127568,11119.020647789608
1245,90.13539876730493,90.13539876730493,-8.274745865835394e-05,0.0,4.703651663317115,145,0.4438767711434212,0.12992603376393158,11119.020647789608
1246,90.13238290353166,90.13238290353166,-3.3459820114244615e-05,0.0,4.703651663317115,145,0.4438767711434212,0.13271063971675146,11119.020647789608
1247,90.1175651458961,90.1175651458961,-0.00016441344731911914,0.0,4.703651663317115,145,0.4438767711434212,0.11370566933553072,11119.020647789608
1248,90.10444192803143,90.10444192803143,-0.00014563391120681654,0.0,4.703651663317115,145,0.4438767711434212,0.12969074828141683,11119.020647789608
1249,90.09431181201398,90.09431181201398,-0.00011243269798342511,0.0,4.703651663317115,145,0.4438767711434212,0.1352030696047669,11119.020647789608
1250,90.08727897311331,90.08727897311331,-7.806390068593751e-05,0.0,4.703651663317115,145,0.4438767711434212,0.13475907809468898,11119.020647789608
1251,90.08082138046062,90.08082138046062,-7.168408439438631e-05,0.0,4.703651663317115,145,0.4438767711434212,0.13594664247261895,11119.020647789608
1252,90.07458279882822,90.07458279882822,-6.925777956329814e-05,0.0,4.703651663317115,145,0.4438767711434212,0.14193559028053288,11119.020647789608
1253,90.07189720004729,90.07189720004729,-2.9815723084274502e-05,0.0,4.703651663317115,145,0.4438767711434212,0.14805783284960575,11119.020647789608
1254,90.05675887508255,90.05675887508255,-0.00016808347244946626,0.0,4.703651663317115,145,0.4438767711434212,0.12348401833902602,11119.020647789608
1255,90.04369984837955,90.04369984837955,-0.0001450193610660336,0.0,4.703651663317115,145,0.4438767711434212,0.14875440591985126,11119.020647789608
1256,90.03553864926656,90.03553864926656,-9.064008918150139e-05,0.0,4.703651663317115,145,0.4438767711434212,0.12111203747871005,11119.020647789608
1257,90.02920971385566,90.02920971385566,-7.02962181218871e-05,0.0,4.703651663317115,145,0.44387790572953206,0.07542214225745908,11118.997621698825
1258,90.02121531442761,90.02121531442761,-8.88017835232148e-05,0.0,4.703651663317115,145,0.4438782415597562,-0.004456387417017855,11118.990806141685
1259,90.01987030812245,90.01987030812245,-1.494110414337669e-05,0.0,4.703651663317115,145,0.44387829806107276,-0.09601679767691762,11118.989659468014
1260,90.00187056291655,90.00187056291655,-0.00019997301635663877,0.0,4.703651663317115,145,0.44387905419939355,-0.15979110471544453,11118.974313938545
1261,89.98611581678932,89.98611581678932,-0.00017506441940217857,0.0,4.703651663317115,145,0.4438797160308796,-0.099847100785336,11118.960882363921
1262,89.97388674357279,89.97388674357279,-0.00013590879152438788,0.0,4.703651663317115,145,0.4438802297556325,-0.07901060726279394,11118.950456571707
1263,89.96682324032611,89.96682324032611,-7.850922952286444e-05,0.0,4.703651663317115,145,0.4438805264830919,-0.08242030939441079,11118.944434642177
1264,89.96026203081459,89.96026203081459,-7.293187131369927e-05,0.0,4.703651663317115,145,0.4438857149909314,-0.10539335289256953,11118.83913762715
1265,89.95350805353786,89.95350805353786,-7.508015953122312e-05,0.0,4.703651663317115,145,0.4438857149909314,0.0011172830111844227,11118.83913762715
1266,89.97437788477586,89.97437788477586,0.00023197995377709265,0.0,4.703651663317115,145,0.4438857149909314,0.025884037927935574,11118.83913762715
1267,89.94973096915771,89.94973096915771,-0.00027397013028777125,0.0,4.703651663317115,145,0.4438857149909314,-0.19256961341341017,11118.83913762715
1268,89.93703876209649,89.93703876209649,-0.00014111329144713084,0.0,4.703651663317115,145,0.4438857149909314,-0.1533546145143531,11118.83913762715
1269,89.92893891894252,89.92893891894252,-9.006531711970846e-05,0.0,4.703651663317115,145,0.4438857149909314,-0.1568614195003391,11118.83913762715
1270,89.92489238483428,89.92489238483428,-4.499803067406722e-05,0.0,4.703651663317115,145,0.44389024617991024,-0.16156806834367635,11118.67113762715
1271,89.91601478768689,89.91601478768689,-9.872722835063843e-05,0.0,4.703651663317115,145,0.4439113722998782,-0.163505639637918,11117.887924978237
1272,89.9125661635602,89.9125661635602,-3.83545719915259e-05,0.0,4.703651663317115,145,0.44391589656616204,-0.16418479689323165,11117.720210342033
1273,89.90285746290672,89.90285746290672,-0.00010798518243999611,0.0,4.703651663317115,145,0.4439371298510218,-0.16726195735502436,11116.933159667986
1274,89.8973319727757,89.8973319727757,-6.146256185933421e-05,0.0,4.703651663317115,145,0.4439416760323337,-0.1535364935030348,11116.765731461372
1275,89.88718218946171,89.88718218946171,-0.00011291054039970423,0.0,4.703651663317115,145,0.4439635182020526,-0.1566111006324263,11115.977280006959
1276,89.88154717994557,89.88154717994557,-6.269176555619858e-05,0.0,4.703651663317115,145,0.4439681488556977,-0.15874530071408346,11115.810138564244
1277,89.87153640990545,89.87153640990545,-0.00011138356962279017,0.0,4.703651663317115,145,0.44399003397463127,-0.16140946171621126,11115.023887068315
1278,89.8654603117149,89.8654603117149,-6.7610990543866e-05,0.0,4.703651663317115,145,0.4439947175463149,-0.1677232894014722,11114.857031643482
1279,89.85517697318211,89.85517697318211,-0.00011443692498940727,0.0,4.703651663317115,145,0.4440181638896439,-0.17406798562812492,11114.070429776224
1280,89.84903254086403,89.84903254086403,-6.838384406345124e-05,0.0,4.703651663317115,145,0.44402331985424626,-0.1760430521452279,11113.903860388577
1281,89.83865625482937,89.83865625482937,-0.00011549245377618745,0.0,4.703651663317115,145,0.4440476466740015,-0.1777822611280821,11113.118021744995
1282,89.83227664732338,89.83227664732338,-7.101435280185851e-05,0.0,4.703651663317115,145,0.4440527946765353,-0.18057358666258505,11112.951738079759
1283,89.82185461194837,89.82185461194837,-0.00011602333120483271,0.0,4.703651663317115,145,0.4440798817892184,-0.17099208271266664,11112.166953575615
1284,89.81545214048943,89.81545214048943,-7.128220276070005e-05,0.0,4.703651663317115,145,0.44408573893516884,-0.1732525940915219,11112.000955230831
1285,89.80683634247124,89.80683634247124,-9.593239344137017e-05,0.0,4.703651663317115,145,0.4440876118490238,-0.17384050892368888,11111.947875715154
1286,89.79926000376516,89.79926000376516,-8.436616423057078e-05,0.0,4.703651663317115,145,0.44408925881858863,-0.17464508182342753,11111.901200016826
1287,89.79108162491399,89.79108162491399,-9.107815913327417e-05,0.0,4.703651663317115,145,0.4440910366771611,-0.18071795114485556,11111.850815317981
1288,89.7717716643027,89.7717716643027,-0.0002150774542952679,0.0,4.703651663317115,145,0.44409523444090365,-0.15811430865061052,11111.731852065263
1289,89.74635076803368,89.74635076803368,-0.0002832125926285744,0.0,4.703651663317115,145,0.4441007607889531,-0.054795925730346154,11111.57524105149
1290,89.72957272870458,89.72957272870458,-0.0001869670209918794,0.0,4.703651663317115,145,0.4441044083178735,0.00034925878479677625,11111.47187625583
1291,89.71636080561913,89.71636080561913,-0.00014725241022862728,0.0,4.703651663317115,145,0.44410728062445937,0.0131455535852855,11111.390481302386
1292,89.708199761756,89.708199761756,-9.09690829721739e-05,0.0,4.703651663317115,145,0.444109054877736,0.007454198232128055,11111.340203399543
1293,89.70186714872398,89.70186714872398,-7.059373137426092e-05,0.0,4.703651663317115,145,0.4441104316317269,0.017228516461800063,11111.301189946347
1294,89.69535433715122,89.69535433715122,-7.260771958088958e-05,0.0,4.703651663317115,145,0.4441118475722149,0.023307245176828285,11111.261066340472
1295,89.69285034145103,89.69285034145103,-2.791706071003716e-05,0.0,4.703651663317115,145,0.4441123919648449,0.02801742686514114,11111.245639925097
1296,89.68424547424172,89.68424547424172,-9.594164937038069e-05,0.0,4.703651663317115,145,0.44411427377271934,0.028143348117205976,11111.192627751065
1297,89.67660416110537,89.67660416110537,-8.520603193511065e-05,0.0,4.703651663317115,145,0.44411595203987386,0.02639723410804811,11111.145551763493
1298,89.66837905769974,89.66837905769974,-9.172381924246493e-05,0.0,4.703651663317115,145,0.44411775854120167,0.043966634339984885,11111.09487920777
1299,89.66913668053981,89.66913668053981,8.449128303796208e-06,0.0,4.703651663317115,145,0.4441175921417942,0.023929168172435414,11111.099546709647
1300,89.65540471820327,89.65540471820327,-0.00015315207005431737,0.0,4.703651663317115,145,0.44412064234516246,-0.009262259067852635,11111.0149479402
1301,89.64713656029488,89.64713656029488,-9.222577499784321e-05,0.0,4.703651663317115,145,0.44412249502126,-0.012467369930125037,11110.964010137759
1302,89.63991760363098,89.63991760363098,-8.052959207206176e-05,0.0,4.703651663317115,145,0.44412411261292395,-0.01153965214319221,11110.919536169984
1303,89.63315052141546,89.63315052141546,-7.549468851630233e-05,0.0,4.703651663317115,145,0.44412562896233293,-0.012178730734635915,11110.877846073976
1304,89.63107636528892,89.63107636528892,-2.31407700538927e-05,0.0,4.703651663317115,145,0.44412609373588435,-0.008238862842082358,11110.865067779685
1305,89.61983000614302,89.61983000614302,-0.00012548175502506722,0.0,4.703651663317115,145,0.4441286138204726,-0.018414433660681448,11110.79578211452
1306,89.61115456780576,89.61115456780576,-9.680735018738859e-05,0.0,4.703651663317115,145,0.44413055783450167,-0.0037583453362855916,11110.742335171559
1307,89.60227138420159,89.60227138420159,-9.913524686279382e-05,0.0,4.703651663317115,145,0.4441616546330577,-0.01590897941274877,11109.969989558449
1308,89.59755788726953,89.59755788726953,-5.2606042676519176e-05,0.0,4.703651663317115,145,0.4441686679678801,-0.01983525601623349,11109.80465030287
1309,89.58928612060998,89.58928612060998,-9.232560248737819e-05,0.0,4.703651663317115,145,0.44417086707411535,-0.01857984585513114,11109.753769163768
1310,89.58100334603581,89.58100334603581,-9.245700952686858e-05,0.0,4.703651663317115,145,0.44420403199538494,-0.01983419890208453,11108.98648258446
1311,89.56683025651559,89.56683025651559,-0.000158227864270388,0.0,4.703651663317115,145,0.44421116640585456,-0.022074822249590623,11108.821438380974
1312,89.54647080349665,89.54647080349665,-0.00022733602681800357,0.0,4.703651663317115,145,0.4442474841903535,-1.3237935115308777e-05,11107.981355306476
1313,89.53156068306342,89.53156068306342,-0.0001665209332927108,0.0,4.703651663317115,145,0.4442546068548077,0.04497022123878561,11107.816612641172
1314,89.51315411273517,89.51315411273517,-0.00020560864266880614,0.0,4.703651663317115,145,0.44429034968144504,0.0569902734480277,11106.989977744666
1315,89.49882405363972,89.49882405363972,-0.00016010167892492846,0.0,4.703651663317115,145,0.4442974607562853,0.07810126678075213,11106.825532492632
1316,89.4798879836167,89.4798879836167,-0.00021160136731495093,0.0,4.703651663317115,145,0.444333287276675,0.09411154919687698,11105.99710997447
1317,89.46786309756138,89.46786309756138,-0.0001343954981359472,0.0,4.703651663317115,145,0.4443403867402199,0.10302202947187991,11105.832962582766
1318,89.45023551921042,89.45023551921042,-0.00019704634180968067,0.0,4.703651663317115,145,0.44437647251318463,0.10418238478907593,11105.013992509808
1319,89.43677374274648,89.43677374274648,-0.00015050591482178101,0.0,4.703651663317115,145,0.4443837375454461,0.14515971432246544,11104.850140053342
1320,89.41892341663255,89.41892341663255,-0.00019960589969119334,0.0,4.703651663317115,145,0.4444200496106564,0.1381990481987886,11104.031245609962
1321,89.4052721810607,89.4052721810607,-0.00015267772409377145,0.0,4.703651663317115,145,0.4444273028542754,0.14602258415421152,11103.867687977567
1322,89.38754821841557,89.38754821841557,-0.00019826257747467362,0.0,4.703651663317115,145,0.4444635235573143,0.15755120879663856,11103.050998263774
1323,89.37372386178966,89.37372386178966,-0.00015466836292458362,0.0,4.703651663317115,145,0.4444707650380045,0.16581598589203372,11102.887734705582
1324,89.35615880202634,89.35615880202634,-0.0001965542589529017,0.0,4.703651663317115,145,0.4445074170422936,0.17000452165272278,11102.073441683153
1325,89.3421604436,89.3421604436,-0.00015667028670524253,0.0,4.703651663317115,145,0.44451482294967226,0.14125367729711683,11101.910471391937
1326,89.32222254772799,89.32222254772799,-0.00022318825521861038,0.0,4.703651663317115,145,0.4445524204970165,0.4706971880645459,11101.083194408207
1327,89.30887263914066,89.30887263914066,-0.00014946903391276824,0.0,4.703651663317115,145,0.44455981422308155,0.5210175979696361,11100.920521191172
1328,89.29149849730591,89.29149849730591,-0.00019455885538198386,0.0,4.703651663317115,145,0.4445966452809257,0.5221246630541959,11100.110252931046
1329,89.2854928669876,89.2854928669876,-6.726096430109559e-05,0.0,4.703651663317115,145,0.444604027034213,0.4881665223935193,11099.947871596456
1330,89.28344474226446,89.28344474226446,-2.2939316889482515e-05,0.0,4.703651663317115,145,0.44465013203807874,0.49612087832065593,11098.842124186565
1331,89.27713787016917,89.27713787016917,-7.064125806096206e-05,0.0,4.703651663317115,145,0.44466080079763465,0.5059225206224712,11098.588247840686
1332,89.28087374801932,89.28087374801932,4.184497594739112e-05,0.0,4.703651663317115,145,0.44476272165708425,0.4942546477690008,11095.436885826137
1333,89.26338975740427,89.26338975740427,-0.0001958504891467099,0.0,4.703651663317115,145,0.4448298136118662,0.4276151917381293,11092.297926973963
1334,89.24758446610414,89.24758446610414,-0.00017707921219052577,0.0,4.703651663317115,145,0.4448744033219909,0.4444846602333575,11091.152441845354
1335,89.24325368959863,89.24325368959863,-4.852659723162898e-05,0.0,4.703651663317115,145,0.44488332285401205,0.4170899380846469,11090.930213198251
1336,89.23612930582335,89.23612930582335,-7.983424930652633e-05,0.0,4.703651663317115,145,0.4449265780668588,0.4295764484270212,11089.925318189218
1337,89.2324067354698,89.2324067354698,-4.171682512412354e-05,0.0,4.703651663317115,145,0.44493588278212487,0.4303623332529031,11089.695588923558
1338,89.22453360771044,89.22453360771044,-8.823560181316439e-05,0.0,4.703651663317115,145,0.44498110877332825,0.4418511588217558,11088.591261621737
1339,89.22002860626533,89.22002860626533,-5.0491888238830674e-05,0.0,4.703651663317115,145,0.4449892610318478,0.44144330063686826,11088.381179371596
1340,89.21288680539445,89.21288680539445,-8.005026267965641e-05,0.0,4.703651663317115,145,0.4450259692630696,0.45293090800398167,11087.539840470334
1341,89.2072312079852,89.2072312079852,-6.339640926266907e-05,0.0,4.703651663317115,145,0.44503451781739073,0.4555537002823901,11087.312671560509
1342,89.19880284735133,89.19880284735133,-9.448515219536239e-05,0.0,4.703651663317115,145,0.4450709347361542,0.46308684030596525,11086.466503965437
1343,89.19290412619071,89.19290412619071,-6.613223521257863e-05,0.0,4.703651663317115,145,0.44507952336445117,0.46286518961187395,11086.236752792953
1344,89.18365896423353,89.18365896423353,-0.00010365893147944662,0.0,4.703651663317115,145,0.44511627850144825,0.4651306651196956,11085.377359875809
1345,89.17670662116306,89.17670662116306,-7.795838555468607e-05,0.0,4.703651663317115,145,0.44512505627073595,0.4625345785310397,11085.135510932669
1346,89.16662435887633,89.16662435887633,-0.00011306576188825996,0.0,4.703651663317115,145,0.44516273281344937,0.46164758469330025,11084.262551494847
1347,89.16046252292296,89.16046252292296,-6.910712291192645e-05,0.0,4.703651663317115,145,0.44517152451500125,0.4696528921212283,11084.03025878095
1348,89.14976618943095,89.14976618943095,-0.00011997442414915277,0.0,4.703651663317115,145,0.44521001250849374,0.42013657267734233,11083.147703619039
1349,89.14391956733607,89.14391956733607,-6.558417447214183e-05,0.0,4.703651663317115,145,0.4452191780287113,0.4112767642471964,11082.919387081089
1350,89.13333766506877,89.13333766506877,-0.00011871286830424571,0.0,4.703651663317115,145,0.4452585745591869,0.4078576728367891,11082.040147836096
1351,89.128899811208,89.128899811208,-4.9790173449035404e-05,0.0,4.703651663317115,145,0.4452675321668194,0.40460736242839923,11081.828646839529
1352,89.11822901657493,89.11822901657493,-0.00011973033973672627,0.0,4.703651663317115,145,0.4453069257442477,0.39878797288385787,11080.949121522433
1353,89.11367797898245,89.11367797898245,-5.106871906593217e-05,0.0,4.703651663317115,145,0.44532038097501475,0.3860178287547025,11080.637628594204
1354,89.09823355331449,89.09823355331449,-0.00017332652541386597,0.0,4.703651663317115,145,0.4453618809370723,0.3500569692958639,11079.688154058598
1355,89.08589201607955,89.08589201607955,-0.00013852566512570039,0.0,4.703651663317115,145,0.4453726392310328,0.36157323069262604,11079.394947670553
1356,89.06780677373493,89.06780677373493,-0.00020302965955357863,0.0,4.703651663317115,145,0.44542324698530056,0.3569262264313302,11078.158466077273
1357,89.04867027212076,89.04867027212076,-0.00021487626529777127,0.0,4.703651663317115,145,0.44543781411728006,0.3779359664175957,11077.733865628574
1358,89.02124549684564,89.02124549684564,-0.00030802255814555487,0.0,4.703651663317115,145,0.4454537378839005,0.3842723461082735,11077.109291227125
1359,88.99458339092112,88.99458339092112,-0.00029954758844160094,0.0,4.703651663317115,145,0.4454978111243762,0.4984804458364804,11076.109139267755
1360,88.98024770929287,88.98024770929287,-0.00016109785378798564,0.0,4.703651663317115,145,0.4455072968827653,0.5227601612666275,11075.867449752084
1361,88.96451706890281,88.96451706890281,-0.00017680363286485848,0.0,4.703651663317115,145,0.4455468532783432,0.5207829810961923,11074.997193109775
1362,88.95887575261877,88.95887575261877,-6.341286771206054e-05,0.0,4.703651663317115,145,0.44555519569373336,0.49763082271360587,11074.806418982374
1363,88.95125103277917,88.95125103277917,-8.57142871182852e-05,0.0,4.703651663317115,145,0.4455923629148081,0.48953788378369395,11074.00983876266
1364,88.94699483059391,88.94699483059391,-4.784984995686076e-05,0.0,4.703651663317115,145,0.4456051524680019,0.5086253446821786,11073.724987741423
1365,88.94084410407982,88.94084410407982,-6.915286118917647e-05,0.0,4.703651663317115,145,0.44564062412677824,0.5190310646128631,11072.969707576103
1366,88.93768753283425,88.93768753283425,-3.549131215393142e-05,0.0,4.703651663317115,145,0.44564862053285287,0.5213299448554337,11072.79393345665
1367,88.92779438645356,88.92779438645356,-0.00011124301673530198,0.0,4.703651663317115,145,0.44568559072015407,0.5199500148825443,11071.996007647604
1368,88.92234133603117,88.92234133603117,-6.132185845056132e-05,0.0,4.703651663317115,145,0.4456938750921506,0.5167912147647248,11071.807128579283
1369,88.91229616536098,88.91229616536098,-0.00011297203764129999,0.0,4.703651663317115,145,0.44573085742172536,0.5174714831588433,11071.008679872159
1370,88.90837098629358,88.90837098629358,-4.414761378320314e-05,0.0,4.703651663317115,145,0.44573893215426164,0.5150744149875884,11070.828967957521
1371,88.89834464707853,88.89834464707853,-0.00011277795880725086,0.0,4.703651663317115,145,0.4457758525433577,0.5085503749204174,11070.031997646369
1372,88.89409088376412,88.89409088376412,-4.7850891996882395e-05,0.0,4.703651663317115,145,0.4457839587051661,0.5044058213560646,11069.850640748773
1373,88.88409533738354,88.88409533738354,-0.0001124496385476099,0.0,4.703651663317115,145,0.4458208123197494,0.49672932903207256,11069.05528580117
1374,88.88011331620397,88.88011331620397,-4.480115778524636e-05,0.0,4.703651663317115,145,0.44582887148172373,0.48922303737448875,11068.875779596192
1375,88.87021358044242,88.87021358044242,-0.00011138922717752514,0.0,4.703651663317115,145,0.44586563154736203,0.4797293540424301,11068.082796588604
1376,88.8657627947663,88.8657627947663,-5.008311505442094e-05,0.0,4.703651663317115,145,0.4458737405328532,0.4826090589256676,11067.900827881464
1377,88.85584381858669,88.85584381858669,-0.00011162375108932441,0.0,4.703651663317115,145,0.4459104547396718,0.47800703913287346,11067.108869326199
1378,88.85128486312696,88.85128486312696,-5.130863904617781e-05,0.0,4.703651663317115,145,0.44591856643811195,0.47221257660971805,11066.926537730902
1379,88.84115533050019,88.84115533050019,-0.00011401197064668574,0.0,4.703651663317115,145,0.44595531420424306,0.4615801395623997,11066.13337110503
1380,88.83719266265247,88.83719266265247,-4.460496051582221e-05,0.0,4.703651663317115,145,0.4459633371080808,0.4523999986166561,11065.954779162259
1381,88.81945657485598,88.81945657485598,-0.00019966703111349958,0.0,4.703651663317115,145,0.44600318214577395,0.40647340546586774,11065.07423444483
1382,88.7959892502465,88.7959892502465,-0.0002642486934287176,0.0,4.703651663317115,145,0.44600634795539373,0.41890706648411985,11064.937565197657
1383,88.77028987585918,88.77028987585918,-0.0002894623313981655,0.0,4.703651663317115,145,0.4460098149646692,0.45511379972802396,11064.787896915961
1384,88.74534475535118,88.74534475535118,-0.00028104702691692245,0.0,4.703651663317115,145,0.44601318030999854,0.5039821732376687,11064.642621265788
1385,88.72026641051849,88.72026641051849,-0.0002826276576613972,0.0,4.703651663317115,145,0.4460241017125683,0.5327827967609603,11064.341335455709
1386,88.66100096100843,88.66100096100843,-0.000668226725331022,0.0,4.703651663317115,145,0.4460813950541185,0.43323243048375365,11062.97829533541
1387,88.63596183935488,88.63596183935488,-0.00028245404122590747,0.0,4.703651663317115,145,0.4460848435091061,0.5425278542646604,11062.832472240396
1388,88.62722313117902,88.62722313117902,-9.859586111337227e-05,0.0,4.703651663317115,145,0.44609352452268525,0.545393946779805,11062.626697311955
1389,88.61771681361829,88.61771681361829,-0.00010726757641498995,0.0,4.703651663317115,145,0.446129912254646,0.5396969040625683,11061.844872918735
1390,88.61316519618457,88.61316519618457,-5.1363705727827044e-05,0.0,4.703651663317115,145,0.44613804951433417,0.53727202730403,11061.66374721568
1391,88.60531320662068,88.60531320662068,-8.861366647312303e-05,0.0,4.703651663317115,145,0.44617376544116305,0.5288108203245773,11060.902398132268
1392,88.60109092506977,88.60109092506977,-4.765382574510662e-05,0.0,4.703651663317115,145,0.44618184291908264,0.5695489457302603,11060.723451490489
1393,88.59204916862252,88.59204916862252,-0.0001020553781067536,0.0,4.703651663317115,145,0.44621801567946573,0.5708283744825108,11059.94947533255
1394,88.58628346393904,88.58628346393904,-6.508363183975001e-05,0.0,4.703651663317115,145,0.4462263098591627,0.5785822613295344,11059.761802789875
1395,88.57613675893636,88.57613675893636,-0.00011454692254720963,0.0,4.703651663317115,145,0.4462629071100014,0.5791745310626841,11058.976212033765
1396,88.5712540729989,88.5712540729989,-5.5125688453682814e-05,0.0,4.703651663317115,145,0.44627106182675264,0.5719207835457859,11058.793946202506
1397,88.56111054125138,88.56111054125138,-0.00011453052953589892,0.0,4.703651663317115,145,0.4463076044035565,0.5742406757161193,11058.009627823167
1398,88.55561547651867,88.55561547651867,-6.20502067538116e-05,0.0,4.703651663317115,145,0.4463158385311525,0.5685827125908987,11057.82405933627
1399,88.54538901892809,88.54538901892809,-0.00011548729078166168,0.0,4.703651663317115,145,0.44635236332283246,0.5690202877748077,11057.040012292176
1400,88.53521775430221,88.53521775430221,-0.00011487722820033071,0.0,4.500211932780495,119,0.5511071565959691,0.5662944915261147,8979.72842139459
1401,88.5250678983149,88.5250678983149,-0.00011464858944522652,0.0,4.500211932780495,119,0.5511071565959691,0.5666594525043851,8979.72842139459
1402,88.58383409518152,88.58383409518152,0.0006636165473538074,0.0,4.500211932780495,119,0.5511071565959691,0.2923040111251092,8979.72842139459
1403,88.56901572403156,88.56901572403156,-0.00016729475365071696,0.0,4.500211932780495,119,0.5511071565959691,0.2590048936690695,8979.72842139459
1404,88.55937650214744,88.55937650214744,-0.0001088388120332593,0.0,4.500211932780495,119,0.5511071565959691,0.25827274249646637,8979.72842139459
1405,88.54999344919632,88.54999344919632,-0.00010595772502021181,0.0,4.500211932780495,119,0.5511071565959691,0.2585001070987825,8979.72842139459
1406,88.54174910845802,88.54174910845802,-9.310813282633846e-05,0.0,4.500211932780495,119,0.5511071565959691,0.2584485712154363,8979.72842139459
1407,88.5357137926481,88.5357137926481,-6.816582656411248e-05,0.0,4.500211932780495,119,0.5511071565959691,0.2594934321992361,8979.72842139459
1408,88.52559504706876,88.52559504706876,-0.00011429651860880838,0.0,4.500211932780495,119,0.5511071565959691,0.25972804606608096,8979.72842139459
1409,88.51389193102474,88.51389193102474,-0.00013220910499492277,0.0,4.500211932780495,119,0.5511071565959691,0.2602411885488786,8979.72842139459
1410,88.5021900658426,88.5021900658426,-0.00013221245287084932,0.0,4.500211932780495,119,0.5511071565959691,0.26037477225125766,8979.72842139459
1411,88.49287417612281,88.49287417612281,-0.00010526722616012549,0.0,4.500211932780495,119,0.5511071565959691,0.261220049208472,8979.72842139459
1412,88.48244512143201,88.48244512143201,-0.00011785886014247121,0.0,4.500211932780495,119,0.5511071565959691,0.261259100303693,8979.72842139459
1413,88.46907207995189,88.46907207995189,-0.00015114921552625713,0.0,4.500211932780495,119,0.5511071565959691,0.2650186234250533,8979.72842139459
1414,88.45657864817197,88.45657864817197,-0.00014122804408815245,0.0,4.500211932780495,119,0.5511071565959691,0.26524491343427725,8979.72842139459
1415,88.44464892798015,88.44464892798015,-0.00013487436320662718,0.0,4.500211932780495,119,0.5511071565959691,0.26429122732200505,8979.72842139459
1416,88.43446429770515,88.43446429770515,-0.0001151592192037276,0.0,4.500211932780495,119,0.5511071565959691,0.2591023131930816,8979.72842139459
1417,88.4226260143718,88.4226260143718,-0.00013387400335642232,0.0,4.500211932780495,119,0.5511071565959691,0.245662051790772,8979.72842139459
1418,88.40969802852484,88.40969802852484,-0.0001462174513620727,0.0,4.500211932780495,119,0.5511071565959691,0.2231434098421644,8979.72842139459
1419,88.39606571118561,88.39606571118561,-0.00015420670772154868,0.0,4.500211932780495,119,0.5511071565959691,0.22268357022644764,8979.72842139459
1420,88.38477972964324,88.38477972964324,-0.00012768330787826646,0.0,4.500211932780495,119,0.5511071565959691,0.22085552053031096,8979.72842139459
1421,88.37279615927613,88.37279615927613,-0.00013559328730548256,0.0,4.500211932780495,119,0.5511071565959691,0.22467019768930455,8979.72842139459
1422,88.35852356638506,88.35852356638506,-0.0001615174146185475,0.0,4.500211932780495,119,0.5511071565959691,0.2245508349881423,8979.72842139459
1423,88.34263536351203,88.34263536351203,-0.00017983133797272176,0.0,4.500211932780495,119,0.5511071565959691,0.2250247168135136,8979.72842139459
1424,88.32330150931561,88.32330150931561,-0.00021887472611683377,0.0,4.500211932780495,119,0.5511071565959691,0.2268998411543895,8979.72842139459
1425,88.30423406952487,88.30423406952487,-0.00021590563218049452,0.0,4.500211932780495,119,0.5511071565959691,0.23051894670834375,8979.72842139459
1426,88.28669150497643,88.28669150497643,-0.0001986802498381376,0.0,4.500211932780495,119,0.5511071565959691,0.23654641316671132,8979.72842139459
1427,88.2668657310866,88.2668657310866,-0.0002245865139569096,0.0,4.500211932780495,119,0.5511071565959691,0.2404957076527416,8979.72842139459
1428,88.24850391012274,88.24850391012274,-0.00020804784384966034,0.0,4.500211932780495,119,0.5511071565959691,0.24639116736655936,8979.72842139459
1429,88.23390157204466,88.23390157204466,-0.00016548208385426432,0.0,4.500211932780495,119,0.5511071565959691,0.2477752615031969,8979.72842139459
1430,88.22089315806937,88.22089315806937,-0.00014744188752424998,0.0,4.500211932780495,119,0.5511071565959691,0.24864837573658694,8979.72842139459
1431,88.21048626786258,88.21048626786258,-0.00011797096698703073,0.0,4.500211932780495,119,0.5511071565959691,0.24732302242371976,8979.72842139459
1432,88.2025564824967,88.2025564824967,-8.99002165326398e-05,0.0,4.500211932780495,119,0.5511071565959691,0.2475526043063328,8979.72842139459
1433,88.19336527259496,88.19336527259496,-0.00010421113842785468,0.0,4.500211932780495,119,0.5511071565959691,0.24708176937533494,8979.72842139459
1434,88.18830118746166,88.18830118746166,-5.742189918400801e-05,0.0,4.500211932780495,119,0.5511071565959691,0.24774071357104066,8979.72842139459
1435,88.17802932815651,88.17802932815651,-0.00011648322314962801,0.0,4.500211932780495,119,0.5511071565959691,0.24732591167449763,8979.72842139459
1436,88.16813383983902,88.16813383983902,-0.00011222799691375369,0.0,4.500211932780495,119,0.5511071565959691,0.24747815256606354,8979.72842139459
1437,88.15721545607121,88.15721545607121,-0.00012384360870803054,0.0,4.500211932780495,119,0.5511071565959691,0.24627568536080374,8979.72842139459
1438,88.15716444213723,88.15716444213723,-5.786701460309904e-07,0.0,4.500211932780495,119,0.5511071565959691,0.2437214456621021,8979.72842139459
1439,88.14379626823691,88.14379626823691,-0.0001516517422488186,0.0,4.500211932780495,119,0.5511071565959691,0.2400251505634756,8979.72842139459
1440,88.13472125244432,88.13472125244432,-0.0001029622432528808,0.0,4.500211932780495,119,0.5511071565959691,0.2460960546544767,8979.72842139459
1441,88.12495540565833,88.12495540565833,-0.00011081203575480574,0.0,4.500211932780495,119,0.5511071565959691,0.23951207830350535,8979.72842139459
1442,88.11770113617938,88.11770113617938,-8.232138150186633e-05,0.0,4.500211932780495,119,0.5511071565959691,0.22418454811099864,8979.72842139459
1443,88.11183433042987,88.11183433042987,-6.658141311143705e-05,0.0,4.500211932780495,119,0.5511071565959691,0.20788706018651798,8979.72842139459
1444,88.10206069293557,88.10206069293557,-0.00011092924883176923,0.0,4.500211932780495,119,0.5511071565959691,0.18947156056449677,8979.72842139459
1445,88.09253615068855,88.09253615068855,-0.00010811389709930418,0.0,4.500211932780495,119,0.5511071565959691,0.10842009120440178,8979.72842139459
1446,88.08046242912714,88.08046242912714,-0.0001370666524114169,0.0,4.500211932780495,119,0.5511071565959691,0.023024938424483898,8979.72842139459
1447,88.07148116954323,88.07148116954323,-0.00010197173426770313,0.0,4.500211932780495,119,0.5511071565959691,0.02565810144098461,8979.72842139459
1448,88.06066703699676,88.06066703699676,-0.00012279566984416942,0.0,4.500211932780495,119,0.5511071565959691,0.025552565822867822,8979.72842139459
1449,88.04907668062722,88.04907668062722,-0.00013162652039122954,0.0,4.500211932780495,119,0.5511071565959691,0.02607986211349186,8979.72842139459
1450,88.02988776756193,88.02988776756193,-0.00021795804173870912,0.0,4.500211932780495,119,0.5511071565959691,0.027749328244092958,8979.72842139459
1451,88.0146681604053,88.0146681604053,-0.00017290630902304743,0.0,4.500211932780495,119,0.5511071565959691,0.034940327876656525,8979.72842139459
1452,88.00045733513812,88.00045733513812,-0.00016147277409297244,0.0,4.500211932780495,119,0.5511071565959691,0.03823720368206907,8979.72842139459
1453,87.99023374075544,87.99023374075544,-0.00011618335414993107,0.0,4.500211932780495,119,0.5511071565959691,0.03765748986032747,8979.72842139459
1454,87.98247030236324,87.98247030236324,-8.823457523658101e-05,0.0,4.500211932780495,119,0.5511071565959691,0.03769418665580031,8979.72842139459
1455,87.9724744236743,87.9724744236743,-0.00011361861657551002,0.0,4.500211932780495,119,0.5511071565959691,0.03775396307802213,8979.72842139459
1456,87.96710324040029,87.96710324040029,-6.105713503450828e-05,0.0,4.500211932780495,119,0.5511071565959691,0.03785197726897622,8979.72842139459
1457,87.95294812797037,87.95294812797037,-0.0001609266521963657,0.0,4.500211932780495,119,0.5511071565959691,0.034289021544415134,8979.72842139459
1458,87.9417782110339,87.9417782110339,-0.00012700684305855708,0.0,4.500211932780495,119,0.5511071565959691,0.03516063097975396,8979.72842139459
1459,87.93282216995352,87.93282216995352,-0.00010184575906606552,0.0,4.500211932780495,119,0.5511071565959691,0.03493489528185367,8979.72842139459
1460,87.92320783557604,87.92320783557604,-0.00010934324386567661,0.0,4.500211932780495,119,0.5511071565959691,0.035054015141457055,8979.72842139459
1461,87.91533174475559,87.91533174475559,-8.958321474361357e-05,0.0,4.500211932780495,119,0.5511071565959691,0.03466137690070959,8979.72842139459
1462,87.90613335571625,87.90613335571625,-0.00010463328857461645,0.0,4.500211932780495,119,0.5511071565959691,0.5288454561926925,8979.72842139459
1463,87.89457359627765,87.89457359627765,-0.00013150981763024574,0.0,4.500211932780495,119,0.5511071565959691,0.5429171990511302,8979.72842139459
1464,87.87755853452364,87.87755853452364,-0.00019360363444298527,0.0,4.500211932780495,119,0.5511071565959691,0.5217236756453081,8979.72842139459
1465,87.86575338825888,87.86575338825888,-0.0001343453261846773,0.0,4.500211932780495,119,0.5511071565959691,0.5196794237095438,8979.72842139459
1466,87.85540398244326,87.85540398244326,-0.00011779350856138052,0.0,4.500211932780495,119,0.5511071565959691,0.5039175677078734,8979.72842139459
1467,87.84662563443517,87.84662563443517,-9.992312592556892e-05,0.0,4.500211932780495,119,0.5511071565959691,0.5119138125112568,8979.72842139459
1468,87.83705330262033,87.83705330262033,-0.00010897235169741937,0.0,4.500211932780495,119,0.5511071565959691,0.5174145553517638,8979.72842139459
1469,87.83332234289009,87.83332234289009,-4.247682305113197e-05,0.0,4.500211932780495,119,0.5511071565959691,0.4990425884058128,8979.72842139459
1470,87.82286510300477,87.82286510300477,-0.00011906486244202988,0.0,4.500211932780495,119,0.5511071565959691,0.5068346542355036,8979.72842139459
1471,87.81168849966669,87.81168849966669,-0.00012727112204193305,0.0,4.500211932780495,119,0.5511071565959691,0.5070926674393684,8979.72842139459
1472,87.80259413643714,87.80259413643714,-0.00010357202274396743,0.0,4.500211932780495,119,0.5511071565959691,0.5072688154476297,8979.72842139459
1473,87.79356464036343,87.79356464036343,-0.00010284389071571171,0.0,4.500211932780495,119,0.5511071565959691,0.5096731866208393,8979.72842139459
1474,87.78413831349658,87.78413831349658,-0.00010737498802319576,0.0,4.500211932780495,119,0.5511071565959691,0.5122500238968613,8979.72842139459
1475,87.78637010891826,87.78637010891826,2.5423352040698066e-05,0.0,4.500211932780495,119,0.5511071565959691,0.4490258119292213,8979.72842139459
1476,87.77029211100427,87.77029211100427,-0.00018316591071673312,0.0,4.500211932780495,119,0.5511071565959691,0.37562141879025185,8979.72842139459
1477,87.75907780101883,87.75907780101883,-0.0001277770210912702,0.0,4.500211932780495,119,0.5511071565959691,0.3754365997919948,8979.72842139459
1478,87.74997451481194,87.74997451481194,-0.00010373580274000264,0.0,4.500211932780495,119,0.5511071565959691,0.3705057862588658,8979.72842139459
1479,87.74231340935853,87.74231340935853,-8.730988180610421e-05,0.0,4.500211932780495,119,0.5511071565959691,0.3740750528802285,8979.72842139459
1480,87.73507954804309,87.73507954804309,-8.244778655102247e-05,0.0,4.500211932780495,119,0.5511071565959691,0.3799336861576023,8979.72842139459
1481,87.72805632576095,87.72805632576095,-8.005353661228731e-05,0.0,4.500211932780495,119,0.5511071565959691,0.3840367050935024,8979.72842139459
1482,87.72507047320435,87.72507047320435,-3.403590020146041e-05,0.0,4.500211932780495,119,0.5511071565959691,0.37682592769728235,8979.72842139459
1483,87.71278585111008,87.71278585111008,-0.00014004528294785817,0.0,4.500211932780495,119,0.5511071565959691,0.3316543109800357,8979.72842139459
1484,87.70207835536468,87.70207835536468,-0.000122081966167985,0.0,4.500211932780495,119,0.5511071565959691,0.2831508454687394,8979.72842139459
1485,87.69294452621253,87.69294452621253,-0.00010415152049754238,0.0,4.500211932780495,119,0.5511071565959691,0.23831417501415894,8979.72842139459
1486,87.68467825137445,87.68467825137445,-9.426829618598162e-05,0.0,4.500211932780495,119,0.5511071565959691,0.17484350980491153,8979.72842139459
1487,87.67535410569897,87.67535410569897,-0.00010634288279869721,0.0,4.500211932780495,119,0.5511071565959691,0.09509462019045424,8979.72842139459
1488,87.6672095063356,87.6672095063356,-9.2899284708256e-05,0.0,4.500211932780495,119,0.5511071565959691,0.049394099893481216,8979.72842139459
1489,87.64528109827965,87.64528109827965,-0.0002501636716776645,0.0,4.500211932780495,119,0.5511071565959691,0.00400101741074605,8979.72842139459
1490,87.63450702140388,87.63450702140388,-0.00012293575893635247,0.0,4.500211932780495,119,0.5511071565959691,0.015856586922137598,8979.72842139459
1491,87.62447166402386,87.62447166402386,-0.00011452032262498578,0.0,4.500211932780495,119,0.5511071565959691,0.017510537033636742,8979.72842139459
1492,87.61590137370396,87.61590137370396,-9.78118247315845e-05,0.0,4.500211932780495,119,0.5511071565959691,0.015815004979593355,8979.72842139459
1493,87.61090688172598,87.61090688172598,-5.700602583657941e-05,0.0,4.500211932780495,119,0.5511071565959691,0.0188736885703918,8979.72842139459
1494,87.60143877752786,87.60143877752786,-0.0001080757656855059,0.0,4.500211932780495,119,0.5511071565959691,0.022973324546462007,8979.72842139459
1495,87.59251165935375,87.59251165935375,-0.00010191126074358083,0.0,4.500211932780495,119,0.5511071565959691,0.023171477692774733,8979.72842139459
1496,87.58177214150275,87.58177214150275,-0.000122615233599695,0.0,4.500211932780495,119,0.5511071565959691,0.02209038169662618,8979.72842139459
1497,87.57465899991392,87.57465899991392,-8.122044444938695e-05,0.0,4.500211932780495,119,0.5511071565959691,0.03189310997212719,8979.72842139459
1498,87.56484261889943,87.56484261889943,-0.00011209785267215397,0.0,4.500211932780495,119,0.5511071565959691,0.07887219821695879,8979.72842139459
1499,87.55381507546711,87.55381507546711,-0.00012594367261706615,0.0,4.500211932780495,119,0.5511071565959691,0.083504744811759,8979.72842139459
1500,87.54125720066637,87.54125720066637,-0.0001434406423782828,0.0,4.500211932780495,119,0.5511071565959691,0.08699544048498022,8979.72842139459
1501,87.53172394959039,87.53172394959039,-0.00010890602333680493,0.0,4.500211932780495,119,0.5511071565959691,0.08531832720536006,8979.72842139459
1502,87.52213676289028,87.52213676289028,-0.0001095341361871992,0.0,4.500211932780495,119,0.5511071565959691,0.07187641921296646,8979.72842139459
1503,87.51042326098629,87.51042326098629,-0.00013384369079538262,0.0,4.500211932780495,119,0.5511071565959691,0.0708876109434394,8979.72842139459
1504,87.4990637345258,87.4990637345258,-0.00012981612221661068,0.0,4.500211932780495,119,0.5511071565959691,0.07364494056325503,8979.72842139459
1505,87.4884114275953,87.4884114275953,-0.00012174936444794146,0.0,4.500211932780495,119,0.5511071565959691,0.07628387010772272,8979.72842139459
1506,87.47934784101254,87.47934784101254,-0.00010360293380618276,0.0,4.500211932780495,119,0.5511071565959691,0.07865219660710218,8979.72842139459
1507,87.46697807123404,87.46697807123404,-0.00014141217009971656,0.0,4.500211932780495,119,0.5511071565959691,0.0763117465997111,8979.72842139459
1508,87.45533580831847,87.45533580831847,-0.00013311352536512515,0.0,4.500211932780495,119,0.5511071565959691,0.07973561064769144,8979.72842139459
1509,87.44377357459791,87.44377357459791,-0.0001322160390432549,0.0,4.500211932780495,119,0.5511071565959691,0.06546414474957875,8979.72842139459
1510,87.43569933354296,87.43569933354296,-9.234063811401019e-05,0.0,4.500211932780495,119,0.5511071565959691,-0.0029513628303480264,8979.72842139459
1511,87.42069615012267,87.42069615012267,-0.00017160577301863795,0.0,4.500211932780495,119,0.5511071565959691,-0.04992461972340857,8979.72842139459
1512,87.40490519850492,87.40490519850492,-0.00018064804626866248,0.0,4.500211932780495,119,0.5511071565959691,-0.0060819374122739415,8979.72842139459
1513,87.39290803744152,87.39290803744152,-0.00013726900651843675,0.0,4.500211932780495,119,0.5511071565959691,0.012633760025058335,8979.72842139459
1514,87.38288442531281,87.38288442531281,-0.00011470252256848616,0.0,4.500211932780495,119,0.5511071565959691,0.012934576669759567,8979.72842139459
1515,87.374602427175,87.374602427175,-9.478275630037002e-05,0.0,4.500211932780495,119,0.5511071565959691,0.01270559168410234,8979.72842139459
1516,87.36680355536032,87.36680355536032,-8.926186413591292e-05,0.0,4.500211932780495,119,0.5511071565959691,0.046417389622292596,8979.72842139459
1517,87.35963787479542,87.35963787479542,-8.202170787961957e-05,0.0,4.500211932780495,119,0.5511071565959691,0.048417446332389216,8979.72842139459
1518,87.3572981962421,87.3572981962421,-2.678250438776986e-05,0.0,4.500211932780495,119,0.5511071565959691,0.07456375560055499,8979.72842139459
1519,87.34388944462133,87.34388944462133,-0.00015350498560625514,0.0,4.500211932780495,119,0.5511071565959691,0.03559470103591141,8979.72842139459
1520,87.33344312342962,87.33344312342962,-0.00011960706120917471,0.0,4.500211932780495,119,0.5511071565959691,0.03820922340046,8979.72842139459
1521,87.32463726332347,87.32463726332347,-0.00010083541619269472,0.0,4.500211932780495,119,0.5511071565959691,0.035630769749683135,8979.72842139459
1522,87.31775983363958,87.31775983363958,-7.876013845164878e-05,0.0,4.500211932780495,119,0.5511071565959691,0.04074303545266691,8979.72842139459
1523,87.31001869996005,87.31001869996005,-8.865867446303035e-05,0.0,4.500211932780495,119,0.5511071565959691,0.031353124428119314,8979.72842139459
1524,87.30451424268423,87.30451424268423,-6.304695473949623e-05,0.0,4.500211932780495,119,0.5511071565959691,0.021485769570926884,8979.72842139459
1525,87.29140047429955,87.29140047429955,-0.00015021850231258023,0.0,4.500211932780495,119,0.5511071565959691,-0.0014737124341865047,8979.72842139459
1526,87.28088033411336,87.28088033411336,-0.00012052474940696678,0.0,4.500211932780495,119,0.5511071565959691,0.004333364042009867,8979.72842139459
1527,87.27232847706478,87.27232847706478,-9.7985675699335e-05,0.0,4.500211932780495,119,0.5511071565959691,0.0029286714759015156,8979.72842139459
1528,87.26391353284266,87.26391353284266,-9.642632534918046e-05,0.0,4.500211932780495,119,0.5511071565959691,0.004397608050807229,8979.72842139459
1529,87.2553896878758,87.2553896878758,-9.768369247795277e-05,0.0,4.500211932780495,119,0.5511071565959691,0.013136321016091442,8979.72842139459
1530,87.28099021496571,87.28099021496571,0.0002933546265568934,0.0,4.500211932780495,119,0.5511071565959691,0.023183876456859966,8979.72842139459
1531,87.26950764164172,87.26950764164172,-0.0001315673513573777,0.0,4.500211932780495,119,0.5511071565959691,-0.02217937331657748,8979.72842139459
1532,87.26070324429637,87.26070324429637,-0.00010089253096219307,0.0,4.500211932780495,119,0.5511071565959691,-0.022444229586147547,8979.72842139459
1533,87.2521609837083,87.2521609837083,-9.789834844192427e-05,0.0,4.500211932780495,119,0.5511071565959691,-0.02238879949155423,8979.72842139459
1534,87.24656077157451,87.24656077157451,-6.418628262006042e-05,0.0,4.500211932780495,119,0.5511071565959691,-0.018896059160165183,8979.72842139459
1535,87.23912828562071,87.23912828562071,-8.51930722623368e-05,0.0,4.500211932780495,119,0.5511071565959691,0.026352049905088777,8979.72842139459
1536,87.23130572045966,87.23130572045966,-8.967210072995407e-05,0.0,4.500211932780495,119,0.5511071565959691,0.01940420824304505,8979.72842139459
1537,87.22123284985962,87.22123284985962,-0.00011547978256767033,0.0,4.500211932780495,119,0.5511071565959691,0.018569368830416794,8979.72842139459
1538,87.21107789873537,87.21107789873537,-0.00011643429009388918,0.0,4.500211932780495,119,0.5511071565959691,0.019425767004564217,8979.72842139459
1539,87.20158869509196,87.20158869509196,-0.00010881323975018591,0.0,4.500211932780495,119,0.5511071565959691,0.018391956158361533,8979.72842139459
1540,87.19603311423967,87.19603311423967,-6.371165841053327e-05,0.0,4.500211932780495,119,0.5511071565959691,0.015294887273232883,8979.72842139459
1541,87.1883119400656,87.1883119400656,-8.85535244199384e-05,0.0,4.500211932780495,119,0.5511071565959691,0.010856574976533272,8979.72842139459
1542,87.17866498855591,87.17866498855591,-0.00011065113004155391,0.0,4.500211932780495,119,0.5511071565959691,0.021862922695997627,8979.72842139459
1543,87.16885990125688,87.16885990125688,-0.00011247750509287188,0.0,4.500211932780495,119,0.5511071565959691,0.019214383966487034,8979.72842139459
1544,87.16031944167833,87.16031944167833,-9.798083852146951e-05,0.0,4.500211932780495,119,0.5511071565959691,0.018941269142256682,8979.72842139459
1545,87.15241415734518,87.15241415734518,-9.070231618017604e-05,0.0,4.500211932780495,119,0.5511071565959691,0.019271572700774994,8979.72842139459
1546,87.14166252816533,87.14166252816533,-0.0001233734318221749,0.0,4.500211932780495,119,0.5511071565959691,0.01823150305867704,8979.72842139459
1547,87.13051934129687,87.13051934129687,-0.00012788256581292197,0.0,4.500211932780495,119,0.5511071565959691,0.020473178614021845,8979.72842139459
1548,87.11871140873569,87.11871140873569,-0.0001355292362374996,0.0,4.500211932780495,119,0.5511071565959691,0.03140678527099308,8979.72842139459
1549,87.11168611878962,87.11168611878962,-8.064367698827869e-05,0.0,4.500211932780495,119,0.5511071565959691,0.015520122026214951,8979.72842139459
1550,87.10186535388517,87.10186535388517,-0.00011274398382707708,0.0,4.500211932780495,119,0.5511071565959691,0.013037729843475517,8979.72842139459
1551,87.09244602108654,87.09244602108654,-0.00010814742150261033,0.0,4.500211932780495,119,0.5511071565959691,0.013643755015637917,8979.72842139459
1552,87.07905603583042,87.07905603583042,-0.00015375632780764936,0.0,4.500211932780495,119,0.5511071565959691,0.014136128884812624,8979.72842139459
1553,87.0689408411398,87.0689408411398,-0.00011616779846321647,0.0,4.500211932780495,119,0.5511071565959691,0.018810722044383,8979.72842139459
1554,87.06130334632127,87.06130334632127,-8.772163456242983e-05,0.0,4.500211932780495,119,0.5511071565959691,0.017833771765675015,8979.72842139459
1555,87.05074328627185,87.05074328627185,-0.00012130188883076731,0.0,4.500211932780495,119,0.5511071565959691,0.01657032799177753,8979.72842139459
1556,87.04272185144525,87.04272185144525,-9.21509009650426e-05,0.0,4.500211932780495,119,0.5511071565959691,0.017704071447392323,8979.72842139459
1557,87.03000800900087,87.03000800900087,-0.0001460750627301644,0.0,4.500211932780495,119,0.5511071565959691,0.01622359120592216,8979.72842139459
1558,87.01943613453719,87.01943613453719,-0.0001214812782505484,0.0,4.500211932780495,119,0.5511071565959691,0.018956036718736725,8979.72842139459
1559,87.0096297254305,87.0096297254305,-0.00011269852042941804,0.0,4.500211932780495,119,0.5511071565959691,0.015458137204328171,8979.72842139459
1560,87.00252744190266,87.00252744190266,-8.162973952396512e-05,0.0,4.500211932780495,119,0.5511071565959691,0.013378118218953398,8979.72842139459
1561,86.98101245930836,86.98101245930836,-0.000247322048007374,0.0,4.500211932780495,119,0.5511071565959691,-0.001646936311598077,8979.72842139459
1562,86.96631449433289,86.96631449433289,-0.00016899328397691293,0.0,4.500211932780495,119,0.5511071565959691,0.037810232302597696,8979.72842139459
1563,86.95757077974444,86.95757077974444,-0.00010054644975336442,0.0,4.500211932780495,119,0.5511071565959691,0.033367246353813926,8979.72842139459
1564,86.94867154797363,86.94867154797363,-0.00010234516782684987,0.0,4.500211932780495,119,0.5511071565959691,0.031721641448634985,8979.72842139459
1565,86.94054488653165,86.94054488653165,-9.346941247448004e-05,0.0,4.500211932780495,119,0.5511071565959691,0.0319714785165793,8979.72842139459
1566,86.94412030235446,86.94412030235446,4.112399238227404e-05,0.0,4.500211932780495,119,0.5511071565959691,0.03568345322854327,8979.72842139459
1567,86.93353878847145,86.93353878847145,-0.00012171217339139876,0.0,4.500211932780495,119,0.5511071565959691,0.019523433745689475,8979.72842139459
1568,86.92444010109216,86.92444010109216,-0.00010466804509884319,0.0,4.500211932780495,119,0.5511071565959691,0.015851063197342738,8979.72842139459
1569,86.91587118389829,86.91587118389829,-9.858377654149686e-05,0.0,4.500211932780495,119,0.5511071565959691,0.016976004812123077,8979.72842139459
1570,86.91146069673131,86.91146069673131,-5.07456119840826e-05,0.0,4.500211932780495,119,0.5511071565959691,0.019571079995866984,8979.72842139459
1571,86.90317217986367,86.90317217986367,-9.537191129136928e-05,0.0,4.500211932780495,119,0.5511071565959691,-0.003614955653822851,8979.72842139459
1572,86.89522877221252,86.89522877221252,-9.140944465739336e-05,0.0,4.500211932780495,119,0.5511071565959691,-0.017721251354189553,8979.72842139459
1573,86.88530525227338,86.88530525227338,-0.00011420749746950556,0.0,4.500211932780495,119,0.5511071565959691,-0.021291923352895953,8979.72842139459
1574,86.87873061223999,86.87873061223999,-7.567319674425086e-05,0.0,4.500211932780495,119,0.5511071565959691,-0.022722763180719096,8979.72842139459
1575,86.87106387398694,86.87106387398694,-8.825032893645468e-05,0.0,4.500211932780495,119,0.5511071565959691,-0.022034949505962128,8979.72842139459
1576,86.86053530914788,86.86053530914788,-0.00012120494949051882,0.0,4.500211932780495,119,0.5511071565959691,-0.023324053966464607,8979.72842139459
1577,86.85427578469648,86.85427578469648,-7.206667542845717e-05,0.0,4.500211932780495,119,0.5511071565959691,-0.030239311741411246,8979.72842139459
1578,86.84613700355689,86.84613700355689,-9.371055618011558e-05,0.0,4.500211932780495,119,0.5511071565959691,-0.01332302730378,8979.72842139459
1579,86.83536824268995,86.83536824268995,-0.00012400584466913423,0.0,4.500211932780495,119,0.5511071565959691,-0.01945817310983999,8979.72842139459
1580,86.82539697368621,86.82539697368621,-0.00011483617502518271,0.0,4.500211932780495,119,0.5511071565959691,-0.017767252964909257,8979.72842139459
1581,86.81548779989772,86.81548779989772,-0.00011413410859044075,0.0,4.500211932780495,119,0.5511071565959691,-0.016158194519554477,8979.72842139459
1582,86.81082252587488,86.81082252587488,-5.373925202010747e-05,0.0,4.500211932780495,119,0.5511071565959691,-0.01990907567442568,8979.72842139459
1583,86.80398921070646,86.80398921070646,-7.871811285684721e-05,0.0,4.500211932780495,119,0.5511071565959691,-0.01763311091491282,8979.72842139459
1584,86.79600829709139,86.79600829709139,-9.194601077496294e-05,0.0,4.500211932780495,119,0.5511071565959691,-0.009361179353580681,8979.72842139459
1585,86.79093449374747,86.79093449374747,-5.8458352498046386e-05,0.0,4.500211932780495,119,0.5511071565959691,-0.014425863251704965,8979.72842139459
1586,86.78460545982878,86.78460545982878,-7.292541245374581e-05,0.0,4.500211932780495,119,0.5511071565959691,-0.010980826969862901,8979.72842139459
1587,86.76662863272188,86.76662863272188,-0.00020716449831309096,0.0,4.500211932780495,119,0.5511071565959691,-0.02080505096937826,8979.72842139459
1588,86.75462037328413,86.75462037328413,-0.00013840678909012036,0.0,4.500211932780495,119,0.5511071565959691,-0.0015748367206797518,8979.72842139459
1589,86.74745443041715,86.74745443041715,-8.260354095654903e-05,0.0,4.500211932780495,119,0.5511071565959691,-0.0034976027401988894,8979.72842139459
1590,86.7392107337512,86.7392107337512,-9.5035507937922e-05,0.0,4.500211932780495,119,0.5511071565959691,0.11993744892148603,8979.72842139459
1591,86.73042681661104,86.73042681661104,-0.00010127325186931256,0.0,4.500211932780495,119,0.5511071565959691,0.12210236442645186,8979.72842139459
1592,86.7269876483994,86.7269876483994,-3.9654323485721943e-05,0.0,4.500211932780495,119,0.5511071565959691,0.1179819187672899,8979.72842139459
1593,86.71641490316021,86.71641490316021,-0.00012191579612416631,0.0,4.500211932780495,119,0.5511071565959691,0.10159265868102427,8979.72842139459
1594,86.70716530753354,86.70716530753354,-0.00010667056491632133,0.0,4.500211932780495,119,0.5511071565959691,0.0960682287515944,8979.72842139459
1595,86.69718441196962,86.69718441196962,-0.0001151170151279219,0.0,4.500211932780495,119,0.5511071565959691,0.09370384355402372,8979.72842139459
1596,86.69443156899754,86.69443156899754,-3.175289597168872e-05,0.0,4.500211932780495,119,0.5511071565959691,0.0816661002639896,8979.72842139459
1597,86.68393268178258,86.68393268178258,-0.0001211095429717635,0.0,4.500211932780495,119,0.5511071565959691,0.06564536099144218,8979.72842139459
1598,86.67356819079085,86.67356819079085,-0.00011957360889394473,0.0,4.500211932780495,119,0.5511071565959691,0.06799583448530838,8979.72842139459
1599,86.66421054929106,86.66421054929106,-0.00010797001757949771,0.0,4.500211932780495,119,0.5511071565959691,0.07134928795098214,8979.72842139459
1600,86.65887898543093,86.65887898543093,-6.152168041917015e-05,0.0,4.497043666866706,118,0.5650594329321227,0.06286616144029596,8701.10414416753
1601,86.65155344240037,86.65155344240037,-8.453666559247962e-05,0.0,4.497043666866706,118,0.5650594329321227,0.0722343789312666,8701.10414416753
1602,86.64402426401891,86.64402426401891,-8.689406257043577e-05,0.0,4.497043666866706,118,0.5650594329321227,0.07439169927455452,8701.10414416753
1603,86.6367173511547,86.6367173511547,-8.433612183829997e-05,0.0,4.497043666866706,118,0.5650594329321227,0.0777291644699037,8701.10414416753
1604,86.65585675446113,86.65585675446113,0.0002208912122521608,0.0,4.497043666866706,118,0.5650594329321227,0.06626277924617201,8701.10414416753
1605,86.64531545175794,86.64531545175794,-0.00012165298805528658,0.0,4.497043666866706,118,0.5650594329321227,0.02661733528792132,8701.10414416753
1606,86.63691678425515,86.63691678425515,-9.693628020589804e-05,0.0,4.497043666866706,118,0.5650594329321227,0.022452241182499808,8701.10414416753
1607,86.62864984855379,86.62864984855379,-9.542502723755762e-05,0.0,4.497043666866706,118,0.5650594329321227,0.01618735671805377,8701.10414416753
1608,86.62159369131763,86.62159369131763,-8.145624613151403e-05,0.0,4.497043666866706,118,0.5650594329321227,0.01942994274930458,8701.10414416753
1609,86.6165637963675,86.6165637963675,-5.806913470428707e-05,0.0,4.497043666866706,118,0.5650594329321227,0.023296427087468763,8701.10414416753
1610,86.60713281242325,86.60713281242325,-0.00010888791935755111,0.0,4.497043666866706,118,0.5650594329321227,0.019458567034929715,8701.10414416753
1611,86.5970413721048,86.5970413721048,-0.00011652652573040787,0.0,4.497043666866706,118,0.5650594329321227,0.01703435149815002,8701.10414416753
1612,86.5872331847455,86.5872331847455,-0.00011326879873913228,0.0,4.497043666866706,118,0.5650594329321227,0.012601466498331907,8701.10414416753
1613,86.58144542284991,86.58144542284991,-6.684536654416316e-05,0.0,4.497043666866706,118,0.5650594329321227,0.010562306970337755,8701.10414416753
1614,86.57712080194561,86.57712080194561,-4.994983499206988e-05,0.0,4.497043666866706,118,0.5650594329321227,0.017256705099171193,8701.10414416753
1615,86.56840791376267,86.56840791376267,-0.0001006423700908753,0.0,4.497043666866706,118,0.5650594329321227,0.015674770464735078,8701.10414416753
1616,86.5592125683654,86.5592125683654,-0.00010622620908568926,0.0,4.497043666866706,118,0.5650594329321227,0.016417555183722163,8701.10414416753
1617,86.54948148104059,86.54948148104059,-0.00011242748249579175,0.0,4.497043666866706,118,0.5650594329321227,0.009756843679827305,8701.10414416753
1618,86.54204854681599,86.54204854681599,-8.588443614732491e-05,0.0,4.497043666866706,118,0.5650594329321227,0.0058173627217582916,8701.10414416753
1619,86.53498504927528,86.53498504927528,-8.162258617304305e-05,0.0,4.497043666866706,118,0.5650594329321227,0.007222021672790591,8701.10414416753
1620,86.5237717279285,86.5237717279285,-0.00012958975981667068,0.0,4.497043666866706,118,0.5650594329321227,0.013673237323510019,8701.10414416753
1621,86.51407371989859,86.51407371989859,-0.00011209117883978854,0.0,4.497043666866706,118,0.5650594329321227,-0.05483990560167803,8701.10414416753
1622,86.50384154913071,86.50384154913071,-0.00011827874314509269,0.0,4.497043666866706,118,0.5650594329321227,-0.05855889148287574,8701.10414416753
1623,86.49641943128967,86.49641943128967,-8.580470114361592e-05,0.0,4.497043666866706,118,0.5650594329321227,-0.06018347440263898,8701.10414416753
1624,86.48845981520807,86.48845981520807,-9.202672651950789e-05,0.0,4.497043666866706,118,0.5650594329321227,-0.06074405277653991,8701.10414416753
1625,86.4792958637254,86.4792958637254,-0.00010596138517584186,0.0,4.497043666866706,118,0.5650594329321227,-0.05637074231615628,8701.10414416753
1626,86.46537905778055,86.46537905778055,-0.00016093939846606572,0.0,4.497043666866706,118,0.5650594329321227,-0.026037845961289285,8701.10414416753
1627,86.45528232687855,86.45528232687855,-0.00011677876816602542,0.0,4.497043666866706,118,0.5650594329321227,-0.017143949856125756,8701.10414416753
1628,86.44745156875595,86.44745156875595,-9.057992261330027e-05,0.0,4.497043666866706,118,0.5650594329321227,-0.017992209313346937,8701.10414416753
1629,86.43912556116274,86.43912556116274,-9.63175711830008e-05,0.0,4.497043666866706,118,0.5650594329321227,-0.01612182832779223,8701.10414416753
1630,86.43342888358971,86.43342888358971,-6.590609589110928e-05,0.0,4.497043666866706,118,0.5650594329321227,-0.016081630370679115,8701.10414416753
1631,86.41535802938783,86.41535802938783,-0.00020909437191265397,0.0,4.497043666866706,118,0.5650594329321227,-0.03367509342875482,8701.10414416753
1632,86.40437390507051,86.40437390507051,-0.00012711655329124424,0.0,4.497043666866706,118,0.5650594329321227,-0.009359104163344092,8701.10414416753
1633,86.39586256776222,86.39586256776222,-9.851071374558622e-05,0.0,4.497043666866706,118,0.5650594329321227,-0.006255205732138977,8701.10414416753
1634,86.38775561144584,86.38775561144584,-9.38394091726771e-05,0.0,4.497043666866706,118,0.5650594329321227,-0.007000618077614206,8701.10414416753
1635,86.38028282981658,86.38028282981658,-8.650652865353256e-05,0.0,4.497043666866706,118,0.5650594329321227,-0.005942629564835536,8701.10414416753
1636,86.3737949804261,86.3737949804261,-7.511081041643973e-05,0.0,4.497043666866706,118,0.5650594329321227,-0.0013042252514707696,8701.10414416753
1637,86.364880108065,86.364880108065,-0.00010321802415644713,0.0,4.497043666866706,118,0.5650594329321227,-0.0024776559118159635,8701.10414416753
1638,86.35549198060608,86.35549198060608,-0.00010870897688142616,0.0,4.497043666866706,118,0.5650594329321227,-0.0015240520391510413,8701.10414416753
1639,86.34627568287583,86.34627568287583,-0.00010673078641502509,0.0,4.497043666866706,118,0.5650594329321227,-0.0042995709463457986,8701.10414416753
1640,86.34561487761455,86.34561487761455,-7.652997012640011e-06,0.0,4.497043666866706,118,0.5650594329321227,-0.0135950889783793,8701.10414416753
1641,86.33283075260834,86.33283075260834,-0.00014806856736404957,0.0,4.497043666866706,118,0.5650594329321227,-0.036353033696306,8701.10414416753
1642,86.3250558221982,86.3250558221982,-9.006168869133728e-05,0.0,4.497043666866706,118,0.5650594329321227,-0.04113965408133917,8701.10414416753
1643,86.3168808593029,86.3168808593029,-9.470425388572155e-05,0.0,4.497043666866706,118,0.5650594329321227,-0.04138450287731956,8701.10414416753
1644,86.30898974466159,86.30898974466159,-9.142447327509477e-05,0.0,4.497043666866706,118,0.5650594329321227,-0.04178386247342321,8701.10414416753
1645,86.31250856405107,86.31250856405107,4.0769190679650985e-05,0.0,4.497043666866706,118,0.5650594329321227,-0.039785817455394626,8701.10414416753
1646,86.30314510906013,86.30314510906013,-0.00010848905995352233,0.0,4.497043666866706,118,0.5650594329321227,-0.03931792513060805,8701.10414416753
1647,86.29439337149688,86.29439337149688,-0.00010141207861702342,0.0,4.497043666866706,118,0.5650594329321227,-0.07382467075945558,8701.10414416753
1648,86.28622793665788,86.28622793665788,-9.462748231172883e-05,0.0,4.497043666866706,118,0.5650594329321227,-0.07241229883316229,8701.10414416753
1649,86.28360598910028,86.28360598910028,-3.038709023654153e-05,0.0,4.497043666866706,118,0.5650594329321227,-0.07225609251153012,8701.10414416753
1650,86.27491250027673,86.27491250027673,-0.00010075989185597312,0.0,4.497043666866706,118,0.5650594329321227,-0.07650383484166762,8701.10414416753
1651,86.26646113010075,86.26646113010075,-9.79634044277409e-05,0.0,4.497043666866706,118,0.5650594329321227,-0.072542450392257,8701.10414416753
1652,86.25703730171257,86.25703730171257,-0.0001092468966049345,0.0,4.497043666866706,118,0.5650594329321227,-0.06307199334608284,8701.10414416753
1653,86.2545624930544,86.2545624930544,-2.869150435443502e-05,0.0,4.497043666866706,118,0.5650594329321227,-0.07215077384827075,8701.10414416753
1654,86.24575196679427,86.24575196679427,-0.00010215084297521187,0.0,4.497043666866706,118,0.5650594329321227,-0.07949901979097951,8701.10414416753
1655,86.23641711642522,86.23641711642522,-0.00010824133796314114,0.0,4.497043666866706,118,0.5650594329321227,-0.0694446084735957,8701.10414416753
1656,86.2278251694305,86.2278251694305,-9.963743078501466e-05,0.0,4.497043666866706,118,0.5650594329321227,-0.05878946681743381,8701.10414416753
1657,86.22498846636759,86.22498846636759,-3.289831001718539e-05,0.0,4.497043666866706,118,0.5650594329321227,-0.06721087506566405,8701.10414416753
1658,86.21607994392927,86.21607994392927,-0.00010332251508723576,0.0,4.497043666866706,118,0.5650594329321227,-0.07598933336360478,8701.10414416753
1659,86.20718253717972,86.20718253717972,-0.00010320425016236402,0.0,4.497043666866706,118,0.5650594329321227,-0.07162956552004106,8701.10414416753
1660,86.19809241730967,86.19809241730967,-0.00010545060040501683,0.0,4.497043666866706,118,0.5650594329321227,-0.07097190739396415,8701.10414416753
1661,86.20847999772421,86.20847999772421,0.0001205009795345961,0.0,4.497043666866706,118,0.5650594329321227,-0.07291164846337127,8701.10414416753
1662,86.19576233741694,86.19576233741694,-0.00014753303234408714,0.0,4.497043666866706,118,0.5650594329321227,-0.13064765918226312,8701.10414416753
1663,86.18715503333635,86.18715503333635,-9.98626107391381e-05,0.0,4.497043666866706,118,0.5650594329321227,-0.13013288183850932,8701.10414416753
1664,86.17882429799599,86.17882429799599,-9.666333668826453e-05,0.0,4.497043666866706,118,0.5650594329321227,-0.15591180747344627,8701.10414416753
1665,86.17104347084252,86.17104347084252,-9.029107198604184e-05,0.0,4.497043666866706,118,0.5650594329321227,-0.15851551133495775,8701.10414416753
1666,86.16581582199146,86.16581582199146,-6.066779763902876e-05,0.0,4.497043666866706,118,0.5650594329321227,-0.15726137231254628,8701.10414416753
1667,86.15851846047228,86.15851846047228,-8.469333775669135e-05,0.0,4.497043666866706,118,0.5650594329321227,-0.15533157316659596,8701.10414416753
1668,86.14910788630172,86.14910788630172,-0.00010922992068823577,0.0,4.497043666866706,118,0.5650594329321227,-0.1585917564429604,8701.10414416753
1669,86.13926475551835,86.13926475551835,-0.00011426343685463779,0.0,4.497043666866706,118,0.5650594329321227,-0.15118049620309687,8701.10414416753
1670,86.12982651755162,86.12982651755162,-0.00010957552404118318,0.0,4.497043666866706,118,0.5650594329321227,-0.15133612812220812,8701.10414416753
1671,86.1301627222913,86.1301627222913,3.903457107619636e-06,0.0,4.497043666866706,118,0.5650594329321227,-0.15927119034863005,8701.10414416753
1672,86.1252822218909,86.1252822218909,-5.6665847669350084e-05,0.0,4.497043666866706,118,0.5650594329321227,-0.13013846503148946,8701.10414416753
1673,86.1171914858421,86.1171914858421,-9.39458878009018e-05,0.0,4.497043666866706,118,0.5650594329321227,-0.13885121959082752,8701.10414416753
1674,86.10815295613816,86.10815295613816,-0.00010496166799988266,0.0,4.497043666866706,118,0.5650594329321227,-0.1366175698526003,8701.10414416753
1675,86.10005753571248,86.10005753571248,-9.401898328209977e-05,0.0,4.497043666866706,118,0.5650594329321227,-0.1375894979695119,8701.10414416753
1676,86.09322836812994,86.09322836812994,-7.93197893898878e-05,0.0,4.497043666866706,118,0.5650594329321227,-0.14092743289514975,8701.10414416753
1677,86.08569796136283,86.08569796136283,-8.74718751295258e-05,0.0,4.497043666866706,118,0.5650594329321227,-0.14062159029143906,8701.10414416753
1678,86.07623757550927,86.07623757550927,-0.00010990101654672707,0.0,4.497043666866706,118,0.5650594329321227,-0.14078814017514032,8701.10414416753
1679,86.06703397100308,86.06703397100308,-0.00010692958757282352,0.0,4.497043666866706,118,0.5650594329321227,-0.13519771205290168,8701.10414416753
1680,86.05713901786773,86.05713901786773,-0.00011497459043013683,0.0,4.497043666866706,118,0.5650594329321227,-0.13983735770324507,8701.10414416753
1681,86.05402679940245,86.05402679940245,-3.616521276625827e-05,0.0,4.497043666866706,118,0.5650594329321227,-0.15303730424957523,8701.10414416753
1682,86.04536774237046,86.04536774237046,-0.00010062855900633922,0.0,4.497043666866706,118,0.5650594329321227,-0.15811943328993422,8701.10414416753
1683,86.0408595207115,86.0408595207115,-5.239491540588369e-05,0.0,4.497043666866706,118,0.5650594329321227,-0.15985847379193519,8701.10414416753
1684,86.0368065544288,86.0368065544288,-4.71062442431736e-05,0.0,4.497043666866706,118,0.5650617553749638,-0.14741541522028137,8701.057044994406
1685,86.0249896918695,86.0249896918695,-0.00013735602946936005,0.0,4.497043666866706,118,0.56507198605056,-0.1701725056229443,8700.849617618282
1686,86.0163063314434,86.0163063314434,-0.00010094507114488571,0.0,4.497043666866706,118,0.565072951235342,-0.18946168962500906,8700.830001936085
1687,86.00927795925091,86.00927795925091,-8.17131036105637e-05,0.0,4.497043666866706,118,0.565072951235342,-0.19242001078309914,8700.830001936085
1688,86.00163944390886,86.00163944390886,-8.881430856127487e-05,0.0,4.497043666866706,118,0.565072951235342,-0.19288392145947927,8700.830001936085
1689,85.99268223827296,85.99268223827296,-0.00010415699258424902,0.0,4.497043666866706,118,0.565072951235342,-0.19056831045563755,8700.830001936085
1690,85.9829873320803,85.9829873320803,-0.00011274741627290811,0.0,4.497043666866706,118,0.565072951235342,-0.16618350929588457,8700.830001936085
1691,85.97457891568388,85.97457891568388,-9.779641090070459e-05,0.0,4.497043666866706,118,0.565072951235342,-0.23211561425422986,8700.830001936085
1692,85.96738278098412,85.96738278098412,-8.370422941496457e-05,0.0,4.497043666866706,118,0.565072951235342,-0.2414369606873131,8700.830001936085
1693,85.95803813659278,85.95803813659278,-0.00010870579057679517,0.0,4.497043666866706,118,0.565072951235342,-0.24191094452123943,8700.830001936085
1694,85.94654569819572,85.94654569819572,-0.0001337071782241657,0.0,4.497043666866706,118,0.565072951235342,-0.22668502637369492,8700.830001936085
1695,85.94137871167777,85.94137871167777,-6.012041319646128e-05,0.0,4.497043666866706,118,0.565072951235342,-0.23602482231705046,8700.830001936085
1696,85.93407969009199,85.93407969009199,-8.493384288883366e-05,0.0,4.497043666866706,118,0.565072951235342,-0.23464519955798352,8700.830001936085
1697,85.92549125288902,85.92549125288902,-9.99471506067459e-05,0.0,4.497043666866706,118,0.565072951235342,-0.23868483027614862,8700.830001936085
1698,85.921243102353,85.921243102353,-4.9441155257496146e-05,0.0,4.497043666866706,118,0.565072951235342,-0.24689590910671513,8700.830001936085
1699,85.91170833975653,85.91170833975653,-0.00011097711499732388,0.0,4.497043666866706,118,0.565072951235342,-0.2394660726005489,8700.830001936085
1700,85.90224788273946,85.90224788273946,-0.00011012443033886088,0.0,4.497043666866706,118,0.565072951235342,-0.2001729900727668,8700.830001936085
1701,85.89387518343761,85.89387518343761,-9.747250588707385e-05,0.0,4.497043666866706,118,0.565072951235342,-0.20772739942852983,8700.830001936085
1702,85.89154826653841,85.89154826653841,-2.709097026532081e-05,0.0,4.497043666866706,118,0.565072951235342,-0.20877943488281356,8700.830001936085
1703,85.88123694466216,85.88123694466216,-0.00012005768988319031,0.0,4.497043666866706,118,0.565072951235342,-0.22591942766734777,8700.830001936085
1704,85.87326999336868,85.87326999336868,-9.277137981676025e-05,0.0,4.497043666866706,118,0.565072951235342,-0.21506902945606063,8700.830001936085
1705,85.86490189384301,85.86490189384301,-9.745182961171372e-05,0.0,4.497043666866706,118,0.565072951235342,-0.22045602222916272,8700.830001936085
1706,85.8581725791261,85.8581725791261,-7.837403029273813e-05,0.0,4.497043666866706,118,0.565072951235342,-0.22605154133433522,8700.830001936085
1707,85.8543406629651,85.8543406629651,-4.463176374619246e-05,0.0,4.497043666866706,118,0.565072951235342,-0.2208363534745377,8700.830001936085
1708,85.84302988118772,85.84302988118772,-0.00013175253363398635,0.0,4.497043666866706,118,0.565072951235342,-0.23059402022599718,8700.830001936085
1709,85.83799627676515,85.83799627676515,-5.863903002745787e-05,0.0,4.497043666866706,118,0.565072951235342,-0.24095733250120677,8700.830001936085
1710,85.83138752297559,85.83138752297559,-7.699397116188215e-05,0.0,4.497043666866706,118,0.565072951235342,-0.24046774175552676,8700.830001936085
1711,85.82525174383701,85.82525174383701,-7.148898134546908e-05,0.0,4.497043666866706,118,0.565072951235342,-0.24212567305008065,8700.830001936085
1712,85.82099990393108,85.82099990393108,-4.954189055667293e-05,0.0,4.497043666866706,118,0.565072951235342,-0.22066315864299038,8700.830001936085
1713,85.80423055670317,85.80423055670317,-0.00019541820554312822,0.0,4.497043666866706,118,0.565072951235342,-0.230989979209068,8700.830001936085
1714,85.7954161505337,85.7954161505337,-0.00010273221823437204,0.0,4.497043666866706,118,0.565072951235342,-0.21785175662725706,8700.830001936085
1715,85.78780545094331,85.78780545094331,-8.871146635838698e-05,0.0,4.497043666866706,118,0.565072951235342,-0.22118399325468188,8700.830001936085
1716,85.7797746719481,85.7797746719481,-9.361650954470712e-05,0.0,4.497043666866706,118,0.565072951235342,-0.2146434519632199,8700.830001936085
1717,85.77385978119582,85.77385978119582,-6.895675248706357e-05,0.0,4.497043666866706,118,0.565072951235342,-0.21280925730796116,8700.830001936085
1718,85.77053994618097,85.77053994618097,-3.870525672118162e-05,0.0,4.497043666866706,118,0.565072951235342,-0.20260017093349172,8700.830001936085
1719,85.76259779332928,85.76259779332928,-9.26019655680774e-05,0.0,4.497043666866706,118,0.565072951235342,-0.20918490353492747,8700.830001936085
1720,85.7545306014411,85.7545306014411,-9.406864456770304e-05,0.0,4.497043666866706,118,0.565072951235342,-0.17005829638666428,8700.830001936085
1721,85.74574630891796,85.74574630891796,-0.00010244056381813822,0.0,4.497043666866706,118,0.565072951235342,-0.08649453262645572,8700.830001936085
1722,85.74255928312078,85.74255928312078,-3.7169016120813224e-05,0.0,4.497043666866706,118,0.565072951235342,-0.11139373707167811,8700.830001936085
1723,85.73496617891578,85.73496617891578,-8.856092586478654e-05,0.0,4.497043666866706,118,0.565072951235342,-0.1141629497183243,8700.830001936085
1724,85.72660521500579,85.72660521500579,-9.752580532937643e-05,0.0,4.497043666866706,118,0.565072951235342,-0.11438215988121826,8700.830001936085
1725,85.72231308839417,85.72231308839417,-5.006886780026852e-05,0.0,4.497043666866706,118,0.565072951235342,-0.11649235327330969,8700.830001936085
1726,85.71575306449648,85.71575306449648,-7.652937352951171e-05,0.0,4.497043666866706,118,0.565072951235342,-0.11225655881955754,8700.830001936085
1727,85.7112670807344,85.7112670807344,-5.233695084124076e-05,0.0,4.497043666866706,118,0.565072951235342,-0.10302291636954297,8700.830001936085
1728,85.70469827255417,85.70469827255417,-7.664173135698238e-05,0.0,4.497043666866706,118,0.565072951235342,-0.10874432418046763,8700.830001936085
1729,85.69364439567748,85.69364439567748,-0.00012898464150741624,0.0,4.497043666866706,118,0.565072951235342,-0.12418096273670466,8700.830001936085
1730,85.68407641638998,85.68407641638998,-0.0001116595465512679,0.0,4.497043666866706,118,0.565072951235342,-0.07213128613379227,8700.830001936085
1731,85.67564487381145,85.67564487381145,-9.840751982849928e-05,0.0,4.497043666866706,118,0.565072951235342,-0.13267267778023792,8700.830001936085
1732,85.66784905838739,85.66784905838739,-9.099634016481433e-05,0.0,4.497043666866706,118,0.565072951235342,-0.1314763283822806,8700.830001936085
1733,85.65968556382721,85.65968556382721,-9.529693617972005e-05,0.0,4.497043666866706,118,0.565072951235342,-0.13276838087747675,8700.830001936085
1734,85.66128114782884,85.66128114782884,1.8626838644546953e-05,0.0,4.497043666866706,118,0.565072951235342,-0.12273588854481376,8700.830001936085
1735,85.65277272875686,85.65277272875686,-9.933124441860042e-05,0.0,4.497043666866706,118,0.565072951235342,-0.14279811822356242,8700.830001936085
1736,85.64804458289876,85.64804458289876,-5.520284063432398e-05,0.0,4.497043666866706,118,0.565072951235342,-0.1467936117740321,8700.830001936085
1737,85.64195660056372,85.64195660056372,-7.108391961638533e-05,0.0,4.497043666866706,118,0.5650735348440387,-0.1393008222579751,8700.818222321597
1738,85.63472339873005,85.63472339873005,-8.44621910934248e-05,0.0,4.497043666866706,118,0.565073699146949,-0.14824938655091943,8700.814906021484
1739,85.62692479721385,85.62692479721385,-9.107236329609729e-05,0.0,4.497043666866706,118,0.5650738762931109,-0.15941874721891436,8700.811330495226
1740,85.61819054973037,85.61819054973037,-0.00010200871976235396,0.0,4.497043666866706,118,0.5650740746927546,-0.13608969056910608,8700.80732599119
1741,85.60247222733894,85.60247222733894,-0.0001836031023434696,0.0,4.497043666866706,118,0.5650764534388811,-0.08912187126304823,8700.759313599056
1742,85.59223450561466,85.59223450561466,-0.0001196032509633269,0.0,4.497043666866706,118,0.5650770060730724,-0.038037779782082504,8700.748159357427
1743,85.58509658860356,85.58509658860356,-8.339792389101721e-05,0.0,4.497043666866706,118,0.5650770060730724,-0.06254411853888657,8700.748159357427
1744,85.57700561157215,85.57700561157215,-9.454168806576765e-05,0.0,4.497043666866706,118,0.5650770060730724,-0.034436774739228654,8700.748159357427
1745,85.57001573016512,85.57001573016512,-8.168277024180334e-05,0.0,4.497043666866706,118,0.5650770060730724,-0.045749552503862805,8700.748159357427
1746,85.56884081994886,85.56884081994886,-1.3730490432894161e-05,0.0,4.497043666866706,118,0.5650770060730724,-0.03414040814316534,8700.748159357427
1747,85.5578278309982,85.5578278309982,-0.00012871154511075728,0.0,4.497043666866706,118,0.5650770060730724,-0.07579096418853519,8700.748159357427
1748,85.5500300254204,85.5500300254204,-9.114491503656696e-05,0.0,4.497043666866706,118,0.5650770060730724,-0.07406486118855862,8700.748159357427
1749,85.54145756544526,85.54145756544526,-0.00010020907647744114,0.0,4.497043666866706,118,0.5650770060730724,-0.07934441946717069,8700.748159357427
1750,85.53361355570229,85.53361355570229,-9.170254552057339e-05,0.0,4.497043666866706,118,0.5650770060730724,-0.08306391206442858,8700.748159357427
1751,85.52741785842596,85.52741785842596,-7.243844173999753e-05,0.0,4.497043666866706,118,0.5650770060730724,-0.0833687126289835,8700.748159357427
1752,85.51397846002044,85.51397846002044,-0.00015714790363564106,0.0,4.497043666866706,118,0.5650770060730724,-0.09023334624140147,8700.748159357427
1753,85.505824122543,85.505824122543,-9.5361324951555e-05,0.0,4.497043666866706,118,0.5650770060730724,-0.09666719757236839,8700.748159357427
1754,85.49747485356978,85.49747485356978,-9.765038487377975e-05,0.0,4.497043666866706,118,0.5650770060730724,-0.08122191874363656,8700.748159357427
1755,85.48842925684112,85.48842925684112,-0.00010580517480866884,0.0,4.497043666866706,118,0.5650770060730724,-0.08028913232491065,8700.748159357427
1756,85.48646905815555,85.48646905815555,-2.292966634250496e-05,0.0,4.497043666866706,118,0.5650770060730724,-0.09053076515972484,8700.748159357427
1757,85.47555365138703,85.47555365138703,-0.0001276939358853708,0.0,4.497043666866706,118,0.5650770060730724,-0.1158644308685039,8700.748159357427
1758,85.46785725555999,85.46785725555999,-9.004612452049052e-05,0.0,4.497043666866706,118,0.5650770060730724,-0.10533978929153684,8700.748159357427
1759,85.45954993731733,85.45954993731733,-9.720288145273659e-05,0.0,4.497043666866706,118,0.5650770060730724,-0.11235602312513523,8700.748159357427
1760,85.45086657392339,85.45086657392339,-0.00010161303890848434,0.0,4.497043666866706,118,0.5650770060730724,-0.11396832403181906,8700.748159357427
1761,85.44495418154989,85.44495418154989,-6.919294280832838e-05,0.0,4.497043666866706,118,0.5650770060730724,-0.10901635088770331,8700.748159357427
1762,85.43128142623122,85.43128142623122,-0.00016003109267024538,0.0,4.497043666866706,118,0.5650770060730724,-0.0996317549959761,8700.748159357427
1763,85.42317147939787,85.42317147939787,-9.493398271486827e-05,0.0,4.497043666866706,118,0.5650770060730724,-0.097358316874525,8700.748159357427
1764,85.41386830792631,85.41386830792631,-0.00010891281530438727,0.0,4.497043666866706,118,0.5650770060730724,-0.09576375370022117,8700.748159357427
1765,85.40475583004826,85.40475583004826,-0.00010669185438861082,0.0,4.497043666866706,118,0.5650770060730724,-0.09002095696443009,8700.748159357427
1766,85.39781445835679,85.39781445835679,-8.127947587163523e-05,0.0,4.497043666866706,118,0.5650770060730724,-0.09838640082788284,8700.748159357427
1767,85.38455854049684,85.38455854049684,-0.00015523754183536175,0.0,4.497043666866706,118,0.5650770060730724,-0.07907529256886826,8700.748159357427
1768,85.375227096996,85.375227096996,-0.00010929322117954987,0.0,4.497043666866706,118,0.5650770060730724,-0.04916882085668201,8700.748159357427
1769,85.3668049583489,85.3668049583489,-9.865337260602444e-05,0.0,4.497043666866706,118,0.5650770060730724,-0.05432101116667549,8700.748159357427
1770,85.35764608200161,85.35764608200161,-0.0001072942545753085,0.0,4.497043666866706,118,0.5650770060730724,-0.05700528886856943,8700.748159357427
1771,85.35548183066132,85.35548183066132,-2.535541779204686e-05,0.0,4.497043666866706,118,0.5650770060730724,-0.07678839897093116,8700.748159357427
1772,85.34497129101965,85.34497129101965,-0.00012314600767306387,0.0,4.497043666866706,118,0.5650770060730724,-0.04865986591458065,8700.748159357427
1773,85.33849488582916,85.33849488582916,-7.588790336471754e-05,0.0,4.497043666866706,118,0.5650770060730724,-0.08109479860653578,8700.748159357427
1774,85.33009950982284,85.33009950982284,-9.838220139818458e-05,0.0,4.497043666866706,118,0.5650770060730724,-0.08248063982060048,8700.748159357427
1775,85.32309169051783,85.32309169051783,-8.212936728181026e-05,0.0,4.497043666866706,118,0.5650770060730724,-0.08325800947043312,8700.748159357427
1776,85.31860080534194,85.31860080534194,-5.263526294461449e-05,0.0,4.497043666866706,118,0.5650770060730724,-0.07609946595591614,8700.748159357427
1777,85.30899763335393,85.30899763335393,-0.00011256293924351057,0.0,4.497043666866706,118,0.5650770060730724,-0.10344510418139075,8700.748159357427
1778,85.30477952473412,85.30477952473412,-4.9446283775320564e-05,0.0,4.497043666866706,118,0.5650770060730724,-0.11632497071937316,8700.748159357427
1779,85.29836571122897,85.29836571122897,-7.518986240615079e-05,0.0,4.497043666866706,118,0.5650770060730724,-0.10699892442072931,8700.748159357427
1780,85.28903590297608,85.28903590297608,-0.00010938449350773866,0.0,4.497043666866706,118,0.5650770060730724,-0.11108816667869008,8700.748159357427
1781,85.28044008028324,85.28044008028324,-0.00010078969464571907,0.0,4.497043666866706,118,0.5650770060730724,-0.09968876472932141,8700.748159357427
1782,85.27195055429908,85.27195055429908,-9.955329221225297e-05,0.0,4.497043666866706,118,0.5650770060730724,-0.10505651019418033,8700.748159357427
1783,85.272366221392,85.272366221392,4.874593311312927e-06,0.0,4.497043666866706,118,0.5650770060730724,-0.10222211330993287,8700.748159357427
1784,85.26388405485822,85.26388405485822,-9.947640489379383e-05,0.0,4.497043666866706,118,0.5650770060730724,-0.1097818656118414,8700.748159357427
1785,85.25539585842841,85.25539585842841,-9.955702887251704e-05,0.0,4.497043666866706,118,0.5650770060730724,-0.1187019297003529,8700.748159357427
1786,85.24693920594142,85.24693920594142,-9.919691118292972e-05,0.0,4.497043666866706,118,0.5650770060730724,-0.12567496836429257,8700.748159357427
1787,85.4003619472912,85.4003619472912,0.0017981272677731965,0.0,4.497043666866706,118,0.5650770060730724,-0.0067266831162484325,8700.748159357427
1788,85.3912329146475,85.3912329146475,-0.00010690259857074448,0.0,4.497043666866706,118,0.5650795279704826,-0.031011116434284985,8700.689028113053
1789,85.38621630245574,85.38621630245574,-5.875028835719751e-05,0.0,4.497043666866706,118,0.565080039784611,-0.03207881640403714,8700.67744852768
1790,85.3792070320313,85.3792070320313,-8.209238488092916e-05,0.0,4.497043666866706,118,0.5650808042000046,-0.03267446207656702,8700.661269392805
1791,85.37287369212795,85.37287369212795,-7.418170108843485e-05,0.0,4.497043666866706,118,0.5650814949023686,-0.03294485807964946,8700.646650473245
1792,85.36839112620258,85.36839112620258,-5.2507118664851475e-05,0.0,4.497043666866706,118,0.5650819837641402,-0.0333183177434274,8700.636303599133
1793,85.36111168023709,85.36111168023709,-8.52746110103251e-05,0.0,4.497043666866706,118,0.5650827776518409,-0.032572081242540456,8700.619500832088
1794,85.35255397914734,85.35255397914734,-0.00010025795022161954,0.0,4.497043666866706,118,0.5650837109484428,-0.03143027558129792,8700.59974753513
1795,85.34403707016466,85.34403707016466,-9.979003022144003e-05,0.0,4.497043666866706,118,0.5650846398004956,-0.030931328114109088,8700.580088396473
1796,85.34014572045035,85.34014572045035,-4.559707468333856e-05,0.0,4.497043666866706,118,0.5650850641915598,-0.031076377355450015,8700.571106196036
1797,85.33227266185936,85.33227266185936,-9.225929615576659e-05,0.0,4.497043666866706,118,0.5650859228309493,-0.031270614501769135,8700.552933223797
1798,85.32379569980733,85.32379569980733,-9.934556843345586e-05,0.0,4.497043666866706,118,0.565086847336338,-0.03111802649564044,8700.533366292566
1799,85.31539298787241,85.31539298787241,-9.84851370465736e-05,0.0,4.497043666866706,118,0.5650877637480434,-0.031053595059590225,8700.513970749023
1800,85.3137106222169,85.3137106222169,-1.9719562723778608e-05,0.0,4.458228502698049,114,0.5808786424371748,-0.03296774703151886,8385.815702499569
1801,85.30590571071608,85.30590571071608,-9.148902891731738e-05,0.0,4.458228502698049,114,0.5808786424371748,-0.035639521977636535,8385.815702499569
1802,85.29776610745448,85.29776610745448,-9.54211967541689e-05,0.0,4.458228502698049,114,0.5808786424371748,-0.03576175925971583,8385.815702499569
1803,85.28964100191179,85.28964100191179,-9.526032063582002e-05,0.0,4.458228502698049,114,0.5808786424371748,-0.03561777801949297,8385.815702499569
1804,85.29468058148832,85.29468058148832,5.9086081665907336e-05,0.0,4.458228502698049,114,0.5808786424371748,-0.03702228190099664,8385.815702499569
1805,85.28710617171768,85.28710617171768,-8.880678201094987e-05,0.0,4.458228502698049,114,0.5808786424371748,-0.037788006942440215,8385.815702499569
1806,85.27934320500795,85.27934320500795,-9.102571746630337e-05,0.0,4.458228502698049,114,0.5808786424371748,-0.03659246222702251,8385.815702499569
1807,85.27158472414142,85.27158472414142,-9.098139735838959e-05,0.0,4.458228502698049,114,0.5808786424371748,-0.03702049037986521,8385.815702499569
1808,85.28051435004792,85.28051435004792,0.00010471434785187651,0.0,4.458228502698049,114,0.5808786424371748,-0.038854983629562356,8385.815702499569
1809,85.27021647705412,85.27021647705412,-0.00012076023311507343,0.0,4.458228502698049,114,0.5808786424371748,-0.04232155213137537,8385.815702499569
1810,85.2648733179376,85.2648733179376,-6.266345682515197e-05,0.0,4.458228502698049,114,0.5808786424371748,-0.04237298218006744,8385.815702499569
1811,85.25670989042246,85.25670989042246,-9.574656026275547e-05,0.0,4.458228502698049,114,0.5808786424371748,-0.042801359302393684,8385.815702499569
1812,85.24921093347756,85.24921093347756,-8.79612498322293e-05,0.0,4.458228502698049,114,0.5808786424371748,-0.04378175748460653,8385.815702499569
1813,85.24200125021757,85.24200125021757,-8.45754238231634e-05,0.0,4.458228502698049,114,0.5808786424371748,-0.04402356190797142,8385.815702499569
1814,85.23787636248436,85.23787636248436,-4.839149102854126e-05,0.0,4.458228502698049,114,0.5808786424371748,-0.044801427779549916,8385.815702499569
1815,85.23366470504624,85.23366470504624,-4.94118538801177e-05,0.0,4.458228502698049,114,0.5808786424371748,-0.04441937455443379,8385.815702499569
1816,85.22500150519036,85.22500150519036,-0.00010164575443345635,0.0,4.458228502698049,114,0.5808786424371748,-0.04379915098494949,8385.815702499569
1817,85.22040283668429,85.22040283668429,-5.3960604276204316e-05,0.0,4.458228502698049,114,0.5808786424371748,-0.04470686331086247,8385.815702499569
1818,85.2123066002278,85.2123066002278,-9.500801212773843e-05,0.0,4.458228502698049,114,0.5808786424371748,-0.04518014928205259,8385.815702499569
1819,85.20466148734808,85.20466148734808,-8.972243750906854e-05,0.0,4.458228502698049,114,0.5808786424371748,-0.04537357313016939,8385.815702499569
1820,85.19659412640874,85.19659412640874,-9.468663732915609e-05,0.0,4.458228502698049,114,0.5808786424371748,-0.0451641297688896,8385.815702499569
1821,85.19729813510565,85.19729813510565,8.263309060909369e-06,0.0,4.458228502698049,114,0.5808786424371748,-0.046506412179290454,8385.815702499569
1822,85.19075431766764,85.19075431766764,-7.681075459267265e-05,0.0,4.458228502698049,114,0.5808786424371748,-0.04863141791277359,8385.815702499569
1823,85.18295454792045,85.18295454792045,-9.156072030807947e-05,0.0,4.458228502698049,114,0.5808786424371748,-0.049097269347709804,8385.815702499569
1824,85.17498062246588,85.17498062246588,-9.361378385356509e-05,0.0,4.458228502698049,114,0.5808786424371748,-0.04958365842063564,8385.815702499569
1825,85.16779392138302,85.16779392138302,-8.437928883528265e-05,0.0,4.458228502698049,114,0.5808786424371748,-0.04971024040162697,8385.815702499569
1826,85.16843724537947,85.16843724537947,7.553577909329887e-06,0.0,4.458228502698049,114,0.5808786424371748,-0.05139364862661337,8385.815702499569
1827,85.16066340473492,85.16066340473492,-9.128024066675635e-05,0.0,4.458228502698049,114,0.5808786424371748,-0.05428053698486668,8385.815702499569
1828,85.15292463455098,85.15292463455098,-9.08767207402447e-05,0.0,4.458228502698049,114,0.5808786424371748,-0.05470527432450188,8385.815702499569
1829,85.14495755100982,85.14495755100982,-9.356644304354676e-05,0.0,4.458228502698049,114,0.5808786424371748,-0.0550395587167696,8385.815702499569
1830,85.1537721920415,85.1537721920415,0.00010351975088530197,0.0,4.458228502698049,114,0.5808786424371748,-0.056573953554682636,8385.815702499569
1831,85.14350261426222,85.14350261426222,-0.00012060765861823836,0.0,4.458228502698049,114,0.5808786424371748,-0.05934854138275003,8385.815702499569
1832,85.13815872162486,85.13815872162486,-6.276533359122523e-05,0.0,4.458228502698049,114,0.5808786424371748,-0.05980182790174429,8385.815702499569
1833,85.13012403990598,85.13012403990598,-9.437672823771226e-05,0.0,4.458228502698049,114,0.5808786424371748,-0.060004315273438906,8385.815702499569
1834,85.12243168355349,85.12243168355349,-9.036406325927864e-05,0.0,4.458228502698049,114,0.5808786424371748,-0.059945190037191946,8385.815702499569
1835,85.11520555681341,85.11520555681341,-8.489458455324674e-05,0.0,4.458228502698049,114,0.5808786424371748,-0.05946296641734482,8385.815702499569
1836,85.11132021496765,85.11132021496765,-4.5649076474092856e-05,0.0,4.458228502698049,114,0.5808786424371748,-0.05964719280605622,8385.815702499569
1837,85.1058287227521,85.1058287227521,-6.452337207772897e-05,0.0,4.458228502698049,114,0.5808786424371748,-0.05988901017885786,8385.815702499569
1838,85.09701075520351,85.09701075520351,-0.00010361716154107871,0.0,4.458228502698049,114,0.5808786424371748,-0.059464403485261164,8385.815702499569
1839,85.08819391571292,85.08819391571292,-0.00010361464165503885,0.0,4.458228502698049,114,0.5808786424371748,-0.0589592389868458,8385.815702499569
1840,85.0796397644054,85.0796397644054,-0.00010053781763247056,0.0,4.458228502698049,114,0.5808786424371748,-0.05908409345538163,8385.815702499569
1841,85.08778314205622,85.08778314205622,9.571018374675553e-05,0.0,4.458228502698049,114,0.5808786424371748,-0.06220688151617601,8385.815702499569
1842,85.07992754748344,85.07992754748344,-9.23276754037464e-05,0.0,4.458228502698049,114,0.5808786424371748,-0.06352149970463494,8385.815702499569
1843,85.07159431866674,85.07159431866674,-9.795068221506921e-05,0.0,4.458228502698049,114,0.5808786424371748,-0.06182805849911302,8385.815702499569
1844,85.06325917663166,85.06325917663166,-9.798276920350863e-05,0.0,4.458228502698049,114,0.5808786424371748,-0.06188338150733879,8385.815702499569
1845,85.06260967338935,85.06260967338935,-7.635561207783166e-06,0.0,4.458228502698049,114,0.5808786424371748,-0.06351101745480392,8385.815702499569
1846,85.05343042224007,85.05343042224007,-0.00010791752680138358,0.0,4.458228502698049,114,0.5808786424371748,-0.0326539652631558,8385.815702499569
1847,85.04471623228541,85.04471623228541,-0.00010246072792289627,0.0,4.458228502698049,114,0.5808786424371748,-0.27447172705258177,8385.815702499569
1848,85.03612125572884,85.03612125572884,-0.00010106931140308616,0.0,4.458228502698049,114,0.5808786424371748,-0.2659161251966763,8385.815702499569
1849,85.03045788613966,85.03045788613966,-6.66017934841397e-05,0.0,4.458228502698049,114,0.5808786424371748,-0.26580826454183215,8385.815702499569
1850,85.02022626142627,85.02022626142627,-0.00012033617832260769,0.0,4.458228502698049,114,0.5808786424371748,-0.2630258878803964,8385.815702499569
1851,85.01105674395055,85.01105674395055,-0.0001078568287263886,0.0,4.458228502698049,114,0.5808786424371748,-0.24847443924739573,8385.815702499569
1852,85.00285297867656,85.00285297867656,-9.65069892662869e-05,0.0,4.458228502698049,114,0.5808786424371748,-0.2403779422553421,8385.815702499569
1853,84.99444584112251,84.99444584112251,-9.890907231194117e-05,0.0,4.458228502698049,114,0.5808786424371748,-0.23766764472287724,8385.815702499569
1854,84.98126222048707,84.98126222048707,-0.00015512358574325608,0.0,4.458228502698049,114,0.5808786424371748,-0.21979388888943008,8385.815702499569
1855,84.97084373982808,84.97084373982808,-0.00012260490228312265,0.0,4.458228502698049,114,0.5808786424371748,-0.18853284725436803,8385.815702499569
1856,84.9622038728615,84.9622038728615,-0.00010168554139895384,0.0,4.458228502698049,114,0.5808786424371748,-0.17694524818614477,8385.815702499569
1857,84.95341714318276,84.95341714318276,-0.00010342462492884087,0.0,4.458228502698049,114,0.5808786424371748,-0.17424292535344346,8385.815702499569
1858,84.94614266299347,84.94614266299347,-8.563271384618955e-05,0.0,4.458228502698049,114,0.5808786424371748,-0.17648899964410536,8385.815702499569
1859,84.93737521336286,84.93737521336286,-0.00010321718961314199,0.0,4.458228502698049,114,0.5808786424371748,-0.1662628107911848,8385.815702499569
1860,84.93005457545073,84.93005457545073,-8.619236690358536e-05,0.0,4.458228502698049,114,0.5808786424371748,-0.16150401224223265,8385.815702499569
1861,84.92094295787693,84.92094295787693,-0.00010728953865274263,0.0,4.458228502698049,114,0.5808786424371748,-0.16055861786481568,8385.815702499569
1862,84.91806675537602,84.91806675537602,-3.38697511960394e-05,0.0,4.458228502698049,114,0.5808786424371748,-0.1699178461182945,8385.815702499569
1863,84.91053226593118,84.91053226593118,-8.873051409709543e-05,0.0,4.458228502698049,114,0.5808786424371748,-0.15684143968462902,8385.815702499569
1864,84.9057226020873,84.9057226020873,-5.664550603716882e-05,0.0,4.458228502698049,114,0.5808786424371748,-0.16570560202309892,8385.815702499569
1865,84.89760960537174,84.89760960537174,-9.555756787879483e-05,0.0,4.458228502698049,114,0.5808786424371748,-0.16923817783845133,8385.815702499569
1866,84.88592307417944,84.88592307417944,-0.00013766389503526755,0.0,4.458228502698049,114,0.5808786424371748,-0.15887751774133674,8385.815702499569
1867,84.87784445803783,84.87784445803783,-9.517479807563319e-05,0.0,4.458228502698049,114,0.5808786424371748,-0.13509807625298056,8385.815702499569
1868,84.87132385836021,84.87132385836021,-7.682629311813893e-05,0.0,4.458228502698049,114,0.5808786424371748,-0.11030180003046897,8385.815702499569
1869,84.86630592637634,84.86630592637634,-5.912574591379279e-05,0.0,4.458228502698049,114,0.5808786424371748,-0.1050843847049623,8385.815702499569
1870,84.85849327632425,84.85849327632425,-9.206256356537803e-05,0.0,4.458228502698049,114,0.5808786424371748,-0.10506476730907482,8385.815702499569
1871,84.83995515381845,84.83995515381845,-0.00021848311226221767,0.0,4.458228502698049,114,0.5808786424371748,-0.07864852058300151,8385.815702499569
1872,84.83141513665078,84.83141513665078,-0.00010066538815903238,0.0,4.458228502698049,114,0.5808786424371748,-0.059616441290406455,8385.815702499569
1873,84.82260866200245,84.82260866200245,-0.00010381686751723602,0.0,4.458228502698049,114,0.5808786424371748,-0.0558329789438382,8385.815702499569
1874,84.8149831360808,84.8149831360808,-8.990372765803674e-05,0.0,4.458228502698049,114,0.5808786424371748,-0.0635401525654409,8385.815702499569
1875,84.80964249982107,84.80964249982107,-6.297005804994516e-05,0.0,4.458228502698049,114,0.5808786424371748,-0.0603063545694114,8385.815702499569
1876,84.79890638121707,84.79890638121707,-0.00012659879102991525,0.0,4.458228502698049,114,0.5808786424371748,-0.062113149554313914,8385.815702499569
1877,84.78987029605548,84.78987029605548,-0.00010656466008155805,0.0,4.458228502698049,114,0.5808786424371748,-0.05268153302406131,8385.815702499569
1878,84.78073749853614,84.78073749853614,-0.00010771675170535714,0.0,4.458228502698049,114,0.5808786424371748,-0.04914059539921464,8385.815702499569
1879,84.77339143322098,84.77339143322098,-8.665156509067661e-05,0.0,4.458228502698049,114,0.5808786424371748,-0.04918690751175929,8385.815702499569
1880,84.76322199639081,84.76322199639081,-0.00011996744109308023,0.0,4.458228502698049,114,0.5808786424371748,-0.04171590556584616,8385.815702499569
1881,84.75880834494293,84.75880834494293,-5.207171528078826e-05,0.0,4.458228502698049,114,0.5808786424371748,-0.05960983438200732,8385.815702499569
1882,84.75143077805899,84.75143077805899,-8.704567850023839e-05,0.0,4.458228502698049,114,0.5808786424371748,-0.05953384099364484,8385.815702499569
1883,84.74672432313918,84.74672432313918,-5.5533995850383485e-05,0.0,4.458228502698049,114,0.5808786424371748,-0.059701943326798214,8385.815702499569
1884,84.74104942644733,84.74104942644733,-6.696526325670794e-05,0.0,4.458228502698049,114,0.5808786424371748,-0.055288843597554954,8385.815702499569
1885,84.728431321734,84.728431321734,-0.00014891300405167734,0.0,4.458228502698049,114,0.5808786424371748,-0.0634548639982714,8385.815702499569
1886,84.72342791987107,84.72342791987107,-5.9053962426694965e-05,0.0,4.458228502698049,114,0.5808786424371748,-0.07788974431761676,8385.815702499569
1887,84.71582534825433,84.71582534825433,-8.973802085658957e-05,0.0,4.458228502698049,114,0.5808786424371748,-0.07854539544901014,8385.815702499569
1888,84.7081278380614,84.7081278380614,-9.086684678831471e-05,0.0,4.458228502698049,114,0.5808786424371748,-0.07865336641016822,8385.815702499569
1889,84.70271983752849,84.70271983752849,-6.384479635091774e-05,0.0,4.458228502698049,114,0.5808786424371748,-0.06893720345281901,8385.815702499569
1890,84.69336845194617,84.69336845194617,-0.00011040851871199502,0.0,4.458228502698049,114,0.5808786424371748,-0.03825590171069966,8385.815702499569
1891,84.68468903050956,84.68468903050956,-0.00010248578326156878,0.0,4.458228502698049,114,0.5808786424371748,-0.02673112057589329,8385.815702499569
1892,84.67538581620143,84.67538581620143,-0.00010986313422342632,0.0,4.458228502698049,114,0.5808786424371748,-0.023027648591924313,8385.815702499569
1893,84.67353571316315,84.67353571316315,-2.1849599296438854e-05,0.0,4.458228502698049,114,0.5808786424371748,-0.03572962487178231,8385.815702499569
1894,84.66562291753586,84.66562291753586,-9.345500115907791e-05,0.0,4.458228502698049,114,0.5808786424371748,-0.038413826997837144,8385.815702499569
1895,84.65814970044255,84.65814970044255,-8.827132755916296e-05,0.0,4.458228502698049,114,0.5808786424371748,-0.040723024990313834,8385.815702499569
1896,84.6496492582613,84.6496492582613,-0.00010041406527831763,0.0,4.458228502698049,114,0.5808786424371748,-0.054319198482820436,8385.815702499569
1897,84.6488130949925,84.6488130949925,-9.877978301523898e-06,0.0,4.458228502698049,114,0.5808786424371748,-0.055571254297420034,8385.815702499569
1898,84.63695539258941,84.63695539258941,-0.0001400909542299293,0.0,4.458228502698049,114,0.5808786424371748,-0.0957005301003957,8385.815702499569
1899,84.62849279803577,84.62849279803577,-9.999199070050149e-05,0.0,4.458228502698049,114,0.5808786424371748,-0.0923920019846393,8385.815702499569
1900,84.62072702056236,84.62072702056236,-9.176736515749694e-05,0.0,4.458228502698049,114,0.5808786424371748,-0.07325151160356541,8385.815702499569
1901,84.61450271473767,84.61450271473767,-7.355803915336434e-05,0.0,4.458228502698049,114,0.5808786424371748,-0.11376352824696738,8385.815702499569
1902,84.61116002450639,84.61116002450639,-3.950571299421464e-05,0.0,4.458228502698049,114,0.5808786424371748,-0.09418894723629724,8385.815702499569
1903,84.60466218199831,84.60466218199831,-7.679946740846734e-05,0.0,4.458228502698049,114,0.5808786424371748,-0.08291855876821874,8385.815702499569
1904,84.59987469146101,84.59987469146101,-5.6588205340515046e-05,0.0,4.458228502698049,114,0.5808786424371748,-0.0659178176345832,8385.815702499569
1905,84.59367357182066,84.59367357182066,-7.330208163108927e-05,0.0,4.458228502698049,114,0.5808786424371748,-0.0424099506557623,8385.815702499569
1906,84.58061393028878,84.58061393028878,-0.00015439274786552845,0.0,4.458228502698049,114,0.5808786424371748,-0.05964932634487055,8385.815702499569
1907,84.57161771155008,84.57161771155008,-0.00010636831284885503,0.0,4.458228502698049,114,0.5808786424371748,-0.04846216600523645,8385.815702499569
1908,84.56319425048345,84.56319425048345,-9.960647339101712e-05,0.0,4.458228502698049,114,0.5808786424371748,-0.04399645552770237,8385.815702499569
1909,84.55644271407606,84.55644271407606,-7.984331721802478e-05,0.0,4.458228502698049,114,0.5808786424371748,-0.034875988472579264,8385.815702499569
1910,84.55303860145963,84.55303860145963,-4.025927571184218e-05,0.0,4.458228502698049,114,0.5808786424371748,-0.030284582466506303,8385.815702499569
1911,84.54693506355086,84.54693506355086,-7.218851403862973e-05,0.0,4.458228502698049,114,0.5808786424371748,-0.0168377934045785,8385.815702499569
1912,84.54213478321387,84.54213478321387,-5.6778126967494296e-05,0.0,4.458228502698049,114,0.5808786424371748,-0.007919458472715626,8385.815702499569
1913,84.53672682419506,84.53672682419506,-6.396966444233096e-05,0.0,4.458228502698049,114,0.5808786424371748,-0.003347118153456609,8385.815702499569
1914,84.52078456780198,84.52078456780198,-0.00018860157480218872,0.0,4.458228502698049,114,0.5808786424371748,-0.06385454492068335,8385.815702499569
1915,84.5114310957567,84.5114310957567,-0.00011067088031840286,0.0,4.458228502698049,114,0.5808786424371748,-0.043151166953337095,8385.815702499569
1916,84.50300069914651,84.50300069914651,-9.975948831894763e-05,0.0,4.458228502698049,114,0.5808786424371748,-0.042616358504512716,8385.815702499569
1917,84.49566723119952,84.49566723119952,-8.678728704087771e-05,0.0,4.458228502698049,114,0.5808786424371748,-0.04236859094795566,8385.815702499569
1918,84.48747626155607,84.48747626155607,-9.694422154267763e-05,0.0,4.458228502698049,114,0.5808786424371748,-0.041860473263357914,8385.815702499569
1919,84.48280652494326,84.48280652494326,-5.52728744604573e-05,0.0,4.458228502698049,114,0.5808786424371748,-0.04378581813779901,8385.815702499569
1920,84.47421845497684,84.47421845497684,-0.00010165981526768023,0.0,4.458228502698049,114,0.5808786424371748,-0.048352304715682554,8385.815702499569
1921,84.46496940895386,84.46496940895386,-0.00010949556641249241,0.0,4.458228502698049,114,0.5808786424371748,-0.03243224975066345,8385.815702499569
1922,84.456018534198,84.456018534198,-0.00010597705913561427,0.0,4.458228502698049,114,0.5808786424371748,-0.031077513740055903,8385.815702499569
1923,84.4525649398744,84.4525649398744,-4.089305887289077e-05,0.0,4.458228502698049,114,0.5808786424371748,-0.04056305570617555,8385.815702499569
1924,84.44075798345813,84.44075798345813,-0.00013981555020829806,0.0,4.458228502698049,114,0.5808786424371748,-0.0696710703263608,8385.815702499569
1925,84.43225124941179,84.43225124941179,-0.00010074711278222804,0.0,4.458228502698049,114,0.5808786424371748,-0.0662105312568991,8385.815702499569
1926,84.42354062338575,84.42354062338575,-0.00010317236900387076,0.0,4.458228502698049,114,0.5808786424371748,-0.06912682667573752,8385.815702499569
1927,84.4154236446453,84.4154236446453,-9.615053944322455e-05,0.0,4.458228502698049,114,0.5808786424371748,-0.06751997937591382,8385.815702499569
1928,84.4143021123684,84.4143021123684,-1.3285957456628923e-05,0.0,4.458228502698049,114,0.5808786424371748,-0.07259595449029947,8385.815702499569
1929,84.40592463416748,84.40592463416748,-9.924732799209531e-05,0.0,4.458228502698049,114,0.5808786424371748,-0.08167862663178135,8385.815702499569
1930,84.39836341082733,84.39836341082733,-8.958567857219766e-05,0.0,4.458228502698049,114,0.5808786424371748,-0.08409039992820137,8385.815702499569
1931,84.38917120342795,84.38917120342795,-0.00010892045350944787,0.0,4.458228502698049,114,0.5808786424371748,-0.12958653601638595,8385.815702499569
1932,84.38537921481566,84.38537921481566,-4.4935549862574624e-05,0.0,4.458228502698049,114,0.5808786424371748,-0.14266599013309025,8385.815702499569
1933,84.3761180775963,84.3761180775963,-0.00010975414863262131,0.0,4.458228502698049,114,0.5808786424371748,-0.15684637745506386,8385.815702499569
1934,84.36714256055474,84.36714256055474,-0.00010638074689419061,0.0,4.458228502698049,114,0.5808786424371748,-0.1493984052112638,8385.815702499569
1935,84.35821498169057,84.35821498169057,-0.00010582379557586013,0.0,4.458228502698049,114,0.5808786424371748,-0.13060245815546018,8385.815702499569
1936,84.36093964329142,84.36093964329142,3.229818934477366e-05,0.0,4.458228502698049,114,0.5808786424371748,-0.1455651633208629,8385.815702499569
1937,84.35026246378038,84.35026246378038,-0.00012657345086676064,0.0,4.458228502698049,114,0.5808786424371748,-0.2081508000511142,8385.815702499569
1938,84.34169094329089,84.34169094329089,-0.00010162334745382211,0.0,4.458228502698049,114,0.5808786424371748,-0.2012737056376647,8385.815702499569
1939,84.33389611731809,84.33389611731809,-9.242387845424617e-05,0.0,4.458228502698049,114,0.5808786424371748,-0.20008634639847064,8385.815702499569
1940,84.32655803198465,84.32655803198465,-8.701607469377154e-05,0.0,4.458228502698049,114,0.5808786424371748,-0.18831676633961625,8385.815702499569
1941,84.31923013280775,84.31923013280775,-8.690284247544275e-05,0.0,4.458228502698049,114,0.5808786424371748,-0.19098564460469594,8385.815702499569
1942,84.31820353410075,84.31820353410075,-1.2175217384337833e-05,0.0,4.458228502698049,114,0.5808786424371748,-0.178092179929713,8385.815702499569
1943,84.30713149630931,84.30713149630931,-0.00013132116600808616,0.0,4.458228502698049,114,0.5808786424371748,-0.2228905534757016,8385.815702499569
1944,84.29824369468403,84.29824369468403,-0.00010542726319891621,0.0,4.458228502698049,114,0.5808786424371748,-0.19823669072500497,8385.815702499569
1945,84.28997866258963,84.28997866258963,-9.804993475178589e-05,0.0,4.458228502698049,114,0.5808786424371748,-0.1837254879615746,8385.815702499569
1946,84.2824078058321,84.2824078058321,-8.982321388734376e-05,0.0,4.458228502698049,114,0.5808786424371748,-0.18401607324135977,8385.815702499569
1947,84.27466295139226,84.27466295139226,-9.18959306837855e-05,0.0,4.458228502698049,114,0.5808786424371748,-0.18393434034005554,8385.815702499569
1948,84.2712848433929,84.2712848433929,-4.008530663595526e-05,0.0,4.458228502698049,114,0.5808786424371748,-0.18063302852871488,8385.815702499569
1949,84.25899627307392,84.25899627307392,-0.00014583219418324553,0.0,4.458228502698049,114,0.5808786424371748,-0.200368106145479,8385.815702499569
1950,84.25010586126429,84.25010586126429,-0.0001055184759193925,0.0,4.458228502698049,114,0.5808786424371748,-0.1925378263746335,8385.815702499569
1951,84.2417096414248,84.2417096414248,-9.966323671423979e-05,0.0,4.458228502698049,114,0.5808786424371748,-0.1941082235739092,8385.815702499569
1952,84.23296742384282,84.23296742384282,-0.00010378079058658234,0.0,4.458228502698049,114,0.5808786424371748,-0.17477553591931602,8385.815702499569
1953,84.23237229556003,84.23237229556003,-7.065290507717619e-06,0.0,4.458228502698049,114,0.5808786424371748,-0.18089054771896293,8385.815702499569
1954,84.22263673093697,84.22263673093697,-0.00011558652592359542,0.0,4.458228502698049,114,0.5808786424371748,-0.2055078796834939,8385.815702499569
1955,84.21412179434566,84.21412179434566,-0.00010110544364675613,0.0,4.458228502698049,114,0.5808786424371748,-0.2007664239362733,8385.815702499569
1956,84.20647704066967,84.20647704066967,-9.078169456842732e-05,0.0,4.458228502698049,114,0.5808786424371748,-0.18914651175308478,8385.815702499569
1957,84.19947384574884,84.19947384574884,-8.317039734046875e-05,0.0,4.458228502698049,114,0.5808786424371748,-0.15363879818523346,8385.815702499569
1958,84.19375624052944,84.19375624052944,-6.790778012479499e-05,0.0,4.458228502698049,114,0.5808786424371748,-0.16496806791812216,8385.815702499569
1959,84.18557720775885,84.18557720775885,-9.715007904494996e-05,0.0,4.458228502698049,114,0.5808786424371748,-0.16818237011623385,8385.815702499569
1960,84.1706648055846,84.1706648055846,-0.00017715294704755282,0.0,4.458228502698049,114,0.5808786424371748,-0.14232670172512848,8385.815702499569
1961,84.16110176326337,84.16110176326337,-0.00011362136246091503,0.0,4.458228502698049,114,0.5808786424371748,-0.1258671809321415,8385.815702499569
1962,84.15317447193077,84.15317447193077,-9.419630367412513e-05,0.0,4.458228502698049,114,0.5808786424371748,-0.13654132132557248,8385.815702499569
1963,84.14430653059071,84.14430653059071,-0.00010538412453281846,0.0,4.458228502698049,114,0.5808786424371748,-0.14158442883143113,8385.815702499569
1964,84.14041597647058,84.14041597647058,-4.623775780548585e-05,0.0,4.458228502698049,114,0.5808786424371748,-0.1547777826065078,8385.815702499569
1965,84.12958856241478,84.12958856241478,-0.00012869095832509833,0.0,4.458228502698049,114,0.5808786424371748,-0.1590368084548772,8385.815702499569
1966,84.12091015782384,84.12091015782384,-0.00010316052153957465,0.0,4.458228502698049,114,0.5808786424371748,-0.17324320927514245,8385.815702499569
1967,84.11342662989135,84.11342662989135,-8.896552368934829e-05,0.0,4.458228502698049,114,0.5808786424371748,-0.17577382123800356,8385.815702499569
1968,84.10519194830198,84.10519194830198,-9.790452050493697e-05,0.0,4.458228502698049,114,0.5808786424371748,-0.17479678042868382,8385.815702499569
1969,84.10260602456893,84.10260602456893,-3.074677588580901e-05,0.0,4.458228502698049,114,0.5808786424371748,-0.17865807180563406,8385.815702499569
1970,84.09226080001837,84.09226080001837,-0.0001230147478209694,0.0,4.458228502698049,114,0.5808786424371748,-0.21638524184747251,8385.815702499569
1971,84.08710130407324,84.08710130407324,-6.135706405581302e-05,0.0,4.458228502698049,114,0.5808786424371748,-0.2337490568577844,8385.815702499569
1972,84.07827974075518,84.07827974075518,-0.0001049153312215443,0.0,4.458228502698049,114,0.5808786424371748,-0.25303317941332665,8385.815702499569
1973,84.06959171217774,84.06959171217774,-0.0001033379549808676,0.0,4.458228502698049,114,0.5808786424371748,-0.2203596024889867,8385.815702499569
1974,84.06330375632132,84.06330375632132,-7.479744926579223e-05,0.0,4.458228502698049,114,0.5808786424371748,-0.27705478028044417,8385.815702499569
1975,84.05637601595012,84.05637601595012,-8.241438937427748e-05,0.0,4.458228502698049,114,0.5808786424371748,-0.27943346578720035,8385.815702499569
1976,84.04986298434656,84.04986298434656,-7.748708965887018e-05,0.0,4.458228502698049,114,0.5808786424371748,-0.2775630156978946,8385.815702499569
1977,84.02563928808921,84.02563928808921,-0.00028824779456324364,0.0,4.458228502698049,114,0.5808786424371748,-0.20310509003586583,8385.815702499569
1978,84.01542602068052,84.01542602068052,-0.00012155680401690259,0.0,4.458228502698049,114,0.5808786424371748,-0.1512207168826183,8385.815702499569
1979,84.00708876506648,84.00708876506648,-9.923974333456697e-05,0.0,4.458228502698049,114,0.5808786424371748,-0.1490853429859007,8385.815702499569
1980,83.99928508800922,83.99928508800922,-9.289739292520542e-05,0.0,4.458228502698049,114,0.5808786424371748,-0.15028509498851325,8385.815702499569
1981,83.99397028347579,83.99397028347579,-6.327402279871123e-05,0.0,4.458228502698049,114,0.5808786424371748,-0.15095555683867268,8385.815702499569
1982,83.98695092044242,83.98695092044242,-8.357333662823159e-05,0.0,4.458228502698049,114,0.5808786424371748,-0.14242114417625254,8385.815702499569
1983,83.98008286829534,83.98008286829534,-8.177857280674668e-05,0.0,4.458228502698049,114,0.5808786424371748,-0.12267231706882975,8385.815702499569
1984,83.97516479578255,83.97516479578255,-5.85640827851916e-05,0.0,4.458228502698049,114,0.5808786424371748,-0.12383763823230935,8385.815702499569
1985,83.9677373279993,83.9677373279993,-8.845229770552142e-05,0.0,4.458228502698049,114,0.5808786424371748,-0.12367479150085726,8385.815702499569
1986,83.9578204987416,83.9578204987416,-0.00011810982673004845,0.0,4.458228502698049,114,0.5808786424371748,-0.12428104870494397,8385.815702499569
1987,83.94877090063082,83.94877090063082,-0.00010779324437617104,0.0,4.458228502698049,114,0.5808786424371748,-0.1176148284817311,8385.815702499569
1988,83.94050319214574,83.94050319214574,-9.849001416486782e-05,0.0,4.458228502698049,114,0.5808786424371748,-0.11969014010686162,8385.815702499569
1989,83.93374098609154,83.93374098609154,-8.05627580450068e-05,0.0,4.458228502698049,114,0.5808786424371748,-0.11991031939999047,8385.815702499569
1990,83.92330922327413,83.92330922327413,-0.00012429341297036625,0.0,4.458228502698049,114,0.5808786424371748,-0.1220434596304153,8385.815702499569
1991,83.9143003593241,83.9143003593241,-0.00010735214808036229,0.0,4.458228502698049,114,0.5808786424371748,-0.11122930154682974,8385.815702499569
1992,83.90476040666206,83.90476040666206,-0.00011369331503549491,0.0,4.458228502698049,114,0.5808786424371748,-0.10379205930055381,8385.815702499569
1993,83.89781364064135,83.89781364064135,-8.279689467366564e-05,0.0,4.458228502698049,114,0.5808786424371748,-0.10782551007609106,8385.815702499569
1994,83.88899078059407,83.88899078059407,-0.00010516750808674668,0.0,4.458228502698049,114,0.5808786424371748,-0.11034424420305022,8385.815702499569
1995,83.87915310242114,83.87915310242114,-0.00011727707008622125,0.0,4.458228502698049,114,0.5808786424371748,-0.09406935198740347,8385.815702499569
1996,83.87067491390074,83.87067491390074,-0.0001010813379407934,0.0,4.458228502698049,114,0.5808786424371748,-0.06611044325973994,8385.815702499569
1997,83.86282319624945,83.86282319624945,-9.36213427310434e-05,0.0,4.458228502698049,114,0.5808786424371748,-0.06872663962936353,8385.815702499569
1998,83.84453710450437,83.84453710450437,-0.00021807142852595842,0.0,4.458228502698049,114,0.5808786424371748,-0.062144202084589484,8385.815702499569
1999,83.83365629317295,83.83365629317295,-0.0001297820679745037,0.0,4.458228502698049,114,0.5808786424371748,-0.02519141677767202,8385.815702499569
